run_id,timestamp,kp,ki,kd,temp,temp_ref,temp_raw,temp_u,temp_u_p,temp_u_i,temp_u_d,sq_error,mae,start_temp
run_1777424838_3cb5c6c9,1777425320.599793,7.0,966.0,1.0,24.838809967041016,0.0,21.443660736083984,-100.0,-100.0,0.0,0.07608629018068314,616.9664805787761,24.838809967041016,24.838809967041016
run_1777424838_3cb5c6c9,1777425322.7045836,7.0,966.0,1.0,24.838809967041016,0.0,21.443660736083984,-100.0,-100.0,0.0,0.06882845610380173,616.9664805787761,24.838809967041016,24.838809967041016
run_1777424838_3cb5c6c9,1777425324.684344,7.0,966.0,1.0,24.749921798706055,0.0,21.34366226196289,-100.0,-100.0,0.0,0.12754316627979279,612.5586290420651,24.749921798706055,24.838809967041016
run_1777424838_3cb5c6c9,1777425326.7016246,7.0,966.0,1.0,24.705448150634766,0.0,21.293630599975586,-100.0,-100.0,0.0,0.14559070765972137,610.3591683237028,24.705448150634766,24.838809967041016
run_1777424838_3cb5c6c9,1777425328.7154467,7.0,966.0,1.0,24.616539001464844,0.0,21.193607330322266,-100.0,-100.0,0.0,0.1921539455652237,605.9739924106398,24.616539001464844,24.838809967041016
run_1777424838_3cb5c6c9,1777425330.6861317,7.0,966.0,1.0,24.57208251953125,0.0,21.143592834472656,-100.0,-100.0,0.0,0.20402660965919495,603.7872393466532,24.57208251953125,24.838809967041016
run_1777424838_3cb5c6c9,1777425332.6972382,7.0,966.0,1.0,24.394285202026367,0.0,20.943571090698242,-100.0,-100.0,0.0,0.3066256046295166,595.0811505178026,24.394285202026367,24.838809967041016
run_1777424838_3cb5c6c9,1777425334.6908972,7.0,966.0,1.0,24.34983253479004,0.0,20.89356231689453,-100.0,-100.0,0.0,0.3075762987136841,592.9143444723195,24.34983253479004,24.838809967041016
run_1777424838_3cb5c6c9,1777425336.696455,7.0,966.0,1.0,24.172046661376953,0.0,20.693553924560547,-100.0,-100.0,0.0,0.40029120445251465,584.2878397997847,24.172046661376953,24.838809967041016
run_1777424838_3cb5c6c9,1777425338.6950407,7.0,966.0,1.0,24.127613067626953,0.0,20.643566131591797,-100.0,-100.0,0.0,0.3922942578792572,582.1417123411229,24.127613067626953,24.838809967041016
run_1777424838_3cb5c6c9,1777425340.685367,7.0,966.0,1.0,23.994287490844727,0.0,20.493574142456055,-100.0,-100.0,0.0,0.44732120633125305,575.7258321933077,23.994287490844727,24.838809967041016
run_1777424838_3cb5c6c9,1777425342.6914444,7.0,966.0,1.0,23.905399322509766,0.0,20.393573760986328,-100.0,-100.0,0.0,0.46503889560699463,571.4681167686504,23.905399322509766,24.838809967041016
run_1777424838_3cb5c6c9,1777425344.694853,7.0,966.0,1.0,23.772083282470703,0.0,20.243593215942383,-100.0,-100.0,0.0,0.5131201148033142,565.1119435887231,23.772083282470703,24.838809967041016
run_1777424838_3cb5c6c9,1777425346.709426,7.0,966.0,1.0,23.72765350341797,0.0,20.19361114501953,-100.0,-100.0,0.0,0.49435779452323914,563.001540778263,23.72765350341797,24.838809967041016
run_1777424838_3cb5c6c9,1777425348.6876676,7.0,966.0,1.0,23.59433364868164,0.0,20.043624877929688,-100.0,-100.0,0.0,0.5378113389015198,556.6925803253107,23.59433364868164,24.838809967041016
run_1777424838_3cb5c6c9,1777425350.6844242,7.0,966.0,1.0,23.549909591674805,0.0,19.993648529052734,-100.0,-100.0,0.0,0.517301082611084,554.598241776057,23.549909591674805,24.838809967041016
run_1777424838_3cb5c6c9,1777425352.6949942,7.0,966.0,1.0,23.416608810424805,0.0,19.843685150146484,-100.0,-100.0,0.0,0.5585525631904602,548.3375681804646,23.416608810424805,24.838809967041016
run_1777424838_3cb5c6c9,1777425354.691517,7.0,966.0,1.0,23.37218475341797,0.0,19.79370880126953,-100.0,-100.0,0.0,0.5360638499259949,546.2590201479034,23.37218475341797,24.838809967041016
run_1777424838_3cb5c6c9,1777425356.6937828,7.0,966.0,1.0,23.23885154724121,0.0,19.643707275390625,-100.0,-100.0,0.0,0.5773821473121643,540.0442212347152,23.23885154724121,24.838809967041016
run_1777424838_3cb5c6c9,1777425358.7148612,7.0,966.0,1.0,23.194446563720703,0.0,19.593751907348633,-100.0,-100.0,0.0,0.5530840158462524,537.9823513972951,23.194446563720703,24.838809967041016
run_1777424838_3cb5c6c9,1777425360.6912687,7.0,966.0,1.0,23.10558319091797,0.0,19.4937801361084,-100.0,-100.0,0.0,0.5613312721252441,533.867974592431,23.10558319091797,24.838809967041016
run_1777424838_3cb5c6c9,1777425362.6904943,7.0,966.0,1.0,23.061176300048828,0.0,19.443824768066406,-100.0,-100.0,0.0,0.5385655164718628,531.8178523419338,23.061176300048828,24.838809967041016
run_1777424838_3cb5c6c9,1777425364.6846917,7.0,966.0,1.0,22.97231674194336,0.0,19.343856811523438,-100.0,-100.0,0.0,0.5500300526618958,527.7273364921712,22.97231674194336,24.838809967041016
run_1777424838_3cb5c6c9,1777425366.6886394,7.0,966.0,1.0,22.927886962890625,0.0,19.293872833251953,-100.0,-100.0,0.0,0.5283582210540771,525.6880005830899,22.927886962890625,24.838809967041016
run_1777424838_3cb5c6c9,1777425368.6962633,7.0,966.0,1.0,22.83904266357422,0.0,19.19392204284668,-100.0,-100.0,0.0,0.5389520525932312,521.6218697885633,22.83904266357422,24.838809967041016
run_1777424838_3cb5c6c9,1777425370.6851,7.0,966.0,1.0,22.794599533081055,0.0,19.143924713134766,-100.0,-100.0,0.0,0.5183461904525757,519.593767873539,22.794599533081055,24.838809967041016
run_1777424838_3cb5c6c9,1777425372.693552,7.0,966.0,1.0,22.705760955810547,0.0,19.043981552124023,-100.0,-100.0,0.0,0.5298900604248047,515.5515805824107,22.705760955810547,24.838809967041016
run_1777424838_3cb5c6c9,1777425374.698633,7.0,966.0,1.0,22.66132354736328,0.0,18.993988037109375,-100.0,-100.0,0.0,0.5101447105407715,513.5355849182815,22.66132354736328,24.838809967041016
run_1777424838_3cb5c6c9,1777425376.6964505,7.0,966.0,1.0,22.61692237854004,0.0,18.94403839111328,-100.0,-100.0,0.0,0.49104803800582886,511.5251778769052,22.61692237854004,24.838809967041016
run_1777424838_3cb5c6c9,1777425378.689586,7.0,966.0,1.0,22.572484970092773,0.0,18.894044876098633,-100.0,-100.0,0.0,0.47500789165496826,509.51707772506415,22.572484970092773,24.838809967041016
run_1777424838_3cb5c6c9,1777425380.6924596,7.0,966.0,1.0,22.48368263244629,0.0,18.794143676757812,-100.0,-100.0,0.0,0.4906613230705261,505.5159847165669,22.48368263244629,24.838809967041016
run_1777424838_3cb5c6c9,1777425382.688436,7.0,966.0,1.0,22.439247131347656,0.0,18.744152069091797,-100.0,-100.0,0.0,0.47465670108795166,503.519811821694,22.439247131347656,24.838809967041016
run_1777424838_3cb5c6c9,1777425384.6896763,7.0,966.0,1.0,22.394840240478516,0.0,18.694194793701172,-100.0,-100.0,0.0,0.4589490592479706,501.5288693965558,22.394840240478516,24.838809967041016
run_1777424838_3cb5c6c9,1777425386.7180228,7.0,966.0,1.0,22.350419998168945,0.0,18.644222259521484,-100.0,-100.0,0.0,0.44595882296562195,499.5412740945503,22.350419998168945,24.838809967041016
run_1777424838_3cb5c6c9,1777425388.6956325,7.0,966.0,1.0,22.350419998168945,0.0,18.644222259521484,-100.0,-100.0,0.0,0.4034190773963928,499.5412740945503,22.350419998168945,24.838809967041016
run_1777424838_3cb5c6c9,1777425390.6958756,7.0,966.0,1.0,22.261592864990234,0.0,18.54429054260254,-100.0,-100.0,0.0,0.4247070848941803,495.5785168865841,22.261592864990234,24.838809967041016
run_1777424838_3cb5c6c9,1777425392.6963723,7.0,966.0,1.0,22.217159271240234,0.0,18.49430274963379,-100.0,-100.0,0.0,0.41378188133239746,493.6021660836559,22.217159271240234,24.838809967041016
run_1777424838_3cb5c6c9,1777425394.6964293,7.0,966.0,1.0,22.172725677490234,0.0,18.44431495666504,-100.0,-100.0,0.0,0.4051094055175781,491.6297639692348,22.172725677490234,24.838809967041016
run_1777424838_3cb5c6c9,1777425396.685339,7.0,966.0,1.0,22.172725677490234,0.0,18.44431495666504,-100.0,-100.0,0.0,0.3664661645889282,491.6297639692348,22.172725677490234,24.838809967041016
run_1777424838_3cb5c6c9,1777425398.6854713,7.0,966.0,1.0,22.12833595275879,0.0,18.394378662109375,-100.0,-100.0,0.0,0.3604806065559387,489.6632520381572,22.12833595275879,24.838809967041016
run_1777424838_3cb5c6c9,1777425400.707262,7.0,966.0,1.0,22.083904266357422,0.0,18.344392776489258,-100.0,-100.0,0.0,0.35568058490753174,487.69882764563954,22.083904266357422,24.838809967041016
run_1777424838_3cb5c6c9,1777425402.6993208,7.0,966.0,1.0,22.03950309753418,0.0,18.29444122314453,-100.0,-100.0,0.0,0.35073134303092957,485.7396967862187,22.03950309753418,24.838809967041016
run_1777424838_3cb5c6c9,1777425404.7042654,7.0,966.0,1.0,21.995086669921875,0.0,18.24447250366211,-100.0,-100.0,0.0,0.34745025634765625,483.78383761737496,21.995086669921875,24.838809967041016
run_1777424838_3cb5c6c9,1777425406.6955748,7.0,966.0,1.0,21.950687408447266,0.0,18.194522857666016,-100.0,-100.0,0.0,0.3450813591480255,481.83267770336533,21.950687408447266,24.838809967041016
run_1777424838_3cb5c6c9,1777425408.6963549,7.0,966.0,1.0,21.90630340576172,0.0,18.144590377807617,-100.0,-100.0,0.0,0.3423170745372772,479.8861289052875,21.90630340576172,24.838809967041016
run_1777424838_3cb5c6c9,1777425410.6930885,7.0,966.0,1.0,21.90630340576172,0.0,18.144590377807617,-100.0,-100.0,0.0,0.3096635937690735,479.8861289052875,21.90630340576172,24.838809967041016
run_1777424838_3cb5c6c9,1777425412.6974673,7.0,966.0,1.0,21.86184310913086,0.0,18.094573974609375,-100.0,-100.0,0.0,0.3103296160697937,477.94018412825244,21.86184310913086,24.838809967041016
run_1777424838_3cb5c6c9,1777425414.682883,7.0,966.0,1.0,21.86184310913086,0.0,18.094573974609375,-100.0,-100.0,0.0,0.27893105149269104,477.94018412825244,21.86184310913086,24.838809967041016
run_1777424838_3cb5c6c9,1777425416.6849916,7.0,966.0,1.0,21.77306365966797,0.0,17.99469566345215,-100.0,-100.0,0.0,0.31263747811317444,474.0663011279539,21.77306365966797,24.838809967041016
run_1777424838_3cb5c6c9,1777425418.6832826,7.0,966.0,1.0,21.77306365966797,0.0,17.99469566345215,-100.0,-100.0,0.0,0.282815158367157,474.0663011279539,21.77306365966797,24.838809967041016
run_1777424838_3cb5c6c9,1777425420.6964443,7.0,966.0,1.0,21.7286376953125,0.0,17.944717407226562,-100.0,-100.0,0.0,0.2860189974308014,472.1336960941553,21.7286376953125,24.838809967041016
run_1777424838_3cb5c6c9,1777425422.695852,7.0,966.0,1.0,21.684242248535156,0.0,17.894771575927734,-100.0,-100.0,0.0,0.28950726985931396,470.206361893157,21.684242248535156,24.838809967041016
run_1777424838_3cb5c6c9,1777425424.6921608,7.0,966.0,1.0,21.7286376953125,0.0,17.944717407226562,-100.0,-100.0,0.0,0.23173072934150696,472.1336960941553,21.7286376953125,24.838809967041016
run_1777424838_3cb5c6c9,1777425426.6953597,7.0,966.0,1.0,21.639829635620117,0.0,17.84480857849121,-100.0,-100.0,0.0,0.2675875425338745,468.2822266586627,21.639829635620117,24.838809967041016
run_1777424838_3cb5c6c9,1777425428.6887941,7.0,966.0,1.0,21.59540557861328,0.0,17.794830322265625,-100.0,-100.0,0.0,0.27224260568618774,466.36154210480163,21.59540557861328,24.838809967041016
run_1777424838_3cb5c6c9,1777425430.6927586,7.0,966.0,1.0,21.551025390625,0.0,17.744903564453125,-100.0,-100.0,0.0,0.27523866295814514,464.44669538736343,21.551025390625,24.838809967041016
run_1777424838_3cb5c6c9,1777425432.6852322,7.0,966.0,1.0,21.506603240966797,0.0,17.694929122924805,-100.0,-100.0,0.0,0.27916255593299866,462.53398296436353,21.506603240966797,24.838809967041016
run_1777424838_3cb5c6c9,1777425434.6892796,7.0,966.0,1.0,21.46221160888672,0.0,17.644987106323242,-100.0,-100.0,0.0,0.28330227732658386,460.62652714463184,21.46221160888672,24.838809967041016
run_1777424838_3cb5c6c9,1777425436.684866,7.0,966.0,1.0,21.417802810668945,0.0,17.595027923583984,-100.0,-100.0,0.0,0.2864479422569275,458.7222772366986,21.417802810668945,24.838809967041016
run_1777424838_3cb5c6c9,1777425438.6818068,7.0,966.0,1.0,21.373382568359375,0.0,17.545055389404297,-100.0,-100.0,0.0,0.2905360758304596,456.8214824134484,21.373382568359375,24.838809967041016
run_1777424838_3cb5c6c9,1777425440.6878905,7.0,966.0,1.0,21.329004287719727,0.0,17.49513053894043,-100.0,-100.0,0.0,0.29297104477882385,454.9264239055665,21.329004287719727,24.838809967041016
run_1777424838_3cb5c6c9,1777425442.6875842,7.0,966.0,1.0,21.240196228027344,0.0,17.395221710205078,-100.0,-100.0,0.0,0.3254055082798004,451.145935805107,21.240196228027344,24.838809967041016
run_1777424838_3cb5c6c9,1777425444.6856802,7.0,966.0,1.0,21.195819854736328,0.0,17.345298767089844,-100.0,-100.0,0.0,0.3245129883289337,449.26277931443474,21.195819854736328,24.838809967041016
run_1777424838_3cb5c6c9,1777425446.7024808,7.0,966.0,1.0,21.107013702392578,0.0,17.245391845703125,-100.0,-100.0,0.0,0.35393744707107544,445.50602743298805,21.107013702392578,24.838809967041016
run_1777424838_3cb5c6c9,1777425448.6935549,7.0,966.0,1.0,21.06261444091797,0.0,17.19544219970703,-100.0,-100.0,0.0,0.3503388464450836,443.63372708676616,21.06261444091797,24.838809967041016
run_1777424838_3cb5c6c9,1777425450.682924,7.0,966.0,1.0,20.973798751831055,0.0,17.095523834228516,-100.0,-100.0,0.0,0.3748866617679596,439.9002340823099,20.973798751831055,24.838809967041016
run_1777424838_3cb5c6c9,1777425452.6855464,7.0,966.0,1.0,20.885013580322266,0.0,16.995641708374023,-100.0,-100.0,0.0,0.3994438350200653,436.18379225024546,20.885013580322266,24.838809967041016
run_1777424838_3cb5c6c9,1777425454.683277,7.0,966.0,1.0,20.751853942871094,0.0,16.845834732055664,-100.0,-100.0,0.0,0.45550623536109924,430.63944206625456,20.751853942871094,24.838809967041016
run_1777424838_3cb5c6c9,1777425456.684961,7.0,966.0,1.0,20.663061141967773,0.0,16.745943069458008,-100.0,-100.0,0.0,0.47237837314605713,426.96209575669855,20.663061141967773,24.838809967041016
run_1777424838_3cb5c6c9,1777425458.690111,7.0,966.0,1.0,20.57428741455078,0.0,16.646072387695312,-100.0,-100.0,0.0,0.488264262676239,423.30130261654267,20.57428741455078,24.838809967041016
run_1777424838_3cb5c6c9,1777425460.6934197,7.0,966.0,1.0,20.48548698425293,0.0,16.546173095703125,-100.0,-100.0,0.0,0.5020168423652649,419.6551769819962,20.48548698425293,24.838809967041016
run_1777424838_3cb5c6c9,1777425462.6941135,7.0,966.0,1.0,20.35234260559082,0.0,16.396385192871094,-100.0,-100.0,0.0,0.5464518666267395,414.21784953534734,20.35234260559082,24.838809967041016
run_1777424838_3cb5c6c9,1777425464.6844332,7.0,966.0,1.0,20.307950973510742,0.0,16.346445083618164,-100.0,-100.0,0.0,0.5244842171669006,412.4128727425159,20.307950973510742,24.838809967041016
run_1777424838_3cb5c6c9,1777425466.7064376,7.0,966.0,1.0,20.17481231689453,0.0,16.196664810180664,-100.0,-100.0,0.0,0.5649394989013672,407.0230520219193,20.17481231689453,24.838809967041016
run_1777424838_3cb5c6c9,1777425468.6915786,7.0,966.0,1.0,20.086040496826172,0.0,16.09679412841797,-100.0,-100.0,0.0,0.5713585019111633,403.44902284014097,20.086040496826172,24.838809967041016
run_1777424838_3cb5c6c9,1777425470.6882384,7.0,966.0,1.0,19.952898025512695,0.0,15.947010040283203,-100.0,-100.0,0.0,0.6073446869850159,398.1181396165084,19.952898025512695,24.838809967041016
run_1777424838_3cb5c6c9,1777425472.6938934,7.0,966.0,1.0,19.864131927490234,0.0,15.847146987915039,-100.0,-100.0,0.0,0.6097148656845093,394.5837372327369,19.864131927490234,24.838809967041016
run_1777424838_3cb5c6c9,1777425474.6938443,7.0,966.0,1.0,19.730985641479492,0.0,15.697358131408691,-100.0,-100.0,0.0,0.6420464515686035,389.3117943842699,19.730985641479492,24.838809967041016
run_1777424838_3cb5c6c9,1777425476.6852896,7.0,966.0,1.0,19.597858428955078,0.0,15.547592163085938,-100.0,-100.0,0.0,0.6712439060211182,384.0760550013656,19.597858428955078,24.838809967041016
run_1777424838_3cb5c6c9,1777425478.694856,7.0,966.0,1.0,19.46475601196289,0.0,15.397850036621094,-100.0,-100.0,0.0,0.6995076537132263,378.8767266052455,19.46475601196289,24.838809967041016
run_1777424838_3cb5c6c9,1777425480.6802697,7.0,966.0,1.0,19.420364379882812,0.0,15.347909927368164,-100.0,-100.0,0.0,0.6629400253295898,377.15055264742114,19.420364379882812,24.838809967041016
run_1777424838_3cb5c6c9,1777425482.688108,7.0,966.0,1.0,19.24289321899414,0.0,15.148255348205566,-100.0,-100.0,0.0,0.7197085022926331,370.2889394376107,19.24289321899414,24.838809967041016
run_1777424838_3cb5c6c9,1777425484.7075663,7.0,966.0,1.0,19.10977554321289,0.0,14.998497009277344,-100.0,-100.0,0.0,0.7414913177490234,365.18352131197753,19.10977554321289,24.838809967041016
run_1777424838_3cb5c6c9,1777425486.6815252,7.0,966.0,1.0,18.932308197021484,0.0,14.798848152160645,-100.0,-100.0,0.0,0.7925960421562195,358.4322936670069,18.932308197021484,24.838809967041016
run_1777424838_3cb5c6c9,1777425488.6971385,7.0,966.0,1.0,18.887969970703125,0.0,14.748967170715332,-100.0,-100.0,0.0,0.7471125721931458,356.755409614183,18.887969970703125,24.838809967041016
run_1777424838_3cb5c6c9,1777425490.693497,7.0,966.0,1.0,18.66612434387207,0.0,14.4993896484375,-100.0,-100.0,0.0,0.8290632367134094,348.4241980208935,18.66612434387207,24.838809967041016
run_1777424838_3cb5c6c9,1777425492.6833885,7.0,966.0,1.0,18.577425003051758,0.0,14.399602890014648,-100.0,-100.0,0.0,0.811458945274353,345.1207197440126,18.577425003051758,24.838809967041016
run_1777424838_3cb5c6c9,1777425494.6871862,7.0,966.0,1.0,18.400005340576172,0.0,14.200005531311035,-100.0,-100.0,0.0,0.8540250062942505,338.56019653323165,18.400005340576172,24.838809967041016
run_1777424838_3cb5c6c9,1777425496.6795435,7.0,966.0,1.0,18.26692771911621,0.0,14.05029296875,-100.0,-100.0,0.0,0.8647991418838501,333.6806482954162,18.26692771911621,24.838809967041016
run_1777424838_3cb5c6c9,1777425498.6905434,7.0,966.0,1.0,18.089496612548828,0.0,13.85068416595459,-100.0,-100.0,0.0,0.9041155576705933,327.2298876954155,18.089496612548828,24.838809967041016
run_1777424838_3cb5c6c9,1777425500.6803145,7.0,966.0,1.0,18.000816345214844,0.0,13.750919342041016,-100.0,-100.0,0.0,0.8793387413024902,324.0293890941539,18.000816345214844,24.838809967041016
run_1777424838_3cb5c6c9,1777425502.68868,7.0,966.0,1.0,17.82343292236328,0.0,13.551361083984375,-100.0,-100.0,0.0,0.9172361493110657,317.6747611379833,17.82343292236328,24.838809967041016
run_1777424838_3cb5c6c9,1777425504.6904511,7.0,966.0,1.0,17.690380096435547,0.0,13.401676177978516,-100.0,-100.0,0.0,0.9219634532928467,312.94954795636295,17.690380096435547,24.838809967041016
run_1777424838_3cb5c6c9,1777425506.6921139,7.0,966.0,1.0,17.512983322143555,0.0,13.202106475830078,-100.0,-100.0,0.0,0.9558035135269165,306.7045848416783,17.512983322143555,24.838809967041016
run_1777424838_3cb5c6c9,1777425508.698721,7.0,966.0,1.0,17.379974365234375,0.0,13.052472114562988,-100.0,-100.0,0.0,0.9568214416503906,302.063508936204,17.379974365234375,24.838809967041016
run_1777424838_3cb5c6c9,1777425510.6983404,7.0,966.0,1.0,17.202613830566406,0.0,12.852941513061523,-100.0,-100.0,0.0,0.9873125553131104,295.9299226035946,17.202613830566406,24.838809967041016
run_1777424838_3cb5c6c9,1777425512.681725,7.0,966.0,1.0,17.11394500732422,0.0,12.753189086914062,-100.0,-100.0,0.0,0.9545917510986328,292.88711371371755,17.11394500732422,24.838809967041016
run_1777424838_3cb5c6c9,1777425514.6938903,7.0,966.0,1.0,16.980924606323242,0.0,12.603540420532227,-100.0,-100.0,0.0,0.9521089792251587,288.35180048563416,16.980924606323242,24.838809967041016
run_1777424838_3cb5c6c9,1777425516.6907687,7.0,966.0,1.0,16.803573608398438,0.0,12.404019355773926,-100.0,-100.0,0.0,0.9806267023086548,282.3600860128645,16.803573608398438,24.838809967041016
run_1777424838_3cb5c6c9,1777425518.6880083,7.0,966.0,1.0,16.71493148803711,0.0,12.304298400878906,-100.0,-100.0,0.0,0.9461100101470947,279.38893464977446,16.71493148803711,24.838809967041016
run_1777424838_3cb5c6c9,1777425520.6874118,7.0,966.0,1.0,16.49327850341797,0.0,12.054938316345215,-100.0,-100.0,0.0,1.0059064626693726,272.02823579130927,16.49327850341797,24.838809967041016
run_1777424838_3cb5c6c9,1777425522.6923969,7.0,966.0,1.0,16.44894790649414,0.0,12.005064964294434,-100.0,-100.0,0.0,0.939472496509552,270.567887230558,16.44894790649414,24.838809967041016
run_1777424838_3cb5c6c9,1777425524.6857893,7.0,966.0,1.0,16.22731590270996,0.0,11.755729675292969,-100.0,-100.0,0.0,0.9980937242507935,263.3257814063436,16.22731590270996,24.838809967041016
run_1777424838_3cb5c6c9,1777425526.692074,7.0,966.0,1.0,16.094364166259766,0.0,11.606159210205078,-100.0,-100.0,0.0,0.9914156794548035,259.0285579161864,16.094364166259766,24.838809967041016
run_1777424838_3cb5c6c9,1777425528.6862843,7.0,966.0,1.0,15.91706657409668,0.0,11.406699180603027,-100.0,-100.0,0.0,1.0161477327346802,253.3530083242258,15.91706657409668,24.838809967041016
run_1777424838_3cb5c6c9,1777425530.684355,7.0,966.0,1.0,15.828421592712402,0.0,11.306974411010742,-100.0,-100.0,0.0,0.9782445430755615,250.53893011664422,15.828421592712402,24.838809967041016
run_1777424838_3cb5c6c9,1777425532.6860545,7.0,966.0,1.0,15.651168823242188,0.0,11.107565879821777,-100.0,-100.0,0.0,1.00240957736969,244.95908553362824,15.651168823242188,24.838809967041016
run_1777424838_3cb5c6c9,1777425534.6804836,7.0,966.0,1.0,15.473915100097656,0.0,10.908154487609863,-100.0,-100.0,0.0,1.0248197317123413,239.44204852503026,15.473915100097656,24.838809967041016
run_1777424838_3cb5c6c9,1777425536.6825469,7.0,966.0,1.0,15.296683311462402,0.0,10.708768844604492,-100.0,-100.0,0.0,1.0463205575942993,233.98852033117237,15.296683311462402,24.838809967041016
run_1777424838_3cb5c6c9,1777425538.6795707,7.0,966.0,1.0,15.208072662353516,0.0,10.609081268310547,-100.0,-100.0,0.0,1.005516529083252,231.28547410342435,15.208072662353516,24.838809967041016
run_1777424838_3cb5c6c9,1777425540.6855514,7.0,966.0,1.0,14.98652172088623,0.0,10.35983657836914,-100.0,-100.0,0.0,1.0595771074295044,224.59583329059478,14.98652172088623,24.838809967041016
run_1777424838_3cb5c6c9,1777425542.6805937,7.0,966.0,1.0,14.897917747497559,0.0,10.260157585144043,-100.0,-100.0,0.0,1.0175038576126099,221.94795321120273,14.897917747497559,24.838809967041016
run_1777424838_3cb5c6c9,1777425544.6937325,7.0,966.0,1.0,14.676403999328613,0.0,10.010954856872559,-100.0,-100.0,0.0,1.0686029195785522,215.39683435150891,14.676403999328613,24.838809967041016
run_1777424838_3cb5c6c9,1777425546.6824932,7.0,966.0,1.0,14.632128715515137,0.0,9.96114444732666,-100.0,-100.0,0.0,0.9967483282089233,214.09919074740264,14.632128715515137,24.838809967041016
run_1777424838_3cb5c6c9,1777425548.6994414,7.0,966.0,1.0,14.410621643066406,0.0,9.711949348449707,-100.0,-100.0,0.0,1.048029899597168,207.66601613961393,14.410621643066406,24.838809967041016
run_1777424838_3cb5c6c9,1777425550.6938431,7.0,966.0,1.0,14.277765274047852,0.0,9.56248664855957,-100.0,-100.0,0.0,1.0383168458938599,203.85458122080672,14.277765274047852,24.838809967041016
run_1777424838_3cb5c6c9,1777425552.6913831,7.0,966.0,1.0,14.056269645690918,0.0,9.313302993774414,-100.0,-100.0,0.0,1.0892102718353271,197.57871635237188,14.056269645690918,24.838809967041016
run_1777424838_3cb5c6c9,1777425554.6841063,7.0,966.0,1.0,14.011991500854492,0.0,9.263489723205566,-100.0,-100.0,0.0,1.0153919458389282,196.33590582001852,14.011991500854492,24.838809967041016
run_1777424838_3cb5c6c9,1777425556.6824725,7.0,966.0,1.0,13.74626636505127,0.0,8.964550018310547,-100.0,-100.0,0.0,1.0973377227783203,188.95983897893984,13.74626636505127,24.838809967041016
run_1777424838_3cb5c6c9,1777425558.6941178,7.0,966.0,1.0,13.657672882080078,0.0,8.864882469177246,-100.0,-100.0,0.0,1.0528502464294434,186.53202855390555,13.657672882080078,24.838809967041016
run_1777424838_3cb5c6c9,1777425560.6781743,7.0,966.0,1.0,13.436283111572266,0.0,8.61581802368164,-100.0,-100.0,0.0,1.1004952192306519,180.53370385432208,13.436283111572266,24.838809967041016
run_1777424838_3cb5c6c9,1777425562.6827846,7.0,966.0,1.0,13.30342960357666,0.0,8.466358184814453,-100.0,-100.0,0.0,1.0857754945755005,176.98123921731985,13.30342960357666,24.838809967041016
run_1777424838_3cb5c6c9,1777425564.700699,7.0,966.0,1.0,13.17058277130127,0.0,8.316905975341797,-100.0,-100.0,0.0,1.0707001686096191,173.46425053569783,13.17058277130127,24.838809967041016
run_1777424838_3cb5c6c9,1777425566.6884644,7.0,966.0,1.0,12.993492126464844,0.0,8.11767864227295,-100.0,-100.0,0.0,1.0888757705688477,168.8308376405039,12.993492126464844,24.838809967041016
run_1777424838_3cb5c6c9,1777425568.6797009,7.0,966.0,1.0,12.816398620605469,0.0,7.918447971343994,-100.0,-100.0,0.0,1.1041734218597412,164.26007360225776,12.816398620605469,24.838809967041016
run_1777424838_3cb5c6c9,1777425570.701519,7.0,966.0,1.0,12.727863311767578,0.0,7.818845272064209,-100.0,-100.0,0.0,1.0589946508407593,161.99850448303914,12.727863311767578,24.838809967041016
run_1777424838_3cb5c6c9,1777425572.677957,7.0,966.0,1.0,12.506511688232422,0.0,7.569826126098633,-100.0,-100.0,0.0,1.1072700023651123,156.41283460789418,12.506511688232422,24.838809967041016
run_1777424838_3cb5c6c9,1777425574.6933303,7.0,966.0,1.0,12.417984008789062,0.0,7.470232963562012,-100.0,-100.0,0.0,1.0617907047271729,154.20632684254088,12.417984008789062,24.838809967041016
run_1777424838_3cb5c6c9,1777425576.6920438,7.0,966.0,1.0,12.240926742553711,0.0,7.271042346954346,-100.0,-100.0,0.0,1.0833030939102173,149.8402875165666,12.240926742553711,24.838809967041016
run_1777424838_3cb5c6c9,1777425578.678278,7.0,966.0,1.0,12.152406692504883,0.0,7.171457767486572,-100.0,-100.0,0.0,1.040104627609253,147.68098842003747,12.152406692504883,24.838809967041016
run_1777424838_3cb5c6c9,1777425580.6866796,7.0,966.0,1.0,11.931102752685547,0.0,6.922489643096924,-100.0,-100.0,0.0,1.0901498794555664,142.35121289514063,11.931102752685547,24.838809967041016
run_1777424838_3cb5c6c9,1777425582.6894855,7.0,966.0,1.0,11.84256362915039,0.0,6.8228840827941895,-100.0,-100.0,0.0,1.046311378479004,140.24631331047567,11.84256362915039,24.838809967041016
run_1777424838_3cb5c6c9,1777425584.6777554,7.0,966.0,1.0,11.621309280395508,0.0,6.573972702026367,-100.0,-100.0,0.0,1.0981436967849731,135.05482939060676,11.621309280395508,24.838809967041016
run_1777424838_3cb5c6c9,1777425586.7001219,7.0,966.0,1.0,11.532794952392578,0.0,6.474394798278809,-100.0,-100.0,0.0,1.0535255670547485,133.00535941393173,11.532794952392578,24.838809967041016
run_1777424838_3cb5c6c9,1777425588.6853793,7.0,966.0,1.0,11.355775833129883,0.0,6.275247097015381,-100.0,-100.0,0.0,1.0733883380889893,128.95364477229668,11.355775833129883,24.838809967041016
run_1777424838_3cb5c6c9,1777425590.688818,7.0,966.0,1.0,11.267282485961914,0.0,6.175693511962891,-100.0,-100.0,0.0,1.031117558479309,126.95165461846409,11.267282485961914,24.838809967041016
run_1777424838_3cb5c6c9,1777425592.6904955,7.0,966.0,1.0,11.046072959899902,0.0,5.92683219909668,-100.0,-100.0,0.0,1.0819567441940308,122.01572783543179,11.046072959899902,24.838809967041016
run_1777424838_3cb5c6c9,1777425594.6842616,7.0,966.0,1.0,10.957576751708984,0.0,5.827274322509766,-100.0,-100.0,0.0,1.0388705730438232,120.06848826959322,10.957576751708984,24.838809967041016
run_1777424838_3cb5c6c9,1777425596.6922438,7.0,966.0,1.0,10.780590057373047,0.0,5.628164291381836,-100.0,-100.0,0.0,1.060109257698059,116.2211219851306,10.780590057373047,24.838809967041016
run_1777424838_3cb5c6c9,1777425598.6908102,7.0,966.0,1.0,10.64788818359375,0.0,5.4788737297058105,-100.0,-100.0,0.0,1.0491387844085693,113.37752277031541,10.64788818359375,24.838809967041016
run_1777424838_3cb5c6c9,1777425600.6900713,7.0,966.0,1.0,10.42669677734375,0.0,5.2300333976745605,-100.0,-100.0,0.0,1.1018273830413818,108.71600568667054,10.42669677734375,24.838809967041016
run_1777424838_3cb5c6c9,1777425602.6948876,7.0,966.0,1.0,10.338232040405273,0.0,5.13051176071167,-100.0,-100.0,0.0,1.0568246841430664,106.87904172126218,10.338232040405273,24.838809967041016
run_1777424838_3cb5c6c9,1777425604.69234,7.0,966.0,1.0,10.205520629882812,0.0,4.981210231781006,-100.0,-100.0,0.0,1.0480375289916992,104.15265132696368,10.205520629882812,24.838809967041016
run_1777424838_3cb5c6c9,1777425606.6879447,7.0,966.0,1.0,10.117063522338867,0.0,4.881697177886963,-100.0,-100.0,0.0,1.0081602334976196,102.35497431503973,10.117063522338867,24.838809967041016
run_1777424838_3cb5c6c9,1777425608.6919494,7.0,966.0,1.0,9.851696014404297,0.0,4.583157539367676,-100.0,-100.0,0.0,1.0923463106155396,97.05591436022951,9.851696014404297,24.838809967041016
run_1777424838_3cb5c6c9,1777425610.6934576,7.0,966.0,1.0,9.763250350952148,0.0,4.483656883239746,-100.0,-100.0,0.0,1.0482347011566162,95.32105741536725,9.763250350952148,24.838809967041016
run_1777424838_3cb5c6c9,1777425612.684737,7.0,966.0,1.0,9.586321830749512,0.0,4.28461217880249,-100.0,-100.0,0.0,1.0697095394134521,91.89756624270467,9.586321830749512,24.838809967041016
run_1777424838_3cb5c6c9,1777425614.6838236,7.0,966.0,1.0,9.497883796691895,0.0,4.185119152069092,-100.0,-100.0,0.0,1.02775239944458,90.20979661546244,9.497883796691895,24.838809967041016
run_1777424838_3cb5c6c9,1777425616.6798844,7.0,966.0,1.0,9.276808738708496,0.0,3.9364099502563477,-100.0,-100.0,0.0,1.0824004411697388,86.05918037457832,9.276808738708496,24.838809967041016
run_1777424838_3cb5c6c9,1777425618.6914766,7.0,966.0,1.0,9.232601165771484,0.0,3.8866770267486572,-100.0,-100.0,0.0,1.0091838836669922,85.24092428620497,9.232601165771484,24.838809967041016
run_1777424838_3cb5c6c9,1777425620.6812737,7.0,966.0,1.0,9.055721282958984,0.0,3.68768572807312,-100.0,-100.0,0.0,1.0343494415283203,82.00608795463631,9.055721282958984,24.838809967041016
run_1777424838_3cb5c6c9,1777425622.6877806,7.0,966.0,1.0,8.923067092895508,0.0,3.538450241088867,-100.0,-100.0,0.0,1.025803804397583,79.62112634431469,8.923067092895508,24.838809967041016
run_1777424838_3cb5c6c9,1777425624.6801603,7.0,966.0,1.0,8.702033996582031,0.0,3.289788246154785,-100.0,-100.0,0.0,1.0787839889526367,75.72539567766944,8.702033996582031,24.838809967041016
run_1777424838_3cb5c6c9,1777425626.6766853,7.0,966.0,1.0,8.657808303833008,0.0,3.2400341033935547,-100.0,-100.0,0.0,1.006533145904541,74.95764462591978,8.657808303833008,24.838809967041016
run_1777424838_3cb5c6c9,1777425628.680206,7.0,966.0,1.0,8.436765670776367,0.0,2.991361379623413,-100.0,-100.0,0.0,1.0631834268569946,71.1790149835906,8.436765670776367,24.838809967041016
run_1777424838_3cb5c6c9,1777425630.689153,7.0,966.0,1.0,8.348362922668457,0.0,2.8919076919555664,-100.0,-100.0,-0.08642198145389557,1.023040771484375,69.69516348858542,8.348362922668457,24.838809967041016
run_1777424838_3cb5c6c9,1777425632.688898,7.0,966.0,1.0,8.127345085144043,0.0,2.6432628631591797,-100.0,-100.0,-0.330792635679245,1.078099250793457,66.05373813301503,8.127345085144043,24.838809967041016
run_1777424838_3cb5c6c9,1777425634.6953843,7.0,966.0,1.0,8.083155632019043,0.0,2.59355092048645,-100.0,-100.0,-0.5707180500030518,1.00588858127594,65.33740497144117,8.083155632019043,24.838809967041016
run_1777424838_3cb5c6c9,1777425636.689714,7.0,966.0,1.0,7.906372547149658,0.0,2.3946690559387207,-100.0,-100.0,-0.8066567778587341,1.0294777154922485,62.510726854321774,7.906372547149658,24.838809967041016
run_1777424838_3cb5c6c9,1777425638.68261,7.0,966.0,1.0,7.7737717628479,0.0,2.2454934120178223,-100.0,-100.0,-1.0391314029693604,1.0231850147247314,60.43152742085135,7.7737717628479,24.838809967041016
run_1777424838_3cb5c6c9,1777425640.6848152,7.0,966.0,1.0,7.552798271179199,0.0,1.9968980550765991,-100.0,-100.0,-1.265723466873169,1.076373815536499,57.0447617251275,7.552798271179199,24.838809967041016
run_1777424838_3cb5c6c9,1777425642.6927128,7.0,966.0,1.0,7.5086164474487305,0.0,1.9471931457519531,-100.0,-100.0,-1.4886553287506104,1.0043225288391113,56.379320954897594,7.5086164474487305,24.838809967041016
run_1777424838_3cb5c6c9,1777425644.6852753,7.0,966.0,1.0,7.287662506103516,0.0,1.6986202001571655,-100.0,-100.0,-1.7074048519134521,1.0592973232269287,53.110024802866974,7.287662506103516,24.838809967041016
run_1777424838_3cb5c6c9,1777425646.6827044,7.0,966.0,1.0,7.243470191955566,0.0,1.6489039659500122,-100.0,-100.0,-1.9224961996078491,0.9888822436332703,52.46786042174881,7.243470191955566,24.838809967041016
run_1777424838_3cb5c6c9,1777425648.6776273,7.0,966.0,1.0,7.022551536560059,0.0,1.4003708362579346,-100.0,-100.0,-2.133404016494751,1.0453064441680908,49.31623008364204,7.022551536560059,24.838809967041016
run_1777424838_3cb5c6c9,1777425650.6840205,7.0,966.0,1.0,6.978363037109375,0.0,1.350658655166626,-100.0,-99.69090270996094,-2.340653419494629,0.9762232303619385,48.69755067769438,6.978363037109375,24.838809967041016
run_1777424838_3cb5c6c9,1777425653.5027056,13.0,394.0,59.0,6.713279724121094,0.0,1.0524399280548096,-22.048463821411133,-51.64061737060547,-2.7221806049346924,32.314334869384766,45.06812465429539,6.713279724121094,24.838809967041016
run_1777424838_3cb5c6c9,1777425655.6942127,13.0,394.0,59.0,6.5807342529296875,0.0,0.9033257961273193,-21.536758422851562,-50.62103271484375,-2.9809510707855225,32.06522750854492,43.30606330768205,6.5807342529296875,24.838809967041016
run_1777424838_3cb5c6c9,1777425657.68645,13.0,394.0,59.0,6.448222637176514,0.0,0.7542498707771301,-20.941957473754883,-49.601715087890625,-3.235581874847412,31.895341873168945,41.57957517859563,6.448222637176514,24.838809967041016
run_1777424838_3cb5c6c9,1777425659.68297,13.0,394.0,59.0,6.35984992980957,0.0,0.654830813407898,-21.589990615844727,-48.92192459106445,-3.486504316329956,30.818435668945312,40.447691129698796,6.35984992980957,24.838809967041016
run_1777424838_3cb5c6c9,1777425661.6774557,13.0,394.0,59.0,6.18317174911499,0.0,0.45606836676597595,-19.56426429748535,-47.562862396240234,-3.7317349910736084,31.730329513549805,38.23161287905373,6.18317174911499,24.838809967041016
run_1777424838_3cb5c6c9,1777425663.6804335,13.0,394.0,59.0,6.0948357582092285,0.0,0.35669058561325073,-20.187313079833984,-46.88335418701172,-3.97230863571167,30.66834831237793,37.14702291954586,6.0948357582092285,24.838809967041016
run_1777424838_3cb5c6c9,1777425665.6842475,13.0,394.0,59.0,6.006490707397461,0.0,0.257302463054657,-20.743656158447266,-46.20377731323242,-4.208742618560791,29.668861389160156,36.07793061805205,6.006490707397461,24.838809967041016
run_1777424838_3cb5c6c9,1777425667.683791,13.0,394.0,59.0,5.785650253295898,0.0,0.00885683298110962,-17.364402770996094,-44.5050048828125,-4.438022136688232,31.57862091064453,33.473748853462894,5.785650253295898,24.838809967041016
run_1777424838_3cb5c6c9,1777425669.701515,13.0,394.0,59.0,5.741509914398193,0.0,-0.04080131649971008,-19.29999351501465,-44.165462493896484,-4.663160800933838,29.528629302978516,32.96493609713275,5.741509914398193,24.838809967041016
run_1777424838_3cb5c6c9,1777425671.6758792,13.0,394.0,59.0,5.520689487457275,0.0,-0.2892242670059204,-15.841320037841797,-42.46684265136719,-4.883123874664307,31.50864601135254,30.478012416921274,5.520689487457275,24.838809967041016
run_1777424838_3cb5c6c9,1777425673.6877873,13.0,394.0,59.0,5.476510524749756,0.0,-0.33892518281936646,-17.758745193481445,-42.12700271606445,-5.09791374206543,29.46617317199707,29.992167527694846,5.476510524749756,24.838809967041016
run_1777424838_3cb5c6c9,1777425675.6892743,13.0,394.0,59.0,5.255739688873291,0.0,-0.5872930288314819,-14.285212516784668,-40.428768157958984,-5.30753231048584,31.451087951660156,27.622799677197918,5.255739688873291,24.838809967041016
run_1777424838_3cb5c6c9,1777425677.68196,13.0,394.0,59.0,5.1674323081970215,0.0,-0.6866382360458374,-14.884564399719238,-39.749481201171875,-5.511202335357666,30.376117706298828,26.702356659798397,5.1674323081970215,24.838809967041016
run_1777424838_3cb5c6c9,1777425679.6758845,13.0,394.0,59.0,5.03494119644165,0.0,-0.8356907963752747,-14.1096773147583,-38.730316162109375,-5.709960460662842,30.33060073852539,25.350632851625278,5.03494119644165,24.838809967041016
run_1777424838_3cb5c6c9,1777425681.6908824,13.0,394.0,59.0,4.94664192199707,0.0,-0.9350281953811646,-14.593762397766113,-38.05109405517578,-5.905009746551514,29.36233901977539,24.46926630445887,4.94664192199707,24.838809967041016
run_1777424838_3cb5c6c9,1777425683.6871903,13.0,394.0,59.0,4.770035266876221,0.0,-1.133710265159607,-12.29715347290039,-36.69258117675781,-6.096438407897949,30.491865158081055,22.753236447242898,4.770035266876221,24.838809967041016
run_1777424838_3cb5c6c9,1777425685.6902518,13.0,394.0,59.0,4.681757926940918,0.0,-1.2330224514007568,-12.786924362182617,-36.01352310180664,-6.2811431884765625,29.507741928100586,21.918857286474122,4.681757926940918,24.838809967041016
run_1777424838_3cb5c6c9,1777425687.68079,13.0,394.0,59.0,4.593454360961914,0.0,-1.3323642015457153,-13.17704963684082,-35.334266662597656,-6.462396144866943,28.619611740112305,21.099822966240026,4.593454360961914,24.838809967041016
run_1777424838_3cb5c6c9,1777425689.6867626,13.0,394.0,59.0,4.505138397216797,0.0,-1.431719183921814,-13.48019790649414,-34.654911041259766,-6.640205383300781,27.814918518066406,20.29627197807713,4.505138397216797,24.838809967041016
run_1777424838_3cb5c6c9,1777425691.6853344,13.0,394.0,59.0,4.328573226928711,0.0,-1.6303555965423584,-11.019966125488281,-33.29671859741211,-6.814398765563965,29.09115219116211,18.736546180884034,4.328573226928711,24.838809967041016
run_1777424838_3cb5c6c9,1777425693.6903117,13.0,394.0,59.0,4.240294933319092,0.0,-1.7296682596206665,-11.358865737915039,-32.61765670776367,-6.981866836547852,28.240657806396484,17.98010112153156,4.240294933319092,24.838809967041016
run_1777424838_3cb5c6c9,1777425695.6912582,13.0,394.0,59.0,4.107860088348389,0.0,-1.8786572217941284,-10.194047927856445,-31.598926544189453,-7.147174835205078,28.552051544189453,16.87451450544563,4.107860088348389,24.838809967041016
run_1777424838_3cb5c6c9,1777425697.6831603,13.0,394.0,59.0,4.107860088348389,0.0,-1.8786572217941284,-13.07801342010498,-31.598926544189453,-7.3075714111328125,25.82848358154297,16.87451450544563,4.107860088348389,24.838809967041016
run_1777424838_3cb5c6c9,1777425699.690271,13.0,394.0,59.0,3.8871779441833496,0.0,-2.126924991607666,-9.22386646270752,-29.901371002197266,-7.463399887084961,28.14090347290039,15.110152369745492,3.8871779441833496,24.838809967041016
run_1777424838_3cb5c6c9,1777425701.6905887,13.0,394.0,59.0,3.843038320541382,0.0,-2.176582098007202,-10.757425308227539,-29.56183624267578,-7.614405632019043,26.418813705444336,14.768943533149525,3.843038320541382,24.838809967041016
run_1777424838_3cb5c6c9,1777425703.6837335,13.0,394.0,59.0,3.6664979457855225,0.0,-2.3751895427703857,-8.138903617858887,-28.20383071899414,-7.762744903564453,27.82767105102539,13.443207186449456,3.6664979457855225,24.838809967041016
run_1777424838_3cb5c6c9,1777425705.6857815,13.0,394.0,59.0,3.6664979457855225,0.0,-2.3751895427703857,-10.936543464660645,-28.20383071899414,-7.905915260314941,25.173202514648438,13.443207186449456,3.6664979457855225,24.838809967041016
run_1777424838_3cb5c6c9,1777425707.686983,13.0,394.0,59.0,3.534104585647583,0.0,-2.524132490158081,-9.572860717773438,-27.185422897338867,-8.0467529296875,25.659313201904297,12.489895222295274,3.534104585647583,24.838809967041016
run_1777424838_3cb5c6c9,1777425709.683348,13.0,394.0,59.0,3.445863723754883,0.0,-2.623403549194336,-9.554484367370605,-26.50664520263672,-8.18320369720459,25.135364532470703,11.873976802689867,3.445863723754883,24.838809967041016
run_1777424838_3cb5c6c9,1777425711.6863296,13.0,394.0,59.0,3.313464879989624,0.0,-2.7723519802093506,-8.17841911315918,-25.488191604614258,-8.315428733825684,25.625202178955078,10.979049510924654,3.313464879989624,24.838809967041016
run_1777424838_3cb5c6c9,1777425713.6761441,13.0,394.0,59.0,3.181072950363159,0.0,-2.921293020248413,-6.845268726348877,-24.46979331970215,-8.442488670349121,26.067012786865234,10.119225115532174,3.181072950363159,24.838809967041016
run_1777424838_3cb5c6c9,1777425715.6762643,13.0,394.0,59.0,3.048701286315918,0.0,-3.070211410522461,-5.491107940673828,-23.451549530029297,-8.565408706665039,26.525848388671875,9.294579533184333,3.048701286315918,24.838809967041016
run_1777424838_3cb5c6c9,1777425717.6758685,13.0,394.0,59.0,3.0045735836029053,0.0,-3.119854688644409,-6.838218688964844,-23.112104415893555,-8.683676719665527,24.957563400268555,9.027462419284404,3.0045735836029053,24.838809967041016
run_1777424838_3cb5c6c9,1777425719.6790042,13.0,394.0,59.0,2.8722095489501953,0.0,-3.2687644958496094,-5.371546745300293,-22.09391975402832,-8.79970645904541,25.522079467773438,8.249587693080684,2.8722095489501953,24.838809967041016
run_1777424838_3cb5c6c9,1777425721.6771123,13.0,394.0,59.0,2.7398366928100586,0.0,-3.4176836013793945,-4.011890411376953,-21.075668334960938,-8.90953254699707,25.973310470581055,7.506705103268359,2.7398366928100586,24.838809967041016
run_1777424838_3cb5c6c9,1777425723.68912,13.0,394.0,59.0,2.651620626449585,0.0,-3.5169270038604736,-3.9732723236083984,-20.39708137512207,-9.015313148498535,25.439123153686523,7.031091946612889,2.651620626449585,24.838809967041016
run_1777424838_3cb5c6c9,1777425725.6760483,13.0,394.0,59.0,2.5633790493011475,0.0,-3.616198778152466,-3.8994028568267822,-19.71830177307129,-9.117297172546387,24.936195373535156,6.570912150396055,2.5633790493011475,24.838809967041016
run_1777424838_3cb5c6c9,1777425727.6836832,13.0,394.0,59.0,2.431035280227661,0.0,-3.765084981918335,-2.471479892730713,-18.700271606445312,-9.21506404876709,25.44385528564453,5.909932533711583,2.431035280227661,24.838809967041016
run_1777424838_3cb5c6c9,1777425729.6874912,13.0,394.0,59.0,2.3428285121917725,0.0,-3.8643181324005127,-2.3904800415039062,-18.021757125854492,-9.308435440063477,24.939712524414062,5.488845437538714,2.3428285121917725,24.838809967041016
run_1777424838_3cb5c6c9,1777425731.6937368,13.0,394.0,59.0,2.254566192626953,0.0,-3.9636125564575195,-2.178957939147949,-17.342817306518555,-9.399742126464844,24.563602447509766,5.0830687169363955,2.254566192626953,24.838809967041016
run_1777424838_3cb5c6c9,1777425733.6848304,13.0,394.0,59.0,2.166349411010742,0.0,-4.062856674194336,-1.968550682067871,-16.664226531982422,-9.486917495727539,24.182594299316406,4.69306977058659,2.166349411010742,24.838809967041016
run_1777424838_3cb5c6c9,1777425735.682686,13.0,394.0,59.0,2.0781373977661133,0.0,-4.162095546722412,-1.7368361949920654,-15.985671997070312,-9.57030200958252,23.819137573242188,4.318655043994113,2.0781373977661133,24.838809967041016
run_1777424838_3cb5c6c9,1777425737.6837533,13.0,394.0,59.0,1.9899277687072754,0.0,-4.261331081390381,-1.4487385749816895,-15.307137489318848,-9.650589942932129,23.508987426757812,3.9598125246723157,1.9899277687072754,24.838809967041016
run_1777424838_3cb5c6c9,1777425740.4859526,17.0,118.0,60.0,1.8575944900512695,0.0,-4.410206317901611,-2.921506881713867,-10.927026748657227,-9.902080535888672,17.90760040283203,3.450657289468836,1.8575944900512695,24.838809967041016
run_1777424838_3cb5c6c9,1777425742.680462,17.0,118.0,60.0,1.7252821922302246,0.0,-4.559057712554932,-1.807674765586853,-10.14871883392334,-10.080033302307129,18.421077728271484,2.9765986428267297,1.7252821922302246,24.838809967041016
run_1777424838_3cb5c6c9,1777425744.6949518,17.0,118.0,60.0,1.637068271636963,0.0,-4.658298015594482,-1.7325162887573242,-9.629813194274902,-10.247208595275879,18.144506454467773,2.679992526000433,1.637068271636963,24.838809967041016
run_1777424838_3cb5c6c9,1777425746.6870158,17.0,118.0,60.0,1.504781723022461,0.0,-4.8071208000183105,-0.6198734045028687,-8.851656913757324,-10.403167724609375,18.634950637817383,2.2643680339424463,1.504781723022461,24.838809967041016
run_1777424838_3cb5c6c9,1777425748.6789074,17.0,118.0,60.0,1.460690975189209,0.0,-4.856722354888916,-1.5456690788269043,-8.592300415039062,-10.550775527954102,17.5974063873291,2.1336181249992023,1.460690975189209,24.838809967041016
run_1777424838_3cb5c6c9,1777425750.6885474,17.0,118.0,60.0,1.2842812538146973,0.0,-5.055183410644531,0.6678089499473572,-7.554595947265625,-10.688491821289062,18.91089630126953,1.6493783388998509,1.2842812538146973,24.838809967041016
run_1777424838_3cb5c6c9,1777425752.676477,17.0,118.0,60.0,1.2842812538146973,0.0,-5.055183410644531,-1.2641355991363525,-7.554595947265625,-10.816537857055664,17.106998443603516,1.6493783388998509,1.2842812538146973,24.838809967041016
run_1777424838_3cb5c6c9,1777425754.6757803,17.0,118.0,60.0,1.0637993812561035,0.0,-5.303225994110107,2.0012781620025635,-6.257643699645996,-10.93337345123291,19.19229507446289,1.1316691235608687,1.0637993812561035,24.838809967041016
run_1777424838_3cb5c6c9,1777425756.6814525,17.0,118.0,60.0,1.0197148323059082,0.0,-5.352820873260498,1.066131830215454,-5.9983229637146,-11.037022590637207,18.101478576660156,1.0398183392246665,1.0197148323059082,24.838809967041016
run_1777424838_3cb5c6c9,1777425758.6760845,17.0,118.0,60.0,0.9756040573120117,0.0,-5.4024457931518555,0.22621750831604004,-5.738847255706787,-11.135396003723145,17.100460052490234,0.951803276643659,0.9756040573120117,24.838809967041016
run_1777424838_3cb5c6c9,1777425760.679516,17.0,118.0,60.0,0.9315223693847656,0.0,-5.452037334442139,-0.48655271530151367,-5.479543209075928,-11.231132507324219,16.224123001098633,0.8677339246642077,0.9315223693847656,24.838809967041016
run_1777424838_3cb5c6c9,1777425762.6868255,17.0,118.0,60.0,0.8433465957641602,0.0,-5.551235198974609,-0.10883957147598267,-4.960862159729004,-11.32005500793457,16.17207908630371,0.7112334805869978,0.8433465957641602,24.838809967041016
run_1777424838_3cb5c6c9,1777425764.6910906,17.0,118.0,60.0,0.7551732063293457,0.0,-5.650430202484131,0.29607266187667847,-4.442195415496826,-11.401065826416016,16.139333724975586,0.5702865715577445,0.7551732063293457,24.838809967041016
run_1777424838_3cb5c6c9,1777425766.686407,17.0,118.0,60.0,0.6670031547546387,0.0,-5.749621391296387,0.6993085145950317,-3.9235479831695557,-11.472404479980469,16.095260620117188,0.44489320845264047,0.6670031547546387,24.838809967041016
run_1777424838_3cb5c6c9,1777425768.6892872,17.0,118.0,60.0,0.6229124069213867,0.0,-5.79922342300415,0.11339932680130005,-3.6641907691955566,-11.537369728088379,15.314960479736328,0.3880198666965953,0.6229124069213867,24.838809967041016
run_1777424838_3cb5c6c9,1777425770.6790745,17.0,118.0,60.0,0.5347304344177246,0.0,-5.898428440093994,0.5664095282554626,-3.145473003387451,-11.592884063720703,15.304766654968262,0.2859366374925685,0.5347304344177246,24.838809967041016
run_1777424838_3cb5c6c9,1777425772.684437,17.0,118.0,60.0,0.5347304344177246,0.0,-5.898428440093994,-0.9468197822570801,-3.145473003387451,-11.646201133728027,13.844853401184082,0.2859366374925685,0.5347304344177246,24.838809967041016
run_1777424838_3cb5c6c9,1777425774.6783078,17.0,118.0,60.0,0.49062681198120117,0.0,-5.948044776916504,-1.3748198747634888,-2.886040210723877,-11.693582534790039,13.204802513122559,0.24071466863483693,0.49062681198120117,24.838809967041016
run_1777424838_3cb5c6c9,1777425776.6842303,17.0,118.0,60.0,0.49062681198120117,0.0,-5.948044776916504,-2.683340072631836,-2.886040210723877,-11.74250316619873,11.945202827453613,0.24071466863483693,0.49062681198120117,24.838809967041016
run_1777424838_3cb5c6c9,1777425778.67593,17.0,118.0,60.0,0.44655275344848633,0.0,-5.997628211975098,-2.8840839862823486,-2.6267809867858887,-11.788126945495605,11.530823707580566,0.19940936161242462,0.44655275344848633,24.838809967041016
run_1777424838_3cb5c6c9,1777425780.6822305,17.0,118.0,60.0,0.4024643898010254,0.0,-6.047227382659912,-3.012669086456299,-2.3674376010894775,-11.8311128616333,11.185881614685059,0.1619775850579117,0.4024643898010254,24.838809967041016
run_1777424838_3cb5c6c9,1777425782.687848,17.0,118.0,60.0,0.35839080810546875,0.0,-6.096810340881348,-3.0898869037628174,-2.1081812381744385,-11.870582580566406,10.888877868652344,0.12844397133449093,0.35839080810546875,24.838809967041016
run_1777424838_3cb5c6c9,1777425784.7025423,17.0,118.0,60.0,0.2702336311340332,0.0,-6.195987224578857,-2.13303279876709,-1.5896096229553223,-11.903238296508789,11.35981559753418,0.07302621539588472,0.2702336311340332,24.838809967041016
run_1777424838_3cb5c6c9,1777425786.6808364,17.0,118.0,60.0,0.3143186569213867,0.0,-6.14639139175415,-4.231449127197266,-1.8489333391189575,-11.933476448059082,9.5509614944458,0.09879621808886441,0.3143186569213867,24.838809967041016
run_1777424838_3cb5c6c9,1777425788.6756725,17.0,118.0,60.0,0.22616147994995117,0.0,-6.24556827545166,-3.1840085983276367,-1.3303616046905518,-11.959098815917969,10.105451583862305,0.051149015013152166,0.22616147994995117,24.838809967041016
run_1777424838_3cb5c6c9,1777425790.6856077,17.0,118.0,60.0,0.18207740783691406,0.0,-6.295163154602051,-3.1826608180999756,-1.071043610572815,-11.978347778320312,9.866729736328125,0.033152182444609934,0.18207740783691406,24.838809967041016
run_1777424838_3cb5c6c9,1777425792.6773577,17.0,118.0,60.0,0.09392404556274414,0.0,-6.3943352699279785,-2.152242422103882,-0.5524944067001343,-11.990782737731934,10.391035079956055,0.008821726334872437,0.09392404556274414,24.838809967041016
run_1777424838_3cb5c6c9,1777425794.686639,17.0,118.0,60.0,0.04982709884643555,0.0,-6.443944454193115,-2.164661169052124,-0.2931005656719208,-11.996843338012695,10.125283241271973,0.0024827397794524586,0.04982709884643555,24.838809967041016
run_1777424838_3cb5c6c9,1777425796.6758752,17.0,118.0,60.0,-0.038336753845214844,0.0,-6.543128967285156,-1.1796437501907349,0.22551031410694122,-11.986191749572754,10.581037521362305,0.001469706695388595,0.038336753845214844,24.838809967041016
run_1777424838_3cb5c6c9,1777425798.6886506,17.0,118.0,60.0,-0.12648344039916992,0.0,-6.642293930053711,-0.18907710909843445,0.7440202236175537,-11.954925537109375,11.021827697753906,0.01599806069521037,0.12648344039916992,24.838809967041016
run_1777424838_3cb5c6c9,1777425800.6803994,17.0,118.0,60.0,-0.170562744140625,0.0,-6.691883087158203,-0.21998807787895203,1.0033103227615356,-11.904519081115723,10.681221008300781,0.029091649688780308,0.170562744140625,24.838809967041016
run_1777424838_3cb5c6c9,1777425802.6850061,17.0,118.0,60.0,-0.21464109420776367,0.0,-6.741471290588379,-0.19347593188285828,1.2625946998596191,-11.843550682067871,10.387479782104492,0.04607079932270608,0.21464109420776367,24.838809967041016
run_1777424838_3cb5c6c9,1777425804.6891136,17.0,118.0,60.0,-0.3027677536010742,0.0,-6.84061336517334,0.9166591167449951,1.7809867858886719,-11.770051002502441,10.905723571777344,0.09166831262064079,0.3027677536010742,24.838809967041016
run_1777424838_3cb5c6c9,1777425806.6835358,17.0,118.0,60.0,-0.25869035720825195,0.0,-6.791026592254639,-1.0272793769836426,1.5217080116271973,-11.689297676086426,9.140310287475586,0.066920700912533,0.25869035720825195,24.838809967041016
run_1777424838_3cb5c6c9,1777425808.6798542,17.0,118.0,60.0,-0.3468303680419922,0.0,-6.89018440246582,0.1791723072528839,2.0401787757873535,-11.59469223022461,9.733686447143555,0.12029130419614376,0.3468303680419922,24.838809967041016
run_1777424838_3cb5c6c9,1777425810.6854103,17.0,118.0,60.0,-0.39092063903808594,0.0,-6.939785957336426,0.34911781549453735,2.2995331287384033,-11.480944633483887,9.530529022216797,0.15281894602594548,0.39092063903808594,24.838809967041016
run_1777424838_3cb5c6c9,1777425812.6728122,17.0,118.0,60.0,-0.39092063903808594,0.0,-6.939785957336426,-0.4429474472999573,2.2995331287384033,-11.363896369934082,8.621415138244629,0.15281894602594548,0.39092063903808594,24.838809967041016
run_1777424838_3cb5c6c9,1777425814.6844695,17.0,118.0,60.0,-0.47905588150024414,0.0,-7.038938045501709,0.863945484161377,2.8179757595062256,-11.232340812683105,9.278310775756836,0.22949453759997596,0.47905588150024414,24.838809967041016
run_1777424838_3cb5c6c9,1777425816.673059,17.0,118.0,60.0,-0.5231304168701172,0.0,-7.088521957397461,1.1770732402801514,3.077237606048584,-11.092208862304688,9.192044258117676,0.2736654330547026,0.5231304168701172,24.838809967041016
run_1777424838_3cb5c6c9,1777425818.696055,17.0,118.0,60.0,-0.47905588150024414,0.0,-7.038938045501709,-0.5494087934494019,2.8179757595062256,-10.94284439086914,7.575459957122803,0.22949453759997596,0.47905588150024414,24.838809967041016
run_1777424838_3cb5c6c9,1777425820.7012372,17.0,118.0,60.0,-0.5231304168701172,0.0,-7.088521957397461,-0.10997653007507324,3.077237606048584,-10.7947998046875,7.6075849533081055,0.2736654330547026,0.5231304168701172,24.838809967041016
run_1777424838_3cb5c6c9,1777425822.6767855,17.0,118.0,60.0,-0.47905588150024414,0.0,-7.038938045501709,-1.6853183507919312,2.8179757595062256,-10.645435333251953,6.142140865325928,0.22949453759997596,0.47905588150024414,24.838809967041016
run_1777424838_3cb5c6c9,1777425824.6794705,17.0,118.0,60.0,-0.5231304168701172,0.0,-7.088521957397461,-1.1453032493591309,3.077237606048584,-10.489468574523926,6.266927719116211,0.2736654330547026,0.5231304168701172,24.838809967041016
run_1777424838_3cb5c6c9,1777425826.6789606,17.0,118.0,60.0,-0.5231304168701172,0.0,-7.088521957397461,-1.5864759683609009,3.077237606048584,-10.332842826843262,5.669128894805908,0.2736654330547026,0.5231304168701172,24.838809967041016
run_1777424838_3cb5c6c9,1777425828.676357,17.0,118.0,60.0,-0.567204475402832,0.0,-7.1381049156188965,-0.9520106315612793,3.3364970684051514,-10.171595573425293,5.883088111877441,0.3217209169170019,0.567204475402832,24.838809967041016
run_1777424838_3cb5c6c9,1777425830.6793518,17.0,118.0,60.0,-0.567204475402832,0.0,-7.1381049156188965,-1.3433680534362793,3.3364970684051514,-10.0017671585083,5.321902275085449,0.3217209169170019,0.567204475402832,24.838809967041016
run_1777424838_3cb5c6c9,1777425832.685228,17.0,118.0,60.0,-0.6553487777709961,0.0,-7.23726749420166,0.31979531049728394,3.8549928665161133,-9.814789772033691,6.279592037200928,0.4294820205259384,0.6553487777709961,24.838809967041016
run_1777424838_3cb5c6c9,1777425834.6774712,17.0,118.0,60.0,-0.6553487777709961,0.0,-7.23726749420166,-0.0829935073852539,3.8549928665161133,-9.618571281433105,5.680584907531738,0.4294820205259384,0.6553487777709961,24.838809967041016
run_1777424838_3cb5c6c9,1777425836.6886077,17.0,118.0,60.0,-0.7434768676757812,0.0,-7.336411476135254,1.535839557647705,4.3733930587768555,-9.397296905517578,6.5597429275512695,0.5527578527689911,0.7434768676757812,24.838809967041016
run_1777424838_3cb5c6c9,1777425838.6837,17.0,118.0,60.0,-0.7434768676757812,0.0,-7.336411476135254,1.1327028274536133,4.3733930587768555,-9.174702644348145,5.9340128898620605,0.5527578527689911,0.7434768676757812,24.838809967041016
run_1777424838_3cb5c6c9,1777425840.6751623,17.0,118.0,60.0,-0.7875461578369141,0.0,-7.385989189147949,1.7716255187988281,4.632624626159668,-8.939567565917969,6.078567981719971,0.6202289507236856,0.7875461578369141,24.838809967041016
run_1777424838_3cb5c6c9,1777425842.6833808,17.0,118.0,60.0,-0.8316159248352051,0.0,-7.435567855834961,2.4337551593780518,4.891858100891113,-8.696517944335938,6.238415241241455,0.6915850464395135,0.8316159248352051,24.838809967041016
run_1777424838_3cb5c6c9,1777425844.6897175,17.0,118.0,60.0,-0.8756842613220215,0.0,-7.485145092010498,3.118783950805664,5.151083946228027,-8.44555377960205,6.413254261016846,0.7668229255270944,0.8756842613220215,24.838809967041016
run_1777424838_3cb5c6c9,1777425846.6877842,17.0,118.0,60.0,-0.9197392463684082,0.0,-7.5347065925598145,3.7750444412231445,5.410231113433838,-8.176115036010742,6.540928840637207,0.8459202813103275,0.9197392463684082,24.838809967041016
run_1777424838_3cb5c6c9,1777425848.6831903,17.0,118.0,60.0,-1.0078577995300293,0.0,-7.633840084075928,5.488303184509277,5.928575038909912,-7.896785259246826,7.456513404846191,1.0157773440735127,1.0078577995300293,24.838809967041016
run_1777424838_3cb5c6c9,1777425850.6727781,17.0,118.0,60.0,-1.0078577995300293,0.0,-7.633840084075928,5.078779220581055,5.928575038909912,-7.59503698348999,6.745240688323975,1.0157773440735127,1.0078577995300293,24.838809967041016
run_1777424838_3cb5c6c9,1777425852.677133,17.0,118.0,60.0,-1.09598970413208,0.0,-7.732988357543945,6.701683044433594,6.446998596191406,-7.268218040466309,7.522902488708496,1.2011934315635244,1.09598970413208,24.838809967041016
run_1777424838_3cb5c6c9,1777425854.683504,17.0,118.0,60.0,-1.09598970413208,0.0,-7.732988357543945,6.312217712402344,6.446998596191406,-6.940079689025879,6.805298328399658,1.2011934315635244,1.09598970413208,24.838809967041016
run_1777424838_3cb5c6c9,1777425856.6744485,17.0,118.0,60.0,-1.22816801071167,0.0,-7.881689071655273,9.035184860229492,7.224517822265625,-6.595454216003418,8.406121253967285,1.5083966625354606,1.22816801071167,24.838809967041016
run_1777424838_3cb5c6c9,1777425858.683738,17.0,118.0,60.0,-1.22816801071167,0.0,-7.881689071655273,8.601046562194824,7.224517822265625,-6.227738380432129,7.60426664352417,1.5083966625354606,1.22816801071167,24.838809967041016
run_1777424838_3cb5c6c9,1777425860.6899369,17.0,118.0,60.0,-1.316293716430664,0.0,-7.980830192565918,10.305383682250977,7.742904186248779,-5.856065273284912,8.41854476928711,1.7326291479148495,1.316293716430664,24.838809967041016
run_1777424838_3cb5c6c9,1777425862.6827776,17.0,118.0,60.0,-1.316293716430664,0.0,-7.980830192565918,9.896442413330078,7.742904186248779,-5.461966514587402,7.615504264831543,1.7326291479148495,1.316293716430664,24.838809967041016
run_1777424838_3cb5c6c9,1777425864.6803627,17.0,118.0,60.0,-1.3603544235229492,0.0,-8.03039836883545,10.595046043395996,8.00208568572998,-5.06588888168335,7.658849716186523,1.8505641575984555,1.3603544235229492,24.838809967041016
run_1777424838_3cb5c6c9,1777425866.6805503,17.0,118.0,60.0,-1.3603544235229492,0.0,-8.03039836883545,10.27176570892334,8.00208568572998,-4.658595561981201,6.928276062011719,1.8505641575984555,1.3603544235229492,24.838809967041016
run_1777424838_3cb5c6c9,1777425868.6725163,17.0,118.0,60.0,-1.40440034866333,0.0,-8.079950332641602,11.011759757995605,8.261178016662598,-4.241411209106445,6.991992950439453,1.972340339325683,1.40440034866333,24.838809967041016
run_1777424838_3cb5c6c9,1777425870.6819725,17.0,118.0,60.0,-1.4484591484069824,0.0,-8.1295166015625,11.771197319030762,8.520347595214844,-3.8136773109436035,7.06452751159668,2.0980339046038807,1.4484591484069824,24.838809967041016
run_1777424838_3cb5c6c9,1777425872.6734326,17.0,118.0,60.0,-1.4925050735473633,0.0,-8.179068565368652,12.561583518981934,8.779441833496094,-3.378030776977539,7.160172462463379,2.2275713945646203,1.4925050735473633,24.838809967041016
run_1777424838_3cb5c6c9,1777425874.6775808,17.0,118.0,60.0,-1.5365495681762695,0.0,-8.228618621826172,13.331028938293457,9.03852653503418,-2.923919916152954,7.216423034667969,2.3609845754626804,1.5365495681762695,24.838809967041016
run_1777424838_3cb5c6c9,1777425876.6846323,17.0,118.0,60.0,-1.4925050735473633,0.0,-8.179068565368652,12.109148025512695,8.779441833496094,-2.4737632274627686,5.803470611572266,2.2275713945646203,1.4925050735473633,24.838809967041016
run_1777424838_3cb5c6c9,1777425878.6792567,17.0,118.0,60.0,-1.5365495681762695,0.0,-8.228618621826172,13.008013725280762,9.03852653503418,-2.0196502208709717,5.989136695861816,2.3609845754626804,1.5365495681762695,24.838809967041016
run_1777424838_3cb5c6c9,1777425880.6881354,17.0,118.0,60.0,-1.5365495681762695,0.0,-8.228618621826172,12.896760940551758,9.03852653503418,-1.5596030950546265,5.417837619781494,2.3609845754626804,1.5365495681762695,24.838809967041016
run_1777424838_3cb5c6c9,1777425882.683956,17.0,118.0,60.0,-1.5365495681762695,0.0,-8.228618621826172,12.84000301361084,9.03852653503418,-1.0995577573776245,4.9010329246521,2.3609845754626804,1.5365495681762695,24.838809967041016
run_1777424838_3cb5c6c9,1777425884.6872284,17.0,118.0,60.0,-1.5806069374084473,0.0,-8.278182983398438,13.826386451721191,9.297687530517578,-0.6296188831329346,5.158318042755127,2.498318290583711,1.5806069374084473,24.838809967041016
run_1777424838_3cb5c6c9,1777425886.677823,17.0,118.0,60.0,-1.5806069374084473,0.0,-8.278182983398438,13.807575225830078,9.297687530517578,-0.15638196468353271,4.666269779205322,2.498318290583711,1.5806069374084473,24.838809967041016
run_1777424838_3cb5c6c9,1777425888.6837845,17.0,118.0,60.0,-1.5806069374084473,0.0,-8.278182983398438,13.63052749633789,9.297687530517578,0.11168316751718521,4.221156597137451,2.498318290583711,1.5806069374084473,24.838809967041016
run_1777424838_3cb5c6c9,1777425890.6794176,17.0,118.0,60.0,-1.6246514320373535,0.0,-8.327733039855957,14.38621711730957,9.55677318572998,0.2716863453388214,4.557758331298828,2.6394922756210235,1.6246514320373535,24.838809967041016
run_1777424838_3cb5c6c9,1777425892.6769333,17.0,118.0,60.0,-1.5806069374084473,0.0,-8.278182983398438,13.084188461303711,9.297687530517578,0.43300703167915344,3.35349440574646,2.498318290583711,1.5806069374084473,24.838809967041016
run_1777424838_3cb5c6c9,1777425894.673888,17.0,118.0,60.0,-1.5806069374084473,0.0,-8.278182983398438,12.921887397766113,9.297687530517578,0.5905951857566833,3.0336058139801025,2.498318290583711,1.5806069374084473,24.838809967041016
run_1777424838_3cb5c6c9,1777425896.6819718,17.0,118.0,60.0,-1.6246514320373535,0.0,-8.327733039855957,13.73475170135498,9.55677318572998,0.7541131377220154,3.4238648414611816,2.6394922756210235,1.6246514320373535,24.838809967041016
run_1777424838_3cb5c6c9,1777425898.6858346,17.0,118.0,60.0,-1.668722152709961,0.0,-8.377312660217285,14.585582733154297,9.816012382507324,0.9176303744316101,3.8519396781921387,2.784633622944966,1.668722152709961,24.838809967041016
run_1777424838_3cb5c6c9,1777425900.6794999,17.0,118.0,60.0,-1.5806069374084473,0.0,-8.278182983398438,12.410015106201172,9.297687530517578,1.0774141550064087,2.0349133014678955,2.498318290583711,1.5806069374084473,24.838809967041016
run_1777424838_3cb5c6c9,1777425902.6806896,17.0,118.0,60.0,-1.6246514320373535,0.0,-8.327733039855957,13.38834285736084,9.55677318572998,1.2365386486053467,2.5950307846069336,2.6394922756210235,1.6246514320373535,24.838809967041016
run_1777424838_3cb5c6c9,1777425904.6909237,17.0,118.0,60.0,-1.5806069374084473,0.0,-8.278182983398438,12.315823554992676,9.297687530517578,1.39522385597229,1.6229119300842285,2.498318290583711,1.5806069374084473,24.838809967041016
run_1777424838_3cb5c6c9,1777425906.6796198,17.0,118.0,60.0,-1.5806069374084473,0.0,-8.278182983398438,12.318602561950684,9.297687530517578,1.5528110265731812,1.4681034088134766,2.498318290583711,1.5806069374084473,24.838809967041016
run_1777424838_3cb5c6c9,1777425908.6896996,17.0,118.0,60.0,-1.5806069374084473,0.0,-8.278182983398438,12.33614730834961,9.297687530517578,1.7103983163833618,1.328061580657959,2.498318290583711,1.5806069374084473,24.838809967041016
run_1777424838_3cb5c6c9,1777425910.675503,17.0,118.0,60.0,-1.6246514320373535,0.0,-8.327733039855957,13.381901741027832,9.55677318572998,1.8695228099822998,1.9556055068969727,2.6394922756210235,1.6246514320373535,24.838809967041016
run_1777424838_3cb5c6c9,1777425912.6788073,17.0,118.0,60.0,-1.6246514320373535,0.0,-8.327733039855957,13.315023422241211,9.55677318572998,2.034137487411499,1.7241133451461792,2.6394922756210235,1.6246514320373535,24.838809967041016
run_1777424838_3cb5c6c9,1777425914.6795754,17.0,118.0,60.0,-1.5806069374084473,0.0,-8.278182983398438,12.297691345214844,9.297687530517578,2.194579601287842,0.8054243326187134,2.498318290583711,1.5806069374084473,24.838809967041016
run_1777424838_3cb5c6c9,1777425916.6988974,17.0,118.0,60.0,-1.5806069374084473,0.0,-8.278182983398438,12.378449440002441,9.297687530517578,2.3521666526794434,0.7285953164100647,2.498318290583711,1.5806069374084473,24.838809967041016
run_1777424838_3cb5c6c9,1777425918.6980004,17.0,118.0,60.0,-1.5806069374084473,0.0,-8.278182983398438,12.466536521911621,9.297687530517578,2.509753942489624,0.6590948700904846,2.498318290583711,1.5806069374084473,24.838809967041016
run_1777424838_3cb5c6c9,1777425920.675683,17.0,118.0,60.0,-1.5806069374084473,0.0,-8.278182983398438,12.56125259399414,9.297687530517578,2.6673412322998047,0.5962241888046265,2.498318290583711,1.5806069374084473,24.838809967041016
run_1777424838_3cb5c6c9,1777425922.6928494,17.0,118.0,60.0,-1.5806069374084473,0.0,-8.278182983398438,12.661966323852539,9.297687530517578,2.8249285221099854,0.5393506288528442,2.498318290583711,1.5806069374084473,24.838809967041016
run_1777424838_3cb5c6c9,1777425924.6752465,17.0,118.0,60.0,-1.668722152709961,0.0,-8.377312660217285,14.742610931396484,9.816012382507324,2.9891037940979004,1.9374949932098389,2.784633622944966,1.668722152709961,24.838809967041016
run_1777424838_3cb5c6c9,1777425926.677725,17.0,118.0,60.0,-1.5806069374084473,0.0,-8.278182983398438,12.776679039001465,9.297687530517578,3.1471304893493652,0.3318609297275543,2.498318290583711,1.5806069374084473,24.838809967041016
run_1777424838_3cb5c6c9,1777425928.6820498,17.0,118.0,60.0,-1.5806069374084473,0.0,-8.278182983398438,12.902609825134277,9.297687530517578,3.304717779159546,0.300204873085022,2.498318290583711,1.5806069374084473,24.838809967041016
run_1777424838_3cb5c6c9,1777425930.6722314,17.0,118.0,60.0,-1.5806069374084473,0.0,-8.278182983398438,12.990164756774902,9.297687530517578,3.464937925338745,0.2275390625,2.498318290583711,1.5806069374084473,24.838809967041016
run_1777424838_3cb5c6c9,1777425932.6826558,17.0,118.0,60.0,-1.6246514320373535,0.0,-8.327733039855957,14.113004684448242,9.55677318572998,3.625816583633423,0.9304149746894836,2.6394922756210235,1.6246514320373535,24.838809967041016
run_1777424838_3cb5c6c9,1777425934.6748102,17.0,118.0,60.0,-1.668722152709961,0.0,-8.377312660217285,15.160264015197754,9.816012382507324,3.7919681072235107,1.5522831678390503,2.784633622944966,1.668722152709961,24.838809967041016
run_1777424838_3cb5c6c9,1777425936.6762784,17.0,118.0,60.0,-1.6246514320373535,0.0,-8.327733039855957,14.191015243530273,9.55677318572998,3.955042839050293,0.6791996955871582,2.6394922756210235,1.6246514320373535,24.838809967041016
run_1777424838_3cb5c6c9,1777425938.6853118,17.0,118.0,60.0,-1.6246514320373535,0.0,-8.327733039855957,14.288202285766602,9.55677318572998,4.117018222808838,0.6144111752510071,2.6394922756210235,1.6246514320373535,24.838809967041016
run_1777424838_3cb5c6c9,1777425940.677023,17.0,118.0,60.0,-1.668722152709961,0.0,-8.377312660217285,15.379117012023926,9.816012382507324,4.282290935516357,1.2808148860931396,2.784633622944966,1.668722152709961,24.838809967041016
run_1777424838_3cb5c6c9,1777425942.67237,17.0,118.0,60.0,-1.668722152709961,0.0,-8.377312660217285,15.46473217010498,9.816012382507324,4.4460248947143555,1.2026945352554321,2.784633622944966,1.668722152709961,24.838809967041016
run_1777424838_3cb5c6c9,1777425944.6787138,17.0,118.0,60.0,-1.5806069374084473,0.0,-8.278182983398438,13.54187297821045,9.297687530517578,4.605808258056641,-0.3616226017475128,2.498318290583711,1.5806069374084473,24.838809967041016
run_1777424838_3cb5c6c9,1777425946.6764677,17.0,118.0,60.0,-1.5806069374084473,0.0,-8.278182983398438,13.733954429626465,9.297687530517578,4.763395309448242,-0.3271276354789734,2.498318290583711,1.5806069374084473,24.838809967041016
run_1777424838_3cb5c6c9,1777425948.6751783,17.0,118.0,60.0,-1.5806069374084473,0.0,-8.278182983398438,13.922746658325195,9.297687530517578,4.920982360839844,-0.295923113822937,2.498318290583711,1.5806069374084473,24.838809967041016
run_1777424838_3cb5c6c9,1777425950.6805656,17.0,118.0,60.0,-1.5806069374084473,0.0,-8.278182983398438,14.108562469482422,9.297687530517578,5.0785698890686035,-0.2676951587200165,2.498318290583711,1.5806069374084473,24.838809967041016
run_1777424838_3cb5c6c9,1777425952.6830711,17.0,118.0,60.0,-1.5806069374084473,0.0,-8.278182983398438,14.2916841506958,9.297687530517578,5.236156940460205,-0.2421598583459854,2.498318290583711,1.5806069374084473,24.838809967041016
run_1777424838_3cb5c6c9,1777425954.6763635,17.0,118.0,60.0,-1.6246514320373535,0.0,-8.327733039855957,15.445822715759277,9.55677318572998,5.397913455963135,0.49113696813583374,2.6394922756210235,1.6246514320373535,24.838809967041016
run_1777424838_3cb5c6c9,1777425956.6787186,17.0,118.0,60.0,-1.5806069374084473,0.0,-8.278182983398438,14.560195922851562,9.297687530517578,5.5574750900268555,-0.2949674725532532,2.498318290583711,1.5806069374084473,24.838809967041016
run_1777424838_3cb5c6c9,1777425958.6894066,17.0,118.0,60.0,-1.5365495681762695,0.0,-8.228618621826172,13.772183418273926,9.03852653503418,5.710893630981445,-0.977235734462738,2.3609845754626804,1.5365495681762695,24.838809967041016
run_1777424838_3cb5c6c9,1777425960.68402,17.0,118.0,60.0,-1.5806069374084473,0.0,-8.278182983398438,15.019646644592285,9.297687530517578,5.866506099700928,-0.1445465385913849,2.498318290583711,1.5806069374084473,24.838809967041016
run_1777424838_3cb5c6c9,1777425962.6845338,17.0,118.0,60.0,-1.5365495681762695,0.0,-8.228618621826172,14.17587661743164,9.03852653503418,6.022557258605957,-0.8852058053016663,2.3609845754626804,1.5365495681762695,24.838809967041016
run_1777424838_3cb5c6c9,1777425964.6730702,17.0,118.0,60.0,-1.5806069374084473,0.0,-8.278182983398438,15.41456127166748,9.297687530517578,6.1781697273254395,-0.061295285820961,2.498318290583711,1.5806069374084473,24.838809967041016
run_1777424838_3cb5c6c9,1777425966.672647,17.0,118.0,60.0,-1.5365495681762695,0.0,-8.228618621826172,14.60426139831543,9.03852653503418,6.331587791442871,-0.765853226184845,2.3609845754626804,1.5365495681762695,24.838809967041016
run_1777424838_3cb5c6c9,1777425968.6817138,17.0,118.0,60.0,-1.5365495681762695,0.0,-8.228618621826172,14.830514907836914,9.03852653503418,6.484786510467529,-0.692798912525177,2.3609845754626804,1.5365495681762695,24.838809967041016
run_1777424838_3cb5c6c9,1777425970.67007,17.0,118.0,60.0,-1.5806069374084473,0.0,-8.278182983398438,16.0649471282959,9.297687530517578,6.639523983001709,0.12773416936397552,2.498318290583711,1.5806069374084473,24.838809967041016
run_1777424838_3cb5c6c9,1777425972.6728272,17.0,118.0,60.0,-1.5365495681762695,0.0,-8.228618621826172,15.209304809570312,9.03852653503418,6.794700622558594,-0.6239216327667236,2.3609845754626804,1.5365495681762695,24.838809967041016
run_1777424838_3cb5c6c9,1777425974.6800594,17.0,118.0,60.0,-1.5365495681762695,0.0,-8.228618621826172,15.477807998657227,9.03852653503418,6.944383144378662,-0.5051015615463257,2.3609845754626804,1.5365495681762695,24.838809967041016
run_1777424838_3cb5c6c9,1777425976.6876538,17.0,118.0,60.0,-1.5365495681762695,0.0,-8.228618621826172,15.679187774658203,9.03852653503418,7.09758186340332,-0.45692020654678345,2.3609845754626804,1.5365495681762695,24.838809967041016
run_1777424838_3cb5c6c9,1777425978.6764414,17.0,118.0,60.0,-1.4925050735473633,0.0,-8.179068565368652,14.902514457702637,8.779441833496094,7.2466044425964355,-1.1235324144363403,2.2275713945646203,1.4925050735473633,24.838809967041016
run_1777424838_3cb5c6c9,1777425980.6795542,17.0,118.0,60.0,-1.4484591484069824,0.0,-8.1295166015625,14.157698631286621,8.520347595214844,7.392989635467529,-1.755638599395752,2.0980339046038807,1.4484591484069824,24.838809967041016
run_1777424838_3cb5c6c9,1777425982.67961,17.0,118.0,60.0,-1.4484591484069824,0.0,-8.1295166015625,14.469575881958008,8.520347595214844,7.5373969078063965,-1.5881690979003906,2.0980339046038807,1.4484591484069824,24.838809967041016
run_1777424838_3cb5c6c9,1777425984.6749206,17.0,118.0,60.0,-1.4925050735473633,0.0,-8.179068565368652,15.766268730163574,8.779441833496094,7.6842217445373535,-0.6973955035209656,2.2275713945646203,1.4925050735473633,24.838809967041016
run_1777424838_3cb5c6c9,1777425986.6796155,17.0,118.0,60.0,-1.4925050735473633,0.0,-8.179068565368652,16.037385940551758,8.779441833496094,7.829508304595947,-0.5715649127960205,2.2275713945646203,1.4925050735473633,24.838809967041016
run_1777424838_3cb5c6c9,1777425988.674159,17.0,118.0,60.0,-1.4484591484069824,0.0,-8.1295166015625,15.239917755126953,8.520347595214844,7.975893497467041,-1.2563227415084839,2.0980339046038807,1.4484591484069824,24.838809967041016
run_1777424838_3cb5c6c9,1777425990.679769,17.0,118.0,60.0,-1.40440034866333,0.0,-8.079950332641602,14.530406951904297,8.261178016662598,8.116138458251953,-1.8469109535217285,1.972340339325683,1.40440034866333,24.838809967041016
run_1777424838_3cb5c6c9,1777425992.6740763,17.0,118.0,60.0,-1.40440034866333,0.0,-8.079950332641602,14.846609115600586,8.261178016662598,8.25616455078125,-1.6707351207733154,1.972340339325683,1.40440034866333,24.838809967041016
run_1777424838_3cb5c6c9,1777425994.6775916,17.0,118.0,60.0,-1.4484591484069824,0.0,-8.1295166015625,16.175582885742188,8.520347595214844,8.396848678588867,-0.7416129112243652,2.0980339046038807,1.4484591484069824,24.838809967041016
run_1777424838_3cb5c6c9,1777425996.6747186,17.0,118.0,60.0,-1.40440034866333,0.0,-8.079950332641602,15.38965892791748,8.261178016662598,8.538846015930176,-1.4103662967681885,1.972340339325683,1.40440034866333,24.838809967041016
run_1777424838_3cb5c6c9,1777425998.6851957,17.0,118.0,60.0,-1.4484591484069824,0.0,-8.1295166015625,16.637977600097656,8.520347595214844,8.68303394317627,-0.5654041767120361,2.0980339046038807,1.4484591484069824,24.838809967041016
run_1777424838_3cb5c6c9,1777426000.6729805,17.0,118.0,60.0,-1.3603544235229492,0.0,-8.03039836883545,14.834453582763672,8.00208568572998,8.822613716125488,-1.9902451038360596,1.8505641575984555,1.3603544235229492,24.838809967041016
run_1777424838_3cb5c6c9,1777426002.684902,17.0,118.0,60.0,-1.3603544235229492,0.0,-8.03039836883545,15.159932136535645,8.00208568572998,8.958244323730469,-1.80039644241333,1.8505641575984555,1.3603544235229492,24.838809967041016
run_1777424838_3cb5c6c9,1777426004.6898303,17.0,118.0,60.0,-1.3603544235229492,0.0,-8.03039836883545,15.467301368713379,8.00208568572998,9.09387493133545,-1.6286578178405762,1.8505641575984555,1.3603544235229492,24.838809967041016
run_1777424838_3cb5c6c9,1777426006.674075,17.0,118.0,60.0,-1.3603544235229492,0.0,-8.03039836883545,15.75828742980957,8.00208568572998,9.22950553894043,-1.4733012914657593,1.8505641575984555,1.3603544235229492,24.838809967041016
run_1777424838_3cb5c6c9,1777426008.6786613,17.0,118.0,60.0,-1.316293716430664,0.0,-7.980830192565918,15.033329963684082,7.742904186248779,9.362717628479004,-2.072291374206543,1.7326291479148495,1.316293716430664,24.838809967041016
run_1777424838_3cb5c6c9,1777426010.6782644,17.0,118.0,60.0,-1.316293716430664,0.0,-7.980830192565918,15.319938659667969,7.742904186248779,9.496589660644531,-1.919554352760315,1.7326291479148495,1.316293716430664,24.838809967041016
run_1777424838_3cb5c6c9,1777426012.6748848,17.0,118.0,60.0,-1.316293716430664,0.0,-7.980830192565918,15.634279251098633,7.742904186248779,9.627823829650879,-1.7364492416381836,1.7326291479148495,1.316293716430664,24.838809967041016
run_1777424838_3cb5c6c9,1777426014.6929357,17.0,118.0,60.0,-1.2722172737121582,0.0,-7.931244373321533,14.943477630615234,7.483631134033203,9.755762100219727,-2.2959165573120117,1.6185367915315965,1.2722172737121582,24.838809967041016
run_1777424838_3cb5c6c9,1777426016.6721468,17.0,118.0,60.0,-1.2722172737121582,0.0,-7.931244373321533,15.289321899414062,7.483631134033203,9.882600784301758,-2.0769107341766357,1.6185367915315965,1.2722172737121582,24.838809967041016
run_1777424838_3cb5c6c9,1777426018.6787212,17.0,118.0,60.0,-1.2722172737121582,0.0,-7.931244373321533,15.614274024963379,7.483631134033203,10.009439468383789,-1.878796100616455,1.6185367915315965,1.2722172737121582,24.838809967041016
run_1777424838_3cb5c6c9,1777426020.6748414,17.0,118.0,60.0,-1.2722172737121582,0.0,-7.931244373321533,15.920331001281738,7.483631134033203,10.13627815246582,-1.6995785236358643,1.6185367915315965,1.2722172737121582,24.838809967041016
run_1777424838_3cb5c6c9,1777426022.682231,17.0,118.0,60.0,-1.2722172737121582,0.0,-7.931244373321533,16.209291458129883,7.483631134033203,10.263116836547852,-1.5374565124511719,1.6185367915315965,1.2722172737121582,24.838809967041016
run_1777424838_3cb5c6c9,1777426024.6800106,17.0,118.0,60.0,-1.22816801071167,0.0,-7.881689071655273,15.48192024230957,7.224517822265625,10.387537956237793,-2.1301350593566895,1.5083966625354606,1.22816801071167,24.838809967041016
run_1777424838_3cb5c6c9,1777426026.6831284,17.0,118.0,60.0,-1.22816801071167,0.0,-7.881689071655273,15.807555198669434,7.224517822265625,10.509980201721191,-1.9269425868988037,1.5083966625354606,1.22816801071167,24.838809967041016
run_1777424838_3cb5c6c9,1777426028.68095,17.0,118.0,60.0,-1.22816801071167,0.0,-7.881689071655273,16.113807678222656,7.224517822265625,10.632423400878906,-1.7431331872940063,1.5083966625354606,1.22816801071167,24.838809967041016
run_1777424838_3cb5c6c9,1777426030.6692624,17.0,118.0,60.0,-1.1841039657592773,0.0,-7.832117080688477,15.37282657623291,6.965317726135254,10.7542085647583,-2.3466999530792236,1.4021022017268479,1.1841039657592773,24.838809967041016
run_1777424838_3cb5c6c9,1777426032.679375,17.0,118.0,60.0,-1.1841039657592773,0.0,-7.832117080688477,15.714738845825195,6.965317726135254,10.872270584106445,-2.122849464416504,1.4021022017268479,1.1841039657592773,24.838809967041016
run_1777424838_3cb5c6c9,1777426034.671436,17.0,118.0,60.0,-1.22816801071167,0.0,-7.881689071655273,17.064998626708984,7.224517822265625,10.990989685058594,-1.1505086421966553,1.5083966625354606,1.22816801071167,24.838809967041016
run_1777424838_3cb5c6c9,1777426036.6767952,17.0,118.0,60.0,-1.22816801071167,0.0,-7.881689071655273,17.29718780517578,7.224517822265625,11.113432884216309,-1.0407623052597046,1.5083966625354606,1.22816801071167,24.838809967041016
run_1777424838_3cb5c6c9,1777426038.6702435,17.0,118.0,60.0,-1.1400408744812012,0.0,-7.782545566558838,15.501840591430664,6.706122875213623,11.23193073272705,-2.436213493347168,1.2996931954878619,1.1400408744812012,24.838809967041016
run_1777424838_3cb5c6c9,1777426040.6866305,17.0,118.0,60.0,-1.1400408744812012,0.0,-7.782545566558838,15.847894668579102,6.706122875213623,11.345596313476562,-2.203824996948242,1.2996931954878619,1.1400408744812012,24.838809967041016
run_1777424838_3cb5c6c9,1777426042.6839848,17.0,118.0,60.0,-1.1400408744812012,0.0,-7.782545566558838,16.171781539916992,6.706122875213623,11.45926284790039,-1.9936034679412842,1.2996931954878619,1.1400408744812012,24.838809967041016
run_1777424838_3cb5c6c9,1777426044.6755154,17.0,118.0,60.0,-1.1400408744812012,0.0,-7.782545566558838,16.475616455078125,6.706122875213623,11.572928428649902,-1.8034348487854004,1.2996931954878619,1.1400408744812012,24.838809967041016
run_1777424838_3cb5c6c9,1777426046.676555,17.0,118.0,60.0,-1.09598970413208,0.0,-7.732988357543945,15.73190975189209,6.446998596191406,11.685935020446777,-2.40102481842041,1.2011934315635244,1.09598970413208,24.838809967041016
run_1777424838_3cb5c6c9,1777426048.697582,17.0,118.0,60.0,-1.1400408744812012,0.0,-7.782545566558838,17.085214614868164,6.706122875213623,11.796744346618652,-1.4176512956619263,1.2996931954878619,1.1400408744812012,24.838809967041016
run_1777424838_3cb5c6c9,1777426050.6690607,17.0,118.0,60.0,-1.0519099235534668,0.0,-7.683398723602295,15.274638175964355,6.1877055168151855,11.90909194946289,-2.8221595287323,1.1065144872702604,1.0519099235534668,24.838809967041016
run_1777424838_3cb5c6c9,1777426052.6781292,17.0,118.0,60.0,-1.1400408744812012,0.0,-7.782545566558838,17.67938232421875,6.706122875213623,12.017043113708496,-1.0437828302383423,1.2996931954878619,1.1400408744812012,24.838809967041016
run_1777424838_3cb5c6c9,1777426054.6745858,17.0,118.0,60.0,-1.0519099235534668,0.0,-7.683398723602295,15.91775131225586,6.1877055168151855,12.124114990234375,-2.394068956375122,1.1065144872702604,1.0519099235534668,24.838809967041016
run_1777424838_3cb5c6c9,1777426056.694653,17.0,118.0,60.0,-1.0519099235534668,0.0,-7.683398723602295,16.20956802368164,6.1877055168151855,12.231627464294434,-2.2097651958465576,1.1065144872702604,1.0519099235534668,24.838809967041016
run_1777424838_3cb5c6c9,1777426058.6703436,17.0,118.0,60.0,-1.0078577995300293,0.0,-7.633840084075928,15.53809642791748,5.928575038909912,12.33320426940918,-2.7236828804016113,1.0157773440735127,1.0078577995300293,24.838809967041016
run_1777424838_3cb5c6c9,1777426060.6768477,17.0,118.0,60.0,-1.0078577995300293,0.0,-7.633840084075928,15.898386001586914,5.928575038909912,12.433683395385742,-2.4638726711273193,1.0157773440735127,1.0078577995300293,24.838809967041016
run_1777424838_3cb5c6c9,1777426062.6746655,17.0,118.0,60.0,-1.0519099235534668,0.0,-7.683398723602295,17.221025466918945,6.1877055168151855,12.537458419799805,-1.5041391849517822,1.1065144872702604,1.0519099235534668,24.838809967041016
run_1777424838_3cb5c6c9,1777426064.6756535,17.0,118.0,60.0,-0.9637908935546875,0.0,-7.584264755249023,15.48039436340332,5.669358253479004,12.636627197265625,-2.8255908489227295,0.928892886498943,0.9637908935546875,24.838809967041016
run_1777424838_3cb5c6c9,1777426066.6790977,17.0,118.0,60.0,-0.9637908935546875,0.0,-7.584264755249023,15.84600830078125,5.669358253479004,12.732709884643555,-2.5560598373413086,0.928892886498943,0.9637908935546875,24.838809967041016
run_1777424838_3cb5c6c9,1777426068.6754599,17.0,118.0,60.0,-0.9637908935546875,0.0,-7.584264755249023,16.1859130859375,5.669358253479004,12.828792572021484,-2.3122386932373047,0.928892886498943,0.9637908935546875,24.838809967041016
run_1777424838_3cb5c6c9,1777426070.6883836,17.0,118.0,60.0,-0.9637908935546875,0.0,-7.584264755249023,16.5025577545166,5.669358253479004,12.924875259399414,-2.0916759967803955,0.928892886498943,0.9637908935546875,24.838809967041016
run_1777424838_3cb5c6c9,1777426072.6794298,17.0,118.0,60.0,-0.9637908935546875,0.0,-7.584264755249023,16.83957290649414,5.669358253479004,13.018329620361328,-1.8481152057647705,0.928892886498943,0.9637908935546875,24.838809967041016
run_1777424838_3cb5c6c9,1777426074.680848,17.0,118.0,60.0,-0.9637908935546875,0.0,-7.584264755249023,17.11194610595703,5.669358253479004,13.114412307739258,-1.6718242168426514,0.928892886498943,0.9637908935546875,24.838809967041016
run_1777424838_3cb5c6c9,1777426076.6729927,17.0,118.0,60.0,-0.9197392463684082,0.0,-7.5347065925598145,16.352493286132812,5.410231113433838,13.208961486816406,-2.2666995525360107,0.8459202813103275,0.9197392463684082,24.838809967041016
run_1777424838_3cb5c6c9,1777426078.6716034,17.0,118.0,60.0,-0.9197392463684082,0.0,-7.5347065925598145,16.66041374206543,5.410231113433838,13.300662994384766,-2.0504796504974365,0.8459202813103275,0.9197392463684082,24.838809967041016
run_1777424838_3cb5c6c9,1777426080.6742013,17.0,118.0,60.0,-0.8756842613220215,0.0,-7.485145092010498,15.974034309387207,5.151083946228027,13.388202667236328,-2.5652523040771484,0.7668229255270944,0.8756842613220215,24.838809967041016
run_1777424838_3cb5c6c9,1777426082.6858368,17.0,118.0,60.0,-0.8756842613220215,0.0,-7.485145092010498,16.306053161621094,5.151083946228027,13.475523948669434,-2.320554256439209,0.7668229255270944,0.8756842613220215,24.838809967041016
run_1777424838_3cb5c6c9,1777426084.6852002,17.0,118.0,60.0,-0.8756842613220215,0.0,-7.485145092010498,16.573318481445312,5.151083946228027,13.565473556518555,-2.143237829208374,0.7668229255270944,0.8756842613220215,24.838809967041016
run_1777424838_3cb5c6c9,1777426086.691144,17.0,118.0,60.0,-0.8756842613220215,0.0,-7.485145092010498,16.865081787109375,5.151083946228027,13.652793884277344,-1.938795804977417,0.7668229255270944,0.8756842613220215,24.838809967041016
run_1777424838_3cb5c6c9,1777426088.6668015,17.0,118.0,60.0,-0.8316159248352051,0.0,-7.435567855834961,16.163345336914062,4.891858100891113,13.73592472076416,-2.4644370079040527,0.6915850464395135,0.8316159248352051,24.838809967041016
run_1777424838_3cb5c6c9,1777426090.6799035,17.0,118.0,60.0,-0.7875461578369141,0.0,-7.385989189147949,15.48001480102539,4.632624626159668,13.816425323486328,-2.9690349102020264,0.6202289507236856,0.7875461578369141,24.838809967041016
run_1777424838_3cb5c6c9,1777426092.6711137,17.0,118.0,60.0,-0.7875461578369141,0.0,-7.385989189147949,15.841758728027344,4.632624626159668,13.894954681396484,-2.685821056365967,0.6202289507236856,0.7875461578369141,24.838809967041016
run_1777424838_3cb5c6c9,1777426094.6683586,17.0,118.0,60.0,-0.8316159248352051,0.0,-7.435567855834961,17.17780876159668,4.891858100891113,13.975893020629883,-1.6899429559707642,0.6915850464395135,0.8316159248352051,24.838809967041016
run_1777424838_3cb5c6c9,1777426096.6781917,17.0,118.0,60.0,-0.7434768676757812,0.0,-7.336411476135254,15.391066551208496,4.3733930587768555,14.055726051330566,-3.0380516052246094,0.5527578527689911,0.7434768676757812,24.838809967041016
run_1777424838_3cb5c6c9,1777426098.6675901,17.0,118.0,60.0,-0.7434768676757812,0.0,-7.336411476135254,15.754982948303223,4.3733930587768555,14.129844665527344,-2.748253345489502,0.5527578527689911,0.7434768676757812,24.838809967041016
run_1777424838_3cb5c6c9,1777426100.682342,17.0,118.0,60.0,-0.7434768676757812,0.0,-7.336411476135254,16.09125518798828,4.3733930587768555,14.203962326049805,-2.4860990047454834,0.5527578527689911,0.7434768676757812,24.838809967041016
run_1777424838_3cb5c6c9,1777426102.6711063,17.0,118.0,60.0,-0.7434768676757812,0.0,-7.336411476135254,16.40252113342285,4.3733930587768555,14.278080940246582,-2.2489516735076904,0.5527578527689911,0.7434768676757812,24.838809967041016
run_1777424838_3cb5c6c9,1777426104.6695974,17.0,118.0,60.0,-0.6994061470031738,0.0,-7.286831855773926,15.717145919799805,4.114153861999512,14.348037719726562,-2.7450456619262695,0.4891689584658252,0.6994061470031738,24.838809967041016
run_1777424838_3cb5c6c9,1777426106.6803763,17.0,118.0,60.0,-0.6994061470031738,0.0,-7.286831855773926,16.048730850219727,4.114153861999512,14.41777515411377,-2.4831976890563965,0.4891689584658252,0.6994061470031738,24.838809967041016
run_1777424838_3cb5c6c9,1777426108.676828,17.0,118.0,60.0,-0.6994061470031738,0.0,-7.286831855773926,16.3553409576416,4.114153861999512,14.487512588500977,-2.2463266849517822,0.4891689584658252,0.6994061470031738,24.838809967041016
run_1777424838_3cb5c6c9,1777426110.6847124,17.0,118.0,60.0,-0.7434768676757812,0.0,-7.336411476135254,17.640695571899414,4.3733930587768555,14.559659004211426,-1.2923556566238403,0.5527578527689911,0.7434768676757812,24.838809967041016
run_1777424838_3cb5c6c9,1777426112.6813555,17.0,118.0,60.0,-0.6553487777709961,0.0,-7.23726749420166,15.778687477111816,3.8549928665161133,14.632458686828613,-2.7087650299072266,0.4294820205259384,0.6553487777709961,24.838809967041016
run_1777424838_3cb5c6c9,1777426114.6715317,17.0,118.0,60.0,-0.6994061470031738,0.0,-7.286831855773926,17.103458404541016,4.114153861999512,14.700211524963379,-1.7109060287475586,0.4891689584658252,0.6994061470031738,24.838809967041016
run_1777424838_3cb5c6c9,1777426116.6805203,17.0,118.0,60.0,-0.6994061470031738,0.0,-7.286831855773926,17.392192840576172,4.114153861999512,14.766420364379883,-1.4883816242218018,0.4891689584658252,0.6994061470031738,24.838809967041016
run_1777424838_3cb5c6c9,1777426118.6693664,17.0,118.0,60.0,-0.6994061470031738,0.0,-7.286831855773926,17.603904724121094,4.114153861999512,14.83615779876709,-1.3464057445526123,0.4891689584658252,0.6994061470031738,24.838809967041016
run_1777424838_3cb5c6c9,1777426120.6763406,17.0,118.0,60.0,-0.6112766265869141,0.0,-7.187685966491699,15.854268074035645,3.5957448482513428,14.897542953491211,-2.639021158218384,0.37365911421147757,0.6112766265869141,24.838809967041016
run_1777424838_3cb5c6c9,1777426122.672242,17.0,118.0,60.0,-0.6112766265869141,0.0,-7.187685966491699,16.166948318481445,3.5957448482513428,14.958488464355469,-2.387286424636841,0.37365911421147757,0.6112766265869141,24.838809967041016
run_1777424838_3cb5c6c9,1777426124.7076328,17.0,118.0,60.0,-0.6553487777709961,0.0,-7.23726749420166,17.485506057739258,3.8549928665161133,15.020092010498047,-1.389579176902771,0.4294820205259384,0.6553487777709961,24.838809967041016
run_1777424838_3cb5c6c9,1777426126.6921098,17.0,118.0,60.0,-0.567204475402832,0.0,-7.1381049156188965,15.680628776550293,3.3364970684051514,15.080599784851074,-2.736466646194458,0.3217209169170019,0.567204475402832,24.838809967041016
run_1777424838_3cb5c6c9,1777426128.6771333,17.0,118.0,60.0,-0.567204475402832,0.0,-7.1381049156188965,15.998225212097168,3.3364970684051514,15.137164115905762,-2.4754366874694824,0.3217209169170019,0.567204475402832,24.838809967041016
run_1777424838_3cb5c6c9,1777426130.666608,17.0,118.0,60.0,-0.567204475402832,0.0,-7.1381049156188965,16.29092025756836,3.3364970684051514,15.193729400634766,-2.2393064498901367,0.3217209169170019,0.567204475402832,24.838809967041016
run_1777424838_3cb5c6c9,1777426132.6761336,17.0,118.0,60.0,-0.5231304168701172,0.0,-7.088521957397461,15.531150817871094,3.077237606048584,15.249631881713867,-2.7957189083099365,0.2736654330547026,0.5231304168701172,24.838809967041016
run_1777424838_3cb5c6c9,1777426134.6687562,17.0,118.0,60.0,-0.5231304168701172,0.0,-7.088521957397461,15.849987030029297,3.077237606048584,15.301786422729492,-2.5290369987487793,0.2736654330547026,0.5231304168701172,24.838809967041016
run_1777424838_3cb5c6c9,1777426136.675352,17.0,118.0,60.0,-0.567204475402832,0.0,-7.1381049156188965,17.131019592285156,3.3364970684051514,15.357248306274414,-1.5627267360687256,0.3217209169170019,0.567204475402832,24.838809967041016
run_1777424838_3cb5c6c9,1777426138.6839778,17.0,118.0,60.0,-0.5231304168701172,0.0,-7.088521957397461,16.335214614868164,3.077237606048584,15.41138744354248,-2.1534104347229004,0.2736654330547026,0.5231304168701172,24.838809967041016
run_1777424838_3cb5c6c9,1777426140.6825726,17.0,118.0,60.0,-0.47905588150024414,0.0,-7.038938045501709,15.562836647033691,2.8179757595062256,15.462883949279785,-2.718024492263794,0.22949453759997596,0.47905588150024414,24.838809967041016
run_1777424838_3cb5c6c9,1777426142.6699593,17.0,118.0,60.0,-0.47905588150024414,0.0,-7.038938045501709,15.869879722595215,2.8179757595062256,15.51065731048584,-2.458754062652588,0.22949453759997596,0.47905588150024414,24.838809967041016
run_1777424838_3cb5c6c9,1777426144.6737893,17.0,118.0,60.0,-0.47905588150024414,0.0,-7.038938045501709,16.1098690032959,2.8179757595062256,15.56105899810791,-2.269166946411133,0.22949453759997596,0.47905588150024414,24.838809967041016
run_1777424838_3cb5c6c9,1777426146.6783583,17.0,118.0,60.0,-0.47905588150024414,0.0,-7.038938045501709,16.374095916748047,2.8179757595062256,15.608832359313965,-2.0527126789093018,0.22949453759997596,0.47905588150024414,24.838809967041016
run_1777424838_3cb5c6c9,1777426148.6698222,17.0,118.0,60.0,-0.5231304168701172,0.0,-7.088521957397461,17.605297088623047,3.077237606048584,15.659891128540039,-1.1318309307098389,0.2736654330547026,0.5231304168701172,24.838809967041016
run_1777424838_3cb5c6c9,1777426150.6708353,17.0,118.0,60.0,-0.5231304168701172,0.0,-7.088521957397461,17.765417098999023,3.077237606048584,15.712044715881348,-1.0238659381866455,0.2736654330547026,0.5231304168701172,24.838809967041016
run_1777424838_3cb5c6c9,1777426152.6730433,17.0,118.0,60.0,-0.4349956512451172,0.0,-6.989370346069336,15.940289497375488,2.55879807472229,15.75760555267334,-2.3761143684387207,0.18922121660216362,0.4349956512451172,24.838809967041016
run_1777424838_3cb5c6c9,1777426154.6778083,17.0,118.0,60.0,-0.4349956512451172,0.0,-6.989370346069336,16.210308074951172,2.55879807472229,15.800968170166016,-2.149458408355713,0.18922121660216362,0.4349956512451172,24.838809967041016
run_1777424838_3cb5c6c9,1777426156.6699934,17.0,118.0,60.0,-0.47905588150024414,0.0,-7.038938045501709,17.48832130432129,2.8179757595062256,15.844991683959961,-1.1746463775634766,0.22949453759997596,0.47905588150024414,24.838809967041016
run_1777424838_3cb5c6c9,1777426158.6687596,17.0,118.0,60.0,-0.47905588150024414,0.0,-7.038938045501709,17.648143768310547,2.8179757595062256,15.892765045166016,-1.0625977516174316,0.22949453759997596,0.47905588150024414,24.838809967041016
run_1777424838_3cb5c6c9,1777426160.6682093,17.0,118.0,60.0,-0.4349956512451172,0.0,-6.989370346069336,16.85227394104004,2.55879807472229,15.934601783752441,-1.6411241292953491,0.18922121660216362,0.4349956512451172,24.838809967041016
run_1777424838_3cb5c6c9,1777426162.6797106,17.0,118.0,60.0,-0.4349956512451172,0.0,-6.989370346069336,17.052183151245117,2.55879807472229,15.9779634475708,-1.484578251838684,0.18922121660216362,0.4349956512451172,24.838809967041016
run_1777424838_3cb5c6c9,1777426164.6777651,17.0,118.0,60.0,-0.3468303680419922,0.0,-6.89018440246582,15.176883697509766,2.0401787757873535,16.020008087158203,-2.8833024501800537,0.12029130419614376,0.3468303680419922,24.838809967041016
run_1777424838_3cb5c6c9,1777426166.6755702,17.0,118.0,60.0,-0.3468303680419922,0.0,-6.89018440246582,15.486490249633789,2.0401787757873535,16.05457878112793,-2.6082658767700195,0.12029130419614376,0.3468303680419922,24.838809967041016
run_1777424838_3cb5c6c9,1777426168.6739738,17.0,118.0,60.0,-0.3468303680419922,0.0,-6.89018440246582,15.76986312866211,2.0401787757873535,16.089149475097656,-2.359464645385742,0.12029130419614376,0.3468303680419922,24.838809967041016
run_1777424838_3cb5c6c9,1777426170.6737766,17.0,118.0,60.0,-0.3468303680419922,0.0,-6.89018440246582,16.029502868652344,2.0401787757873535,16.123720169067383,-2.134396553039551,0.12029130419614376,0.3468303680419922,24.838809967041016
run_1777424838_3cb5c6c9,1777426172.682071,17.0,118.0,60.0,-0.3468303680419922,0.0,-6.89018440246582,16.267671585083008,2.0401787757873535,16.15829086303711,-1.930797815322876,0.12029130419614376,0.3468303680419922,24.838809967041016
run_1777424838_3cb5c6c9,1777426174.6791444,17.0,118.0,60.0,-0.3468303680419922,0.0,-6.89018440246582,16.486419677734375,2.0401787757873535,16.192861557006836,-1.7466201782226562,0.12029130419614376,0.3468303680419922,24.838809967041016
run_1777424838_3cb5c6c9,1777426176.6771183,17.0,118.0,60.0,-0.3027677536010742,0.0,-6.84061336517334,15.657931327819824,1.7809867858886719,16.226774215698242,-2.3498294353485107,0.09166831262064079,0.3027677536010742,24.838809967041016
run_1777424838_3cb5c6c9,1777426178.6741428,17.0,118.0,60.0,-0.3027677536010742,0.0,-6.84061336517334,15.912270545959473,1.7809867858886719,16.2569637298584,-2.125680923461914,0.09166831262064079,0.3027677536010742,24.838809967041016
run_1777424838_3cb5c6c9,1777426180.6762867,17.0,118.0,60.0,-0.3027677536010742,0.0,-6.84061336517334,16.145227432250977,1.7809867858886719,16.287153244018555,-1.9229134321212769,0.09166831262064079,0.3027677536010742,24.838809967041016
run_1777424838_3cb5c6c9,1777426182.6711733,17.0,118.0,60.0,-0.3468303680419922,0.0,-6.89018440246582,17.37410545349121,2.0401787757873535,16.318876266479492,-0.9849503636360168,0.12029130419614376,0.3468303680419922,24.838809967041016
run_1777424838_3cb5c6c9,1777426184.6791294,17.0,118.0,60.0,-0.3468303680419922,0.0,-6.89018440246582,17.50263023376465,2.0401787757873535,16.35344696044922,-0.8909963965415955,0.12029130419614376,0.3468303680419922,24.838809967041016
run_1777424838_3cb5c6c9,1777426186.669512,17.0,118.0,60.0,-0.3468303680419922,0.0,-6.89018440246582,17.6221923828125,2.0401787757873535,16.388017654418945,-0.8060048222541809,0.12029130419614376,0.3468303680419922,24.838809967041016
run_1777424838_3cb5c6c9,1777426188.67408,17.0,118.0,60.0,-0.3027677536010742,0.0,-6.84061336517334,16.746292114257812,1.7809867858886719,16.41930389404297,-1.4539992809295654,0.09166831262064079,0.3027677536010742,24.838809967041016
run_1777424838_3cb5c6c9,1777426190.6811962,17.0,118.0,60.0,-0.3027677536010742,0.0,-6.84061336517334,16.87375831604004,1.7809867858886719,16.45212173461914,-1.3593509197235107,0.09166831262064079,0.3027677536010742,24.838809967041016
run_1777424838_3cb5c6c9,1777426192.6883423,17.0,118.0,60.0,-0.3027677536010742,0.0,-6.84061336517334,17.033615112304688,1.7809867858886719,16.482311248779297,-1.2296833992004395,0.09166831262064079,0.3027677536010742,24.838809967041016
run_1777424838_3cb5c6c9,1777426194.6694741,17.0,118.0,60.0,-0.25869035720825195,0.0,-6.791026592254639,16.206907272338867,1.5217080116271973,16.508310317993164,-1.8231123685836792,0.066920700912533,0.25869035720825195,24.838809967041016
run_1777424838_3cb5c6c9,1777426196.6766026,17.0,118.0,60.0,-0.3027677536010742,0.0,-6.84061336517334,17.39430046081543,1.7809867858886719,16.537397384643555,-0.9240847826004028,0.09166831262064079,0.3027677536010742,24.838809967041016
run_1777424838_3cb5c6c9,1777426198.6683564,17.0,118.0,60.0,-0.21464109420776367,0.0,-6.741471290588379,15.523486137390137,1.2625946998596191,16.561864852905273,-2.3009731769561768,0.04607079932270608,0.21464109420776367,24.838809967041016
run_1777424838_3cb5c6c9,1777426200.678542,17.0,118.0,60.0,-0.21464109420776367,0.0,-6.741471290588379,15.764371871948242,1.2625946998596191,16.583261489868164,-2.0814850330352783,0.04607079932270608,0.21464109420776367,24.838809967041016
run_1777424838_3cb5c6c9,1777426202.668782,17.0,118.0,60.0,-0.25869035720825195,0.0,-6.791026592254639,16.999277114868164,1.5217080116271973,16.60619354248047,-1.128624439239502,0.066920700912533,0.25869035720825195,24.838809967041016
run_1777424838_3cb5c6c9,1777426204.6741667,17.0,118.0,60.0,-0.21464109420776367,0.0,-6.741471290588379,16.14565658569336,1.2625946998596191,16.628686904907227,-1.7456247806549072,0.04607079932270608,0.21464109420776367,24.838809967041016
run_1777424838_3cb5c6c9,1777426206.675862,17.0,118.0,60.0,-0.25869035720825195,0.0,-6.791026592254639,17.34852409362793,1.5217080116271973,16.65161895751953,-0.8248019814491272,0.066920700912533,0.25869035720825195,24.838809967041016
run_1777424838_3cb5c6c9,1777426208.6922646,17.0,118.0,60.0,-0.21464109420776367,0.0,-6.741471290588379,16.465923309326172,1.2625946998596191,16.67411231994629,-1.4707833528518677,0.04607079932270608,0.21464109420776367,24.838809967041016
run_1777424838_3cb5c6c9,1777426210.679562,17.0,118.0,60.0,-0.170562744140625,0.0,-6.691883087158203,15.611993789672852,1.0033103227615356,16.69397735595703,-2.0852928161621094,0.029091649688780308,0.170562744140625,24.838809967041016
run_1777424838_3cb5c6c9,1777426212.6894941,17.0,118.0,60.0,-0.21464109420776367,0.0,-6.741471290588379,16.81563377380371,1.2625946998596191,16.714279174804688,-1.1612404584884644,0.04607079932270608,0.21464109420776367,24.838809967041016
run_1777424838_3cb5c6c9,1777426214.6679707,17.0,118.0,60.0,-0.170562744140625,0.0,-6.691883087158203,15.973612785339355,1.0033103227615356,16.731515884399414,-1.7612136602401733,0.029091649688780308,0.170562744140625,24.838809967041016
run_1777424838_3cb5c6c9,1777426216.688282,17.0,118.0,60.0,-0.170562744140625,0.0,-6.691883087158203,16.15863037109375,1.0033103227615356,16.748533248901367,-1.593212604522705,0.029091649688780308,0.170562744140625,24.838809967041016
run_1777424838_3cb5c6c9,1777426218.675405,17.0,118.0,60.0,-0.170562744140625,0.0,-6.691883087158203,16.28618812561035,1.0033103227615356,16.768178939819336,-1.4853004217147827,0.029091649688780308,0.170562744140625,24.838809967041016
run_1777424838_3cb5c6c9,1777426220.670332,17.0,118.0,60.0,-0.170562744140625,0.0,-6.691883087158203,16.444887161254883,1.0033103227615356,16.78519630432129,-1.343618392944336,0.029091649688780308,0.170562744140625,24.838809967041016
run_1777424838_3cb5c6c9,1777426222.6783412,17.0,118.0,60.0,-0.21464109420776367,0.0,-6.741471290588379,17.564260482788086,1.2625946998596191,16.806373596191406,-0.5047081708908081,0.04607079932270608,0.21464109420776367,24.838809967041016
run_1777424838_3cb5c6c9,1777426224.6762364,17.0,118.0,60.0,-0.12648344039916992,0.0,-6.642293930053711,15.630730628967285,0.7440202236175537,16.82293701171875,-1.9362273216247559,0.01599806069521037,0.12648344039916992,24.838809967041016
run_1777424838_3cb5c6c9,1777426226.6733875,17.0,118.0,60.0,-0.12648344039916992,0.0,-6.642293930053711,15.828032493591309,0.7440202236175537,16.835542678833008,-1.7515316009521484,0.01599806069521037,0.12648344039916992,24.838809967041016
run_1777424838_3cb5c6c9,1777426228.6832547,17.0,118.0,60.0,-0.12648344039916992,0.0,-6.642293930053711,16.00771713256836,0.7440202236175537,16.8481502532959,-1.58445405960083,0.01599806069521037,0.12648344039916992,24.838809967041016
run_1777424838_3cb5c6c9,1777426230.672317,17.0,118.0,60.0,-0.170562744140625,0.0,-6.691883087158203,17.145700454711914,1.0033103227615356,16.864946365356445,-0.7225552201271057,0.029091649688780308,0.170562744140625,24.838809967041016
run_1777424838_3cb5c6c9,1777426232.671995,17.0,118.0,60.0,-0.170562744140625,0.0,-6.691883087158203,17.231643676757812,1.0033103227615356,16.8819637298584,-0.6536310315132141,0.029091649688780308,0.170562744140625,24.838809967041016
run_1777424838_3cb5c6c9,1777426234.6643777,17.0,118.0,60.0,-0.08241701126098633,0.0,-6.592719078063965,15.28000259399414,0.48480597138404846,16.895904541015625,-2.1007072925567627,0.006792563745193547,0.08241701126098633,24.838809967041016
run_1777424838_3cb5c6c9,1777426236.6771154,17.0,118.0,60.0,-0.08241701126098633,0.0,-6.592719078063965,15.48861312866211,0.48480597138404846,16.904129028320312,-1.9003219604492188,0.006792563745193547,0.08241701126098633,24.838809967041016
run_1777424838_3cb5c6c9,1777426238.6954358,17.0,118.0,60.0,-0.12648344039916992,0.0,-6.642293930053711,16.69346046447754,0.7440202236175537,16.91388702392578,-0.9644485712051392,0.01599806069521037,0.12648344039916992,24.838809967041016
run_1777424838_3cb5c6c9,1777426240.6801307,17.0,118.0,60.0,-0.08241701126098633,0.0,-6.592719078063965,15.796817779541016,0.48480597138404846,16.92408561706543,-1.6120737791061401,0.006792563745193547,0.08241701126098633,24.838809967041016
run_1777424838_3cb5c6c9,1777426242.6788032,17.0,118.0,60.0,-0.12648344039916992,0.0,-6.642293930053711,16.9327449798584,0.7440202236175537,16.936471939086914,-0.7477478384971619,0.01599806069521037,0.12648344039916992,24.838809967041016
run_1777424838_3cb5c6c9,1777426244.6748514,17.0,118.0,60.0,-0.08241701126098633,0.0,-6.592719078063965,16.015430450439453,0.48480597138404846,16.94666862487793,-1.416043996810913,0.006792563745193547,0.08241701126098633,24.838809967041016
run_1777424838_3cb5c6c9,1777426246.6805856,17.0,118.0,60.0,-0.038336753845214844,0.0,-6.543128967285156,15.0728178024292,0.22551031410694122,16.95773696899414,-2.110429286956787,0.001469706695388595,0.038336753845214844,24.838809967041016
run_1777424838_3cb5c6c9,1777426248.679184,17.0,118.0,60.0,-0.12648344039916992,0.0,-6.642293930053711,17.280771255493164,0.7440202236175537,16.966386795043945,-0.4296378195285797,0.01599806069521037,0.12648344039916992,24.838809967041016
run_1777424838_3cb5c6c9,1777426250.6740785,17.0,118.0,60.0,-0.038336753845214844,0.0,-6.543128967285156,15.330347061157227,0.22551031410694122,16.974170684814453,-1.8693327903747559,0.001469706695388595,0.038336753845214844,24.838809967041016
run_1777424838_3cb5c6c9,1777426252.6767042,17.0,118.0,60.0,-0.08241701126098633,0.0,-6.592719078063965,16.514053344726562,0.48480597138404846,16.980411529541016,-0.9511626958847046,0.006792563745193547,0.08241701126098633,24.838809967041016
run_1777424838_3cb5c6c9,1777426254.6771514,17.0,118.0,60.0,-0.08241701126098633,0.0,-6.592719078063965,16.668834686279297,0.48480597138404846,16.985107421875,-0.8010789752006531,0.006792563745193547,0.08241701126098633,24.838809967041016
run_1777424838_3cb5c6c9,1777426256.6664762,17.0,118.0,60.0,-0.08241701126098633,0.0,-6.592719078063965,16.753475189208984,0.48480597138404846,16.99333381652832,-0.7246646285057068,0.006792563745193547,0.08241701126098633,24.838809967041016
run_1777424838_3cb5c6c9,1777426258.6922596,17.0,118.0,60.0,-0.08241701126098633,0.0,-6.592719078063965,16.830825805664062,0.48480597138404846,17.001558303833008,-0.6555392742156982,0.006792563745193547,0.08241701126098633,24.838809967041016
run_1777424838_3cb5c6c9,1777426260.6749513,17.0,118.0,60.0,-0.08241701126098633,0.0,-6.592719078063965,16.901582717895508,0.48480597138404846,17.009784698486328,-0.5930078029632568,0.006792563745193547,0.08241701126098633,24.838809967041016
run_1777424838_3cb5c6c9,1777426262.6699395,17.0,118.0,60.0,-0.08241701126098633,0.0,-6.592719078063965,17.022197723388672,0.48480597138404846,17.014480590820312,-0.47708839178085327,0.006792563745193547,0.08241701126098633,24.838809967041016
run_1777424838_3cb5c6c9,1777426264.6667209,17.0,118.0,60.0,-0.08241701126098633,0.0,-6.592719078063965,17.0759334564209,0.48480597138404846,17.022706985473633,-0.4315791726112366,0.006792563745193547,0.08241701126098633,24.838809967041016
run_1777424838_3cb5c6c9,1777426266.663813,17.0,118.0,60.0,-0.038336753845214844,0.0,-6.543128967285156,16.09524154663086,0.22551031410694122,17.030269622802734,-1.1605377197265625,0.001469706695388595,0.038336753845214844,24.838809967041016
run_1777424838_3cb5c6c9,1777426268.6733265,17.0,118.0,60.0,-0.038336753845214844,0.0,-6.543128967285156,16.209760665893555,0.22551031410694122,17.03408432006836,-1.0498348474502563,0.001469706695388595,0.038336753845214844,24.838809967041016
run_1777424838_3cb5c6c9,1777426270.6855803,17.0,118.0,60.0,-0.038336753845214844,0.0,-6.543128967285156,16.313718795776367,0.22551031410694122,17.037899017333984,-0.9496915340423584,0.001469706695388595,0.038336753845214844,24.838809967041016
run_1777424838_3cb5c6c9,1777426272.687181,17.0,118.0,60.0,-0.038336753845214844,0.0,-6.543128967285156,16.408123016357422,0.22551031410694122,17.04171371459961,-0.8591011166572571,0.001469706695388595,0.038336753845214844,24.838809967041016
run_1777424838_3cb5c6c9,1777426274.6658669,17.0,118.0,60.0,0.005744457244873047,0.0,-6.493537425994873,15.463611602783203,-0.03379092365503311,17.044696807861328,-1.5472954511642456,3.2998789038174436e-05,0.005744457244873047,24.838809967041016
run_1777424838_3cb5c6c9,1777426276.679322,17.0,118.0,60.0,-0.038336753845214844,0.0,-6.543128967285156,16.6117000579834,0.22551031410694122,17.046018600463867,-0.6598284840583801,0.001469706695388595,0.038336753845214844,24.838809967041016
run_1777424838_3cb5c6c9,1777426278.676522,17.0,118.0,60.0,0.04982709884643555,0.0,-6.443944454193115,14.616722106933594,-0.2931005656719208,17.047019958496094,-2.137199640274048,0.0024827397794524586,0.04982709884643555,24.838809967041016
run_1777424838_3cb5c6c9,1777426280.6759934,17.0,118.0,60.0,0.04982709884643555,0.0,-6.443944454193115,14.805656433105469,-0.2931005656719208,17.032089233398438,-1.9333335161209106,0.0024827397794524586,0.04982709884643555,24.838809967041016
run_1777424838_3cb5c6c9,1777426282.664118,17.0,118.0,60.0,0.04982709884643555,0.0,-6.443944454193115,14.97514533996582,-0.2931005656719208,17.01715850830078,-1.748914122581482,0.0024827397794524586,0.04982709884643555,24.838809967041016
run_1777424838_3cb5c6c9,1777426284.6728272,17.0,118.0,60.0,0.005744457244873047,0.0,-6.493537425994873,16.133506774902344,-0.03379092365503311,17.009489059448242,-0.8421909809112549,3.2998789038174436e-05,0.005744457244873047,24.838809967041016
run_1777424838_3cb5c6c9,1777426286.6660035,17.0,118.0,60.0,0.005744457244873047,0.0,-6.493537425994873,16.212114334106445,-0.03379092365503311,17.007761001586914,-0.7618549466133118,3.2998789038174436e-05,0.005744457244873047,24.838809967041016
run_1777424838_3cb5c6c9,1777426288.6636622,17.0,118.0,60.0,0.04982709884643555,0.0,-6.443944454193115,15.276593208312988,-0.2931005656719208,16.99877166748047,-1.429077386856079,0.0024827397794524586,0.04982709884643555,24.838809967041016
run_1777424838_3cb5c6c9,1777426290.6637154,17.0,118.0,60.0,0.005744457244873047,0.0,-6.493537425994873,16.429439544677734,-0.03379092365503311,16.985820770263672,-0.5225902199745178,3.2998789038174436e-05,0.005744457244873047,24.838809967041016
run_1777424838_3cb5c6c9,1777426292.6748385,17.0,118.0,60.0,0.04982709884643555,0.0,-6.443944454193115,15.471095085144043,-0.2931005656719208,16.976829528808594,-1.2126362323760986,0.0024827397794524586,0.04982709884643555,24.838809967041016
run_1777424838_3cb5c6c9,1777426294.6685894,17.0,118.0,60.0,0.04982709884643555,0.0,-6.443944454193115,15.534797668457031,-0.2931005656719208,16.969820022583008,-1.141923427581787,0.0024827397794524586,0.04982709884643555,24.838809967041016
run_1777424838_3cb5c6c9,1777426296.6704822,17.0,118.0,60.0,0.04982709884643555,0.0,-6.443944454193115,15.628793716430664,-0.2931005656719208,16.95488929748535,-1.0329957008361816,0.0024827397794524586,0.04982709884643555,24.838809967041016
run_1777424838_3cb5c6c9,1777426298.6839855,17.0,118.0,60.0,0.005744457244873047,0.0,-6.493537425994873,16.706817626953125,-0.03379092365503311,16.949861526489258,-0.2092507928609848,3.2998789038174436e-05,0.005744457244873047,24.838809967041016
run_1777424838_3cb5c6c9,1777426300.6668963,17.0,118.0,60.0,0.005744457244873047,0.0,-6.493537425994873,16.72504997253418,-0.03379092365503311,16.948131561279297,-0.18929049372673035,3.2998789038174436e-05,0.005744457244873047,24.838809967041016
run_1777424838_3cb5c6c9,1777426302.6631615,17.0,118.0,60.0,0.04982709884643555,0.0,-6.443944454193115,15.709919929504395,-0.2931005656719208,16.94442367553711,-0.9414025545120239,0.0024827397794524586,0.04982709884643555,24.838809967041016
run_1777424838_3cb5c6c9,1777426304.6679134,17.0,118.0,60.0,0.04982709884643555,0.0,-6.443944454193115,15.7847900390625,-0.2931005656719208,16.929492950439453,-0.8516026735305786,0.0024827397794524586,0.04982709884643555,24.838809967041016
run_1777424838_3cb5c6c9,1777426306.6843355,17.0,118.0,60.0,0.04982709884643555,0.0,-6.443944454193115,15.814054489135742,-0.2931005656719208,16.922483444213867,-0.8153289556503296,0.0024827397794524586,0.04982709884643555,24.838809967041016
run_1777424838_3cb5c6c9,1777426308.6701531,17.0,118.0,60.0,0.005744457244873047,0.0,-6.493537425994873,16.895706176757812,-0.03379092365503311,16.912172317504883,0.017325101420283318,3.2998789038174436e-05,0.005744457244873047,24.838809967041016
run_1777424838_3cb5c6c9,1777426310.6780453,17.0,118.0,60.0,0.04982709884643555,0.0,-6.443944454193115,15.860867500305176,-0.2931005656719208,16.908464431762695,-0.7544959187507629,0.0024827397794524586,0.04982709884643555,24.838809967041016
run_1777424838_3cb5c6c9,1777426312.6621683,17.0,118.0,60.0,0.005744457244873047,0.0,-6.493537425994873,16.936717987060547,-0.03379092365503311,16.89815330505371,0.07235517352819443,3.2998789038174436e-05,0.005744457244873047,24.838809967041016
run_1777424838_3cb5c6c9,1777426314.6742866,17.0,118.0,60.0,0.04982709884643555,0.0,-6.443944454193115,15.93366813659668,-0.2931005656719208,16.886524200439453,-0.659754753112793,0.0024827397794524586,0.04982709884643555,24.838809967041016
run_1777424838_3cb5c6c9,1777426316.6742322,17.0,118.0,60.0,0.04982709884643555,0.0,-6.443944454193115,15.981671333312988,-0.2931005656719208,16.871591567993164,-0.596821129322052,0.0024827397794524586,0.04982709884643555,24.838809967041016
run_1777424838_3cb5c6c9,1777426318.6753485,17.0,118.0,60.0,0.09392404556274414,0.0,-6.3943352699279785,14.991876602172852,-0.5524944067001343,16.85468101501465,-1.3103091716766357,0.008821726334872437,0.09392404556274414,24.838809967041016
run_1777424838_3cb5c6c9,1777426320.6715934,17.0,118.0,60.0,0.09392404556274414,0.0,-6.3943352699279785,15.088733673095703,-0.5524944067001343,16.826547622680664,-1.185319423675537,0.008821726334872437,0.09392404556274414,24.838809967041016
run_1777424838_3cb5c6c9,1777426322.6663778,17.0,118.0,60.0,0.04982709884643555,0.0,-6.443944454193115,16.168407440185547,-0.2931005656719208,16.80831527709961,-0.34680888056755066,0.0024827397794524586,0.04982709884643555,24.838809967041016
run_1777424838_3cb5c6c9,1777426324.6748133,17.0,118.0,60.0,0.09392404556274414,0.0,-6.3943352699279785,15.203577041625977,-0.5524944067001343,16.78084373474121,-1.0247701406478882,0.008821726334872437,0.09392404556274414,24.838809967041016
run_1777424838_3cb5c6c9,1777426326.6837912,17.0,118.0,60.0,0.005744457244873047,0.0,-6.493537425994873,17.26235580444336,-0.03379092365503311,16.772512435913086,0.5236339569091797,3.2998789038174436e-05,0.005744457244873047,24.838809967041016
run_1777424838_3cb5c6c9,1777426328.6860962,17.0,118.0,60.0,0.005744457244873047,0.0,-6.493537425994873,17.246824264526367,-0.03379092365503311,16.762863159179688,0.5177525281906128,3.2998789038174436e-05,0.005744457244873047,24.838809967041016
run_1777424838_3cb5c6c9,1777426330.6838958,17.0,118.0,60.0,0.04982709884643555,0.0,-6.443944454193115,16.2012882232666,-0.2931005656719208,16.751232147216797,-0.25684377551078796,0.0024827397794524586,0.04982709884643555,24.838809967041016
run_1777424838_3cb5c6c9,1777426332.6662157,17.0,118.0,60.0,0.09392404556274414,0.0,-6.3943352699279785,15.22787857055664,-0.5524944067001343,16.723758697509766,-0.9433868527412415,0.008821726334872437,0.09392404556274414,24.838809967041016
run_1777424838_3cb5c6c9,1777426334.667143,17.0,118.0,60.0,0.005744457244873047,0.0,-6.493537425994873,17.278892517089844,-0.03379092365503311,16.715429306030273,0.5972539782524109,3.2998789038174436e-05,0.005744457244873047,24.838809967041016
run_1777424838_3cb5c6c9,1777426336.691271,17.0,118.0,60.0,0.04982709884643555,0.0,-6.443944454193115,16.27368927001953,-0.2931005656719208,16.6932373046875,-0.1264481395483017,0.0024827397794524586,0.04982709884643555,24.838809967041016
run_1777424838_3cb5c6c9,1777426338.6813128,17.0,118.0,60.0,0.04982709884643555,0.0,-6.443944454193115,16.27082061767578,-0.2931005656719208,16.678306579589844,-0.11438632011413574,0.0024827397794524586,0.04982709884643555,24.838809967041016
run_1777424838_3cb5c6c9,1777426340.6762807,17.0,118.0,60.0,0.09392404556274414,0.0,-6.3943352699279785,15.283820152282715,-0.5524944067001343,16.650833129882812,-0.8145183324813843,0.008821726334872437,0.09392404556274414,24.838809967041016
run_1777424838_3cb5c6c9,1777426342.6666327,17.0,118.0,60.0,0.04982709884643555,0.0,-6.443944454193115,16.328123092651367,-0.2931005656719208,16.632600784301758,-0.011378410272300243,0.0024827397794524586,0.04982709884643555,24.838809967041016
run_1777424838_3cb5c6c9,1777426344.6846168,17.0,118.0,60.0,0.09392404556274414,0.0,-6.3943352699279785,15.295137405395508,-0.5524944067001343,16.61305046081543,-0.7654182314872742,0.008821726334872437,0.09392404556274414,24.838809967041016
run_1777424838_3cb5c6c9,1777426346.662923,17.0,118.0,60.0,0.09392404556274414,0.0,-6.3943352699279785,15.34001636505127,-0.5524944067001343,16.584917068481445,-0.6924055218696594,0.008821726334872437,0.09392404556274414,24.838809967041016
run_1777424838_3cb5c6c9,1777426348.6810286,17.0,118.0,60.0,0.04982709884643555,0.0,-6.443944454193115,16.360912322998047,-0.2931005656719208,16.569324493408203,0.08468573540449142,0.0024827397794524586,0.04982709884643555,24.838809967041016
run_1777424838_3cb5c6c9,1777426350.6772368,17.0,118.0,60.0,0.04982709884643555,0.0,-6.443944454193115,16.337902069091797,-0.2931005656719208,16.554393768310547,0.0766076073050499,0.0024827397794524586,0.04982709884643555,24.838809967041016
run_1777424838_3cb5c6c9,1777426352.6761997,17.0,118.0,60.0,0.09392404556274414,0.0,-6.3943352699279785,15.332683563232422,-0.5524944067001343,16.526920318603516,-0.6417430639266968,0.008821726334872437,0.09392404556274414,24.838809967041016
run_1777424838_3cb5c6c9,1777426354.6736147,17.0,118.0,60.0,0.09392404556274414,0.0,-6.3943352699279785,15.365764617919922,-0.5524944067001343,16.49878692626953,-0.580527663230896,0.008821726334872437,0.09392404556274414,24.838809967041016
run_1777424838_3cb5c6c9,1777426356.68769,17.0,118.0,60.0,0.04982709884643555,0.0,-6.443944454193115,16.41214942932129,-0.2931005656719208,16.47527503967285,0.22997374832630157,0.0024827397794524586,0.04982709884643555,24.838809967041016
run_1777424838_3cb5c6c9,1777426358.6746273,17.0,118.0,60.0,0.04982709884643555,0.0,-6.443944454193115,16.375280380249023,-0.2931005656719208,16.460344314575195,0.20803669095039368,0.0024827397794524586,0.04982709884643555,24.838809967041016
run_1777424838_3cb5c6c9,1777426360.6871567,17.0,118.0,60.0,0.04982709884643555,0.0,-6.443944454193115,16.340505599975586,-0.2931005656719208,16.44541358947754,0.188192218542099,0.0024827397794524586,0.04982709884643555,24.838809967041016
run_1777424838_3cb5c6c9,1777426362.666206,17.0,118.0,60.0,0.09392404556274414,0.0,-6.3943352699279785,15.300830841064453,-0.5524944067001343,16.423221588134766,-0.5698947906494141,0.008821726334872437,0.09392404556274414,24.838809967041016
run_1777424838_3cb5c6c9,1777426364.6782668,17.0,118.0,60.0,0.04982709884643555,0.0,-6.443944454193115,16.310041427612305,-0.2931005656719208,16.407629013061523,0.19551019370555878,0.0024827397794524586,0.04982709884643555,24.838809967041016
run_1777424838_3cb5c6c9,1777426366.6695528,17.0,118.0,60.0,0.04982709884643555,0.0,-6.443944454193115,16.276458740234375,-0.2931005656719208,16.392698287963867,0.17686063051223755,0.0024827397794524586,0.04982709884643555,24.838809967041016
run_1777424838_3cb5c6c9,1777426368.6683607,17.0,118.0,60.0,0.09392404556274414,0.0,-6.3943352699279785,15.225517272949219,-0.5524944067001343,16.37314796447754,-0.5951352119445801,0.008821726334872437,0.09392404556274414,24.838809967041016
run_1777424838_3cb5c6c9,1777426370.666064,17.0,118.0,60.0,0.09392404556274414,0.0,-6.3943352699279785,15.25415325164795,-0.5524944067001343,16.345014572143555,-0.5383656024932861,0.008821726334872437,0.09392404556274414,24.838809967041016
run_1777424838_3cb5c6c9,1777426372.6649714,17.0,118.0,60.0,0.09392404556274414,0.0,-6.3943352699279785,15.277374267578125,-0.5524944067001343,16.31688117980957,-0.48701125383377075,0.008821726334872437,0.09392404556274414,24.838809967041016
run_1777424838_3cb5c6c9,1777426374.669216,17.0,118.0,60.0,0.04982709884643555,0.0,-6.443944454193115,16.302488327026367,-0.2931005656719208,16.296009063720703,0.29958003759384155,0.0024827397794524586,0.04982709884643555,24.838809967041016
run_1777424838_3cb5c6c9,1777426376.6650066,17.0,118.0,60.0,0.09392404556274414,0.0,-6.3943352699279785,15.276000022888184,-0.5524944067001343,16.268535614013672,-0.44003987312316895,0.008821726334872437,0.09392404556274414,24.838809967041016
run_1777424838_3cb5c6c9,1777426378.6679153,17.0,118.0,60.0,0.09392404556274414,0.0,-6.3943352699279785,15.289841651916504,-0.5524944067001343,16.240402221679688,-0.39806464314460754,0.008821726334872437,0.09392404556274414,24.838809967041016
run_1777424838_3cb5c6c9,1777426380.6758971,17.0,118.0,60.0,0.04982709884643555,0.0,-6.443944454193115,16.28265953063965,-0.2931005656719208,16.224809646606445,0.35094958543777466,0.0024827397794524586,0.04982709884643555,24.838809967041016
run_1777424838_3cb5c6c9,1777426382.676678,17.0,118.0,60.0,0.005744457244873047,0.0,-6.493537425994873,17.240718841552734,-0.03379092365503311,16.217140197753906,1.0573681592941284,3.2998789038174436e-05,0.005744457244873047,24.838809967041016
run_1777424838_3cb5c6c9,1777426384.6743853,17.0,118.0,60.0,0.09392404556274414,0.0,-6.3943352699279785,15.123669624328613,-0.5524944067001343,16.200889587402344,-0.5247244238853455,0.008821726334872437,0.09392404556274414,24.838809967041016
run_1777424838_3cb5c6c9,1777426386.6763117,17.0,118.0,60.0,0.005744457244873047,0.0,-6.493537425994873,17.15884780883789,-0.03379092365503311,16.187278747558594,1.0053598880767822,3.2998789038174436e-05,0.005744457244873047,24.838809967041016
run_1777424838_3cb5c6c9,1777426388.6736596,17.0,118.0,60.0,0.04982709884643555,0.0,-6.443944454193115,16.078556060791016,-0.2931005656719208,16.17300796508789,0.19864670932292938,0.0024827397794524586,0.04982709884643555,24.838809967041016
run_1777424838_3cb5c6c9,1777426390.6767647,17.0,118.0,60.0,0.005744457244873047,0.0,-6.493537425994873,17.0511417388916,-0.03379092365503311,16.16533851623535,0.9195933938026428,3.2998789038174436e-05,0.005744457244873047,24.838809967041016
run_1777424838_3cb5c6c9,1777426392.6708984,17.0,118.0,60.0,0.04982709884643555,0.0,-6.443944454193115,15.979029655456543,-0.2931005656719208,16.15106773376465,0.1210615411400795,0.0024827397794524586,0.04982709884643555,24.838809967041016
run_1777424838_3cb5c6c9,1777426394.6643438,17.0,118.0,60.0,0.005744457244873047,0.0,-6.493537425994873,16.959016799926758,-0.03379092365503311,16.14339828491211,0.8494089245796204,3.2998789038174436e-05,0.005744457244873047,24.838809967041016
run_1777424838_3cb5c6c9,1777426396.6752791,17.0,118.0,60.0,0.005744457244873047,0.0,-6.493537425994873,16.876262664794922,-0.03379092365503311,16.14167022705078,0.7683843374252319,3.2998789038174436e-05,0.005744457244873047,24.838809967041016
run_1777424838_3cb5c6c9,1777426398.6737866,17.0,118.0,60.0,0.005744457244873047,0.0,-6.493537425994873,16.801239013671875,-0.03379092365503311,16.13994026184082,0.6950885653495789,3.2998789038174436e-05,0.005744457244873047,24.838809967041016
run_1777424838_3cb5c6c9,1777426400.6684747,17.0,118.0,60.0,0.005744457244873047,0.0,-6.493537425994873,16.781999588012695,-0.03379092365503311,16.12765121459961,0.6881404519081116,3.2998789038174436e-05,0.005744457244873047,24.838809967041016
run_1777424838_3cb5c6c9,1777426402.6631687,17.0,118.0,60.0,0.005744457244873047,0.0,-6.493537425994873,16.714630126953125,-0.03379092365503311,16.12592124938965,0.6224992871284485,3.2998789038174436e-05,0.005744457244873047,24.838809967041016
run_1777424838_3cb5c6c9,1777426404.679727,17.0,118.0,60.0,0.04982709884643555,0.0,-6.443944454193115,15.622064590454102,-0.2931005656719208,16.12221336364746,-0.2070489525794983,0.0024827397794524586,0.04982709884643555,24.838809967041016
run_1777424838_3cb5c6c9,1777426406.6646597,17.0,118.0,60.0,0.04982709884643555,0.0,-6.443944454193115,15.626883506774902,-0.2931005656719208,16.107282638549805,-0.18729865550994873,0.0024827397794524586,0.04982709884643555,24.838809967041016
run_1777424838_3cb5c6c9,1777426408.6753523,17.0,118.0,60.0,0.04982709884643555,0.0,-6.443944454193115,15.6298189163208,-0.2931005656719208,16.09235191345215,-0.1694323718547821,0.0024827397794524586,0.04982709884643555,24.838809967041016
run_1777424838_3cb5c6c9,1777426410.6742723,17.0,118.0,60.0,0.005744457244873047,0.0,-6.493537425994873,16.637514114379883,-0.03379092365503311,16.084680557250977,0.5866250991821289,3.2998789038174436e-05,0.005744457244873047,24.838809967041016
run_1777424838_3cb5c6c9,1777426412.6685584,17.0,118.0,60.0,0.04982709884643555,0.0,-6.443944454193115,15.622464179992676,-0.2931005656719208,16.06513023376465,-0.14956581592559814,0.0024827397794524586,0.04982709884643555,24.838809967041016
run_1777424838_3cb5c6c9,1777426414.673161,17.0,118.0,60.0,0.005744457244873047,0.0,-6.493537425994873,16.628265380859375,-0.03379092365503311,16.05746078491211,0.6045965552330017,3.2998789038174436e-05,0.005744457244873047,24.838809967041016
run_1777424838_3cb5c6c9,1777426416.670078,17.0,118.0,60.0,0.09392404556274414,0.0,-6.3943352699279785,14.54265308380127,-0.5524944067001343,16.04384994506836,-0.9487020969390869,0.008821726334872437,0.09392404556274414,24.838809967041016
run_1777424838_3cb5c6c9,1777426418.6754096,17.0,118.0,60.0,0.005744457244873047,0.0,-6.493537425994873,16.61827278137207,-0.03379092365503311,16.03023910522461,0.6218249797821045,3.2998789038174436e-05,0.005744457244873047,24.838809967041016
run_1777424838_3cb5c6c9,1777426420.6804605,17.0,118.0,60.0,0.005744457244873047,0.0,-6.493537425994873,16.557228088378906,-0.03379092365503311,16.02850914001465,0.5625093579292297,3.2998789038174436e-05,0.005744457244873047,24.838809967041016
run_1777424838_3cb5c6c9,1777426422.6743007,17.0,118.0,60.0,0.005744457244873047,0.0,-6.493537425994873,16.501842498779297,-0.03379092365503311,16.02678108215332,0.5088518857955933,3.2998789038174436e-05,0.005744457244873047,24.838809967041016
run_1777424838_3cb5c6c9,1777426424.667536,17.0,118.0,60.0,0.04982709884643555,0.0,-6.443944454193115,15.45715618133545,-0.2931005656719208,16.015151977539062,-0.2648954391479492,0.0024827397794524586,0.04982709884643555,24.838809967041016
run_1777424838_3cb5c6c9,1777426426.6895187,17.0,118.0,60.0,0.005744457244873047,0.0,-6.493537425994873,16.473957061767578,-0.03379092365503311,16.00748062133789,0.500268280506134,3.2998789038174436e-05,0.005744457244873047,24.838809967041016
run_1777424838_3cb5c6c9,1777426428.6693664,17.0,118.0,60.0,0.005744457244873047,0.0,-6.493537425994873,16.424509048461914,-0.03379092365503311,16.005752563476562,0.45254799723625183,3.2998789038174436e-05,0.005744457244873047,24.838809967041016
run_1777424838_3cb5c6c9,1777426430.68815,17.0,118.0,60.0,0.005744457244873047,0.0,-6.493537425994873,16.37961196899414,-0.03379092365503311,16.004024505615234,0.4093796908855438,3.2998789038174436e-05,0.005744457244873047,24.838809967041016
run_1777424838_3cb5c6c9,1777426432.672978,17.0,118.0,60.0,0.04982709884643555,0.0,-6.443944454193115,15.344415664672852,-0.2931005656719208,15.99239444732666,-0.3548790216445923,0.0024827397794524586,0.04982709884643555,24.838809967041016
run_1777424838_3cb5c6c9,1777426434.6663866,17.0,118.0,60.0,0.04982709884643555,0.0,-6.443944454193115,15.363335609436035,-0.2931005656719208,15.977462768554688,-0.3210272789001465,0.0024827397794524586,0.04982709884643555,24.838809967041016
run_1777424838_3cb5c6c9,1777426436.6685598,17.0,118.0,60.0,0.005744457244873047,0.0,-6.493537425994873,16.410484313964844,-0.03379092365503311,15.964512825012207,0.4797636866569519,3.2998789038174436e-05,0.005744457244873047,24.838809967041016
run_1777424838_3cb5c6c9,1777426438.6647506,17.0,118.0,60.0,0.005744457244873047,0.0,-6.493537425994873,16.362991333007812,-0.03379092365503311,15.962783813476562,0.43399930000305176,3.2998789038174436e-05,0.005744457244873047,24.838809967041016
run_1777424838_3cb5c6c9,1777426440.6622398,17.0,118.0,60.0,0.04982709884643555,0.0,-6.443944454193115,15.325446128845215,-0.2931005656719208,15.951153755187988,-0.33260786533355713,0.0024827397794524586,0.04982709884643555,24.838809967041016
run_1777424838_3cb5c6c9,1777426442.6660976,17.0,118.0,60.0,0.005744457244873047,0.0,-6.493537425994873,16.361051559448242,-0.03379092365503311,15.94084358215332,0.45399969816207886,3.2998789038174436e-05,0.005744457244873047,24.838809967041016
run_1777424838_3cb5c6c9,1777426444.6761963,17.0,118.0,60.0,0.005744457244873047,0.0,-6.493537425994873,16.316015243530273,-0.03379092365503311,15.939114570617676,0.41069287061691284,3.2998789038174436e-05,0.005744457244873047,24.838809967041016
run_1777424838_3cb5c6c9,1777426446.6994543,17.0,118.0,60.0,0.005744457244873047,0.0,-6.493537425994873,16.27511215209961,-0.03379092365503311,15.937386512756348,0.371517151594162,3.2998789038174436e-05,0.005744457244873047,24.838809967041016
run_1777424838_3cb5c6c9,1777426448.6819615,17.0,118.0,60.0,0.04982709884643555,0.0,-6.443944454193115,15.243525505065918,-0.2931005656719208,15.925756454467773,-0.3891299366950989,0.0024827397794524586,0.04982709884643555,24.838809967041016
run_1777424838_3cb5c6c9,1777426450.6870308,17.0,118.0,60.0,-0.038336753845214844,0.0,-6.543128967285156,17.300621032714844,0.22551031410694122,15.917386054992676,1.1577248573303223,0.001469706695388595,0.038336753845214844,24.838809967041016
run_1777424838_3cb5c6c9,1777426452.6735969,17.0,118.0,60.0,-0.038336753845214844,0.0,-6.543128967285156,17.194000244140625,0.22551031410694122,15.9212007522583,1.0472896099090576,0.001469706695388595,0.038336753845214844,24.838809967041016
run_1777424838_3cb5c6c9,1777426454.674371,17.0,118.0,60.0,-0.038336753845214844,0.0,-6.543128967285156,17.09791374206543,0.22551031410694122,15.925015449523926,0.9473896622657776,0.001469706695388595,0.038336753845214844,24.838809967041016
run_1777424838_3cb5c6c9,1777426456.6782012,17.0,118.0,60.0,-0.038336753845214844,0.0,-6.543128967285156,17.01136016845703,0.22551031410694122,15.92883014678955,0.857018768787384,0.001469706695388595,0.038336753845214844,24.838809967041016
run_1777424838_3cb5c6c9,1777426458.6684642,17.0,118.0,60.0,-0.038336753845214844,0.0,-6.543128967285156,16.93342399597168,0.22551031410694122,15.932644844055176,0.7752681374549866,0.001469706695388595,0.038336753845214844,24.838809967041016
run_1777424838_3cb5c6c9,1777426460.6952035,17.0,118.0,60.0,0.005744457244873047,0.0,-6.493537425994873,15.874642372131348,-0.03379092365503311,15.932302474975586,-0.02386886067688465,3.2998789038174436e-05,0.005744457244873047,24.838809967041016
run_1777424838_3cb5c6c9,1777426462.6705468,17.0,118.0,60.0,0.005744457244873047,0.0,-6.493537425994873,15.83444881439209,-0.03379092365503311,15.933899879455566,-0.06565828621387482,3.2998789038174436e-05,0.005744457244873047,24.838809967041016
run_1777424838_3cb5c6c9,1777426464.6659956,17.0,118.0,60.0,-0.038336753845214844,0.0,-6.543128967285156,16.827627182006836,0.22551031410694122,15.936328887939453,0.6657895445823669,0.001469706695388595,0.038336753845214844,24.838809967041016
run_1777424838_3cb5c6c9,1777426466.659408,17.0,118.0,60.0,0.04982709884643555,0.0,-6.443944454193115,14.77376651763916,-0.2931005656719208,15.930255889892578,-0.8633891940116882,0.0024827397794524586,0.04982709884643555,24.838809967041016
run_1777424838_3cb5c6c9,1777426468.6828346,17.0,118.0,60.0,0.005744457244873047,0.0,-6.493537425994873,15.835613250732422,-0.03379092365503311,15.925227165222168,-0.05582278221845627,3.2998789038174436e-05,0.005744457244873047,24.838809967041016
run_1777424838_3cb5c6c9,1777426470.6684911,17.0,118.0,60.0,0.005744457244873047,0.0,-6.493537425994873,15.87535572052002,-0.03379092365503311,15.915576934814453,-0.006430154666304588,3.2998789038174436e-05,0.005744457244873047,24.838809967041016
run_1777424838_3cb5c6c9,1777426472.6659405,17.0,118.0,60.0,0.04982709884643555,0.0,-6.443944454193115,14.879820823669434,-0.2931005656719208,15.903946876525879,-0.7310250997543335,0.0024827397794524586,0.04982709884643555,24.838809967041016
run_1777424838_3cb5c6c9,1777426474.6739166,17.0,118.0,60.0,-0.038336753845214844,0.0,-6.543128967285156,16.969528198242188,0.22551031410694122,15.895576477050781,0.8484429717063904,0.001469706695388595,0.038336753845214844,24.838809967041016
run_1777424838_3cb5c6c9,1777426476.6680198,17.0,118.0,60.0,-0.038336753845214844,0.0,-6.543128967285156,16.892412185668945,0.22551031410694122,15.899391174316406,0.7675105333328247,0.001469706695388595,0.038336753845214844,24.838809967041016
run_1777424838_3cb5c6c9,1777426478.6737761,17.0,118.0,60.0,-0.038336753845214844,0.0,-6.543128967285156,16.863754272460938,0.22551031410694122,15.899880409240723,0.7383644580841064,0.001469706695388595,0.038336753845214844,24.838809967041016
run_1777424838_3cb5c6c9,1777426480.6761148,17.0,118.0,60.0,-0.038336753845214844,0.0,-6.543128967285156,16.797138214111328,0.22551031410694122,15.903695106506348,0.6679323315620422,0.001469706695388595,0.038336753845214844,24.838809967041016
run_1777424838_3cb5c6c9,1777426482.6680024,17.0,118.0,60.0,-0.038336753845214844,0.0,-6.543128967285156,16.73723793029785,0.22551031410694122,15.907509803771973,0.604218602180481,0.001469706695388595,0.038336753845214844,24.838809967041016
run_1777424838_3cb5c6c9,1777426484.6786332,17.0,118.0,60.0,0.005744457244873047,0.0,-6.493537425994873,15.681195259094238,-0.03379092365503311,15.908275604248047,-0.19328884780406952,3.2998789038174436e-05,0.005744457244873047,24.838809967041016
run_1777424838_3cb5c6c9,1777426486.673381,17.0,118.0,60.0,0.005744457244873047,0.0,-6.493537425994873,15.657164573669434,-0.03379092365503311,15.909873008728027,-0.21891745924949646,3.2998789038174436e-05,0.005744457244873047,24.838809967041016
run_1777424838_3cb5c6c9,1777426488.6722047,17.0,118.0,60.0,-0.038336753845214844,0.0,-6.543128967285156,16.678539276123047,0.22551031410694122,15.911192893981934,0.5418363809585571,0.001469706695388595,0.038336753845214844,24.838809967041016
run_1777424838_3cb5c6c9,1777426490.6803837,17.0,118.0,60.0,0.005744457244873047,0.0,-6.493537425994873,15.655311584472656,-0.03379092365503311,15.909741401672363,-0.22063839435577393,3.2998789038174436e-05,0.005744457244873047,24.838809967041016
run_1777424838_3cb5c6c9,1777426492.6716926,17.0,118.0,60.0,-0.038336753845214844,0.0,-6.543128967285156,16.676851272583008,0.22551031410694122,15.911062240600586,0.5402796268463135,0.001469706695388595,0.038336753845214844,24.838809967041016
run_1777424838_3cb5c6c9,1777426494.6768126,17.0,118.0,60.0,0.005744457244873047,0.0,-6.493537425994873,15.613033294677734,-0.03379092365503311,15.912936210632324,-0.2661129832267761,3.2998789038174436e-05,0.005744457244873047,24.838809967041016
run_1777424838_3cb5c6c9,1777426496.667542,17.0,118.0,60.0,-0.038336753845214844,0.0,-6.543128967285156,16.63890838623047,0.22551031410694122,15.914257049560547,0.4991428554058075,0.001469706695388595,0.038336753845214844,24.838809967041016
run_1777424838_3cb5c6c9,1777426498.6771512,17.0,118.0,60.0,-0.038336753845214844,0.0,-6.543128967285156,16.595111846923828,0.22551031410694122,15.918071746826172,0.45152992010116577,0.001469706695388595,0.038336753845214844,24.838809967041016
run_1777424838_3cb5c6c9,1777426500.6591408,17.0,118.0,60.0,-0.038336753845214844,0.0,-6.543128967285156,16.55585479736328,0.22551031410694122,15.921886444091797,0.4084587097167969,0.001469706695388595,0.038336753845214844,24.838809967041016
run_1777424838_3cb5c6c9,1777426502.6713214,17.0,118.0,60.0,0.005744457244873047,0.0,-6.493537425994873,15.504610061645508,-0.03379092365503311,15.923760414123535,-0.38535967469215393,3.2998789038174436e-05,0.005744457244873047,24.838809967041016
run_1777424838_3cb5c6c9,1777426504.6839552,17.0,118.0,60.0,0.005744457244873047,0.0,-6.493537425994873,15.539640426635742,-0.03379092365503311,15.922032356262207,-0.34860047698020935,3.2998789038174436e-05,0.005744457244873047,24.838809967041016
run_1777424838_3cb5c6c9,1777426506.6675882,17.0,118.0,60.0,0.005744457244873047,0.0,-6.493537425994873,15.571165084838867,-0.03379092365503311,15.920303344726562,-0.3153477609157562,3.2998789038174436e-05,0.005744457244873047,24.838809967041016
run_1777424838_3cb5c6c9,1777426508.65782,17.0,118.0,60.0,0.005744457244873047,0.0,-6.493537425994873,15.599517822265625,-0.03379092365503311,15.918575286865234,-0.2852669358253479,3.2998789038174436e-05,0.005744457244873047,24.838809967041016
run_1777424838_3cb5c6c9,1777426510.6632395,17.0,118.0,60.0,-0.038336753845214844,0.0,-6.543128967285156,16.655275344848633,0.22551031410694122,15.917677879333496,0.512087881565094,0.001469706695388595,0.038336753845214844,24.838809967041016
run_1777424838_3cb5c6c9,1777426512.6725047,17.0,118.0,60.0,0.005744457244873047,0.0,-6.493537425994873,15.60802173614502,-0.03379092365503311,15.91844367980957,-0.27663126587867737,3.2998789038174436e-05,0.005744457244873047,24.838809967041016
run_1777424838_3cb5c6c9,1777426514.6693785,17.0,118.0,60.0,0.005744457244873047,0.0,-6.493537425994873,15.63267993927002,-0.03379092365503311,15.916715621948242,-0.250243604183197,3.2998789038174436e-05,0.005744457244873047,24.838809967041016
run_1777424838_3cb5c6c9,1777426516.6637864,17.0,118.0,60.0,-0.038336753845214844,0.0,-6.543128967285156,16.65704345703125,0.22551031410694122,15.918035507202148,0.5134983062744141,0.001469706695388595,0.038336753845214844,24.838809967041016
run_1777424838_3cb5c6c9,1777426518.6601517,17.0,118.0,60.0,-0.08241701126098633,0.0,-6.592719078063965,17.6419620513916,0.48480597138404846,15.92251205444336,1.234642744064331,0.006792563745193547,0.08241701126098633,24.838809967041016
