run_id,timestamp,kp,ki,kd,temp,temp_ref,temp_raw,temp_u,temp_u_p,temp_u_i,temp_u_d,sq_error,mae,start_temp
run_1780052271_513c8b16,1780052273.3312504,3.0,2.0,50.0,24.927698135375977,0.0,21.54366111755371,-100.0,-100.0,0.0,0.0283820778131485,621.3901343284269,24.927698135375977,24.927698135375977
run_1780052271_513c8b16,1780052275.034188,3.0,2.0,50.0,24.927698135375977,0.0,21.54366111755371,-100.0,-100.0,0.0,0.025674723088741302,621.3901343284269,24.927698135375977,24.927698135375977
run_1780052271_513c8b16,1780052277.0325396,3.0,2.0,50.0,24.927698135375977,0.0,21.54366111755371,-100.0,-100.0,0.0,0.02322562411427498,621.3901343284269,24.927698135375977,24.927698135375977
run_1780052271_513c8b16,1780052279.044268,3.0,2.0,50.0,24.927698135375977,0.0,21.54366111755371,-100.0,-100.0,0.0,0.0210101418197155,621.3901343284269,24.927698135375977,24.927698135375977
run_1780052271_513c8b16,1780052281.0271726,3.0,2.0,50.0,24.927698135375977,0.0,21.54366111755371,-100.0,-100.0,0.0,0.019005993381142616,621.3901343284269,24.927698135375977,24.927698135375977
run_1780052271_513c8b16,1780052283.0384269,3.0,2.0,50.0,24.883251190185547,0.0,21.4936580657959,-100.0,-100.0,0.0,3.384625196456909,619.1761897938704,24.883251190185547,24.927698135375977
run_1780052271_513c8b16,1780052285.0314486,3.0,2.0,50.0,24.883251190185547,0.0,21.4936580657959,-100.0,-100.0,0.0,3.061767578125,619.1761897938704,24.883251190185547,24.927698135375977
run_1780052271_513c8b16,1780052287.0301862,3.0,2.0,50.0,24.883251190185547,0.0,21.4936580657959,-100.0,-100.0,0.0,2.769706964492798,619.1761897938704,24.883251190185547,24.927698135375977
run_1780052271_513c8b16,1780052289.0422873,3.0,2.0,50.0,24.883251190185547,0.0,21.4936580657959,-100.0,-100.0,0.0,2.5055062770843506,619.1761897938704,24.883251190185547,24.927698135375977
run_1780052271_513c8b16,1780052291.0373285,3.0,2.0,50.0,24.883251190185547,0.0,21.4936580657959,-100.0,-100.0,0.0,2.2665064334869385,619.1761897938704,24.883251190185547,24.927698135375977
run_1780052271_513c8b16,1780052293.0347912,3.0,2.0,50.0,24.838809967041016,0.0,21.443660736083984,-100.0,-100.0,0.0,5.555065155029297,616.9664805787761,24.838809967041016,24.927698135375977
run_1780052271_513c8b16,1780052295.0340035,3.0,2.0,50.0,24.838809967041016,0.0,21.443660736083984,-100.0,-100.0,0.0,5.025170803070068,616.9664805787761,24.838809967041016,24.927698135375977
run_1780052271_513c8b16,1780052297.035004,3.0,2.0,50.0,24.838809967041016,0.0,21.443660736083984,-100.0,-100.0,0.0,4.545822620391846,616.9664805787761,24.838809967041016,24.927698135375977
run_1780052271_513c8b16,1780052299.0421264,3.0,2.0,50.0,24.838809967041016,0.0,21.443660736083984,-100.0,-100.0,0.0,4.112198829650879,616.9664805787761,24.838809967041016,24.927698135375977
run_1780052271_513c8b16,1780052301.0318491,3.0,2.0,50.0,24.838809967041016,0.0,21.443660736083984,-100.0,-100.0,0.0,3.7199389934539795,616.9664805787761,24.838809967041016,24.927698135375977
run_1780052271_513c8b16,1780052303.0340462,3.0,2.0,50.0,24.838809967041016,0.0,21.443660736083984,-100.0,-100.0,0.0,3.365096092224121,616.9664805787761,24.838809967041016,24.927698135375977
run_1780052271_513c8b16,1780052305.030004,3.0,2.0,50.0,24.794336318969727,0.0,21.39362907409668,-100.0,-100.0,0.0,6.551418304443359,614.7591134981813,24.794336318969727,24.927698135375977
run_1780052271_513c8b16,1780052307.0337758,3.0,2.0,50.0,24.794336318969727,0.0,21.39362907409668,-100.0,-100.0,0.0,5.9264817237854,614.7591134981813,24.794336318969727,24.927698135375977
run_1780052271_513c8b16,1780052309.0301726,3.0,2.0,50.0,24.794336318969727,0.0,21.39362907409668,-100.0,-100.0,0.0,5.361157417297363,614.7591134981813,24.794336318969727,24.927698135375977
run_1780052271_513c8b16,1780052311.0435724,3.0,2.0,50.0,24.794336318969727,0.0,21.39362907409668,-100.0,-100.0,0.0,4.849759578704834,614.7591134981813,24.794336318969727,24.927698135375977
run_1780052271_513c8b16,1780052313.0281677,3.0,2.0,50.0,24.794336318969727,0.0,21.39362907409668,-100.0,-100.0,0.0,4.387142658233643,614.7591134981813,24.794336318969727,24.927698135375977
run_1780052271_513c8b16,1780052315.0409322,3.0,2.0,50.0,24.794336318969727,0.0,21.39362907409668,-100.0,-100.0,0.0,3.9686567783355713,614.7591134981813,24.794336318969727,24.927698135375977
run_1780052271_513c8b16,1780052317.040658,3.0,2.0,50.0,24.794336318969727,0.0,21.39362907409668,-100.0,-100.0,0.0,3.5900886058807373,614.7591134981813,24.794336318969727,24.927698135375977
run_1780052271_513c8b16,1780052319.0373166,3.0,2.0,50.0,24.794336318969727,0.0,21.39362907409668,-100.0,-100.0,0.0,3.034792184829712,614.7591134981813,24.794336318969727,24.927698135375977
run_1780052271_513c8b16,1780052321.0321505,3.0,2.0,50.0,24.794336318969727,0.0,21.39362907409668,-100.0,-100.0,0.0,2.745304584503174,614.7591134981813,24.794336318969727,24.927698135375977
run_1780052271_513c8b16,1780052323.0347888,3.0,2.0,50.0,24.749921798706055,0.0,21.34366226196289,-100.0,-100.0,0.0,6.129396915435791,612.5586290420651,24.749921798706055,24.927698135375977
run_1780052271_513c8b16,1780052325.0298913,3.0,2.0,50.0,24.794336318969727,0.0,21.39362907409668,-100.0,-100.0,0.0,1.971126675605774,614.7591134981813,24.794336318969727,24.927698135375977
run_1780052271_513c8b16,1780052327.040498,3.0,2.0,50.0,24.749921798706055,0.0,21.34366226196289,-100.0,-100.0,0.0,5.216227054595947,612.5586290420651,24.749921798706055,24.927698135375977
run_1780052271_513c8b16,1780052329.0401206,3.0,2.0,50.0,24.749921798706055,0.0,21.34366226196289,-100.0,-100.0,0.0,4.718652248382568,612.5586290420651,24.749921798706055,24.927698135375977
run_1780052271_513c8b16,1780052331.0388925,3.0,2.0,50.0,24.749921798706055,0.0,21.34366226196289,-100.0,-100.0,0.0,4.2685441970825195,612.5586290420651,24.749921798706055,24.927698135375977
run_1780052271_513c8b16,1780052333.0389264,3.0,2.0,50.0,24.749921798706055,0.0,21.34366226196289,-100.0,-100.0,0.0,3.8613698482513428,612.5586290420651,24.749921798706055,24.927698135375977
run_1780052271_513c8b16,1780052335.0332847,3.0,2.0,50.0,24.749921798706055,0.0,21.34366226196289,-100.0,-100.0,0.0,3.4930367469787598,612.5586290420651,24.749921798706055,24.927698135375977
run_1780052271_513c8b16,1780052337.0410664,3.0,2.0,50.0,24.749921798706055,0.0,21.34366226196289,-100.0,-100.0,0.0,3.1598381996154785,612.5586290420651,24.749921798706055,24.927698135375977
run_1780052271_513c8b16,1780052339.0350144,3.0,2.0,50.0,24.705448150634766,0.0,21.293630599975586,-100.0,-100.0,0.0,6.509242057800293,610.3591683237028,24.705448150634766,24.927698135375977
run_1780052271_513c8b16,1780052341.0435479,3.0,2.0,50.0,24.749921798706055,0.0,21.34366226196289,-100.0,-100.0,0.0,2.309980630874634,612.5586290420651,24.749921798706055,24.927698135375977
run_1780052271_513c8b16,1780052343.0383432,3.0,2.0,50.0,24.705448150634766,0.0,21.293630599975586,-100.0,-100.0,0.0,5.527328014373779,610.3591683237028,24.705448150634766,24.927698135375977
run_1780052271_513c8b16,1780052345.0348194,3.0,2.0,50.0,24.705448150634766,0.0,21.293630599975586,-100.0,-100.0,0.0,5.000080108642578,610.3591683237028,24.705448150634766,24.927698135375977
run_1780052271_513c8b16,1780052347.0410836,3.0,2.0,50.0,24.705448150634766,0.0,21.293630599975586,-100.0,-100.0,0.0,4.523126125335693,610.3591683237028,24.705448150634766,24.927698135375977
run_1780052271_513c8b16,1780052349.0393891,3.0,2.0,50.0,24.705448150634766,0.0,21.293630599975586,-100.0,-100.0,0.0,4.091668128967285,610.3591683237028,24.705448150634766,24.927698135375977
run_1780052271_513c8b16,1780052351.0372615,3.0,2.0,50.0,24.705448150634766,0.0,21.293630599975586,-100.0,-100.0,0.0,3.7013657093048096,610.3591683237028,24.705448150634766,24.927698135375977
run_1780052271_513c8b16,1780052353.0339558,3.0,2.0,50.0,24.705448150634766,0.0,21.293630599975586,-100.0,-100.0,0.0,3.3482937812805176,610.3591683237028,24.705448150634766,24.927698135375977
run_1780052271_513c8b16,1780052355.033791,3.0,2.0,50.0,24.705448150634766,0.0,21.293630599975586,-100.0,-100.0,0.0,3.028902053833008,610.3591683237028,24.705448150634766,24.927698135375977
run_1780052271_513c8b16,1780052357.0328522,3.0,2.0,50.0,24.705448150634766,0.0,21.293630599975586,-100.0,-100.0,0.0,2.7399771213531494,610.3591683237028,24.705448150634766,24.927698135375977
run_1780052271_513c8b16,1780052359.0441732,3.0,2.0,50.0,24.705448150634766,0.0,21.293630599975586,-100.0,-100.0,0.0,2.4786126613616943,610.3591683237028,24.705448150634766,24.927698135375977
run_1780052271_513c8b16,1780052361.030321,3.0,2.0,50.0,24.661008834838867,0.0,21.243635177612305,-100.0,-100.0,0.0,5.609033584594727,608.1653567520007,24.661008834838867,24.927698135375977
run_1780052271_513c8b16,1780052363.042318,3.0,2.0,50.0,24.661008834838867,0.0,21.243635177612305,-100.0,-100.0,0.0,5.073990821838379,608.1653567520007,24.661008834838867,24.927698135375977
run_1780052271_513c8b16,1780052365.037077,3.0,2.0,50.0,24.661008834838867,0.0,21.243635177612305,-100.0,-100.0,0.0,4.589985370635986,608.1653567520007,24.661008834838867,24.927698135375977
run_1780052271_513c8b16,1780052367.0327687,3.0,2.0,50.0,24.661008834838867,0.0,21.243635177612305,-100.0,-100.0,0.0,4.152150630950928,608.1653567520007,24.661008834838867,24.927698135375977
run_1780052271_513c8b16,1780052369.029082,3.0,2.0,50.0,24.661008834838867,0.0,21.243635177612305,-100.0,-100.0,0.0,3.7560791969299316,608.1653567520007,24.661008834838867,24.927698135375977
run_1780052271_513c8b16,1780052371.0422568,3.0,2.0,50.0,24.661008834838867,0.0,21.243635177612305,-100.0,-100.0,0.0,3.3977885246276855,608.1653567520007,24.661008834838867,24.927698135375977
run_1780052271_513c8b16,1780052373.037491,3.0,2.0,50.0,24.661008834838867,0.0,21.243635177612305,-100.0,-100.0,0.0,3.0736756324768066,608.1653567520007,24.661008834838867,24.927698135375977
run_1780052271_513c8b16,1780052375.0301778,3.0,2.0,50.0,24.661008834838867,0.0,21.243635177612305,-100.0,-100.0,0.0,2.7804791927337646,608.1653567520007,24.661008834838867,24.927698135375977
run_1780052271_513c8b16,1780052377.0332582,3.0,2.0,50.0,24.661008834838867,0.0,21.243635177612305,-100.0,-100.0,0.0,2.5152509212493896,608.1653567520007,24.661008834838867,24.927698135375977
run_1780052271_513c8b16,1780052379.0319266,3.0,2.0,50.0,24.616539001464844,0.0,21.193607330322266,-100.0,-100.0,0.0,5.7823381423950195,605.9739924106398,24.616539001464844,24.927698135375977
run_1780052271_513c8b16,1780052381.043115,3.0,2.0,50.0,24.616539001464844,0.0,21.193607330322266,-100.0,-100.0,0.0,5.2307634353637695,605.9739924106398,24.616539001464844,24.927698135375977
run_1780052271_513c8b16,1780052383.0396278,3.0,2.0,50.0,24.616539001464844,0.0,21.193607330322266,-100.0,-100.0,0.0,4.731803894042969,605.9739924106398,24.616539001464844,24.927698135375977
run_1780052271_513c8b16,1780052385.030816,3.0,2.0,50.0,24.616539001464844,0.0,21.193607330322266,-100.0,-100.0,0.0,4.280439853668213,605.9739924106398,24.616539001464844,24.927698135375977
run_1780052271_513c8b16,1780052387.0284777,3.0,2.0,50.0,24.616539001464844,0.0,21.193607330322266,-100.0,-100.0,0.0,3.872131109237671,605.9739924106398,24.616539001464844,24.927698135375977
run_1780052271_513c8b16,1780052389.0422006,3.0,2.0,50.0,24.616539001464844,0.0,21.193607330322266,-100.0,-100.0,0.0,3.5027713775634766,605.9739924106398,24.616539001464844,24.927698135375977
run_1780052271_513c8b16,1780052391.0412126,3.0,2.0,50.0,24.616539001464844,0.0,21.193607330322266,-100.0,-100.0,0.0,3.1686439514160156,605.9739924106398,24.616539001464844,24.927698135375977
run_1780052271_513c8b16,1780052393.0421927,3.0,2.0,50.0,24.57208251953125,0.0,21.143592834472656,-100.0,-100.0,0.0,6.443356037139893,603.7872393466532,24.57208251953125,24.927698135375977
run_1780052271_513c8b16,1780052395.0411806,3.0,2.0,50.0,24.57208251953125,0.0,21.143592834472656,-100.0,-100.0,0.0,5.828728675842285,603.7872393466532,24.57208251953125,24.927698135375977
run_1780052271_513c8b16,1780052397.0372872,3.0,2.0,50.0,24.57208251953125,0.0,21.143592834472656,-100.0,-100.0,0.0,5.27272891998291,603.7872393466532,24.57208251953125,24.927698135375977
run_1780052271_513c8b16,1780052399.0362194,3.0,2.0,50.0,24.57208251953125,0.0,21.143592834472656,-100.0,-100.0,0.0,4.769766330718994,603.7872393466532,24.57208251953125,24.927698135375977
run_1780052271_513c8b16,1780052401.0370631,3.0,2.0,50.0,24.57208251953125,0.0,21.143592834472656,-100.0,-100.0,0.0,4.314781188964844,603.7872393466532,24.57208251953125,24.927698135375977
run_1780052271_513c8b16,1780052403.0384135,3.0,2.0,50.0,24.57208251953125,0.0,21.143592834472656,-100.0,-100.0,0.0,3.903196096420288,603.7872393466532,24.57208251953125,24.927698135375977
run_1780052271_513c8b16,1780052405.040187,3.0,2.0,50.0,24.527645111083984,0.0,21.093599319458008,-100.0,-100.0,0.0,7.178717136383057,601.6053746952821,24.527645111083984,24.927698135375977
run_1780052271_513c8b16,1780052407.0373707,3.0,2.0,50.0,24.527645111083984,0.0,21.093599319458008,-100.0,-100.0,0.0,6.4939422607421875,601.6053746952821,24.527645111083984,24.927698135375977
run_1780052271_513c8b16,1780052409.0442026,3.0,2.0,50.0,24.527645111083984,0.0,21.093599319458008,-100.0,-100.0,0.0,5.8744893074035645,601.6053746952821,24.527645111083984,24.927698135375977
run_1780052271_513c8b16,1780052411.0433292,3.0,2.0,50.0,24.483177185058594,0.0,21.0435733795166,-100.0,-100.0,0.0,8.820989608764648,599.4259650749736,24.483177185058594,24.927698135375977
run_1780052271_513c8b16,1780052413.04258,3.0,2.0,50.0,24.483177185058594,0.0,21.0435733795166,-100.0,-100.0,0.0,7.9795613288879395,599.4259650749736,24.483177185058594,24.927698135375977
run_1780052271_513c8b16,1780052415.0398493,3.0,2.0,50.0,24.483177185058594,0.0,21.0435733795166,-100.0,-100.0,0.0,7.218395709991455,599.4259650749736,24.483177185058594,24.927698135375977
run_1780052271_513c8b16,1780052417.031994,3.0,2.0,50.0,24.438722610473633,0.0,20.993562698364258,-100.0,-100.0,0.0,9.897845268249512,597.2511628316752,24.438722610473633,24.927698135375977
run_1780052271_513c8b16,1780052419.0461967,3.0,2.0,50.0,24.438722610473633,0.0,20.993562698364258,-100.0,-100.0,0.0,8.953695297241211,597.2511628316752,24.438722610473633,24.927698135375977
run_1780052271_513c8b16,1780052421.031074,3.0,2.0,50.0,24.394285202026367,0.0,20.943571090698242,-100.0,-100.0,0.0,11.466315269470215,595.0811505178026,24.394285202026367,24.927698135375977
run_1780052271_513c8b16,1780052423.03203,3.0,2.0,50.0,24.394285202026367,0.0,20.943571090698242,-100.0,-100.0,0.0,10.372551918029785,595.0811505178026,24.394285202026367,24.927698135375977
run_1780052271_513c8b16,1780052425.0322523,3.0,2.0,50.0,24.34983253479004,0.0,20.89356231689453,-100.0,-100.0,0.0,12.750985145568848,592.9143444723195,24.34983253479004,24.927698135375977
run_1780052271_513c8b16,1780052427.0364716,3.0,2.0,50.0,24.305397033691406,0.0,20.843570709228516,-100.0,-100.0,0.0,15.038985252380371,590.752324965375,24.305397033691406,24.927698135375977
run_1780052271_513c8b16,1780052429.0326943,3.0,2.0,50.0,24.305397033691406,0.0,20.843570709228516,-100.0,-100.0,0.0,13.604423522949219,590.752324965375,24.305397033691406,24.927698135375977
run_1780052271_513c8b16,1780052431.0304346,3.0,2.0,50.0,24.305397033691406,0.0,20.843570709228516,-100.0,-100.0,0.0,12.306705474853516,590.752324965375,24.305397033691406,24.927698135375977
run_1780052271_513c8b16,1780052433.029757,3.0,2.0,50.0,24.260963439941406,0.0,20.793582916259766,-100.0,-100.0,0.0,14.567373275756836,588.5943470341736,24.260963439941406,24.927698135375977
run_1780052271_513c8b16,1780052435.033038,3.0,2.0,50.0,24.216514587402344,0.0,20.74357795715332,-100.0,-100.0,0.0,16.683164596557617,586.4395787618705,24.216514587402344,24.927698135375977
run_1780052271_513c8b16,1780052437.0442727,3.0,2.0,50.0,24.172046661376953,0.0,20.693553924560547,-100.0,-100.0,0.0,18.742115020751953,584.2878397997847,24.172046661376953,24.927698135375977
run_1780052271_513c8b16,1780052439.0421803,3.0,2.0,50.0,24.172046661376953,0.0,20.693553924560547,-100.0,-100.0,0.0,16.95431137084961,584.2878397997847,24.172046661376953,24.927698135375977
run_1780052271_513c8b16,1780052441.0375812,3.0,2.0,50.0,24.127613067626953,0.0,20.643566131591797,-100.0,-100.0,0.0,18.771644592285156,582.1417123411229,24.127613067626953,24.927698135375977
run_1780052271_513c8b16,1780052443.033033,3.0,2.0,50.0,24.083168029785156,0.0,20.593564987182617,-100.0,-100.0,0.0,20.48609161376953,579.9989823508658,24.083168029785156,24.927698135375977
run_1780052271_513c8b16,1780052445.0447924,3.0,2.0,50.0,24.038734436035156,0.0,20.543577194213867,-100.0,-100.0,0.0,22.17947006225586,577.8607532862225,24.038734436035156,24.927698135375977
run_1780052271_513c8b16,1780052447.0301704,3.0,2.0,50.0,23.994287490844727,0.0,20.493574142456055,-100.0,-100.0,0.0,23.568992614746094,575.7258321933077,23.994287490844727,24.927698135375977
run_1780052271_513c8b16,1780052449.043049,3.0,2.0,50.0,23.949857711791992,0.0,20.44359016418457,-100.0,-100.0,0.0,24.967979431152344,573.5956844150824,23.949857711791992,24.927698135375977
run_1780052271_513c8b16,1780052451.0373342,3.0,2.0,50.0,23.949857711791992,0.0,20.44359016418457,-100.0,-100.0,0.0,22.58629608154297,573.5956844150824,23.949857711791992,24.927698135375977
run_1780052271_513c8b16,1780052453.0377634,3.0,2.0,50.0,23.905399322509766,0.0,20.393573760986328,-100.0,-100.0,0.0,23.868316650390625,571.4681167686504,23.905399322509766,24.927698135375977
run_1780052271_513c8b16,1780052455.0384102,3.0,2.0,50.0,23.86095428466797,0.0,20.34357261657715,-100.0,-100.0,0.0,25.096595764160156,569.3451393750147,23.86095428466797,24.927698135375977
run_1780052271_513c8b16,1780052457.036557,3.0,2.0,50.0,23.772083282470703,0.0,20.243593215942383,-100.0,-100.0,0.0,29.785104751586914,565.1119435887231,23.772083282470703,24.927698135375977
run_1780052271_513c8b16,1780052459.0353606,3.0,2.0,50.0,23.772083282470703,0.0,20.243593215942383,-100.0,-100.0,0.0,26.94392204284668,565.1119435887231,23.772083282470703,24.927698135375977
run_1780052271_513c8b16,1780052461.0307956,3.0,2.0,50.0,23.683202743530273,0.0,20.14360237121582,-100.0,-100.0,0.0,31.456998825073242,560.8940921911599,23.683202743530273,24.927698135375977
run_1780052271_513c8b16,1780052463.044062,3.0,2.0,50.0,23.638790130615234,0.0,20.093637466430664,-100.0,-100.0,0.0,32.02976608276367,558.7923988392722,23.638790130615234,24.927698135375977
run_1780052271_513c8b16,1780052465.0440886,3.0,2.0,50.0,23.59433364868164,0.0,20.043624877929688,-100.0,-100.0,0.0,32.62387466430664,556.6925803253107,23.59433364868164,24.927698135375977
run_1780052271_513c8b16,1780052467.0382895,3.0,2.0,50.0,23.549909591674805,0.0,19.993648529052734,-100.0,-100.0,0.0,33.08625793457031,554.598241776057,23.549909591674805,24.927698135375977
run_1780052271_513c8b16,1780052469.0327637,3.0,2.0,50.0,23.46104621887207,0.0,19.8936767578125,-100.0,-100.0,0.0,37.011966705322266,550.4206896840515,23.46104621887207,24.927698135375977
run_1780052271_513c8b16,1780052471.0319424,3.0,2.0,50.0,23.416608810424805,0.0,19.843685150146484,-100.0,-100.0,0.0,37.056846618652344,548.3375681804646,23.416608810424805,24.927698135375977
run_1780052271_513c8b16,1780052473.0460079,3.0,2.0,50.0,23.327735900878906,0.0,19.743703842163086,-100.0,-100.0,0.0,40.0,544.1832622611546,23.327735900878906,24.927698135375977
run_1780052271_513c8b16,1780052475.034411,3.0,2.0,50.0,23.283300399780273,0.0,19.69371223449707,-100.0,-100.0,0.0,40.0,542.1120775064082,23.283300399780273,24.927698135375977
run_1780052271_513c8b16,1780052477.0341434,3.0,2.0,50.0,23.194446563720703,0.0,19.593751907348633,-100.0,-100.0,0.0,40.0,537.9823513972951,23.194446563720703,24.927698135375977
run_1780052271_513c8b16,1780052479.0351777,3.0,2.0,50.0,23.14999771118164,0.0,19.543746948242188,-100.0,-100.0,0.0,40.0,535.9223940277152,23.14999771118164,24.927698135375977
run_1780052271_513c8b16,1780052481.0320797,3.0,2.0,50.0,23.01673126220703,0.0,19.393823623657227,-100.0,-100.0,0.0,40.0,529.7699179966585,23.01673126220703,24.927698135375977
run_1780052271_513c8b16,1780052483.0322878,3.0,2.0,50.0,22.97231674194336,0.0,19.343856811523438,-100.0,-100.0,0.0,40.0,527.7273364921712,22.97231674194336,24.927698135375977
run_1780052271_513c8b16,1780052485.0414267,3.0,2.0,50.0,22.927886962890625,0.0,19.293872833251953,-100.0,-100.0,0.0,40.0,525.6880005830899,22.927886962890625,24.927698135375977
run_1780052271_513c8b16,1780052487.0420115,3.0,2.0,50.0,22.794599533081055,0.0,19.143924713134766,-100.0,-100.0,0.0,40.0,519.593767873539,22.794599533081055,24.927698135375977
run_1780052271_513c8b16,1780052489.0433037,3.0,2.0,50.0,22.750158309936523,0.0,19.09392738342285,-100.0,-100.0,0.0,40.0,517.5697031271739,22.750158309936523,24.927698135375977
run_1780052271_513c8b16,1780052491.0426676,3.0,2.0,50.0,22.61692237854004,0.0,18.94403839111328,-100.0,-100.0,0.0,40.0,511.5251778769052,22.61692237854004,24.927698135375977
run_1780052271_513c8b16,1780052493.043502,3.0,2.0,50.0,22.528078079223633,0.0,18.844087600708008,-100.0,-100.0,0.0,40.0,507.51430194359637,22.528078079223633,24.927698135375977
run_1780052271_513c8b16,1780052495.0435834,3.0,2.0,50.0,22.394840240478516,0.0,18.694194793701172,-100.0,-100.0,0.0,40.0,501.5288693965558,22.394840240478516,24.927698135375977
run_1780052271_513c8b16,1780052497.0431173,3.0,2.0,50.0,22.350419998168945,0.0,18.644222259521484,-100.0,-100.0,0.0,40.0,499.5412740945503,22.350419998168945,24.927698135375977
run_1780052271_513c8b16,1780052499.037376,3.0,2.0,50.0,22.217159271240234,0.0,18.49430274963379,-100.0,-100.0,0.0,40.0,493.6021660836559,22.217159271240234,24.927698135375977
run_1780052271_513c8b16,1780052501.0397987,3.0,2.0,50.0,22.12833595275879,0.0,18.394378662109375,-100.0,-100.0,0.0,40.0,489.6632520381572,22.12833595275879,24.927698135375977
run_1780052271_513c8b16,1780052503.0359404,3.0,2.0,50.0,21.950687408447266,0.0,18.194522857666016,-100.0,-100.0,0.0,40.0,481.83267770336533,21.950687408447266,24.927698135375977
run_1780052271_513c8b16,1780052505.0454025,3.0,2.0,50.0,21.90630340576172,0.0,18.144590377807617,-100.0,-100.0,0.0,40.0,479.8861289052875,21.90630340576172,24.927698135375977
run_1780052271_513c8b16,1780052507.030098,3.0,2.0,50.0,21.7286376953125,0.0,17.944717407226562,-100.0,-100.0,0.0,40.0,472.1336960941553,21.7286376953125,24.927698135375977
run_1780052271_513c8b16,1780052509.0314794,3.0,2.0,50.0,21.639829635620117,0.0,17.84480857849121,-100.0,-100.0,0.0,40.0,468.2822266586627,21.639829635620117,24.927698135375977
run_1780052271_513c8b16,1780052511.0310962,3.0,2.0,50.0,21.506603240966797,0.0,17.694929122924805,-100.0,-100.0,0.0,40.0,462.53398296436353,21.506603240966797,24.927698135375977
run_1780052271_513c8b16,1780052513.0326047,3.0,2.0,50.0,21.417802810668945,0.0,17.595027923583984,-100.0,-100.0,0.0,40.0,458.7222772366986,21.417802810668945,24.927698135375977
run_1780052271_513c8b16,1780052515.0300179,3.0,2.0,50.0,21.240196228027344,0.0,17.395221710205078,-100.0,-100.0,0.0,40.0,451.145935805107,21.240196228027344,24.927698135375977
run_1780052271_513c8b16,1780052517.0433557,3.0,2.0,50.0,21.151405334472656,0.0,17.295330047607422,-100.0,-100.0,0.0,40.0,447.38194762315834,21.151405334472656,24.927698135375977
run_1780052271_513c8b16,1780052519.0416079,3.0,2.0,50.0,21.018199920654297,0.0,17.145475387573242,-100.0,-100.0,0.0,40.0,441.7647279045923,21.018199920654297,24.927698135375977
run_1780052271_513c8b16,1780052521.04031,3.0,2.0,50.0,20.929414749145508,0.0,17.045591354370117,-100.0,-100.0,0.0,40.0,438.0404017417495,20.929414749145508,24.927698135375977
run_1780052271_513c8b16,1780052523.0374806,3.0,2.0,50.0,20.751853942871094,0.0,16.845834732055664,-100.0,-100.0,0.0,40.0,430.63944206625456,20.751853942871094,24.927698135375977
run_1780052271_513c8b16,1780052525.0298135,3.0,2.0,50.0,20.663061141967773,0.0,16.745943069458008,-100.0,-100.0,0.0,40.0,426.96209575669855,20.663061141967773,24.927698135375977
run_1780052271_513c8b16,1780052527.0298057,3.0,2.0,50.0,20.48548698425293,0.0,16.546173095703125,-100.0,-100.0,0.0,40.0,419.6551769819962,20.48548698425293,24.927698135375977
run_1780052271_513c8b16,1780052529.0380373,3.0,2.0,50.0,20.396717071533203,0.0,16.446306228637695,-100.0,-100.0,0.0,40.0,416.026067296174,20.396717071533203,24.927698135375977
run_1780052271_513c8b16,1780052531.0390892,3.0,2.0,50.0,20.219173431396484,0.0,16.246570587158203,-100.0,-100.0,0.0,40.0,408.8149742488895,20.219173431396484,24.927698135375977
run_1780052271_513c8b16,1780052533.0423403,3.0,2.0,50.0,20.130413055419922,0.0,16.146713256835938,-100.0,-100.0,0.0,40.0,405.23352978182083,20.130413055419922,24.927698135375977
run_1780052271_513c8b16,1780052535.0296512,3.0,2.0,50.0,19.952898025512695,0.0,15.947010040283203,-100.0,-100.0,0.0,40.0,398.1181396165084,19.952898025512695,24.927698135375977
run_1780052271_513c8b16,1780052537.0344107,3.0,2.0,50.0,19.864131927490234,0.0,15.847146987915039,-100.0,-100.0,0.0,40.0,394.5837372327369,19.864131927490234,24.927698135375977
run_1780052271_513c8b16,1780052539.039754,3.0,2.0,50.0,19.686634063720703,0.0,15.647462844848633,-100.0,-100.0,0.0,40.0,387.5635607588483,19.686634063720703,24.927698135375977
run_1780052271_513c8b16,1780052541.0310068,3.0,2.0,50.0,19.553495407104492,0.0,15.497682571411133,-100.0,-100.0,0.0,40.0,382.33918263565647,19.553495407104492,24.927698135375977
run_1780052271_513c8b16,1780052543.0356596,3.0,2.0,50.0,19.37600326538086,0.0,15.298004150390625,-100.0,-100.0,0.0,40.0,375.4295025400497,19.37600326538086,24.927698135375977
run_1780052271_513c8b16,1780052545.0392718,3.0,2.0,50.0,19.287267684936523,0.0,15.198176383972168,-100.0,-100.0,0.0,40.0,371.9986947503967,19.287267684936523,24.927698135375977
run_1780052271_513c8b16,1780052547.0354137,3.0,2.0,50.0,19.065420150756836,0.0,14.948596954345703,-100.0,-100.0,0.0,40.0,363.4902455248848,19.065420150756836,24.927698135375977
run_1780052271_513c8b16,1780052549.0382755,3.0,2.0,50.0,18.976694107055664,0.0,14.848780632019043,-100.0,-100.0,0.0,40.0,360.11491923276117,18.976694107055664,24.927698135375977
run_1780052271_513c8b16,1780052551.036382,3.0,2.0,50.0,18.754871368408203,0.0,14.599228858947754,-100.0,-100.0,0.0,40.0,351.7452000455378,18.754871368408203,24.927698135375977
run_1780052271_513c8b16,1780052553.0363395,3.0,2.0,50.0,18.66612434387207,0.0,14.4993896484375,-100.0,-100.0,0.0,40.0,348.4241980208935,18.66612434387207,24.927698135375977
run_1780052271_513c8b16,1780052555.03117,3.0,2.0,50.0,18.48871612548828,0.0,14.2998046875,-100.0,-100.0,0.0,40.0,341.8326239688904,18.48871612548828,24.927698135375977
run_1780052271_513c8b16,1780052557.033181,3.0,2.0,50.0,18.400005340576172,0.0,14.200005531311035,-100.0,-100.0,0.0,40.0,338.56019653323165,18.400005340576172,24.927698135375977
run_1780052271_513c8b16,1780052559.0394616,3.0,2.0,50.0,18.17819595336914,0.0,13.950470924377441,-100.0,-100.0,0.0,40.0,330.4468081190862,18.17819595336914,24.927698135375977
run_1780052271_513c8b16,1780052561.035533,3.0,2.0,50.0,18.089496612548828,0.0,13.85068416595459,-100.0,-100.0,0.0,40.0,327.2298876954155,18.089496612548828,24.927698135375977
run_1780052271_513c8b16,1780052563.034926,3.0,2.0,50.0,17.867769241333008,0.0,13.601240158081055,-100.0,-100.0,0.0,40.0,319.25717766152593,17.867769241333008,24.927698135375977
run_1780052271_513c8b16,1780052565.0376403,3.0,2.0,50.0,17.779064178466797,0.0,13.501448631286621,-100.0,-100.0,0.0,40.0,316.09512306204124,17.779064178466797,24.927698135375977
run_1780052271_513c8b16,1780052567.0430832,3.0,2.0,50.0,17.601665496826172,0.0,13.301875114440918,-100.0,-100.0,0.0,40.0,309.8186282621609,17.601665496826172,24.927698135375977
run_1780052271_513c8b16,1780052569.038107,3.0,2.0,50.0,17.512983322143555,0.0,13.202106475830078,-100.0,-100.0,0.0,40.0,306.7045848416783,17.512983322143555,24.927698135375977
run_1780052271_513c8b16,1780052571.0340734,3.0,2.0,50.0,17.29129981994629,0.0,12.952713012695312,-100.0,-100.0,0.0,40.0,298.98904946327457,17.29129981994629,24.927698135375977
run_1780052271_513c8b16,1780052573.040144,3.0,2.0,50.0,17.202613830566406,0.0,12.852941513061523,-100.0,-100.0,0.0,40.0,295.9299226035946,17.202613830566406,24.927698135375977
run_1780052271_513c8b16,1780052575.0299928,3.0,2.0,50.0,17.025249481201172,0.0,12.653407096862793,-100.0,-100.0,0.0,40.0,289.8591198971408,17.025249481201172,24.927698135375977
run_1780052271_513c8b16,1780052577.0391977,3.0,2.0,50.0,16.892263412475586,0.0,12.503795623779297,-100.0,-100.0,0.0,40.0,285.3485631964613,16.892263412475586,24.927698135375977
run_1780052271_513c8b16,1780052579.0345705,3.0,2.0,50.0,16.670597076416016,0.0,12.25442123413086,-100.0,-100.0,0.0,40.0,277.9088068842102,16.670597076416016,24.927698135375977
run_1780052271_513c8b16,1780052581.0361502,3.0,2.0,50.0,16.58194351196289,0.0,12.154685974121094,-100.0,-100.0,0.0,40.0,274.9608506339282,16.58194351196289,24.927698135375977
run_1780052271_513c8b16,1780052583.037422,3.0,2.0,50.0,16.40460205078125,0.0,11.955178260803223,-100.0,-100.0,0.0,40.0,269.1109684444964,16.40460205078125,24.927698135375977
run_1780052271_513c8b16,1780052585.0394433,3.0,2.0,50.0,16.271644592285156,0.0,11.8056001663208,-100.0,-100.0,0.0,40.0,264.76641773764277,16.271644592285156,24.927698135375977
run_1780052271_513c8b16,1780052587.0394526,3.0,2.0,50.0,16.094364166259766,0.0,11.606159210205078,-100.0,-100.0,0.0,40.0,259.0285579161864,16.094364166259766,24.927698135375977
run_1780052271_513c8b16,1780052589.038263,3.0,2.0,50.0,16.005727767944336,0.0,11.506443977355957,-100.0,-100.0,0.0,40.0,256.1833213815444,16.005727767944336,24.927698135375977
run_1780052271_513c8b16,1780052591.03393,3.0,2.0,50.0,15.784130096435547,0.0,11.257145881652832,-100.0,-100.0,0.0,40.0,249.13876290120243,15.784130096435547,24.927698135375977
run_1780052271_513c8b16,1780052593.0382729,3.0,2.0,50.0,15.695489883422852,0.0,11.157426834106445,-100.0,-100.0,0.0,40.0,246.34840268062908,15.695489883422852,24.927698135375977
run_1780052271_513c8b16,1780052595.034791,3.0,2.0,50.0,15.473915100097656,0.0,10.908154487609863,-100.0,-100.0,0.0,40.0,239.44204852503026,15.473915100097656,24.927698135375977
run_1780052271_513c8b16,1780052597.0444918,3.0,2.0,50.0,15.385299682617188,0.0,10.80846118927002,-100.0,-100.0,0.0,40.0,236.70744632394053,15.385299682617188,24.927698135375977
run_1780052271_513c8b16,1780052599.043403,3.0,2.0,50.0,15.208072662353516,0.0,10.609081268310547,-100.0,-100.0,0.0,40.0,231.28547410342435,15.208072662353516,24.927698135375977
run_1780052271_513c8b16,1780052601.0312471,3.0,2.0,50.0,15.075139045715332,0.0,10.459531784057617,-100.0,-100.0,0.0,40.0,227.25981724765097,15.075139045715332,24.927698135375977
run_1780052271_513c8b16,1780052603.0311122,3.0,2.0,50.0,14.897917747497559,0.0,10.260157585144043,-100.0,-100.0,0.0,40.0,221.94795321120273,14.897917747497559,24.927698135375977
run_1780052271_513c8b16,1780052605.0423117,3.0,2.0,50.0,14.809318542480469,0.0,10.160483360290527,-100.0,-100.0,0.0,40.0,219.31591569265584,14.809318542480469,24.927698135375977
run_1780052271_513c8b16,1780052607.0338633,3.0,2.0,50.0,14.587810516357422,0.0,9.911287307739258,-100.0,-100.0,0.0,40.0,212.8042156611482,14.587810516357422,24.927698135375977
run_1780052271_513c8b16,1780052609.0372348,3.0,2.0,50.0,14.499221801757812,0.0,9.811623573303223,-100.0,-100.0,0.0,40.0,210.22743285656907,14.499221801757812,24.927698135375977
run_1780052271_513c8b16,1780052611.0436053,3.0,2.0,50.0,14.277765274047852,0.0,9.56248664855957,-100.0,-100.0,0.0,40.0,203.85458122080672,14.277765274047852,24.927698135375977
run_1780052271_513c8b16,1780052613.0336094,3.0,2.0,50.0,14.189144134521484,0.0,9.462786674499512,-100.0,-100.0,0.0,40.0,201.33181127022544,14.189144134521484,24.927698135375977
run_1780052271_513c8b16,1780052615.0329795,3.0,2.0,50.0,13.967681884765625,0.0,9.213642120361328,-100.0,-100.0,0.0,40.0,195.0961372340098,13.967681884765625,24.927698135375977
run_1780052271_513c8b16,1780052617.033016,3.0,2.0,50.0,13.834835052490234,0.0,9.064188957214355,-100.0,-100.0,0.0,40.0,191.40266092961247,13.834835052490234,24.927698135375977
run_1780052271_513c8b16,1780052619.037298,3.0,2.0,50.0,13.74626636505127,0.0,8.964550018310547,-100.0,-100.0,0.0,40.0,188.95983897893984,13.74626636505127,24.927698135375977
run_1780052271_513c8b16,1780052621.0380588,3.0,2.0,50.0,13.524840354919434,0.0,8.715445518493652,-100.0,-100.0,0.0,40.0,182.92130662605723,13.524840354919434,24.927698135375977
run_1780052271_513c8b16,1780052623.038372,3.0,2.0,50.0,13.436283111572266,0.0,8.61581802368164,-100.0,-100.0,0.0,40.0,180.53370385432208,13.436283111572266,24.927698135375977
run_1780052271_513c8b16,1780052625.0406272,3.0,2.0,50.0,13.21487808227539,0.0,8.366738319396973,-100.0,-100.0,0.0,40.0,174.6330027294025,13.21487808227539,24.927698135375977
run_1780052271_513c8b16,1780052627.0389102,3.0,2.0,50.0,13.126331329345703,0.0,8.267122268676758,-100.0,-100.0,0.0,40.0,172.30057416776253,13.126331329345703,24.927698135375977
run_1780052271_513c8b16,1780052629.0349665,3.0,2.0,50.0,12.904950141906738,0.0,8.01806926727295,-100.0,-100.0,0.0,40.0,166.53773816509874,12.904950141906738,24.927698135375977
run_1780052271_513c8b16,1780052631.033969,3.0,2.0,50.0,12.816398620605469,0.0,7.918447971343994,-100.0,-100.0,0.0,40.0,164.26007360225776,12.816398620605469,24.927698135375977
run_1780052271_513c8b16,1780052633.043114,3.0,2.0,50.0,12.595041275024414,0.0,7.669421195983887,-100.0,-100.0,0.0,40.0,158.63506471956862,12.595041275024414,24.927698135375977
run_1780052271_513c8b16,1780052635.0439017,3.0,2.0,50.0,12.506511688232422,0.0,7.569826126098633,-100.0,-100.0,0.0,40.0,156.41283460789418,12.506511688232422,24.927698135375977
run_1780052271_513c8b16,1780052637.0321093,3.0,2.0,50.0,12.329448699951172,0.0,7.37062931060791,-100.0,-100.0,0.0,40.0,152.01530524472764,12.329448699951172,24.927698135375977
run_1780052271_513c8b16,1780052639.0382874,3.0,2.0,50.0,12.196659088134766,0.0,7.221240997314453,-100.0,-100.0,0.0,40.0,148.75849291218037,12.196659088134766,24.927698135375977
run_1780052271_513c8b16,1780052641.0297306,3.0,2.0,50.0,12.019611358642578,0.0,7.022063732147217,-100.0,-100.0,0.0,40.0,144.47105721280968,12.019611358642578,24.927698135375977
run_1780052271_513c8b16,1780052643.0332725,3.0,2.0,50.0,11.931102752685547,0.0,6.922489643096924,-100.0,-100.0,0.0,40.0,142.35121289514063,11.931102752685547,24.927698135375977
run_1780052271_513c8b16,1780052645.0422902,3.0,2.0,50.0,11.754071235656738,0.0,6.723330497741699,-100.0,-100.0,0.0,40.0,138.15819061289312,11.754071235656738,24.927698135375977
run_1780052271_513c8b16,1780052647.037304,3.0,2.0,50.0,11.621309280395508,0.0,6.573972702026367,-100.0,-100.0,0.0,40.0,135.05482939060676,11.621309280395508,24.927698135375977
run_1780052271_513c8b16,1780052649.0328176,3.0,2.0,50.0,11.444299697875977,0.0,6.374836444854736,-100.0,-100.0,0.0,40.0,130.97199557480417,11.444299697875977,24.927698135375977
run_1780052271_513c8b16,1780052651.0293694,3.0,2.0,50.0,11.311535835266113,0.0,6.225478172302246,-100.0,-100.0,0.0,40.0,127.95084295250945,11.311535835266113,24.927698135375977
run_1780052271_513c8b16,1780052653.0382032,3.0,2.0,50.0,11.134557723999023,0.0,6.0263776779174805,-100.0,-100.0,0.0,40.0,123.97837570906631,11.134557723999023,24.927698135375977
run_1780052271_513c8b16,1780052655.0303416,3.0,2.0,50.0,11.046072959899902,0.0,5.92683219909668,-100.0,-100.0,0.0,40.0,122.01572783543179,11.046072959899902,24.927698135375977
run_1780052271_513c8b16,1780052657.0333035,3.0,2.0,50.0,10.824850082397461,0.0,5.677956581115723,-100.0,-100.0,0.0,40.0,117.17737930638032,10.824850082397461,24.927698135375977
run_1780052271_513c8b16,1780052659.0390046,3.0,2.0,50.0,10.73636245727539,0.0,5.578406810760498,-100.0,-100.0,0.0,40.0,115.26947881399246,10.73636245727539,24.927698135375977
run_1780052271_513c8b16,1780052661.0380738,3.0,2.0,50.0,10.515192031860352,0.0,5.329590797424316,-100.0,-100.0,0.0,40.0,110.56926346689943,10.515192031860352,24.927698135375977
run_1780052271_513c8b16,1780052663.0404868,3.0,2.0,50.0,10.42669677734375,0.0,5.2300333976745605,-100.0,-100.0,0.0,40.0,108.71600568667054,10.42669677734375,24.927698135375977
run_1780052271_513c8b16,1780052665.042163,3.0,2.0,50.0,10.205520629882812,0.0,4.981210231781006,-100.0,-100.0,0.0,40.0,104.15265132696368,10.205520629882812,24.927698135375977
run_1780052271_513c8b16,1780052667.044068,3.0,2.0,50.0,10.117063522338867,0.0,4.881697177886963,-100.0,-100.0,0.0,40.0,102.35497431503973,10.117063522338867,24.927698135375977
run_1780052271_513c8b16,1780052669.0324056,3.0,2.0,50.0,9.940144538879395,0.0,4.6826629638671875,-100.0,-100.0,0.0,40.0,98.80647345381385,9.940144538879395,24.927698135375977
run_1780052271_513c8b16,1780052671.0386636,3.0,2.0,50.0,9.807479858398438,0.0,4.5334153175354,-100.0,-100.0,0.0,40.0,96.18666117289104,9.807479858398438,24.927698135375977
run_1780052271_513c8b16,1780052673.036206,3.0,2.0,50.0,9.630563735961914,0.0,4.334384441375732,-100.0,-100.0,0.0,40.0,92.7477578724247,9.630563735961914,24.927698135375977
run_1780052271_513c8b16,1780052675.0324485,3.0,2.0,50.0,9.54212474822998,0.0,4.234890460968018,-100.0,-100.0,0.0,40.0,91.05214471078307,9.54212474822998,24.927698135375977
run_1780052271_513c8b16,1780052677.043066,3.0,2.0,50.0,9.365240097045898,0.0,4.035895347595215,-100.0,-100.0,0.0,40.0,87.70772207531627,9.365240097045898,24.927698135375977
run_1780052271_513c8b16,1780052679.0393147,3.0,2.0,50.0,9.276808738708496,0.0,3.9364099502563477,-100.0,-100.0,0.0,40.0,86.05918037457832,9.276808738708496,24.927698135375977
run_1780052271_513c8b16,1780052681.0413918,3.0,2.0,50.0,9.055721282958984,0.0,3.68768572807312,-100.0,-100.0,0.0,40.0,82.00608795463631,9.055721282958984,24.927698135375977
run_1780052271_513c8b16,1780052683.0379698,3.0,2.0,50.0,8.96729850769043,0.0,3.588210344314575,-100.0,-100.0,0.0,40.0,80.41244252602701,8.96729850769043,24.927698135375977
run_1780052271_513c8b16,1780052685.0362096,3.0,2.0,50.0,8.790448188781738,0.0,3.389254093170166,-100.0,-100.0,0.0,40.0,77.27197935965614,8.790448188781738,24.927698135375977
run_1780052271_513c8b16,1780052687.037905,3.0,2.0,50.0,8.702033996582031,0.0,3.289788246154785,-100.0,-100.0,0.0,40.0,75.72539567766944,8.702033996582031,24.927698135375977
run_1780052271_513c8b16,1780052689.0340722,3.0,2.0,50.0,8.48099136352539,0.0,3.0411148071289062,-100.0,-100.0,0.0,40.0,71.92721450819226,8.48099136352539,24.927698135375977
run_1780052271_513c8b16,1780052691.0414054,3.0,2.0,50.0,8.392584800720215,0.0,2.9416580200195312,-100.0,-100.0,0.0,40.0,70.43547963727997,8.392584800720215,24.927698135375977
run_1780052271_513c8b16,1780052693.0408866,3.0,2.0,50.0,8.171565055847168,0.0,2.693010091781616,-100.0,-100.0,0.0,40.0,66.77447546194253,8.171565055847168,24.927698135375977
run_1780052271_513c8b16,1780052695.0323377,3.0,2.0,50.0,8.083155632019043,0.0,2.59355092048645,-100.0,-100.0,0.0,40.0,65.33740497144117,8.083155632019043,24.927698135375977
run_1780052271_513c8b16,1780052697.0368915,3.0,2.0,50.0,7.906372547149658,0.0,2.3946690559387207,-100.0,-100.0,0.0,40.0,62.510726854321774,7.906372547149658,24.927698135375977
run_1780052271_513c8b16,1780052699.0433702,3.0,2.0,50.0,7.817986488342285,0.0,2.2952349185943604,-100.0,-100.0,0.0,40.0,61.120912731902536,7.817986488342285,24.927698135375977
run_1780052271_513c8b16,1780052701.031736,3.0,2.0,50.0,7.597007751464844,0.0,2.04663348197937,-100.0,-100.0,0.0,40.0,57.71452677581692,7.597007751464844,24.927698135375977
run_1780052271_513c8b16,1780052703.0431478,3.0,2.0,50.0,7.5086164474487305,0.0,1.9471931457519531,-100.0,-100.0,0.0,40.0,56.379320954897594,7.5086164474487305,24.927698135375977
run_1780052271_513c8b16,1780052705.0421298,3.0,2.0,50.0,7.331868648529053,0.0,1.7483525276184082,-100.0,-100.0,0.0,40.0,53.75629787928324,7.331868648529053,24.927698135375977
run_1780052271_513c8b16,1780052707.0432577,3.0,2.0,50.0,7.243470191955566,0.0,1.6489039659500122,-100.0,-100.0,0.0,40.0,52.46786042174881,7.243470191955566,24.927698135375977
run_1780052271_513c8b16,1780052709.029977,3.0,2.0,50.0,7.022551536560059,0.0,1.4003708362579346,-100.0,-100.0,0.0,40.0,49.31623008364204,7.022551536560059,24.927698135375977
run_1780052271_513c8b16,1780052711.0321417,3.0,2.0,50.0,6.93419075012207,0.0,1.3009644746780396,-100.0,-100.0,0.0,40.0,48.08300135907848,6.93419075012207,24.927698135375977
run_1780052271_513c8b16,1780052713.2394383,20.0,506.0,47.0,6.757449150085449,0.0,1.1021301746368408,-16.779714584350586,-33.78724670410156,-0.12158877402544022,17.129119873046875,45.66311901599056,6.757449150085449,24.927698135375977
run_1780052271_513c8b16,1780052715.045634,20.0,506.0,47.0,6.66909646987915,0.0,1.0027337074279785,-17.12193489074707,-33.345481872558594,-0.25408756732940674,16.477636337280273,44.476847724554545,6.66909646987915,24.927698135375977
run_1780052271_513c8b16,1780052717.0451334,20.0,506.0,47.0,6.448222637176514,0.0,0.7542498707771301,-15.251723289489746,-32.24111557006836,-0.38344353437423706,17.372835159301758,41.57957517859563,6.448222637176514,24.927698135375977
run_1780052271_513c8b16,1780052719.0305896,20.0,506.0,47.0,6.35984992980957,0.0,0.654830813407898,-15.610757827758789,-31.799251556396484,-0.5098308324813843,16.69832420349121,40.447691129698796,6.35984992980957,24.927698135375977
run_1780052271_513c8b16,1780052721.030874,20.0,506.0,47.0,6.18317174911499,0.0,0.45606836676597595,-14.458860397338867,-30.91585922241211,-0.6337738633155823,17.09077262878418,38.23161287905373,6.18317174911499,24.927698135375977
run_1780052271_513c8b16,1780052723.0378678,20.0,506.0,47.0,6.0948357582092285,0.0,0.35669058561325073,-14.786344528198242,-30.474180221557617,-0.7549236416816711,16.442758560180664,37.14702291954586,6.0948357582092285,24.927698135375977
run_1780052271_513c8b16,1780052725.0438063,20.0,506.0,47.0,5.918161392211914,0.0,0.15793158113956451,-13.60489273071289,-29.59080696105957,-0.873628556728363,16.859540939331055,35.02463426426766,5.918161392211914,24.927698135375977
run_1780052271_513c8b16,1780052727.0327346,20.0,506.0,47.0,5.829834461212158,0.0,0.058563634753227234,-13.885685920715332,-29.149171829223633,-0.9898896217346191,16.253376007080078,33.986969845136855,5.829834461212158,24.927698135375977
run_1780052271_513c8b16,1780052729.0387392,20.0,506.0,47.0,5.653160095214844,0.0,-0.14019477367401123,-12.680928230285645,-28.26580047607422,-1.103358268737793,16.688232421875,31.9582190621295,5.653160095214844,24.927698135375977
run_1780052271_513c8b16,1780052731.0422225,20.0,506.0,47.0,5.5648417472839355,0.0,-0.23955287039279938,-12.940279960632324,-27.824207305908203,-1.2143834829330444,16.098310470581055,30.967463672314125,5.5648417472839355,24.927698135375977
run_1780052271_513c8b16,1780052733.037096,20.0,506.0,47.0,5.38819694519043,0.0,-0.43827831745147705,-11.71599006652832,-26.94098663330078,-1.3226146697998047,16.547611236572266,29.03266632015948,5.38819694519043,24.927698135375977
run_1780052271_513c8b16,1780052735.033911,20.0,506.0,47.0,5.299887657165527,0.0,-0.5376265048980713,-11.95683765411377,-26.499439239501953,-1.428402066230774,15.971001625061035,28.088809178575502,5.299887657165527,24.927698135375977
run_1780052271_513c8b16,1780052737.0440524,20.0,506.0,47.0,5.1674323081970215,0.0,-0.6866382360458374,-11.41843032836914,-25.837162017822266,-1.5320959091186523,15.950827598571777,26.702356659798397,5.1674323081970215,24.927698135375977
run_1780052271_513c8b16,1780052739.041299,20.0,506.0,47.0,5.079100131988525,0.0,-0.7860120534896851,-11.597615242004395,-25.39550018310547,-1.6335203647613525,15.431404113769531,25.797258150765856,5.079100131988525,24.927698135375977
run_1780052271_513c8b16,1780052741.0359008,20.0,506.0,47.0,4.94664192199707,0.0,-0.9350281953811646,-11.003332138061523,-24.73320960998535,-1.732851505279541,15.462727546691895,24.46926630445887,4.94664192199707,24.927698135375977
run_1780052271_513c8b16,1780052743.0307648,20.0,506.0,47.0,4.858329772949219,0.0,-1.0343787670135498,-11.131925582885742,-24.291648864746094,-1.8299132585525513,14.989636421203613,23.603368182724807,4.858329772949219,24.927698135375977
run_1780052271_513c8b16,1780052745.0390081,20.0,506.0,47.0,4.725896835327148,0.0,-1.183365821838379,-10.491548538208008,-23.629484176635742,-1.9248820543289185,15.062819480895996,22.334100898155157,4.725896835327148,24.927698135375977
run_1780052271_513c8b16,1780052747.039054,20.0,506.0,47.0,4.637606143951416,0.0,-1.2826933860778809,-10.577980995178223,-23.188030242919922,-2.0175814628601074,14.627631187438965,21.507390746415922,4.637606143951416,24.927698135375977
run_1780052271_513c8b16,1780052749.0340376,20.0,506.0,47.0,4.505138397216797,0.0,-1.431719183921814,-9.898139953613281,-22.525691986083984,-2.1081857681274414,14.735738754272461,20.29627197807713,4.505138397216797,24.927698135375977
run_1780052271_513c8b16,1780052751.033073,20.0,506.0,47.0,4.461002826690674,0.0,-1.4813719987869263,-10.671069145202637,-22.305015563964844,-2.196871519088745,13.830818176269531,19.900546219742182,4.461002826690674,24.927698135375977
run_1780052271_513c8b16,1780052753.0432405,20.0,506.0,47.0,4.372720718383789,0.0,-1.580689549446106,-10.673555374145508,-21.863603591918945,-2.2836365699768066,13.47368335723877,19.12068648098284,4.372720718383789,24.927698135375977
run_1780052271_513c8b16,1780052755.0392334,20.0,506.0,47.0,4.240294933319092,0.0,-1.7296682596206665,-9.908405303955078,-21.201475143432617,-2.368483066558838,13.661553382873535,17.98010112153156,4.240294933319092,24.927698135375977
run_1780052271_513c8b16,1780052757.037253,20.0,506.0,47.0,4.1961493492126465,0.0,-1.7793322801589966,-10.592804908752441,-20.98074722290039,-2.4515860080718994,12.839527130126953,17.607669360897717,4.1961493492126465,24.927698135375977
run_1780052271_513c8b16,1780052759.0352337,20.0,506.0,47.0,4.063732147216797,0.0,-1.9283020496368408,-9.792523384094238,-20.318660736083984,-2.532418727874756,13.05855655670166,16.51391896432324,4.063732147216797,24.927698135375977
run_1780052271_513c8b16,1780052761.0328517,20.0,506.0,47.0,3.975431442260742,0.0,-2.027639389038086,-9.713202476501465,-19.87715721130371,-2.6113338470458984,12.775289535522461,15.804055152115325,3.975431442260742,24.927698135375977
run_1780052271_513c8b16,1780052763.0448534,20.0,506.0,47.0,3.843038320541382,0.0,-2.176582098007202,-8.874109268188477,-19.215192794799805,-2.688331127166748,13.029414176940918,14.768943533149525,3.843038320541382,24.927698135375977
run_1780052271_513c8b16,1780052765.0448678,20.0,506.0,47.0,3.79891300201416,0.0,-2.2262229919433594,-9.490683555603027,-18.994565963745117,-2.7635819911956787,12.267464637756348,14.431739996872238,3.79891300201416,24.927698135375977
run_1780052271_513c8b16,1780052767.0378509,20.0,506.0,47.0,3.6664979457855225,0.0,-2.3751895427703857,-8.628010749816895,-18.332490921020508,-2.8365657329559326,12.541045188903809,13.443207186449456,3.6664979457855225,24.927698135375977
run_1780052271_513c8b16,1780052769.0358677,20.0,506.0,47.0,3.5782253742218018,0.0,-2.474496603012085,-8.49191665649414,-17.89112663269043,-2.9076316356658936,12.306840896606445,12.803696828724753,3.5782253742218018,24.927698135375977
run_1780052271_513c8b16,1780052771.031868,20.0,506.0,47.0,3.445863723754883,0.0,-2.623403549194336,-7.600794792175293,-17.229318618774414,-2.976778030395508,12.605301856994629,11.873976802689867,3.445863723754883,24.927698135375977
run_1780052271_513c8b16,1780052773.0428684,20.0,506.0,47.0,3.401700973510742,0.0,-2.673086166381836,-8.168466567993164,-17.00850486755371,-3.0441789627075195,11.884218215942383,11.571569513183931,3.401700973510742,24.927698135375977
run_1780052271_513c8b16,1780052775.0423145,20.0,506.0,47.0,3.2693350315093994,0.0,-2.821998357772827,-7.2621636390686035,-16.346675872802734,-3.109313488006592,12.193824768066406,10.688551548254566,3.2693350315093994,24.927698135375977
run_1780052271_513c8b16,1780052777.0407472,20.0,506.0,47.0,3.181072950363159,0.0,-2.921293020248413,-7.085268974304199,-15.905364990234375,-3.172530174255371,11.992626190185547,10.119225115532174,3.181072950363159,24.927698135375977
run_1780052271_513c8b16,1780052779.037933,20.0,506.0,47.0,3.048701286315918,0.0,-3.070211410522461,-6.156167984008789,-15.24350643157959,-3.2338290214538574,12.3211669921875,9.294579533184333,3.048701286315918,24.927698135375977
run_1780052271_513c8b16,1780052781.0369334,20.0,506.0,47.0,3.0045735836029053,0.0,-3.119854688644409,-6.6798834800720215,-15.022868156433105,-3.2935590744018555,11.636543273925781,9.027462419284404,3.0045735836029053,24.927698135375977
run_1780052271_513c8b16,1780052783.034344,20.0,506.0,47.0,2.8722095489501953,0.0,-3.2687644958496094,-5.742133617401123,-14.361047744750977,-3.3508479595184326,11.969761848449707,8.249587693080684,2.8722095489501953,24.927698135375977
run_1780052271_513c8b16,1780052785.0334413,20.0,506.0,47.0,2.7839462757110596,0.0,-3.368060350418091,-5.516862869262695,-13.919732093811035,-3.4065632820129395,11.809432983398438,7.750356866045479,2.7839462757110596,24.927698135375977
run_1780052271_513c8b16,1780052787.0448284,20.0,506.0,47.0,2.6957290172576904,0.0,-3.4673049449920654,-5.284464359283447,-13.478645324707031,-3.460358142852783,11.654539108276367,7.266954934485113,2.6957290172576904,24.927698135375977
run_1780052271_513c8b16,1780052789.0410802,20.0,506.0,47.0,2.607499599456787,0.0,-3.566563129425049,-5.02618408203125,-13.037498474121094,-3.5125837326049805,11.523898124694824,6.799054161167305,2.607499599456787,24.927698135375977
run_1780052271_513c8b16,1780052791.0380816,20.0,506.0,47.0,2.4751534461975098,0.0,-3.715452194213867,-4.041442394256592,-12.375767707824707,-3.5625429153442383,11.896867752075195,6.126384582223409,2.4751534461975098,24.927698135375977
run_1780052271_513c8b16,1780052793.0360813,20.0,506.0,47.0,2.431035280227661,0.0,-3.765084981918335,-4.513496398925781,-12.155177116394043,-3.6109328269958496,11.252613067626953,5.909932533711583,2.431035280227661,24.927698135375977
run_1780052271_513c8b16,1780052795.0352213,20.0,506.0,47.0,2.2986812591552734,0.0,-3.9139833450317383,-3.5279340744018555,-11.493406295776367,-3.6568820476531982,11.622353553771973,5.283935531191673,2.2986812591552734,24.927698135375977
run_1780052271_513c8b16,1780052797.0449765,20.0,506.0,47.0,2.2104506492614746,0.0,-4.013243198394775,-3.2587170600891113,-11.052252769470215,-3.7012622356414795,11.494797706604004,4.886092072820475,2.2104506492614746,24.927698135375977
run_1780052271_513c8b16,1780052799.0429807,20.0,506.0,47.0,2.0781373977661133,0.0,-4.162095546722412,-2.263883590698242,-10.390686988830566,-3.743375778198242,11.870179176330566,4.318655043994113,2.0781373977661133,24.927698135375977
run_1780052271_513c8b16,1780052801.0382993,20.0,506.0,47.0,2.0340394973754883,0.0,-4.211705684661865,-2.7258732318878174,-10.170197486877441,-3.7839202880859375,11.22824478149414,4.137316676883529,2.0340394973754883,24.927698135375977
run_1780052271_513c8b16,1780052803.0371037,20.0,506.0,47.0,1.901719093322754,0.0,-4.360566139221191,-1.7306969165802002,-9.50859546661377,-3.82202410697937,11.599924087524414,3.616535509908317,1.901719093322754,24.927698135375977
run_1780052271_513c8b16,1780052805.2421033,1.0,524.0,2.0,1.8134989738464355,0.0,-4.459813594818115,-100.0,-100.0,-3.825782299041748,9.7654390335083,3.2887785281420747,1.8134989738464355,24.927698135375977
run_1780052271_513c8b16,1780052807.0453277,1.0,524.0,2.0,1.7252821922302246,0.0,-4.559057712554932,-100.0,-100.0,-3.825782299041748,9.669435501098633,2.9765986428267297,1.7252821922302246,24.927698135375977
run_1780052271_513c8b16,1780052809.041582,1.0,524.0,2.0,1.637068271636963,0.0,-4.658298015594482,-100.0,-100.0,-3.825782299041748,9.581889152526855,2.679992526000433,1.637068271636963,24.927698135375977
run_1780052271_513c8b16,1780052811.0395799,1.0,524.0,2.0,1.5488848686218262,0.0,-4.757504463195801,-100.0,-100.0,-3.825782299041748,9.503077507019043,2.3990443362456517,1.5488848686218262,24.927698135375977
run_1780052271_513c8b16,1780052813.0315993,1.0,524.0,2.0,1.460690975189209,0.0,-4.856722354888916,-100.0,-100.0,-3.825782299041748,9.4312105178833,2.1336181249992023,1.460690975189209,24.927698135375977
run_1780052271_513c8b16,1780052815.030619,1.0,524.0,2.0,1.3724846839904785,0.0,-4.9559550285339355,-100.0,-100.0,-3.825782299041748,9.36697769165039,1.8837142077884437,1.3724846839904785,24.927698135375977
run_1780052271_513c8b16,1780052817.043636,1.0,524.0,2.0,1.2842812538146973,0.0,-5.055183410644531,-100.0,-100.0,-3.825782299041748,9.308181762695312,1.6493783388998509,1.2842812538146973,24.927698135375977
run_1780052271_513c8b16,1780052819.03881,1.0,524.0,2.0,1.1960945129394531,0.0,-5.154393672943115,-100.0,-100.0,-3.9170875549316406,9.255513191223145,1.4306420838838676,1.1960945129394531,24.927698135375977
run_1780052271_513c8b16,1780052821.0328622,1.0,524.0,2.0,1.1078968048095703,0.0,-5.2536163330078125,-100.0,-100.0,-4.353413105010986,9.20729923248291,1.2274353301072551,1.1078968048095703,24.927698135375977
run_1780052271_513c8b16,1780052823.042883,1.0,524.0,2.0,0.9756040573120117,0.0,-5.4024457931518555,-92.71438598632812,-97.56040954589844,-4.752707481384277,9.598723411560059,0.951803276643659,0.9756040573120117,24.927698135375977
run_1780052271_513c8b16,1780052825.0369813,1.0,524.0,2.0,0.9315223693847656,0.0,-5.452037334442139,-89.16693878173828,-93.15223693847656,-5.114978790283203,9.100275039672852,0.8677339246642077,0.9315223693847656,24.927698135375977
run_1780052271_513c8b16,1780052827.0321321,1.0,524.0,2.0,0.7992668151855469,0.0,-5.60082483291626,-75.8720932006836,-79.92668151855469,-5.446966171264648,9.501554489135742,0.6388274418568471,0.7992668151855469,24.927698135375977
run_1780052271_513c8b16,1780052829.0418072,1.0,524.0,2.0,0.7551732063293457,0.0,-5.650430202484131,-72.24675750732422,-75.51731872558594,-5.741931438446045,9.012489318847656,0.5702865715577445,0.7551732063293457,24.927698135375977
run_1780052271_513c8b16,1780052831.0355036,1.0,524.0,2.0,0.6229124069213867,0.0,-5.79922342300415,-58.89566421508789,-62.29124069213867,-5.993145942687988,9.38872241973877,0.3880198666965953,0.6229124069213867,24.927698135375977
run_1780052271_513c8b16,1780052833.0404499,1.0,524.0,2.0,0.5347304344177246,0.0,-5.898428440093994,-50.35609436035156,-53.473045349121094,-6.210704326629639,9.327651977539062,0.2859366374925685,0.5347304344177246,24.927698135375977
run_1780052271_513c8b16,1780052835.0349658,1.0,524.0,2.0,0.4024643898010254,0.0,-6.047227382659912,-36.925594329833984,-40.246437072753906,-6.394603729248047,9.715450286865234,0.1619775850579117,0.4024643898010254,24.927698135375977
run_1780052271_513c8b16,1780052837.0372334,1.0,524.0,2.0,0.35839080810546875,0.0,-6.096810340881348,-33.171417236328125,-35.839080810546875,-6.538125991821289,9.205791473388672,0.12844397133449093,0.35839080810546875,24.927698135375977
run_1780052271_513c8b16,1780052839.0307195,1.0,524.0,2.0,0.22616147994995117,0.0,-6.24556827545166,-19.6812686920166,-22.616147994995117,-6.644636154174805,9.579516410827637,0.051149015013152166,0.22616147994995117,24.927698135375977
run_1780052271_513c8b16,1780052841.0399685,1.0,524.0,2.0,0.13799333572387695,0.0,-6.344757556915283,-11.009991645812988,-13.799333572387695,-6.710770606994629,9.500112533569336,0.019042160704202615,0.13799333572387695,24.927698135375977
run_1780052271_513c8b16,1780052843.0350094,1.0,524.0,2.0,0.005744457244873047,0.0,-6.493537425994873,2.5536088943481445,-0.5744457244873047,-6.743255138397217,9.871310234069824,3.2998789038174436e-05,0.005744457244873047,24.927698135375977
run_1780052271_513c8b16,1780052845.043172,1.0,524.0,2.0,-0.038336753845214844,0.0,-6.543128967285156,6.462764739990234,3.8336753845214844,-6.7177653312683105,9.346855163574219,0.001469706695388595,0.038336753845214844,24.927698135375977
run_1780052271_513c8b16,1780052847.038383,1.0,524.0,2.0,-0.170562744140625,0.0,-6.691883087158203,20.18048095703125,17.0562744140625,-6.582891941070557,9.707098960876465,0.029091649688780308,0.170562744140625,24.927698135375977
run_1780052271_513c8b16,1780052849.045211,1.0,524.0,2.0,-0.21464109420776367,0.0,-6.741471290588379,24.305309295654297,21.464109420776367,-6.35707950592041,9.19827938079834,0.04607079932270608,0.21464109420776367,24.927698135375977
run_1780052271_513c8b16,1780052851.035578,1.0,524.0,2.0,-0.3468303680419922,0.0,-6.89018440246582,38.230262756347656,34.68303680419922,-6.050467491149902,9.597694396972656,0.12029130419614376,0.3468303680419922,24.927698135375977
run_1780052271_513c8b16,1780052853.0425732,1.0,524.0,2.0,-0.39092063903808594,0.0,-6.939785957336426,42.56887435913086,39.092063903808594,-5.622611999511719,9.099425315856934,0.15281894602594548,0.39092063903808594,24.927698135375977
run_1780052271_513c8b16,1780052855.038024,1.0,524.0,2.0,-0.4349956512451172,0.0,-6.989370346069336,47.000736236572266,43.49956512451172,-5.164438247680664,8.665607452392578,0.18922121660216362,0.4349956512451172,24.927698135375977
run_1780052271_513c8b16,1780052857.0341492,1.0,524.0,2.0,-0.4349956512451172,0.0,-6.989370346069336,46.67271423339844,43.49956512451172,-4.665853023529053,7.839001178741455,0.18922121660216362,0.4349956512451172,24.927698135375977
run_1780052271_513c8b16,1780052859.0455787,1.0,524.0,2.0,-0.4349956512451172,0.0,-6.989370346069336,46.42353820800781,43.49956512451172,-4.167267799377441,7.091242790222168,0.18922121660216362,0.4349956512451172,24.927698135375977
run_1780052271_513c8b16,1780052861.0419135,1.0,524.0,2.0,-0.4349956512451172,0.0,-6.989370346069336,46.24569320678711,43.49956512451172,-3.668682336807251,6.414813041687012,0.18922121660216362,0.4349956512451172,24.927698135375977
run_1780052271_513c8b16,1780052863.0381398,1.0,524.0,2.0,-0.3468303680419922,0.0,-6.89018440246582,36.42218017578125,34.68303680419922,-3.220616340637207,4.959760665893555,0.12029130419614376,0.3468303680419922,24.927698135375977
run_1780052271_513c8b16,1780052865.0314887,1.0,524.0,2.0,-0.3027677536010742,0.0,-6.84061336517334,31.494709014892578,30.276775360107422,-2.8432846069335938,4.06121826171875,0.09166831262064079,0.3027677536010742,24.927698135375977
run_1780052271_513c8b16,1780052867.0424843,1.0,524.0,2.0,-0.21464109420776367,0.0,-6.741471290588379,21.748394012451172,21.464109420776367,-2.5467708110809326,2.831054925918579,0.04607079932270608,0.21464109420776367,24.927698135375977
run_1780052271_513c8b16,1780052869.038601,1.0,524.0,2.0,-0.12648344039916992,0.0,-6.642293930053711,12.016996383666992,12.648344039916992,-2.3411705493927,1.7098227739334106,0.01599806069521037,0.12648344039916992,24.927698135375977
run_1780052271_513c8b16,1780052871.036708,1.0,524.0,2.0,0.005744457244873047,0.0,-6.493537425994873,-2.560859203338623,-0.5744457244873047,-2.2559351921081543,0.2695218324661255,3.2998789038174436e-05,0.005744457244873047,24.927698135375977
run_1780052271_513c8b16,1780052873.034238,1.0,524.0,2.0,0.04982709884643555,0.0,-6.443944454193115,-7.429382801055908,-4.982709884643555,-2.2648587226867676,-0.1818143129348755,0.0024827397794524586,0.04982709884643555,24.927698135375977
run_1780052271_513c8b16,1780052875.0312386,1.0,524.0,2.0,0.18207740783691406,0.0,-6.295163154602051,-21.93843650817871,-18.207740783691406,-2.314162254333496,-1.4165337085723877,0.033152182444609934,0.18207740783691406,24.927698135375977
run_1780052271_513c8b16,1780052877.045239,1.0,524.0,2.0,0.22616147994995117,0.0,-6.24556827545166,-26.713584899902344,-22.616147994995117,-2.3903884887695312,-1.7070517539978027,0.051149015013152166,0.22616147994995117,24.927698135375977
run_1780052271_513c8b16,1780052879.0432208,1.0,524.0,2.0,0.2702336311340332,0.0,-6.195987224578857,-31.466543197631836,-27.02336311340332,-2.490166664123535,-1.9530158042907715,0.07302621539588472,0.2702336311340332,24.927698135375977
run_1780052271_513c8b16,1780052881.0402212,1.0,524.0,2.0,0.3143186569213867,0.0,-6.14639139175415,-36.224273681640625,-31.431865692138672,-2.600039482116699,-2.192368745803833,0.09879621808886441,0.3143186569213867,24.927698135375977
run_1780052271_513c8b16,1780052883.0319693,1.0,524.0,2.0,0.3143186569213867,0.0,-6.14639139175415,-36.13511657714844,-31.431865692138672,-2.7200088500976562,-1.983240008354187,0.09879621808886441,0.3143186569213867,24.927698135375977
run_1780052271_513c8b16,1780052885.044481,1.0,524.0,2.0,0.3143186569213867,0.0,-6.14639139175415,-36.06589889526367,-31.431865692138672,-2.839977979660034,-1.7940595149993896,0.09879621808886441,0.3143186569213867,24.927698135375977
run_1780052271_513c8b16,1780052887.0388126,1.0,524.0,2.0,0.3143186569213867,0.0,-6.14639139175415,-36.014739990234375,-31.431865692138672,-2.959947347640991,-1.6229255199432373,0.09879621808886441,0.3143186569213867,24.927698135375977
run_1780052271_513c8b16,1780052889.0348127,1.0,524.0,2.0,0.2702336311340332,0.0,-6.195987224578857,-31.153764724731445,-27.02336311340332,-3.063089370727539,-1.0673143863677979,0.07302621539588472,0.2702336311340332,24.927698135375977
run_1780052271_513c8b16,1780052891.043833,1.0,524.0,2.0,0.22616147994995117,0.0,-6.24556827545166,-26.32562828063965,-22.616147994995117,-3.152775764465332,-0.5567046403884888,0.051149015013152166,0.22616147994995117,24.927698135375977
run_1780052271_513c8b16,1780052893.0411582,1.0,524.0,2.0,0.18207740783691406,0.0,-6.295163154602051,-21.51806640625,-18.207740783691406,-3.232365846633911,-0.07796039432287216,0.033152182444609934,0.18207740783691406,24.927698135375977
run_1780052271_513c8b16,1780052895.0368075,1.0,524.0,2.0,0.18207740783691406,0.0,-6.295163154602051,-21.580121994018555,-18.207740783691406,-3.3018574714660645,-0.07052379101514816,0.033152182444609934,0.18207740783691406,24.927698135375977
run_1780052271_513c8b16,1780052897.0317898,1.0,524.0,2.0,0.09392404556274414,0.0,-6.3943352699279785,-11.977709770202637,-9.392404556274414,-3.347799301147461,0.7624938488006592,0.008821726334872437,0.09392404556274414,24.927698135375977
run_1780052271_513c8b16,1780052899.0461974,1.0,524.0,2.0,0.04982709884643555,0.0,-6.443944454193115,-7.254107475280762,-4.982709884643555,-3.3701868057250977,1.0987894535064697,0.0024827397794524586,0.04982709884643555,24.927698135375977
run_1780052271_513c8b16,1780052901.0442145,1.0,524.0,2.0,-0.038336753845214844,0.0,-6.543128967285156,2.3001208305358887,3.8336753845214844,-3.3539235591888428,1.820369005203247,0.001469706695388595,0.038336753845214844,24.927698135375977
run_1780052271_513c8b16,1780052903.0415387,1.0,524.0,2.0,-0.08241701126098633,0.0,-6.592719078063965,7.027738571166992,8.241701126098633,-3.269562244415283,2.0555994510650635,0.006792563745193547,0.08241701126098633,24.927698135375977
run_1780052271_513c8b16,1780052905.036323,1.0,524.0,2.0,-0.170562744140625,0.0,-6.691883087158203,16.637638092041016,17.0562744140625,-3.104379653930664,2.685744047164917,0.029091649688780308,0.170562744140625,24.927698135375977
run_1780052271_513c8b16,1780052907.0333025,1.0,524.0,2.0,-0.21464109420776367,0.0,-6.741471290588379,21.434051513671875,21.464109420776367,-2.8684661388397217,2.838408946990967,0.04607079932270608,0.21464109420776367,24.927698135375977
run_1780052271_513c8b16,1780052909.0464528,1.0,524.0,2.0,-0.3027677536010742,0.0,-6.84061336517334,31.118732452392578,30.276775360107422,-2.5517501831054688,3.393707513809204,0.09166831262064079,0.3027677536010742,24.927698135375977
run_1780052271_513c8b16,1780052911.0424526,1.0,524.0,2.0,-0.3468303680419922,0.0,-6.89018440246582,35.997413635253906,34.68303680419922,-2.1643176078796387,3.478694438934326,0.12029130419614376,0.3468303680419922,24.927698135375977
run_1780052271_513c8b16,1780052913.0384758,1.0,524.0,2.0,-0.39092063903808594,0.0,-6.939785957336426,40.91805648803711,39.092063903808594,-1.7465710639953613,3.572564125061035,0.15281894602594548,0.39092063903808594,24.927698135375977
run_1780052271_513c8b16,1780052915.034476,1.0,524.0,2.0,-0.39092063903808594,0.0,-6.939785957336426,41.02533721923828,39.092063903808594,-1.29850435256958,3.2317795753479004,0.15281894602594548,0.39092063903808594,24.927698135375977
run_1780052271_513c8b16,1780052917.0314934,1.0,524.0,2.0,-0.39092063903808594,0.0,-6.939785957336426,41.16512680053711,39.092063903808594,-0.850437581539154,2.92350172996521,0.15281894602594548,0.39092063903808594,24.927698135375977
run_1780052271_513c8b16,1780052919.0433295,1.0,524.0,2.0,-0.3468303680419922,0.0,-6.89018440246582,36.477725982666016,34.68303680419922,-0.43269211053848267,2.2273800373077393,0.12029130419614376,0.3468303680419922,24.927698135375977
run_1780052271_513c8b16,1780052921.0404437,1.0,524.0,2.0,-0.3027677536010742,0.0,-6.84061336517334,31.81089210510254,30.276775360107422,-0.05536225438117981,1.5894784927368164,0.09166831262064079,0.3027677536010742,24.927698135375977
run_1780052271_513c8b16,1780052923.0355864,1.0,524.0,2.0,-0.25869035720825195,0.0,-6.791026592254639,26.986164093017578,25.869035720825195,0.09639735519886017,1.0207306146621704,0.066920700912533,0.25869035720825195,24.927698135375977
run_1780052271_513c8b16,1780052925.0307107,1.0,524.0,2.0,-0.170562744140625,0.0,-6.691883087158203,17.32516860961914,17.0562744140625,0.17159192264080048,0.0973023772239685,0.029091649688780308,0.170562744140625,24.927698135375977
run_1780052271_513c8b16,1780052927.0457256,1.0,524.0,2.0,-0.12648344039916992,0.0,-6.642293930053711,12.545816421508789,12.648344039916992,0.22659769654273987,-0.32912540435791016,0.01599806069521037,0.12648344039916992,24.927698135375977
run_1780052271_513c8b16,1780052929.041329,1.0,524.0,2.0,0.005744457244873047,0.0,-6.493537425994873,-1.8664357662200928,-0.5744457244873047,0.23274359107017517,-1.5247337818145752,3.2998789038174436e-05,0.005744457244873047,24.927698135375977
run_1780052271_513c8b16,1780052931.0384784,1.0,524.0,2.0,0.04982709884643555,0.0,-6.443944454193115,-6.583334445953369,-4.982709884643555,0.1958433836698532,-1.7964677810668945,0.0024827397794524586,0.04982709884643555,24.927698135375977
run_1780052271_513c8b16,1780052933.0334601,1.0,524.0,2.0,0.13799333572387695,0.0,-6.344757556915283,-16.182859420776367,-13.799333572387695,0.0679844319820404,-2.4515113830566406,0.019042160704202615,0.13799333572387695,24.927698135375977
run_1780052271_513c8b16,1780052935.0438192,1.0,524.0,2.0,0.18207740783691406,0.0,-6.295163154602051,-20.886533737182617,-18.207740783691406,-0.04393896460533142,-2.6348540782928467,0.033152182444609934,0.18207740783691406,24.927698135375977
run_1780052271_513c8b16,1780052937.0418043,1.0,524.0,2.0,0.22616147994995117,0.0,-6.24556827545166,-25.545469284057617,-22.616147994995117,-0.12016455829143524,-2.809157133102417,0.051149015013152166,0.22616147994995117,24.927698135375977
run_1780052271_513c8b16,1780052939.038372,1.0,524.0,2.0,0.22616147994995117,0.0,-6.24556827545166,-25.363826751708984,-22.616147994995117,-0.2064857929944992,-2.5411934852600098,0.051149015013152166,0.22616147994995117,24.927698135375977
run_1780052271_513c8b16,1780052941.0364091,1.0,524.0,2.0,0.22616147994995117,0.0,-6.24556827545166,-25.207746505737305,-22.616147994995117,-0.29280680418014526,-2.298790693283081,0.051149015013152166,0.22616147994995117,24.927698135375977
run_1780052271_513c8b16,1780052943.034322,1.0,524.0,2.0,0.22616147994995117,0.0,-6.24556827545166,-25.074785232543945,-22.616147994995117,-0.3791278600692749,-2.079509973526001,0.051149015013152166,0.22616147994995117,24.927698135375977
run_1780052271_513c8b16,1780052945.0343027,1.0,524.0,2.0,0.18207740783691406,0.0,-6.295163154602051,-20.13671875,-18.207740783691406,-0.4486231207847595,-1.4803539514541626,0.033152182444609934,0.18207740783691406,24.927698135375977
run_1780052271_513c8b16,1780052947.0323029,1.0,524.0,2.0,0.13799333572387695,0.0,-6.344757556915283,-15.22930908203125,-13.799333572387695,-0.508022665977478,-0.9219526052474976,0.019042160704202615,0.13799333572387695,24.927698135375977
run_1780052271_513c8b16,1780052949.046596,1.0,524.0,2.0,0.09392404556274414,0.0,-6.3943352699279785,-10.349624633789062,-9.392404556274414,-0.5573276281356812,-0.39989301562309265,0.008821726334872437,0.09392404556274414,24.927698135375977
run_1780052271_513c8b16,1780052951.0436132,1.0,524.0,2.0,0.09392404556274414,0.0,-6.3943352699279785,-10.347328186035156,-9.392404556274414,-0.5931761264801025,-0.3617473840713501,0.008821726334872437,0.09392404556274414,24.927698135375977
run_1780052271_513c8b16,1780052953.0386136,1.0,524.0,2.0,0.005744457244873047,0.0,-6.493537425994873,-0.6753584742546082,-0.5744457244873047,-0.6088286638259888,0.5079159140586853,3.2998789038174436e-05,0.005744457244873047,24.927698135375977
run_1780052271_513c8b16,1780052955.0376291,1.0,524.0,2.0,-0.038336753845214844,0.0,-6.543128967285156,4.126964569091797,3.8336753845214844,-0.5833411812782288,0.8766303062438965,0.001469706695388595,0.038336753845214844,24.927698135375977
run_1780052271_513c8b16,1780052957.0356078,1.0,524.0,2.0,-0.12648344039916992,0.0,-6.642293930053711,13.797423362731934,12.648344039916992,-0.4787744879722595,1.6278541088104248,0.01599806069521037,0.12648344039916992,24.927698135375977
run_1780052271_513c8b16,1780052959.0336092,1.0,524.0,2.0,-0.170562744140625,0.0,-6.691883087158203,18.642507553100586,17.0562744140625,-0.3034873306751251,1.8897199630737305,0.029091649688780308,0.170562744140625,24.927698135375977
run_1780052271_513c8b16,1780052961.0317361,1.0,524.0,2.0,-0.25869035720825195,0.0,-6.791026592254639,28.365785598754883,25.869035720825195,-0.04737142100930214,2.5441195964813232,0.066920700912533,0.25869035720825195,24.927698135375977
run_1780052271_513c8b16,1780052963.0457544,1.0,524.0,2.0,-0.3027677536010742,0.0,-6.84061336517334,33.096351623535156,30.276775360107422,0.1010134369134903,2.7185657024383545,0.09166831262064079,0.3027677536010742,24.927698135375977
run_1780052271_513c8b16,1780052965.0431514,1.0,524.0,2.0,-0.3468303680419922,0.0,-6.89018440246582,37.796268463134766,34.68303680419922,0.21993717551231384,2.8932924270629883,0.12029130419614376,0.3468303680419922,24.927698135375977
run_1780052271_513c8b16,1780052967.0431685,1.0,524.0,2.0,-0.3468303680419922,0.0,-6.89018440246582,37.652652740478516,34.68303680419922,0.35231536626815796,2.617302894592285,0.12029130419614376,0.3468303680419922,24.927698135375977
run_1780052271_513c8b16,1780052969.0421562,1.0,524.0,2.0,-0.3468303680419922,0.0,-6.89018440246582,37.535369873046875,34.68303680419922,0.4846935570240021,2.3676400184631348,0.12029130419614376,0.3468303680419922,24.927698135375977
run_1780052271_513c8b16,1780052971.0407138,1.0,524.0,2.0,-0.3468303680419922,0.0,-6.89018440246582,37.44190216064453,34.68303680419922,0.6170717477798462,2.1417925357818604,0.12029130419614376,0.3468303680419922,24.927698135375977
run_1780052271_513c8b16,1780052973.0387137,1.0,524.0,2.0,-0.3027677536010742,0.0,-6.84061336517334,32.54154968261719,30.276775360107422,0.7359957098960876,1.5287771224975586,0.09166831262064079,0.3027677536010742,24.927698135375977
run_1780052271_513c8b16,1780052975.0357404,1.0,524.0,2.0,-0.25869035720825195,0.0,-6.791026592254639,27.67631721496582,25.869035720825195,0.8414619565010071,0.9658200740814209,0.066920700912533,0.25869035720825195,24.927698135375977
run_1780052271_513c8b16,1780052977.0343144,1.0,524.0,2.0,-0.170562744140625,0.0,-6.691883087158203,18.01055908203125,17.0562744140625,0.9233840703964233,0.03089982271194458,0.029091649688780308,0.170562744140625,24.927698135375977
run_1780052271_513c8b16,1780052979.0463018,1.0,524.0,2.0,-0.12648344039916992,0.0,-6.642293930053711,13.237539291381836,12.648344039916992,0.9783895015716553,-0.3891938328742981,0.01599806069521037,0.12648344039916992,24.927698135375977
run_1780052271_513c8b16,1780052981.044085,1.0,524.0,2.0,-0.038336753845214844,0.0,-6.543128967285156,3.648482322692871,3.8336753845214844,1.0098451375961304,-1.1950381994247437,0.001469706695388595,0.038336753845214844,24.927698135375977
run_1780052271_513c8b16,1780052983.0390854,1.0,524.0,2.0,0.005744457244873047,0.0,-6.493537425994873,-1.0609066486358643,-0.5744457244873047,1.0117475986480713,-1.4982085227966309,3.2998789038174436e-05,0.005744457244873047,24.927698135375977
run_1780052271_513c8b16,1780052985.03488,1.0,524.0,2.0,0.09392404556274414,0.0,-6.3943352699279785,-10.63634967803955,-9.392404556274414,0.9546336531639099,-2.1985790729522705,0.008821726334872437,0.09392404556274414,24.927698135375977
run_1780052271_513c8b16,1780052987.0446572,1.0,524.0,2.0,0.09392404556274414,0.0,-6.3943352699279785,-10.534282684326172,-9.392404556274414,0.8469802141189575,-1.988858699798584,0.008821726334872437,0.09392404556274414,24.927698135375977
run_1780052271_513c8b16,1780052989.0410235,1.0,524.0,2.0,0.13799333572387695,0.0,-6.344757556915283,-15.308332443237305,-13.799333572387695,0.6989168524742126,-2.2079153060913086,0.019042160704202615,0.13799333572387695,24.927698135375977
run_1780052271_513c8b16,1780052991.0385613,1.0,524.0,2.0,0.13799333572387695,0.0,-6.344757556915283,-15.25588607788086,-13.799333572387695,0.5407512784004211,-1.9973033666610718,0.019042160704202615,0.13799333572387695,24.927698135375977
run_1780052271_513c8b16,1780052993.0336244,1.0,524.0,2.0,0.13799333572387695,0.0,-6.344757556915283,-15.223529815673828,-13.799333572387695,0.38258567452430725,-1.8067814111709595,0.019042160704202615,0.13799333572387695,24.927698135375977
run_1780052271_513c8b16,1780052995.0306404,1.0,524.0,2.0,0.13799333572387695,0.0,-6.344757556915283,-15.209346771240234,-13.799333572387695,0.22442010045051575,-1.6344335079193115,0.019042160704202615,0.13799333572387695,24.927698135375977
run_1780052271_513c8b16,1780052997.0416405,1.0,524.0,2.0,0.04982709884643555,0.0,-6.443944454193115,-5.501303672790527,-4.982709884643555,0.11677214503288269,-0.6353656649589539,0.0024827397794524586,0.04982709884643555,24.927698135375977
run_1780052271_513c8b16,1780052999.040641,1.0,524.0,2.0,0.04982709884643555,0.0,-6.443944454193115,-5.497807502746582,-4.982709884643555,0.05966111645102501,-0.5747585296630859,0.0024827397794524586,0.04982709884643555,24.927698135375977
run_1780052271_513c8b16,1780053001.0343559,1.0,524.0,2.0,-0.038336753845214844,0.0,-6.543128967285156,4.2040863037109375,3.8336753845214844,0.04721485450863838,0.32319629192352295,0.001469706695388595,0.038336753845214844,24.927698135375977
run_1780052271_513c8b16,1780053003.046353,1.0,524.0,2.0,-0.038336753845214844,0.0,-6.543128967285156,4.187889575958252,3.8336753845214844,0.06184720993041992,0.29236680269241333,0.001469706695388595,0.038336753845214844,24.927698135375977
run_1780052271_513c8b16,1780053005.04347,1.0,524.0,2.0,-0.08241701126098633,0.0,-6.592719078063965,9.004993438720703,8.241701126098633,0.08993913978338242,0.6733526587486267,0.006792563745193547,0.08241701126098633,24.927698135375977
run_1780052271_513c8b16,1780053007.0424693,1.0,524.0,2.0,-0.12648344039916992,0.0,-6.642293930053711,13.81105899810791,12.648344039916992,0.12812364101409912,1.0345919132232666,0.01599806069521037,0.12648344039916992,24.927698135375977
run_1780052271_513c8b16,1780053009.0404696,1.0,524.0,2.0,-0.170562744140625,0.0,-6.691883087158203,18.59090232849121,17.0562744140625,0.18985915184020996,1.344768762588501,0.029091649688780308,0.170562744140625,24.927698135375977
run_1780052271_513c8b16,1780053011.0361521,1.0,524.0,2.0,-0.21464109420776367,0.0,-6.741471290588379,23.367876052856445,21.464109420776367,0.26168906688690186,1.642077088356018,0.04607079932270608,0.21464109420776367,24.927698135375977
run_1780052271_513c8b16,1780053013.0357904,1.0,524.0,2.0,-0.25869035720825195,0.0,-6.791026592254639,28.120126724243164,25.869035720825195,0.3570634722709656,1.8940266370773315,0.066920700912533,0.25869035720825195,24.927698135375977
run_1780052271_513c8b16,1780053015.0448263,1.0,524.0,2.0,-0.3027677536010742,0.0,-6.84061336517334,32.878238677978516,30.276775360107422,0.4625298082828522,2.138932704925537,0.09166831262064079,0.3027677536010742,24.927698135375977
run_1780052271_513c8b16,1780053017.0419524,1.0,524.0,2.0,-0.3027677536010742,0.0,-6.84061336517334,32.78976821899414,30.276775360107422,0.5780901908874512,1.934901237487793,0.09166831262064079,0.3027677536010742,24.927698135375977
run_1780052271_513c8b16,1780053019.041355,1.0,524.0,2.0,-0.3027677536010742,0.0,-6.84061336517334,32.72075653076172,30.276775360107422,0.6936505436897278,1.7503321170806885,0.09166831262064079,0.3027677536010742,24.927698135375977
run_1780052271_513c8b16,1780053021.0379379,1.0,524.0,2.0,-0.3027677536010742,0.0,-6.84061336517334,32.66935729980469,30.276775360107422,0.8092108964920044,1.583369255065918,0.09166831262064079,0.3027677536010742,24.927698135375977
run_1780052271_513c8b16,1780053023.0372055,1.0,524.0,2.0,-0.3027677536010742,0.0,-6.84061336517334,32.633880615234375,30.276775360107422,0.9247713088989258,1.432332992553711,0.09166831262064079,0.3027677536010742,24.927698135375977
run_1780052271_513c8b16,1780053025.0342238,1.0,524.0,2.0,-0.25869035720825195,0.0,-6.791026592254639,27.78276252746582,25.869035720825195,1.0268728733062744,0.8868554830551147,0.066920700912533,0.25869035720825195,24.927698135375977
run_1780052271_513c8b16,1780053027.0454214,1.0,524.0,2.0,-0.21464109420776367,0.0,-6.741471290588379,22.97469139099121,21.464109420776367,1.1087976694107056,0.4017825126647949,0.04607079932270608,0.21464109420776367,24.927698135375977
run_1780052271_513c8b16,1780053029.0377827,1.0,524.0,2.0,-0.170562744140625,0.0,-6.691883087158203,18.18813705444336,17.0562744140625,1.1772621870040894,-0.0453999862074852,0.029091649688780308,0.170562744140625,24.927698135375977
run_1780052271_513c8b16,1780053031.0343351,1.0,524.0,2.0,-0.08241701126098633,0.0,-6.592719078063965,8.593223571777344,8.241701126098633,1.2188103199005127,-0.8672887682914734,0.006792563745193547,0.08241701126098633,24.927698135375977
run_1780052271_513c8b16,1780053033.0323339,1.0,524.0,2.0,-0.038336753845214844,0.0,-6.543128967285156,3.8770503997802734,3.8336753845214844,1.236807942390442,-1.1934329271316528,0.001469706695388595,0.038336753845214844,24.927698135375977
run_1780052271_513c8b16,1780053035.0433342,1.0,524.0,2.0,0.005744457244873047,0.0,-6.493537425994873,-0.8245809674263,-0.5744457244873047,1.2302234172821045,-1.4803587198257446,3.2998789038174436e-05,0.005744457244873047,24.927698135375977
run_1780052271_513c8b16,1780053037.039846,1.0,524.0,2.0,0.04982709884643555,0.0,-6.443944454193115,-5.547536849975586,-4.982709884643555,1.1832181215286255,-1.7480449676513672,0.0024827397794524586,0.04982709884643555,24.927698135375977
run_1780052271_513c8b16,1780053039.0364816,1.0,524.0,2.0,0.04982709884643555,0.0,-6.443944454193115,-5.437902450561523,-4.982709884643555,1.1261075735092163,-1.581299901008606,0.0024827397794524586,0.04982709884643555,24.927698135375977
run_1780052271_513c8b16,1780053041.0334828,1.0,524.0,2.0,0.09392404556274414,0.0,-6.3943352699279785,-10.20333194732666,-9.392404556274414,1.0285626649856567,-1.8394898176193237,0.008821726334872437,0.09392404556274414,24.927698135375977
run_1780052271_513c8b16,1780053043.0454817,1.0,524.0,2.0,0.04982709884643555,0.0,-6.443944454193115,-5.27984094619751,-4.982709884643555,0.9411264061927795,-1.2382575273513794,0.0024827397794524586,0.04982709884643555,24.927698135375977
run_1780052271_513c8b16,1780053045.0394828,1.0,524.0,2.0,0.04982709884643555,0.0,-6.443944454193115,-5.21883487701416,-4.982709884643555,0.8840158581733704,-1.1201406717300415,0.0024827397794524586,0.04982709884643555,24.927698135375977
run_1780052271_513c8b16,1780053047.038495,1.0,524.0,2.0,0.005744457244873047,0.0,-6.493537425994873,-0.3149941563606262,-0.5744457244873047,0.8471157550811768,-0.5876641869544983,3.2998789038174436e-05,0.005744457244873047,24.927698135375977
run_1780052271_513c8b16,1780053049.0355794,1.0,524.0,2.0,-0.038336753845214844,0.0,-6.543128967285156,4.572494029998779,3.8336753845214844,0.8532617092132568,-0.11444307118654251,0.001469706695388595,0.038336753845214844,24.927698135375977
run_1780052271_513c8b16,1780053051.0330915,1.0,524.0,2.0,-0.08241701126098633,0.0,-6.592719078063965,9.43840217590332,8.241701126098633,0.8746240139007568,0.3220771849155426,0.006792563745193547,0.08241701126098633,24.927698135375977
run_1780052271_513c8b16,1780053053.0460906,1.0,524.0,2.0,-0.12648344039916992,0.0,-6.642293930053711,14.272895812988281,12.648344039916992,0.916172206401825,0.7083786725997925,0.01599806069521037,0.12648344039916992,24.927698135375977
run_1780052271_513c8b16,1780053055.0430915,1.0,524.0,2.0,-0.170562744140625,0.0,-6.691883087158203,19.093852996826172,17.0562744140625,0.9711775779724121,1.0664013624191284,0.029091649688780308,0.170562744140625,24.927698135375977
run_1780052271_513c8b16,1780053057.0400894,1.0,524.0,2.0,-0.21464109420776367,0.0,-6.741471290588379,23.892295837402344,21.464109420776367,1.0463721752166748,1.381814956665039,0.04607079932270608,0.21464109420776367,24.927698135375977
run_1780052271_513c8b16,1780053059.0344682,1.0,524.0,2.0,-0.21464109420776367,0.0,-6.741471290588379,23.842411041259766,21.464109420776367,1.128296971321106,1.2500044107437134,0.04607079932270608,0.21464109420776367,24.927698135375977
run_1780052271_513c8b16,1780053061.0314672,1.0,524.0,2.0,-0.25869035720825195,0.0,-6.791026592254639,28.636974334716797,25.869035720825195,1.2203090190887451,1.5476288795471191,0.066920700912533,0.25869035720825195,24.927698135375977
run_1780052271_513c8b16,1780053063.0449462,1.0,524.0,2.0,-0.25869035720825195,0.0,-6.791026592254639,28.588083267211914,25.869035720825195,1.319045901298523,1.4000014066696167,0.066920700912533,0.25869035720825195,24.927698135375977
run_1780052271_513c8b16,1780053065.0409908,1.0,524.0,2.0,-0.3027677536010742,0.0,-6.84061336517334,33.38823699951172,30.276775360107422,1.4278769493103027,1.683584213256836,0.09166831262064079,0.3027677536010742,24.927698135375977
run_1780052271_513c8b16,1780053067.0390801,1.0,524.0,2.0,-0.25869035720825195,0.0,-6.791026592254639,28.503154754638672,25.869035720825195,1.5367079973220825,1.0974119901657104,0.066920700912533,0.25869035720825195,24.927698135375977
run_1780052271_513c8b16,1780053069.0363624,1.0,524.0,2.0,-0.25869035720825195,0.0,-6.791026592254639,28.497209548950195,25.869035720825195,1.6354435682296753,0.992730438709259,0.066920700912533,0.25869035720825195,24.927698135375977
run_1780052271_513c8b16,1780053071.044375,1.0,524.0,2.0,-0.25869035720825195,0.0,-6.791026592254639,28.50124740600586,25.869035720825195,1.7341786623001099,0.8980345726013184,0.066920700912533,0.25869035720825195,24.927698135375977
run_1780052271_513c8b16,1780053073.0413742,1.0,524.0,2.0,-0.21464109420776367,0.0,-6.741471290588379,23.682445526123047,21.464109420776367,1.8228265047073364,0.3955097794532776,0.04607079932270608,0.21464109420776367,24.927698135375977
run_1780052271_513c8b16,1780053075.0383565,1.0,524.0,2.0,-0.170562744140625,0.0,-6.691883087158203,18.881237030029297,17.0562744140625,1.9013845920562744,-0.07642194628715515,0.029091649688780308,0.170562744140625,24.927698135375977
run_1780052271_513c8b16,1780053077.0373576,1.0,524.0,2.0,-0.12648344039916992,0.0,-6.642293930053711,14.118454933166504,12.648344039916992,1.9563900232315063,-0.4862782061100006,0.01599806069521037,0.12648344039916992,24.927698135375977
run_1780052271_513c8b16,1780053079.0343754,1.0,524.0,2.0,-0.038336753845214844,0.0,-6.543128967285156,4.54340934753418,3.8336753845214844,1.984481692314148,-1.2747477293014526,0.001469706695388595,0.038336753845214844,24.927698135375977
run_1780052271_513c8b16,1780053081.0443752,1.0,524.0,2.0,-0.038336753845214844,0.0,-6.543128967285156,4.67963981628418,3.8336753845214844,1.9991146326065063,-1.1531504392623901,0.001469706695388595,0.038336753845214844,24.927698135375977
run_1780052271_513c8b16,1780053083.0403748,1.0,524.0,2.0,0.005744457244873047,0.0,-6.493537425994873,-0.025832559913396835,-0.5744457244873047,1.9925320148468018,-1.4439189434051514,3.2998789038174436e-05,0.005744457244873047,24.927698135375977
run_1780052271_513c8b16,1780053085.038375,1.0,524.0,2.0,0.04982709884643555,0.0,-6.443944454193115,-4.7504401206970215,-4.982709884643555,1.9556316137313843,-1.7233619689941406,0.0024827397794524586,0.04982709884643555,24.927698135375977
run_1780052271_513c8b16,1780053087.0323749,1.0,524.0,2.0,0.09392404556274414,0.0,-6.3943352699279785,-9.497352600097656,-9.392404556274414,1.8884109258651733,-1.993358850479126,0.008821726334872437,0.09392404556274414,24.927698135375977
run_1780052271_513c8b16,1780053089.045497,1.0,524.0,2.0,0.09392404556274414,0.0,-6.3943352699279785,-9.414860725402832,-9.392404556274414,1.7807575464248657,-1.803213357925415,0.008821726334872437,0.09392404556274414,24.927698135375977
run_1780052271_513c8b16,1780053091.0414965,1.0,524.0,2.0,0.09392404556274414,0.0,-6.3943352699279785,-9.350505828857422,-9.392404556274414,1.6731040477752686,-1.631205677986145,0.008821726334872437,0.09392404556274414,24.927698135375977
run_1780052271_513c8b16,1780053093.0365756,1.0,524.0,2.0,0.09392404556274414,0.0,-6.3943352699279785,-9.302559852600098,-9.392404556274414,1.565450668334961,-1.4756059646606445,0.008821726334872437,0.09392404556274414,24.927698135375977
run_1780052271_513c8b16,1780053095.0351453,1.0,524.0,2.0,0.04982709884643555,0.0,-6.443944454193115,-4.415265083312988,-4.982709884643555,1.4679057598114014,-0.9004610776901245,0.0024827397794524586,0.04982709884643555,24.927698135375977
run_1780052271_513c8b16,1780053097.0321457,1.0,524.0,2.0,0.04982709884643555,0.0,-6.443944454193115,-4.386481761932373,-4.982709884643555,1.4107952117919922,-0.8145665526390076,0.0024827397794524586,0.04982709884643555,24.927698135375977
run_1780052271_513c8b16,1780053099.0456755,1.0,524.0,2.0,-0.038336753845214844,0.0,-6.543128967285156,5.34027624130249,3.8336753845214844,1.408454179763794,0.09814674407243729,0.001469706695388595,0.038336753845214844,24.927698135375977
run_1780052271_513c8b16,1780053101.0446763,1.0,524.0,2.0,-0.08241701126098633,0.0,-6.592719078063965,10.180822372436523,8.241701126098633,1.4331811666488647,0.505939781665802,0.006792563745193547,0.08241701126098633,24.927698135375977
run_1780052271_513c8b16,1780053103.0407176,1.0,524.0,2.0,-0.12648344039916992,0.0,-6.642293930053711,15.008111000061035,12.648344039916992,1.4680014848709106,0.8917654156684875,0.01599806069521037,0.12648344039916992,24.927698135375977
run_1780052271_513c8b16,1780053105.0382254,1.0,524.0,2.0,-0.170562744140625,0.0,-6.691883087158203,19.80649185180664,17.0562744140625,1.5263715982437134,1.2238465547561646,0.029091649688780308,0.170562744140625,24.927698135375977
run_1780052271_513c8b16,1780053107.0357354,1.0,524.0,2.0,-0.21464109420776367,0.0,-6.741471290588379,24.584999084472656,21.464109420776367,1.6049302816390991,1.5159612894058228,0.04607079932270608,0.21464109420776367,24.927698135375977
run_1780052271_513c8b16,1780053109.034752,1.0,524.0,2.0,-0.25869035720825195,0.0,-6.791026592254639,29.35419464111328,25.869035720825195,1.696940541267395,1.788216471672058,0.066920700912533,0.25869035720825195,24.927698135375977
run_1780052271_513c8b16,1780053111.0342686,1.0,524.0,2.0,-0.3027677536010742,0.0,-6.84061336517334,34.112396240234375,30.276775360107422,1.8091343641281128,2.026487350463867,0.09166831262064079,0.3027677536010742,24.927698135375977
run_1780052271_513c8b16,1780053113.0323062,1.0,524.0,2.0,-0.3027677536010742,0.0,-6.84061336517334,34.03465270996094,30.276775360107422,1.9246928691864014,1.8331819772720337,0.09166831262064079,0.3027677536010742,24.927698135375977
run_1780052271_513c8b16,1780053115.0473032,1.0,524.0,2.0,-0.3468303680419922,0.0,-6.89018440246582,38.80377197265625,34.68303680419922,2.0537071228027344,2.0670266151428223,0.12029130419614376,0.3468303680419922,24.927698135375977
run_1780052271_513c8b16,1780053117.0453203,1.0,524.0,2.0,-0.3027677536010742,0.0,-6.84061336517334,33.905635833740234,30.276775360107422,2.1759934425354004,1.4528659582138062,0.09166831262064079,0.3027677536010742,24.927698135375977
run_1780052271_513c8b16,1780053119.0403202,1.0,524.0,2.0,-0.3027677536010742,0.0,-6.84061336517334,33.88260269165039,30.276775360107422,2.2915520668029785,1.3142778873443604,0.09166831262064079,0.3027677536010742,24.927698135375977
run_1780052271_513c8b16,1780053121.037337,1.0,524.0,2.0,-0.25869035720825195,0.0,-6.791026592254639,29.03783416748047,25.869035720825195,2.3970165252685547,0.7717815041542053,0.066920700912533,0.25869035720825195,24.927698135375977
run_1780052271_513c8b16,1780053123.0353374,1.0,524.0,2.0,-0.21464109420776367,0.0,-6.741471290588379,24.22074317932129,21.464109420776367,2.49238920211792,0.2642439007759094,0.04607079932270608,0.21464109420776367,24.927698135375977
run_1780052271_513c8b16,1780053125.046849,1.0,524.0,2.0,-0.170562744140625,0.0,-6.691883087158203,19.442394256591797,17.0562744140625,2.5642178058624268,-0.17809928953647614,0.029091649688780308,0.170562744140625,24.927698135375977
run_1780052271_513c8b16,1780053127.0454185,1.0,524.0,2.0,-0.08241701126098633,0.0,-6.592719078063965,9.850132942199707,8.241701126098633,2.612494707107544,-1.0040627717971802,0.006792563745193547,0.08241701126098633,24.927698135375977
run_1780052271_513c8b16,1780053129.0409095,1.0,524.0,2.0,-0.08241701126098633,0.0,-6.592719078063965,9.97736644744873,8.241701126098633,2.643950939178467,-0.908285915851593,0.006792563745193547,0.08241701126098633,24.927698135375977
run_1780052271_513c8b16,1780053131.0378928,1.0,524.0,2.0,0.005744457244873047,0.0,-6.493537425994873,0.4311278462409973,-0.5744457244873047,2.6449761390686035,-1.6394026279449463,3.2998789038174436e-05,0.005744457244873047,24.927698135375977
run_1780052271_513c8b16,1780053133.035893,1.0,524.0,2.0,0.04982709884643555,0.0,-6.443944454193115,-4.273175239562988,-4.982709884643555,2.6181817054748535,-1.9086472988128662,0.0024827397794524586,0.04982709884643555,24.927698135375977
run_1780052271_513c8b16,1780053135.033911,1.0,524.0,2.0,0.09392404556274414,0.0,-6.3943352699279785,-9.007380485534668,-9.392404556274414,2.520636558532715,-2.1356117725372314,0.008821726334872437,0.09392404556274414,24.927698135375977
run_1780052271_513c8b16,1780053137.0329103,1.0,524.0,2.0,0.13799333572387695,0.0,-6.344757556915283,-13.763949394226074,-13.799333572387695,2.3927786350250244,-2.3573946952819824,0.019042160704202615,0.13799333572387695,24.927698135375977
run_1780052271_513c8b16,1780053139.0464227,1.0,524.0,2.0,0.13799333572387695,0.0,-6.344757556915283,-13.697242736816406,-13.799333572387695,2.2346138954162598,-2.132523536682129,0.019042160704202615,0.13799333572387695,24.927698135375977
run_1780052271_513c8b16,1780053141.0414226,1.0,524.0,2.0,0.09392404556274414,0.0,-6.3943352699279785,-8.799356460571289,-9.392404556274414,2.096653699874878,-1.5036054849624634,0.008821726334872437,0.09392404556274414,24.927698135375977
run_1780052271_513c8b16,1780053143.0364401,1.0,524.0,2.0,0.09392404556274414,0.0,-6.3943352699279785,-8.763581275939941,-9.392404556274414,1.9890003204345703,-1.3601775169372559,0.008821726334872437,0.09392404556274414,24.927698135375977
run_1780052271_513c8b16,1780053145.0474398,1.0,524.0,2.0,0.04982709884643555,0.0,-6.443944454193115,-3.885812997817993,-4.982709884643555,1.901563286781311,-0.8046663403511047,0.0024827397794524586,0.04982709884643555,24.927698135375977
run_1780052271_513c8b16,1780053147.0454848,1.0,524.0,2.0,0.005744457244873047,0.0,-6.493537425994873,0.9864479303359985,-0.5744457244873047,1.8545567989349365,-0.2936632037162781,3.2998789038174436e-05,0.005744457244873047,24.927698135375977
run_1780052271_513c8b16,1780053149.0404668,1.0,524.0,2.0,-0.038336753845214844,0.0,-6.543128967285156,5.850098133087158,3.8336753845214844,1.856460452079773,0.15996193885803223,0.001469706695388595,0.038336753845214844,24.927698135375977
run_1780052271_513c8b16,1780053151.0375464,1.0,524.0,2.0,-0.08241701126098633,0.0,-6.592719078063965,10.679830551147461,8.241701126098633,1.8845521211624146,0.553577721118927,0.006792563745193547,0.08241701126098633,24.927698135375977
run_1780052271_513c8b16,1780053153.0365634,1.0,524.0,2.0,-0.12648344039916992,0.0,-6.642293930053711,15.497322082519531,12.648344039916992,1.9227362871170044,0.9262424111366272,0.01599806069521037,0.12648344039916992,24.927698135375977
run_1780052271_513c8b16,1780053155.0345461,1.0,524.0,2.0,-0.170562744140625,0.0,-6.691883087158203,20.287498474121094,17.0562744140625,1.984471082687378,1.2467540502548218,0.029091649688780308,0.170562744140625,24.927698135375977
run_1780052271_513c8b16,1780053157.0470638,1.0,524.0,2.0,-0.21464109420776367,0.0,-6.741471290588379,25.059070587158203,21.464109420776367,2.0663938522338867,1.5285675525665283,0.04607079932270608,0.21464109420776367,24.927698135375977
run_1780052271_513c8b16,1780053159.0460715,1.0,524.0,2.0,-0.25869035720825195,0.0,-6.791026592254639,29.822147369384766,25.869035720825195,2.161766529083252,1.7913453578948975,0.066920700912533,0.25869035720825195,24.927698135375977
run_1780052271_513c8b16,1780053161.0422275,1.0,524.0,2.0,-0.3027677536010742,0.0,-6.84061336517334,34.5753059387207,30.276775360107422,2.27732515335083,2.0212018489837646,0.09166831262064079,0.3027677536010742,24.927698135375977
run_1780052271_513c8b16,1780053163.0375645,1.0,524.0,2.0,-0.3468303680419922,0.0,-6.89018440246582,39.32648849487305,34.68303680419922,2.406339406967163,2.2371115684509277,0.12029130419614376,0.3468303680419922,24.927698135375977
run_1780052271_513c8b16,1780053165.0341222,1.0,524.0,2.0,-0.3468303680419922,0.0,-6.89018440246582,39.24546813964844,34.68303680419922,2.53871750831604,2.0237152576446533,0.12029130419614376,0.3468303680419922,24.927698135375977
run_1780052271_513c8b16,1780053167.0444193,1.0,524.0,2.0,-0.3468303680419922,0.0,-6.89018440246582,39.18480682373047,34.68303680419922,2.671095848083496,1.8306742906570435,0.12029130419614376,0.3468303680419922,24.927698135375977
run_1780052271_513c8b16,1780053169.0422573,1.0,524.0,2.0,-0.3468303680419922,0.0,-6.89018440246582,39.14255905151367,34.68303680419922,2.803473949432373,1.6560472249984741,0.12029130419614376,0.3468303680419922,24.927698135375977
run_1780052271_513c8b16,1780053171.0383914,1.0,524.0,2.0,-0.3027677536010742,0.0,-6.84061336517334,34.28853988647461,30.276775360107422,2.922396421432495,1.0893672704696655,0.09166831262064079,0.3027677536010742,24.927698135375977
run_1780052271_513c8b16,1780053173.0343916,1.0,524.0,2.0,-0.21464109420776367,0.0,-6.741471290588379,24.6379337310791,21.464109420776367,3.014406681060791,0.1594168096780777,0.04607079932270608,0.21464109420776367,24.927698135375977
run_1780052271_513c8b16,1780053175.0473912,1.0,524.0,2.0,-0.21464109420776367,0.0,-6.741471290588379,24.70465087890625,21.464109420776367,3.0963294506073,0.1442101150751114,0.04607079932270608,0.21464109420776367,24.927698135375977
run_1780052271_513c8b16,1780053177.044409,1.0,524.0,2.0,-0.08241701126098633,0.0,-6.592719078063965,10.283072471618652,8.241701126098633,3.1378774642944336,-1.0965063571929932,0.006792563745193547,0.08241701126098633,24.927698135375977
run_1780052271_513c8b16,1780053179.0394115,1.0,524.0,2.0,-0.038336753845214844,0.0,-6.543128967285156,5.5887651443481445,3.8336753845214844,3.1558752059936523,-1.4007854461669922,0.001469706695388595,0.038336753845214844,24.927698135375977
run_1780052271_513c8b16,1780053181.0354097,1.0,524.0,2.0,0.04982709884643555,0.0,-6.443944454193115,-3.94718861579895,-4.982709884643555,3.129079818725586,-2.0935590267181396,0.0024827397794524586,0.04982709884643555,24.927698135375977
run_1780052271_513c8b16,1780053183.0324087,1.0,524.0,2.0,0.09392404556274414,0.0,-6.3943352699279785,-8.661930084228516,-9.392404556274414,3.0416431427001953,-2.311168670654297,0.008821726334872437,0.09392404556274414,24.927698135375977
run_1780052271_513c8b16,1780053185.0464082,1.0,524.0,2.0,0.13799333572387695,0.0,-6.344757556915283,-13.407221794128418,-13.799333572387695,2.8834784030914307,-2.491366147994995,0.019042160704202615,0.13799333572387695,24.927698135375977
run_1780052271_513c8b16,1780053187.045408,1.0,524.0,2.0,0.18207740783691406,0.0,-6.295163154602051,-18.183652877807617,-18.207740783691406,2.694995880126953,-2.670907497406006,0.033152182444609934,0.18207740783691406,24.927698135375977
run_1780052271_513c8b16,1780053189.041443,1.0,524.0,2.0,0.22616147994995117,0.0,-6.24556827545166,-22.991830825805664,-22.616147994995117,2.4660894870758057,-2.8417718410491943,0.051149015013152166,0.22616147994995117,24.927698135375977
run_1780052271_513c8b16,1780053191.0404449,1.0,524.0,2.0,0.22616147994995117,0.0,-6.24556827545166,-22.979978561401367,-22.616147994995117,2.206865072250366,-2.5706965923309326,0.051149015013152166,0.22616147994995117,24.927698135375977
run_1780052271_513c8b16,1780053193.0479732,1.0,524.0,2.0,0.18207740783691406,0.0,-6.295163154602051,-18.13425636291504,-18.207740783691406,1.9981706142425537,-1.9246869087219238,0.033152182444609934,0.18207740783691406,24.927698135375977
run_1780052271_513c8b16,1780053195.046957,1.0,524.0,2.0,0.13799333572387695,0.0,-6.344757556915283,-13.303441047668457,-13.799333572387695,1.8197940587997437,-1.3239006996154785,0.019042160704202615,0.13799333572387695,24.927698135375977
run_1780052271_513c8b16,1780053197.0459733,1.0,524.0,2.0,0.09392404556274414,0.0,-6.3943352699279785,-8.482686996459961,-9.392404556274414,1.6818338632583618,-0.7721167206764221,0.008821726334872437,0.09392404556274414,24.927698135375977
run_1780052271_513c8b16,1780053199.0439594,1.0,524.0,2.0,0.09392404556274414,0.0,-6.3943352699279785,-8.51668930053711,-9.392404556274414,1.5741804838180542,-0.6984649896621704,0.008821726334872437,0.09392404556274414,24.927698135375977
run_1780052271_513c8b16,1780053201.0429592,1.0,524.0,2.0,0.005744457244873047,0.0,-6.493537425994873,1.1575318574905396,-0.5744457244873047,1.5372799634933472,0.19469761848449707,3.2998789038174436e-05,0.005744457244873047,24.927698135375977
run_1780052271_513c8b16,1780053203.042006,1.0,524.0,2.0,-0.038336753845214844,0.0,-6.543128967285156,5.970390796661377,3.8336753845214844,1.5434259176254272,0.5932896733283997,0.001469706695388595,0.038336753845214844,24.927698135375977
run_1780052271_513c8b16,1780053205.0391314,1.0,524.0,2.0,-0.12648344039916992,0.0,-6.642293930053711,15.592879295349121,12.648344039916992,1.5816102027893066,1.3629244565963745,0.01599806069521037,0.12648344039916992,24.927698135375977
run_1780052271_513c8b16,1780053207.0371306,1.0,524.0,2.0,-0.170562744140625,0.0,-6.691883087158203,20.346317291259766,17.0562744140625,1.6399803161621094,1.6500622034072876,0.029091649688780308,0.170562744140625,24.927698135375977
run_1780052271_513c8b16,1780053209.0351312,1.0,524.0,2.0,-0.25869035720825195,0.0,-6.791026592254639,29.92162322998047,25.869035720825195,1.725265622138977,2.327322483062744,0.066920700912533,0.25869035720825195,24.927698135375977
run_1780052271_513c8b16,1780053211.047086,1.0,524.0,2.0,-0.3027677536010742,0.0,-6.84061336517334,34.63331604003906,30.276775360107422,1.834094762802124,2.5224483013153076,0.09166831262064079,0.3027677536010742,24.927698135375977
run_1780052271_513c8b16,1780053213.0443711,1.0,524.0,2.0,-0.3468303680419922,0.0,-6.89018440246582,39.35193634033203,34.68303680419922,1.9530171155929565,2.7158827781677246,0.12029130419614376,0.3468303680419922,24.927698135375977
run_1780052271_513c8b16,1780053215.0423698,1.0,524.0,2.0,-0.39092063903808594,0.0,-6.939785957336426,44.061622619628906,39.092063903808594,2.095491647720337,2.8740663528442383,0.15281894602594548,0.39092063903808594,24.927698135375977
run_1780052271_513c8b16,1780053217.0403707,1.0,524.0,2.0,-0.39092063903808594,0.0,-6.939785957336426,43.936668395996094,39.092063903808594,2.244696855545044,2.5999109745025635,0.15281894602594548,0.39092063903808594,24.927698135375977
run_1780052271_513c8b16,1780053219.0383692,1.0,524.0,2.0,-0.39092063903808594,0.0,-6.939785957336426,43.83787155151367,39.092063903808594,2.39390230178833,2.3519067764282227,0.15281894602594548,0.39092063903808594,24.927698135375977
run_1780052271_513c8b16,1780053221.036048,1.0,524.0,2.0,-0.3468303680419922,0.0,-6.89018440246582,38.916015625,34.68303680419922,2.5397422313690186,1.6932379007339478,0.12029130419614376,0.3468303680419922,24.927698135375977
run_1780052271_513c8b16,1780053223.0350478,1.0,524.0,2.0,-0.3468303680419922,0.0,-6.89018440246582,38.886878967285156,34.68303680419922,2.6721203327178955,1.5317212343215942,0.12029130419614376,0.3468303680419922,24.927698135375977
run_1780052271_513c8b16,1780053225.0457997,1.0,524.0,2.0,-0.21464109420776367,0.0,-6.741471290588379,24.38196563720703,21.464109420776367,2.7674930095672607,0.15036368370056152,0.04607079932270608,0.21464109420776367,24.927698135375977
run_1780052271_513c8b16,1780053227.0403304,1.0,524.0,2.0,-0.170562744140625,0.0,-6.691883087158203,19.61448097229004,17.0562744140625,2.8393218517303467,-0.2811165153980255,0.029091649688780308,0.170562744140625,24.927698135375977
run_1780052271_513c8b16,1780053229.0385208,1.0,524.0,2.0,-0.08241701126098633,0.0,-6.592719078063965,10.036797523498535,8.241701126098633,2.8842339515686035,-1.0891371965408325,0.006792563745193547,0.08241701126098633,24.927698135375977
run_1780052271_513c8b16,1780053231.0335035,1.0,524.0,2.0,0.005744457244873047,0.0,-6.493537425994873,0.49885642528533936,-0.5744457244873047,2.892866849899292,-1.8195648193359375,3.2998789038174436e-05,0.005744457244873047,24.927698135375977
run_1780052271_513c8b16,1780053233.0415065,1.0,524.0,2.0,0.09392404556274414,0.0,-6.3943352699279785,-9.04792308807373,-9.392404556274414,2.82564640045166,-2.4811646938323975,0.008821726334872437,0.09392404556274414,24.927698135375977
run_1780052271_513c8b16,1780053235.0415037,1.0,524.0,2.0,0.13799333572387695,0.0,-6.344757556915283,-13.773186683654785,-13.799333572387695,2.6876862049102783,-2.661539316177368,0.019042160704202615,0.13799333572387695,24.927698135375977
run_1780052271_513c8b16,1780053237.0375042,1.0,524.0,2.0,0.18207740783691406,0.0,-6.295163154602051,-18.53520965576172,-18.207740783691406,2.4890975952148438,-2.8165669441223145,0.033152182444609934,0.18207740783691406,24.927698135375977
run_1780052271_513c8b16,1780053239.0370448,1.0,524.0,2.0,0.22616147994995117,0.0,-6.24556827545166,-23.331148147583008,-22.616147994995117,2.2500851154327393,-2.9650871753692627,0.051149015013152166,0.22616147994995117,24.927698135375977
run_1780052271_513c8b16,1780053241.0370529,1.0,524.0,2.0,0.22616147994995117,0.0,-6.24556827545166,-23.307537078857422,-22.616147994995117,1.990860939025879,-2.682249069213867,0.051149015013152166,0.22616147994995117,24.927698135375977
run_1780052271_513c8b16,1780053243.0360355,1.0,524.0,2.0,0.22616147994995117,0.0,-6.24556827545166,-23.310901641845703,-22.616147994995117,1.7316365242004395,-2.4263906478881836,0.051149015013152166,0.22616147994995117,24.927698135375977
run_1780052271_513c8b16,1780053245.0326025,1.0,524.0,2.0,0.18207740783691406,0.0,-6.295163154602051,-18.480934143066406,-18.207740783691406,1.5128360986709595,-1.7860287427902222,0.033152182444609934,0.18207740783691406,24.927698135375977
run_1780052271_513c8b16,1780053247.0430346,1.0,524.0,2.0,0.13799333572387695,0.0,-6.344757556915283,-13.663344383239746,-13.799333572387695,1.334458351135254,-1.1984692811965942,0.019042160704202615,0.13799333572387695,24.927698135375977
run_1780052271_513c8b16,1780053249.0430331,1.0,524.0,2.0,0.09392404556274414,0.0,-6.3943352699279785,-8.85107707977295,-9.392404556274414,1.2167023420333862,-0.6753752827644348,0.008821726334872437,0.09392404556274414,24.927698135375977
run_1780052271_513c8b16,1780053251.039034,1.0,524.0,2.0,0.04982709884643555,0.0,-6.443944454193115,-4.036973476409912,-4.982709884643555,1.1393746137619019,-0.19363853335380554,0.0024827397794524586,0.04982709884643555,24.927698135375977
run_1780052271_513c8b16,1780053253.037034,1.0,524.0,2.0,-0.038336753845214844,0.0,-6.543128967285156,5.628565788269043,3.8336753845214844,1.126928448677063,0.6679615378379822,0.001469706695388595,0.038336753845214844,24.927698135375977
run_1780052271_513c8b16,1780053255.036033,1.0,524.0,2.0,-0.08241701126098633,0.0,-6.592719078063965,10.414756774902344,8.241701126098633,1.1516554355621338,1.0214003324508667,0.006792563745193547,0.08241701126098633,24.927698135375977
run_1780052271_513c8b16,1780053257.033033,1.0,524.0,2.0,-0.170562744140625,0.0,-6.691883087158203,20.023136138916016,17.0562744140625,1.1999322175979614,1.7669296264648438,0.029091649688780308,0.170562744140625,24.927698135375977
run_1780052271_513c8b16,1780053259.045426,1.0,524.0,2.0,-0.21464109420776367,0.0,-6.741471290588379,24.754756927490234,21.464109420776367,1.2751268148422241,2.0155200958251953,0.04607079932270608,0.21464109420776367,24.927698135375977
run_1780052271_513c8b16,1780053261.0434258,1.0,524.0,2.0,-0.3027677536010742,0.0,-6.84061336517334,34.316680908203125,30.276775360107422,1.3738659620285034,2.6660428047180176,0.09166831262064079,0.3027677536010742,24.927698135375977
run_1780052271_513c8b16,1780053263.040162,1.0,524.0,2.0,-0.3468303680419922,0.0,-6.89018440246582,39.016353607177734,34.68303680419922,1.496153473854065,2.8371634483337402,0.12029130419614376,0.3468303680419922,24.927698135375977
run_1780052271_513c8b16,1780053265.0351648,1.0,524.0,2.0,-0.39092063903808594,0.0,-6.939785957336426,43.72481155395508,39.092063903808594,1.6318970918655396,3.0008490085601807,0.15281894602594548,0.39092063903808594,24.927698135375977
run_1780052271_513c8b16,1780053267.0462484,1.0,524.0,2.0,-0.39092063903808594,0.0,-6.939785957336426,43.5877685546875,39.092063903808594,1.7811024188995361,2.714600086212158,0.15281894602594548,0.39092063903808594,24.927698135375977
run_1780052271_513c8b16,1780053269.0447783,1.0,524.0,2.0,-0.39092063903808594,0.0,-6.939785957336426,43.47802734375,39.092063903808594,1.9303077459335327,2.455655813217163,0.15281894602594548,0.39092063903808594,24.927698135375977
run_1780052271_513c8b16,1780053271.0418658,1.0,524.0,2.0,-0.39092063903808594,0.0,-6.939785957336426,43.39299011230469,39.092063903808594,2.0795130729675293,2.221411943435669,0.15281894602594548,0.39092063903808594,24.927698135375977
run_1780052271_513c8b16,1780053273.0388653,1.0,524.0,2.0,-0.3468303680419922,0.0,-6.89018440246582,38.49884033203125,34.68303680419922,2.215256690979004,1.6005456447601318,0.12029130419614376,0.3468303680419922,24.927698135375977
run_1780052271_513c8b16,1780053275.032865,1.0,524.0,2.0,-0.3027677536010742,0.0,-6.84061336517334,33.64011764526367,30.276775360107422,2.340907096862793,1.0224372148513794,0.09166831262064079,0.3027677536010742,24.927698135375977
run_1780052271_513c8b16,1780053277.044384,1.0,524.0,2.0,-0.21464109420776367,0.0,-6.741471290588379,23.98589515686035,21.464109420776367,2.4396443367004395,0.08214173465967178,0.04607079932270608,0.21464109420776367,24.927698135375977
run_1780052271_513c8b16,1780053279.0424018,1.0,524.0,2.0,-0.12648344039916992,0.0,-6.642293930053711,14.379578590393066,12.648344039916992,2.508108615875244,-0.7768734097480774,0.01599806069521037,0.12648344039916992,24.927698135375977
run_1780052271_513c8b16,1780053281.0393841,1.0,524.0,2.0,-0.038336753845214844,0.0,-6.543128967285156,4.827502250671387,3.8336753845214844,2.5395641326904297,-1.5457370281219482,0.001469706695388595,0.038336753845214844,24.927698135375977
run_1780052271_513c8b16,1780053283.0383844,1.0,524.0,2.0,0.04982709884643555,0.0,-6.443944454193115,-4.706740379333496,-4.982709884643555,2.525498867034912,-2.2495296001434326,0.0024827397794524586,0.04982709884643555,24.927698135375977
run_1780052271_513c8b16,1780053285.037402,1.0,524.0,2.0,0.13799333572387695,0.0,-6.344757556915283,-14.259574890136719,-13.799333572387695,2.417851448059082,-2.8780932426452637,0.019042160704202615,0.13799333572387695,24.927698135375977
run_1780052271_513c8b16,1780053287.0344028,1.0,524.0,2.0,0.18207740783691406,0.0,-6.295163154602051,-18.997461318969727,-18.207740783691406,2.2394747734069824,-3.0291941165924072,0.033152182444609934,0.18207740783691406,24.927698135375977
run_1780052271_513c8b16,1780053289.032401,1.0,524.0,2.0,0.18207740783691406,0.0,-6.295163154602051,-18.91720199584961,-18.207740783691406,2.03078031539917,-2.740241289138794,0.033152182444609934,0.18207740783691406,24.927698135375977
run_1780052271_513c8b16,1780053291.0449312,1.0,524.0,2.0,0.22616147994995117,0.0,-6.24556827545166,-23.72423553466797,-22.616147994995117,1.77155601978302,-2.8796439170837402,0.051149015013152166,0.22616147994995117,24.927698135375977
run_1780052271_513c8b16,1780053293.040931,1.0,524.0,2.0,0.22616147994995117,0.0,-6.24556827545166,-23.708770751953125,-22.616147994995117,1.5123320817947388,-2.6049559116363525,0.051149015013152166,0.22616147994995117,24.927698135375977
run_1780052271_513c8b16,1780053295.0376444,1.0,524.0,2.0,0.22616147994995117,0.0,-6.24556827545166,-23.71950912475586,-22.616147994995117,1.2531095743179321,-2.3564705848693848,0.051149015013152166,0.22616147994995117,24.927698135375977
run_1780052271_513c8b16,1780053297.033819,1.0,524.0,2.0,0.18207740783691406,0.0,-6.295163154602051,-18.896209716796875,-18.207740783691406,1.0343095064163208,-1.7227783203125,0.033152182444609934,0.18207740783691406,24.927698135375977
run_1780052271_513c8b16,1780053299.045818,1.0,524.0,2.0,0.13799333572387695,0.0,-6.344757556915283,-14.086310386657715,-13.799333572387695,0.8458262085914612,-1.1328030824661255,0.019042160704202615,0.13799333572387695,24.927698135375977
run_1780052271_513c8b16,1780053301.04218,1.0,524.0,2.0,0.13799333572387695,0.0,-6.344757556915283,-14.136418342590332,-13.799333572387695,0.687660276889801,-1.0247459411621094,0.019042160704202615,0.13799333572387695,24.927698135375977
run_1780052271_513c8b16,1780053303.0402036,1.0,524.0,2.0,0.04982709884643555,0.0,-6.443944454193115,-4.483059883117676,-4.982709884643555,0.6002230644226074,-0.10057303309440613,0.0024827397794524586,0.04982709884643555,24.927698135375977
run_1780052271_513c8b16,1780053305.0371869,1.0,524.0,2.0,0.005744457244873047,0.0,-6.493537425994873,0.32700464129447937,-0.5744457244873047,0.5835331678390503,0.3179171681404114,3.2998789038174436e-05,0.005744457244873047,24.927698135375977
run_1780052271_513c8b16,1780053307.0342042,1.0,524.0,2.0,-0.08241701126098633,0.0,-6.592719078063965,9.96055793762207,8.241701126098633,0.604895293712616,1.1139615774154663,0.006792563745193547,0.08241701126098633,24.927698135375977
run_1780052271_513c8b16,1780053309.0419357,1.0,524.0,2.0,-0.08241701126098633,0.0,-6.592719078063965,9.88575553894043,8.241701126098633,0.6363525986671448,1.0077012777328491,0.006792563745193547,0.08241701126098633,24.927698135375977
run_1780052271_513c8b16,1780053311.0369189,1.0,524.0,2.0,-0.170562744140625,0.0,-6.691883087158203,19.485437393188477,17.0562744140625,0.6913583874702454,1.7378039360046387,0.029091649688780308,0.170562744140625,24.927698135375977
run_1780052271_513c8b16,1780053313.0345116,1.0,524.0,2.0,-0.21464109420776367,0.0,-6.741471290588379,24.21491813659668,21.464109420776367,0.7699174880981445,1.9808924198150635,0.04607079932270608,0.21464109420776367,24.927698135375977
run_1780052271_513c8b16,1780053315.0480053,1.0,524.0,2.0,-0.3027677536010742,0.0,-6.84061336517334,33.770145416259766,30.276775360107422,0.8753837943077087,2.6179888248443604,0.09166831262064079,0.3027677536010742,24.927698135375977
run_1780052271_513c8b16,1780053317.0460463,1.0,524.0,2.0,-0.3468303680419922,0.0,-6.89018440246582,38.469322204589844,34.68303680419922,1.0010348558425903,2.7852485179901123,0.12029130419614376,0.3468303680419922,24.927698135375977
run_1780052271_513c8b16,1780053319.0420783,1.0,524.0,2.0,-0.39092063903808594,0.0,-6.939785957336426,43.17747497558594,39.092063903808594,1.1401447057724,2.945265769958496,0.15281894602594548,0.39092063903808594,24.927698135375977
run_1780052271_513c8b16,1780053321.0400758,1.0,524.0,2.0,-0.39092063903808594,0.0,-6.939785957336426,43.04573440551758,39.092063903808594,1.2893518209457397,2.664318084716797,0.15281894602594548,0.39092063903808594,24.927698135375977
run_1780052271_513c8b16,1780053323.0329175,1.0,524.0,2.0,-0.39092063903808594,0.0,-6.939785957336426,42.940792083740234,39.092063903808594,1.4385590553283691,2.410170078277588,0.15281894602594548,0.39092063903808594,24.927698135375977
run_1780052271_513c8b16,1780053325.044935,1.0,524.0,2.0,-0.3468303680419922,0.0,-6.89018440246582,38.02372360229492,34.68303680419922,1.5776687860488892,1.7630152702331543,0.12029130419614376,0.3468303680419922,24.927698135375977
run_1780052271_513c8b16,1780053327.0429342,1.0,524.0,2.0,-0.3468303680419922,0.0,-6.89018440246582,37.9879264831543,34.68303680419922,1.7100470066070557,1.5948421955108643,0.12029130419614376,0.3468303680419922,24.927698135375977
run_1780052271_513c8b16,1780053329.0369167,1.0,524.0,2.0,-0.25869035720825195,0.0,-6.791026592254639,28.29987144470215,25.869035720825195,1.8222393989562988,0.6085948348045349,0.066920700912533,0.25869035720825195,24.927698135375977
run_1780052271_513c8b16,1780053331.0339165,1.0,524.0,2.0,-0.170562744140625,0.0,-6.691883087158203,18.67818832397461,17.0562744140625,1.897432804107666,-0.27552011609077454,0.029091649688780308,0.170562744140625,24.927698135375977
run_1780052271_513c8b16,1780053333.0479715,1.0,524.0,2.0,-0.12648344039916992,0.0,-6.642293930053711,13.93439769744873,12.648344039916992,1.952438235282898,-0.6663845777511597,0.01599806069521037,0.12648344039916992,24.927698135375977
run_1780052271_513c8b16,1780053335.043589,1.0,524.0,2.0,-0.038336753845214844,0.0,-6.543128967285156,4.3817853927612305,3.8336753845214844,1.9771652221679688,-1.4290547370910645,0.001469706695388595,0.038336753845214844,24.927698135375977
run_1780052271_513c8b16,1780053337.0406651,1.0,524.0,2.0,0.005744457244873047,0.0,-6.493537425994873,-0.3052789568901062,-0.5744457244873047,1.9790688753128052,-1.709902048110962,3.2998789038174436e-05,0.005744457244873047,24.927698135375977
run_1780052271_513c8b16,1780053339.0356593,1.0,524.0,2.0,0.09392404556274414,0.0,-6.3943352699279785,-9.869474411010742,-9.392404556274414,1.871415376663208,-2.348484754562378,0.008821726334872437,0.09392404556274414,24.927698135375977
run_1780052271_513c8b16,1780053341.0476584,1.0,524.0,2.0,0.13799333572387695,0.0,-6.344757556915283,-14.607393264770508,-13.799333572387695,1.7334553003311157,-2.541515827178955,0.019042160704202615,0.13799333572387695,24.927698135375977
run_1780052271_513c8b16,1780053343.0446584,1.0,524.0,2.0,0.18207740783691406,0.0,-6.295163154602051,-19.382854461669922,-18.207740783691406,1.5247607231140137,-2.699873924255371,0.033152182444609934,0.18207740783691406,24.927698135375977
run_1780052271_513c8b16,1780053345.041999,1.0,524.0,2.0,0.18207740783691406,0.0,-6.295163154602051,-19.334009170532227,-18.207740783691406,1.3160662651062012,-2.4423346519470215,0.033152182444609934,0.18207740783691406,24.927698135375977
run_1780052271_513c8b16,1780053347.03789,1.0,524.0,2.0,0.18207740783691406,0.0,-6.295163154602051,-19.309728622436523,-18.207740783691406,1.1073718070983887,-2.2093615531921387,0.033152182444609934,0.18207740783691406,24.927698135375977
run_1780052271_513c8b16,1780053349.0483491,1.0,524.0,2.0,0.18207740783691406,0.0,-6.295163154602051,-19.307676315307617,-18.207740783691406,0.8986772894859314,-1.9986116886138916,0.033152182444609934,0.18207740783691406,24.927698135375977
run_1780052271_513c8b16,1780053351.04635,1.0,524.0,2.0,0.13799333572387695,0.0,-6.344757556915283,-14.465994834899902,-13.799333572387695,0.7405110597610474,-1.407172679901123,0.019042160704202615,0.13799333572387695,24.927698135375977
run_1780052271_513c8b16,1780053353.0453503,1.0,524.0,2.0,0.09392404556274414,0.0,-6.3943352699279785,-9.63564395904541,-9.392404556274414,0.6126521825790405,-0.8558918833732605,0.008821726334872437,0.09392404556274414,24.927698135375977
run_1780052271_513c8b16,1780053355.0425375,1.0,524.0,2.0,0.04982709884643555,0.0,-6.443944454193115,-4.807464599609375,-4.982709884643555,0.5151064395904541,-0.33986136317253113,0.0024827397794524586,0.04982709884643555,24.927698135375977
run_1780052271_513c8b16,1780053357.040241,1.0,524.0,2.0,0.005744457244873047,0.0,-6.493537425994873,0.023601006716489792,-0.5744457244873047,0.48831114172935486,0.10973558574914932,3.2998789038174436e-05,0.005744457244873047,24.927698135375977
run_1780052271_513c8b16,1780053359.0342426,1.0,524.0,2.0,-0.08241701126098633,0.0,-6.592719078063965,9.682267189025879,8.241701126098633,0.5063081979751587,0.9342579245567322,0.006792563745193547,0.08241701126098633,24.927698135375977
run_1780052271_513c8b16,1780053361.0438395,1.0,524.0,2.0,-0.12648344039916992,0.0,-6.642293930053711,14.458364486694336,12.648344039916992,0.5478567481040955,1.2621638774871826,0.01599806069521037,0.12648344039916992,24.927698135375977
run_1780052271_513c8b16,1780053363.0418224,1.0,524.0,2.0,-0.21464109420776367,0.0,-6.741471290588379,24.057153701782227,21.464109420776367,0.6163218021392822,1.9767208099365234,0.04607079932270608,0.21464109420776367,24.927698135375977
run_1780052271_513c8b16,1780053365.038142,1.0,524.0,2.0,-0.25869035720825195,0.0,-6.791026592254639,28.782390594482422,25.869035720825195,0.7083334922790527,2.205024480819702,0.066920700912533,0.25869035720825195,24.927698135375977
run_1780052271_513c8b16,1780053367.0480719,1.0,524.0,2.0,-0.3468303680419922,0.0,-6.89018440246582,38.33976745605469,34.68303680419922,0.8272574543952942,2.829469919204712,0.12029130419614376,0.3468303680419922,24.927698135375977
run_1780052271_513c8b16,1780053369.0460725,1.0,524.0,2.0,-0.3468303680419922,0.0,-6.89018440246582,38.202239990234375,34.68303680419922,0.9596356153488159,2.5595688819885254,0.12029130419614376,0.3468303680419922,24.927698135375977
run_1780052271_513c8b16,1780053371.0445824,1.0,524.0,2.0,-0.4349956512451172,0.0,-6.989370346069336,47.7669563293457,43.49956512451172,1.1088413000106812,3.1585521697998047,0.18922121660216362,0.4349956512451172,24.927698135375977
run_1780052271_513c8b16,1780053373.041258,1.0,524.0,2.0,-0.4349956512451172,0.0,-6.989370346069336,47.631690979003906,43.49956512451172,1.2748700380325317,2.857259750366211,0.18922121660216362,0.4349956512451172,24.927698135375977
run_1780052271_513c8b16,1780053375.039257,1.0,524.0,2.0,-0.39092063903808594,0.0,-6.939785957336426,42.68013381958008,39.092063903808594,1.4375344514846802,2.15053653717041,0.15281894602594548,0.39092063903808594,24.927698135375977
run_1780052271_513c8b16,1780053377.037257,1.0,524.0,2.0,-0.39092063903808594,0.0,-6.939785957336426,42.624202728271484,39.092063903808594,1.5867414474487305,1.9453983306884766,0.15281894602594548,0.39092063903808594,24.927698135375977
run_1780052271_513c8b16,1780053379.0335658,1.0,524.0,2.0,-0.3468303680419922,0.0,-6.89018440246582,37.75638198852539,34.68303680419922,1.722485065460205,1.3508604764938354,0.12029130419614376,0.3468303680419922,24.927698135375977
run_1780052271_513c8b16,1780053381.0455651,1.0,524.0,2.0,-0.3027677536010742,0.0,-6.84061336517334,32.92656326293945,30.276775360107422,1.844771385192871,0.8050144910812378,0.09166831262064079,0.3027677536010742,24.927698135375977
run_1780052271_513c8b16,1780053383.0395653,1.0,524.0,2.0,-0.170562744140625,0.0,-6.691883087158203,18.46291732788086,17.0562744140625,1.9300566911697388,-0.5234144926071167,0.029091649688780308,0.170562744140625,24.927698135375977
run_1780052271_513c8b16,1780053385.0380821,1.0,524.0,2.0,-0.12648344039916992,0.0,-6.642293930053711,13.742774963378906,12.648344039916992,1.9850621223449707,-0.8906323313713074,0.01599806069521037,0.12648344039916992,24.927698135375977
run_1780052271_513c8b16,1780053387.037081,1.0,524.0,2.0,0.005744457244873047,0.0,-6.493537425994873,-0.629793643951416,-0.5744457244873047,2.002180576324463,-2.057528495788574,3.2998789038174436e-05,0.005744457244873047,24.927698135375977
run_1780052271_513c8b16,1780053389.0356178,1.0,524.0,2.0,0.04982709884643555,0.0,-6.443944454193115,-5.295869827270508,-4.982709884643555,1.9652800559997559,-2.278439998626709,0.0024827397794524586,0.04982709884643555,24.927698135375977
run_1780052271_513c8b16,1780053391.0476358,1.0,524.0,2.0,0.13799333572387695,0.0,-6.344757556915283,-14.845946311950684,-13.799333572387695,1.8576326370239258,-2.904245376586914,0.019042160704202615,0.13799333572387695,24.927698135375977
run_1780052271_513c8b16,1780053393.0436354,1.0,524.0,2.0,0.18207740783691406,0.0,-6.295163154602051,-19.582992553710938,-18.207740783691406,1.6691499948501587,-3.0444021224975586,0.033152182444609934,0.18207740783691406,24.927698135375977
run_1780052271_513c8b16,1780053395.041636,1.0,524.0,2.0,0.22616147994995117,0.0,-6.24556827545166,-24.359024047851562,-22.616147994995117,1.4200327396392822,-3.1629085540771484,0.051149015013152166,0.22616147994995117,24.927698135375977
run_1780052271_513c8b16,1780053397.0391655,1.0,524.0,2.0,0.22616147994995117,0.0,-6.24556827545166,-24.316537857055664,-22.616147994995117,1.1608102321624756,-2.8612000942230225,0.051149015013152166,0.22616147994995117,24.927698135375977
run_1780052271_513c8b16,1780053399.0362024,1.0,524.0,2.0,0.22616147994995117,0.0,-6.24556827545166,-24.302831649780273,-22.616147994995117,0.9015877842903137,-2.588271379470825,0.051149015013152166,0.22616147994995117,24.927698135375977
run_1780052271_513c8b16,1780053401.048204,1.0,524.0,2.0,0.22616147994995117,0.0,-6.24556827545166,-24.315160751342773,-22.616147994995117,0.6423653364181519,-2.3413777351379395,0.051149015013152166,0.22616147994995117,24.927698135375977
run_1780052271_513c8b16,1780053403.043203,1.0,524.0,2.0,0.18207740783691406,0.0,-6.295163154602051,-19.49329948425293,-18.207740783691406,0.42356523871421814,-1.7091251611709595,0.033152182444609934,0.18207740783691406,24.927698135375977
run_1780052271_513c8b16,1780053405.0416038,1.0,524.0,2.0,0.13799333572387695,0.0,-6.344757556915283,-14.684703826904297,-13.799333572387695,0.23508229851722717,-1.120452642440796,0.019042160704202615,0.13799333572387695,24.927698135375977
run_1780052271_513c8b16,1780053407.037601,1.0,524.0,2.0,0.09392404556274414,0.0,-6.3943352699279785,-9.884843826293945,-9.392404556274414,0.08701884746551514,-0.5794584155082703,0.008821726334872437,0.09392404556274414,24.927698135375977
run_1780052271_513c8b16,1780053409.0365837,1.0,524.0,2.0,0.04982709884643555,0.0,-6.443944454193115,-5.081547260284424,-4.982709884643555,-0.00041812198469415307,-0.09841948002576828,0.0024827397794524586,0.04982709884643555,24.927698135375977
run_1780052271_513c8b16,1780053411.0347009,1.0,524.0,2.0,-0.08241701126098633,0.0,-6.592719078063965,9.437077522277832,8.241701126098633,0.007054951973259449,1.1883211135864258,0.006792563745193547,0.08241701126098633,24.927698135375977
run_1780052271_513c8b16,1780053413.0486948,1.0,524.0,2.0,-0.08241701126098633,0.0,-6.592719078063965,9.355180740356445,8.241701126098633,0.03851182758808136,1.074967861175537,0.006792563745193547,0.08241701126098633,24.927698135375977
run_1780052271_513c8b16,1780053415.0477352,1.0,524.0,2.0,-0.21464109420776367,0.0,-6.741471290588379,23.788599014282227,21.464109420776367,0.10024816542863846,2.2242431640625,0.04607079932270608,0.21464109420776367,24.927698135375977
run_1780052271_513c8b16,1780053417.0459497,1.0,524.0,2.0,-0.25869035720825195,0.0,-6.791026592254639,28.495311737060547,25.869035720825195,0.1888972669839859,2.4373788833618164,0.066920700912533,0.25869035720825195,24.927698135375977
run_1780052271_513c8b16,1780053419.0443687,1.0,524.0,2.0,-0.3468303680419922,0.0,-6.89018440246582,38.03527069091797,34.68303680419922,0.304456502199173,3.0477757453918457,0.12029130419614376,0.3468303680419922,24.927698135375977
run_1780052271_513c8b16,1780053421.0413682,1.0,524.0,2.0,-0.39092063903808594,0.0,-6.939785957336426,42.718379974365234,39.092063903808594,0.4435659348964691,3.1827502250671387,0.15281894602594548,0.39092063903808594,24.927698135375977
run_1780052271_513c8b16,1780053423.0387807,1.0,524.0,2.0,-0.39092063903808594,0.0,-6.939785957336426,42.563987731933594,39.092063903808594,0.5927721858024597,2.879150152206421,0.15281894602594548,0.39092063903808594,24.927698135375977
run_1780052271_513c8b16,1780053425.0387807,1.0,524.0,2.0,-0.4349956512451172,0.0,-6.989370346069336,47.26358413696289,43.49956512451172,0.7588009238243103,3.0052196979522705,0.18922121660216362,0.4349956512451172,24.927698135375977
run_1780052271_513c8b16,1780053427.0367975,1.0,524.0,2.0,-0.4349956512451172,0.0,-6.989370346069336,47.142948150634766,43.49956512451172,0.9248296618461609,2.7185537815093994,0.18922121660216362,0.4349956512451172,24.927698135375977
run_1780052271_513c8b16,1780053429.0357819,1.0,524.0,2.0,-0.39092063903808594,0.0,-6.939785957336426,42.2246208190918,39.092063903808594,1.0740368366241455,2.0585219860076904,0.15281894602594548,0.39092063903808594,24.927698135375977
run_1780052271_513c8b16,1780053431.0347981,1.0,524.0,2.0,-0.3468303680419922,0.0,-6.89018440246582,37.346012115478516,34.68303680419922,1.2097808122634888,1.4531936645507812,0.12029130419614376,0.3468303680419922,24.927698135375977
run_1780052271_513c8b16,1780053433.0477798,1.0,524.0,2.0,-0.25869035720825195,0.0,-6.791026592254639,27.676048278808594,25.869035720825195,1.3186118602752686,0.48840081691741943,0.066920700912533,0.25869035720825195,24.927698135375977
run_1780052271_513c8b16,1780053435.0447817,1.0,524.0,2.0,-0.21464109420776367,0.0,-6.741471290588379,22.901233673095703,21.464109420776367,1.403899073600769,0.03322557732462883,0.04607079932270608,0.21464109420776367,24.927698135375977
run_1780052271_513c8b16,1780053437.0433295,1.0,524.0,2.0,-0.08241701126098633,0.0,-6.592719078063965,8.475492477416992,8.241701126098633,1.4555412530899048,-1.221748948097229,0.006792563745193547,0.08241701126098633,24.927698135375977
run_1780052271_513c8b16,1780053439.0403297,1.0,524.0,2.0,-0.038336753845214844,0.0,-6.543128967285156,3.793133020401001,3.8336753845214844,1.473538875579834,-1.5140814781188965,0.001469706695388595,0.038336753845214844,24.927698135375977
run_1780052271_513c8b16,1780053441.038329,1.0,524.0,2.0,0.04982709884643555,0.0,-6.443944454193115,-5.732012748718262,-4.982709884643555,1.4467439651489258,-2.196047067642212,0.0024827397794524586,0.04982709884643555,24.927698135375977
run_1780052271_513c8b16,1780053443.033836,1.0,524.0,2.0,0.13799333572387695,0.0,-6.344757556915283,-15.294914245605469,-13.799333572387695,1.3087886571884155,-2.8043692111968994,0.019042160704202615,0.13799333572387695,24.927698135375977
run_1780052271_513c8b16,1780053445.0458345,1.0,524.0,2.0,0.18207740783691406,0.0,-6.295163154602051,-20.04530143737793,-18.207740783691406,1.100094199180603,-2.937654733657837,0.033152182444609934,0.18207740783691406,24.927698135375977
run_1780052271_513c8b16,1780053447.0428412,1.0,524.0,2.0,0.18207740783691406,0.0,-6.295163154602051,-19.97377586364746,-18.207740783691406,0.8913996815681458,-2.65743350982666,0.033152182444609934,0.18207740783691406,24.927698135375977
run_1780052271_513c8b16,1780053449.0375302,1.0,524.0,2.0,0.22616147994995117,0.0,-6.24556827545166,-24.788705825805664,-22.616147994995117,0.6321771740913391,-2.804734945297241,0.051149015013152166,0.22616147994995117,24.927698135375977
run_1780052271_513c8b16,1780053451.0345483,1.0,524.0,2.0,0.22616147994995117,0.0,-6.24556827545166,-24.780385971069336,-22.616147994995117,0.37295469641685486,-2.5371930599212646,0.051149015013152166,0.22616147994995117,24.927698135375977
run_1780052271_513c8b16,1780053453.04853,1.0,524.0,2.0,0.18207740783691406,0.0,-6.295163154602051,-19.943328857421875,-18.207740783691406,0.13394321501255035,-1.8695317506790161,0.033152182444609934,0.18207740783691406,24.927698135375977
run_1780052271_513c8b16,1780053455.0437753,1.0,524.0,2.0,0.18207740783691406,0.0,-6.295163154602051,-19.924970626831055,-18.207740783691406,-0.026031380519270897,-1.6911981105804443,0.033152182444609934,0.18207740783691406,24.927698135375977
run_1780052271_513c8b16,1780053457.042793,1.0,524.0,2.0,0.09392404556274414,0.0,-6.3943352699279785,-10.167963027954102,-9.392404556274414,-0.07197242975234985,-0.7035855650901794,0.008821726334872437,0.09392404556274414,24.927698135375977
run_1780052271_513c8b16,1780053459.0417929,1.0,524.0,2.0,0.09392404556274414,0.0,-6.3943352699279785,-10.136696815490723,-9.392404556274414,-0.1078212782740593,-0.6364708542823792,0.008821726334872437,0.09392404556274414,24.927698135375977
run_1780052271_513c8b16,1780053461.038206,1.0,524.0,2.0,0.005744457244873047,0.0,-6.493537425994873,-0.4437766969203949,-0.5744457244873047,-0.12010914832353592,0.2507781386375427,3.2998789038174436e-05,0.005744457244873047,24.927698135375977
run_1780052271_513c8b16,1780053463.0372086,1.0,524.0,2.0,-0.08241701126098633,0.0,-6.592719078063965,9.238569259643555,8.241701126098633,-0.06430713832378387,1.06117582321167,0.006792563745193547,0.08241701126098633,24.927698135375977
run_1780052271_513c8b16,1780053465.0492065,1.0,524.0,2.0,-0.170562744140625,0.0,-6.691883087158203,18.876665115356445,17.0562744140625,0.03421240299940109,1.7861777544021606,0.029091649688780308,0.170562744140625,24.927698135375977
run_1780052271_513c8b16,1780053467.0431893,1.0,524.0,2.0,-0.21464109420776367,0.0,-6.741471290588379,23.606449127197266,21.464109420776367,0.10940691828727722,2.0329322814941406,0.04607079932270608,0.21464109420776367,24.927698135375977
run_1780052271_513c8b16,1780053469.0402067,1.0,524.0,2.0,-0.3027677536010742,0.0,-6.84061336517334,33.15671157836914,30.276775360107422,0.2148730456829071,2.6650643348693848,0.09166831262064079,0.3027677536010742,24.927698135375977
run_1780052271_513c8b16,1780053471.0371895,1.0,524.0,2.0,-0.3468303680419922,0.0,-6.89018440246582,37.85139465332031,34.68303680419922,0.3405241072177887,2.827833414077759,0.12029130419614376,0.3468303680419922,24.927698135375977
run_1780052271_513c8b16,1780053473.034737,nan,nan,nan,-0.39092063903808594,nan,-6.939785957336426,nan,nan,nan,nan,nan,nan,24.927698135375977
