run_id,timestamp,kp,ki,kd,temp,temp_ref,temp_raw,temp_u,temp_u_p,temp_u_i,temp_u_d,sq_error,mae,start_temp
run_1777434949_a2c64bf7,1777435431.2852309,7.0,966.0,1.0,27.50731658935547,0.0,24.445730209350582,-100.0,-100.0,0.0,0.0348870754241943,756.6524659470306,27.50731658935547,27.50731658935547
run_1777434949_a2c64bf7,1777435433.486586,7.0,966.0,1.0,27.50731658935547,0.0,24.445730209350582,-100.0,-100.0,0.0,0.0315592139959335,756.6524659470306,27.50731658935547,27.50731658935547
run_1777434949_a2c64bf7,1777435435.4807184,7.0,966.0,1.0,27.50731658935547,0.0,24.445730209350582,-100.0,-100.0,0.0,0.0285487994551658,756.6524659470306,27.50731658935547,27.50731658935547
run_1777434949_a2c64bf7,1777435437.4907,7.0,966.0,1.0,27.462833404541016,0.0,24.395687103271484,-100.0,-100.0,0.0,0.055150456726551,754.2072186055739,27.462833404541016,27.50731658935547
run_1777434949_a2c64bf7,1777435439.4785764,7.0,966.0,1.0,27.462833404541016,0.0,24.395687103271484,-100.0,-100.0,0.0,0.04988968744874,754.2072186055739,27.462833404541016,27.50731658935547
run_1777434949_a2c64bf7,1777435441.476504,7.0,966.0,1.0,27.41831970214844,0.0,24.345609664916992,-100.0,-100.0,0.0,0.0744757950305938,751.7642552892212,27.41831970214844,27.50731658935547
run_1777434949_a2c64bf7,1777435443.485892,7.0,966.0,1.0,27.41831970214844,0.0,24.345609664916992,-100.0,-100.0,0.0,0.0673715695738792,751.7642552892212,27.41831970214844,27.50731658935547
run_1777434949_a2c64bf7,1777435445.4862015,7.0,966.0,1.0,27.329294204711918,0.0,24.24545669555664,-100.0,-100.0,0.0,0.1214542984962463,746.8903217277002,27.329294204711918,27.50731658935547
run_1777434949_a2c64bf7,1777435447.500671,7.0,966.0,1.0,27.329294204711918,0.0,24.24545669555664,-100.0,-100.0,0.0,0.1098688319325447,746.8903217277002,27.329294204711918,27.50731658935547
run_1777434949_a2c64bf7,1777435449.4809036,7.0,966.0,1.0,27.284839630126957,0.0,24.195446014404297,-100.0,-100.0,0.0,0.1305114179849624,744.4624736417463,27.284839630126957,27.50731658935547
run_1777434949_a2c64bf7,1777435451.4890392,7.0,966.0,1.0,27.284839630126957,0.0,24.195446014404297,-100.0,-100.0,0.0,0.1180620193481445,744.4624736417463,27.284839630126957,27.50731658935547
run_1777434949_a2c64bf7,1777435453.4755008,7.0,966.0,1.0,27.240333557128903,0.0,24.145374298095703,-100.0,-100.0,0.0,0.1361401230096817,742.0357723036432,27.240333557128903,27.50731658935547
run_1777434949_a2c64bf7,1777435455.49144,7.0,966.0,1.0,27.195850372314453,0.0,24.095333099365234,-100.0,-100.0,0.0,0.1536785364151001,739.6142774733162,27.195850372314453,27.50731658935547
run_1777434949_a2c64bf7,1777435457.4851785,7.0,966.0,1.0,27.151344299316406,0.0,24.045263290405277,-100.0,-100.0,0.0,0.1708092838525772,737.1954972600215,27.151344299316406,27.50731658935547
run_1777434949_a2c64bf7,1777435459.4880917,7.0,966.0,1.0,27.151344299316406,0.0,24.045263290405277,-100.0,-100.0,0.0,0.1545158624649047,737.1954972600215,27.151344299316406,27.50731658935547
run_1777434949_a2c64bf7,1777435461.486724,7.0,966.0,1.0,27.10686492919922,0.0,23.99522399902344,-100.0,-100.0,0.0,0.1690991371870041,734.7821262898506,27.10686492919922,27.50731658935547
run_1777434949_a2c64bf7,1777435463.482868,7.0,966.0,1.0,27.06238555908203,0.0,23.94518280029297,-100.0,-100.0,0.0,0.1834910362958908,732.3727121484117,27.06238555908203,27.50731658935547
run_1777434949_a2c64bf7,1777435465.4906166,7.0,966.0,1.0,27.01790809631348,0.0,23.8951473236084,-100.0,-100.0,0.0,0.1977574825286865,729.9673579008413,27.01790809631348,27.50731658935547
run_1777434949_a2c64bf7,1777435467.476064,7.0,966.0,1.0,26.97340202331543,0.0,23.84507751464844,-100.0,-100.0,0.0,0.2094339579343795,727.5644167113969,26.97340202331543,27.50731658935547
run_1777434949_a2c64bf7,1777435469.4901376,7.0,966.0,1.0,26.97340202331543,0.0,23.84507751464844,-100.0,-100.0,0.0,0.1919061839580536,727.5644167113969,26.97340202331543,27.50731658935547
run_1777434949_a2c64bf7,1777435471.4806528,7.0,966.0,1.0,26.928926467895508,0.0,23.795042037963867,-100.0,-100.0,0.0,0.204119861125946,725.1670807133232,26.928926467895508,27.50731658935547
run_1777434949_a2c64bf7,1777435473.4845097,7.0,966.0,1.0,26.928926467895508,0.0,23.795042037963867,-100.0,-100.0,0.0,0.1846489757299423,725.1670807133232,26.928926467895508,27.50731658935547
run_1777434949_a2c64bf7,1777435475.4861116,7.0,966.0,1.0,26.884422302246094,0.0,23.74497413635254,-100.0,-100.0,0.0,0.197574570775032,722.7721625255072,26.884422302246094,27.50731658935547
run_1777434949_a2c64bf7,1777435477.4871454,7.0,966.0,1.0,26.839948654174805,0.0,23.694942474365234,-100.0,-100.0,0.0,0.2104949206113815,720.3828437587399,26.839948654174805,27.50731658935547
run_1777434949_a2c64bf7,1777435479.489814,7.0,966.0,1.0,26.839948654174805,0.0,23.694942474365234,-100.0,-100.0,0.0,0.1904159486293792,720.3828437587399,26.839948654174805,27.50731658935547
run_1777434949_a2c64bf7,1777435481.4913082,7.0,966.0,1.0,26.79547119140625,0.0,23.64490509033203,-100.0,-100.0,0.0,0.2015734016895294,717.9972763694823,26.79547119140625,27.50731658935547
run_1777434949_a2c64bf7,1777435483.476838,7.0,966.0,1.0,26.75096893310547,0.0,23.594839096069336,-100.0,-100.0,0.0,0.2128832787275314,715.6143388599739,26.75096893310547,27.50731658935547
run_1777434949_a2c64bf7,1777435485.4971457,7.0,966.0,1.0,26.70649528503418,0.0,23.54480743408203,-100.0,-100.0,0.0,0.2243433147668838,713.2368904095529,26.70649528503418,27.50731658935547
run_1777434949_a2c64bf7,1777435487.4845352,7.0,966.0,1.0,26.70649528503418,0.0,23.54480743408203,-100.0,-100.0,0.0,0.2029433399438858,713.2368904095529,26.70649528503418,27.50731658935547
run_1777434949_a2c64bf7,1777435489.484485,7.0,966.0,1.0,26.66199493408203,0.0,23.49474334716797,-100.0,-100.0,0.0,0.2135150581598281,710.8619738650159,26.66199493408203,27.50731658935547
run_1777434949_a2c64bf7,1777435491.4842951,7.0,966.0,1.0,26.66199493408203,0.0,23.49474334716797,-100.0,-100.0,0.0,0.1931480169296264,710.8619738650159,26.66199493408203,27.50731658935547
run_1777434949_a2c64bf7,1777435493.4839218,7.0,966.0,1.0,26.61752319335937,0.0,23.444713592529297,-100.0,-100.0,0.0,0.2046349048614502,708.4925409490243,26.61752319335937,27.50731658935547
run_1777434949_a2c64bf7,1777435495.4773204,7.0,966.0,1.0,26.57305145263672,0.0,23.394681930541992,-100.0,-100.0,0.0,0.2156317979097366,706.1270635044784,26.57305145263672,27.50731658935547
run_1777434949_a2c64bf7,1777435497.50114,7.0,966.0,1.0,26.528583526611328,0.0,23.344655990600582,-100.0,-100.0,0.0,0.226825550198555,703.7657439283939,26.528583526611328,27.50731658935547
run_1777434949_a2c64bf7,1777435499.4919531,7.0,966.0,1.0,26.57305145263672,0.0,23.394681930541992,-100.0,-100.0,0.0,0.1746745109558105,706.1270635044784,26.57305145263672,27.50731658935547
run_1777434949_a2c64bf7,1777435501.49027,7.0,966.0,1.0,26.528583526611328,0.0,23.344655990600582,-100.0,-100.0,0.0,0.1879209131002426,703.7657439283939,26.528583526611328,27.50731658935547
run_1777434949_a2c64bf7,1777435503.487258,7.0,966.0,1.0,26.48408317565918,0.0,23.29459381103516,-100.0,-100.0,0.0,0.2005317956209182,701.4066616552336,26.48408317565918,27.50731658935547
run_1777434949_a2c64bf7,1777435505.482172,7.0,966.0,1.0,26.439584732055664,0.0,23.24453353881836,-100.0,-100.0,0.0,0.2131877243518829,699.051640803551,26.439584732055664,27.50731658935547
run_1777434949_a2c64bf7,1777435507.4850175,7.0,966.0,1.0,26.439584732055664,0.0,23.24453353881836,-100.0,-100.0,0.0,0.1928518563508987,699.051640803551,26.439584732055664,27.50731658935547
run_1777434949_a2c64bf7,1777435509.5006175,7.0,966.0,1.0,26.395118713378903,0.0,23.194509506225582,-100.0,-100.0,0.0,0.2043631225824356,696.7022918933653,26.395118713378903,27.50731658935547
run_1777434949_a2c64bf7,1777435511.488618,7.0,966.0,1.0,26.350648880004883,0.0,23.144479751586918,-100.0,-100.0,0.0,0.2160026729106903,694.3566963973026,26.350648880004883,27.50731658935547
run_1777434949_a2c64bf7,1777435513.48265,7.0,966.0,1.0,26.350648880004883,0.0,23.144479751586918,-100.0,-100.0,0.0,0.1953982561826706,694.3566963973026,26.350648880004883,27.50731658935547
run_1777434949_a2c64bf7,1777435515.4921253,7.0,966.0,1.0,26.350648880004883,0.0,23.144479751586918,-100.0,-100.0,0.0,0.1767593175172805,694.3566963973026,26.350648880004883,27.50731658935547
run_1777434949_a2c64bf7,1777435517.4830563,7.0,966.0,1.0,26.306182861328125,0.0,23.09445571899414,-100.0,-100.0,0.0,0.1898056417703628,692.0152567336336,26.306182861328125,27.50731658935547
run_1777434949_a2c64bf7,1777435519.4846702,7.0,966.0,1.0,26.306182861328125,0.0,23.09445571899414,-100.0,-100.0,0.0,0.1717002093791961,692.0152567336336,26.306182861328125,27.50731658935547
run_1777434949_a2c64bf7,1777435521.4949942,7.0,966.0,1.0,26.26171493530273,0.0,23.04442977905273,-100.0,-100.0,0.0,0.1852303445339203,689.6776713431027,26.26171493530273,27.50731658935547
run_1777434949_a2c64bf7,1777435523.4835956,7.0,966.0,1.0,26.26171493530273,0.0,23.04442977905273,-100.0,-100.0,0.0,0.1675612926483154,689.6776713431027,26.26171493530273,27.50731658935547
run_1777434949_a2c64bf7,1777435525.520134,7.0,966.0,1.0,26.21722412109375,0.0,22.99437713623047,-100.0,-100.0,0.0,0.1815016716718673,687.34284061566,26.21722412109375,27.50731658935547
run_1777434949_a2c64bf7,1777435527.476292,7.0,966.0,1.0,26.1727294921875,0.0,22.944320678710938,-100.0,-100.0,0.0,0.1953392773866653,685.0117690712214,26.1727294921875,27.50731658935547
run_1777434949_a2c64bf7,1777435529.4889948,7.0,966.0,1.0,26.1727294921875,0.0,22.944320678710938,-100.0,-100.0,0.0,0.1767059862613678,685.0117690712214,26.1727294921875,27.50731658935547
run_1777434949_a2c64bf7,1777435531.490455,7.0,966.0,1.0,26.128292083740234,0.0,22.89432907104492,-100.0,-100.0,0.0,0.190961018204689,682.6876472132426,26.128292083740234,27.50731658935547
run_1777434949_a2c64bf7,1777435533.486786,7.0,966.0,1.0,26.128292083740234,0.0,22.89432907104492,-100.0,-100.0,0.0,0.1727453917264938,682.6876472132426,26.128292083740234,27.50731658935547
run_1777434949_a2c64bf7,1777435535.493034,7.0,966.0,1.0,26.083799362182617,0.0,22.844274520874023,-100.0,-100.0,0.0,0.1874169111251831,680.3645891665983,26.083799362182617,27.50731658935547
run_1777434949_a2c64bf7,1777435537.4906456,7.0,966.0,1.0,26.083799362182617,0.0,22.844274520874023,-100.0,-100.0,0.0,0.1695393025875091,680.3645891665983,26.083799362182617,27.50731658935547
run_1777434949_a2c64bf7,1777435539.4807918,7.0,966.0,1.0,26.03933906555176,0.0,22.79425621032715,-100.0,-100.0,0.0,0.1826768815517425,678.0471789707699,26.03933906555176,27.50731658935547
run_1777434949_a2c64bf7,1777435541.4868157,7.0,966.0,1.0,25.994848251342773,0.0,22.744203567504883,-100.0,-100.0,0.0,0.1951753795146942,675.7321356103384,25.994848251342773,27.50731658935547
run_1777434949_a2c64bf7,1777435543.476653,7.0,966.0,1.0,25.994848251342773,0.0,22.744203567504883,-100.0,-100.0,0.0,0.1765577346086502,675.7321356103384,25.994848251342773,27.50731658935547
run_1777434949_a2c64bf7,1777435545.4897137,7.0,966.0,1.0,25.95035552978516,0.0,22.694150924682617,-100.0,-100.0,0.0,0.1896412223577499,673.420952122251,25.95035552978516,27.50731658935547
run_1777434949_a2c64bf7,1777435547.4884794,7.0,966.0,1.0,25.90592193603516,0.0,22.644163131713867,-100.0,-100.0,0.0,0.2026596963405609,671.1167913559475,25.90592193603516,27.50731658935547
run_1777434949_a2c64bf7,1777435549.4886878,7.0,966.0,1.0,25.90592193603516,0.0,22.644163131713867,-100.0,-100.0,0.0,0.1833281517028808,671.1167913559475,25.90592193603516,27.50731658935547
run_1777434949_a2c64bf7,1777435551.5359454,7.0,966.0,1.0,25.81697654724121,0.0,22.544097900390625,-100.0,-100.0,0.0,0.2262935042381286,666.5162780408027,25.81697654724121,27.50731658935547
run_1777434949_a2c64bf7,1777435553.485723,7.0,966.0,1.0,25.81697654724121,0.0,22.544097900390625,-100.0,-100.0,0.0,0.2047075033187866,666.5162780408027,25.81697654724121,27.50731658935547
run_1777434949_a2c64bf7,1777435555.4831555,7.0,966.0,1.0,25.728031158447266,0.0,22.444034576416016,-100.0,-100.0,0.0,0.2456334680318832,661.9315872900333,25.728031158447266,27.50731658935547
run_1777434949_a2c64bf7,1777435557.488479,7.0,966.0,1.0,25.683574676513672,0.0,22.39402198791504,-100.0,-100.0,0.0,0.2521035373210907,659.6460081640544,25.683574676513672,27.50731658935547
run_1777434949_a2c64bf7,1777435559.4846702,7.0,966.0,1.0,25.59463119506836,0.0,22.293960571289062,-100.0,-100.0,0.0,0.2885071337223053,655.0851460115664,25.59463119506836,27.50731658935547
run_1777434949_a2c64bf7,1777435561.479782,7.0,966.0,1.0,25.55017852783203,0.0,22.24394989013672,-100.0,-100.0,0.0,0.2908848822116852,652.811622804089,25.55017852783203,27.50731658935547
run_1777434949_a2c64bf7,1777435563.4784286,7.0,966.0,1.0,25.461238861083984,0.0,22.143892288208008,-100.0,-100.0,0.0,0.3235854506492615,648.2746843411733,25.461238861083984,27.50731658935547
run_1777434949_a2c64bf7,1777435565.4988556,7.0,966.0,1.0,25.416786193847656,0.0,22.093883514404297,-100.0,-100.0,0.0,0.3232226371765136,646.0130204237648,25.416786193847656,27.50731658935547
run_1777434949_a2c64bf7,1777435567.4767542,7.0,966.0,1.0,25.283370971679688,0.0,21.94379234313965,-100.0,-100.0,0.0,0.3839774429798126,639.2488476915751,25.283370971679688,27.50731658935547
run_1777434949_a2c64bf7,1777435569.4857187,7.0,966.0,1.0,25.238922119140625,0.0,21.893787384033203,-100.0,-100.0,0.0,0.377851277589798,637.0031897360459,25.238922119140625,27.50731658935547
run_1777434949_a2c64bf7,1777435571.494405,7.0,966.0,1.0,25.150020599365234,0.0,21.793773651123047,-100.0,-100.0,0.0,0.4022320210933685,632.5235361484956,25.150020599365234,27.50731658935547
run_1777434949_a2c64bf7,1777435573.485559,7.0,966.0,1.0,25.06106758117676,0.0,21.693700790405277,-100.0,-100.0,0.0,0.4249036908149719,628.0571083083087,25.06106758117676,27.50731658935547
run_1777434949_a2c64bf7,1777435575.4872787,7.0,966.0,1.0,24.927698135375977,0.0,21.54366111755371,-100.0,-100.0,0.0,0.4759274423122406,621.3901343284269,24.927698135375977,27.50731658935547
run_1777434949_a2c64bf7,1777435577.4746995,7.0,966.0,1.0,24.883251190185547,0.0,21.4936580657959,-100.0,-100.0,0.0,0.4610289931297302,619.1761897938704,24.883251190185547,27.50731658935547
run_1777434949_a2c64bf7,1777435579.4909492,7.0,966.0,1.0,24.74992179870605,0.0,21.34366226196289,-100.0,-100.0,0.0,0.5085800886154175,612.5586290420651,24.74992179870605,27.50731658935547
run_1777434949_a2c64bf7,1777435581.4868402,7.0,966.0,1.0,24.70544815063477,0.0,21.293630599975582,-100.0,-100.0,0.0,0.490585058927536,610.3591683237028,24.70544815063477,27.50731658935547
run_1777434949_a2c64bf7,1777435583.4880378,7.0,966.0,1.0,24.527645111083984,0.0,21.093599319458008,-100.0,-100.0,0.0,0.5646356344223022,601.6053746952821,24.527645111083984,27.50731658935547
run_1777434949_a2c64bf7,1777435585.4835956,7.0,966.0,1.0,24.438722610473636,0.0,20.993562698364254,-100.0,-100.0,0.0,0.5717947483062744,597.2511628316752,24.438722610473636,27.50731658935547
run_1777434949_a2c64bf7,1777435587.4861598,7.0,966.0,1.0,24.305397033691406,0.0,20.84357070922852,-100.0,-100.0,0.0,0.6087775826454163,590.752324965375,24.305397033691406,27.50731658935547
run_1777434949_a2c64bf7,1777435589.4896,7.0,966.0,1.0,24.216514587402344,0.0,20.74357795715332,-100.0,-100.0,0.0,0.6116985082626343,586.4395787618705,24.216514587402344,27.50731658935547
run_1777434949_a2c64bf7,1777435591.4768572,7.0,966.0,1.0,24.08316802978516,0.0,20.593564987182617,-100.0,-100.0,0.0,0.643702507019043,579.9989823508658,24.08316802978516,27.50731658935547
run_1777434949_a2c64bf7,1777435593.4759722,7.0,966.0,1.0,23.994287490844727,0.0,20.49357414245605,-100.0,-100.0,0.0,0.6432908177375793,575.7258321933077,23.994287490844727,27.50731658935547
run_1777434949_a2c64bf7,1777435595.4759762,7.0,966.0,1.0,23.86095428466797,0.0,20.34357261657715,-100.0,-100.0,0.0,0.6747198104858398,569.3451393750147,23.86095428466797,27.50731658935547
run_1777434949_a2c64bf7,1777435597.4804864,7.0,966.0,1.0,23.772083282470703,0.0,20.243593215942383,-100.0,-100.0,0.0,0.6713425517082214,565.1119435887231,23.772083282470703,27.50731658935547
run_1777434949_a2c64bf7,1777435599.4896247,7.0,966.0,1.0,23.59433364868164,0.0,20.043624877929688,-100.0,-100.0,0.0,0.7293748259544373,556.6925803253107,23.59433364868164,27.50731658935547
run_1777434949_a2c64bf7,1777435601.4815276,7.0,966.0,1.0,23.505470275878903,0.0,19.943653106689453,-100.0,-100.0,0.0,0.7207790613174438,552.5071328902268,23.505470275878903,27.50731658935547
run_1777434949_a2c64bf7,1777435603.4759512,7.0,966.0,1.0,23.37218475341797,0.0,19.79370880126953,-100.0,-100.0,0.0,0.7423362731933594,546.2590201479034,23.37218475341797,27.50731658935547
run_1777434949_a2c64bf7,1777435605.4919786,7.0,966.0,1.0,23.23885154724121,0.0,19.643707275390625,-100.0,-100.0,0.0,0.7630198001861572,540.0442212347152,23.23885154724121,27.50731658935547
run_1777434949_a2c64bf7,1777435607.4825203,7.0,966.0,1.0,23.061176300048828,0.0,19.443824768066406,-100.0,-100.0,0.0,0.812255322933197,531.8178523419338,23.061176300048828,27.50731658935547
run_1777434949_a2c64bf7,1777435609.474708,7.0,966.0,1.0,22.97231674194336,0.0,19.34385681152344,-100.0,-100.0,0.0,0.7957507967948914,527.7273364921712,22.97231674194336,27.50731658935547
run_1777434949_a2c64bf7,1777435611.486971,7.0,966.0,1.0,22.79459953308105,0.0,19.14392471313477,-100.0,-100.0,0.0,0.8418946266174316,519.593767873539,22.79459953308105,27.50731658935547
run_1777434949_a2c64bf7,1777435613.4888084,7.0,966.0,1.0,22.705760955810547,0.0,19.043981552124023,-100.0,-100.0,0.0,0.8225485682487488,515.5515805824107,22.705760955810547,27.50731658935547
run_1777434949_a2c64bf7,1777435615.488869,7.0,966.0,1.0,22.528078079223636,0.0,18.844087600708008,-100.0,-100.0,0.0,0.8661116361618042,507.5143019435964,22.528078079223636,27.50731658935547
run_1777434949_a2c64bf7,1777435617.4822693,7.0,966.0,1.0,22.39484024047852,0.0,18.69419479370117,-100.0,-100.0,0.0,0.8749228119850159,501.5288693965558,22.39484024047852,27.50731658935547
run_1777434949_a2c64bf7,1777435619.4868505,7.0,966.0,1.0,22.217159271240234,0.0,18.49430274963379,-100.0,-100.0,0.0,0.9146739840507508,493.6021660836559,22.217159271240234,27.50731658935547
run_1777434949_a2c64bf7,1777435621.4776733,7.0,966.0,1.0,22.083904266357425,0.0,18.344392776489254,-100.0,-100.0,0.0,0.9188644886016846,487.69882764563954,22.083904266357425,27.50731658935547
run_1777434949_a2c64bf7,1777435623.476441,7.0,966.0,1.0,21.90630340576172,0.0,18.144590377807617,-100.0,-100.0,0.0,0.9543685913085938,479.8861289052875,21.90630340576172,27.50731658935547
run_1777434949_a2c64bf7,1777435625.483173,7.0,966.0,1.0,21.817445755004883,0.0,18.044626235961918,-100.0,-100.0,0.0,0.9243067502975464,476.0009392725806,21.817445755004883,27.50731658935547
run_1777434949_a2c64bf7,1777435627.4743342,7.0,966.0,1.0,21.59540557861328,0.0,17.794830322265625,-100.0,-100.0,0.0,0.9910343885421752,466.3615421048016,21.59540557861328,27.50731658935547
run_1777434949_a2c64bf7,1777435629.4872909,7.0,966.0,1.0,21.5066032409668,0.0,17.694929122924805,-100.0,-100.0,0.0,0.9574372172355652,462.53398296436353,21.5066032409668,27.50731658935547
run_1777434949_a2c64bf7,1777435631.4753058,7.0,966.0,1.0,21.329004287719727,0.0,17.49513053894043,-100.0,-100.0,0.0,0.9892610907554626,454.9264239055665,21.329004287719727,27.50731658935547
run_1777434949_a2c64bf7,1777435633.4825928,7.0,966.0,1.0,21.240196228027344,0.0,17.395221710205078,-100.0,-100.0,0.0,0.9558369517326356,451.145935805107,21.240196228027344,27.50731658935547
run_1777434949_a2c64bf7,1777435635.4775467,7.0,966.0,1.0,21.018199920654297,0.0,17.145475387573242,-100.0,-100.0,0.0,1.0195266008377075,441.7647279045923,21.018199920654297,27.50731658935547
run_1777434949_a2c64bf7,1777435637.4877295,7.0,966.0,1.0,20.929414749145508,0.0,17.045591354370117,-100.0,-100.0,0.0,0.9831998348236084,438.0404017417495,20.929414749145508,27.50731658935547
run_1777434949_a2c64bf7,1777435639.4753723,7.0,966.0,1.0,20.707443237304688,0.0,16.795873641967773,-100.0,-100.0,0.0,1.044261813163757,428.7982054261957,20.707443237304688,27.50731658935547
run_1777434949_a2c64bf7,1777435641.4820602,7.0,966.0,1.0,20.618696212768555,0.0,16.696033477783203,-100.0,-100.0,0.0,1.0055493116378784,425.13063351443634,20.618696212768555,27.50731658935547
run_1777434949_a2c64bf7,1777435643.487663,7.0,966.0,1.0,20.441104888916016,0.0,16.496244430541992,-100.0,-100.0,0.0,1.0327789783477783,417.83876907966624,20.441104888916016,27.50731658935547
run_1777434949_a2c64bf7,1777435645.4829066,7.0,966.0,1.0,20.35234260559082,0.0,16.396385192871094,-100.0,-100.0,0.0,0.9964060187339784,414.21784953534734,20.35234260559082,27.50731658935547
run_1777434949_a2c64bf7,1777435647.4926856,7.0,966.0,1.0,20.13041305541992,0.0,16.146713256835938,-100.0,-100.0,0.0,1.0543276071548462,405.2335297818208,20.13041305541992,27.50731658935547
run_1777434949_a2c64bf7,1777435649.4787252,7.0,966.0,1.0,20.04165267944336,0.0,16.046859741210938,-100.0,-100.0,0.0,1.015897512435913,401.6678421234392,20.04165267944336,27.50731658935547
run_1777434949_a2c64bf7,1777435651.4754026,7.0,966.0,1.0,19.819747924804688,0.0,15.797216415405272,-100.0,-100.0,0.0,1.0719428062438965,392.8224078027997,19.819747924804688,27.50731658935547
run_1777434949_a2c64bf7,1777435653.4736989,7.0,966.0,1.0,19.73098564147949,0.0,15.697358131408691,-100.0,-100.0,0.0,1.0318337678909302,389.3117943842699,19.73098564147949,27.50731658935547
run_1777434949_a2c64bf7,1777435655.480815,7.0,966.0,1.0,19.50910377502441,0.0,15.447741508483888,-100.0,-100.0,0.0,1.0863434076309204,380.60513010467184,19.50910377502441,27.50731658935547
run_1777434949_a2c64bf7,1777435657.4730153,7.0,966.0,1.0,19.37600326538086,0.0,15.298004150390623,-100.0,-100.0,0.0,1.075902223587036,375.4295025400497,19.37600326538086,27.50731658935547
run_1777434949_a2c64bf7,1777435659.4869094,7.0,966.0,1.0,19.198535919189453,0.0,15.098352432250977,-100.0,-100.0,0.0,1.09633469581604,368.5837814404076,19.198535919189453,27.50731658935547
run_1777434949_a2c64bf7,1777435661.4876142,7.0,966.0,1.0,19.10977554321289,0.0,14.998497009277344,-100.0,-100.0,0.0,1.0538976192474363,365.18352131197753,19.10977554321289,27.50731658935547
run_1777434949_a2c64bf7,1777435663.4814198,7.0,966.0,1.0,18.887969970703125,0.0,14.748967170715332,-100.0,-100.0,0.0,1.1062499284744265,356.755409614183,18.887969970703125,27.50731658935547
run_1777434949_a2c64bf7,1777435665.4714713,7.0,966.0,1.0,18.754871368408203,0.0,14.599228858947754,-100.0,-100.0,0.0,1.0939085483551023,351.7452000455378,18.754871368408203,27.50731658935547
run_1777434949_a2c64bf7,1777435667.476195,7.0,966.0,1.0,18.53306198120117,0.0,14.349695205688477,-100.0,-100.0,0.0,1.1442956924438477,343.4743863990443,18.53306198120117,27.50731658935547
run_1777434949_a2c64bf7,1777435669.478408,7.0,966.0,1.0,18.444351196289062,0.0,14.249896049499512,-100.0,-100.0,0.0,1.0972487926483154,340.19409105204977,18.444351196289062,27.50731658935547
run_1777434949_a2c64bf7,1777435671.4792042,7.0,966.0,1.0,18.31130027770996,0.0,14.100213050842283,-100.0,-100.0,0.0,1.08207106590271,335.3037178604609,18.31130027770996,27.50731658935547
run_1777434949_a2c64bf7,1777435673.4896102,7.0,966.0,1.0,18.089496612548828,0.0,13.85068416595459,-100.0,-100.0,0.0,1.1305125951766968,327.2298876954155,18.089496612548828,27.50731658935547
run_1777434949_a2c64bf7,1777435675.4845665,7.0,966.0,1.0,18.000816345214844,0.0,13.750919342041016,-100.0,-100.0,0.0,1.082318663597107,324.0293890941539,18.000816345214844,27.50731658935547
run_1777434949_a2c64bf7,1777435677.4739473,7.0,966.0,1.0,17.779064178466797,0.0,13.50144863128662,-100.0,-100.0,0.0,1.128889560699463,316.09512306204124,17.779064178466797,27.50731658935547
run_1777434949_a2c64bf7,1777435679.4858277,7.0,966.0,1.0,17.690380096435547,0.0,13.401676177978516,-100.0,-100.0,0.0,1.0808532238006592,312.9495479563629,17.690380096435547,27.50731658935547
run_1777434949_a2c64bf7,1777435681.4831066,7.0,966.0,1.0,17.468652725219727,0.0,13.15223503112793,-100.0,-100.0,0.0,1.1275464296340942,305.1538280343266,17.468652725219727,27.50731658935547
run_1777434949_a2c64bf7,1777435683.4879687,7.0,966.0,1.0,17.379974365234375,0.0,13.052472114562988,-100.0,-100.0,0.0,1.0796343088150024,302.063508936204,17.379974365234375,27.50731658935547
run_1777434949_a2c64bf7,1777435685.475233,7.0,966.0,1.0,17.15827178955078,0.0,12.803055763244627,-100.0,-100.0,0.0,1.1264268159866333,294.40629080409417,17.15827178955078,27.50731658935547
run_1777434949_a2c64bf7,1777435687.485495,7.0,966.0,1.0,17.069589614868164,0.0,12.703289031982422,-100.0,-100.0,0.0,1.0786240100860596,291.3708896200151,17.069589614868164,27.50731658935547
run_1777434949_a2c64bf7,1777435689.495321,7.0,966.0,1.0,16.847909927368164,0.0,12.453899383544922,-100.0,-100.0,0.0,1.1254980564117432,283.85206892071074,16.847909927368164,27.50731658935547
run_1777434949_a2c64bf7,1777435691.48306,7.0,966.0,1.0,16.71493148803711,0.0,12.304298400878906,-100.0,-100.0,0.0,1.1075769662857056,279.38893464977446,16.71493148803711,27.50731658935547
run_1777434949_a2c64bf7,1777435693.4784136,7.0,966.0,1.0,16.537626266479492,0.0,12.104829788208008,-100.0,-100.0,0.0,1.1224353313446045,273.4930825297524,16.537626266479492,27.50731658935547
run_1777434949_a2c64bf7,1777435695.4811535,7.0,966.0,1.0,16.44894790649414,0.0,12.005064964294434,-100.0,-100.0,0.0,1.075010895729065,270.567887230558,16.44894790649414,27.50731658935547
run_1777434949_a2c64bf7,1777435697.481697,7.0,966.0,1.0,16.22731590270996,0.0,11.755729675292969,-100.0,-100.0,0.0,1.122196912765503,263.3257814063436,16.22731590270996,27.50731658935547
run_1777434949_a2c64bf7,1777435700.5185206,7.0,966.0,1.0,15.91706657409668,0.0,11.406699180603027,-100.0,-100.0,0.0,1.1230568885803225,253.3530083242258,15.91706657409668,27.50731658935547
run_1777434949_a2c64bf7,1777435703.4853208,7.0,966.0,1.0,15.828421592712402,0.0,11.306974411010742,-100.0,-100.0,0.0,1.0767581462860107,250.53893011664425,15.828421592712402,27.50731658935547
run_1777434949_a2c64bf7,1777435705.4768095,7.0,966.0,1.0,15.606865882873535,0.0,11.057723999023438,-100.0,-100.0,0.0,1.12372624874115,243.57426268600196,15.606865882873535,27.50731658935547
run_1777434949_a2c64bf7,1777435707.4874256,7.0,966.0,1.0,15.473915100097656,0.0,10.908154487609863,-100.0,-100.0,0.0,1.1077666282653809,239.44204852503023,15.473915100097656,27.50731658935547
run_1777434949_a2c64bf7,1777435709.485688,7.0,966.0,1.0,15.296683311462402,0.0,10.708768844604492,-100.0,-100.0,0.0,1.1225566864013672,233.9885203311724,15.296683311462402,27.50731658935547
run_1777434949_a2c64bf7,1777435711.4727852,7.0,966.0,1.0,15.208072662353516,0.0,10.609081268310549,-100.0,-100.0,0.0,1.076282024383545,231.28547410342435,15.208072662353516,27.50731658935547
run_1777434949_a2c64bf7,1777435713.4729898,7.0,966.0,1.0,14.98652172088623,0.0,10.35983657836914,-100.0,-100.0,0.0,1.123292326927185,224.5958332905948,14.98652172088623,27.50731658935547
run_1777434949_a2c64bf7,1777435715.5056891,7.0,966.0,1.0,14.89791774749756,0.0,10.260157585144045,-100.0,-100.0,0.0,1.0769429206848145,221.94795321120276,14.89791774749756,27.50731658935547
run_1777434949_a2c64bf7,1777435717.4748485,7.0,966.0,1.0,14.676403999328612,0.0,10.01095485687256,-100.0,-100.0,0.0,1.1238646507263184,215.3968343515089,14.676403999328612,27.50731658935547
run_1777434949_a2c64bf7,1777435719.4824188,7.0,966.0,1.0,14.587810516357422,0.0,9.911287307739258,-100.0,-100.0,0.0,1.0774534940719604,212.8042156611482,14.587810516357422,27.50731658935547
run_1777434949_a2c64bf7,1777435721.4836705,7.0,966.0,1.0,14.36634922027588,0.0,9.662142753601074,-100.0,-100.0,0.0,1.1261017322540283,206.39198991892133,14.36634922027588,27.50731658935547
run_1777434949_a2c64bf7,1777435723.4882305,7.0,966.0,1.0,14.277765274047852,0.0,9.56248664855957,-100.0,-100.0,0.0,1.0794707536697388,203.85458122080672,14.277765274047852,27.50731658935547
run_1777434949_a2c64bf7,1777435725.4843163,7.0,966.0,1.0,14.056269645690918,0.0,9.313302993774414,-100.0,-100.0,0.0,1.129833102226257,197.57871635237188,14.056269645690918,27.50731658935547
run_1777434949_a2c64bf7,1777435727.4767852,7.0,966.0,1.0,13.967681884765623,0.0,9.213642120361328,-100.0,-100.0,0.0,1.0828489065170288,195.0961372340098,13.967681884765623,27.50731658935547
run_1777434949_a2c64bf7,1777435729.4765284,7.0,966.0,1.0,13.74626636505127,0.0,8.964550018310547,-100.0,-100.0,0.0,1.1328343152999878,188.95983897893984,13.74626636505127,27.50731658935547
run_1777434949_a2c64bf7,1777435731.4784515,7.0,966.0,1.0,13.657672882080078,0.0,8.864882469177246,-100.0,-100.0,0.0,1.0855677127838137,186.53202855390555,13.657672882080078,27.50731658935547
run_1777434949_a2c64bf7,1777435733.4748487,7.0,966.0,1.0,13.436283111572266,0.0,8.61581802368164,-100.0,-100.0,0.0,1.1352763175964355,180.53370385432208,13.436283111572266,27.50731658935547
run_1777434949_a2c64bf7,1777435735.476476,7.0,966.0,1.0,13.347726821899414,0.0,8.516192436218262,-100.0,-100.0,0.0,1.0877511501312256,178.16181131205303,13.347726821899414,27.50731658935547
run_1777434949_a2c64bf7,1777435737.4900212,7.0,966.0,1.0,13.126331329345703,0.0,8.267122268676758,-100.0,-100.0,0.0,1.1372554302215576,172.30057416776253,13.126331329345703,27.50731658935547
run_1777434949_a2c64bf7,1777435739.4992182,7.0,966.0,1.0,13.037742614746094,0.0,8.167460441589355,-100.0,-100.0,0.0,1.0895636081695557,169.9827324883663,13.037742614746094,27.50731658935547
run_1777434949_a2c64bf7,1777435741.471807,7.0,966.0,1.0,12.816398620605469,0.0,7.918447971343994,-100.0,-100.0,0.0,1.1364232301712036,164.26007360225776,12.816398620605469,27.50731658935547
run_1777434949_a2c64bf7,1777435743.4891546,7.0,966.0,1.0,12.727863311767578,0.0,7.818845272064209,-100.0,-100.0,0.0,1.0887740850448608,161.99850448303914,12.727863311767578,27.50731658935547
run_1777434949_a2c64bf7,1777435745.485782,7.0,966.0,1.0,12.506511688232422,0.0,7.569826126098633,-100.0,-100.0,0.0,1.1357131004333496,156.41283460789418,12.506511688232422,27.50731658935547
run_1777434949_a2c64bf7,1777435747.4886773,7.0,966.0,1.0,12.417984008789062,0.0,7.470232963562012,-100.0,-100.0,0.0,1.0881264209747314,154.20632684254088,12.417984008789062,27.50731658935547
run_1777434949_a2c64bf7,1777435749.4815164,7.0,966.0,1.0,12.240926742553713,0.0,7.271042346954346,-100.0,-100.0,0.0,1.1059260368347168,149.8402875165666,12.240926742553713,27.50731658935547
run_1777434949_a2c64bf7,1777435751.4757874,7.0,966.0,1.0,12.10812759399414,0.0,7.121643543243408,-100.0,-100.0,0.0,1.0915604829788208,146.60675383244234,12.10812759399414,27.50731658935547
run_1777434949_a2c64bf7,1777435753.4750905,7.0,966.0,1.0,11.931102752685549,0.0,6.922489643096924,-100.0,-100.0,0.0,1.1101925373077393,142.35121289514063,11.931102752685549,27.50731658935547
run_1777434949_a2c64bf7,1777435755.486863,7.0,966.0,1.0,11.84256362915039,0.0,6.8228840827941895,-100.0,-100.0,0.0,1.0650479793548584,140.24631331047567,11.84256362915039,27.50731658935547
run_1777434949_a2c64bf7,1777435757.478154,7.0,966.0,1.0,11.621309280395508,0.0,6.573972702026367,-100.0,-100.0,0.0,1.117802619934082,135.05482939060676,11.621309280395508,27.50731658935547
run_1777434949_a2c64bf7,1777435759.5013044,7.0,966.0,1.0,11.532794952392578,0.0,6.474394798278809,-100.0,-100.0,0.0,1.0719152688980105,133.00535941393173,11.532794952392578,27.50731658935547
run_1777434949_a2c64bf7,1777435761.4966888,7.0,966.0,1.0,11.355775833129885,0.0,6.275247097015381,-100.0,-100.0,0.0,1.0924179553985596,128.95364477229668,11.355775833129885,27.50731658935547
run_1777434949_a2c64bf7,1777435763.486138,7.0,966.0,1.0,11.267282485961914,0.0,6.175693511962891,-100.0,-100.0,0.0,1.0489376783370972,126.95165461846408,11.267282485961914,27.50731658935547
run_1777434949_a2c64bf7,1777435765.473534,7.0,966.0,1.0,11.046072959899902,0.0,5.92683219909668,-100.0,-100.0,0.0,1.101352572441101,122.0157278354318,11.046072959899902,27.50731658935547
run_1777434949_a2c64bf7,1777435767.483204,7.0,966.0,1.0,10.957576751708984,0.0,5.827274322509766,-100.0,-100.0,0.0,1.057021975517273,120.06848826959322,10.957576751708984,27.50731658935547
run_1777434949_a2c64bf7,1777435769.476677,7.0,966.0,1.0,10.780590057373049,0.0,5.628164291381836,-100.0,-100.0,0.0,1.078922986984253,116.2211219851306,10.780590057373049,27.50731658935547
run_1777434949_a2c64bf7,1777435771.4733398,7.0,966.0,1.0,10.69211769104004,0.0,5.528631687164307,-100.0,-100.0,0.0,1.036715388298035,114.32138071905138,10.69211769104004,27.50731658935547
run_1777434949_a2c64bf7,1777435773.4845278,7.0,966.0,1.0,10.515192031860352,0.0,5.329590797424316,-100.0,-100.0,0.0,1.0605106353759766,110.56926346689944,10.515192031860352,27.50731658935547
run_1777434949_a2c64bf7,1777435775.483964,7.0,966.0,1.0,10.382472038269045,0.0,5.180280685424805,-100.0,-100.0,0.0,1.0504227876663208,107.79572562543854,10.382472038269045,27.50731658935547
run_1777434949_a2c64bf7,1777435777.4834237,7.0,966.0,1.0,10.205520629882812,0.0,4.981210231781006,-100.0,-100.0,0.0,1.072928547859192,104.15265132696368,10.205520629882812,27.50731658935547
run_1777434949_a2c64bf7,1777435779.479465,7.0,966.0,1.0,10.117063522338867,0.0,4.881697177886963,-100.0,-100.0,0.0,1.0325119495391846,102.35497431503973,10.117063522338867,27.50731658935547
run_1777434949_a2c64bf7,1777435781.474898,7.0,966.0,1.0,9.940144538879396,0.0,4.682662963867188,-100.0,-100.0,0.0,1.0567028522491455,98.80647345381384,9.940144538879396,27.50731658935547
run_1777434949_a2c64bf7,1777435783.495312,7.0,966.0,1.0,9.851696014404297,0.0,4.583157539367676,-100.0,-100.0,0.0,1.0178279876708984,97.05591436022952,9.851696014404297,27.50731658935547
run_1777434949_a2c64bf7,1777435785.4852252,7.0,966.0,1.0,9.630563735961914,0.0,4.334384441375732,-100.0,-100.0,0.0,1.0750014781951904,92.7477578724247,9.630563735961914,27.50731658935547
run_1777434949_a2c64bf7,1777435787.4843738,7.0,966.0,1.0,9.54212474822998,0.0,4.234890460968018,-100.0,-100.0,0.0,1.034374475479126,91.05214471078308,9.54212474822998,27.50731658935547
run_1777434949_a2c64bf7,1777435789.4813783,7.0,966.0,1.0,9.365240097045898,0.0,4.035895347595215,-100.0,-100.0,0.0,1.0583640336990356,87.70772207531627,9.365240097045898,27.50731658935547
run_1777434949_a2c64bf7,1777435791.4809668,7.0,966.0,1.0,9.276808738708496,0.0,3.936409950256348,-100.0,-100.0,0.0,1.0193183422088623,86.05918037457832,9.276808738708496,27.50731658935547
run_1777434949_a2c64bf7,1777435793.4692602,7.0,966.0,1.0,9.055721282958984,0.0,3.68768572807312,-100.0,-100.0,0.0,1.0763182640075684,82.00608795463631,9.055721282958984,27.50731658935547
run_1777434949_a2c64bf7,1777435795.4793272,7.0,966.0,1.0,8.96729850769043,0.0,3.588210344314575,-100.0,-100.0,0.0,1.03555428981781,80.41244252602701,8.96729850769043,27.50731658935547
run_1777434949_a2c64bf7,1777435797.4842553,7.0,966.0,1.0,8.790448188781738,0.0,3.389254093170166,-100.0,-100.0,0.0,1.0594072341918943,77.27197935965614,8.790448188781738,27.50731658935547
run_1777434949_a2c64bf7,1777435799.473296,7.0,966.0,1.0,8.702033996582031,0.0,3.289788246154785,-100.0,-100.0,0.0,1.0202502012252808,75.72539567766944,8.702033996582031,27.50731658935547
run_1777434949_a2c64bf7,1777435801.469844,7.0,966.0,1.0,8.525186538696289,0.0,3.090834617614746,-100.0,-100.0,0.0,1.0455620288848877,72.67880551956841,8.525186538696289,27.50731658935547
run_1777434949_a2c64bf7,1777435803.4925058,7.0,966.0,1.0,8.436765670776367,0.0,2.991361379623413,-100.0,-100.0,0.0,1.007730484008789,71.1790149835906,8.436765670776367,27.50731658935547
run_1777434949_a2c64bf7,1777435805.4705458,7.0,966.0,1.0,8.348362922668457,0.0,2.8919076919555664,-100.0,-100.0,-0.1604979634284973,0.9710623025894164,69.69516348858542,8.348362922668457,27.50731658935547
run_1777434949_a2c64bf7,1777435807.4848497,7.0,966.0,1.0,8.171565055847168,0.0,2.693010091781616,-100.0,-100.0,-0.404541939496994,0.9985973238945008,66.77447546194253,8.171565055847168,27.50731658935547
run_1777434949_a2c64bf7,1777435809.4837527,7.0,966.0,1.0,8.083155632019043,0.0,2.59355092048645,-100.0,-100.0,-0.6445333361625671,0.9628046154975892,65.33740497144117,8.083155632019043,27.50731658935547
run_1777434949_a2c64bf7,1777435811.476846,7.0,966.0,1.0,7.862157821655273,0.0,2.3449275493621826,-100.0,-100.0,-0.8804066777229309,1.0220725536346436,61.8135256126152,7.862157821655273,27.50731658935547
run_1777434949_a2c64bf7,1777435813.4744534,7.0,966.0,1.0,7.7737717628479,0.0,2.2454934120178223,-100.0,-100.0,-1.111246943473816,0.9840250015258788,60.43152742085135,7.7737717628479,27.50731658935547
run_1777434949_a2c64bf7,1777435815.4736445,7.0,966.0,1.0,7.597007751464844,0.0,2.04663348197937,-100.0,-100.0,-1.3382967710494995,1.0103007555007937,57.71452677581692,7.597007751464844,27.50731658935547
run_1777434949_a2c64bf7,1777435817.473106,7.0,966.0,1.0,7.50861644744873,0.0,1.947193145751953,-100.0,-100.0,-1.5612945556640625,0.9733794927597046,56.3793209548976,7.50861644744873,27.50731658935547
run_1777434949_a2c64bf7,1777435819.4766228,7.0,966.0,1.0,7.331868648529053,0.0,1.7483525276184082,-100.0,-100.0,-1.7805019617080688,1.000659704208374,53.75629787928324,7.331868648529053,27.50731658935547
run_1777434949_a2c64bf7,1777435821.4753091,7.0,966.0,1.0,7.243470191955566,0.0,1.6489039659500122,-100.0,-100.0,-1.99565863609314,0.9646631479263306,52.46786042174881,7.243470191955566,27.50731658935547
run_1777434949_a2c64bf7,1777435823.4863536,7.0,966.0,1.0,7.066725254058838,0.0,1.4500659704208374,-100.0,-100.0,-2.2070233821868896,0.99277263879776,49.93860581635295,7.066725254058838,27.50731658935547
run_1777434949_a2c64bf7,1777435825.4738047,7.0,966.0,1.0,6.978363037109375,0.0,1.350658655166626,-100.0,-99.69090270996094,-2.414337158203125,0.9575039148330688,48.69755067769438,6.978363037109375,27.50731658935547
run_1777434949_a2c64bf7,1777435828.2834225,13.0,699.0,58.0,6.713279724121094,0.0,1.0524399280548096,-23.155658721923828,-51.64061737060547,-2.6522819995880127,31.13723945617676,45.06812465429539,6.713279724121094,27.50731658935547
run_1777434949_a2c64bf7,1777435830.4822652,13.0,699.0,58.0,6.580734252929688,0.0,0.9033257961273192,-22.3837890625,-50.62103271484375,-2.7990171909332275,31.0362606048584,43.30606330768205,6.580734252929688,27.50731658935547
run_1777434949_a2c64bf7,1777435832.481532,13.0,699.0,58.0,6.492386817932129,0.0,0.803935170173645,-22.970836639404297,-49.941436767578125,-2.9423980712890625,29.912996292114254,42.15108659365888,6.492386817932129,27.50731658935547
run_1777434949_a2c64bf7,1777435834.4797366,13.0,699.0,58.0,6.315700531005859,0.0,0.6051628589630127,-20.892417907714844,-48.582313537597656,-3.0827646255493164,30.77266311645508,39.888073197347694,6.315700531005859,27.50731658935547
run_1777434949_a2c64bf7,1777435836.5374477,13.0,699.0,58.0,6.227333068847656,0.0,0.5057496428489685,-21.447917938232425,-47.902565002441406,-3.2203116416931152,29.674955368041992,38.77967715036357,6.227333068847656,27.50731658935547
run_1777434949_a2c64bf7,1777435838.474084,13.0,699.0,58.0,6.0948357582092285,0.0,0.3566905856132507,-20.58251571655273,-46.88335418701172,-3.355767250061035,29.656606674194336,37.14702291954586,6.0948357582092285,27.50731658935547
run_1777434949_a2c64bf7,1777435840.480064,13.0,699.0,58.0,6.006490707397461,0.0,0.257302463054657,-21.0273380279541,-46.20377731323242,-3.48845648765564,28.66489601135254,36.07793061805205,6.006490707397461,27.50731658935547
run_1777434949_a2c64bf7,1777435842.476194,13.0,699.0,58.0,5.829834461212158,0.0,0.0585636347532272,-18.820032119750977,-44.84487915039063,-3.618131637573242,29.64297866821289,33.986969845136855,5.829834461212158,27.50731658935547
run_1777434949_a2c64bf7,1777435844.4920838,13.0,699.0,58.0,5.741509914398193,0.0,-0.04080131649971,-19.25830841064453,-44.16546249389648,-3.7449870109558105,28.65213966369629,32.96493609713275,5.741509914398193,27.50731658935547
run_1777434949_a2c64bf7,1777435846.4771707,13.0,699.0,58.0,5.564841747283936,0.0,-0.2395528703927993,-17.04363250732422,-42.80647659301758,-3.868828296661377,29.631671905517575,30.967463672314125,5.564841747283936,27.50731658935547
run_1777434949_a2c64bf7,1777435848.4741294,13.0,699.0,58.0,5.476510524749756,0.0,-0.3389251828193664,-17.474803924560547,-42.12700271606445,-3.989850044250488,28.64204978942871,29.992167527694846,5.476510524749756,27.50731658935547
run_1777434949_a2c64bf7,1777435850.4756691,13.0,699.0,58.0,5.299887657165527,0.0,-0.5376265048980713,-15.254608154296877,-40.768367767333984,-4.107857704162598,29.62161636352539,28.088809178575502,5.299887657165527,27.50731658935547
run_1777434949_a2c64bf7,1777435852.469148,13.0,699.0,58.0,5.211578845977783,0.0,-0.6369737386703491,-15.679627418518066,-40.08906936645508,-4.223045349121094,28.632488250732425,27.160554067843123,5.211578845977783,27.50731658935547
run_1777434949_a2c64bf7,1777435854.475566,13.0,699.0,58.0,5.079100131988525,0.0,-0.7860120534896851,-14.748183250427246,-39.06999969482422,-4.33556079864502,28.657379150390625,25.797258150765856,5.079100131988525,27.50731658935547
run_1777434949_a2c64bf7,1777435856.4811864,13.0,699.0,58.0,4.990784645080566,0.0,-0.8853675723075867,-15.076181411743164,-38.39065170288086,-4.4458909034729,27.760358810424805,24.907931373571955,4.990784645080566,27.50731658935547
run_1777434949_a2c64bf7,1777435858.4757817,13.0,699.0,58.0,4.902484893798828,0.0,-0.9847038984298706,-15.353178977966309,-37.711421966552734,-4.553887367248535,26.912132263183597,24.034358133925707,4.902484893798828,27.50731658935547
run_1777434949_a2c64bf7,1777435860.478795,13.0,699.0,58.0,4.770035266876221,0.0,-1.133710265159607,-14.197572708129885,-36.69258117675781,-4.660184383392334,27.15519142150879,22.753236447242895,4.770035266876221,27.50731658935547
run_1777434949_a2c64bf7,1777435862.4799488,13.0,699.0,58.0,4.593454360961914,0.0,-1.332364201545715,-11.821189880371094,-35.334266662597656,-4.76264238357544,28.275718688964844,21.099822966240023,4.593454360961914,27.50731658935547
run_1777434949_a2c64bf7,1777435864.4727545,13.0,699.0,58.0,4.54927396774292,0.0,-1.3820666074752808,-13.341731071472168,-34.99441909790039,-4.86320686340332,26.515892028808597,20.69589363358341,4.54927396774292,27.50731658935547
run_1777434949_a2c64bf7,1777435866.4731867,13.0,699.0,58.0,4.372720718383789,0.0,-1.580689549446106,-10.900312423706056,-33.636314392089844,-4.960806846618652,27.69680976867676,19.12068648098284,4.372720718383789,27.50731658935547
run_1777434949_a2c64bf7,1777435868.4743638,13.0,699.0,58.0,4.284426689147949,0.0,-1.6800205707550049,-11.084946632385254,-32.957130432128906,-5.055976867675781,26.92815971374512,18.356312054683254,4.284426689147949,27.50731658935547
run_1777434949_a2c64bf7,1777435870.4684982,13.0,699.0,58.0,4.152003765106201,0.0,-1.828996181488037,-9.91690444946289,-31.93848991394043,-5.148670673370361,27.170255661010746,17.23913526545607,4.152003765106201,27.50731658935547
run_1777434949_a2c64bf7,1777435872.4677913,13.0,699.0,58.0,4.107860088348389,0.0,-1.8786572217941284,-11.32335090637207,-31.598926544189453,-5.239519119262695,25.51509475708008,16.87451450544563,4.107860088348389,27.50731658935547
run_1777434949_a2c64bf7,1777435874.4746692,13.0,699.0,58.0,3.975431442260742,0.0,-2.027639389038086,-10.071638107299805,-30.58024406433105,-5.32774543762207,25.83635139465332,15.804055152115325,3.975431442260742,27.50731658935547
run_1777434949_a2c64bf7,1777435876.4743593,13.0,699.0,58.0,3.931304693222046,0.0,-2.077282190322876,-11.347434043884276,-30.240806579589844,-5.414708137512207,24.308082580566406,15.455156590949684,3.931304693222046,27.50731658935547
run_1777434949_a2c64bf7,1777435878.483811,13.0,699.0,58.0,3.843038320541382,0.0,-2.176582098007202,-11.217541694641112,-29.56183624267578,-5.499972820281982,23.84426689147949,14.768943533149525,3.843038320541382,27.50731658935547
run_1777434949_a2c64bf7,1777435880.468552,13.0,699.0,58.0,3.754773855209351,0.0,-2.275879144668579,-11.023879051208496,-28.882875442504883,-5.583489894866943,23.44248580932617,14.09832670376369,3.754773855209351,27.50731658935547
run_1777434949_a2c64bf7,1777435882.5106618,13.0,699.0,58.0,3.622361421585083,0.0,-2.4248435497283936,-9.512001037597656,-27.86431884765625,-5.664526462554932,24.016845703125,13.121502268587903,3.622361421585083,27.50731658935547
run_1777434949_a2c64bf7,1777435884.4820476,13.0,699.0,58.0,3.5782253742218018,0.0,-2.474496603012085,-10.60619831085205,-27.524810791015625,-5.743718147277832,22.662330627441406,12.803696828724751,3.5782253742218018,27.50731658935547
run_1777434949_a2c64bf7,1777435886.4797246,13.0,699.0,58.0,3.445863723754883,0.0,-2.623403549194336,-8.979187965393066,-26.50664520263672,-5.821259021759033,23.34871482849121,11.873976802689867,3.445863723754883,27.50731658935547
run_1777434949_a2c64bf7,1777435888.480164,13.0,699.0,58.0,3.401700973510742,0.0,-2.673086166381836,-10.00500202178955,-26.16693115234375,-5.896565914154053,22.058494567871094,11.571569513183931,3.401700973510742,27.50731658935547
run_1777434949_a2c64bf7,1777435890.4792464,13.0,699.0,58.0,3.2693350315093994,0.0,-2.821998357772827,-8.316376686096191,-25.148731231689453,-5.970224857330322,22.802579879760746,10.688551548254566,3.2693350315093994,27.50731658935547
run_1777434949_a2c64bf7,1777435892.475712,13.0,699.0,58.0,3.225202798843384,0.0,-2.8716466426849365,-9.287092208862305,-24.809253692626957,-6.041645526885986,21.56380653381348,10.401933093667196,3.225202798843384,27.50731658935547
run_1777434949_a2c64bf7,1777435894.4737494,13.0,699.0,58.0,3.0928285121917725,0.0,-3.0205681324005127,-7.547163963317871,-23.79098892211914,-6.111415386199951,22.355239868164062,9.565588205826373,3.0928285121917725,27.50731658935547
run_1777434949_a2c64bf7,1777435896.4695463,13.0,699.0,58.0,3.048701286315918,0.0,-3.070211410522461,-8.471457481384277,-23.451549530029297,-6.178951263427734,21.15904235839844,9.294579533184333,3.048701286315918,27.50731658935547
run_1777434949_a2c64bf7,1777435898.4792075,13.0,699.0,58.0,2.960460662841797,0.0,-3.1694817543029785,-8.003373146057129,-22.77277565002441,-6.24498462677002,21.014387130737305,8.764327336233691,2.960460662841797,27.50731658935547
run_1777434949_a2c64bf7,1777435900.4829533,13.0,699.0,58.0,2.916349172592163,0.0,-3.219106912612915,-8.797322273254395,-22.433454513549805,-6.309614181518555,19.94574737548828,8.505092496478994,2.916349172592163,27.50731658935547
run_1777434949_a2c64bf7,1777435902.4816003,13.0,699.0,58.0,2.8280842304229736,0.0,-3.3184049129486084,-8.209872245788574,-21.754493713378903,-6.372728824615479,19.91735076904297,7.998060414367103,2.8280842304229736,27.50731658935547
run_1777434949_a2c64bf7,1777435904.4673896,13.0,699.0,58.0,2.7398366928100586,0.0,-3.4176836013793945,-7.619774341583252,-21.075668334960938,-6.433905601501465,19.889799118041992,7.506705103268359,2.7398366928100586,27.50731658935547
run_1777434949_a2c64bf7,1777435906.482901,13.0,699.0,58.0,2.607499599456787,0.0,-3.566563129425049,-5.710555553436279,-20.057689666748047,-6.492997646331787,20.84012985229492,6.799054161167305,2.607499599456787,27.50731658935547
run_1777434949_a2c64bf7,1777435908.467861,13.0,699.0,58.0,2.5633790493011475,0.0,-3.616198778152466,-6.479841232299805,-19.71830177307129,-6.549849510192871,19.78830909729004,6.570912150396055,2.5633790493011475,27.50731658935547
run_1777434949_a2c64bf7,1777435910.484063,13.0,699.0,58.0,2.431035280227661,0.0,-3.765084981918335,-4.556854248046875,-18.700271606445312,-6.6050543785095215,20.748470306396484,5.909932533711583,2.431035280227661,27.50731658935547
run_1777434949_a2c64bf7,1777435912.4695678,13.0,699.0,58.0,2.386930227279663,0.0,-3.8147032260894775,-5.313971519470215,-18.36100196838379,-6.658031940460205,19.705062866210938,5.697435909901344,2.386930227279663,27.50731658935547
run_1777434949_a2c64bf7,1777435914.4790914,13.0,699.0,58.0,2.254566192626953,0.0,-3.96361255645752,-3.3605291843414307,-17.342817306518555,-6.709545135498047,20.69183349609375,5.083068716936396,2.254566192626953,27.50731658935547
run_1777434949_a2c64bf7,1777435916.4681244,13.0,699.0,58.0,2.2104506492614746,0.0,-4.013243198394775,-4.108046054840088,-17.003467559814453,-6.758633136749268,19.654054641723636,4.886092072820475,2.2104506492614746,27.50731658935547
run_1777434949_a2c64bf7,1777435918.46833,13.0,699.0,58.0,2.122250556945801,0.0,-4.1124677658081055,-3.4611077308654785,-16.32500457763672,-6.806413650512695,19.670310974121094,4.503947426456762,2.122250556945801,27.50731658935547
run_1777434949_a2c64bf7,1777435920.4748783,13.0,699.0,58.0,2.0340394973754883,0.0,-4.211705684661865,-2.832958221435547,-15.64645767211914,-6.852055549621582,19.66555404663086,4.137316676883529,2.0340394973754883,27.50731658935547
run_1777434949_a2c64bf7,1777435922.4700518,13.0,699.0,58.0,1.901719093322754,0.0,-4.360566139221191,-0.8692994713783264,-14.62860870361328,-6.895801544189453,20.65511131286621,3.616535509908317,1.901719093322754,27.50731658935547
run_1777434949_a2c64bf7,1777435925.1773376,18.0,124.0,49.0,1.8134989738464355,0.0,-4.459813594818115,-5.214314937591553,-10.074995040893556,-7.114128589630127,11.974809646606444,3.2887785281420747,1.8134989738464355,27.50731658935547
run_1777434949_a2c64bf7,1777435927.4794,18.0,124.0,49.0,1.6811747550964355,0.0,-4.608678340911865,-4.014954090118408,-9.33985996246338,-7.273663520812988,12.598569869995115,2.82634855717356,1.6811747550964355,27.50731658935547
run_1777434949_a2c64bf7,1777435929.4697106,18.0,124.0,49.0,1.637068271636963,0.0,-4.658298015594482,-4.532917022705078,-9.094823837280272,-7.423312187194824,11.985219955444336,2.679992526000433,1.637068271636963,27.50731658935547
run_1777434949_a2c64bf7,1777435931.469031,18.0,124.0,49.0,1.504781723022461,0.0,-4.807120800018311,-3.3194496631622314,-8.359898567199707,-7.567037582397461,12.607486724853516,2.2643680339424463,1.504781723022461,27.50731658935547
run_1777434949_a2c64bf7,1777435933.4777443,18.0,124.0,49.0,1.460690975189209,0.0,-4.856722354888916,-3.822764873504639,-8.114949226379395,-7.700891017913818,11.99307632446289,2.1336181249992023,1.460690975189209,27.50731658935547
run_1777434949_a2c64bf7,1777435935.476323,18.0,124.0,49.0,1.3724846839904783,0.0,-4.955955028533936,-3.4393296241760254,-7.62491512298584,-7.829009056091309,12.01459503173828,1.883714207788444,1.3724846839904783,27.50731658935547
run_1777434949_a2c64bf7,1777435937.523506,18.0,124.0,49.0,1.2842812538146973,0.0,-5.055183410644531,-3.039666175842285,-7.1348958015441895,-7.950014114379883,12.045244216918944,1.6493783388998509,1.2842812538146973,27.50731658935547
run_1777434949_a2c64bf7,1777435939.4772155,18.0,124.0,49.0,1.240194320678711,0.0,-5.104781150817871,-3.4912049770355225,-6.889968395233154,-8.062528610229492,11.461292266845703,1.5380819530437293,1.240194320678711,27.50731658935547
run_1777434949_a2c64bf7,1777435941.4766767,18.0,124.0,49.0,1.1078968048095703,0.0,-5.2536163330078125,-2.2246785163879395,-6.154982566833496,-8.168327331542969,12.098630905151367,1.2274353301072551,1.1078968048095703,27.50731658935547
run_1777434949_a2c64bf7,1777435943.4760764,18.0,124.0,49.0,1.0637993812561035,0.0,-5.303225994110107,-2.66530442237854,-5.909996509552002,-8.265031814575195,11.509723663330078,1.131669123560869,1.0637993812561035,27.50731658935547
run_1777434949_a2c64bf7,1777435945.491939,18.0,124.0,49.0,0.9756040573120116,0.0,-5.402445793151856,-2.221946477890014,-5.420022487640381,-8.356010437011719,11.55408763885498,0.951803276643659,0.9756040573120116,27.50731658935547
run_1777434949_a2c64bf7,1777435947.4776027,18.0,124.0,49.0,0.9315223693847656,0.0,-5.452037334442139,-2.599070310592652,-5.175124645233154,-8.440869331359863,11.016923904418944,0.8677339246642077,0.9315223693847656,27.50731658935547
run_1777434949_a2c64bf7,1777435949.4803753,18.0,124.0,49.0,0.7992668151855469,0.0,-5.60082483291626,-1.2632675170898438,-4.440371513366699,-8.519001960754395,11.696105003356934,0.6388274418568471,0.7992668151855469,27.50731658935547
run_1777434949_a2c64bf7,1777435951.4696736,18.0,124.0,49.0,0.7551732063293457,0.0,-5.650430202484131,-1.6379117965698242,-4.195406436920166,-8.58804988861084,11.145545959472656,0.5702865715577445,0.7551732063293457,27.50731658935547
run_1777434949_a2c64bf7,1777435953.4722054,18.0,124.0,49.0,0.6229124069213867,0.0,-5.79922342300415,-0.2984881401062011,-3.46062445640564,-8.650385856628418,11.812521934509276,0.3880198666965953,0.6229124069213867,27.50731658935547
run_1777434949_a2c64bf7,1777435955.4830337,18.0,124.0,49.0,0.578819751739502,0.0,-5.848827838897705,-0.6684571504592896,-3.215665340423584,-8.703639030456543,11.250846862792969,0.3350323050037787,0.578819751739502,27.50731658935547
run_1777434949_a2c64bf7,1777435957.4745712,18.0,124.0,49.0,0.4906268119812011,0.0,-5.948044776916504,-0.1569926738739013,-2.7257046699523926,-8.7511625289917,11.319873809814451,0.2407146686348369,0.4906268119812011,27.50731658935547
run_1777434949_a2c64bf7,1777435959.4896383,18.0,124.0,49.0,0.4465527534484863,0.0,-5.997628211975098,-0.4684478044509887,-2.480848789215088,-8.792553901672363,10.804954528808594,0.1994093616124246,0.4465527534484863,27.50731658935547
run_1777434949_a2c64bf7,1777435961.4783452,18.0,124.0,49.0,0.3143186569213867,0.0,-6.14639139175415,0.8986607193946838,-1.746214747428894,-8.82486343383789,11.469738960266112,0.0987962180888644,0.3143186569213867,27.50731658935547
run_1777434949_a2c64bf7,1777435963.4768565,18.0,124.0,49.0,0.2702336311340332,0.0,-6.195987224578857,0.5889050960540771,-1.501297950744629,-8.850460052490234,10.940662384033203,0.0730262153958847,0.2702336311340332,27.50731658935547
run_1777434949_a2c64bf7,1777435965.48946,18.0,124.0,49.0,0.182077407836914,0.0,-6.295163154602051,1.1569284200668335,-1.0115412473678589,-8.870330810546875,11.038800239562988,0.0331521824446099,0.182077407836914,27.50731658935547
run_1777434949_a2c64bf7,1777435967.4686086,18.0,124.0,49.0,0.1379933357238769,0.0,-6.344757556915283,0.9107612371444702,-0.7666296362876892,-8.884870529174805,10.562261581420898,0.0190421607042026,0.1379933357238769,27.50731658935547
run_1777434949_a2c64bf7,1777435969.469789,18.0,124.0,49.0,0.0498270988464355,0.0,-6.443944454193115,1.5269190073013306,-0.2768172323703766,-8.892894744873047,10.696630477905272,0.0024827397794524,0.0498270988464355,27.50731658935547
run_1777434949_a2c64bf7,1777435971.4680254,18.0,124.0,49.0,0.005744457244873,0.0,-6.493537425994873,1.3252109289169312,-0.0319136492908,-8.895587921142578,10.25271224975586,3.299878903817444e-05,0.005744457244873,27.50731658935547
run_1777434949_a2c64bf7,1777435973.4807763,18.0,124.0,49.0,-0.0824170112609863,0.0,-6.592719078063965,1.9904725551605225,0.4578723013401031,-8.883935928344727,10.416536331176758,0.0067925637451935,0.0824170112609863,27.50731658935547
run_1777434949_a2c64bf7,1777435975.4793718,18.0,124.0,49.0,-0.1264834403991699,0.0,-6.642293930053711,1.8453843593597408,0.7026857733726501,-8.856425285339355,9.999123573303224,0.0159980606952103,0.1264834403991699,27.50731658935547
run_1777434949_a2c64bf7,1777435977.4799254,18.0,124.0,49.0,-0.2146410942077636,0.0,-6.741471290588379,2.5701940059661865,1.1924505233764648,-8.809343338012695,10.187087059020996,0.046070799322706,0.2146410942077636,27.50731658935547
run_1777434949_a2c64bf7,1777435979.4734457,18.0,124.0,49.0,-0.2586903572082519,0.0,-6.791026592254639,2.482253313064575,1.4371687173843384,-8.746255874633789,9.791340827941896,0.066920700912533,0.2586903572082519,27.50731658935547
run_1777434949_a2c64bf7,1777435981.4729607,18.0,124.0,49.0,-0.3468303680419922,0.0,-6.89018440246582,3.262119770050049,1.9268354177474976,-8.663604736328125,9.998888969421388,0.1202913041961437,0.3468303680419922,27.50731658935547
run_1777434949_a2c64bf7,1777435983.493204,18.0,124.0,49.0,-0.4349956512451172,0.0,-6.989370346069336,4.054996490478516,2.416642665863037,-8.559603691101074,10.197957992553713,0.1892212166021636,0.4349956512451172,27.50731658935547
run_1777434949_a2c64bf7,1777435985.4704535,18.0,124.0,49.0,-0.5231304168701172,0.0,-7.088521957397461,4.843435287475586,2.906280279159546,-8.429508209228516,10.366662979125977,0.2736654330547026,0.5231304168701172,27.50731658935547
run_1777434949_a2c64bf7,1777435987.4693918,18.0,124.0,49.0,-0.567204475402832,0.0,-7.1381049156188965,4.82184648513794,3.1511359214782715,-8.283398628234863,9.954110145568848,0.3217209169170019,0.567204475402832,27.50731658935547
run_1777434949_a2c64bf7,1777435989.470329,18.0,124.0,49.0,-0.6553487777709961,0.0,-7.23726749420166,5.669288158416748,3.640826463699341,-8.117732048034668,10.146193504333496,0.4294820205259384,0.6553487777709961,27.50731658935547
run_1777434949_a2c64bf7,1777435991.4785137,18.0,124.0,49.0,-0.6112766265869141,0.0,-7.187685966491699,4.051314830780029,3.395981311798096,-7.946728706359863,8.602062225341797,0.3736591142114775,0.6112766265869141,27.50731658935547
run_1777434949_a2c64bf7,1777435993.4664636,18.0,124.0,49.0,-0.7875461578369141,0.0,-7.385989189147949,6.702649593353272,4.375256538391113,-7.760899543762207,10.088292121887209,0.6202289507236856,0.7875461578369141,27.50731658935547
run_1777434949_a2c64bf7,1777435995.4716125,18.0,124.0,49.0,-0.7875461578369141,0.0,-7.385989189147949,5.9522552490234375,4.375256538391113,-7.548974990844727,9.12597370147705,0.6202289507236856,0.7875461578369141,27.50731658935547
run_1777434949_a2c64bf7,1777435997.514748,18.0,124.0,49.0,-0.8756842613220215,0.0,-7.485145092010498,6.947403907775879,4.864912509918213,-7.326388359069824,9.408880233764648,0.7668229255270944,0.8756842613220215,27.50731658935547
run_1777434949_a2c64bf7,1777435999.482633,18.0,124.0,49.0,-0.8756842613220215,0.0,-7.485145092010498,6.285527229309082,4.864912509918213,-7.090756416320801,8.511371612548828,0.7668229255270944,0.8756842613220215,27.50731658935547
run_1777434949_a2c64bf7,1777436001.5169425,18.0,124.0,49.0,-0.9637908935546876,0.0,-7.584264755249023,7.325702667236328,5.35439395904541,-6.834972858428955,8.806281089782715,0.928892886498943,0.9637908935546876,27.50731658935547
run_1777434949_a2c64bf7,1777436003.4880848,18.0,124.0,49.0,-1.0078577995300293,0.0,-7.633840084075928,7.571393013000488,5.599210262298584,-6.570295333862305,8.542478561401367,1.0157773440735127,1.0078577995300293,27.50731658935547
run_1777434949_a2c64bf7,1777436005.4781682,18.0,124.0,49.0,-1.09598970413208,0.0,-7.732988357543945,8.718111038208008,6.088831424713135,-6.297908782958984,8.9271879196167,1.2011934315635244,1.09598970413208,27.50731658935547
run_1777434949_a2c64bf7,1777436007.4767675,18.0,124.0,49.0,-1.09598970413208,0.0,-7.732988357543945,8.161467552185059,6.088831424713135,-6.002993583679199,8.075629234313965,1.2011934315635244,1.09598970413208,27.50731658935547
run_1777434949_a2c64bf7,1777436009.4687748,18.0,124.0,49.0,-1.1400408744812012,0.0,-7.782545566558838,8.530960083007812,6.333560466766357,-5.707484245300293,7.904884338378906,1.299693195487862,1.1400408744812012,27.50731658935547
run_1777434949_a2c64bf7,1777436011.4715545,18.0,124.0,49.0,-1.1841039657592771,0.0,-7.832117080688477,8.909990310668945,6.578355312347412,-5.395380020141602,7.727014064788818,1.402102201726848,1.1841039657592771,27.50731658935547
run_1777434949_a2c64bf7,1777436013.485672,18.0,124.0,49.0,-1.22816801071167,0.0,-7.881689071655273,9.29996109008789,6.823155879974365,-5.066673755645752,7.543478012084961,1.5083966625354606,1.22816801071167,27.50731658935547
run_1777434949_a2c64bf7,1777436015.4675207,18.0,124.0,49.0,-1.2722172737121582,0.0,-7.931244373321533,9.73692226409912,7.067873954772949,-4.730854034423828,7.39990234375,1.6185367915315965,1.2722172737121582,27.50731658935547
run_1777434949_a2c64bf7,1777436017.469165,18.0,124.0,49.0,-1.316293716430664,0.0,-7.980830192565918,10.218779563903809,7.312742710113525,-4.387922286987305,7.293959617614746,1.7326291479148497,1.316293716430664,27.50731658935547
run_1777434949_a2c64bf7,1777436019.4781668,18.0,124.0,49.0,-1.316293716430664,0.0,-7.980830192565918,9.877206802368164,7.312742710113525,-4.033729076385498,6.59819221496582,1.7326291479148497,1.316293716430664,27.50731658935547
run_1777434949_a2c64bf7,1777436021.472095,18.0,124.0,49.0,-1.3603544235229492,0.0,-8.03039836883545,10.419198989868164,7.557524681091309,-3.671826124191284,6.533499717712402,1.8505641575984555,1.3603544235229492,27.50731658935547
run_1777434949_a2c64bf7,1777436023.4843817,18.0,124.0,49.0,-1.40440034866333,0.0,-8.079950332641602,10.988008499145508,7.802224159240723,-3.3004374504089355,6.486222267150879,1.972340339325683,1.40440034866333,27.50731658935547
run_1777434949_a2c64bf7,1777436025.5052946,18.0,124.0,49.0,-1.3603544235229492,0.0,-8.03039836883545,9.902392387390137,7.557524681091309,-2.923123598098755,5.267991542816162,1.8505641575984555,1.3603544235229492,27.50731658935547
run_1777434949_a2c64bf7,1777436027.467669,18.0,124.0,49.0,-1.4484591484069824,0.0,-8.1295166015625,11.418140411376951,8.046995162963867,-2.546400547027588,5.917545795440674,2.0980339046038807,1.4484591484069824,27.50731658935547
run_1777434949_a2c64bf7,1777436029.472644,18.0,124.0,49.0,-1.4484591484069824,0.0,-8.1295166015625,11.243431091308594,8.046995162963867,-2.1566383838653564,5.353074073791504,2.0980339046038807,1.4484591484069824,27.50731658935547
run_1777434949_a2c64bf7,1777436031.4718907,18.0,124.0,49.0,-1.4925050735473633,0.0,-8.179068565368652,11.948546409606934,8.291695594787598,-1.7615435123443604,5.418395042419434,2.2275713945646203,1.4925050735473633,27.50731658935547
run_1777434949_a2c64bf7,1777436033.485652,18.0,124.0,49.0,-1.4925050735473633,0.0,-8.179068565368652,11.833301544189451,8.291695594787598,-1.359931230545044,4.901537895202637,2.2275713945646203,1.4925050735473633,27.50731658935547
run_1777434949_a2c64bf7,1777436035.479698,18.0,124.0,49.0,-1.4925050735473633,0.0,-8.179068565368652,11.767358779907228,8.291695594787598,-0.958318829536438,4.433983325958252,2.2275713945646203,1.4925050735473633,27.50731658935547
run_1777434949_a2c64bf7,1777436037.4655285,18.0,124.0,49.0,-1.5365495681762695,0.0,-8.228618621826172,12.562910079956056,8.536386489868164,-0.5490026473999023,4.575525283813477,2.3609845754626804,1.5365495681762695,27.50731658935547
run_1777434949_a2c64bf7,1777436039.4756193,18.0,124.0,49.0,-1.5806069374084473,0.0,-8.278182983398438,13.366111755371094,8.781149864196777,-0.1302033960819244,4.715166091918945,2.498318290583711,1.5806069374084473,27.50731658935547
run_1777434949_a2c64bf7,1777436041.4768274,18.0,124.0,49.0,-1.5806069374084473,0.0,-8.278182983398438,13.157257080078123,8.781149864196777,0.1107189357280731,4.2653889656066895,2.498318290583711,1.5806069374084473,27.50731658935547
run_1777434949_a2c64bf7,1777436043.4779675,18.0,124.0,49.0,-1.5806069374084473,0.0,-8.278182983398438,12.892016410827637,8.781149864196777,0.2523502707481384,3.8585164546966553,2.498318290583711,1.5806069374084473,27.50731658935547
run_1777434949_a2c64bf7,1777436045.4908664,18.0,124.0,49.0,-1.6246514320373535,0.0,-8.327733039855957,13.542607307434082,9.025840759277344,0.3918102383613586,4.124955654144287,2.6394922756210235,1.6246514320373535,27.50731658935547
run_1777434949_a2c64bf7,1777436047.4766116,18.0,124.0,49.0,-1.6246514320373535,0.0,-8.327733039855957,13.294708251953123,9.025840759277344,0.5373880863189697,3.731479167938232,2.6394922756210235,1.6246514320373535,27.50731658935547
run_1777434949_a2c64bf7,1777436049.4742804,18.0,124.0,49.0,-1.6246514320373535,0.0,-8.327733039855957,13.084342956542969,9.025840759277344,0.682965874671936,3.375535488128662,2.6394922756210235,1.6246514320373535,27.50731658935547
run_1777434949_a2c64bf7,1777436051.4726648,18.0,124.0,49.0,-1.6246514320373535,0.0,-8.327733039855957,12.907931327819824,9.025840759277344,0.828544020652771,3.0535459518432617,2.6394922756210235,1.6246514320373535,27.50731658935547
run_1777434949_a2c64bf7,1777436053.4668665,18.0,124.0,49.0,-1.6246514320373535,0.0,-8.327733039855957,12.76223373413086,9.025840759277344,0.9741228222846984,2.7622694969177246,2.6394922756210235,1.6246514320373535,27.50731658935547
run_1777434949_a2c64bf7,1777436055.4741175,18.0,124.0,49.0,-1.6246514320373535,0.0,-8.327733039855957,12.644320487976074,9.025840759277344,1.119701623916626,2.4987778663635254,2.6394922756210235,1.6246514320373535,27.50731658935547
run_1777434949_a2c64bf7,1777436057.480241,18.0,124.0,49.0,-1.6246514320373535,0.0,-8.327733039855957,12.551543235778809,9.025840759277344,1.2652803659439087,2.26042103767395,2.6394922756210235,1.6246514320373535,27.50731658935547
run_1777434949_a2c64bf7,1777436059.4769137,18.0,124.0,49.0,-1.6246514320373535,0.0,-8.327733039855957,12.481500625610352,9.025840759277344,1.4108591079711914,2.0448005199432373,2.6394922756210235,1.6246514320373535,27.50731658935547
run_1777434949_a2c64bf7,1777436061.4764166,18.0,124.0,49.0,-1.6246514320373535,0.0,-8.327733039855957,12.432025909423828,9.025840759277344,1.556437849998474,1.849747657775879,2.6394922756210235,1.6246514320373535,27.50731658935547
run_1777434949_a2c64bf7,1777436063.477363,18.0,124.0,49.0,-1.6246514320373535,0.0,-8.327733039855957,12.401156425476074,9.025840759277344,1.702014684677124,1.6733014583587646,2.6394922756210235,1.6246514320373535,27.50731658935547
run_1777434949_a2c64bf7,1777436065.4673195,18.0,124.0,49.0,-1.5806069374084473,0.0,-8.278182983398438,11.542737007141112,8.781149864196777,1.847394347190857,0.9141923189163208,2.498318290583711,1.5806069374084473,27.50731658935547
run_1777434949_a2c64bf7,1777436067.4795706,18.0,124.0,49.0,-1.6246514320373535,0.0,-8.327733039855957,12.430434226989746,9.025840759277344,1.9900124073028564,1.4145816564559937,2.6394922756210235,1.6246514320373535,27.50731658935547
run_1777434949_a2c64bf7,1777436069.4866798,18.0,124.0,49.0,-1.6246514320373535,0.0,-8.327733039855957,12.441075325012209,9.025840759277344,2.135589361190796,1.279645323753357,2.6394922756210235,1.6246514320373535,27.50731658935547
run_1777434949_a2c64bf7,1777436071.4725664,18.0,124.0,49.0,-1.6246514320373535,0.0,-8.327733039855957,12.464587211608888,9.025840759277344,2.281166315078736,1.1575804948806765,2.6394922756210235,1.6246514320373535,27.50731658935547
run_1777434949_a2c64bf7,1777436073.4760125,18.0,124.0,49.0,-1.668722152709961,0.0,-8.377312660217285,13.31198024749756,9.270678520202637,2.429309844970703,1.6119927167892456,2.784633622944966,1.668722152709961,27.50731658935547
run_1777434949_a2c64bf7,1777436075.4729536,18.0,124.0,49.0,-1.668722152709961,0.0,-8.377312660217285,13.339692115783691,9.270678520202637,2.5764663219451904,1.4925482273101809,2.784633622944966,1.668722152709961,27.50731658935547
run_1777434949_a2c64bf7,1777436077.4718678,18.0,124.0,49.0,-1.668722152709961,0.0,-8.377312660217285,13.346844673156738,9.270678520202637,2.72599196434021,1.3501746654510498,2.784633622944966,1.668722152709961,27.50731658935547
run_1777434949_a2c64bf7,1777436079.4703572,18.0,124.0,49.0,-1.5806069374084473,0.0,-8.278182983398438,11.700539588928224,8.781149864196777,2.873544216156006,0.0458448305726051,2.498318290583711,1.5806069374084473,27.50731658935547
run_1777434949_a2c64bf7,1777436081.46761,18.0,124.0,49.0,-1.668722152709961,0.0,-8.377312660217285,13.461788177490234,9.270678520202637,3.0203070640563965,1.170802354812622,2.784633622944966,1.668722152709961,27.50731658935547
run_1777434949_a2c64bf7,1777436083.4922087,18.0,124.0,49.0,-1.668722152709961,0.0,-8.377312660217285,13.499632835388184,9.270678520202637,3.169832706451416,1.0591201782226562,2.784633622944966,1.668722152709961,27.50731658935547
run_1777434949_a2c64bf7,1777436085.4788458,18.0,124.0,49.0,-1.668722152709961,0.0,-8.377312660217285,13.548128128051758,9.270678520202637,3.3193583488464355,0.9580913782119752,2.784633622944966,1.668722152709961,27.50731658935547
run_1777434949_a2c64bf7,1777436087.4721732,18.0,124.0,49.0,-1.668722152709961,0.0,-8.377312660217285,13.638216018676758,9.270678520202637,3.466514825820923,0.90102219581604,2.784633622944966,1.668722152709961,27.50731658935547
run_1777434949_a2c64bf7,1777436089.4691544,18.0,124.0,49.0,-1.668722152709961,0.0,-8.377312660217285,13.701793670654297,9.270678520202637,3.6160404682159424,0.8150739669799805,2.784633622944966,1.668722152709961,27.50731658935547
run_1777434949_a2c64bf7,1777436091.4835694,18.0,124.0,49.0,-1.668722152709961,0.0,-8.377312660217285,13.773569107055664,9.270678520202637,3.765566349029541,0.7373246550559998,2.784633622944966,1.668722152709961,27.50731658935547
run_1777434949_a2c64bf7,1777436094.114648,18.0,124.0,49.0,-1.668722152709961,0.0,-8.377312660217285,13.894915580749512,9.270678520202637,3.9898548126220703,0.6343825459480286,2.784633622944966,1.668722152709961,27.50731658935547
run_1777434949_a2c64bf7,1777436096.4668252,18.0,124.0,49.0,-1.6246514320373535,0.0,-8.327733039855957,13.176929473876951,9.025840759277344,4.13641881942749,0.0146700255572795,2.6394922756210235,1.6246514320373535,27.50731658935547
run_1777434949_a2c64bf7,1777436098.4669118,18.0,124.0,49.0,-1.668722152709961,0.0,-8.377312660217285,14.149405479431152,9.270678520202637,4.2833781242370605,0.5953495502471924,2.784633622944966,1.668722152709961,27.50731658935547
run_1777434949_a2c64bf7,1777436100.4707613,18.0,124.0,49.0,-1.668722152709961,0.0,-8.377312660217285,14.242140769958496,9.270678520202637,4.43290376663208,0.5385594367980957,2.784633622944966,1.668722152709961,27.50731658935547
run_1777434949_a2c64bf7,1777436102.4698465,18.0,124.0,49.0,-1.6246514320373535,0.0,-8.327733039855957,13.54360580444336,9.025840759277344,4.578678131103516,-0.0609122514724731,2.6394922756210235,1.6246514320373535,27.50731658935547
run_1777434949_a2c64bf7,1777436104.4763515,18.0,124.0,49.0,-1.6246514320373535,0.0,-8.327733039855957,13.69499397277832,9.025840759277344,4.724254608154297,-0.0551018789410591,2.6394922756210235,1.6246514320373535,27.50731658935547
run_1777434949_a2c64bf7,1777436106.4907918,18.0,124.0,49.0,-1.6246514320373535,0.0,-8.327733039855957,13.845827102661133,9.025840759277344,4.869831562042236,-0.0498457513749599,2.6394922756210235,1.6246514320373535,27.50731658935547
run_1777434949_a2c64bf7,1777436108.4962022,18.0,124.0,49.0,-1.6246514320373535,0.0,-8.327733039855957,13.996158599853516,9.025840759277344,5.015408515930176,-0.0450909808278083,2.6394922756210235,1.6246514320373535,27.50731658935547
run_1777434949_a2c64bf7,1777436110.4774065,18.0,124.0,49.0,-1.6246514320373535,0.0,-8.327733039855957,14.146036148071287,9.025840759277344,5.160985469818115,-0.0407897792756557,2.6394922756210235,1.6246514320373535,27.50731658935547
run_1777434949_a2c64bf7,1777436112.470192,18.0,124.0,49.0,-1.6246514320373535,0.0,-8.327733039855957,14.295504570007324,9.025840759277344,5.306562423706055,-0.0368988662958145,2.6394922756210235,1.6246514320373535,27.50731658935547
run_1777434949_a2c64bf7,1777436114.4649887,18.0,124.0,49.0,-1.5806069374084473,0.0,-8.278182983398438,13.616795539855955,8.781149864196777,5.450757026672363,-0.6151115894317627,2.498318290583711,1.5806069374084473,27.50731658935547
run_1777434949_a2c64bf7,1777436116.4785314,18.0,124.0,49.0,-1.5806069374084473,0.0,-8.278182983398438,13.817098617553713,8.781149864196777,5.592385292053223,-0.5564364790916443,2.498318290583711,1.5806069374084473,27.50731658935547
run_1777434949_a2c64bf7,1777436118.4780834,18.0,124.0,49.0,-1.5806069374084473,0.0,-8.278182983398438,14.011804580688477,8.781149864196777,5.734013557434082,-0.5033584237098694,2.498318290583711,1.5806069374084473,27.50731658935547
run_1777434949_a2c64bf7,1777436120.493497,18.0,124.0,49.0,-1.5806069374084473,0.0,-8.278182983398438,14.20144748687744,8.781149864196777,5.875641345977783,-0.4553433656692505,2.498318290583711,1.5806069374084473,27.50731658935547
run_1777434949_a2c64bf7,1777436122.4769893,18.0,124.0,49.0,-1.5806069374084473,0.0,-8.278182983398438,14.386510848999023,8.781149864196777,6.017269611358643,-0.4119084775447845,2.498318290583711,1.5806069374084473,27.50731658935547
run_1777434949_a2c64bf7,1777436124.4705548,18.0,124.0,49.0,-1.5806069374084473,0.0,-8.278182983398438,14.56743049621582,8.781149864196777,6.158897876739502,-0.3726167380809784,2.498318290583711,1.5806069374084473,27.50731658935547
run_1777434949_a2c64bf7,1777436126.4757717,18.0,124.0,49.0,-1.5365495681762695,0.0,-8.228618621826172,13.948162078857422,8.536386489868164,6.296781539916992,-0.8850057721138,2.3609845754626804,1.5365495681762695,27.50731658935547
run_1777434949_a2c64bf7,1777436128.4662862,18.0,124.0,49.0,-1.5365495681762695,0.0,-8.228618621826172,14.170268058776855,8.536386489868164,6.4344682693481445,-0.8005854487419128,2.3609845754626804,1.5365495681762695,27.50731658935547
run_1777434949_a2c64bf7,1777436130.4643507,18.0,124.0,49.0,-1.5365495681762695,0.0,-8.228618621826172,14.384323120117188,8.536386489868164,6.572154998779297,-0.7242178916931152,2.3609845754626804,1.5365495681762695,27.50731658935547
run_1777434949_a2c64bf7,1777436132.4710538,18.0,124.0,49.0,-1.5365495681762695,0.0,-8.228618621826172,14.591092109680176,8.536386489868164,6.709841728210449,-0.6551350355148315,2.3609845754626804,1.5365495681762695,27.50731658935547
run_1777434949_a2c64bf7,1777436134.473255,18.0,124.0,49.0,-1.5365495681762695,0.0,-8.228618621826172,14.791272163391112,8.536386489868164,6.847528457641602,-0.592642068862915,2.3609845754626804,1.5365495681762695,27.50731658935547
run_1777434949_a2c64bf7,1777436136.4664507,18.0,124.0,49.0,-1.5365495681762695,0.0,-8.228618621826172,14.985491752624512,8.536386489868164,6.985215187072754,-0.5361102223396301,2.3609845754626804,1.5365495681762695,27.50731658935547
run_1777434949_a2c64bf7,1777436138.4745958,18.0,124.0,49.0,-1.4925050735473633,0.0,-8.179068565368652,14.346512794494627,8.291695594787598,7.121519565582275,-1.0667033195495603,2.2275713945646203,1.4925050735473633,27.50731658935547
run_1777434949_a2c64bf7,1777436140.4825125,18.0,124.0,49.0,-1.4925050735473633,0.0,-8.179068565368652,14.582002639770508,8.291695594787598,7.255257606506348,-0.96495121717453,2.2275713945646203,1.4925050735473633,27.50731658935547
run_1777434949_a2c64bf7,1777436142.4929464,18.0,124.0,49.0,-1.4925050735473633,0.0,-8.179068565368652,14.839378356933594,8.291695594787598,7.386626243591309,-0.838944137096405,2.2275713945646203,1.4925050735473633,27.50731658935547
run_1777434949_a2c64bf7,1777436144.484762,18.0,124.0,49.0,-1.4925050735473633,0.0,-8.179068565368652,15.053142547607422,8.291695594787598,7.520364284515381,-0.7589178681373596,2.2275713945646203,1.4925050735473633,27.50731658935547
run_1777434949_a2c64bf7,1777436146.4738896,18.0,124.0,49.0,-1.4925050735473633,0.0,-8.179068565368652,15.259273529052734,8.291695594787598,7.654102325439453,-0.6865251064300537,2.2275713945646203,1.4925050735473633,27.50731658935547
run_1777434949_a2c64bf7,1777436148.4691072,18.0,124.0,49.0,-1.4484591484069824,0.0,-8.1295166015625,14.641422271728516,8.046995162963867,7.78566837310791,-1.1912411451339722,2.0980339046038807,1.4484591484069824,27.50731658935547
run_1777434949_a2c64bf7,1777436150.4674146,18.0,124.0,49.0,-1.4484591484069824,0.0,-8.1295166015625,14.884842872619627,8.046995162963867,7.915457248687744,-1.0776094198226929,2.0980339046038807,1.4484591484069824,27.50731658935547
run_1777434949_a2c64bf7,1777436152.4680955,18.0,124.0,49.0,-1.4484591484069824,0.0,-8.1295166015625,15.117424964904783,8.046995162963867,8.045246124267578,-0.9748167395591736,2.0980339046038807,1.4484591484069824,27.50731658935547
run_1777434949_a2c64bf7,1777436154.4794683,18.0,124.0,49.0,-1.4484591484069824,0.0,-8.1295166015625,15.340200424194336,8.046995162963867,8.17503547668457,-0.881829559803009,2.0980339046038807,1.4484591484069824,27.50731658935547
run_1777434949_a2c64bf7,1777436156.4912112,18.0,124.0,49.0,-1.3603544235229492,0.0,-8.03039836883545,13.919721603393556,7.557524681091309,8.300480842590332,-1.9382853507995603,1.8505641575984555,1.3603544235229492,27.50731658935547
run_1777434949_a2c64bf7,1777436158.4943724,18.0,124.0,49.0,-1.40440034866333,0.0,-8.079950332641602,14.980147361755373,7.802224159240723,8.429283142089844,-1.2513595819473269,1.972340339325683,1.40440034866333,27.50731658935547
run_1777434949_a2c64bf7,1777436160.4724698,18.0,124.0,49.0,-1.40440034866333,0.0,-8.079950332641602,15.225354194641112,7.802224159240723,8.555123329162598,-1.131993055343628,1.972340339325683,1.40440034866333,27.50731658935547
run_1777434949_a2c64bf7,1777436162.4650166,18.0,124.0,49.0,-1.40440034866333,0.0,-8.079950332641602,15.459174156188965,7.802224159240723,8.680963516235352,-1.0240130424499512,1.972340339325683,1.40440034866333,27.50731658935547
run_1777434949_a2c64bf7,1777436164.4693532,18.0,124.0,49.0,-1.40440034866333,0.0,-8.079950332641602,15.682694435119627,7.802224159240723,8.806803703308105,-0.9263331294059752,1.972340339325683,1.40440034866333,27.50731658935547
run_1777434949_a2c64bf7,1777436166.468402,18.0,124.0,49.0,-1.3603544235229492,0.0,-8.03039836883545,15.100656509399414,7.557524681091309,8.928893089294434,-1.3857611417770386,1.8505641575984555,1.3603544235229492,27.50731658935547
run_1777434949_a2c64bf7,1777436168.4762144,18.0,124.0,49.0,-1.3603544235229492,0.0,-8.03039836883545,15.354734420776367,7.557524681091309,9.05078411102295,-1.2535743713378906,1.8505641575984555,1.3603544235229492,27.50731658935547
run_1777434949_a2c64bf7,1777436170.4687097,18.0,124.0,49.0,-1.3603544235229492,0.0,-8.03039836883545,15.59620475769043,7.557524681091309,9.17267608642578,-1.133996605873108,1.8505641575984555,1.3603544235229492,27.50731658935547
run_1777434949_a2c64bf7,1777436172.4730594,18.0,124.0,49.0,-1.316293716430664,0.0,-7.980830192565918,15.008918762207031,7.312742710113525,9.29239559173584,-1.5962194204330444,1.7326291479148497,1.316293716430664,27.50731658935547
run_1777434949_a2c64bf7,1777436174.4755657,18.0,124.0,49.0,-1.316293716430664,0.0,-7.980830192565918,15.27912425994873,7.312742710113525,9.410338401794434,-1.443956971168518,1.7326291479148497,1.316293716430664,27.50731658935547
run_1777434949_a2c64bf7,1777436176.4720793,18.0,124.0,49.0,-1.316293716430664,0.0,-7.980830192565918,15.53480625152588,7.312742710113525,9.528281211853027,-1.306218504905701,1.7326291479148497,1.316293716430664,27.50731658935547
run_1777434949_a2c64bf7,1777436178.4727314,18.0,124.0,49.0,-1.2722172737121582,0.0,-7.931244373321533,14.937943458557127,7.067873954772949,9.645630836486816,-1.7755634784698486,1.6185367915315965,1.2722172737121582,27.50731658935547
run_1777434949_a2c64bf7,1777436180.467748,18.0,124.0,49.0,-1.2722172737121582,0.0,-7.931244373321533,15.221306800842283,7.067873954772949,9.759625434875488,-1.6061934232711792,1.6185367915315965,1.2722172737121582,27.50731658935547
run_1777434949_a2c64bf7,1777436182.470879,18.0,124.0,49.0,-1.2722172737121582,0.0,-7.931244373321533,15.488513946533203,7.067873954772949,9.873619079589844,-1.4529794454574585,1.6185367915315965,1.2722172737121582,27.50731658935547
run_1777434949_a2c64bf7,1777436184.4825387,18.0,124.0,49.0,-1.2722172737121582,0.0,-7.931244373321533,15.741106986999512,7.067873954772949,9.9876127243042,-1.314380764961243,1.6185367915315965,1.2722172737121582,27.50731658935547
run_1777434949_a2c64bf7,1777436186.471154,18.0,124.0,49.0,-1.22816801071167,0.0,-7.881689071655273,15.173870086669922,6.823155879974365,10.098645210266112,-1.7479298114776611,1.5083966625354606,1.22816801071167,27.50731658935547
run_1777434949_a2c64bf7,1777436188.475932,18.0,124.0,49.0,-1.22816801071167,0.0,-7.881689071655273,15.450650215148926,6.823155879974365,10.208690643310549,-1.5811957120895386,1.5083966625354606,1.22816801071167,27.50731658935547
run_1777434949_a2c64bf7,1777436190.4679792,18.0,124.0,49.0,-1.22816801071167,0.0,-7.881689071655273,15.711524963378906,6.823155879974365,10.318735122680664,-1.430366039276123,1.5083966625354606,1.22816801071167,27.50731658935547
run_1777434949_a2c64bf7,1777436192.470297,18.0,124.0,49.0,-1.22816801071167,0.0,-7.881689071655273,15.958011627197266,6.823155879974365,10.428780555725098,-1.2939242124557495,1.5083966625354606,1.22816801071167,27.50731658935547
run_1777434949_a2c64bf7,1777436194.4969268,18.0,124.0,49.0,-1.1841039657592771,0.0,-7.832117080688477,15.384607315063477,6.578355312347412,10.535863876342772,-1.729611873626709,1.402102201726848,1.1841039657592771,27.50731658935547
run_1777434949_a2c64bf7,1777436196.478186,18.0,124.0,49.0,-1.1841039657592771,0.0,-7.832117080688477,15.65569019317627,6.578355312347412,10.641960144042969,-1.564624905586243,1.402102201726848,1.1841039657592771,27.50731658935547
run_1777434949_a2c64bf7,1777436198.4964888,18.0,124.0,49.0,-1.1400408744812012,0.0,-7.782545566558838,15.071884155273438,6.333560466766357,10.747464179992676,-2.009140968322754,1.299693195487862,1.1400408744812012,27.50731658935547
run_1777434949_a2c64bf7,1777436200.461784,18.0,124.0,49.0,-1.1400408744812012,0.0,-7.782545566558838,15.365682601928713,6.333560466766357,10.849611282348633,-1.8174896240234373,1.299693195487862,1.1400408744812012,27.50731658935547
run_1777434949_a2c64bf7,1777436202.472739,18.0,124.0,49.0,-1.1400408744812012,0.0,-7.782545566558838,15.64120101928711,6.333560466766357,10.951759338378906,-1.6441199779510498,1.299693195487862,1.1400408744812012,27.50731658935547
run_1777434949_a2c64bf7,1777436204.4716153,18.0,124.0,49.0,-1.1400408744812012,0.0,-7.782545566558838,15.900179862976074,6.333560466766357,11.053906440734863,-1.4872881174087524,1.299693195487862,1.1400408744812012,27.50731658935547
run_1777434949_a2c64bf7,1777436206.4639452,18.0,124.0,49.0,-1.09598970413208,0.0,-7.732988357543945,15.337567329406738,6.088831424713135,11.153103828430176,-1.9043678045272827,1.2011934315635244,1.09598970413208,27.50731658935547
run_1777434949_a2c64bf7,1777436208.48799,18.0,124.0,49.0,-1.09598970413208,0.0,-7.732988357543945,15.617437362670898,6.088831424713135,11.251317024230955,-1.7227110862731934,1.2011934315635244,1.09598970413208,27.50731658935547
run_1777434949_a2c64bf7,1777436210.4786184,18.0,124.0,49.0,-1.09598970413208,0.0,-7.732988357543945,15.879980087280272,6.088831424713135,11.349530220031738,-1.5583823919296265,1.2011934315635244,1.09598970413208,27.50731658935547
run_1777434949_a2c64bf7,1777436212.4789655,18.0,124.0,49.0,-1.09598970413208,0.0,-7.732988357543945,16.126846313476562,6.088831424713135,11.447744369506836,-1.40972900390625,1.2011934315635244,1.09598970413208,27.50731658935547
run_1777434949_a2c64bf7,1777436214.4705198,18.0,124.0,49.0,-1.0519099235534668,0.0,-7.683398723602295,15.552358627319336,5.843944072723389,11.54298496246338,-1.8345699310302732,1.1065144872702604,1.0519099235534668,27.50731658935547
run_1777434949_a2c64bf7,1777436216.4658277,18.0,124.0,49.0,-1.0519099235534668,0.0,-7.683398723602295,15.82160758972168,5.843944072723389,11.637234687805176,-1.6595711708068848,1.1065144872702604,1.0519099235534668,27.50731658935547
run_1777434949_a2c64bf7,1777436218.4873283,18.0,124.0,49.0,-1.0519099235534668,0.0,-7.683398723602295,16.07416343688965,5.843944072723389,11.731484413146973,-1.5012657642364502,1.1065144872702604,1.0519099235534668,27.50731658935547
run_1777434949_a2c64bf7,1777436220.4647298,18.0,124.0,49.0,-1.0078577995300293,0.0,-7.633840084075928,15.483673095703123,5.599210262298584,11.824357986450195,-1.93989372253418,1.0157773440735127,1.0078577995300293,27.50731658935547
run_1777434949_a2c64bf7,1777436222.4655762,18.0,124.0,49.0,-1.0078577995300293,0.0,-7.633840084075928,15.759034156799316,5.599210262298584,11.914673805236816,-1.7548487186431885,1.0157773440735127,1.0078577995300293,27.50731658935547
run_1777434949_a2c64bf7,1777436224.4912856,18.0,124.0,49.0,-1.0078577995300293,0.0,-7.633840084075928,16.01674461364746,5.599210262298584,12.004989624023438,-1.5874550342559814,1.0157773440735127,1.0078577995300293,27.50731658935547
run_1777434949_a2c64bf7,1777436226.4627566,18.0,124.0,49.0,-0.9637908935546876,0.0,-7.584264755249023,15.419262886047363,5.35439395904541,12.09471321105957,-2.0298445224761963,0.928892886498943,0.9637908935546876,27.50731658935547
run_1777434949_a2c64bf7,1777436228.4731874,18.0,124.0,49.0,-0.9637908935546876,0.0,-7.584264755249023,15.699254989624023,5.35439395904541,12.181079864501951,-1.83621883392334,0.928892886498943,0.9637908935546876,27.50731658935547
run_1777434949_a2c64bf7,1777436230.4622543,18.0,124.0,49.0,-0.9637908935546876,0.0,-7.584264755249023,15.960780143737791,5.35439395904541,12.267447471618652,-1.6610629558563232,0.928892886498943,0.9637908935546876,27.50731658935547
run_1777434949_a2c64bf7,1777436232.4724991,18.0,124.0,49.0,-0.9637908935546876,0.0,-7.584264755249023,16.20559310913086,5.35439395904541,12.353814125061035,-1.502615213394165,0.928892886498943,0.9637908935546876,27.50731658935547
run_1777434949_a2c64bf7,1777436234.4781363,18.0,124.0,49.0,-0.8756842613220215,0.0,-7.485145092010498,14.821931838989258,4.864912509918213,12.434258460998535,-2.477238416671753,0.7668229255270944,0.8756842613220215,27.50731658935547
run_1777434949_a2c64bf7,1777436236.472196,18.0,124.0,49.0,-0.9197392463684082,0.0,-7.5347065925598145,15.933106422424316,5.1096625328063965,12.51647663116455,-1.6930328607559204,0.8459202813103275,0.9197392463684082,27.50731658935547
run_1777434949_a2c64bf7,1777436238.465413,18.0,124.0,49.0,-0.9197392463684082,0.0,-7.5347065925598145,16.1770076751709,5.1096625328063965,12.59887981414795,-1.5315357446670532,0.8459202813103275,0.9197392463684082,27.50731658935547
run_1777434949_a2c64bf7,1777436240.4836173,18.0,124.0,49.0,-0.9197392463684082,0.0,-7.5347065925598145,16.40550422668457,5.1096625328063965,12.681282997131348,-1.385443091392517,0.8459202813103275,0.9197392463684082,27.50731658935547
run_1777434949_a2c64bf7,1777436242.4739044,18.0,124.0,49.0,-0.8756842613220215,0.0,-7.485145092010498,15.813362121582031,4.864912509918213,12.760736465454102,-1.8122857809066768,0.7668229255270944,0.8756842613220215,27.50731658935547
run_1777434949_a2c64bf7,1777436244.474027,18.0,124.0,49.0,-0.8756842613220215,0.0,-7.485145092010498,16.06470489501953,4.864912509918213,12.839205741882324,-1.639412760734558,0.7668229255270944,0.8756842613220215,27.50731658935547
run_1777434949_a2c64bf7,1777436246.4602203,18.0,124.0,49.0,-0.8316159248352051,0.0,-7.435567855834961,15.49259090423584,4.620088577270508,12.914702415466309,-2.042198896408081,0.6915850464395135,0.8316159248352051,27.50731658935547
run_1777434949_a2c64bf7,1777436248.4725106,18.0,124.0,49.0,-0.8756842613220215,0.0,-7.485145092010498,16.558561325073242,4.864912509918213,12.99297332763672,-1.2993253469467163,0.7668229255270944,0.8756842613220215,27.50731658935547
run_1777434949_a2c64bf7,1777436250.4739342,18.0,124.0,49.0,-0.8316159248352051,0.0,-7.435567855834961,15.954007148742676,4.620088577270508,13.068470001220703,-1.7345523834228516,0.6915850464395135,0.8316159248352051,27.50731658935547
run_1777434949_a2c64bf7,1777436252.4732249,18.0,124.0,49.0,-0.8316159248352051,0.0,-7.435567855834961,16.193971633911133,4.620088577270508,13.14297580718994,-1.5690943002700806,0.6915850464395135,0.8316159248352051,27.50731658935547
run_1777434949_a2c64bf7,1777436254.4770246,18.0,124.0,49.0,-0.8316159248352051,0.0,-7.435567855834961,16.41815185546875,4.620088577270508,13.21748161315918,-1.4194188117980957,0.6915850464395135,0.8316159248352051,27.50731658935547
run_1777434949_a2c64bf7,1777436256.4646337,18.0,124.0,49.0,-0.7875461578369141,0.0,-7.385989189147949,15.799779891967772,4.375256538391113,13.290611267089844,-1.8660870790481567,0.6202289507236856,0.7875461578369141,27.50731658935547
run_1777434949_a2c64bf7,1777436258.467621,18.0,124.0,49.0,-0.8316159248352051,0.0,-7.435567855834961,16.85532569885254,4.620088577270508,13.36413288116455,-1.128895282745361,0.6915850464395135,0.8316159248352051,27.50731658935547
run_1777434949_a2c64bf7,1777436260.4816067,18.0,124.0,49.0,-0.7875461578369141,0.0,-7.385989189147949,16.240859985351562,4.375256538391113,13.43490219116211,-1.5692973136901855,0.6202289507236856,0.7875461578369141,27.50731658935547
run_1777434949_a2c64bf7,1777436262.468245,18.0,124.0,49.0,-0.7875461578369141,0.0,-7.385989189147949,16.46112823486328,4.375256538391113,13.505474090576172,-1.4196029901504517,0.6202289507236856,0.7875461578369141,27.50731658935547
run_1777434949_a2c64bf7,1777436264.467114,18.0,124.0,49.0,-0.7875461578369141,0.0,-7.385989189147949,16.6671142578125,4.375256538391113,13.576045989990234,-1.2841877937316897,0.6202289507236856,0.7875461578369141,27.50731658935547
run_1777434949_a2c64bf7,1777436266.5139656,18.0,124.0,49.0,-0.7434768676757812,0.0,-7.336411476135254,16.04266929626465,4.130427360534668,13.644437789916992,-1.7321957349777222,0.5527578527689911,0.7434768676757812,27.50731658935547
run_1777434949_a2c64bf7,1777436268.4681587,18.0,124.0,49.0,-0.7434768676757812,0.0,-7.336411476135254,16.27450942993164,4.130427360534668,13.711045265197754,-1.5669623613357544,0.5527578527689911,0.7434768676757812,27.50731658935547
run_1777434949_a2c64bf7,1777436270.4598973,18.0,124.0,49.0,-0.7434768676757812,0.0,-7.336411476135254,16.490591049194336,4.130427360534668,13.777653694152832,-1.4174911975860596,0.5527578527689911,0.7434768676757812,27.50731658935547
run_1777434949_a2c64bf7,1777436272.4696417,18.0,124.0,49.0,-0.6553487777709961,0.0,-7.23726749420166,15.036066055297852,3.640826463699341,13.841497421264648,-2.446258544921875,0.4294820205259384,0.6553487777709961,27.50731658935547
run_1777434949_a2c64bf7,1777436274.4756515,18.0,124.0,49.0,-0.6994061470031738,0.0,-7.286831855773926,16.145416259765625,3.885589838027954,13.902388572692873,-1.642560362815857,0.4891689584658252,0.6994061470031738,27.50731658935547
run_1777434949_a2c64bf7,1777436276.472471,18.0,124.0,49.0,-0.6994061470031738,0.0,-7.286831855773926,16.364774703979492,3.885589838027954,13.965063095092772,-1.4858773946762085,0.4891689584658252,0.6994061470031738,27.50731658935547
run_1777434949_a2c64bf7,1777436278.4843364,18.0,124.0,49.0,-0.6994061470031738,0.0,-7.286831855773926,16.56918716430664,3.885589838027954,14.02773666381836,-1.3441402912139893,0.4891689584658252,0.6994061470031738,27.50731658935547
run_1777434949_a2c64bf7,1777436280.4604912,18.0,124.0,49.0,-0.6553487777709961,0.0,-7.23726749420166,15.932024002075195,3.640826463699341,14.08902359008789,-1.797826051712036,0.4294820205259384,0.6553487777709961,27.50731658935547
run_1777434949_a2c64bf7,1777436282.479338,18.0,124.0,49.0,-0.6553487777709961,0.0,-7.23726749420166,16.162227630615234,3.640826463699341,14.147734642028809,-1.6263326406478882,0.4294820205259384,0.6553487777709961,27.50731658935547
run_1777434949_a2c64bf7,1777436284.4800017,18.0,124.0,49.0,-0.6553487777709961,0.0,-7.23726749420166,16.376073837280273,3.640826463699341,14.206445693969728,-1.4711973667144775,0.4294820205259384,0.6553487777709961,27.50731658935547
run_1777434949_a2c64bf7,1777436286.469916,18.0,124.0,49.0,-0.6112766265869141,0.0,-7.187685966491699,15.757569313049316,3.395981311798096,14.262991905212402,-1.9014034271240237,0.3736591142114775,0.6112766265869141,27.50731658935547
run_1777434949_a2c64bf7,1777436288.5231965,18.0,124.0,49.0,-0.6112766265869141,0.0,-7.187685966491699,15.95109748840332,3.395981311798096,14.320916175842283,-1.7657997608184814,0.3736591142114775,0.6112766265869141,27.50731658935547
run_1777434949_a2c64bf7,1777436290.484114,18.0,124.0,49.0,-0.6112766265869141,0.0,-7.187685966491699,16.174312591552734,3.395981311798096,14.375692367553713,-1.5973613262176514,0.3736591142114775,0.6112766265869141,27.50731658935547
run_1777434949_a2c64bf7,1777436292.6858368,18.0,124.0,49.0,-0.567204475402832,0.0,-7.1381049156188965,15.667221069335938,3.1511359214782715,14.455281257629396,-1.9391961097717283,0.3217209169170019,0.567204475402832,27.50731658935547
run_1777434949_a2c64bf7,1777436295.6097677,18.0,124.0,49.0,-0.567204475402832,0.0,-7.1381049156188965,15.9030122756958,3.1511359214782715,14.506093978881836,-1.7542173862457275,0.3217209169170019,0.567204475402832,27.50731658935547
run_1777434949_a2c64bf7,1777436297.471987,18.0,124.0,49.0,-0.567204475402832,0.0,-7.1381049156188965,16.121158599853516,3.1511359214782715,14.556906700134276,-1.586883544921875,0.3217209169170019,0.567204475402832,27.50731658935547
run_1777434949_a2c64bf7,1777436299.4705973,18.0,124.0,49.0,-0.567204475402832,0.0,-7.1381049156188965,16.323345184326172,3.1511359214782715,14.607720375061035,-1.4355114698410034,0.3217209169170019,0.567204475402832,27.50731658935547
run_1777434949_a2c64bf7,1777436301.4653006,18.0,124.0,49.0,-0.5231304168701172,0.0,-7.088521957397461,15.666142463684082,2.906280279159546,14.658336639404297,-1.8984754085540767,0.2736654330547026,0.5231304168701172,27.50731658935547
run_1777434949_a2c64bf7,1777436303.5037704,18.0,124.0,49.0,-0.5231304168701172,0.0,-7.088521957397461,15.894115447998049,2.906280279159546,14.705215454101562,-1.7173806428909302,0.2736654330547026,0.5231304168701172,27.50731658935547
run_1777434949_a2c64bf7,1777436305.4880855,18.0,124.0,49.0,-0.4790558815002441,0.0,-7.038938045501709,15.259854316711426,2.661421537399292,14.751895904541016,-2.153463363647461,0.2294945375999759,0.4790558815002441,27.50731658935547
run_1777434949_a2c64bf7,1777436307.475178,18.0,124.0,49.0,-0.4790558815002441,0.0,-7.038938045501709,15.508186340332031,2.661421537399292,14.794811248779297,-1.948046088218689,0.2294945375999759,0.4790558815002441,27.50731658935547
run_1777434949_a2c64bf7,1777436309.485963,18.0,124.0,49.0,-0.4790558815002441,0.0,-7.038938045501709,15.73692512512207,2.661421537399292,14.837726593017578,-1.7622230052947998,0.2294945375999759,0.4790558815002441,27.50731658935547
run_1777434949_a2c64bf7,1777436311.463197,18.0,124.0,49.0,-0.4790558815002441,0.0,-7.038938045501709,15.947937965393066,2.661421537399292,14.88064193725586,-1.594125509262085,0.2294945375999759,0.4790558815002441,27.50731658935547
run_1777434949_a2c64bf7,1777436313.482771,18.0,124.0,49.0,-0.4790558815002441,0.0,-7.038938045501709,16.14291763305664,2.661421537399292,14.92355728149414,-1.4420626163482666,0.2294945375999759,0.4790558815002441,27.50731658935547
run_1777434949_a2c64bf7,1777436315.4638772,18.0,124.0,49.0,-0.4790558815002441,0.0,-7.038938045501709,16.32339096069336,2.661421537399292,14.966472625732422,-1.3045049905776978,0.2294945375999759,0.4790558815002441,27.50731658935547
run_1777434949_a2c64bf7,1777436317.471152,18.0,124.0,49.0,-0.4790558815002441,0.0,-7.038938045501709,16.490741729736328,2.661421537399292,15.009387969970703,-1.180069088935852,0.2294945375999759,0.4790558815002441,27.50731658935547
run_1777434949_a2c64bf7,1777436319.559847,18.0,124.0,49.0,-0.4349956512451172,0.0,-6.989370346069336,15.812654495239258,2.416642665863037,15.05132007598877,-1.6553068161010742,0.1892212166021636,0.4349956512451172,27.50731658935547
run_1777434949_a2c64bf7,1777436321.471711,18.0,124.0,49.0,-0.4349956512451172,0.0,-6.989370346069336,16.009536743164062,2.416642665863037,15.090301513671877,-1.4974079132080078,0.1892212166021636,0.4349956512451172,27.50731658935547
run_1777434949_a2c64bf7,1777436323.4669771,18.0,124.0,49.0,-0.4349956512451172,0.0,-6.989370346069336,16.191354751586914,2.416642665863037,15.12928295135498,-1.3545711040496826,0.1892212166021636,0.4349956512451172,27.50731658935547
run_1777434949_a2c64bf7,1777436325.4825802,18.0,124.0,49.0,-0.3909206390380859,0.0,-6.939785957336426,15.621325492858888,2.171781301498413,15.185575485229492,-1.7360315322875977,0.1528189460259454,0.3909206390380859,27.50731658935547
run_1777434949_a2c64bf7,1777436328.4628534,18.0,124.0,49.0,-0.3909206390380859,0.0,-6.939785957336426,15.78964900970459,2.171781301498413,15.222970962524414,-1.6051040887832642,0.1528189460259454,0.3909206390380859,27.50731658935547
run_1777434949_a2c64bf7,1777436330.5259168,18.0,124.0,49.0,-0.3909206390380859,0.0,-6.939785957336426,15.977775573730469,2.171781301498413,15.257988929748535,-1.4519938230514526,0.1528189460259454,0.3909206390380859,27.50731658935547
run_1777434949_a2c64bf7,1777436332.5720668,18.0,124.0,49.0,-0.3909206390380859,0.0,-6.939785957336426,16.15129852294922,2.171781301498413,15.293006896972656,-1.313489317893982,0.1528189460259454,0.3909206390380859,27.50731658935547
run_1777434949_a2c64bf7,1777436334.4721372,18.0,124.0,49.0,-0.3909206390380859,0.0,-6.939785957336426,16.311609268188477,2.171781301498413,15.32802391052246,-1.188196301460266,0.1528189460259454,0.3909206390380859,27.50731658935547
run_1777434949_a2c64bf7,1777436336.5366952,18.0,124.0,49.0,-0.3909206390380859,0.0,-6.939785957336426,16.45996856689453,2.171781301498413,15.363041877746582,-1.0748549699783323,0.1528189460259454,0.3909206390380859,27.50731658935547
run_1777434949_a2c64bf7,1777436338.470004,18.0,124.0,49.0,-0.3468303680419922,0.0,-6.89018440246582,15.779627799987791,1.9268354177474976,15.395895957946776,-1.543102741241455,0.1202913041961437,0.3468303680419922,27.50731658935547
run_1777434949_a2c64bf7,1777436340.468989,18.0,124.0,49.0,-0.3468303680419922,0.0,-6.89018440246582,15.957908630371094,1.9268354177474976,15.426980018615724,-1.395906686782837,0.1202913041961437,0.3468303680419922,27.50731658935547
run_1777434949_a2c64bf7,1777436342.4695556,18.0,124.0,49.0,-0.3468303680419922,0.0,-6.89018440246582,16.122146606445312,1.9268354177474976,15.458064079284668,-1.2627522945404053,0.1202913041961437,0.3468303680419922,27.50731658935547
run_1777434949_a2c64bf7,1777436344.5036106,18.0,124.0,49.0,-0.3468303680419922,0.0,-6.89018440246582,16.273683547973633,1.9268354177474976,15.489147186279297,-1.1422991752624512,0.1202913041961437,0.3468303680419922,27.50731658935547
run_1777434949_a2c64bf7,1777436346.6043994,18.0,124.0,49.0,-0.3468303680419922,0.0,-6.89018440246582,16.41373062133789,1.9268354177474976,15.520231246948242,-1.03333580493927,0.1202913041961437,0.3468303680419922,27.50731658935547
run_1777434949_a2c64bf7,1777436348.5214255,18.0,124.0,49.0,-0.3468303680419922,0.0,-6.89018440246582,16.575666427612305,1.9268354177474976,15.54893684387207,-0.9001046419143677,0.1202913041961437,0.3468303680419922,27.50731658935547
run_1777434949_a2c64bf7,1777436350.5087912,18.0,124.0,49.0,-0.3027677536010742,0.0,-6.84061336517334,15.864459991455078,1.6820430755615234,15.578633308410645,-1.396215796470642,0.0916683126206407,0.3027677536010742,27.50731658935547
run_1777434949_a2c64bf7,1777436352.474187,18.0,124.0,49.0,-0.3027677536010742,0.0,-6.84061336517334,16.024765014648438,1.6820430755615234,15.605753898620604,-1.2630316019058228,0.0916683126206407,0.3027677536010742,27.50731658935547
run_1777434949_a2c64bf7,1777436354.475523,18.0,124.0,49.0,-0.3027677536010742,0.0,-6.84061336517334,16.172365188598633,1.6820430755615234,15.63287353515625,-1.1425516605377195,0.0916683126206407,0.3027677536010742,27.50731658935547
run_1777434949_a2c64bf7,1777436356.4678087,18.0,124.0,49.0,-0.3027677536010742,0.0,-6.84061336517334,16.308473587036133,1.6820430755615234,15.659994125366213,-1.0335643291473389,0.0916683126206407,0.3027677536010742,27.50731658935547
run_1777434949_a2c64bf7,1777436358.4701035,18.0,124.0,49.0,-0.2586903572082519,0.0,-6.791026592254639,15.605765342712402,1.4371687173843384,15.68573760986328,-1.51714026927948,0.066920700912533,0.2586903572082519,27.50731658935547
run_1777434949_a2c64bf7,1777436360.4642456,18.0,124.0,49.0,-0.2586903572082519,0.0,-6.791026592254639,15.773672103881836,1.4371687173843384,15.70892333984375,-1.3724209070205688,0.066920700912533,0.2586903572082519,27.50731658935547
run_1777434949_a2c64bf7,1777436362.4711027,18.0,124.0,49.0,-0.2586903572082519,0.0,-6.791026592254639,15.927772521972656,1.4371687173843384,15.73210906982422,-1.2415060997009275,0.066920700912533,0.2586903572082519,27.50731658935547
run_1777434949_a2c64bf7,1777436364.464857,18.0,124.0,49.0,-0.2586903572082519,0.0,-6.791026592254639,16.069385528564453,1.4371687173843384,15.755295753479004,-1.123079538345337,0.066920700912533,0.2586903572082519,27.50731658935547
run_1777434949_a2c64bf7,1777436366.4730277,18.0,124.0,49.0,-0.2586903572082519,0.0,-6.791026592254639,16.1997013092041,1.4371687173843384,15.778482437133787,-1.0159497261047363,0.066920700912533,0.2586903572082519,27.50731658935547
run_1777434949_a2c64bf7,1777436368.4702146,18.0,124.0,49.0,-0.2586903572082519,0.0,-6.791026592254639,16.319799423217773,1.4371687173843384,15.801668167114258,-0.919038712978363,0.066920700912533,0.2586903572082519,27.50731658935547
run_1777434949_a2c64bf7,1777436370.4667242,18.0,124.0,49.0,-0.2586903572082519,0.0,-6.791026592254639,16.430652618408203,1.4371687173843384,15.824853897094728,-0.831372082233429,0.066920700912533,0.2586903572082519,27.50731658935547
run_1777434949_a2c64bf7,1777436372.4730926,18.0,124.0,49.0,-0.2586903572082519,0.0,-6.791026592254639,16.53314208984375,1.4371687173843384,15.848040580749512,-0.7520679831504822,0.066920700912533,0.2586903572082519,27.50731658935547
run_1777434949_a2c64bf7,1777436374.4564078,18.0,124.0,49.0,-0.2586903572082519,0.0,-6.791026592254639,16.628067016601562,1.4371687173843384,15.871227264404297,-0.6803287267684937,0.066920700912533,0.2586903572082519,27.50731658935547
run_1777434949_a2c64bf7,1777436376.4956875,18.0,124.0,49.0,-0.2146410942077636,0.0,-6.741471290588379,15.909531593322754,1.1924505233764648,15.891440391540527,-1.1743594408035278,0.046070799322706,0.2146410942077636,27.50731658935547
run_1777434949_a2c64bf7,1777436378.472787,18.0,124.0,49.0,-0.2146410942077636,0.0,-6.741471290588379,16.00918960571289,1.1924505233764648,15.913041114807127,-1.0963016748428345,0.046070799322706,0.2146410942077636,27.50731658935547
run_1777434949_a2c64bf7,1777436380.53589,18.0,124.0,49.0,-0.2146410942077636,0.0,-6.741471290588379,16.13298797607422,1.1924505233764648,15.932263374328612,-0.9917260408401488,0.046070799322706,0.2146410942077636,27.50731658935547
run_1777434949_a2c64bf7,1777436382.4724836,18.0,124.0,49.0,-0.170562744140625,0.0,-6.691883087158203,15.418375015258787,0.94757080078125,15.950109481811523,-1.4793055057525637,0.0290916496887803,0.170562744140625,27.50731658935547
run_1777434949_a2c64bf7,1777436384.4734275,18.0,124.0,49.0,-0.2146410942077636,0.0,-6.741471290588379,16.381900787353516,1.1924505233764648,15.968348503112791,-0.7788991928100586,0.046070799322706,0.2146410942077636,27.50731658935547
run_1777434949_a2c64bf7,1777436386.6965296,18.0,124.0,49.0,-0.2146410942077636,0.0,-6.741471290588379,16.475421905517578,1.1924505233764648,15.987570762634276,-0.70460045337677,0.046070799322706,0.2146410942077636,27.50731658935547
run_1777434949_a2c64bf7,1777436388.493362,18.0,124.0,49.0,-0.170562744140625,0.0,-6.691883087158203,15.754728317260742,0.94757080078125,16.003843307495117,-1.1966851949691772,0.0290916496887803,0.170562744140625,27.50731658935547
run_1777434949_a2c64bf7,1777436390.7047052,18.0,124.0,49.0,-0.170562744140625,0.0,-6.691883087158203,15.88416862487793,0.94757080078125,16.01913070678711,-1.0825340747833252,0.0290916496887803,0.170562744140625,27.50731658935547
run_1777434949_a2c64bf7,1777436392.4666092,18.0,124.0,49.0,-0.170562744140625,0.0,-6.691883087158203,16.00271987915039,0.94757080078125,16.034420013427734,-0.9792720079421996,0.0290916496887803,0.170562744140625,27.50731658935547
run_1777434949_a2c64bf7,1777436394.470558,18.0,124.0,49.0,-0.170562744140625,0.0,-6.691883087158203,16.111419677734375,0.94757080078125,16.04970932006836,-0.8858596682548523,0.0290916496887803,0.170562744140625,27.50731658935547
run_1777434949_a2c64bf7,1777436396.467283,18.0,124.0,49.0,-0.170562744140625,0.0,-6.691883087158203,16.211210250854492,0.94757080078125,16.06499671936035,-0.8013579249382019,0.0290916496887803,0.170562744140625,27.50731658935547
run_1777434949_a2c64bf7,1777436398.4820971,18.0,124.0,49.0,-0.170562744140625,0.0,-6.691883087158203,16.302940368652344,0.94757080078125,16.080286026000977,-0.7249166965484619,0.0290916496887803,0.170562744140625,27.50731658935547
run_1777434949_a2c64bf7,1777436400.467372,18.0,124.0,49.0,-0.170562744140625,0.0,-6.691883087158203,16.38737678527832,0.94757080078125,16.09557342529297,-0.6557672023773193,0.0290916496887803,0.170562744140625,27.50731658935547
run_1777434949_a2c64bf7,1777436402.5368202,18.0,124.0,49.0,-0.170562744140625,0.0,-6.691883087158203,16.465219497680664,0.94757080078125,16.110862731933594,-0.5932140350341797,0.0290916496887803,0.170562744140625,27.50731658935547
run_1777434949_a2c64bf7,1777436404.4578984,18.0,124.0,49.0,-0.170562744140625,0.0,-6.691883087158203,16.537094116210938,0.94757080078125,16.12615203857422,-0.5366276502609253,0.0290916496887803,0.170562744140625,27.50731658935547
run_1777434949_a2c64bf7,1777436406.505524,18.0,124.0,49.0,-0.170562744140625,0.0,-6.691883087158203,16.60357093811035,0.94757080078125,16.14143943786621,-0.4854390919208526,0.0290916496887803,0.170562744140625,27.50731658935547
run_1777434949_a2c64bf7,1777436408.4899096,18.0,124.0,49.0,-0.1264834403991699,0.0,-6.642293930053711,15.84746551513672,0.7026857733726501,16.15454864501953,-1.0097687244415283,0.0159980606952103,0.1264834403991699,27.50731658935547
run_1777434949_a2c64bf7,1777436410.4817882,18.0,124.0,49.0,-0.1264834403991699,0.0,-6.642293930053711,15.955111503601074,0.7026857733726501,16.16587257385254,-0.9134474992752076,0.0159980606952103,0.1264834403991699,27.50731658935547
run_1777434949_a2c64bf7,1777436412.4667506,18.0,124.0,49.0,-0.1264834403991699,0.0,-6.642293930053711,16.053569793701172,0.7026857733726501,16.17719841003418,-0.8263142108917236,0.0159980606952103,0.1264834403991699,27.50731658935547
run_1777434949_a2c64bf7,1777436414.4645696,18.0,124.0,49.0,-0.1264834403991699,0.0,-6.642293930053711,16.143714904785156,0.7026857733726501,16.188522338867188,-0.7474926710128784,0.0159980606952103,0.1264834403991699,27.50731658935547
run_1777434949_a2c64bf7,1777436416.4718378,18.0,124.0,49.0,-0.1264834403991699,0.0,-6.642293930053711,16.226343154907227,0.7026857733726501,16.199848175048828,-0.6761898994445801,0.0159980606952103,0.1264834403991699,27.50731658935547
run_1777434949_a2c64bf7,1777436418.5247433,18.0,124.0,49.0,-0.1264834403991699,0.0,-6.642293930053711,16.302169799804688,0.7026857733726501,16.211172103881836,-0.611688494682312,0.0159980606952103,0.1264834403991699,27.50731658935547
run_1777434949_a2c64bf7,1777436420.4620564,18.0,124.0,49.0,-0.1264834403991699,0.0,-6.642293930053711,16.371843338012695,0.7026857733726501,16.222497940063477,-0.5533398985862732,0.0159980606952103,0.1264834403991699,27.50731658935547
run_1777434949_a2c64bf7,1777436422.483976,18.0,124.0,49.0,-0.0824170112609863,0.0,-6.592719078063965,15.639355659484863,0.4578723013401031,16.230085372924805,-1.04860258102417,0.0067925637451935,0.0824170112609863,27.50731658935547
run_1777434949_a2c64bf7,1777436424.478809,18.0,124.0,49.0,-0.0383367538452148,0.0,-6.543128967285156,14.929054260253906,0.2129819691181183,16.23529624938965,-1.5192245244979858,0.0014697066953885,0.0383367538452148,27.50731658935547
run_1777434949_a2c64bf7,1777436426.5762691,18.0,124.0,49.0,-0.0824170112609863,0.0,-6.592719078063965,15.874272346496582,0.4578723013401031,16.242488861083984,-0.8260892033576965,0.0067925637451935,0.0824170112609863,27.50731658935547
run_1777434949_a2c64bf7,1777436428.4843547,18.0,124.0,49.0,-0.0824170112609863,0.0,-6.592719078063965,15.960463523864746,0.4578723013401031,16.249879837036133,-0.7472890019416809,0.0067925637451935,0.0824170112609863,27.50731658935547
run_1777434949_a2c64bf7,1777436430.5330558,18.0,124.0,49.0,-0.0824170112609863,0.0,-6.592719078063965,16.03913688659668,0.4578723013401031,16.25727081298828,-0.6760056018829346,0.0067925637451935,0.0824170112609863,27.50731658935547
run_1777434949_a2c64bf7,1777436432.464728,18.0,124.0,49.0,-0.0824170112609863,0.0,-6.592719078063965,16.111013412475586,0.4578723013401031,16.26466178894043,-0.6115218997001648,0.0067925637451935,0.0824170112609863,27.50731658935547
run_1777434949_a2c64bf7,1777436434.4579442,18.0,124.0,49.0,-0.0824170112609863,0.0,-6.592719078063965,16.17673683166504,0.4578723013401031,16.272052764892578,-0.5531891584396362,0.0067925637451935,0.0824170112609863,27.50731658935547
run_1777434949_a2c64bf7,1777436436.468379,18.0,124.0,49.0,-0.0824170112609863,0.0,-6.592719078063965,16.236894607543945,0.4578723013401031,16.279443740844727,-0.5004208087921143,0.0067925637451935,0.0824170112609863,27.50731658935547
run_1777434949_a2c64bf7,1777436438.4636052,18.0,124.0,49.0,-0.0824170112609863,0.0,-6.592719078063965,16.292022705078125,0.4578723013401031,16.286834716796875,-0.4526859521865845,0.0067925637451935,0.0824170112609863,27.50731658935547
run_1777434949_a2c64bf7,1777436440.4668744,18.0,124.0,49.0,-0.0824170112609863,0.0,-6.592719078063965,16.342594146728516,0.4578723013401031,16.294225692749023,-0.4095045328140259,0.0067925637451935,0.0824170112609863,27.50731658935547
run_1777434949_a2c64bf7,1777436442.4592204,18.0,124.0,49.0,-0.0824170112609863,0.0,-6.592719078063965,16.389047622680664,0.4578723013401031,16.301616668701172,-0.3704420626163482,0.0067925637451935,0.0824170112609863,27.50731658935547
run_1777434949_a2c64bf7,1777436444.4705284,18.0,124.0,49.0,-0.0824170112609863,0.0,-6.592719078063965,16.431774139404297,0.4578723013401031,16.30900764465332,-0.3351058661937713,0.0067925637451935,0.0824170112609863,27.50731658935547
run_1777434949_a2c64bf7,1777436446.4733047,18.0,124.0,49.0,-0.0824170112609863,0.0,-6.592719078063965,16.47113037109375,0.4578723013401031,16.31639862060547,-0.3031402826309204,0.0067925637451935,0.0824170112609863,27.50731658935547
run_1777434949_a2c64bf7,1777436448.4674249,18.0,124.0,49.0,-0.0824170112609863,0.0,-6.592719078063965,16.50743865966797,0.4578723013401031,16.323789596557617,-0.2742239236831665,0.0067925637451935,0.0824170112609863,27.50731658935547
run_1777434949_a2c64bf7,1777436450.4808054,18.0,124.0,49.0,-0.0383367538452148,0.0,-6.543128967285156,15.70150661468506,0.2129819691181183,16.330585479736328,-0.8420617580413818,0.0014697066953885,0.0383367538452148,27.50731658935547
run_1777434949_a2c64bf7,1777436452.4585052,18.0,124.0,49.0,-0.0383367538452148,0.0,-6.543128967285156,15.78525733947754,0.2129819691181183,16.334012985229492,-0.7617380023002625,0.0014697066953885,0.0383367538452148,27.50731658935547
run_1777434949_a2c64bf7,1777436454.4600236,18.0,124.0,49.0,-0.0824170112609863,0.0,-6.592719078063965,16.700828552246094,0.4578723013401031,16.338035583496094,-0.0950802788138389,0.0067925637451935,0.0824170112609863,27.50731658935547
run_1777434949_a2c64bf7,1777436456.4729216,18.0,124.0,49.0,-0.0383367538452148,0.0,-6.543128967285156,15.89957046508789,0.2129819691181183,16.343246459960938,-0.6566583514213562,0.0014697066953885,0.0383367538452148,27.50731658935547
run_1777434949_a2c64bf7,1777436458.4672384,18.0,124.0,49.0,-0.0383367538452148,0.0,-6.543128967285156,15.965636253356934,0.2129819691181183,16.3466739654541,-0.5940201282501221,0.0014697066953885,0.0383367538452148,27.50731658935547
run_1777434949_a2c64bf7,1777436460.4575284,18.0,124.0,49.0,-0.0383367538452148,0.0,-6.543128967285156,16.025726318359375,0.2129819691181183,16.350101470947266,-0.5373568534851074,0.0014697066953885,0.0383367538452148,27.50731658935547
run_1777434949_a2c64bf7,1777436462.46586,18.0,124.0,49.0,0.005744457244873,0.0,-6.493537425994873,15.24075984954834,-0.0319136492908,16.352781295776367,-1.0801074504852295,3.299878903817444e-05,0.005744457244873,27.50731658935547
run_1777434949_a2c64bf7,1777436464.464216,18.0,124.0,49.0,-0.0383367538452148,0.0,-6.543128967285156,16.160533905029297,0.2129819691181183,16.35396957397461,-0.4064165949821472,0.0014697066953885,0.0383367538452148,27.50731658935547
run_1777434949_a2c64bf7,1777436466.4827485,18.0,124.0,49.0,-0.0383367538452148,0.0,-6.543128967285156,16.202730178833008,0.2129819691181183,16.357397079467773,-0.3676487505435943,0.0014697066953885,0.0383367538452148,27.50731658935547
run_1777434949_a2c64bf7,1777436468.473838,18.0,124.0,49.0,-0.0383367538452148,0.0,-6.543128967285156,16.241226196289062,0.2129819691181183,16.360824584960938,-0.3325789868831634,0.0014697066953885,0.0383367538452148,27.50731658935547
run_1777434949_a2c64bf7,1777436470.48018,18.0,124.0,49.0,-0.0383367538452148,0.0,-6.543128967285156,16.276378631591797,0.2129819691181183,16.36425018310547,-0.3008544743061065,0.0014697066953885,0.0383367538452148,27.50731658935547
run_1777434949_a2c64bf7,1777436472.469751,18.0,124.0,49.0,-0.0383367538452148,0.0,-6.543128967285156,16.308504104614258,0.2129819691181183,16.367677688598633,-0.272156149148941,0.0014697066953885,0.0383367538452148,27.50731658935547
run_1777434949_a2c64bf7,1777436474.467197,18.0,124.0,49.0,-0.0383367538452148,0.0,-6.543128967285156,16.337892532348633,0.2129819691181183,16.371105194091797,-0.2461953163146972,0.0014697066953885,0.0383367538452148,27.50731658935547
run_1777434949_a2c64bf7,1777436476.4570286,18.0,124.0,49.0,-0.0383367538452148,0.0,-6.543128967285156,16.364803314208984,0.2129819691181183,16.37453269958496,-0.2227108627557754,0.0014697066953885,0.0383367538452148,27.50731658935547
run_1777434949_a2c64bf7,1777436478.4665718,18.0,124.0,49.0,-0.0383367538452148,0.0,-6.543128967285156,16.389474868774414,0.2129819691181183,16.377960205078125,-0.2014666050672531,0.0014697066953885,0.0383367538452148,27.50731658935547
run_1777434949_a2c64bf7,1777436480.455286,18.0,124.0,49.0,-0.0383367538452148,0.0,-6.543128967285156,16.412120819091797,0.2129819691181183,16.38138771057129,-0.1822488009929657,0.0014697066953885,0.0383367538452148,27.50731658935547
run_1777434949_a2c64bf7,1777436482.463415,18.0,124.0,49.0,-0.0383367538452148,0.0,-6.543128967285156,16.432933807373047,0.2129819691181183,16.384815216064453,-0.164864182472229,0.0014697066953885,0.0383367538452148,27.50731658935547
run_1777434949_a2c64bf7,1777436484.4868302,18.0,124.0,49.0,0.005744457244873,0.0,-6.493537425994873,15.623230934143066,-0.0319136492908,16.386499404907227,-0.7313551902770996,3.299878903817444e-05,0.005744457244873,27.50731658935547
run_1777434949_a2c64bf7,1777436486.5016353,18.0,124.0,49.0,0.005744457244873,0.0,-6.493537425994873,15.691444396972656,-0.0319136492908,16.384950637817383,-0.661591649055481,3.299878903817444e-05,0.005744457244873,27.50731658935547
run_1777434949_a2c64bf7,1777436488.4830875,18.0,124.0,49.0,0.005744457244873,0.0,-6.493537425994873,15.75300407409668,-0.0319136492908,16.383399963378906,-0.5984827876091003,3.299878903817444e-05,0.005744457244873,27.50731658935547
run_1777434949_a2c64bf7,1777436490.4605536,18.0,124.0,49.0,0.005744457244873,0.0,-6.493537425994873,15.80854320526123,-0.0319136492908,16.381851196289062,-0.5413937568664551,3.299878903817444e-05,0.005744457244873,27.50731658935547
run_1777434949_a2c64bf7,1777436492.4697845,18.0,124.0,49.0,0.005744457244873,0.0,-6.493537425994873,15.858636856079102,-0.0319136492908,16.380300521850586,-0.4897505044937134,3.299878903817444e-05,0.005744457244873,27.50731658935547
run_1777434949_a2c64bf7,1777436494.467599,18.0,124.0,49.0,0.005744457244873,0.0,-6.493537425994873,15.903803825378418,-0.0319136492908,16.378751754760742,-0.4430334568023681,3.299878903817444e-05,0.005744457244873,27.50731658935547
run_1777434949_a2c64bf7,1777436496.4706066,18.0,124.0,49.0,0.005744457244873,0.0,-6.493537425994873,15.944515228271484,-0.0319136492908,16.377201080322266,-0.4007727801799774,3.299878903817444e-05,0.005744457244873,27.50731658935547
run_1777434949_a2c64bf7,1777436498.4568632,18.0,124.0,49.0,0.005744457244873,0.0,-6.493537425994873,15.981194496154783,-0.0319136492908,16.375652313232422,-0.3625433146953583,3.299878903817444e-05,0.005744457244873,27.50731658935547
run_1777434949_a2c64bf7,1777436500.4696617,18.0,124.0,49.0,0.005744457244873,0.0,-6.493537425994873,16.01422691345215,-0.0319136492908,16.374101638793945,-0.3279605209827423,3.299878903817444e-05,0.005744457244873,27.50731658935547
run_1777434949_a2c64bf7,1777436502.4689295,18.0,124.0,49.0,0.005744457244873,0.0,-6.493537425994873,16.043962478637695,-0.0319136492908,16.3725528717041,-0.2966766059398651,3.299878903817444e-05,0.005744457244873,27.50731658935547
run_1777434949_a2c64bf7,1777436504.4673908,18.0,124.0,49.0,0.005744457244873,0.0,-6.493537425994873,16.070711135864258,-0.0319136492908,16.371002197265625,-0.2683767676353454,3.299878903817444e-05,0.005744457244873,27.50731658935547
run_1777434949_a2c64bf7,1777436506.461962,18.0,124.0,49.0,0.005744457244873,0.0,-6.493537425994873,16.094762802124023,-0.0319136492908,16.36945343017578,-0.2427764534950256,3.299878903817444e-05,0.005744457244873,27.50731658935547
run_1777434949_a2c64bf7,1777436508.4563107,18.0,124.0,49.0,0.005744457244873,0.0,-6.493537425994873,16.116371154785156,-0.0319136492908,16.367902755737305,-0.2196181267499923,3.299878903817444e-05,0.005744457244873,27.50731658935547
run_1777434949_a2c64bf7,1777436510.4708369,18.0,124.0,49.0,0.005744457244873,0.0,-6.493537425994873,16.135770797729492,-0.0319136492908,16.36635398864746,-0.198668822646141,3.299878903817444e-05,0.005744457244873,27.50731658935547
run_1777434949_a2c64bf7,1777436512.46069,18.0,124.0,49.0,0.005744457244873,0.0,-6.493537425994873,16.15317153930664,-0.0319136492908,16.364803314208984,-0.1797179281711578,3.299878903817444e-05,0.005744457244873,27.50731658935547
run_1777434949_a2c64bf7,1777436514.4582045,18.0,124.0,49.0,0.005744457244873,0.0,-6.493537425994873,16.168766021728516,-0.0319136492908,16.36325454711914,-0.1625747233629226,3.299878903817444e-05,0.005744457244873,27.50731658935547
run_1777434949_a2c64bf7,1777436516.455948,18.0,124.0,49.0,0.005744457244873,0.0,-6.493537425994873,16.182723999023438,-0.0319136492908,16.361703872680664,-0.1470668166875839,3.299878903817444e-05,0.005744457244873,27.50731658935547
run_1777434949_a2c64bf7,1777436518.4581563,18.0,124.0,49.0,0.005744457244873,0.0,-6.493537425994873,16.19520378112793,-0.0319136492908,16.36015510559082,-0.1330381780862808,3.299878903817444e-05,0.005744457244873,27.50731658935547
run_1777434949_a2c64bf7,1777436520.482865,18.0,124.0,49.0,0.005744457244873,0.0,-6.493537425994873,16.206342697143555,-0.0319136492908,16.358604431152344,-0.120347760617733,3.299878903817444e-05,0.005744457244873,27.50731658935547
run_1777434949_a2c64bf7,1777436522.486967,18.0,124.0,49.0,0.005744457244873,0.0,-6.493537425994873,16.21627426147461,-0.0319136492908,16.3570556640625,-0.1088678389787674,3.299878903817444e-05,0.005744457244873,27.50731658935547
run_1777434949_a2c64bf7,1777436524.4733138,18.0,124.0,49.0,0.005744457244873,0.0,-6.493537425994873,16.225109100341797,-0.0319136492908,16.355504989624023,-0.098482996225357,3.299878903817444e-05,0.005744457244873,27.50731658935547
run_1777434949_a2c64bf7,1777436526.465926,18.0,124.0,49.0,0.005744457244873,0.0,-6.493537425994873,16.232954025268555,-0.0319136492908,16.35395622253418,-0.0890887603163719,3.299878903817444e-05,0.005744457244873,27.50731658935547
run_1777434949_a2c64bf7,1777436528.4557042,18.0,124.0,49.0,0.005744457244873,0.0,-6.493537425994873,16.23990249633789,-0.0319136492908,16.352405548095703,-0.0805906280875206,3.299878903817444e-05,0.005744457244873,27.50731658935547
run_1777434949_a2c64bf7,1777436530.4622755,18.0,124.0,49.0,0.005744457244873,0.0,-6.493537425994873,16.24604034423828,-0.0319136492908,16.35085678100586,-0.0729031413793563,3.299878903817444e-05,0.005744457244873,27.50731658935547
run_1777434949_a2c64bf7,1777436532.456277,18.0,124.0,49.0,0.005744457244873,0.0,-6.493537425994873,16.25144386291504,-0.0319136492908,16.349306106567383,-0.0659489631652832,3.299878903817444e-05,0.005744457244873,27.50731658935547
run_1777434949_a2c64bf7,1777436534.4847653,18.0,124.0,49.0,0.005744457244873,0.0,-6.493537425994873,16.25618553161621,-0.0319136492908,16.34775733947754,-0.0596581324934959,3.299878903817444e-05,0.005744457244873,27.50731658935547
run_1777434949_a2c64bf7,1777436536.4588037,18.0,124.0,49.0,0.005744457244873,0.0,-6.493537425994873,16.287199020385742,-0.0319136492908,16.33909034729004,-0.0199781004339456,3.299878903817444e-05,0.005744457244873,27.50731658935547
run_1777434949_a2c64bf7,1777436538.4642136,18.0,124.0,49.0,0.005744457244873,0.0,-6.493537425994873,16.287555694580078,-0.0319136492908,16.337541580200195,-0.0180724021047353,3.299878903817444e-05,0.005744457244873,27.50731658935547
run_1777434949_a2c64bf7,1777436540.4622388,18.0,124.0,49.0,0.0498270988464355,0.0,-6.443944454193115,15.456438064575195,-0.2768172323703766,16.33184051513672,-0.598584771156311,0.0024827397794524,0.0498270988464355,27.50731658935547
run_1777434949_a2c64bf7,1777436542.458889,18.0,124.0,49.0,0.005744457244873,0.0,-6.493537425994873,16.32223129272461,-0.0319136492908,16.324953079223633,0.0291924718767404,3.299878903817444e-05,0.005744457244873,27.50731658935547
run_1777434949_a2c64bf7,1777436544.462983,18.0,124.0,49.0,0.0498270988464355,0.0,-6.443944454193115,15.486605644226074,-0.2768172323703766,16.319252014160156,-0.5558285117149353,0.0024827397794524,0.0498270988464355,27.50731658935547
run_1777434949_a2c64bf7,1777436546.4678228,18.0,124.0,49.0,0.005744457244873,0.0,-6.493537425994873,16.34832000732422,-0.0319136492908,16.31236457824707,0.0678703188896179,3.299878903817444e-05,0.005744457244873,27.50731658935547
run_1777434949_a2c64bf7,1777436548.4775844,18.0,124.0,49.0,0.005744457244873,0.0,-6.493537425994873,16.340295791625977,-0.0319136492908,16.310813903808594,0.061396200209856,3.299878903817444e-05,0.005744457244873,27.50731658935547
run_1777434949_a2c64bf7,1777436550.4630413,18.0,124.0,49.0,0.005744457244873,0.0,-6.493537425994873,16.332889556884766,-0.0319136492908,16.30926513671875,0.0555396601557731,3.299878903817444e-05,0.005744457244873,27.50731658935547
run_1777434949_a2c64bf7,1777436552.458434,18.0,124.0,49.0,0.005744457244873,0.0,-6.493537425994873,16.32604217529297,-0.0319136492908,16.307714462280273,0.0502417609095573,3.299878903817444e-05,0.005744457244873,27.50731658935547
run_1777434949_a2c64bf7,1777436554.4689474,18.0,124.0,49.0,0.005744457244873,0.0,-6.493537425994873,16.319700241088867,-0.0319136492908,16.30616569519043,0.0454492196440696,3.299878903817444e-05,0.005744457244873,27.50731658935547
run_1777434949_a2c64bf7,1777436556.465798,18.0,124.0,49.0,0.005744457244873,0.0,-6.493537425994873,16.31381607055664,-0.0319136492908,16.304615020751953,0.0411138385534286,3.299878903817444e-05,0.005744457244873,27.50731658935547
run_1777434949_a2c64bf7,1777436558.456118,18.0,124.0,49.0,0.005744457244873,0.0,-6.493537425994873,16.3083438873291,-0.0319136492908,16.30306625366211,0.0371920093894004,3.299878903817444e-05,0.005744457244873,27.50731658935547
run_1777434949_a2c64bf7,1777436560.4631553,18.0,124.0,49.0,0.005744457244873,0.0,-6.493537425994873,16.339536666870117,-0.0319136492908,16.29202651977539,0.0794253423810005,3.299878903817444e-05,0.005744457244873,27.50731658935547
run_1777434949_a2c64bf7,1777436562.4673748,18.0,124.0,49.0,0.005744457244873,0.0,-6.493537425994873,16.330411911010742,-0.0319136492908,16.290477752685547,0.0718490034341812,3.299878903817444e-05,0.005744457244873,27.50731658935547
run_1777434949_a2c64bf7,1777436564.4762304,18.0,124.0,49.0,0.005744457244873,0.0,-6.493537425994873,16.322010040283203,-0.0319136492908,16.28892707824707,0.0649953708052635,3.299878903817444e-05,0.005744457244873,27.50731658935547
run_1777434949_a2c64bf7,1777436566.4557984,18.0,124.0,49.0,0.005744457244873,0.0,-6.493537425994873,16.314258575439453,-0.0319136492908,16.287378311157227,0.0587954930961132,3.299878903817444e-05,0.005744457244873,27.50731658935547
run_1777434949_a2c64bf7,1777436568.501799,18.0,124.0,49.0,0.005744457244873,0.0,-6.493537425994873,16.343393325805664,-0.0319136492908,16.276338577270508,0.0989681109786033,3.299878903817444e-05,0.005744457244873,27.50731658935547
run_1777434949_a2c64bf7,1777436570.4588585,18.0,124.0,49.0,0.005744457244873,0.0,-6.493537425994873,16.3324031829834,-0.0319136492908,16.274789810180664,0.0895275771617889,3.299878903817444e-05,0.005744457244873,27.50731658935547
run_1777434949_a2c64bf7,1777436572.4548044,18.0,124.0,49.0,0.005744457244873,0.0,-6.493537425994873,16.32231330871582,-0.0319136492908,16.273239135742188,0.0809875726699829,3.299878903817444e-05,0.005744457244873,27.50731658935547
run_1777434949_a2c64bf7,1777436574.4562502,18.0,124.0,49.0,0.005744457244873,0.0,-6.493537425994873,16.313037872314453,-0.0319136492908,16.271690368652344,0.0732622146606445,3.299878903817444e-05,0.005744457244873,27.50731658935547
run_1777434949_a2c64bf7,1777436576.4601011,18.0,124.0,49.0,0.005744457244873,0.0,-6.493537425994873,16.304500579833984,-0.0319136492908,16.270139694213867,0.0662737637758255,3.299878903817444e-05,0.005744457244873,27.50731658935547
run_1777434949_a2c64bf7,1777436578.490238,18.0,124.0,49.0,0.005744457244873,0.0,-6.493537425994873,16.296628952026367,-0.0319136492908,16.268590927124023,0.0599519424140453,3.299878903817444e-05,0.005744457244873,27.50731658935547
run_1777434949_a2c64bf7,1777436580.4683251,18.0,124.0,49.0,0.005744457244873,0.0,-6.493537425994873,16.28936004638672,-0.0319136492908,16.267040252685547,0.0542331710457801,3.299878903817444e-05,0.005744457244873,27.50731658935547
run_1777434949_a2c64bf7,1777436582.468634,18.0,124.0,49.0,0.005744457244873,0.0,-6.493537425994873,16.282636642456055,-0.0319136492908,16.265491485595703,0.0490598976612091,3.299878903817444e-05,0.005744457244873,27.50731658935547
run_1777434949_a2c64bf7,1777436584.4570749,18.0,124.0,49.0,0.005744457244873,0.0,-6.493537425994873,16.27640724182129,-0.0319136492908,16.263940811157227,0.0443801023066043,3.299878903817444e-05,0.005744457244873,27.50731658935547
run_1777434949_a2c64bf7,1777436586.47971,18.0,124.0,49.0,0.005744457244873,0.0,-6.493537425994873,16.2706241607666,-0.0319136492908,16.262392044067383,0.0401467084884643,3.299878903817444e-05,0.005744457244873,27.50731658935547
run_1777434949_a2c64bf7,1777436588.4619043,18.0,124.0,49.0,0.005744457244873,0.0,-6.493537425994873,16.26524543762207,-0.0319136492908,16.260841369628906,0.0363171398639678,3.299878903817444e-05,0.005744457244873,27.50731658935547
run_1777434949_a2c64bf7,1777436590.4640818,18.0,124.0,49.0,0.005744457244873,0.0,-6.493537425994873,16.260231018066406,-0.0319136492908,16.259292602539062,0.0328528694808483,3.299878903817444e-05,0.005744457244873,27.50731658935547
run_1777434949_a2c64bf7,1777436592.4678545,18.0,124.0,49.0,0.005744457244873,0.0,-6.493537425994873,16.25554656982422,-0.0319136492908,16.257741928100586,0.0297190528362989,3.299878903817444e-05,0.005744457244873,27.50731658935547
run_1777434949_a2c64bf7,1777436594.505751,18.0,124.0,49.0,0.005744457244873,0.0,-6.493537425994873,16.251163482666016,-0.0319136492908,16.256193161010742,0.0268841721117496,3.299878903817444e-05,0.005744457244873,27.50731658935547
run_1777434949_a2c64bf7,1777436596.453751,18.0,124.0,49.0,0.005744457244873,0.0,-6.493537425994873,16.24704933166504,-0.0319136492908,16.254642486572266,0.0243197027593851,3.299878903817444e-05,0.005744457244873,27.50731658935547
run_1777434949_a2c64bf7,1777436598.454358,18.0,124.0,49.0,0.005744457244873,0.0,-6.493537425994873,16.243179321289062,-0.0319136492908,16.253093719482422,0.0219998601824045,3.299878903817444e-05,0.005744457244873,27.50731658935547
run_1777434949_a2c64bf7,1777436600.461403,18.0,124.0,49.0,0.005744457244873,0.0,-6.493537425994873,16.239530563354492,-0.0319136492908,16.251543045043945,0.0199013017117977,3.299878903817444e-05,0.005744457244873,27.50731658935547
run_1777434949_a2c64bf7,1777436602.4539702,18.0,124.0,49.0,0.005744457244873,0.0,-6.493537425994873,16.236083984375,-0.0319136492908,16.2499942779541,0.0180029273033142,3.299878903817444e-05,0.005744457244873,27.50731658935547
run_1777434949_a2c64bf7,1777436604.4659903,18.0,124.0,49.0,0.005744457244873,0.0,-6.493537425994873,16.23281478881836,-0.0319136492908,16.248443603515625,0.0162856373935937,3.299878903817444e-05,0.005744457244873,27.50731658935547
run_1777434949_a2c64bf7,1777436606.4620216,18.0,124.0,49.0,0.005744457244873,0.0,-6.493537425994873,16.229713439941406,-0.0319136492908,16.24689483642578,0.0147321596741676,3.299878903817444e-05,0.005744457244873,27.50731658935547
run_1777434949_a2c64bf7,1777436608.458316,18.0,124.0,49.0,0.005744457244873,0.0,-6.493537425994873,16.22675895690918,-0.0319136492908,16.245344161987305,0.0133268665522336,3.299878903817444e-05,0.005744457244873,27.50731658935547
run_1777434949_a2c64bf7,1777436610.4820893,18.0,124.0,49.0,0.005744457244873,0.0,-6.493537425994873,16.223936080932617,-0.0319136492908,16.24379539489746,0.0120556214824318,3.299878903817444e-05,0.005744457244873,27.50731658935547
run_1777434949_a2c64bf7,1777436612.459515,18.0,124.0,49.0,0.005744457244873,0.0,-6.493537425994873,16.221237182617188,-0.0319136492908,16.242244720458984,0.0109056457877159,3.299878903817444e-05,0.005744457244873,27.50731658935547
run_1777434949_a2c64bf7,1777436614.455294,18.0,124.0,49.0,0.005744457244873,0.0,-6.493537425994873,16.218647003173828,-0.0319136492908,16.24069595336914,0.0098653621971607,3.299878903817444e-05,0.005744457244873,27.50731658935547
run_1777434949_a2c64bf7,1777436616.4550667,18.0,124.0,49.0,0.005744457244873,0.0,-6.493537425994873,16.216156005859375,-0.0319136492908,16.239145278930664,0.0089243100956082,3.299878903817444e-05,0.005744457244873,27.50731658935547
run_1777434949_a2c64bf7,1777436618.458905,18.0,124.0,49.0,0.005744457244873,0.0,-6.493537425994873,16.213754653930664,-0.0319136492908,16.23759651184082,0.0080730263143777,3.299878903817444e-05,0.005744457244873,27.50731658935547
run_1777434949_a2c64bf7,1777436620.4619331,18.0,124.0,49.0,0.005744457244873,0.0,-6.493537425994873,16.211435317993164,-0.0319136492908,16.236045837402344,0.0073029436171054,3.299878903817444e-05,0.005744457244873,27.50731658935547
run_1777434949_a2c64bf7,1777436622.467681,18.0,124.0,49.0,0.005744457244873,0.0,-6.493537425994873,16.20918846130371,-0.0319136492908,16.2344970703125,0.0066063208505511,3.299878903817444e-05,0.005744457244873,27.50731658935547
run_1777434949_a2c64bf7,1777436624.4595537,18.0,124.0,49.0,0.005744457244873,0.0,-6.493537425994873,16.20701026916504,-0.0319136492908,16.232946395874023,0.0059761479496955,3.299878903817444e-05,0.005744457244873,27.50731658935547
run_1777434949_a2c64bf7,1777436626.4700434,18.0,124.0,49.0,0.005744457244873,0.0,-6.493537425994873,16.20488929748535,-0.0319136492908,16.23139762878418,0.0054060867987573,3.299878903817444e-05,0.005744457244873,27.50731658935547
run_1777434949_a2c64bf7,1777436628.459751,18.0,124.0,49.0,0.005744457244873,0.0,-6.493537425994873,16.202823638916016,-0.0319136492908,16.229846954345703,0.0048904023133218,3.299878903817444e-05,0.005744457244873,27.50731658935547
