step,decision_idx,elapsed_s,temp,temp_ref,error,abs_error,kp,ki,kd,u,u_p,u_i,u_d,diff_out,pred_delta,valid
1,1,2.0,26.811556711792946,0.0,-26.811556711792946,26.811556711792946,50.0,917.0,1.0,-54.11777535441657,-54.0,-0.11777535441657577,-0.0,0.0,-0.18844328820705414,True
2,1,4.0,26.63038432598114,0.0,-26.63038432598114,26.63038432598114,50.0,917.0,1.0,-53.84070969380023,-53.62311342358589,-0.23472870975700305,0.01713243954266448,-0.00856621977133224,-0.18117238581180573,True
3,1,6.0,26.447272703051567,0.0,-26.447272703051567,26.447272703051567,50.0,917.0,1.0,-53.579690848762915,-53.26076865196227,-0.3508917820622645,0.0319695852616305,-0.01598479263081525,-0.18311162292957306,True
4,1,8.0,26.22788478434086,0.0,-26.22788478434086,26.22788478434086,50.0,917.0,1.0,-53.315233788652705,-52.894545406103134,-0.46625611228277314,0.045567729733199974,-0.022783864866599987,-0.21938791871070862,True
5,1,10.0,26.007875680923462,0.0,-26.007875680923462,26.007875680923462,50.0,917.0,1.0,-52.97526619419819,-52.45576956868172,-0.5806634613965825,0.06116683588011402,-0.030583417940057006,-0.22000910341739655,True
6,1,12.0,25.781358167529106,0.0,-25.781358167529106,25.781358167529106,50.0,917.0,1.0,-52.63452805543167,-52.01575136184693,-0.6941111197648427,0.07533442618009711,-0.03766721309004856,-0.22651751339435577,True
7,1,14.0,25.56878662109375,0.0,-25.56878662109375,25.56878662109375,50.0,917.0,1.0,-52.28054473942092,-51.56271633505821,-0.8065706973767477,0.0887422930140487,-0.04437114650702435,-0.21257154643535614,True
8,1,16.0,25.353278279304504,0.0,-25.353278279304504,25.353278279304504,50.0,917.0,1.0,-51.95607298587556,-51.13757324218751,-0.9181030272397537,0.09960328355170803,-0.04980164177585401,-0.2155083417892456,True
9,1,18.0,25.13040243089199,0.0,-25.13040243089199,25.13040243089199,50.0,917.0,1.0,-51.62555660750747,-50.70655655860901,-1.0286952989052038,0.1096952500067356,-0.0548476250033678,-0.22287584841251373,True
10,1,20.0,24.899509832262993,0.0,-24.899509832262993,24.899509832262993,50.0,917.0,1.0,-51.27962586661721,-50.26080486178398,-1.1383153749396304,0.11949437010641295,-0.059747185053206475,-0.2308925986289978,True
11,1,22.0,24.66688598692417,0.0,-24.66688598692417,24.66688598692417,50.0,917.0,1.0,-50.91686034569069,-49.799019664525986,-1.2469282858764366,0.12908760471173666,-0.06454380235586833,-0.2326238453388214,True
12,1,24.0,24.43788616359234,0.0,-24.43788616359234,24.43788616359234,50.0,917.0,1.0,-50.550375311124874,-49.33377197384834,-1.3545264799306298,0.13792314265410366,-0.06896157132705183,-0.22899982333183289,True
13,1,26.0,24.213703215122223,0.0,-24.213703215122223,24.213703215122223,50.0,917.0,1.0,-50.19131170980702,-48.87577232718468,-1.4611257652680005,0.14558638264565624,-0.07279319132282812,-0.22418294847011566,True
14,1,28.0,23.991914555430412,0.0,-23.991914555430412,23.991914555430412,50.0,917.0,1.0,-49.842072882922075,-48.427406430244446,-1.5667471533383264,0.15208070066069523,-0.07604035033034762,-0.2217886596918106,True
15,1,30.0,23.770310178399086,0.0,-23.770310178399086,23.770310178399086,50.0,917.0,1.0,-49.49749234847434,-47.983829110860825,-1.6714010881493637,0.1577378505358525,-0.07886892526792624,-0.2216043770313263,True
16,2,32.0,23.555409118533134,0.0,-23.555409118533134,23.555409118533134,50.0,1000.0,1.0,-49.1442640722332,-47.54062035679817,-1.7664823288629623,0.16283861342793596,-0.08141930671396798,-0.21490105986595154,True
17,2,34.0,23.343673035502434,0.0,-23.343673035502434,23.343673035502434,50.0,1000.0,1.0,-48.80467882168328,-47.11081823706627,-1.860703965337098,0.1668433807200832,-0.0834216903600416,-0.21173608303070068,True
18,2,36.0,23.14065060019493,0.0,-23.14065060019493,23.14065060019493,50.0,1000.0,1.0,-48.47124633915111,-46.68734607100487,-1.9540786574791087,0.17017838933286739,-0.08508919466643369,-0.20302243530750275,True
19,2,38.0,22.946563124656677,0.0,-22.946563124656677,22.946563124656677,50.0,1000.0,1.0,-48.15553939393283,-46.28130120038986,-2.046641259879888,0.17240306633692104,-0.08620153316846052,-0.19408747553825378,True
20,2,40.0,22.76235504448414,0.0,-22.76235504448414,22.76235504448414,50.0,1000.0,1.0,-47.857950556683974,-45.893126249313354,-2.138427512378518,0.1736032050078938,-0.0868016025039469,-0.18420808017253876,True
21,2,42.0,22.58534261584282,0.0,-22.58534261584282,22.58534261584282,50.0,1000.0,1.0,-47.58039634991304,-45.52471008896828,-2.2294769325564547,0.1737906716116997,-0.08689533580584985,-0.17701242864131927,True
22,2,44.0,22.41568833589554,0.0,-22.41568833589554,22.41568833589554,50.0,1000.0,1.0,-47.317197476003834,-45.17068523168564,-2.3198183030198236,0.1733060587016267,-0.08665302935081334,-0.16965427994728088,True
23,2,46.0,22.254350781440735,0.0,-22.254350781440735,22.254350781440735,50.0,1000.0,1.0,-47.068659026066065,-44.83137667179108,-2.409481056363403,0.1721987020884142,-0.0860993510442071,-0.16133755445480347,True
24,2,48.0,22.09944288432598,0.0,-22.09944288432598,22.09944288432598,50.0,1000.0,1.0,-46.83675916698567,-44.50870156288147,-2.4984984594891686,0.1704408553849658,-0.0852204276924829,-0.15490789711475372,True
25,2,50.0,21.949227184057236,0.0,-21.949227184057236,21.949227184057236,50.0,1000.0,1.0,-46.61751586716718,-44.19888576865196,-2.586896231026472,0.1682661325112566,-0.0841330662556283,-0.15021570026874542,True
26,2,52.0,21.80023066699505,0.0,-21.80023066699505,21.80023066699505,50.0,1000.0,1.0,-46.40727524648347,-43.89845436811447,-2.6746931397626983,0.16587226139369365,-0.08293613069684683,-0.1489965170621872,True
27,2,54.0,21.65284314751625,0.0,-21.65284314751625,21.65284314751625,50.0,1000.0,1.0,-46.198759498733075,-43.6004613339901,-2.7618940624306774,0.16359589768769375,-0.08179794884384688,-0.1473875194787979,True
28,2,56.0,21.5055360943079,0.0,-21.5055360943079,21.5055360943079,50.0,1000.0,1.0,-45.99280133785369,-43.3056862950325,-2.8485054350207406,0.16139039219954854,-0.08069519609977427,-0.14730705320835114,True
29,2,58.0,21.359076470136642,0.0,-21.359076470136642,21.359076470136642,50.0,1000.0,1.0,-45.786211814834466,-43.0110721886158,-2.934527579397971,0.15938795317930685,-0.07969397658965342,-0.14645962417125702,True
30,2,60.0,21.211938425898552,0.0,-21.211938425898552,21.211938425898552,50.0,1000.0,1.0,-45.580617344237844,-42.718152940273285,-3.0199638852785156,0.1574994813139533,-0.07874974065697665,-0.14713804423809052,True
31,3,62.0,21.065518736839294,0.0,-21.065518736839294,21.065518736839294,50.0,1000.0,1.0,-45.37283566192119,-42.423876851797104,-3.104811638982107,0.15585282885802515,-0.07792641442901257,-0.1464196890592575,True
32,3,64.0,20.918908655643463,0.0,-20.918908655643463,20.918908655643463,50.0,1000.0,1.0,-45.16581324752992,-42.13103747367859,-3.1890737139294627,0.15429794007813505,-0.07714897003906752,-0.1466100811958313,True
33,3,66.0,20.77334624528885,0.0,-20.77334624528885,20.77334624528885,50.0,1000.0,1.0,-44.95765797882646,-41.837817311286926,-3.272749348552031,0.15290868101249722,-0.07645434050624861,-0.14556241035461426,True
34,3,68.0,20.62792704999447,0.0,-20.62792704999447,20.62792704999447,50.0,1000.0,1.0,-44.75097853105951,-41.5466924905777,-3.3558427335331813,0.1515566930513678,-0.0757783465256839,-0.1454191952943802,True
35,3,70.0,20.483936071395874,0.0,-20.483936071395874,20.483936071395874,50.0,1000.0,1.0,-44.543887891636444,-41.25585409998894,-3.4383544417331593,0.15032065008564852,-0.07516032504282426,-0.14399097859859467,True
36,3,72.0,20.340375691652298,0.0,-20.340375691652298,20.340375691652298,50.0,1000.0,1.0,-44.339089663360895,-40.96787214279175,-3.5202901860187423,0.14907266544960204,-0.07453633272480102,-0.14356037974357605,True
37,3,74.0,20.19838911294937,0.0,-20.19838911294937,20.19838911294937,50.0,1000.0,1.0,-44.13449849478586,-40.680751383304596,-3.6016516887853505,0.1479045773040858,-0.0739522886520429,-0.14198657870292664,True
38,3,76.0,20.05702978372574,0.0,-20.05702978372574,20.05702978372574,50.0,1000.0,1.0,-43.93251864171718,-40.39677822589874,-3.6824452452371474,0.14670482941870794,-0.07335241470935397,-0.1413593292236328,True
39,3,78.0,19.91727751493454,0.0,-19.91727751493454,19.91727751493454,50.0,1000.0,1.0,-43.73117043369478,-40.11405956745148,-3.7626733643720454,0.14556249812874048,-0.07278124906437024,-0.13975226879119873,True
40,3,80.0,19.77847510576248,0.0,-19.77847510576248,19.77847510576248,50.0,1000.0,1.0,-43.53251447793446,-39.83455502986908,-3.842342474431789,0.1443830263664014,-0.0721915131832007,-0.1388024091720581,True
41,3,82.0,19.641146913170815,0.0,-19.641146913170815,19.641146913170815,50.0,1000.0,1.0,-43.33517687961284,-39.55695021152496,-3.921456374854836,0.14322970676696486,-0.07161485338348243,-0.13732819259166718,True
42,3,84.0,19.50510136783123,0.0,-19.50510136783123,19.50510136783123,50.0,1000.0,1.0,-43.140262416402436,-39.28229382634163,-4.000020962507516,0.14205237244670932,-0.07102618622335466,-0.13604554533958435,True
43,3,86.0,19.370130941271782,0.0,-19.370130941271782,19.370130941271782,50.0,1000.0,1.0,-42.947373372837546,-39.01020273566246,-4.078041367978837,0.14087073080375592,-0.07043536540187796,-0.13497042655944824,True
44,3,88.0,19.23696531355381,0.0,-19.23696531355381,19.23696531355381,50.0,1000.0,1.0,-42.75607971399497,-38.740261882543564,-4.155521891743929,0.13970406029252075,-0.06985203014626037,-0.1331656277179718,True
45,3,90.0,19.104229152202606,0.0,-19.104229152202606,19.104229152202606,50.0,1000.0,1.0,-42.567915786601496,-38.47393062710762,-4.232469752998144,0.13848459350426756,-0.06924229675213378,-0.13273616135120392,True
46,4,92.0,18.91505417227745,0.0,-18.91505417227745,18.91505417227745,50.0,1000.0,20.0,-39.770496856739804,-38.20845830440521,-4.308886669606956,2.7468481172723664,-0.06867120293180916,-0.18917497992515564,True
47,4,94.0,18.747403264045715,0.0,-18.747403264045715,18.747403264045715,50.0,1000.0,20.0,-39.38584840117638,-37.8301083445549,-4.384546886296072,2.8288068296745927,-0.07072017074186482,-0.16765090823173523,True
48,4,96.0,18.631093248724937,0.0,-18.631093248724937,18.631093248724937,50.0,1000.0,20.0,-39.09053297668987,-37.49480652809143,-4.459536499352259,2.863810050753812,-0.07159525126884529,-0.1163100153207779,True
49,4,98.0,18.5711080878973,0.0,-18.5711080878973,18.5711080878973,50.0,1000.0,20.0,-38.99412682694206,-37.262186497449875,-4.5340608723471645,2.802120542854974,-0.07005301357137435,-0.05998516082763672,True
50,4,100.0,18.455010406672955,0.0,-18.455010406672955,18.455010406672955,50.0,1000.0,20.0,-39.10666210129698,-37.1422161757946,-4.608345304698757,2.6438993791963727,-0.06609748447990932,-0.11609768122434616,True
51,4,102.0,18.31783512979746,0.0,-18.31783512979746,18.31783512979746,50.0,1000.0,20.0,-38.98938520477811,-36.91002081334591,-4.682165346325448,2.602800954893248,-0.0650700238723312,-0.1371752768754959,True
52,4,104.0,18.153541199862957,0.0,-18.153541199862957,18.153541199862957,50.0,1000.0,20.0,-38.787158400763,-36.63567025959492,-4.755436686844643,2.6039485456765625,-0.06509871364191407,-0.16429392993450165,True
53,4,106.0,18.076740190386772,0.0,-18.076740190386772,18.076740190386772,50.0,1000.0,20.0,-38.480836396575235,-36.307082399725914,-4.828050851644094,2.6542968547947754,-0.06635742136986938,-0.07680100947618484,True
54,4,108.0,17.97206312417984,0.0,-17.97206312417984,17.97206312417984,50.0,1000.0,20.0,-38.51308520324962,-36.153480380773544,-4.900357812405642,2.540752989929574,-0.06351882474823936,-0.10467706620693207,True
55,4,110.0,17.892163649201393,0.0,-17.892163649201393,17.892163649201393,50.0,1000.0,20.0,-38.42764491041044,-35.94412624835968,-4.972246064902365,2.4887274028516053,-0.062218185071290136,-0.07989947497844696,True
56,4,112.0,17.710481643676758,0.0,-17.710481643676758,17.710481643676758,50.0,1000.0,20.0,-38.43153091078813,-35.784327298402786,-5.043814719499167,2.3966111071138165,-0.05991527767784541,-0.18168200552463531,True
57,4,114.0,17.605554297566414,0.0,-17.605554297566414,17.605554297566414,50.0,1000.0,20.0,-38.03726574291049,-35.420963287353516,-5.114656646073875,2.498354190516901,-0.062458854762922525,-0.10492734611034393,True
58,4,116.0,17.461337327957153,0.0,-17.461337327957153,17.461337327957153,50.0,1000.0,20.0,-37.94535936676246,-35.21110859513283,-5.185078863264141,2.45082809163451,-0.061270702290862754,-0.14421696960926056,True
59,4,118.0,17.332095995545387,0.0,-17.332095995545387,17.332095995545387,50.0,1000.0,20.0,-37.69832256955282,-34.92267465591431,-5.25492421257597,2.479276298937452,-0.06198190747343631,-0.12924133241176605,True
60,4,120.0,17.12006226181984,0.0,-17.12006226181984,17.12006226181984,50.0,1000.0,20.0,-37.51066413089879,-34.664191991090775,-5.324252596558156,2.4777804567501382,-0.061944511418753456,-0.2120337337255478,True
61,5,122.0,17.09858421422541,0.0,-17.09858421422541,17.09858421422541,45.0,1000.0,18.0,-40.81795480384792,-38.04458280404409,-5.40034176216624,2.626969762362413,-0.06567424405906032,-0.021478047594428062,True
62,5,124.0,16.900898749008775,0.0,-16.900898749008775,16.900898749008775,45.0,1000.0,18.0,-41.05775109786318,-37.996853809389805,-5.47633546978502,2.415438181311644,-0.06038595453279109,-0.19768546521663666,True
63,5,126.0,16.798933746293187,0.0,-16.798933746293187,16.798933746293187,45.0,1000.0,18.0,-40.56451870059013,-37.557552775575054,-5.551450575336172,2.5444846503210963,-0.0636121162580274,-0.10196500271558762,True
64,5,128.0,16.61496880836785,0.0,-16.61496880836785,16.61496880836785,45.0,1000.0,18.0,-40.46990466080833,-37.33096388065153,-5.626112503097474,2.4871717229406722,-0.06217929307351679,-0.18396493792533875,True
65,5,130.0,16.4496328253299,0.0,-16.4496328253299,16.4496328253299,45.0,1000.0,18.0,-40.037682359128816,-36.922152907484104,-5.6999568089124475,2.5844273572677356,-0.06461068393169339,-0.1653359830379486,True
66,5,132.0,16.26930116303265,0.0,-16.26930116303265,16.26930116303265,45.0,1000.0,18.0,-39.689273338599826,-36.55473961184422,-5.773066288136138,2.6385325613805355,-0.06596331403451339,-0.18033166229724884,True
67,5,134.0,16.04894302971661,0.0,-16.04894302971661,16.04894302971661,45.0,1000.0,18.0,-39.284633350373255,-36.154002584517,-5.845374293305177,2.7147435274489236,-0.06786858818622309,-0.22035813331604004,True
68,5,136.0,15.855742366984487,0.0,-15.855742366984487,15.855742366984487,45.0,1000.0,18.0,-38.72455537322968,-35.66431784381469,-5.9167029289928,2.8564653995778126,-0.0714116349894453,-0.19320066273212433,True
69,5,138.0,15.721357988193631,0.0,-15.721357988193631,15.721357988193631,45.0,1000.0,18.0,-38.28686821128207,-35.234983037743305,-5.987172895068287,2.9352877215295234,-0.07338219303823808,-0.1343843787908554,True
70,5,140.0,15.559299426153302,0.0,-15.559299426153302,15.559299426153302,45.0,1000.0,18.0,-38.093751847722594,-34.93635108487474,-6.057045597238039,2.89964483439018,-0.0724911208597545,-0.16205856204032898,True
71,5,142.0,15.343291701748967,0.0,-15.343291701748967,15.343291701748967,45.0,1000.0,18.0,-37.784696767031825,-34.57622094700734,-6.126198039132049,2.9177222191075667,-0.07294305547768916,-0.21600772440433502,True
72,5,144.0,15.154428603127599,0.0,-15.154428603127599,15.154428603127599,45.0,1000.0,18.0,-37.25842258004014,-34.09620378166437,-6.194390446695374,3.0321716483196095,-0.07580429120799023,-0.1888630986213684,True
73,5,146.0,15.010517613962293,0.0,-15.010517613962293,15.010517613962293,45.0,1000.0,18.0,-36.85190508121103,-33.67650800695022,-6.261743462709278,3.0863463884484723,-0.0771586597112118,-0.1439109891653061,True
74,5,148.0,14.859048368409276,0.0,-14.859048368409276,14.859048368409276,45.0,1000.0,18.0,-36.631546240563424,-33.356705808805096,-6.328456874326875,3.0536164425685524,-0.0763404110642138,-0.15146924555301666,True
75,5,150.0,14.655489506199956,0.0,-14.655489506199956,14.655489506199956,45.0,1000.0,18.0,-36.376852711901705,-33.02010748535395,-6.394497089297572,3.037751862749821,-0.07594379656874552,-0.20355886220932007,True
76,6,152.0,14.38311687298119,0.0,-14.38311687298119,14.38311687298119,50.0,1.0,1.0,-94.17152833650363,-29.310979012399912,-65.0164551140974,0.1559057899936833,-0.07795289499684165,-0.27237263321876526,True
77,6,154.0,14.293225789442658,0.0,-14.293225789442658,14.293225789442658,50.0,1.0,1.0,-100.0,-28.76623374596238,-100.0,0.16579694006123577,-0.08289847003061789,-0.08989108353853226,True
78,6,156.0,14.137491339817643,0.0,-14.137491339817643,14.137491339817643,50.0,1.0,1.0,-100.0,-28.58645157888532,-100.0,0.1581541537228059,-0.07907707686140295,-0.15573444962501526,True
79,6,158.0,14.016605021432042,0.0,-14.016605021432042,14.016605021432042,50.0,1.0,1.0,-100.0,-28.274982679635286,-100.0,0.15722659995868224,-0.07861329997934112,-0.12088631838560104,True
80,6,160.0,13.896434547379613,0.0,-13.896434547379613,13.896434547379613,50.0,1.0,1.0,-100.0,-28.033210042864088,-100.0,0.15321928543056157,-0.07660964271528078,-0.1201704740524292,True
81,6,162.0,13.777772100642323,0.0,-13.777772100642323,13.777772100642323,50.0,1.0,1.0,-100.0,-27.792869094759226,-100.0,0.14952914527488473,-0.07476457263744236,-0.11866244673728943,True
82,6,164.0,13.658224673941731,0.0,-13.658224673941731,13.658224673941731,50.0,1.0,1.0,-100.0,-27.555544201284647,-100.0,0.14605390256875755,-0.07302695128437878,-0.11954742670059204,True
83,6,166.0,13.54034206457436,0.0,-13.54034206457436,13.54034206457436,50.0,1.0,1.0,-100.0,-27.316449347883463,-100.0,0.1429906201027982,-0.0714953100513991,-0.1178826093673706,True
84,6,168.0,13.405509369447827,0.0,-13.405509369447827,13.405509369447827,50.0,1.0,1.0,-100.0,-27.080684129148725,-100.0,0.14006818476976088,-0.07003409238488044,-0.1348326951265335,True
85,6,170.0,13.252598555758595,0.0,-13.252598555758595,13.252598555758595,50.0,1.0,1.0,-100.0,-26.811018738895655,-100.0,0.1389655467998009,-0.06948277339990044,-0.15291081368923187,True
86,6,172.0,13.112268077209592,0.0,-13.112268077209592,13.112268077209592,50.0,1.0,1.0,-100.0,-26.50519711151719,-100.0,0.1396116724051172,-0.0698058362025586,-0.1403304785490036,True
87,6,174.0,13.012497896328568,0.0,-13.012497896328568,13.012497896328568,50.0,1.0,1.0,-100.0,-26.224536154419187,-100.0,0.1390524153527056,-0.0695262076763528,-0.09977018088102341,True
88,6,176.0,12.868267515674233,0.0,-12.868267515674233,12.868267515674233,50.0,1.0,1.0,-100.0,-26.024995792657137,-100.0,0.13485894070227702,-0.06742947035113851,-0.14423038065433502,True
89,6,178.0,12.771007077768445,0.0,-12.771007077768445,12.771007077768445,50.0,1.0,1.0,-100.0,-25.736535031348467,-100.0,0.13510760648624504,-0.06755380324312252,-0.09726043790578842,True
90,6,180.0,12.621654884889722,0.0,-12.621654884889722,12.621654884889722,50.0,1.0,1.0,-100.0,-25.54201415553689,-100.0,0.13106225040490677,-0.06553112520245338,-0.14935219287872314,True
91,7,182.0,12.531231919303536,0.0,-12.531231919303536,12.531231919303536,2.0,1.0,1.0,-100.0,-100.0,-100.0,3.3034683354583048,-0.06606936670916609,-0.09042296558618546,True
92,7,184.0,12.345809349790215,0.0,-12.345809349790215,12.345809349790215,2.0,1.0,1.0,-100.0,-100.0,-100.0,3.1938735908947837,-0.06387747181789567,-0.18542256951332092,True
93,7,186.0,12.08447397686541,0.0,-12.08447397686541,12.08447397686541,2.0,1.0,1.0,-100.0,-100.0,-100.0,3.3106567482751417,-0.06621313496550284,-0.2613353729248047,True
94,7,188.0,11.851218158379197,0.0,-11.851218158379197,11.851218158379197,2.0,1.0,1.0,-100.0,-100.0,-100.0,3.5888415177505606,-0.07177683035501121,-0.23325581848621368,True
95,7,190.0,11.645983571186662,0.0,-11.645983571186662,11.645983571186662,2.0,1.0,1.0,-100.0,-100.0,-100.0,3.776668618820071,-0.07553337237640143,-0.2052345871925354,True
96,7,192.0,11.42830834724009,0.0,-11.42830834724009,11.42830834724009,2.0,1.0,1.0,-100.0,-100.0,-100.0,3.8828897882074,-0.077657795764148,-0.21767522394657135,True
97,7,194.0,11.23823913373053,0.0,-11.23823913373053,11.23823913373053,2.0,1.0,1.0,-100.0,-100.0,-100.0,4.007254778269715,-0.0801450955653943,-0.19006921350955963,True
98,7,196.0,11.022093439474702,0.0,-11.022093439474702,11.022093439474702,2.0,1.0,1.0,-100.0,-100.0,-100.0,4.05701120854403,-0.0811402241708806,-0.21614569425582886,True
99,7,198.0,10.843736032024026,0.0,-10.843736032024026,10.843736032024026,2.0,1.0,1.0,-100.0,-100.0,-100.0,4.161290386207497,-0.08322580772414995,-0.17835740745067596,True
100,7,200.0,10.659004563465714,0.0,-10.659004563465714,10.659004563465714,2.0,1.0,1.0,-100.0,-100.0,-100.0,4.169733779287835,-0.0833946755857567,-0.18473146855831146,True
101,7,202.0,10.505510875955224,0.0,-10.505510875955224,10.505510875955224,2.0,1.0,1.0,-100.0,-100.0,-100.0,4.1918593050766795,-0.08383718610153358,-0.15349368751049042,True
102,7,204.0,10.344417611137033,0.0,-10.344417611137033,10.344417611137033,2.0,1.0,1.0,-100.0,-100.0,-100.0,4.140874226992924,-0.08281748453985849,-0.16109326481819153,True
103,7,206.0,10.204852918162942,0.0,-10.204852918162942,10.204852918162942,2.0,1.0,1.0,-100.0,-100.0,-100.0,4.112025599257434,-0.08224051198514867,-0.13956469297409058,True
104,7,208.0,10.068715626373887,0.0,-10.068715626373887,10.068715626373887,2.0,1.0,1.0,-100.0,-100.0,-100.0,4.036996738528884,-0.08073993477057767,-0.13613729178905487,True
105,7,210.0,9.928706848993897,0.0,-9.928706848993897,9.928706848993897,2.0,1.0,1.0,-100.0,-100.0,-100.0,3.961334736669945,-0.0792266947333989,-0.14000877737998962,True
106,8,212.0,9.705117175355554,0.0,-9.705117175355554,9.705117175355554,50.0,1.0,1.0,-100.0,-19.857413697987795,-100.0,0.15606758240985433,-0.07803379120492716,-0.2235896736383438,True
107,8,214.0,9.414294579997659,0.0,-9.414294579997659,9.414294579997659,50.0,1.0,1.0,-100.0,-19.410234350711107,-100.0,0.1615081658604263,-0.08075408293021315,-0.2908225953578949,True
108,8,216.0,9.080156246200204,0.0,-9.080156246200204,9.080156246200204,50.0,1.0,1.0,-100.0,-18.828589159995317,-100.0,0.17254229784520408,-0.08627114892260204,-0.33413833379745483,True
109,8,218.0,8.80949110724032,0.0,-8.80949110724032,8.80949110724032,50.0,1.0,1.0,-100.0,-18.160312492400408,-100.0,0.18646196676210725,-0.09323098338105362,-0.27066513895988464,True
110,8,220.0,8.486478814855218,0.0,-8.486478814855218,8.486478814855218,50.0,1.0,1.0,-100.0,-17.61898221448064,-100.0,0.19328313989336804,-0.09664156994668402,-0.3230122923851013,True
111,8,222.0,8.199682274833322,0.0,-8.199682274833322,8.199682274833322,50.0,1.0,1.0,-100.0,-16.972957629710436,-100.0,0.20421281882692996,-0.102106409413465,-0.28679654002189636,True
112,8,224.0,7.909063616767526,0.0,-7.909063616767526,7.909063616767526,50.0,1.0,1.0,-100.0,-16.399364549666643,-100.0,0.2108073431333738,-0.1054036715666869,-0.2906186580657959,True
113,8,226.0,7.622929820790887,0.0,-7.622929820790887,7.622929820790887,50.0,1.0,1.0,-100.0,-15.818127233535051,-100.0,0.2171203091886205,-0.10856015459431025,-0.2861337959766388,True
114,8,228.0,7.327938476577401,0.0,-7.327938476577401,7.327938476577401,50.0,1.0,1.0,-100.0,-15.245859641581774,-100.0,0.22242334039874542,-0.1112116701993727,-0.2949913442134857,True
115,8,230.0,7.045859286561608,0.0,-7.045859286561608,7.045859286561608,50.0,1.0,1.0,-100.0,-14.655876953154804,-100.0,0.22802580755282767,-0.11401290377641383,-0.28207919001579285,True
116,8,232.0,6.742775866761804,0.0,-6.742775866761804,6.742775866761804,50.0,1.0,1.0,-100.0,-14.091718573123217,-100.0,0.23191994147186956,-0.11595997073593478,-0.3030834197998047,True
117,8,234.0,6.456411549821496,0.0,-6.456411549821496,6.456411549821496,50.0,1.0,1.0,-100.0,-13.485551733523607,-100.0,0.2373522285294131,-0.11867611426470656,-0.2863643169403076,True
118,8,236.0,6.163046607747674,0.0,-6.163046607747674,6.163046607747674,50.0,1.0,1.0,-100.0,-12.912823099642992,-100.0,0.24074630462825167,-0.12037315231412583,-0.293364942073822,True
119,8,238.0,5.8746682200580835,0.0,-5.8746682200580835,5.8746682200580835,50.0,1.0,1.0,-100.0,-12.326093215495348,-100.0,0.2444530876556232,-0.1222265438278116,-0.28837838768959045,True
120,8,240.0,5.586342433467507,0.0,-5.586342433467507,5.586342433467507,50.0,1.0,1.0,-100.0,-11.749336440116167,-100.0,0.24735292671607306,-0.12367646335803652,-0.28832578659057617,True
121,9,242.0,5.456772932782769,0.0,-5.456772932782769,5.456772932782769,14.0,498.0,16.0,-100.0,-39.90244595333934,-100.0,14.284078243394982,-0.1249856846297061,-0.12956950068473816,True
122,9,244.0,5.245215559378266,0.0,-5.245215559378266,5.245215559378266,14.0,498.0,16.0,-100.0,-38.97694951987692,-100.0,13.594663582081479,-0.11895330634321294,-0.21155737340450287,True
123,9,246.0,5.083008507266641,0.0,-5.083008507266641,5.083008507266641,14.0,498.0,16.0,-100.0,-37.46582542413047,-100.0,13.396953499099473,-0.11722334311712039,-0.16220705211162567,True
124,9,248.0,4.871798763051629,0.0,-4.871798763051629,4.871798763051629,14.0,498.0,16.0,-100.0,-36.307203623333145,-100.0,12.961719151037823,-0.11341504257158097,-0.2112097442150116,True
125,9,250.0,4.715654680505395,0.0,-4.715654680505395,4.715654680505395,14.0,498.0,16.0,-100.0,-34.79856259322592,-100.0,12.822579337606879,-0.1121975692040602,-0.15614408254623413,True
126,9,252.0,4.48962795175612,0.0,-4.48962795175612,4.48962795175612,14.0,498.0,16.0,-100.0,-33.683247717895675,-100.0,12.410636054986053,-0.10859306548112797,-0.2260267287492752,True
127,9,254.0,4.3218565080314875,0.0,-4.3218565080314875,4.3218565080314875,14.0,498.0,16.0,-100.0,-32.06877108397228,-100.0,12.401040674942534,-0.10850910590574718,-0.16777144372463226,True
128,9,256.0,4.109265083447099,0.0,-4.109265083447099,4.109265083447099,14.0,498.0,16.0,-100.0,-30.87040362879634,-100.0,12.089713981304778,-0.10578499733641682,-0.21259142458438873,True
129,9,258.0,3.961738044396043,0.0,-3.961738044396043,3.961738044396043,14.0,498.0,16.0,-100.0,-29.35189345319356,-100.0,12.04093239855172,-0.10535815848732755,-0.1475270390510559,True
130,9,260.0,3.7623207960277796,0.0,-3.7623207960277796,3.7623207960277796,14.0,498.0,16.0,-100.0,-28.29812888854316,-100.0,11.658782961756636,-0.10201435091537057,-0.19941724836826324,True
131,9,262.0,3.63594345189631,0.0,-3.63594345189631,3.63594345189631,14.0,498.0,16.0,-100.0,-26.873719971626997,-100.0,11.582665483146862,-0.10134832297753504,-0.12637734413146973,True
132,9,264.0,3.4469664189964533,0.0,-3.4469664189964533,3.4469664189964533,14.0,498.0,16.0,-100.0,-25.971024656402214,-100.0,11.134353464079979,-0.09742559281069983,-0.18897703289985657,True
133,9,266.0,3.3291133288294077,0.0,-3.3291133288294077,3.3291133288294077,14.0,498.0,16.0,-100.0,-24.621188707117522,-100.0,11.05402227900984,-0.09672269494133612,-0.1178530901670456,True
134,9,268.0,3.1368229035288095,0.0,-3.1368229035288095,3.1368229035288095,14.0,498.0,16.0,-100.0,-23.779380920210052,-100.0,10.611852259194105,-0.09285370726794842,-0.19229042530059814,True
135,9,270.0,3.0139618311077356,0.0,-3.0139618311077356,3.0139618311077356,14.0,498.0,16.0,-100.0,-22.405877882348637,-100.0,10.598575878532332,-0.09273753893715792,-0.12286107242107391,True
136,10,272.0,2.8029375169426203,0.0,-2.8029375169426203,2.8029375169426203,26.0,1.0,1.0,-100.0,-11.592160888875908,-100.0,0.34413978962402564,-0.08947634530224667,-0.21102431416511536,True
137,10,274.0,2.7081424612551928,0.0,-2.7081424612551928,2.7081424612551928,26.0,1.0,1.0,-100.0,-10.780528911317772,-100.0,0.3482074750982754,-0.0905339435255516,-0.09479505568742752,True
138,10,276.0,2.598580675199628,0.0,-2.598580675199628,2.598580675199628,26.0,1.0,1.0,-100.0,-10.415932543289204,-100.0,0.33156588483103366,-0.08620713005606875,-0.10956178605556488,True
139,10,278.0,2.466232316568494,0.0,-2.466232316568494,2.466232316568494,26.0,1.0,1.0,-100.0,-9.994541058460108,-100.0,0.3190935096701766,-0.08296431251424591,-0.13234835863113403,True
140,10,280.0,2.3617534656077623,0.0,-2.3617534656077623,2.3617534656077623,26.0,1.0,1.0,-100.0,-9.485508909878822,-100.0,0.3117948212967259,-0.08106665353714874,-0.1044788509607315,True
141,10,282.0,2.2373501006513834,0.0,-2.2373501006513834,2.2373501006513834,26.0,1.0,1.0,-100.0,-9.08366717541447,-100.0,0.30031970949304226,-0.07808312446819099,-0.12440336495637894,True
142,10,284.0,2.1223670188337564,0.0,-2.1223670188337564,2.1223670188337564,26.0,1.0,1.0,-100.0,-8.605192694813013,-100.0,0.29342276014274776,-0.07628991763711442,-0.11498308181762695,True
143,10,286.0,2.0145138669759035,0.0,-2.0145138669759035,2.0145138669759035,26.0,1.0,1.0,-100.0,-8.162950072437525,-100.0,0.28553668643980273,-0.0742395384743487,-0.10785315185785294,True
144,10,288.0,1.9027865622192621,0.0,-1.9027865622192621,1.9027865622192621,26.0,1.0,1.0,-100.0,-7.748130257599629,-100.0,0.2771562806607517,-0.07206063297179545,-0.11172730475664139,True
145,10,290.0,1.7979170326143503,0.0,-1.7979170326143503,1.7979170326143503,26.0,1.0,1.0,-100.0,-7.31840985468947,-100.0,0.2702526259114263,-0.07026568273697083,-0.1048695296049118,True
146,10,292.0,1.6914275232702494,0.0,-1.6914275232702494,1.6914275232702494,26.0,1.0,1.0,-100.0,-6.915065510055193,-100.0,0.26280850954611956,-0.06833021248199109,-0.10648950934410095,True
147,10,294.0,1.5871885363012552,0.0,-1.5871885363012552,1.5871885363012552,26.0,1.0,1.0,-100.0,-6.505490474116344,-100.0,0.2563577174663565,-0.06665300654125268,-0.10423898696899414,True
148,10,296.0,1.4770929235965014,0.0,-1.4770929235965014,1.4770929235965014,26.0,1.0,1.0,-100.0,-6.104571293466367,-100.0,0.2501287870931687,-0.06503348464422386,-0.11009561270475388,True
149,10,298.0,1.3704521302133799,0.0,-1.3704521302133799,1.3704521302133799,26.0,1.0,1.0,-100.0,-5.681126629217313,-100.0,0.2455179906196459,-0.06383467756110793,-0.10664079338312149,True
150,10,300.0,1.25887637026608,0.0,-1.25887637026608,1.25887637026608,26.0,1.0,1.0,-100.0,-5.270969731589923,-100.0,0.24074298299595728,-0.06259317557894889,-0.11157575994729996,True
151,11,302.0,1.0998184997588396,0.0,-1.0998184997588396,1.0998184997588396,1.0,1.0,1.0,-100.0,-100.0,-100.0,6.169443266223228,-0.061694432662232276,-0.1590578705072403,True
152,11,304.0,0.8661839533597231,0.0,-0.8661839533597231,0.8661839533597231,1.0,1.0,1.0,-100.0,-100.0,-100.0,6.303985330713405,-0.06303985330713405,-0.23363454639911652,True
153,11,306.0,0.6502597350627184,0.0,-0.6502597350627184,0.6502597350627184,1.0,1.0,1.0,-100.0,-86.61839533597231,-100.0,6.764702751564551,-0.06764702751564551,-0.2159242182970047,True
154,11,308.0,0.5064730811864138,0.0,-0.5064730811864138,0.5064730811864138,1.0,1.0,1.0,-100.0,-65.02597350627184,-100.0,7.100965280468012,-0.07100965280468012,-0.14378665387630463,True
155,11,310.0,0.2867727894335985,0.0,-0.2867727894335985,0.2867727894335985,1.0,1.0,1.0,-100.0,-50.64730811864138,-100.0,7.077230296295767,-0.07077230296295767,-0.21970029175281525,True
156,11,312.0,0.17127720452845097,0.0,-0.17127720452845097,0.17127720452845097,1.0,1.0,1.0,-100.0,-28.677278943359852,-100.0,7.400846176939092,-0.07400846176939092,-0.11549558490514755,True
157,11,314.0,-0.03891032002866268,0.0,0.03891032002866268,0.03891032002866268,1.0,1.0,1.0,-100.0,-17.127720452845097,-100.0,7.219900685567699,-0.07219900685567698,-0.21018752455711365,True
158,11,316.0,-0.12006731890141964,0.0,0.12006731890141964,0.12006731890141964,1.0,1.0,1.0,-65.25274207136279,3.891032002866268,-76.63043842122366,7.486664346994594,-0.07486664346994594,-0.08115699887275696,True
159,11,318.0,-0.25588234327733517,0.0,0.25588234327733517,0.25588234327733517,1.0,1.0,1.0,14.630234312686524,12.006731890141964,-4.517934576527143,7.141436999071702,-0.07141436999071703,-0.13581502437591553,True
160,11,320.0,-0.39386669360101223,0.0,0.39386669360101223,0.39386669360101223,1.0,1.0,1.0,84.44970357939579,25.588234327733517,51.78386509893935,7.077604152722916,-0.07077604152722916,-0.13798435032367706,True
161,11,322.0,-0.4261477719992399,0.0,0.4261477719992399,0.4261477719992399,1.0,1.0,1.0,100.0,39.38666936010122,100.0,7.0297215722741475,-0.07029721572274147,-0.03228107839822769,True
162,11,324.0,-0.41260526794940233,0.0,0.41260526794940233,0.41260526794940233,1.0,1.0,1.0,100.0,42.61477719992399,100.0,6.505902530473681,-0.06505902530473681,0.01354250404983759,True
163,11,326.0,-0.36902006808668375,0.0,0.36902006808668375,0.36902006808668375,1.0,1.0,1.0,100.0,41.26052679494023,100.0,5.823746350939563,-0.058237463509395626,0.04358519986271858,True
164,11,328.0,-0.31042024958878756,0.0,0.31042024958878756,0.31042024958878756,1.0,1.0,1.0,100.0,36.902006808668375,100.0,5.070093196683407,-0.05070093196683407,0.058599818497896194,True
165,11,330.0,-0.19467927981168032,0.0,0.19467927981168032,0.19467927981168032,1.0,1.0,1.0,100.0,31.042024958878756,100.0,4.320077482114037,-0.043200774821140375,0.11574096977710724,True
166,12,332.0,-0.05130771268159151,0.0,0.05130771268159151,0.05130771268159151,6.0,126.0,1.0,100.0,3.244654663528005,100.0,0.5636423714910469,-0.033818542289462815,0.1433715671300888,True
167,12,334.0,0.11412907671183348,0.0,-0.11412907671183348,0.11412907671183348,6.0,126.0,1.0,100.0,0.8551285446931918,100.0,0.4012541647199565,-0.024075249883197394,0.165436789393425,True
168,12,336.0,0.281442086212337,0.0,-0.281442086212337,0.281442086212337,6.0,126.0,1.0,98.2448182317055,-1.9021512785305579,99.90933069838749,0.2376388118485581,-0.014258328710913485,0.16731300950050354,True
169,12,338.0,0.46175001095980406,0.0,-0.46175001095980406,0.46175001095980406,6.0,126.0,1.0,95.08324810395912,-4.690701436872283,99.68574037297286,0.08820916785854668,-0.005292550071512802,0.18030792474746704,True
170,12,340.0,0.6410827441141009,0.0,-0.6410827441141009,0.6410827441141009,6.0,126.0,1.0,91.56625996458199,-7.695833515996734,99.31890527520851,-0.05681179462978191,0.0034087076777869147,0.17933273315429688,True
171,12,342.0,0.8241852624341846,0.0,-0.8241852624341846,0.8241852624341846,6.0,126.0,1.0,87.93762729697401,-10.684712401901681,98.80960014141263,-0.18726044253692506,0.011235626552215505,0.18310251832008362,True
172,12,344.0,1.0133240772411227,0.0,-1.0133240772411227,1.0133240772411227,6.0,126.0,1.0,84.11028728341061,-13.736421040569741,98.15483008370865,-0.3081217597282934,0.018487305583697607,0.18913881480693817,True
173,12,346.0,1.1940720481798053,0.0,-1.1940720481798053,1.1940720481798053,6.0,126.0,1.0,80.03903751986424,-16.888734620685376,97.34979959509218,-0.4220274545425608,0.02532164727255365,0.18074797093868256,True
174,12,348.0,1.3682118309661746,0.0,-1.3682118309661746,1.3682118309661746,6.0,126.0,1.0,75.98126335556218,-19.901200802996755,96.40117474152446,-0.5187105829655206,0.03112263497793124,0.17413978278636932,True
175,12,350.0,1.5420520706102252,0.0,-1.5420520706102252,1.5420520706102252,6.0,126.0,1.0,71.9095102593456,-22.80353051610291,95.31420536662085,-0.601164591172341,0.03606987547034046,0.1738402396440506,True
176,12,352.0,1.7150049908086658,0.0,-1.7150049908086658,1.7150049908086658,6.0,126.0,1.0,67.71273518930016,-25.70086784350375,94.08912944100459,-0.6755264082006692,0.040531584492040154,0.17295292019844055,True
177,12,354.0,1.8704602820798755,0.0,-1.8704602820798755,1.8704602820798755,6.0,126.0,1.0,63.401112750715136,-28.58341651347776,92.72665189138465,-0.7421226271917583,0.0445273576315055,0.15545529127120972,True
178,12,356.0,2.0293122036382556,0.0,-2.0293122036382556,2.0293122036382556,6.0,126.0,1.0,59.27722605866998,-31.17433803466459,91.24067362575397,-0.7891095324193945,0.047346571945163674,0.15885192155838013,True
179,12,358.0,2.178621049039066,0.0,-2.178621049039066,2.178621049039066,6.0,126.0,1.0,54.97243837764625,-33.82187006063759,89.62849620735271,-0.8341877690688693,0.05005126614413216,0.14930884540081024,True
180,12,360.0,2.280967484228313,0.0,-2.280967484228313,2.280967484228313,6.0,126.0,1.0,50.719614378776356,-36.31035081731776,87.89770108759889,-0.8677358915047723,0.05206415349028634,0.10234643518924713,True
181,13,362.0,2.300158224068582,0.0,-2.300158224068582,2.300158224068582,50.0,1.0,41.0,51.69323893042787,-4.561934968456626,60.49869226803963,-4.243518369155139,0.05175022401408707,0.01919073984026909,True
182,13,364.0,2.327472130768001,0.0,-2.327472130768001,2.327472130768001,50.0,1.0,41.0,24.358582149597115,-4.600316448137164,32.86916405099962,-3.9102654532653403,0.04768616406421146,0.02731390669941902,True
183,13,366.0,2.276687833480537,0.0,-2.276687833480537,2.276687833480537,50.0,1.0,41.0,-3.3824842107710476,-4.654944261536002,4.911540858591198,-3.6390808078262427,0.044379034241783445,-0.05078429728746414,True
184,13,368.0,2.203567105345428,0.0,-2.203567105345428,2.203567105345428,50.0,1.0,41.0,-15.499406299844631,-4.553375666961074,-7.843380529220482,-3.1026501036630765,0.03783719638613508,-0.07312072813510895,True
185,13,370.0,2.1834069779142737,0.0,-2.1834069779142737,2.1834069779142737,50.0,1.0,41.0,-23.598912473566223,-4.407134210690856,-16.6576489506022,-2.534129312273164,0.030904016003331265,-0.02016012743115425,True
186,13,372.0,2.1517052007839084,0.0,-2.1517052007839084,2.1517052007839084,50.0,1.0,41.0,-31.975343057379092,-4.3668139558285475,-25.391276862259303,-2.2172522392912373,0.027039661454771186,-0.03170177713036537,True
187,13,374.0,2.042851353995502,0.0,-2.042851353995502,2.042851353995502,50.0,1.0,41.0,-40.18908801639442,-4.303410401567817,-33.99809766539499,-1.8875799494316183,0.023019267675995346,-0.10885384678840637,True
188,13,376.0,1.9672907991334796,0.0,-1.9672907991334796,1.9672907991334796,50.0,1.0,41.0,-47.55697325271951,-4.085702707991004,-42.16950308137704,-1.3017674633514718,0.015875212967700874,-0.0755605548620224,True
189,13,378.0,1.849187116138637,0.0,-1.849187116138637,1.849187116138637,50.0,1.0,41.0,-54.869185324922235,-3.934581598266959,-50.038666277911005,-0.8959374487442677,0.010926066448100825,-0.11810368299484253,True
190,13,380.0,1.768036405555904,0.0,-1.768036405555904,1.768036405555904,50.0,1.0,41.0,-61.50402709861341,-3.698374232277274,-57.43541474246552,-0.3702381238706182,0.004515099071592905,-0.08115071058273315,True
191,13,382.0,1.695553901605308,0.0,-1.695553901605308,1.695553901605308,50.0,1.0,41.0,-68.07606188855301,-3.5360728111118083,-64.5075603646891,-0.032428712752102476,0.000395472106732957,-0.07248250395059586,True
192,13,384.0,1.610274794511497,0.0,-1.610274794511497,1.610274794511497,50.0,1.0,41.0,-74.44003764621866,-3.391107803210616,-71.28977597111033,0.2408461281022785,-0.0029371479036863235,-0.08527910709381104,True
193,13,386.0,1.4861333994194865,0.0,-1.4861333994194865,1.4861333994194865,50.0,1.0,41.0,-80.41567146635867,-3.220549589022994,-77.73087514915625,0.535753271820557,-0.006533576485616548,-0.1241413950920105,True
194,13,388.0,1.385426546446979,0.0,-1.385426546446979,1.385426546446979,50.0,1.0,41.0,-85.700285421798,-2.972266798838973,-83.67540874683424,0.9473901238752102,-0.011553538096039147,-0.10070685297250748,True
195,13,390.0,1.2809519423171878,0.0,-1.2809519423171878,1.2809519423171878,50.0,1.0,41.0,-90.75556010009655,-2.770853092893958,-89.2171149326221,1.2324079254195113,-0.015029364944140382,-0.10447460412979126,True
196,14,392.0,1.166486899368465,0.0,-1.166486899368465,1.166486899368465,1.0,1.0,1.0,-100.0,-100.0,-89.2171149326221,1.834490806638912,-0.01834490806638912,-0.11446504294872284,True
197,14,394.0,1.0839042020961642,0.0,-1.0839042020961642,1.0839042020961642,1.0,1.0,1.0,-100.0,-100.0,-100.0,2.1798326622987205,-0.021798326622987203,-0.08258269727230072,True
198,14,396.0,0.9251918001100421,0.0,-0.9251918001100421,0.9251918001100421,1.0,1.0,1.0,-100.0,-100.0,-100.0,2.3473023531777772,-0.023473023531777774,-0.15871240198612213,True
199,14,398.0,0.8360150782391429,0.0,-0.8360150782391429,0.8360150782391429,1.0,1.0,1.0,-100.0,-92.51918001100421,-100.0,2.844866179340323,-0.028448661793403232,-0.0891767218708992,True
200,14,400.0,0.6851868210360408,0.0,-0.6851868210360408,0.6851868210360408,1.0,1.0,1.0,-100.0,-83.60150782391429,-100.0,2.9788736361917247,-0.02978873636191725,-0.1508282572031021,True
201,14,402.0,0.6220472706481814,0.0,-0.6220472706481814,0.6220472706481814,1.0,1.0,1.0,-100.0,-68.51868210360408,-100.0,3.380352583011697,-0.03380352583011697,-0.06313955038785934,True
202,14,404.0,0.4460280640050769,0.0,-0.4460280640050769,0.4460280640050769,1.0,1.0,1.0,-100.0,-62.204727064818144,-100.0,3.344920961558896,-0.03344920961558896,-0.17601920664310455,True
203,14,406.0,0.37281237822026014,0.0,-0.37281237822026014,0.37281237822026014,1.0,1.0,1.0,-100.0,-44.60280640050769,-100.0,3.8259953769082684,-0.038259953769082686,-0.07321568578481674,True
204,14,408.0,0.20493802707642317,0.0,-0.20493802707642317,0.20493802707642317,1.0,1.0,1.0,-100.0,-37.281237822026014,-100.0,3.7938580113200815,-0.037938580113200816,-0.16787435114383698,True
205,14,410.0,0.13413605373352766,0.0,-0.13413605373352766,0.13413605373352766,1.0,1.0,1.0,-100.0,-20.493802707642317,-100.0,4.195083805221582,-0.041950838052215826,-0.07080197334289551,True
206,14,412.0,-0.04973940271884203,0.0,0.04973940271884203,0.04973940271884203,1.0,1.0,1.0,-100.0,-13.413605373352766,-100.0,4.116767062819231,-0.04116767062819231,-0.1838754564523697,True
207,14,414.0,-0.10063735861331224,0.0,0.10063735861331224,0.10063735861331224,1.0,1.0,1.0,-60.592616338863316,4.973940271884203,-70.12648485354825,4.559928242800722,-0.04559928242800722,-0.050897955894470215,True
208,14,416.0,-0.15803162101656199,0.0,0.15803162101656199,0.15803162101656199,1.0,1.0,1.0,4.736438888050162,10.063735861331224,-9.683626827534862,4.3563298542538,-0.043563298542537994,-0.05739426240324974,True
209,14,418.0,-0.19140929076820612,0.0,0.19140929076820612,0.19140929076820612,1.0,1.0,1.0,51.42367722830723,15.803162101656199,31.418831719745725,4.20168340690531,-0.0420168340690531,-0.033377669751644135,True
210,14,420.0,-0.18747638165950775,0.0,0.18747638165950775,0.18747638165950775,1.0,1.0,1.0,92.7942333821488,19.140929076820612,69.70068987338699,3.9526144319412064,-0.039526144319412065,0.003932909108698368,True
211,15,422.0,-0.16727258637547493,0.0,0.16727258637547493,0.16727258637547493,1.0,405.0,4.0,100.0,18.747638165950775,69.79327080260148,14.230793179626719,-0.0355769829490668,0.02020379528403282,True
212,15,424.0,-0.1257045418024063,0.0,0.1257045418024063,0.1257045418024063,1.0,405.0,4.0,99.1090896996138,16.727258637547493,69.87587454895964,12.505956513106675,-0.03126489128276669,0.04156804457306862,True
213,15,426.0,-0.06275417655706406,0.0,0.06275417655706406,0.06275417655706406,1.0,405.0,4.0,93.06558741364768,12.570454180240631,69.93795086589908,10.55718236750797,-0.026392955918769924,0.06295036524534225,True
214,15,428.0,0.01709187775850296,0.0,-0.01709187775850296,0.01709187775850296,1.0,405.0,4.0,84.64986167560764,6.275417655706406,69.96894058271734,8.405503437183906,-0.021013758592959765,0.07984605431556702,True
215,15,430.0,0.13017503172159195,0.0,-0.13017503172159195,0.13017503172159195,1.0,405.0,4.0,74.38626185622488,-1.709187775850296,69.94359393568742,6.151855696387748,-0.01537963924096937,0.11308315396308899,True
216,15,432.0,0.18494776263833046,0.0,-0.18494776263833046,0.18494776263833046,1.0,405.0,4.0,60.24187380572623,-13.017503172159195,69.75054899189685,3.508827985988587,-0.008772069964971468,0.05477273091673851,True
217,15,434.0,0.30496280267834663,0.0,-0.30496280267834663,0.30496280267834663,1.0,405.0,4.0,53.159684915785036,-18.494776263833046,69.4762780355505,2.1781831440675967,-0.0054454578601689915,0.12001504004001617,True
218,15,436.0,0.4097328521311283,0.0,-0.4097328521311283,0.4097328521311283,1.0,405.0,4.0,38.31590757136527,-30.496280267834663,69.02402904184804,-0.21184120264811254,0.0005296030066202814,0.10477004945278168,True
219,15,438.0,0.5304932184517384,0.0,-0.5304932184517384,0.5304932184517384,1.0,405.0,4.0,25.346443874900594,-40.97328521311283,68.41640978980904,-2.096680701795619,0.005241701754489047,0.12076036632061005,True
220,15,440.0,0.6068566851317883,0.0,-0.6068566851317883,0.6068566851317883,1.0,405.0,4.0,10.487905162404084,-53.049321845173836,67.62970720803943,-4.092480200461514,0.010231200501153786,0.0763634666800499,True
221,15,442.0,0.7477595023810863,0.0,-0.7477595023810863,0.7477595023810863,1.0,405.0,4.0,0.9534648496165212,-60.685668513178825,66.72976032021552,-5.090626957420179,0.012726567393550447,0.1409028172492981,True
222,15,444.0,0.792796291410923,0.0,-0.792796291410923,0.792796291410923,1.0,405.0,4.0,-16.322178742415826,-74.77595023810863,65.62085956407996,-7.167088068387149,0.017917720170967873,0.045036789029836655,True
223,15,446.0,0.9119137451052666,0.0,-0.9119137451052666,0.9119137451052666,1.0,405.0,4.0,-22.136790844712895,-79.2796291410923,64.44517085105453,-7.302332554675127,0.018255831386687817,0.11911745369434357,True
224,15,448.0,0.9438779689371586,0.0,-0.9438779689371586,0.9438779689371586,1.0,405.0,4.0,-36.87023345842489,-91.19137451052666,63.092835189311,-8.771694137209234,0.021929235343023087,0.031964223831892014,True
225,15,450.0,1.0032626166939735,0.0,-1.0032626166939735,1.0032626166939735,1.0,405.0,4.0,-41.21087510478361,-94.38779689371586,61.693097720082946,-8.516175931150698,0.021290439827876744,0.05938464775681496,True
226,16,452.0,0.9992295997217298,0.0,-0.9992295997217298,0.9992295997217298,1.0,284.0,5.0,-51.73438015614815,-100.0,59.57140712097545,-10.979525607726254,0.021959051215452507,-0.004033016972243786,True
227,16,454.0,1.0231541404500604,0.0,-1.0231541404500604,1.0231541404500604,1.0,284.0,5.0,-52.30524233028366,-99.92295997217298,57.45824550924742,-9.840527867358107,0.019681055734716214,0.023924540728330612,True
228,16,456.0,0.9947738135233521,0.0,-0.9947738135233521,0.9947738135233521,1.0,284.0,5.0,-56.46654883770481,-100.0,55.29448849776401,-9.44562329046278,0.01889124658092556,-0.02838032692670822,True
229,16,458.0,0.9950783158710692,0.0,-0.9950783158710692,0.9950783158710692,1.0,284.0,5.0,-54.18618743342911,-99.47738135233521,53.190749941905345,-7.8995560229992465,0.015799112045998494,0.00030450234771706164,True
230,16,460.0,0.9651879555603955,0.0,-0.9651879555603955,0.9651879555603955,1.0,284.0,5.0,-55.57440633316202,-99.50783158710692,51.08636742726883,-7.152942173323934,0.014305884346647868,-0.029890360310673714,True
231,16,462.0,0.9576505580043886,0.0,-0.9576505580043886,0.9576505580043886,1.0,284.0,5.0,-53.26485003185516,-96.51879555603955,49.045196773036345,-5.791251248851956,0.01158250249770391,-0.007537397556006908,True
232,16,464.0,0.9334933673089836,0.0,-0.9334933673089836,0.9334933673089836,1.0,284.0,5.0,-53.81259943128492,-95.76505580043886,47.01996613816687,-5.067509769012932,0.010135019538025864,-0.024157190695405006,True
233,16,466.0,0.8963773910945747,0.0,-0.8963773910945747,0.8963773910945747,1.0,284.0,5.0,-52.3385697381935,-93.34933673089836,45.0458229090737,-4.035055916368837,0.008070111832737674,-0.037115976214408875,True
234,16,468.0,0.844011302018771,0.0,-0.844011302018771,0.844011302018771,1.0,284.0,5.0,-49.29411521863374,-89.63773910945747,43.15017220676312,-2.8065483159393985,0.005613096631878797,-0.05236608907580376,True
235,16,470.0,0.7990683791285846,0.0,-0.7990683791285846,0.7990683791285846,1.0,284.0,5.0,-44.38447444709366,-84.4011302018771,41.365264830332904,-1.3486090755494686,0.0026972181510989375,-0.04494292289018631,True
236,16,472.0,0.7593801197654102,0.0,-0.7593801197654102,0.7593801197654102,1.0,284.0,5.0,-40.42989798653147,-79.90683791285846,39.67540233587666,-0.1984624095496693,0.0003969248190993386,-0.03968825936317444,True
237,16,474.0,0.700720402324805,0.0,-0.700720402324805,0.700720402324805,1.0,284.0,5.0,-37.146000205314316,-75.93801197654102,38.06947220906235,0.7225395621643546,-0.0014450791243287092,-0.058659717440605164,True
238,16,476.0,0.6392880518978927,0.0,-0.6392880518978927,0.6392880518978927,1.0,284.0,5.0,-31.49755702099895,-70.0720402324805,36.58759511578994,1.9868880956916135,-0.003973776191383227,-0.06143235042691231,True
239,16,478.0,0.5917547782009933,0.0,-0.5917547782009933,0.5917547782009933,1.0,284.0,5.0,-25.499520649013334,-63.92880518978927,35.235634594921436,3.1936499458545002,-0.006387299891709001,-0.047533273696899414,True
240,16,480.0,0.5132570629066322,0.0,-0.5132570629066322,0.5132570629066322,1.0,284.0,5.0,-21.221892267170738,-59.17547782009933,33.98419700620384,3.969388546724754,-0.007938777093449508,-0.07849771529436111,True
241,17,482.0,0.45258553969324566,0.0,-0.45258553969324566,0.45258553969324566,1.0,253.0,5.0,-13.185020425035585,-51.32570629066322,32.76576815148361,5.374917714144026,-0.010749835428288052,-0.060671523213386536,True
242,17,484.0,0.3864320953434799,0.0,-0.3864320953434799,0.3864320953434799,1.0,253.0,5.0,-7.32598133264985,-45.258553969324566,31.691368361116336,6.241204275558381,-0.012482408551116762,-0.06615344434976578,True
243,17,486.0,0.31822319971979596,0.0,-0.31822319971979596,0.31822319971979596,1.0,253.0,5.0,-0.7197440310423728,-38.64320953434799,30.774011252204726,7.149454251100891,-0.014298908502201783,-0.06820889562368393,True
244,17,488.0,0.2526293982809875,0.0,-0.2526293982809875,0.2526293982809875,1.0,253.0,5.0,6.21404117782525,-31.822319971979596,30.018576292217524,8.017784857587321,-0.01603556971517464,-0.06559380143880844,True
245,17,490.0,0.19275423782528378,0.0,-0.19275423782528378,0.19275423782528378,1.0,253.0,5.0,12.899763233890587,-25.26293982809875,29.41885546875137,8.74384759323797,-0.01748769518647594,-0.059875160455703735,True
246,17,492.0,0.12790036099613644,0.0,-0.12790036099613644,0.12790036099613644,1.0,253.0,5.0,18.95652252608773,-19.275423782528378,28.961273211810003,9.270673096806107,-0.018541346193612213,-0.06485387682914734,True
247,17,494.0,0.07634356143535115,0.0,-0.07634356143535115,0.07634356143535115,1.0,253.0,5.0,25.72801822108623,-12.790036099613644,28.65764857295109,9.860405747748786,-0.01972081149549757,-0.051556799560785294,True
248,17,496.0,0.025277684355387464,0.0,-0.025277684355387464,0.025277684355387464,1.0,253.0,5.0,30.93371532977552,-7.634356143535115,28.476415415440915,10.091656057869718,-0.020183312115739437,-0.051065877079963684,True
249,17,498.0,-0.008391649549594149,0.0,0.008391649549594149,0.008391649549594149,1.0,253.0,5.0,36.178329276081975,-2.5277684355387464,28.41640833083362,10.289689380787099,-0.0205793787615742,-0.03366933390498161,True
250,17,500.0,-0.02781349336146377,0.0,0.02781349336146377,0.02781349336146377,1.0,253.0,5.0,39.335634997058094,0.8391649549594149,28.423042045892554,10.073427996206126,-0.02014685599241225,-0.01942184381186962,True
251,17,502.0,-0.008591930469265208,0.0,0.008591930469265208,0.008591930469265208,1.0,253.0,5.0,40.78034414379858,2.781349336146377,28.44502899716642,9.553965810485781,-0.019107931620971564,0.019221562892198563,True
252,17,504.0,0.0015697832277510315,0.0,-0.0015697832277510315,0.0015697832277510315,1.0,253.0,5.0,37.51674657781926,0.8591930469265208,28.45182103706304,8.2057324938297,-0.0164114649876594,0.01016171369701624,True
253,17,506.0,0.04077029405743815,0.0,-0.04077029405743815,0.04077029405743815,1.0,253.0,5.0,35.4831431530287,-0.15697832277510315,28.448094504456765,7.192026971347036,-0.014384053942694071,0.03920051082968712,True
254,17,508.0,0.0973262767365668,0.0,-0.0973262767365668,0.0973262767365668,1.0,253.0,5.0,29.889278094825467,-4.077029405743815,28.351309274822135,5.614998225747151,-0.011229996451494301,0.05655598267912865,True
255,17,510.0,0.10501524331630208,0.0,-0.10501524331630208,0.10501524331630208,1.0,253.0,5.0,22.18156784947018,-9.73262767365668,28.12026492595968,3.7939305971671806,-0.007587861194334361,0.007688966579735279,True
256,18,512.0,0.22197609665454365,0.0,-0.22197609665454365,0.22197609665454365,1.0,229.0,18.0,29.069479337349343,-10.501524331630208,27.84484039230032,11.72616327667923,-0.006514535153710683,0.11696085333824158,True
257,18,514.0,0.22637936836690642,0.0,-0.22637936836690642,0.22637936836690642,1.0,229.0,18.0,6.102449686084231,-22.197609665454365,27.26266145356807,1.0373978979705256,-0.0005763321655391808,0.004403271712362766,True
258,18,516.0,0.20504054045886733,0.0,-0.20504054045886733,0.20504054045886733,1.0,229.0,18.0,4.6091445995205715,-22.637936836690642,26.668934009879163,0.57814742633205,-0.0003211930146289167,-0.021338827908039093,True
259,18,518.0,0.211077955464134,0.0,-0.211077955464134,0.211077955464134,1.0,229.0,18.0,7.896145910306155,-20.504054045886733,26.131172124520795,2.269027831672091,-0.0012605710175956062,0.006037415005266666,True
260,18,520.0,0.3002378911769483,0.0,-0.3002378911769483,0.3002378911769483,1.0,229.0,18.0,6.028360831303446,-21.1077955464134,25.577575850174426,1.5585805275424178,-0.0008658780708568987,0.08915993571281433,True
261,18,522.0,0.19648138145566918,0.0,-0.19648138145566918,0.19648138145566918,1.0,229.0,18.0,-11.119170166624635,-30.023789117694832,24.790138916707484,-5.885519965637283,0.0032697333142429354,-0.10375650972127914,True
262,18,524.0,0.27008378962636925,0.0,-0.27008378962636925,0.27008378962636925,1.0,229.0,18.0,7.792363279681133,-19.648138145566918,24.274825223654574,3.165676201593478,-0.0017587090008852654,0.07360240817070007,True
263,18,526.0,0.2534578339254949,0.0,-0.2534578339254949,0.2534578339254949,1.0,229.0,18.0,-6.6006494612933935,-27.008378962636925,23.566473755261196,-3.1587442539176656,0.0017548579188431477,-0.01662595570087433,True
264,18,528.0,0.14706146428943612,0.0,-0.14706146428943612,0.14706146428943612,1.0,229.0,18.0,-3.941085945514996,-25.345783392549492,22.901727347913713,-1.4970299008792174,0.0008316832782662318,-0.10639636963605881,True
265,18,530.0,0.18240308100939728,0.0,-0.18240308100939728,0.18240308100939728,1.0,229.0,18.0,15.161435711320642,-14.706146428943612,22.516027768099555,7.351554372164698,-0.0040841968734248325,0.035341616719961166,True
266,18,532.0,0.15669395486474968,0.0,-0.15669395486474968,0.15669395486474968,1.0,229.0,18.0,7.555827713304705,-18.24030810093973,22.03763737506179,3.758498439182642,-0.002088054688434801,-0.0257091261446476,True
267,18,534.0,0.14613637505681254,0.0,-0.14613637505681254,0.14613637505681254,1.0,229.0,18.0,11.460881328430338,-15.669395486474968,21.626674565444958,5.503602249460347,-0.0030575568052557487,-0.010557579807937145,True
268,18,536.0,0.09067109777242877,0.0,-0.09067109777242877,0.09067109777242877,1.0,229.0,18.0,12.472244075957377,-14.613637505681254,21.24340122645494,5.842480355183692,-0.0032458224195464954,-0.055465277284383774,True
269,18,538.0,0.09497769447625615,0.0,-0.09497769447625615,0.09497769447625615,1.0,229.0,18.0,21.762050783189654,-9.067109777242877,21.005597227418992,9.823563333013539,-0.005457535185007521,0.004306596703827381,True
270,18,540.0,0.03282265263260342,0.0,-0.03282265263260342,0.03282265263260342,1.0,229.0,18.0,19.792843928656882,-9.497769447625615,20.75649827394258,8.534115102339918,-0.00474117505685551,-0.062155041843652725,True
271,19,542.0,0.03632090231985785,0.0,-0.03632090231985785,0.03632090231985785,1.0,417.0,13.0,26.675612493342328,-3.282265263260342,20.709224161509866,9.2486535950928,-0.007114348919302155,0.003498249687254429,True
272,19,544.0,-0.03239247956662439,0.0,0.03239247956662439,0.03239247956662439,1.0,417.0,13.0,25.184520681859613,-3.632090231985785,20.656911557798452,8.159699356046946,-0.006276691812343804,-0.06871338188648224,True
273,19,546.0,0.037523552688071504,0.0,-0.037523552688071504,0.037523552688071504,1.0,417.0,13.0,35.3536731200333,3.239247956662439,20.672447519221294,11.44197764414957,-0.008801521264730439,0.06991603225469589,True
274,19,548.0,-0.014583114621927962,0.0,0.014583114621927962,0.014583114621927962,1.0,417.0,13.0,23.084881471210874,-3.7523552688071504,20.618402751161035,6.218833988856989,-0.004783718452966915,-0.052106667309999466,True
275,19,550.0,-0.0033046371245291084,0.0,0.0033046371245291084,0.0033046371245291084,1.0,417.0,13.0,30.78858259992116,1.4583114621927962,20.62539705073988,8.704874086988482,-0.006696056989991141,0.011278477497398853,True
276,19,552.0,0.016780127683887258,0.0,-0.016780127683887258,0.016780127683887258,1.0,417.0,13.0,28.165462651144978,0.33046371245291084,20.626982008593398,7.208016930098668,-0.005544628407768206,0.020084764808416367,True
277,19,554.0,0.025769920932361856,0.0,-0.025769920932361856,0.025769920932361856,1.0,417.0,13.0,24.258336330603075,-1.6780127683887258,20.602813771746643,5.333535327245158,-0.004102719482496276,0.008989793248474598,True
278,19,556.0,0.04908342464477755,0.0,-0.04908342464477755,0.04908342464477755,1.0,417.0,13.0,22.28222424994612,-2.5769920932361856,20.56569763268332,4.293518710498985,-0.003302706700383834,0.023313503712415695,True
279,19,558.0,0.07056903271586634,0.0,-0.07056903271586634,0.07056903271586634,1.0,417.0,13.0,18.092907701896724,-4.908342464477755,20.495003305774006,2.506246860600473,-0.0019278822004619022,0.02148560807108879,True
280,19,560.0,0.0627962862199638,0.0,-0.0627962862199638,0.0627962862199638,1.0,417.0,13.0,14.33394201179291,-7.056903271586634,20.393363489388005,0.9974817939915406,-0.0007672936876858005,-0.007772746495902538,True
281,19,562.0,0.08501210334361531,0.0,-0.08501210334361531,0.08501210334361531,1.0,417.0,13.0,15.384954213163017,-6.27962862199638,20.302918675912697,1.3616641592466998,-0.0010474339686513076,0.022215817123651505,True
282,19,564.0,0.10383059727610089,0.0,-0.10383059727610089,0.10383059727610089,1.0,417.0,13.0,11.598194794579468,-8.50121033436153,20.18047666074122,-0.08107153180022114,6.236271676940088e-05,0.01881849393248558,True
283,19,566.0,0.09231622880906798,0.0,-0.09231622880906798,0.09231622880906798,1.0,417.0,13.0,8.462450833382794,-10.383059727610089,20.03093057180897,-1.185420010816086,0.0009118615467816046,-0.01151436846703291,True
284,19,568.0,0.10087526301504113,0.0,-0.10087526301504113,0.10087526301504113,1.0,417.0,13.0,10.274445669670481,-9.231622880906798,19.897968503540618,-0.3918999529633398,0.0003014615022794922,0.008559034205973148,True
285,19,570.0,0.09836743204505183,0.0,-0.09836743204505183,0.09836743204505183,1.0,417.0,13.0,8.804838374287971,-10.087526301504113,19.752678950656723,-0.8603142748646381,0.000661780211434337,-0.0025078309699892998,True
286,20,572.0,0.09388875114382245,0.0,-0.09388875114382245,0.09388875114382245,1.0,400.0,9.0,9.332049376146394,-9.836743204505183,19.604980103742207,-0.4361875230906318,0.0004846528034340353,-0.0044786809012293816,True
287,20,574.0,0.08524908489198424,0.0,-0.08524908489198424,0.08524908489198424,1.0,400.0,9.0,9.86378301911484,-9.388875114382245,19.46400600292567,-0.21134786942858694,0.00023483096603176326,-0.008639666251838207,True
288,20,576.0,0.06278425073833205,0.0,-0.06278425073833205,0.06278425073833205,1.0,400.0,9.0,10.973374687279403,-8.524908489198424,19.336004373958747,0.16227880251907803,-0.00018030978057675335,-0.02246483415365219,True
289,20,578.0,0.044796565460273996,0.0,-0.044796565460273996,0.044796565460273996,1.0,400.0,9.0,14.029189767485716,-6.278425073833205,19.24173372720448,1.0658811141144424,-0.001184312349016047,-0.017987685278058052,True
290,20,580.0,0.02021612031967379,0.0,-0.02021612031967379,0.02021612031967379,1.0,400.0,9.0,16.394935049017572,-4.4796565460274,19.174471616903755,1.7001199781412175,-0.0018890221979346862,-0.024580445140600204,True
291,20,582.0,0.0010044722876045853,0.0,-0.0010044722876045853,0.0010044722876045853,1.0,400.0,9.0,19.66608735241545,-2.021612031967379,19.144117081889213,2.543582302493616,-0.00282620255832624,-0.019211648032069206,True
292,20,584.0,-0.027138322679093108,0.0,0.027138322679093108,0.027138322679093108,1.0,400.0,9.0,22.129100399422843,-0.10044722876045853,19.14260886524114,3.0869387629421627,-0.0034299319588246254,-0.028142794966697693,True
293,20,586.0,-0.036168783059110865,0.0,0.036168783059110865,0.036168783059110865,1.0,400.0,9.0,25.81386637322173,2.7138322679093108,19.156178026580683,3.9438560787317383,-0.004382062309701932,-0.009030460380017757,True
294,20,588.0,-0.06337816556333564,0.0,0.06337816556333564,0.06337816556333564,1.0,400.0,9.0,26.728248747512794,3.6168783059110865,19.174262418110246,3.9371080234914633,-0.00437456447054607,-0.027209382504224777,True
295,20,590.0,-0.053954610688379034,0.0,0.053954610688379034,0.053954610688379034,1.0,400.0,9.0,30.2185083587371,6.337816556333564,19.205951500891917,4.674740301511618,-0.005194155890568465,0.009423554874956608,True
296,20,592.0,-0.06383766335784458,0.0,0.06383766335784458,0.06383766335784458,1.0,400.0,9.0,28.47167216794153,5.395461068837903,19.232928806236092,3.8432822928675336,-0.004270313658741704,-0.009883052669465542,True
297,20,594.0,-0.05498359361081384,0.0,0.05498359361081384,0.05498359361081384,1.0,400.0,9.0,29.529623179291047,6.383766335784458,19.264847637915004,3.8810092055915866,-0.004312232450657319,0.008854069747030735,True
298,20,596.0,-0.03863899045973085,0.0,0.03863899045973085,0.03863899045973085,1.0,400.0,9.0,27.939262414427134,5.498359361081384,19.292339434720397,3.148563618625353,-0.0034984040206948366,0.016344603151082993,True
299,20,598.0,-0.01586049803881906,0.0,0.01586049803881906,0.01586049803881906,1.0,400.0,9.0,25.355090699738238,3.863899045973085,19.31165892995027,2.1795327238148787,-0.0024217030264609765,0.02277849242091179,True
300,20,600.0,-0.008158872922649607,0.0,0.008158872922649607,0.008158872922649607,1.0,400.0,9.0,21.945352721291307,1.586049803881906,19.319589178969675,1.0397137384397248,-0.0011552374871552497,0.007701625116169453,True
301,21,602.0,0.03245765800238587,0.0,-0.03245765800238587,0.03245765800238587,1.0,507.0,18.0,21.389588587210152,0.8158872922649607,19.322807669274443,1.2508936256707477,-0.0006949409031504154,0.04061653092503548,True
302,21,604.0,0.018888289021560922,0.0,-0.018888289021560922,0.018888289021560922,1.0,507.0,18.0,13.846753865775138,-3.245765800238587,19.28435778980634,-2.1918381237926137,0.001217687846551452,-0.013569368980824947,True
303,21,606.0,0.06349134995252825,0.0,-0.06349134995252825,0.06349134995252825,1.0,507.0,18.0,16.500694679380278,-1.8888289021560922,19.261982409666956,-0.8724588281305836,0.0004846993489614353,0.04460306093096733,True
304,21,608.0,0.038619905622908846,0.0,-0.038619905622908846,0.038619905622908846,1.0,507.0,18.0,8.398795417920182,-6.349134995252825,19.18676950451029,-4.438839091337285,0.0024660217174096027,-0.024871444329619408,True
305,21,610.0,0.09716108060092665,0.0,-0.09716108060092665,0.09716108060092665,1.0,507.0,18.0,13.298691441058697,-3.8619905622908846,19.141019724407215,-1.9803377210576352,0.0011001876228097973,0.05854117497801781,True
306,21,612.0,0.006965976121136919,0.0,-0.006965976121136919,0.006965976121136919,1.0,507.0,18.0,2.7283019601486327,-9.716108060092665,19.0259210984429,-6.5815110782016015,0.0036563950434453344,-0.09019510447978973,True
307,21,614.0,0.019725498656043783,0.0,-0.019725498656043783,0.019725498656043783,1.0,507.0,18.0,19.747497538380816,-0.6965976121136919,19.017669087708946,1.4264260627855616,-0.0007924589237697564,0.012759522534906864,True
308,21,616.0,0.03467910914332606,0.0,-0.03467910914332606,0.03467910914332606,1.0,507.0,18.0,17.268076052625677,-1.9725498656043783,18.994301935164636,0.24632398306542008,-0.0001368466572585667,0.014953610487282276,True
309,21,618.0,0.04146690937341191,0.0,-0.04146690937341191,0.04146690937341191,1.0,507.0,18.0,14.484571655458534,-3.467910914332606,18.953220487867274,-1.000737918076133,0.0005559655100422962,0.00678780023008585,True
310,21,620.0,0.021133876318344846,0.0,-0.021133876318344846,0.021133876318344846,1.0,507.0,18.0,13.29672375656776,-4.146690937341191,18.904098099948673,-1.4606834060397218,0.0008114907811331788,-0.020333033055067062,True
311,21,622.0,-0.0034519332402851433,0.0,0.0034519332402851433,0.0034519332402851433,1.0,507.0,18.0,17.108056799296687,-2.1133876318344846,18.879062559889835,0.34238187124133523,-0.00019021215068963068,-0.02458580955862999,True
312,21,624.0,0.0034670828899834305,0.0,-0.0034670828899834305,0.0034670828899834305,1.0,507.0,18.0,21.547050665831655,0.3451933240285143,18.880424269254824,2.3214330725483148,-0.0012896850403046193,0.006919016130268574,True
313,21,626.0,-0.03664809846668504,0.0,0.03664809846668504,0.03664809846668504,1.0,507.0,18.0,20.06345948760725,-0.34670828899834305,18.87631710541646,1.5338506711891333,-0.0008521392617717408,-0.04011518135666847,True
314,21,628.0,-0.005567237822106108,0.0,0.005567237822106108,0.005567237822106108,1.0,507.0,18.0,27.22550833633956,3.664809846668504,18.890773948993058,4.669924540678001,-0.0025944025225988895,0.031080860644578934,True
315,21,630.0,-0.0692734346666839,0.0,0.0692734346666839,0.0692734346666839,1.0,507.0,18.0,21.13099424549948,0.5567237822106108,18.89297009803529,1.6813003652535792,-0.0009340557584742108,-0.06370619684457779,True
316,22,632.0,-0.005906693724682555,0.0,0.005906693724682555,0.005906693724682555,1.0,229.0,18.0,32.61443621056152,6.92734346666839,18.953470914338055,6.733621829555076,-0.0037409010164194865,0.06336674094200134,True
317,22,634.0,-0.08250641086488031,0.0,0.08250641086488031,0.08250641086488031,1.0,229.0,18.0,20.4556796111886,0.5906693724682555,18.958629598813758,0.9063806399065871,-0.0005035447999481039,-0.07659971714019775,True
318,22,636.0,0.0009729786834213883,0.0,-0.0009729786834213883,0.0009729786834213883,1.0,229.0,18.0,34.36895023464622,8.25064108648803,19.03068759956914,7.08762154858905,-0.003937567526993917,0.0834793895483017,True
319,22,638.0,-0.07782614239840768,0.0,0.07782614239840768,0.07782614239840768,1.0,229.0,18.0,18.511751748449736,-0.09729786834213883,19.028135758601326,-0.4190861418094511,0.00023282563433858392,-0.07879912108182907,True
320,22,640.0,0.020462512882659212,0.0,-0.020462512882659212,0.020462512882659212,1.0,229.0,18.0,32.94727500295271,7.782614239840768,19.09610618864358,6.068554574468359,-0.003371419208037977,0.0982886552810669,True
321,22,642.0,-0.05514480927377008,0.0,0.05514480927377008,0.05514480927377008,1.0,229.0,18.0,14.443488555232676,-2.046251288265921,19.042438950533846,-2.5526991070352487,0.0014181661705751382,-0.07560732215642929,True
322,22,644.0,0.0453191026172135,0.0,-0.0453191026172135,0.0453191026172135,1.0,229.0,18.0,28.482381250578843,5.514480927377008,19.0906003560131,3.877299967188735,-0.0021540555373270754,0.10046391189098358,True
323,22,646.0,-0.0474981591978576,0.0,0.0474981591978576,0.0474981591978576,1.0,229.0,18.0,9.726911903767355,-4.53191026172135,18.97174149029005,-4.712919324801346,0.0026182885137785257,-0.0928172618150711,True
324,22,648.0,0.02612490943283774,0.0,-0.02612490943283774,0.02612490943283774,1.0,229.0,18.0,27.09436983323201,4.74981591978576,19.01322459875979,3.3313293146864624,-0.001850738508159146,0.07362306863069534,True
325,22,650.0,0.0420847273489926,0.0,-0.0420847273489926,0.0420847273489926,1.0,229.0,18.0,13.321632358532945,-2.612490943283774,18.94470653633182,-3.010583234515105,0.0016725462413972807,0.01595981791615486,True
326,22,652.0,0.008771471591899171,0.0,-0.008771471591899171,0.008771471591899171,1.0,229.0,18.0,10.59655546324052,-4.20847273489926,18.834330499118234,-4.029302300978454,0.0022385012783213633,-0.03331325575709343,True
327,22,654.0,0.056425657036015764,0.0,-0.056425657036015764,0.056425657036015764,1.0,229.0,18.0,17.015055179477336,-0.8771471591899171,18.811325472453433,-0.9191231337861797,0.0005106239632145442,0.04765418544411659,True
328,22,656.0,-0.005915101704886183,0.0,0.005915101704886183,0.005915101704886183,1.0,229.0,18.0,8.290064113947057,-5.642565703601576,18.663337334876495,-4.730707517327861,0.0026281708429599228,-0.06234075874090195,True
329,22,658.0,0.06130145108909346,0.0,-0.06130145108909346,0.06130145108909346,1.0,229.0,18.0,20.081540138264987,0.5915101704886183,18.668503362566348,0.8215266052100224,-0.00045640366956112353,0.06721655279397964,True
330,22,660.0,-0.00613173478632234,0.0,0.00613173478632234,0.00613173478632234,1.0,229.0,18.0,7.620812412013316,-6.130145108909346,18.50772743094279,-4.756769910020127,0.0026426499500111817,-0.0674331858754158,True
331,23,662.0,0.04678920647711493,0.0,-0.04678920647711493,0.04678920647711493,1.0,400.0,9.0,19.731283463507808,0.613173478632234,18.51079329833597,0.6073166865396054,-0.0006747963183773393,0.05292094126343727,True
332,23,664.0,0.03608926842571236,0.0,-0.03608926842571236,0.03608926842571236,1.0,400.0,9.0,12.145900396002096,-4.678920647711493,18.440539234556496,-1.6157181908429081,0.001795242434269898,-0.010699938051402569,True
333,23,666.0,0.007284202525625005,0.0,-0.007284202525625005,0.007284202525625005,1.0,400.0,9.0,13.753584898158099,-3.608926842571236,18.386351143827174,-1.0238394030978373,0.0011375993367753747,-0.028805065900087357,True
334,23,668.0,0.009689876722404733,0.0,-0.009689876722404733,0.009689876722404733,1.0,400.0,9.0,17.89929156735108,-0.7284202525625005,18.37541390279771,0.2522979171158716,-0.0002803310190176351,0.002405674196779728,True
335,23,670.0,-0.027338704181602225,0.0,0.027338704181602225,0.027338704181602225,1.0,400.0,9.0,17.521687186913812,-0.9689876722404733,18.360864538349652,0.12981032080463256,-0.00014423368978292505,-0.03702858090400696,True
336,23,672.0,-0.00990881965844892,0.0,0.00990881965844892,0.00990881965844892,1.0,400.0,9.0,22.740746563636048,2.7338704181602225,18.374533890440446,1.6323422550353774,-0.001813713616705975,0.017429884523153305,True
337,23,674.0,-0.054919960064580664,0.0,0.054919960064580664,0.054919960064580664,1.0,400.0,9.0,20.133912188034834,0.990881965844892,18.379488300269674,0.7635419219202678,-0.0008483799132447421,-0.045011140406131744,True
338,23,676.0,-0.03868510396569036,0.0,0.03868510396569036,0.03868510396569036,1.0,400.0,9.0,26.431149517812358,5.491996006458066,18.40694828030196,2.5322052310523295,-0.002813561367835922,0.016234856098890305,True
339,23,678.0,-0.08272819788544439,0.0,0.08272819788544439,0.08272819788544439,1.0,400.0,9.0,23.92125967055108,3.868510396569036,18.426290832284785,1.6264584416972607,-0.0018071760463302896,-0.04404309391975403,True
340,23,680.0,-0.0431718100735452,0.0,0.0431718100735452,0.0431718100735452,1.0,400.0,9.0,30.013678529609955,8.272819788544439,18.467654931227518,3.2732038098380003,-0.0036368931220422222,0.039556387811899185,True
341,23,682.0,-0.08452233122079633,0.0,0.08452233122079633,0.08452233122079633,1.0,400.0,9.0,24.14906411915818,4.31718100735452,18.489240836264276,1.3426422755393832,-0.0014918247505993148,-0.04135052114725113,True
342,23,684.0,-0.04969194353907369,0.0,0.04969194353907369,0.04969194353907369,1.0,400.0,9.0,29.890037232599585,8.452233122079633,18.531502001874678,2.9063021086452774,-0.003229224565161419,0.03483038768172264,True
343,23,686.0,-0.036194653337588534,0.0,0.036194653337588534,0.036194653337588534,1.0,400.0,9.0,24.729631746438,4.969194353907369,18.55634797364423,1.2040894188864042,-0.0013378771320960046,0.013497290201485157,True
344,23,688.0,-0.03223974266438745,0.0,0.03223974266438745,0.03223974266438745,1.0,400.0,9.0,22.73094097603584,3.6194653337588534,18.574445300313023,0.5370303419639604,-0.000596700379959956,0.003954910673201084,True
345,23,690.0,0.00411909437389113,0.0,-0.00411909437389113,0.00411909437389113,1.0,400.0,9.0,22.138539282535724,3.223974266438745,18.590565171645235,0.3239998444517446,-0.00035999982716860516,0.03635883703827858,True
346,24,692.0,0.023456685157725587,0.0,-0.023456685157725587,0.023456685157725587,8.0,362.0,18.0,18.2396171738893,-0.051488679673639126,18.589710913856948,-0.29860506029401185,0.0013271336013067193,0.019337590783834457,True
347,24,694.0,0.05028218394727446,0.0,-0.05028218394727446,0.05028218394727446,8.0,362.0,18.0,17.823731375112644,-0.29320856447156984,18.584846238720953,-0.46790629913673903,0.00207958355171884,0.026825498789548874,True
348,24,696.0,0.11678705728263594,0.0,-0.11678705728263594,0.11678705728263594,8.0,362.0,18.0,17.248246575150617,-0.6285272993409308,18.574418231166323,-0.6976443566747753,0.0031006415852212234,0.06650487333536148,True
349,24,698.0,0.16713614008040167,0.0,-0.16713614008040167,0.16713614008040167,8.0,362.0,18.0,15.779050811912324,-1.4598382160329493,18.550197797206934,-1.3113087692616618,0.005828038974496274,0.05034908279776573,True
350,24,700.0,0.18090510825277306,0.0,-0.18090510825277306,0.18090510825277306,8.0,362.0,18.0,14.725139256236139,-2.089201751005021,18.515535481559688,-1.7011944743185268,0.007560864330304564,0.013768968172371387,True
351,24,702.0,0.20992134595871903,0.0,-0.20992134595871903,0.20992134595871903,8.0,362.0,18.0,14.536956304149417,-2.2613138531596633,18.478017623594113,-1.679747466285031,0.007465544294600137,0.02901623770594597,True
352,24,704.0,0.22689434597850777,0.0,-0.22689434597850777,0.22689434597850777,8.0,362.0,18.0,13.994169800074129,-2.624016824483988,18.434482096500982,-1.8162954719428626,0.008072424319746056,0.016973000019788742,True
353,24,706.0,0.22203650503070094,0.0,-0.22203650503070094,0.22203650503070094,8.0,362.0,18.0,13.734607320911515,-2.836179324731347,18.387426543853312,-1.81663989821045,0.008073955103157554,-0.004857840947806835,True
354,24,708.0,0.21527611734927632,0.0,-0.21527611734927632,0.21527611734927632,8.0,362.0,18.0,13.972256689540908,-2.7754563128837617,18.341378457431812,-1.5936654550071423,0.0070829575778095216,-0.006760387681424618,True
355,24,710.0,0.19771713102818467,0.0,-0.19771713102818467,0.19771713102818467,8.0,362.0,18.0,14.2332797652371,-2.690951466865954,18.29673240585209,-1.3725011737490362,0.006100005216662384,-0.017558986321091652,True
356,24,712.0,0.17264346304000355,0.0,-0.17264346304000355,0.17264346304000355,8.0,362.0,18.0,14.722278275100859,-2.4714641378523083,18.255727907356057,-1.0619854944028895,0.004719935530679509,-0.025073667988181114,True
357,24,714.0,0.1429560286051128,0.0,-0.1429560286051128,0.1429560286051128,8.0,362.0,18.0,15.357650608798343,-2.1580432880000444,18.21992342959653,-0.7042295327981415,0.0031299090346584065,-0.029687434434890747,True
358,24,716.0,0.1094039146846626,0.0,-0.1094039146846626,0.1094039146846626,8.0,362.0,18.0,16.06991536200911,-1.78695035756391,18.190275820259593,-0.33341010068657634,0.0014818226697181172,-0.03355211392045021,True
359,24,718.0,0.07093686881125905,0.0,-0.07093686881125905,0.07093686881125905,8.0,362.0,18.0,16.841602656911082,-1.3675489335582824,18.167586574103645,0.041565016365719284,-0.0001847334060698635,-0.03846704587340355,True
360,24,720.0,0.03612637417973019,0.0,-0.03612637417973019,0.03612637417973019,8.0,362.0,18.0,17.697205537447594,-0.8867108601407381,18.15287499744176,0.4310414001465728,-0.00191573955620699,-0.034810494631528854,True
361,25,722.0,-0.0060866895073559135,0.0,0.0060866895073559135,0.0060866895073559135,16.0,390.0,20.0,18.338033871598178,-0.2257898386233137,18.14939783044981,0.41442587977168316,-0.0033154070381734655,-0.042213063687086105,True
362,25,724.0,-0.02174965021549724,0.0,0.02174965021549724,0.02174965021549724,16.0,390.0,20.0,18.802392915034517,0.03804180942097446,18.149592916651947,0.6147581889615963,-0.00491806551169277,-0.015662960708141327,True
363,25,726.0,-0.0030418123060371727,0.0,0.0030418123060371727,0.0030418123060371727,16.0,390.0,20.0,18.93134252775871,0.13593531384685775,18.150290020825498,0.645117193086353,-0.005160937544690824,0.018707837909460068,True
364,25,728.0,-0.0034443551558069885,0.0,0.0034443551558069885,0.0034443551558069885,16.0,390.0,20.0,18.646676440743303,0.01901132691273233,18.150387514809662,0.4772775990209048,-0.0038182207921672383,-0.0004025428497698158,True
365,25,730.0,0.00015730859013274312,0.0,-0.00015730859013274312,0.00015730859013274312,16.0,390.0,20.0,18.606062788309284,0.021527219723793678,18.150497910808227,0.4340376577772639,-0.0034723012622181106,0.0036016637459397316,True
366,25,732.0,0.00586140324594453,0.0,-0.00586140324594453,0.00586140324594453,16.0,390.0,20.0,18.521669135545036,-0.0009831786883296445,18.150482769841304,0.3721695443920613,-0.0029773563551364905,0.005704094655811787,True
367,25,734.0,0.007840177800972015,0.0,-0.007840177800972015,0.007840177800972015,16.0,390.0,20.0,18.41754135064244,-0.03663377028715331,18.149918609214698,0.30425651171489604,-0.002434052093719168,0.001978774555027485,True
368,25,736.0,0.010640628461260349,0.0,-0.010640628461260349,0.010640628461260349,16.0,390.0,20.0,18.364152663798723,-0.04900111125607509,18.14916399134673,0.2639897837080705,-0.002111918269664564,0.002800450660288334,True
369,25,738.0,0.016716071229893714,0.0,-0.016716071229893714,0.016716071229893714,16.0,390.0,20.0,18.304531031646473,-0.06650392788287718,18.148139829833188,0.22289512969616204,-0.0017831610375692965,0.006075442768633366,True
370,25,740.0,0.021183149714488536,0.0,-0.021183149714488536,0.021183149714488536,16.0,390.0,20.0,18.209166688788194,-0.10447544518683571,18.146530906368397,0.16711122760663494,-0.0013368898208530795,0.004467078484594822,True
371,25,742.0,0.026478155341465026,0.0,-0.026478155341465026,0.026478155341465026,16.0,390.0,20.0,18.137884955973156,-0.13239468571555335,18.1444920261695,0.1257876155192065,-0.0010063009241536522,0.00529500562697649,True
372,25,744.0,0.037715155456680804,0.0,-0.037715155456680804,0.037715155456680804,16.0,390.0,20.0,18.060156403567124,-0.1654884708841564,18.141943501169354,0.0837013732819258,-0.0006696109862554063,0.011237000115215778,True
373,25,746.0,0.04453174473019317,0.0,-0.04453174473019317,0.04453174473019317,16.0,390.0,20.0,17.91445965035558,-0.23571972160425503,18.13831341382658,0.011865958133257642,-9.492766506606114e-05,0.0068165892735123634,True
374,25,748.0,0.06285447702975944,0.0,-0.06285447702975944,0.06285447702975944,16.0,390.0,20.0,17.82770448950317,-0.2783234045637073,18.134027229110096,-0.027999335043218304,0.0002239946803457464,0.01832273229956627,True
375,25,750.0,0.07468084042193368,0.0,-0.07468084042193368,0.07468084042193368,16.0,390.0,20.0,17.605694588792826,-0.3928404814359965,18.127977479646205,-0.1294424094173854,0.0010355392753390832,0.011826363392174244,True
376,26,752.0,0.04799643327714875,0.0,-0.04799643327714875,0.04799643327714875,7.0,59.0,16.0,16.615507919833636,-1.0668691488847668,18.019373708191544,-0.3369966394731427,0.0014743602976949992,-0.026684407144784927,True
377,26,754.0,0.03357932606013492,0.0,-0.03357932606013492,0.03357932606013492,7.0,59.0,16.0,17.236321934920674,-0.6856633325306964,17.949575435424116,-0.0275901679727449,0.00012070698488075896,-0.014417107217013836,True
378,26,756.0,0.020389433775562793,0.0,-0.020389433775562793,0.020389433775562793,7.0,59.0,16.0,17.545878960282106,-0.4797046580019274,17.900743078524663,0.12484053975937298,-0.0005461773614472568,-0.013189892284572124,True
379,26,758.0,0.005156175058800727,0.0,-0.005156175058800727,0.005156175058800727,7.0,59.0,16.0,17.829794102515923,-0.29127762536518276,17.871091973993146,0.2499797538879587,-0.0010936614232598194,-0.015233258716762066,True
380,26,760.0,-0.00775975565193221,0.0,0.00775975565193221,0.00775975565193221,7.0,59.0,16.0,18.174347326519715,-0.07365964369715323,17.863593664460197,0.38441330575667015,-0.001681808212685432,-0.012915930710732937,True
381,26,762.0,-0.02869469317374751,0.0,0.02869469317374751,0.02869469317374751,7.0,59.0,16.0,18.46015050732281,0.11085365217046014,17.86735141538124,0.4819454397711115,-0.0021085112989986127,-0.0209349375218153,True
382,26,764.0,-0.030621807381976396,0.0,0.030621807381976396,0.030621807381976396,7.0,59.0,16.0,18.94466571489451,0.409924188196393,17.881247150574353,0.6534943761237634,-0.0028590378955414652,-0.0019271142082288861,True
383,26,766.0,-0.03442882589297369,0.0,0.03442882589297369,0.03442882589297369,7.0,59.0,16.0,18.94471177073375,0.4374543911710913,17.896076112986915,0.6111812665757473,-0.002673918041268895,-0.0038070185109972954,True
384,26,768.0,-0.03628518566256389,0.0,0.03628518566256389,0.03628518566256389,7.0,59.0,16.0,18.99702629937298,0.4918403698996241,17.912748667898747,0.5924372615746079,-0.0025919130193889093,-0.001856359769590199,True
385,26,770.0,-0.03579428093507886,0.0,0.03579428093507886,0.03579428093507886,7.0,59.0,16.0,19.003893178521864,0.5183597951794842,17.93032018637939,0.5552131969629887,-0.002429057736713075,0.0004909047274850309,True
386,26,772.0,-0.030924684833735228,0.0,0.030924684833735228,0.030924684833735228,7.0,59.0,16.0,18.956151850353695,0.5113468705011265,17.947653978599742,0.4971510012528266,-0.0021750356304811166,0.004869596101343632,True
387,26,774.0,-0.030215396138373762,0.0,0.030215396138373762,0.030215396138373762,7.0,59.0,16.0,18.80354198754558,0.44178121191050324,17.96262961290177,0.3991311627333044,-0.0017461988369582068,0.0007092886953614652,True
388,26,776.0,-0.024291062320116907,0.0,0.024291062320116907,0.024291062320116907,7.0,59.0,16.0,18.76259875211457,0.43164851626248224,17.977261765995433,0.3536884698566543,-0.0015473870556228628,0.005924333818256855,True
389,26,778.0,-0.01878523878986016,0.0,0.01878523878986016,0.01878523878986016,7.0,59.0,16.0,18.594434519897455,0.3470151760016701,17.98902499230057,0.25839435159521285,-0.0011304752882290564,0.005505823530256748,True
390,26,780.0,-0.013430129329208285,0.0,0.013430129329208285,0.013430129329208285,7.0,59.0,16.0,18.44302127930149,0.2683605541408594,17.99812196023757,0.1765387649230641,-0.0007723570965384056,0.0053551094606518745,True
391,27,782.0,-0.01240553957177326,0.0,0.01240553957177326,0.01240553957177326,4.0,108.0,16.0,18.522193149600014,0.3357532332302071,18.00433961270479,0.18210030366501645,-0.00045525075916254113,0.0010245897574350238,True
392,27,784.0,-0.008907539478968829,0.0,0.008907539478968829,0.008907539478968829,4.0,108.0,16.0,18.466321006642474,0.3101384892943315,18.010082918062086,0.1460995992860566,-0.0003652489982151415,0.003498000092804432,True
393,27,786.0,-0.009294905496062711,0.0,0.009294905496062711,0.009294905496062711,4.0,108.0,16.0,18.305453920836506,0.22268848697422072,18.014206778931985,0.06855865493030039,-0.00017139663732575097,-0.00038736601709388196,True
394,27,788.0,-0.0079929604253266,0.0,0.0079929604253266,0.0079929604253266,4.0,108.0,16.0,18.319945015885246,0.23237263740156777,18.018509975920892,0.06906240256278456,-0.00017265600640696142,0.0013019450707361102,True
395,27,790.0,-0.006134576193289831,0.0,0.006134576193289831,0.006134576193289831,4.0,108.0,16.0,18.260835574080748,0.19982401063316502,18.022210420562267,0.038801142885314596,-9.70028572132865e-05,0.0018583842320367694,True
396,27,792.0,-0.005582401616265997,0.0,0.005582401616265997,0.005582401616265997,4.0,108.0,16.0,18.17972359424653,0.15336440483224578,18.025050502133244,0.001308687281039061,-3.271718202597652e-06,0.000552174577023834,True
397,27,794.0,-0.001837072049966082,0.0,0.001837072049966082,0.001837072049966082,4.0,108.0,16.0,18.158338580478652,0.13956004040664993,18.027634947325932,-0.00885640725392806,2.2141018134820147e-05,0.0037453295662999153,True
398,27,796.0,0.0028903297206852585,0.0,-0.0028903297206852585,0.0028903297206852585,4.0,108.0,16.0,17.998298849537193,0.04592680124915205,18.02848544364536,-0.07611339535731854,0.00019028348839329634,0.0047274017706513405,True
399,27,798.0,0.005075645545730367,0.0,-0.005075645545730367,0.005075645545730367,4.0,108.0,16.0,17.797396921883156,-0.07225824301713146,18.024467078445884,-0.1548119135455959,0.0003870297838639898,0.002185315825045109,True
400,27,800.0,0.008937807666370645,0.0,-0.008937807666370645,0.008937807666370645,4.0,108.0,16.0,17.710739024753714,-0.12689113864325918,18.01741051417919,-0.17978035078221713,0.00044945087695554285,0.003862162120640278,True
401,27,802.0,0.012431389564881101,0.0,-0.012431389564881101,0.012431389564881101,4.0,108.0,16.0,17.548681907743685,-0.22344519165926613,18.00498446637253,-0.23285736696958018,0.0005821434174239505,0.003493581898510456,True
402,27,804.0,0.01227330400433857,0.0,-0.01227330400433857,0.01227330400433857,4.0,108.0,16.0,17.402747173570983,-0.31078473912202753,17.987701364430485,-0.2741694517374782,0.0006854236293436955,-0.0001580855605425313,True
403,27,806.0,0.012735404758132063,0.0,-0.012735404758132063,0.012735404758132063,4.0,108.0,16.0,17.418663375573352,-0.30683260010846425,17.970638045550025,-0.24514206986820825,0.0006128551746705206,0.0004621007537934929,True
404,27,808.0,0.013731507220654748,0.0,-0.013731507220654748,0.013731507220654748,4.0,108.0,16.0,17.404386637229834,-0.31838511895330157,17.952932277617993,-0.23016052143486096,0.0005754013035871524,0.0009961024625226855,True
405,27,810.0,0.012368103940389119,0.0,-0.012368103940389119,0.012368103940389119,4.0,108.0,16.0,17.36423609301166,-0.3432876805163687,17.93384164918308,-0.2263178756550516,0.000565794689137629,-0.0013634032802656293,True
406,28,812.0,0.00896068241854664,0.0,-0.00896068241854664,0.00896068241854664,4.0,215.0,17.0,17.424816751945173,-0.309202598509728,17.92520410190993,-0.19118475145503003,0.0004498464740118354,-0.0034074215218424797,True
407,28,814.0,0.010040440000011586,0.0,-0.010040440000011586,0.010040440000011586,4.0,215.0,17.0,17.587811335332145,-0.22401706046366598,17.918946205116505,-0.10711780932069208,0.00025204190428398135,0.0010797575814649463,True
408,28,816.0,0.012025007381453179,0.0,-0.012025007381453179,0.012025007381453179,4.0,215.0,17.0,17.543162889289672,-0.25101100000028964,17.911934235006843,-0.1177603457168826,0.0002770831663926649,0.001984567381441593,True
409,28,818.0,0.010605545932776295,0.0,-0.010605545932776295,0.010605545932776295,4.0,215.0,17.0,17.45804288004862,-0.30062518453632947,17.903536297035316,-0.14486823245036823,0.0003408664292949841,-0.0014194614486768842,True
410,28,820.0,0.008454027803963982,0.0,-0.008454027803963982,0.008454027803963982,4.0,215.0,17.0,17.527365088278035,-0.26513864831940737,17.89612967231794,-0.10362593572049605,0.00024382573110704953,-0.002151518128812313,True
411,28,822.0,0.007763426910969429,0.0,-0.007763426910969429,0.007763426910969429,4.0,215.0,17.0,17.626700213039577,-0.21135069509909954,17.89022560932194,-0.05217470118326612,0.00012276400278415556,-0.0006906008929945529,True
412,28,824.0,0.004190386433037929,0.0,-0.004190386433037929,0.004190386433037929,4.0,215.0,17.0,17.65686250160957,-0.19408567277423572,17.884803843199325,-0.033855668815518714,7.966039721298521e-05,-0.0035730404779314995,True
413,28,826.0,0.0021701289078919217,0.0,-0.0021701289078919217,0.0021701289078919217,4.0,215.0,17.0,17.81552114529811,-0.10475966082594823,17.88187739132905,0.03840341479500955,-9.036097598825776e-05,-0.0020202575251460075,True
414,28,828.0,0.0015365249564638361,0.0,-0.0015365249564638361,0.0015365249564638361,4.0,215.0,17.0,17.89987924895422,-0.05425322269729804,17.880361832345958,0.07377063930555801,-0.0001735779748366071,-0.0006336039514280856,True
415,28,830.0,-0.0002562143054092303,0.0,0.0002562143054092303,0.0002562143054092303,4.0,215.0,17.0,17.919850290909658,-0.0384131239115959,17.879288765123047,0.07897464969820728,-0.00018582270517225242,-0.0017927392618730664,True
416,28,832.0,-0.0011277450976194814,0.0,0.0011277450976194814,0.0011277450976194814,4.0,215.0,17.0,17.991829955936485,0.006405357635230757,17.87934834984526,0.10607624845599575,-0.00024959117283763707,-0.0008715307922102511,True
417,28,834.0,-0.0005153661040822044,0.0,0.0005153661040822044,0.0005153661040822044,4.0,215.0,17.0,18.020599530283164,0.028193627440487035,17.879610616147048,0.11279528669563157,-0.00026540067457795665,0.000612378993537277,True
418,28,836.0,-0.0014214526891009882,0.0,0.0014214526891009882,0.0014214526891009882,4.0,215.0,17.0,17.982819520627643,0.01288415260205511,17.879730468729406,0.09020489929618292,-0.00021224682187337158,-0.0009060865850187838,True
419,28,838.0,-0.0014601054463128094,0.0,0.0014601054463128094,0.0014601054463128094,4.0,215.0,17.0,18.014702857336708,0.035536317227524705,17.880061039122243,0.09910550098694093,-0.00023318941408691983,-3.8652757211821154e-05,True
420,28,840.0,-0.0006711439673381392,0.0,0.0006711439673381392,0.0006711439673381392,4.0,215.0,17.0,18.007301864202045,0.036502636157820234,17.880400598528333,0.09039862951589256,-0.00021270265768445307,0.0007889614789746702,True
421,29,842.0,0.00437013213741011,0.0,-0.00437013213741011,0.00437013213741011,1.0,95.0,14.0,18.168095955770312,0.06711439673381392,17.881813533196432,0.21916802584006242,-0.0001565485898857589,0.005041276104748249,True
422,29,844.0,-0.00161076835138374,0.0,0.00161076835138374,0.00161076835138374,1.0,95.0,14.0,17.29460200796649,-0.437013213741011,17.854185070181362,-0.12256984847385968,8.754989176704263e-05,-0.00598090048879385,True
423,29,846.0,-0.0037344250340538565,0.0,0.0037344250340538565,0.0037344250340538565,1.0,95.0,14.0,18.288405146140907,0.161076835138374,17.85757616144743,0.26975214955510113,-0.00019268010682507223,-0.0021236566826701164,True
424,29,848.0,-0.0002075502161460463,0.0,0.0002075502161460463,0.0002075502161460463,1.0,95.0,14.0,18.61805273779217,0.37344250340538565,17.865438108887556,0.3791721254992291,-0.00027083723249944934,0.00352687481790781,True
425,29,850.0,-0.004880080323346192,0.0,0.004880080323346192,0.004880080323346192,1.0,95.0,14.0,18.00517953416394,0.02075502161460463,17.865875056711033,0.11854945583830079,-8.467818274164341e-05,-0.004672530107200146,True
426,29,852.0,-0.003890620053425664,0.0,0.003890620053425664,0.003890620053425664,1.0,95.0,14.0,18.76876222284772,0.4880080323346192,17.87614891002335,0.40460528048975347,-0.00028900377177839534,0.000989460269920528,True
427,29,854.0,0.0015689204701629933,0.0,-0.0015689204701629933,0.0015689204701629933,1.0,95.0,14.0,18.576441691532256,0.3890620053425664,17.884339689083184,0.303039997106505,-0.00021645714079036068,0.005459540523588657,True
428,29,856.0,-0.00473168070675456,0.0,0.00473168070675456,0.00473168070675456,1.0,95.0,14.0,17.644211627444133,-0.15689204701629933,17.874420798802394,-0.07331712434195971,5.236937452997122e-05,-0.006300601176917553,True
429,29,858.0,0.002736499092861777,0.0,-0.002736499092861777,0.002736499092861777,1.0,95.0,14.0,18.6922030343024,0.47316807067545597,17.884382231869257,0.3346527317576859,-0.00023903766554120423,0.007468179799616337,True
430,29,860.0,-0.00043608012856566347,0.0,0.00043608012856566347,0.00043608012856566347,1.0,95.0,14.0,17.42088026844438,-0.2736499092861777,17.867081779251205,-0.17255160152064253,0.0001232511439433161,-0.0031725792214274406,True
431,29,862.0,-0.0024257828226836864,0.0,0.0024257828226836864,0.0024257828226836864,1.0,95.0,14.0,17.9574217869295,0.04360801285656635,17.86799984267976,0.04581393139317434,-3.2724236709410245e-05,-0.001989702694118023,True
432,29,864.0,0.003539380177244311,0.0,-0.003539380177244311,0.003539380177244311,1.0,95.0,14.0,18.283755345047773,0.24257828226836864,17.873106753885402,0.16807030889400007,-0.00012005022063857148,0.005965162999927998,True
433,29,866.0,-0.0021644145926984493,0.0,0.0021644145926984493,0.0021644145926984493,1.0,95.0,14.0,17.269201972094113,-0.3539380177244311,17.85073039746219,-0.2275904076436435,0.00016256457688831676,-0.0057037947699427605,True
434,29,868.0,-0.0010990068294631783,0.0,0.0010990068294631783,0.0010990068294631783,1.0,95.0,14.0,18.22884270215931,0.21644145926984493,17.855287059762613,0.1571141831268484,-0.00011222441651917743,0.001065407763235271,True
435,29,870.0,0.0035724448061955627,0.0,-0.0035724448061955627,0.0035724448061955627,1.0,95.0,14.0,18.041825028217715,0.10990068294631783,17.857600758350944,0.07432358692045359,-5.3088276371752554e-05,0.004671451635658741,True
436,30,872.0,-0.003389209134184057,0.0,0.003389209134184057,0.003389209134184057,2.0,222.0,14.0,17.55911522261069,-0.17862224030977814,17.852768297773913,-0.11503083485344663,0.00016432976407635232,-0.00696165394037962,True
437,30,874.0,0.0011469921118987259,0.0,-0.0011469921118987259,0.0011469921118987259,2.0,222.0,14.0,18.141220420981472,0.16946045670920284,17.854294968555095,0.11746499571717248,-0.00016780713673881782,0.004536201246082783,True
438,30,876.0,0.007158944757975405,0.0,-0.007158944757975405,0.007158944757975405,2.0,222.0,14.0,17.75730983643644,-0.05734960559493629,17.852743427673822,-0.03808398564244515,5.4405693774921645e-05,0.006011952646076679,True
439,30,878.0,-0.0015262072884070221,0.0,0.0015262072884070221,0.0015262072884070221,2.0,222.0,14.0,17.259357929887564,-0.35794723789877025,17.84305949406726,-0.22575432628092365,0.0003225061804013195,-0.008685152046382427,True
440,30,880.0,0.0020670224002969917,0.0,-0.0020670224002969917,0.0020670224002969917,2.0,222.0,14.0,17.992203222528865,0.0763103644203511,17.843746974827802,0.07214588328071307,-0.0001030655475438758,0.003593229688704014,True
441,30,882.0,0.0010153365110454615,0.0,-0.0010153365110454615,0.0010153365110454615,2.0,222.0,14.0,17.688525452876245,-0.10335112001484958,17.840950905244323,-0.04907433235323025,7.010618907604322e-05,-0.0010516858892515302,True
442,30,884.0,-0.006139317269116873,0.0,0.006139317269116873,0.006139317269116873,2.0,222.0,14.0,17.777882612916827,-0.050766825552273076,17.839577455428223,-0.010928016959126088,1.5611452798751554e-05,-0.0071546537801623344,True
443,30,886.0,-0.0017384334678354207,0.0,0.0017384334678354207,0.0017384334678354207,2.0,222.0,14.0,18.36708761837272,0.30696586345584365,17.842342913657582,0.21777884125929572,-0.0003111126303704224,0.004400883801281452,True
444,30,888.0,-0.0061462258199753705,0.0,0.0061462258199753705,0.0061462258199753705,2.0,222.0,14.0,17.987014500118114,0.08692167339177104,17.84312599179625,0.05696683493009547,-8.138119275727924e-05,-0.00440779235213995,True
445,30,890.0,-0.010927661063760752,0.0,0.010927661063760752,0.010927661063760752,2.0,222.0,14.0,18.344996669474643,0.3073112909987685,17.84589456198541,0.19179081649046548,-0.000273986880700665,-0.004781435243785381,True
446,30,892.0,-0.005455491806060309,0.0,0.005455491806060309,0.005455491806060309,2.0,222.0,14.0,18.72284348033307,0.5463830531880376,17.85081693183397,0.3256434953110617,-0.0004652049933015167,0.005472169257700443,True
447,30,894.0,-0.01174805380651378,0.0,0.01174805380651378,0.01174805380651378,2.0,222.0,14.0,18.24650247649235,0.27277459030301543,17.853274360575412,0.1204535256139221,-0.00017207646516274587,-0.006292562000453472,True
448,30,896.0,-0.012551404335681582,0.0,0.012551404335681582,0.012551404335681582,2.0,222.0,14.0,18.755164763730363,0.587402690325689,17.85856627670449,0.3091957967001811,-0.00044170828100025867,-0.0008033505291678011,True
449,30,898.0,-0.007091360897902632,0.0,0.007091360897902632,0.007091360897902632,2.0,222.0,14.0,18.79705502811157,0.6275702167840791,17.864220062441294,0.305264748886193,-0.0004360924984088471,0.00546004343777895,True
450,30,900.0,-0.012422034316841746,0.0,0.012422034316841746,0.012422034316841746,2.0,222.0,14.0,18.324386961349102,0.3545680448951316,17.867414369152044,0.10240454730192264,-0.00014629221043131806,-0.005330673418939114,True
451,31,902.0,-0.010242697582725668,0.0,0.010242697582725668,0.010242697582725668,2.0,222.0,14.0,18.75637235176956,0.6211017158420873,17.873009880105574,0.2622607558218989,-0.00037465822260271273,0.0021793367341160774,True
452,31,904.0,-0.005347270318452502,0.0,0.005347270318452502,0.005347270318452502,2.0,222.0,14.0,18.557654897935915,0.5121348791362834,17.877623707845547,0.1678963109540862,-0.00023985187279155172,0.004895427264273167,True
453,31,906.0,-0.009597885222319746,0.0,0.009597885222319746,0.009597885222319746,2.0,222.0,14.0,18.14350187431507,0.2673635159226251,17.880032388169187,-0.003894029776740179,5.562899681057398e-06,-0.004250614903867245,True
454,31,908.0,-0.004803100400749827,0.0,0.004803100400749827,0.004803100400749827,2.0,222.0,14.0,18.49598400130037,0.4798942611159873,17.88435575989098,0.13173398029340205,-0.0001881914004191458,0.00479478482156992,True
455,31,910.0,-0.0018210790913144592,0.0,0.0018210790913144592,0.0018210790913144592,2.0,222.0,14.0,18.093269975327736,0.24015502003749134,17.886519318630036,-0.033404363339789564,4.772051905684224e-05,0.0029820213094353676,True
456,31,912.0,-0.004846654632274294,0.0,0.004846654632274294,0.004846654632274294,2.0,222.0,14.0,17.853286324831068,0.09105395456572296,17.887339624527023,-0.12510725426167446,0.00017872464894524921,-0.003025575540959835,True
457,31,914.0,0.0007506135989387985,0.0,-0.0007506135989387985,0.0007506135989387985,2.0,222.0,14.0,18.114957433717947,0.2423327316137147,17.889522802289314,-0.016898100185081467,2.4140143121544953e-05,0.005597268231213093,True
458,31,916.0,0.0011717510606104042,0.0,-0.0011717510606104042,0.0011717510606104042,2.0,222.0,14.0,17.657582864653115,-0.03753067994693993,17.888507444229962,-0.19339389962990783,0.0002762769994712969,0.0004211374616716057,True
459,31,918.0,-0.0013751358528679702,0.0,0.0013751358528679702,0.0013751358528679702,2.0,222.0,14.0,17.63998791875215,-0.05858755303052021,17.88692241181836,-0.1883469400356921,0.00026906705719384585,-0.0025468869134783745,True
460,31,920.0,0.0041750409836822655,0.0,-0.0041750409836822655,0.0041750409836822655,2.0,222.0,14.0,17.86696115561476,0.06875679264339851,17.887541842382703,-0.08933747941134058,0.0001276249705876294,0.005550176836550236,True
461,31,922.0,0.0016623149822407868,0.0,-0.0016623149822407868,0.0016623149822407868,2.0,222.0,14.0,17.41571734733728,-0.20875204918411328,17.88189424751261,-0.2574248509912155,0.0003677497871303078,-0.0025127260014414787,True
462,31,924.0,0.0003483351283648517,0.0,-0.0003483351283648517,0.0003483351283648517,2.0,222.0,14.0,17.643616780317736,-0.08311574911203934,17.87964562729475,-0.1529130978649738,0.0002184472826642483,-0.001313979853875935,True
463,31,926.0,0.0041071204432228114,0.0,-0.0041071204432228114,0.0041071204432228114,2.0,222.0,14.0,17.765242341046886,-0.017416756418242585,17.87917443295398,-0.09651533548885238,0.00013787905069836053,0.0037587853148579597,True
464,31,928.0,-0.0008209310508391354,0.0,0.0008209310508391354,0.0008209310508391354,2.0,222.0,14.0,17.46134759614964,-0.20535602216114057,17.873618714474382,-0.2069150961636019,0.0002955929945194313,-0.004928051494061947,True
465,31,930.0,-0.0010583652947389055,0.0,0.0010583652947389055,0.0010583652947389055,2.0,222.0,14.0,17.88467040182429,0.04104655254195677,17.873988503235992,-0.030364653953659768,4.337807707665681e-05,-0.00023743424389977008,True
466,32,932.0,-0.0013480504749168176,0.0,0.0013480504749168176,0.0013480504749168176,1.0,95.0,14.0,17.94222733984858,0.10583652947389055,17.876216640698583,-0.039825830323894154,2.8447021659924394e-05,-0.0002896851801779121,True
467,32,934.0,-0.008337197057699086,0.0,0.008337197057699086,0.008337197057699086,1.0,95.0,14.0,17.9962686623747,0.13480504749168176,17.8790546416984,-0.017591026815384443,1.2565019153846031e-05,-0.0069891465827822685,True
468,32,936.0,-0.007995158684934722,0.0,0.007995158684934722,0.007995158684934722,1.0,95.0,14.0,19.159209160577852,0.8337197057699086,17.89660663550411,0.4288828193038367,-0.00030634487093131194,0.0003420383727643639,True
469,32,938.0,-0.008546090994059341,0.0,0.008546090994059341,0.008546090994059341,1.0,95.0,14.0,19.07915866718947,0.7995158684934722,17.91343854852504,0.36620425017096014,-0.0002615744644078287,-0.0005509323091246188,True
470,32,940.0,-0.014877127792715328,0.0,0.014877127792715328,0.014877127792715328,1.0,95.0,14.0,19.152373470168964,0.8546090994059341,17.931430319038853,0.3663340517241724,-0.00026166717980298027,-0.006331036798655987,True
471,32,942.0,-0.009151378024398582,0.0,0.009151378024398582,0.009151378024398582,1.0,95.0,14.0,20.184766112165356,1.4877127792715328,17.962750588076148,0.734302744817676,-0.0005245019605840543,0.005725749768316746,True
472,32,944.0,-0.01588459343838622,0.0,0.01588459343838622,0.01588459343838622,1.0,95.0,14.0,19.197020320382816,0.9151378024398582,17.98201664707486,0.29986587086809513,-0.00021418990776292512,-0.0067332154139876366,True
473,32,946.0,-0.014779839159018593,0.0,0.014779839159018593,0.014779839159018593,1.0,95.0,14.0,20.303687196516158,1.5884593438386219,18.01545789641882,0.6997699562587154,-0.0004998356830419395,0.0011047542793676257,True
474,32,948.0,-0.010640258395142155,0.0,0.010640258395142155,0.010640258395142155,1.0,95.0,14.0,20.08726890045292,1.4779839159018593,18.046573347279914,0.5627116372711427,-0.0004019368837651019,0.004139580763876438,True
475,32,950.0,-0.01660440997875412,0.0,0.01660440997875412,0.01660440997875412,1.0,95.0,14.0,19.37858777120553,1.0640258395142155,18.068973891269692,0.24558804042162438,-0.00017542002887258886,-0.005964151583611965,True
476,32,952.0,-0.010885127314395504,0.0,0.010885127314395504,0.010885127314395504,1.0,95.0,14.0,20.36609725993623,1.660440997875412,18.10393054385654,0.6017257182042809,-0.00042980408443162916,0.005719282664358616,True
477,32,954.0,-0.009455378709390061,0.0,0.009455378709390061,0.009455378709390061,1.0,95.0,14.0,19.395706208514092,1.0885127314395504,18.126846601360526,0.1803468757140197,-0.0001288191969385855,0.001429748605005443,True
478,32,956.0,-0.012591934373631375,0.0,0.012591934373631375,0.012591934373631375,1.0,95.0,14.0,19.16444366382498,0.9455378709390061,18.146752661801358,0.07215313108461502,-5.153795077472501e-05,-0.003136555664241314,True
479,32,958.0,-0.0035923063587688375,0.0,0.0035923063587688375,0.0035923063587688375,1.0,95.0,14.0,19.697339258788016,1.2591934373631375,18.173261997324808,0.2648838241000711,-0.00018920273150005077,0.008999628014862537,True
480,32,960.0,-0.007164571976318257,0.0,0.007164571976318257,0.007164571976318257,1.0,95.0,14.0,18.20692729545303,0.35923063587688375,18.180824747553814,-0.3331280879776662,0.00023794863426976158,-0.0035722656175494194,True
481,33,962.0,-0.005738153780839639,0.0,0.005738153780839639,0.005738153780839639,1.0,95.0,14.0,18.83835643074722,0.7164571976318257,18.19590805697766,-0.07400882386226881,5.28634456159063e-05,0.0014264181954786181,True
482,33,964.0,0.001587462884344859,0.0,-0.001587462884344859,0.001587462884344859,1.0,95.0,14.0,18.624076008728302,0.5738153780839639,18.207988380726768,-0.1577277500824314,0.00011266267863030814,0.007325616665184498,True
483,33,966.0,-0.0039154195292212535,0.0,0.0039154195292212535,0.0039154195292212535,1.0,95.0,14.0,17.43031468076789,-0.1587462884344859,18.197952263234484,-0.6088912940321111,0.00043492235288007935,-0.0055028824135661125,True
484,33,968.0,0.00020480462626437657,0.0,-0.00020480462626437657,0.00020480462626437657,1.0,95.0,14.0,18.397136358922975,0.39154195292212535,18.206195251717048,-0.20060084571619977,0.0001432863183687141,0.00412022415548563,True
485,33,970.0,0.0030121694253466558,0.0,-0.0030121694253466558,0.0030121694253466558,1.0,95.0,14.0,17.740739432697506,-0.020480462626437657,18.204900454016602,-0.44368055869266093,0.0003169146847804721,0.002807364799082279,True
486,33,972.0,-0.003980169731221395,0.0,0.003980169731221395,0.003980169731221395,1.0,95.0,14.0,17.304618826979453,-0.3012169425346656,18.18585718279584,-0.5800214132817212,0.00041430100948694373,-0.00699233915656805,True
487,33,974.0,0.004467061062314315,0.0,-0.004467061062314315,0.004467061062314315,1.0,95.0,14.0,18.512559036288142,0.39801697312213946,18.194236487493164,-0.07969442432716123,5.6924588805115165e-05,0.00844723079353571,True
488,33,976.0,-0.0031150250761129428,0.0,0.0031150250761129428,0.0031150250761129428,1.0,95.0,14.0,17.109607017473472,-0.4467061062314315,18.16599522899901,-0.6096821052941059,0.0004354872180672185,-0.0075820861384272575,True
489,33,978.0,-0.004104237847059267,0.0,0.004104237847059267,0.004104237847059267,1.0,95.0,14.0,18.415061938256695,0.3115025076112943,18.172553176527696,-0.06899374588229333,4.9281247058780956e-05,-0.0009892127709463239,True
490,33,980.0,0.002168280228943331,0.0,-0.002168280228943331,0.002168280228943331,1.0,95.0,14.0,18.59215942529775,0.41042378470592666,18.18119367725832,0.0005419633335016471,-3.871166667868908e-07,0.006272518076002598,True
491,33,982.0,-0.010392946966021555,0.0,0.010392946966021555,0.010392946966021555,1.0,95.0,14.0,17.55195887459175,-0.21682802289433312,18.16748556770279,-0.398698670216706,0.0002847847644405043,-0.012561227194964886,True
492,33,984.0,-0.0036804236769967247,0.0,0.0036804236769967247,0.0036804236769967247,1.0,95.0,14.0,19.667401442127282,1.0392946966021555,18.189365456052297,0.43874128947283114,-0.00031338663533773655,0.00671252328902483,True
493,33,986.0,-0.008387062542169588,0.0,0.008387062542169588,0.008387062542169588,1.0,95.0,14.0,18.53485477216445,0.36804236769967247,18.19711371642494,-0.03030131196016158,2.1643794257258273e-05,-0.004706638865172863,True
494,33,988.0,-0.016797191306977766,0.0,0.016797191306977766,0.016797191306977766,1.0,95.0,14.0,19.325600973719222,0.8387062542169588,18.214770690197923,0.2721240293043397,-0.00019437430664595692,-0.008410128764808178,True
495,33,990.0,-0.002072652645438211,0.0,0.002072652645438211,0.002072652645438211,1.0,95.0,14.0,20.711247063660483,1.6797191306977766,18.25013319821259,0.7813947347501127,-0.0005581390962500804,0.014724538661539555,True
496,34,992.0,-0.008543413907318609,0.0,0.008543413907318609,0.008543413907318609,2.0,228.0,7.0,18.297118491080514,0.10363263227191055,18.251042256390438,-0.05755639758183389,0.0001644468502338111,-0.006470761261880398,True
497,34,994.0,-0.012111734442441957,0.0,0.012111734442441957,0.012111734442441957,2.0,228.0,7.0,18.732845272232623,0.42717069536593044,18.2547893677533,0.05088520911339468,-0.00014538631175255623,-0.0035683205351233482,True
498,34,996.0,0.0013960200994915795,0.0,-0.0013960200994915795,0.0013960200994915795,2.0,228.0,7.0,18.96849236432172,0.6055867221220979,18.260101531982464,0.1028041102171584,-0.00029372602919188113,0.013507754541933537,True
499,34,998.0,-0.007833419211237924,0.0,0.007833419211237924,0.007833419211237924,2.0,228.0,7.0,18.066547951886328,-0.06980100497457897,18.258262824723236,-0.12191386786232968,0.00034832533674951333,-0.009229439310729504,True
500,34,1000.0,-0.005914160010433989,0.0,0.005914160010433989,0.005914160010433989,2.0,228.0,7.0,18.68992747736071,0.3916709605618962,18.26169853490359,0.03655798189522125,-0.00010445137684348928,0.0019192592008039355,True
501,34,1002.0,0.005784597287856741,0.0,-0.005784597287856741,0.005784597287856741,2.0,228.0,7.0,18.562535334714365,0.29570800052169943,18.264292464732744,0.002534869459918177,-7.242484171194791e-06,0.01169875729829073,True
502,34,1004.0,-0.004357228946901159,0.0,0.004357228946901159,0.004357228946901159,2.0,228.0,7.0,17.78360676578413,-0.28922986439283704,18.256673533580713,-0.18383690340374864,0.0005252482954392818,-0.0101418262347579,True
503,34,1006.0,-0.00027856412998517044,0.0,0.00027856412998517044,0.00027856412998517044,2.0,228.0,7.0,18.47150409121432,0.21786144734505797,18.25858459890831,-0.004941955039051264,1.4119871540146467e-05,0.004078664816915989,True
504,34,1008.0,0.00606593027987401,0.0,-0.00606593027987401,0.00606593027987401,2.0,228.0,7.0,18.203271924335258,0.013928206499258522,18.258706776158295,-0.06936305832229366,0.00019818016663512476,0.0063444944098591805,True
505,34,1010.0,-0.0026618726151355077,0.0,0.0026618726151355077,0.0026618726151355077,2.0,228.0,7.0,17.783731841637554,-0.3032965139937005,18.25071729947123,-0.1636889438399761,0.000467682696685646,-0.008727802895009518,True
506,34,1012.0,0.003021494525455637,0.0,-0.003021494525455637,0.003021494525455637,2.0,228.0,7.0,18.37576507552188,0.13309363075677538,18.251884787460348,-0.009213342695244906,2.6323836272128307e-05,0.0056833671405911446,True
507,34,1014.0,0.005456866736494703,0.0,-0.005456866736494703,0.005456866736494703,2.0,228.0,7.0,17.998072240107398,-0.15107472627278185,18.24790515713862,-0.0987581907584449,0.00028216625930984257,0.0024353722110390663,True
508,34,1016.0,-0.0011641727360256482,0.0,0.0011641727360256482,0.0011641727360256482,2.0,228.0,7.0,17.839789507692956,-0.27284333682473516,18.240717882052373,-0.12808503753467865,0.00036595725009908183,-0.006621039472520351,True
509,34,1018.0,0.005662590305291815,0.0,-0.005662590305291815,0.005662590305291815,2.0,228.0,7.0,18.288912344766615,0.05820863680128241,18.2412284841296,-0.01052477616426599,3.0070789040759967e-05,0.006826763041317463,True
510,34,1020.0,0.004673470666602952,0.0,-0.004673470666602952,0.004673470666602952,2.0,228.0,7.0,17.832504509698115,-0.28312951526459074,18.23377024917714,-0.11813622421443404,0.0003375320691840973,-0.0009891196386888623,True
511,35,1022.0,-0.00013054728697170503,0.0,0.00013054728697170503,0.00013054728697170503,2.0,228.0,7.0,17.902811115831838,-0.23367353333014762,18.22761479020949,-0.09113014104750501,0.0002603718315643,-0.0048040179535746574,True
512,35,1024.0,0.006807132547692163,0.0,-0.006807132547692163,0.006807132547692163,2.0,228.0,7.0,18.228195184036437,0.006527364348585252,18.2276720477915,-0.0060042281036494635,1.7154937438998466e-05,0.006937679834663868,True
513,35,1026.0,0.003516077918902738,0.0,-0.003516077918902738,0.003516077918902738,2.0,228.0,7.0,17.762538100072653,-0.34035662738460815,18.218706328720224,-0.11581160126296218,0.0003308902893227491,-0.003291054628789425,True
514,35,1028.0,0.0008136266078508925,0.0,-0.0008136266078508925,0.0008136266078508925,2.0,228.0,7.0,17.98586844632356,-0.1758038959451369,18.21407527935651,-0.05240293708781439,0.0001497226773937554,-0.0027024513110518456,True
515,35,1030.0,0.006615271715418203,0.0,-0.006615271715418203,0.006615271715418203,2.0,228.0,7.0,18.1679147042117,-0.04068133039254462,18.213003646397418,-0.004407611793176002,1.2593176551931433e-05,0.00580164510756731,True
516,35,1032.0,0.0017255348320759367,0.0,-0.0017255348320759367,0.0017255348320759367,2.0,228.0,7.0,17.777234336300875,-0.33076358577091014,18.204290628490803,-0.09629270641901737,0.0002751220183400496,-0.004889736883342266,True
517,35,1034.0,0.000729854957171483,0.0,-0.000729854957171483,0.000729854957171483,2.0,228.0,7.0,18.106430643041747,-0.08627674160379684,18.202017915209012,-0.009310530563470806,2.6601515895630877e-05,-0.0009956798749044538,True
518,35,1036.0,0.005045295500167413,0.0,-0.005045295500167413,0.005045295500167413,2.0,228.0,7.0,18.17198296743308,-0.03649274785857415,18.20105661844227,0.007419096849386335,-2.119741956967524e-05,0.00431544054299593,True
519,35,1038.0,-0.0005419051340140868,0.0,0.0005419051340140868,0.0005419051340140868,2.0,228.0,7.0,17.880198372950236,-0.25226477500837063,18.194411426539638,-0.06194827858103039,0.00017699508166008684,-0.0055872006341814995,True
520,35,1040.0,-0.0001662199392740149,0.0,0.0001662199392740149,0.0001662199392740149,2.0,228.0,7.0,18.2545989716138,0.02709525670070434,18.19464910423,0.03285461068309827,-9.387031623742364e-05,0.0003756851947400719,True
521,35,1042.0,0.002517670112865744,0.0,-0.002517670112865744,0.002517670112865744,2.0,228.0,7.0,18.22677639024943,0.008310996963700745,18.194722007712137,0.0237433855735918,-6.783824449597658e-05,0.002683890052139759,True
522,35,1044.0,-0.0028434091254894156,0.0,0.0028434091254894156,0.0028434091254894156,2.0,228.0,7.0,18.044299657313058,-0.1258835056432872,18.191405967839557,-0.021222804883211425,6.063658538060408e-05,-0.00536107923835516,True
523,35,1046.0,-0.0013532847406168003,0.0,0.0013532847406168003,0.0013532847406168003,2.0,228.0,7.0,18.400921189933268,0.14217045627447078,18.192653077105135,0.06609765655366083,-0.0001888504472961738,0.0014901243848726153,True
524,35,1048.0,3.2192514481721446e-05,0.0,-3.2192514481721446e-05,3.2192514481721446e-05,2.0,228.0,7.0,18.296995264401588,0.06766423703084001,18.19324662304398,0.03608440432676813,-0.00010309829807648035,0.0013854772550985217,True
525,35,1050.0,-0.004282381898519816,0.0,0.004282381898519816,0.004282381898519816,2.0,228.0,7.0,18.202193658545,-0.0016096257240860723,18.1932042220713,0.010599062197783718,-3.028303485081062e-05,-0.004314574413001537,True
526,36,1052.0,-0.0017873342621896882,0.0,0.0017873342621896882,0.0017873342621896882,2.0,228.0,7.0,18.487435468431045,0.2141190949259908,18.195082459746082,0.07823391375896982,-0.0002235254678827709,0.0024950476363301277,True
527,36,1054.0,-0.0012120070059609134,0.0,0.0012120070059609134,0.0012120070059609134,2.0,228.0,7.0,18.31630751651433,0.08936671310948441,18.195866378282112,0.031074425122730676,-8.87840717792305e-05,0.0005753272562287748,True
528,36,1056.0,-0.0042944565539073665,0.0,0.0042944565539073665,0.0042944565539073665,2.0,228.0,7.0,18.275954969629325,0.06060035029804567,18.196397960302292,0.018956659028990006,-5.416188293997145e-05,-0.003082449547946453,True
529,36,1058.0,-0.0010846337427210528,0.0,0.0010846337427210528,0.0010846337427210528,2.0,228.0,7.0,18.479195209384287,0.21472282769536832,18.198281493878564,0.06619088781035264,-0.00018911682231529322,0.0032098228111863136,True
530,36,1060.0,-0.0010732670280049206,0.0,0.0010732670280049206,0.0010732670280049206,2.0,228.0,7.0,18.26179683450155,0.05423168713605264,18.198757210432383,0.008807936933118043,-2.516553409462298e-05,1.1366714716132265e-05,True
531,36,1062.0,-0.0028638269950533868,0.0,0.0028638269950533868,0.0028638269950533868,2.0,228.0,7.0,18.260678197947026,0.05366335140024603,18.199227941584994,0.0077869049617850595,-2.2248299890814456e-05,-0.0017905599670484662,True
532,36,1064.0,0.0005474967683767318,0.0,-0.0005474967683767318,0.0005474967683767318,2.0,228.0,7.0,18.379207700747653,0.14319134975266934,18.200484006056485,0.03553234493850286,-0.0001015209855385796,0.0034113237634301186,True
533,36,1066.0,1.4427226233237889e-05,0.0,-1.4427226233237889e-05,1.4427226233237889e-05,2.0,228.0,7.0,18.15025602636479,-0.02737483841883659,18.199762894460157,-0.022132029676533653,6.323437050438187e-05,-0.0005330695421434939,True
534,36,1068.0,-0.0008577294147471548,0.0,0.0008577294147471548,0.0008577294147471548,2.0,228.0,7.0,18.187482926420486,-0.0007213613116618944,18.199743892265563,-0.011539604533414112,3.2970298666897465e-05,-0.0008721566409803927,True
535,36,1070.0,0.002169829843296611,0.0,-0.002169829843296611,0.002169829843296611,2.0,228.0,7.0,18.246443929662,0.04288647073735774,18.200120089377304,0.0034373695473410575,-9.821055849545879e-06,0.003027559258043766,True
536,36,1072.0,0.0010010953328674077,0.0,-0.0010010953328674077,0.0010010953328674077,2.0,228.0,7.0,18.043711002571587,-0.10849149216483056,18.19726219221266,-0.045059697476244866,0.00012874199278927105,-0.0011687345104292035,True
537,36,1074.0,0.000647402214781323,0.0,-0.000647402214781323,0.000647402214781323,2.0,228.0,7.0,18.123722241963854,-0.050054766643370385,18.195943642962263,-0.022166634355039523,6.333324101439864e-05,-0.0003536931180860847,True
538,36,1076.0,0.0028489752066889196,0.0,-0.0028489752066889196,0.0028489752066889196,2.0,228.0,7.0,18.148296005233323,-0.03237011073906615,18.195090945245106,-0.014424829272718402,4.1213797922052575e-05,0.0022015729919075966,True
539,36,1078.0,0.001091607576199749,0.0,-0.001091607576199749,0.001091607576199749,2.0,228.0,7.0,18.000813386441468,-0.14244876033444598,18.191338541253355,-0.048076394477439284,0.00013736112707839795,-0.0017573676304891706,True
540,36,1080.0,0.0009927802011588938,0.0,-0.0009927802011588938,0.0009927802011588938,2.0,228.0,7.0,18.119790119863904,-0.05458037880998745,18.189900777731673,-0.015530279057778843,4.437222587936813e-05,-9.882737504085526e-05,True
541,37,1082.0,0.0022243247358346707,0.0,-0.0022243247358346707,0.0022243247358346707,2.0,228.0,7.0,18.126477683860383,-0.04963901005794469,18.188593180395983,-0.012476486477658377,3.564710422188108e-05,0.001231544534675777,True
542,37,1084.0,9.367568327434128e-05,0.0,-9.367568327434128e-05,9.367568327434128e-05,2.0,228.0,7.0,18.043566747993754,-0.11121623679173354,18.185663507649753,-0.030880522864263293,8.823006532646655e-05,-0.0021306490525603294,True
543,37,1086.0,0.0001329336473645526,0.0,-0.0001329336473645526,0.0001329336473645526,2.0,228.0,7.0,18.186820624236777,-0.004683784163717064,18.18554012679089,0.0059642816096044105,-1.7040804598869745e-05,3.925796409021132e-05,True
544,37,1088.0,0.0004711647734438884,0.0,-0.0004711647734438884,0.0004711647734438884,2.0,228.0,7.0,18.18348910487464,-0.00664668236822763,18.185365039009227,0.0047707482336393535,-1.3630709238969583e-05,0.0003382311260793358,True
545,37,1090.0,-0.0016306877851093304,0.0,0.0016306877851093304,0.0016306877851093304,2.0,228.0,7.0,18.160120558407026,-0.02355823867219442,18.18474446478572,-0.0010656677064981468,3.044764875708991e-06,-0.002101852558553219,True
546,37,1092.0,-0.001500245886745688,0.0,0.001500245886745688,0.001500245886745688,2.0,228.0,7.0,18.299471021060555,0.08153438925546652,18.185459678726566,0.03247695307852021,-9.279129451005773e-05,0.0001304418983636424,True
547,37,1094.0,-0.0016271917456833762,0.0,0.0016271917456833762,0.0016271917456833762,2.0,228.0,7.0,18.288433606566265,0.0750122943372844,18.186117681308488,0.027303630920491068,-7.801037405854592e-05,-0.00012694585893768817,True
548,37,1096.0,-0.0033017946016116184,0.0,0.0033017946016116184,0.0033017946016116184,2.0,228.0,7.0,18.294909838257485,0.08135958728416881,18.186831361898726,0.02671888907459183,-7.633968307026237e-05,-0.0016746028559282422,True
549,37,1098.0,-0.002897242132348765,0.0,0.002897242132348765,0.002897242132348765,2.0,228.0,7.0,18.40418275884677,0.16508973008058092,18.18827951742572,0.05081351134046589,-0.00014518146097275967,0.00040455246926285326,True
550,37,1100.0,-0.0030902187618266908,0.0,0.0030902187618266908,0.0030902187618266908,2.0,228.0,7.0,18.373942254489823,0.14486210661743826,18.1895502376592,0.03952991021318111,-0.0001129426006090889,-0.0001929766294779256,True
551,37,1102.0,-0.0042012746025648084,0.0,0.0042012746025648084,0.0042012746025648084,2.0,228.0,7.0,18.384246009362762,0.15451093809133454,18.190905596765262,0.03882947450616487,-0.00011094135573189962,-0.0011110558407381177,True
552,37,1104.0,-0.003405246247893956,0.0,0.003405246247893956,0.003405246247893956,2.0,228.0,7.0,18.455614699829763,0.21006373012824042,18.19274826106463,0.05280270863689361,-0.00015086488181969602,0.0007960283546708524,True
553,37,1106.0,-0.003515748682730191,0.0,0.003515748682730191,0.003515748682730191,2.0,228.0,7.0,18.399604988281933,0.1702623123946978,18.194241790120724,0.03510088576651174,-0.0001002882450471764,-0.0001105024348362349,True
554,37,1108.0,-0.004207623625006818,0.0,0.004207623625006818,0.004207623625006818,2.0,228.0,7.0,18.405081968084463,0.17578743413650955,18.195783785156994,0.033510748790959534,-9.574499654559867e-05,-0.0006918749422766268,True
555,37,1110.0,-0.0033588041815164615,0.0,0.0033588041815164615,0.0033588041815164615,2.0,228.0,7.0,18.449332482553853,0.2103811812503409,18.197629234115308,0.0413220671882018,-0.00011806304910914799,0.0008488194434903562,True
556,38,1112.0,-0.003484528145236254,0.0,0.003484528145236254,0.003484528145236254,2.0,228.0,7.0,18.390918061504912,0.16794020907582308,18.19910239384407,0.023875458585019754,-6.821559595719929e-05,-0.00012572396371979266,True
557,38,1114.0,-0.003699990626955696,0.0,0.003699990626955696,0.003699990626955696,2.0,228.0,7.0,18.39845539073617,0.1742264072618127,18.200630695662166,0.023598287812190887,-6.742367946340253e-05,-0.0002154624817194417,True
558,38,1116.0,-0.0026863159700951655,0.0,0.0026863159700951655,0.0026863159700951655,2.0,228.0,7.0,18.4120283470148,0.1849995313477848,18.202253498568723,0.02477531709829313,-7.078662028083751e-05,0.0010136746568605304,True
559,38,1118.0,-0.002784483968753193,0.0,0.002784483968753193,0.002784483968753193,2.0,228.0,7.0,18.344031715755442,0.13431579850475828,18.203431707327557,0.006284209923128084,-1.7954885494651668e-05,-9.81679986580275e-05,True
560,38,1120.0,-0.0027188472276975517,0.0,0.0027188472276975517,0.0027188472276975517,2.0,228.0,7.0,18.351123808707193,0.13922419843765965,18.204652972226153,0.007246638043379411,-2.0704680123941175e-05,6.563674105564132e-05,True
561,38,1122.0,-0.0017886301911858027,0.0,0.0017886301911858027,0.0017886301911858027,2.0,228.0,7.0,18.347298899238982,0.13594236138487759,18.205845449080414,0.005511088773687133,-1.574596792482038e-05,0.000930217036511749,True
562,38,1124.0,-0.0019368213806956192,0.0,0.0019368213806956192,0.0019368213806956192,2.0,228.0,7.0,18.286246862969012,0.08943150955929013,18.20662993600639,-0.009814582596668375,2.8041664561909644e-05,-0.00014819118950981647,True
563,38,1126.0,-0.0017522696407468175,0.0,0.0017522696407468175,0.0017522696407468175,2.0,228.0,7.0,18.29779987041388,0.09684106903478096,18.207479419068118,-0.006520617689018356,1.8630336254338158e-05,0.0001845517399488017,True
564,38,1128.0,-0.0010620022776492988,0.0,0.0010620022776492988,0.0010620022776492988,2.0,228.0,7.0,18.287026559847934,0.08761348203734087,18.20824795838425,-0.00883488057365713,2.5242515924734656e-05,0.0006902673630975187,True
565,38,1130.0,-0.001376665529278398,0.0,0.001376665529278398,0.001376665529278398,2.0,228.0,7.0,18.24283942151224,0.05310011388246494,18.208713748856887,-0.018974441227112865,5.4212689220322465e-05,-0.00031466325162909925,True
566,38,1132.0,-0.001254106345186301,0.0,0.001254106345186301,0.001254106345186301,2.0,228.0,7.0,18.26599271374654,0.0688332764639199,18.209317549527626,-0.012158112245002052,3.4737463557148724e-05,0.00012255918409209698,True
567,38,1134.0,-0.0009127906787398388,0.0,0.0009127906787398388,0.0009127906787398388,2.0,228.0,7.0,18.259624612303824,0.06270531725931505,18.20986759617025,-0.012948301125740098,3.6995146073543134e-05,0.0003413156664464623,True
568,38,1136.0,-0.0014252630908231367,0.0,0.0014252630908231367,0.0014252630908231367,2.0,228.0,7.0,18.23876389567788,0.04563953393699194,18.21026794295919,-0.01714358121830139,4.898166062371826e-05,-0.000512472412083298,True
569,38,1138.0,-0.0014399808587768348,0.0,0.0014399808587768348,0.0014399808587768348,2.0,228.0,7.0,18.274801505942403,0.07126315454115684,18.21089305834992,-0.007354706948672447,2.101344842477842e-05,-1.4717767953698058e-05,True
570,38,1140.0,-0.0014383595035951657,0.0,0.0014383595035951657,0.0014383595035951657,2.0,228.0,7.0,18.277104689996328,0.07199904293884174,18.211524628901998,-0.006418981844514238,1.8339948127183537e-05,1.6213551816690597e-06,True
571,39,1142.0,0.006334463360758491,0.0,-0.006334463360758491,0.006334463360758491,1.0,207.0,3.0,18.35175103482539,0.14383595035951657,18.21291434822917,-0.0049992637632978775,1.6664212544326257e-05,0.007772822864353657,True
572,39,1144.0,0.003145951072724529,0.0,-0.003145951072724529,0.003145951072724529,1.0,207.0,3.0,17.450565824592882,-0.6334463360758491,18.19453520572215,-0.11052304505342121,0.0003684101501780707,-0.0031885122880339622,True
573,39,1146.0,0.00048692919597215223,0.0,-0.00048692919597215223,0.00048692919597215223,1.0,207.0,3.0,17.814314805671362,-0.3145951072724529,18.185407379134023,-0.05649746619020477,0.00018832488730068255,-0.0026590218767523766,True
574,39,1148.0,0.003743262256534763,0.0,-0.003743262256534763,0.003743262256534763,1.0,207.0,3.0,18.120455453570578,-0.04869291959721522,18.183994577358398,-0.014846204190604761,4.948734730201588e-05,0.0032563330605626106,True
575,39,1150.0,0.0011630041925627665,0.0,-0.0011630041925627665,0.0011630041925627665,1.0,207.0,3.0,17.740969689502066,-0.3743262256534763,18.173133680935795,-0.057837765780248594,0.00019279255260082863,-0.0025802580639719963,True
576,39,1152.0,-0.0003648185003157778,0.0,0.0003648185003157778,0.0003648185003157778,1.0,207.0,3.0,18.03632607818328,-0.11630041925627665,18.169759279889654,-0.017132782450097132,5.7109274833657105e-05,-0.0015278226928785443,True
577,39,1154.0,0.005042269935870536,0.0,-0.005042269935870536,0.005042269935870536,1.0,207.0,3.0,18.2119305605207,0.03648185003157778,18.17011176153247,0.005336948956653289,-1.778982985551096e-05,0.005407088436186314,True
578,39,1156.0,-0.0014909979719277544,0.0,0.0014909979719277544,0.0014909979719277544,1.0,207.0,3.0,17.582344398192458,-0.5042269935870536,18.155481856450972,-0.06891046467145999,0.00022970154890486662,-0.00653326790779829,True
579,39,1158.0,-0.00028198026768677664,0.0,0.00028198026768677664,0.00028198026768677664,1.0,207.0,3.0,18.33278152425656,0.14909979719277544,18.15692243420162,0.026759292862168778,-8.919764287389592e-05,0.0012090177042409778,True
580,39,1160.0,0.001786603585856028,0.0,-0.001786603585856028,0.001786603585856028,1.0,207.0,3.0,18.193111852198605,0.028198026768677664,18.157194878904694,0.007718946525233321,-2.572982175077774e-05,0.0020685838535428047,True
581,39,1162.0,-0.003663424408955507,0.0,0.003663424408955507,0.003663424408955507,1.0,207.0,3.0,17.95212342593334,-0.1786603585856028,18.15201113404139,-0.021227349522449028,7.075783174149676e-05,-0.005450027994811535,True
582,39,1164.0,-0.0017529084644820614,0.0,0.0017529084644820614,0.0017529084644820614,1.0,207.0,3.0,18.577014538741484,0.3663424408955507,18.15555067453315,0.05512142331278512,-0.00018373807770928375,0.0019105159444734454,True
583,39,1166.0,-0.00016911910563521815,0.0,0.00016911910563521815,0.00016911910563521815,1.0,207.0,3.0,18.356344206557836,0.17529084644820614,18.157244305899802,0.023809054209829594,-7.936351403276532e-05,0.0015837893588468432,True
584,39,1168.0,-0.006224286981819205,0.0,0.006224286981819205,0.006224286981819205,1.0,207.0,3.0,18.17425885633967,0.016911910563521815,18.15740770600186,-6.0760225712490745e-05,2.0253408570830247e-07,-0.006055167876183987,True
585,39,1170.0,-0.000988818944392733,0.0,0.000988818944392733,0.000988818944392733,1.0,207.0,3.0,18.86837165053749,0.6224286981819205,18.163421509849044,0.08252144250652767,-0.0002750714750217589,0.005235468037426472,True
586,40,1172.0,0.0013266138201970534,0.0,-0.0013266138201970534,0.0013266138201970534,1.0,205.0,1.0,18.26435206686768,0.09888189443927331,18.164386211258186,0.0010839611702206714,-1.0839611702206714e-05,0.0023154327645897865,True
587,40,1174.0,-0.0024235195079427285,0.0,0.0024235195079427285,0.0024235195079427285,1.0,205.0,1.0,18.018293282076765,-0.13266138201970534,18.160499552442676,-0.009544888346208417,9.544888346208418e-05,-0.003750133328139782,True
588,40,1176.0,0.0013101461744327025,0.0,-0.0013101461744327025,0.0013101461744327025,1.0,205.0,1.0,18.41362879246719,0.24235195079427285,18.162863961718713,0.008412879954206899,-8.412879954206899e-05,0.003733665682375431,True
589,40,1178.0,0.0014472488918499948,0.0,-0.0014472488918499948,0.0014472488918499948,1.0,205.0,1.0,18.018648883400704,-0.13101461744327025,18.15902554913704,-0.009362048293069377,9.362048293069377e-05,0.0001371027174172923,True
590,40,1180.0,-0.0010460869735879896,0.0,0.0010460869735879896,0.0010460869735879896,1.0,205.0,1.0,18.000968323473494,-0.14472488918499948,18.154785458631338,-0.009092245972847208,9.092245972847208e-05,-0.0024933358654379845,True
591,40,1182.0,0.004123469502587795,0.0,-0.004123469502587795,0.004123469502587795,1.0,205.0,1.0,18.263523947222485,0.10460869735879896,18.155806031288503,0.0031092185751839425,-3.1092185751839426e-05,0.005169556476175785,True
592,40,1184.0,0.0017785790049629213,0.0,-0.0017785790049629213,0.0017785790049629213,1.0,205.0,1.0,17.710691267539598,-0.41234695025877954,18.1437252592894,-0.02068704149102279,0.00020687041491022792,-0.002344890497624874,True
593,40,1186.0,0.0004728990978719594,0.0,-0.0004728990978719594,0.0004728990978719594,1.0,205.0,1.0,17.95260219575204,-0.17785790049629213,18.13851445139378,-0.008054355145449913,8.054355145449913e-05,-0.001305679907090962,True
594,40,1188.0,0.003983919080269516,0.0,-0.003983919080269516,0.003983919080269516,1.0,205.0,1.0,18.088488342444915,-0.04728990978719594,18.137128970992766,-0.0013507187606565554,1.3507187606565555e-05,0.0035110199823975563,True
595,40,1190.0,0.0006179451382877232,0.0,-0.0006179451382877232,0.0006179451382877232,1.0,205.0,1.0,17.709882936721797,-0.39839190802695157,18.125457048103232,-0.01718220335448409,0.00017182203354484092,-0.0033659739419817924,True
596,40,1192.0,0.0002080299390172513,0.0,-0.0002080299390172513,0.0002080299390172513,1.0,205.0,1.0,18.06160988412686,-0.061794513828772324,18.123646617755927,-0.00024221980029409259,2.4221980029409257e-06,-0.00040991519927047193,True
597,40,1194.0,0.003187745293757871,0.0,-0.003187745293757871,0.003187745293757871,1.0,205.0,1.0,18.103878416543214,-0.02080299390172513,18.123037140164143,0.0016442702807969414,-1.6442702807969414e-05,0.0029797153547406197,True
598,40,1196.0,-0.0012943777757072894,0.0,0.0012943777757072894,0.0012943777757072894,1.0,205.0,1.0,17.782865575003097,-0.3187745293757871,18.11369781461295,-0.012057710234067234,0.00012057710234067233,-0.00448212306946516,True
599,40,1198.0,-0.0003699684667708425,0.0,0.0003699684667708425,0.0003699684667708425,1.0,205.0,1.0,18.25386561999282,0.12943777757072894,18.114960622199007,0.009467220223087089,-9.467220223087089e-05,0.0009244093089364469,True
600,40,1200.0,0.0010210296685499998,0.0,-0.0010210296685499998,0.0010210296685499998,1.0,205.0,1.0,18.15668039779716,0.03699684667708425,18.115321567044628,0.004361984075448629,-4.361984075448629e-05,0.0013909981353208423,True
