run_id,timestamp,kp,ki,kd,temp,temp_ref,temp_raw,temp_u,temp_u_p,temp_u_i,temp_u_d,sq_error,mae,start_temp
run_1780535215_47d52d19,1780535696.4658823,1.0,998.0,3.0,24.57208251953125,0.0,21.143592834472656,-100.0,-100.0,0.0,0.44829416275024414,603.7872393466532,24.57208251953125,24.57208251953125
run_1780535215_47d52d19,1780535698.1758895,1.0,998.0,3.0,24.527645111083984,0.0,21.093599319458008,-100.0,-100.0,0.0,1.0395042896270752,601.6053746952821,24.527645111083984,24.57208251953125
run_1780535215_47d52d19,1780535700.166898,1.0,998.0,3.0,24.527645111083984,0.0,21.093599319458008,-100.0,-100.0,0.0,0.978870153427124,601.6053746952821,24.527645111083984,24.57208251953125
run_1780535215_47d52d19,1780535702.1668987,1.0,998.0,3.0,24.527645111083984,0.0,21.093599319458008,-100.0,-100.0,0.0,0.8854962587356567,601.6053746952821,24.527645111083984,24.57208251953125
run_1780535215_47d52d19,1780535704.1648974,1.0,998.0,3.0,24.527645111083984,0.0,21.093599319458008,-100.0,-100.0,0.0,0.8010292649269104,601.6053746952821,24.527645111083984,24.57208251953125
run_1780535215_47d52d19,1780535706.1758976,1.0,998.0,3.0,24.527645111083984,0.0,21.093599319458008,-100.0,-100.0,0.0,0.7246196269989014,601.6053746952821,24.527645111083984,24.57208251953125
run_1780535215_47d52d19,1780535708.1728976,1.0,998.0,3.0,24.483177185058594,0.0,21.0435733795166,-100.0,-100.0,0.0,1.277313232421875,599.4259650749736,24.483177185058594,24.57208251953125
run_1780535215_47d52d19,1780535710.171898,1.0,998.0,3.0,24.483177185058594,0.0,21.0435733795166,-100.0,-100.0,0.0,1.155470848083496,599.4259650749736,24.483177185058594,24.57208251953125
run_1780535215_47d52d19,1780535712.177898,1.0,998.0,3.0,24.483177185058594,0.0,21.0435733795166,-100.0,-100.0,0.0,1.0452511310577393,599.4259650749736,24.483177185058594,24.57208251953125
run_1780535215_47d52d19,1780535714.1738899,1.0,998.0,3.0,24.438722610473633,0.0,20.993562698364258,-100.0,-100.0,0.0,1.592607021331787,597.2511628316752,24.438722610473633,24.57208251953125
run_1780535215_47d52d19,1780535716.1668973,1.0,998.0,3.0,24.438722610473633,0.0,20.993562698364258,-100.0,-100.0,0.0,1.4406893253326416,597.2511628316752,24.438722610473633,24.57208251953125
run_1780535215_47d52d19,1780535718.1658995,1.0,998.0,3.0,24.394285202026367,0.0,20.943571090698242,-100.0,-100.0,0.0,1.9500749111175537,595.0811505178026,24.394285202026367,24.57208251953125
run_1780535215_47d52d19,1780535720.1649053,1.0,998.0,3.0,24.394285202026367,0.0,20.943571090698242,-100.0,-100.0,0.0,1.7640587091445923,595.0811505178026,24.394285202026367,24.57208251953125
run_1780535215_47d52d19,1780535722.1778972,1.0,998.0,3.0,24.34983253479004,0.0,20.89356231689453,-100.0,-100.0,0.0,2.2428200244903564,592.9143444723195,24.34983253479004,24.57208251953125
run_1780535215_47d52d19,1780535724.1748984,1.0,998.0,3.0,24.34983253479004,0.0,20.89356231689453,-100.0,-100.0,0.0,2.028878688812256,592.9143444723195,24.34983253479004,24.57208251953125
run_1780535215_47d52d19,1780535726.1698978,1.0,998.0,3.0,24.305397033691406,0.0,20.843570709228516,-100.0,-100.0,0.0,2.4821290969848633,590.752324965375,24.305397033691406,24.57208251953125
run_1780535215_47d52d19,1780535728.1659021,1.0,998.0,3.0,24.305397033691406,0.0,20.843570709228516,-100.0,-100.0,0.0,2.2453601360321045,590.752324965375,24.305397033691406,24.57208251953125
run_1780535215_47d52d19,1780535730.1758978,1.0,998.0,3.0,24.260963439941406,0.0,20.793582916259766,-100.0,-100.0,0.0,2.6779332160949707,588.5943470341736,24.260963439941406,24.57208251953125
run_1780535215_47d52d19,1780535732.1718965,1.0,998.0,3.0,24.260963439941406,0.0,20.793582916259766,-100.0,-100.0,0.0,2.4224867820739746,588.5943470341736,24.260963439941406,24.57208251953125
run_1780535215_47d52d19,1780535734.1698968,1.0,998.0,3.0,24.260963439941406,0.0,20.793582916259766,-100.0,-100.0,0.0,2.1914074420928955,588.5943470341736,24.260963439941406,24.57208251953125
run_1780535215_47d52d19,1780535736.1629097,1.0,998.0,3.0,24.216514587402344,0.0,20.74357795715332,-100.0,-100.0,0.0,2.6039180755615234,586.4395787618705,24.216514587402344,24.57208251953125
run_1780535215_47d52d19,1780535738.1778972,1.0,998.0,3.0,24.216514587402344,0.0,20.74357795715332,-100.0,-100.0,0.0,2.355531930923462,586.4395787618705,24.216514587402344,24.57208251953125
run_1780535215_47d52d19,1780535740.1728969,1.0,998.0,3.0,24.172046661376953,0.0,20.693553924560547,-100.0,-100.0,0.0,2.7526535987854004,584.2878397997847,24.172046661376953,24.57208251953125
run_1780535215_47d52d19,1780535742.1738975,1.0,998.0,3.0,24.172046661376953,0.0,20.693553924560547,-100.0,-100.0,0.0,2.490079402923584,584.2878397997847,24.172046661376953,24.57208251953125
run_1780535215_47d52d19,1780535744.1669195,1.0,998.0,3.0,24.127613067626953,0.0,20.643566131591797,-100.0,-100.0,0.0,2.873887062072754,582.1417123411229,24.127613067626953,24.57208251953125
run_1780535215_47d52d19,1780535746.1738942,1.0,998.0,3.0,24.127613067626953,0.0,20.643566131591797,-100.0,-100.0,0.0,2.5997486114501953,582.1417123411229,24.127613067626953,24.57208251953125
run_1780535215_47d52d19,1780535748.1648984,1.0,998.0,3.0,24.083168029785156,0.0,20.593564987182617,-100.0,-100.0,0.0,2.9732539653778076,579.9989823508658,24.083168029785156,24.57208251953125
run_1780535215_47d52d19,1780535750.172897,1.0,998.0,3.0,24.083168029785156,0.0,20.593564987182617,-100.0,-100.0,0.0,2.6896369457244873,579.9989823508658,24.083168029785156,24.57208251953125
run_1780535215_47d52d19,1780535752.1698976,1.0,998.0,3.0,24.083168029785156,0.0,20.593564987182617,-100.0,-100.0,0.0,2.4330742359161377,579.9989823508658,24.083168029785156,24.57208251953125
run_1780535215_47d52d19,1780535754.1778889,1.0,998.0,3.0,24.038734436035156,0.0,20.543577194213867,-100.0,-100.0,0.0,2.8099849224090576,577.8607532862225,24.038734436035156,24.57208251953125
run_1780535215_47d52d19,1780535756.1718981,1.0,998.0,3.0,24.038734436035156,0.0,20.543577194213867,-100.0,-100.0,0.0,2.5419421195983887,577.8607532862225,24.038734436035156,24.57208251953125
run_1780535215_47d52d19,1780535758.1728978,1.0,998.0,3.0,23.994287490844727,0.0,20.493574142456055,-100.0,-100.0,0.0,2.908651113510132,575.7258321933077,23.994287490844727,24.57208251953125
run_1780535215_47d52d19,1780535760.1738968,1.0,998.0,3.0,23.994287490844727,0.0,20.493574142456055,-100.0,-100.0,0.0,2.6311964988708496,575.7258321933077,23.994287490844727,24.57208251953125
run_1780535215_47d52d19,1780535762.1679018,1.0,998.0,3.0,23.994287490844727,0.0,20.493574142456055,-100.0,-100.0,0.0,2.3802082538604736,575.7258321933077,23.994287490844727,24.57208251953125
run_1780535215_47d52d19,1780535764.1649094,1.0,998.0,3.0,23.949857711791992,0.0,20.44359016418457,-100.0,-100.0,0.0,2.787024974822998,573.5956844150824,23.949857711791992,24.57208251953125
run_1780535215_47d52d19,1780535766.1629086,1.0,998.0,3.0,23.949857711791992,0.0,20.44359016418457,-100.0,-100.0,0.0,2.521172046661377,573.5956844150824,23.949857711791992,24.57208251953125
run_1780535215_47d52d19,1780535768.1748977,1.0,998.0,3.0,23.949857711791992,0.0,20.44359016418457,-100.0,-100.0,0.0,2.2806789875030518,573.5956844150824,23.949857711791992,24.57208251953125
run_1780535215_47d52d19,1780535770.1708982,1.0,998.0,3.0,23.905399322509766,0.0,20.393573760986328,-100.0,-100.0,0.0,2.672466993331909,571.4681167686504,23.905399322509766,24.57208251953125
run_1780535215_47d52d19,1780535772.1678977,1.0,998.0,3.0,23.905399322509766,0.0,20.393573760986328,-100.0,-100.0,0.0,2.417541742324829,571.4681167686504,23.905399322509766,24.57208251953125
run_1780535215_47d52d19,1780535774.1639092,1.0,998.0,3.0,23.86095428466797,0.0,20.34357261657715,-100.0,-100.0,0.0,2.7960915565490723,569.3451393750147,23.86095428466797,24.57208251953125
run_1780535215_47d52d19,1780535776.1778991,1.0,998.0,3.0,23.86095428466797,0.0,20.34357261657715,-100.0,-100.0,0.0,2.5293736457824707,569.3451393750147,23.86095428466797,24.57208251953125
run_1780535215_47d52d19,1780535778.173894,1.0,998.0,3.0,23.816524505615234,0.0,20.293590545654297,-100.0,-100.0,0.0,2.9347987174987793,567.226839526571,23.816524505615234,24.57208251953125
run_1780535215_47d52d19,1780535780.1688976,1.0,998.0,3.0,23.816524505615234,0.0,20.293590545654297,-100.0,-100.0,0.0,2.6548500061035156,567.226839526571,23.816524505615234,24.57208251953125
run_1780535215_47d52d19,1780535782.1658971,1.0,998.0,3.0,23.816524505615234,0.0,20.293590545654297,-100.0,-100.0,0.0,2.4016056060791016,567.226839526571,23.816524505615234,24.57208251953125
run_1780535215_47d52d19,1780535784.1629014,1.0,998.0,3.0,23.772083282470703,0.0,20.243593215942383,-100.0,-100.0,0.0,2.806544780731201,565.1119435887231,23.772083282470703,24.57208251953125
run_1780535215_47d52d19,1780535786.1738975,1.0,998.0,3.0,23.772083282470703,0.0,20.243593215942383,-100.0,-100.0,0.0,2.538830518722534,565.1119435887231,23.772083282470703,24.57208251953125
run_1780535215_47d52d19,1780535788.173897,1.0,998.0,3.0,23.772083282470703,0.0,20.243593215942383,-100.0,-100.0,0.0,2.296652317047119,565.1119435887231,23.772083282470703,24.57208251953125
run_1780535215_47d52d19,1780535790.1716099,1.0,998.0,3.0,23.72765350341797,0.0,20.19361114501953,-100.0,-100.0,0.0,2.6865243911743164,563.001540778263,23.72765350341797,24.57208251953125
run_1780535215_47d52d19,1780535792.1640875,1.0,998.0,3.0,23.72765350341797,0.0,20.19361114501953,-100.0,-100.0,0.0,2.4302585124969482,563.001540778263,23.72765350341797,24.57208251953125
run_1780535215_47d52d19,1780535794.16607,1.0,998.0,3.0,23.72765350341797,0.0,20.19361114501953,-100.0,-100.0,0.0,2.198437452316284,563.001540778263,23.72765350341797,24.57208251953125
run_1780535215_47d52d19,1780535796.1640866,1.0,998.0,3.0,23.683202743530273,0.0,20.14360237121582,-100.0,-100.0,0.0,2.6228926181793213,560.8940921911599,23.683202743530273,24.57208251953125
run_1780535215_47d52d19,1780535798.163091,1.0,998.0,3.0,23.683202743530273,0.0,20.14360237121582,-100.0,-100.0,0.0,2.3726959228515625,560.8940921911599,23.683202743530273,24.57208251953125
run_1780535215_47d52d19,1780535800.176823,1.0,998.0,3.0,23.683202743530273,0.0,20.14360237121582,-100.0,-100.0,0.0,2.1463656425476074,560.8940921911599,23.683202743530273,24.57208251953125
run_1780535215_47d52d19,1780535802.1761045,1.0,998.0,3.0,23.638790130615234,0.0,20.093637466430664,-100.0,-100.0,0.0,2.5503382682800293,558.7923988392722,23.638790130615234,24.57208251953125
run_1780535215_47d52d19,1780535804.1714733,1.0,998.0,3.0,23.638790130615234,0.0,20.093637466430664,-100.0,-100.0,0.0,2.307062864303589,558.7923988392722,23.638790130615234,24.57208251953125
run_1780535215_47d52d19,1780535806.1674757,1.0,998.0,3.0,23.638790130615234,0.0,20.093637466430664,-100.0,-100.0,0.0,2.08699369430542,558.7923988392722,23.638790130615234,24.57208251953125
run_1780535215_47d52d19,1780535808.1787615,1.0,998.0,3.0,23.59433364868164,0.0,20.043624877929688,-100.0,-100.0,0.0,2.5221612453460693,556.6925803253107,23.59433364868164,24.57208251953125
run_1780535215_47d52d19,1780535810.1767895,1.0,998.0,3.0,23.59433364868164,0.0,20.043624877929688,-100.0,-100.0,0.0,2.281573534011841,556.6925803253107,23.59433364868164,24.57208251953125
run_1780535215_47d52d19,1780535812.1737833,1.0,998.0,3.0,23.549909591674805,0.0,19.993648529052734,-100.0,-100.0,0.0,2.6977181434631348,554.598241776057,23.549909591674805,24.57208251953125
run_1780535215_47d52d19,1780535814.1697903,1.0,998.0,3.0,23.549909591674805,0.0,19.993648529052734,-100.0,-100.0,0.0,2.4403839111328125,554.598241776057,23.549909591674805,24.57208251953125
run_1780535215_47d52d19,1780535816.1658008,1.0,998.0,3.0,23.549909591674805,0.0,19.993648529052734,-100.0,-100.0,0.0,2.207597255706787,554.598241776057,23.549909591674805,24.57208251953125
run_1780535215_47d52d19,1780535818.1777894,1.0,998.0,3.0,23.505470275878906,0.0,19.943653106689453,-100.0,-100.0,0.0,2.6569557189941406,552.5071328902268,23.505470275878906,24.57208251953125
run_1780535215_47d52d19,1780535820.1757896,1.0,998.0,3.0,23.505470275878906,0.0,19.943653106689453,-100.0,-100.0,0.0,2.403510093688965,552.5071328902268,23.505470275878906,24.57208251953125
run_1780535215_47d52d19,1780535822.17179,1.0,998.0,3.0,23.46104621887207,0.0,19.8936767578125,-100.0,-100.0,0.0,2.795441150665283,550.4206896840515,23.46104621887207,24.57208251953125
run_1780535215_47d52d19,1780535824.170774,1.0,998.0,3.0,23.416608810424805,0.0,19.843685150146484,-100.0,-100.0,0.0,3.1627588272094727,548.3375681804646,23.416608810424805,24.57208251953125
run_1780535215_47d52d19,1780535826.1677973,1.0,998.0,3.0,23.37218475341797,0.0,19.79370880126953,-100.0,-100.0,0.0,3.5207786560058594,546.2590201479034,23.37218475341797,24.57208251953125
run_1780535215_47d52d19,1780535828.1787856,1.0,998.0,3.0,23.327735900878906,0.0,19.743703842163086,-100.0,-100.0,0.0,3.8190693855285645,544.1832622611546,23.327735900878906,24.57208251953125
run_1780535215_47d52d19,1780535830.175789,1.0,998.0,3.0,23.283300399780273,0.0,19.69371223449707,-100.0,-100.0,0.0,4.11465311050415,542.1120775064082,23.283300399780273,24.57208251953125
run_1780535215_47d52d19,1780535832.1677957,1.0,998.0,3.0,23.283300399780273,0.0,19.69371223449707,-100.0,-100.0,0.0,3.722158908843994,542.1120775064082,23.283300399780273,24.57208251953125
run_1780535215_47d52d19,1780535834.165803,1.0,998.0,3.0,23.194446563720703,0.0,19.593751907348633,-100.0,-100.0,0.0,4.6480817794799805,537.9823513972951,23.194446563720703,24.57208251953125
run_1780535215_47d52d19,1780535836.1787858,1.0,998.0,3.0,23.14999771118164,0.0,19.543746948242188,-100.0,-100.0,0.0,4.838840484619141,535.9223940277152,23.14999771118164,24.57208251953125
run_1780535215_47d52d19,1780535838.175786,1.0,998.0,3.0,23.10558319091797,0.0,19.4937801361084,-100.0,-100.0,0.0,5.036837577819824,533.867974592431,23.10558319091797,24.57208251953125
run_1780535215_47d52d19,1780535840.1727881,1.0,998.0,3.0,23.061176300048828,0.0,19.443824768066406,-100.0,-100.0,0.0,5.189914226531982,531.8178523419338,23.061176300048828,24.57208251953125
run_1780535215_47d52d19,1780535842.1707754,1.0,998.0,3.0,22.97231674194336,0.0,19.343856811523438,-100.0,-100.0,0.0,5.975916862487793,527.7273364921712,22.97231674194336,24.57208251953125
run_1780535215_47d52d19,1780535844.1687906,1.0,998.0,3.0,22.927886962890625,0.0,19.293872833251953,-100.0,-100.0,0.0,6.052577972412109,525.6880005830899,22.927886962890625,24.57208251953125
run_1780535215_47d52d19,1780535846.1757898,1.0,998.0,3.0,22.83904266357422,0.0,19.19392204284668,-100.0,-100.0,0.0,6.794594764709473,521.6218697885633,22.83904266357422,24.57208251953125
run_1780535215_47d52d19,1780535848.1727898,1.0,998.0,3.0,22.83904266357422,0.0,19.19392204284668,-100.0,-100.0,0.0,6.1464619636535645,521.6218697885633,22.83904266357422,24.57208251953125
run_1780535215_47d52d19,1780535850.1787746,1.0,998.0,3.0,22.705760955810547,0.0,19.043981552124023,-100.0,-100.0,0.0,7.500906944274902,515.5515805824107,22.705760955810547,24.57208251953125
run_1780535215_47d52d19,1780535852.1697903,1.0,998.0,3.0,22.705760955810547,0.0,19.043981552124023,-100.0,-100.0,0.0,6.785400390625,515.5515805824107,22.705760955810547,24.57208251953125
run_1780535215_47d52d19,1780535854.1638029,1.0,998.0,3.0,22.61692237854004,0.0,18.94403839111328,-100.0,-100.0,0.0,7.380412578582764,511.5251778769052,22.61692237854004,24.57208251953125
run_1780535215_47d52d19,1780535856.1717894,1.0,998.0,3.0,22.528078079223633,0.0,18.844087600708008,-100.0,-100.0,0.0,7.969579696655273,507.51430194359637,22.528078079223633,24.57208251953125
run_1780535215_47d52d19,1780535858.1677907,1.0,998.0,3.0,22.439247131347656,0.0,18.744152069091797,-100.0,-100.0,0.0,8.49005126953125,503.519811821694,22.439247131347656,24.57208251953125
run_1780535215_47d52d19,1780535860.1647751,1.0,998.0,3.0,22.394840240478516,0.0,18.694194793701172,-100.0,-100.0,0.0,8.326557159423828,501.5288693965558,22.394840240478516,24.57208251953125
run_1780535215_47d52d19,1780535862.1787896,1.0,998.0,3.0,22.261592864990234,0.0,18.54429054260254,-100.0,-100.0,0.0,9.434028625488281,495.5785168865841,22.261592864990234,24.57208251953125
run_1780535215_47d52d19,1780535864.177789,1.0,998.0,3.0,22.217159271240234,0.0,18.49430274963379,-100.0,-100.0,0.0,9.180877685546875,493.6021660836559,22.217159271240234,24.57208251953125
run_1780535215_47d52d19,1780535866.172783,1.0,998.0,3.0,22.083904266357422,0.0,18.344392776489258,-100.0,-100.0,0.0,10.207000732421875,487.69882764563954,22.083904266357422,24.57208251953125
run_1780535215_47d52d19,1780535868.17479,1.0,998.0,3.0,22.03950309753418,0.0,18.29444122314453,-100.0,-100.0,0.0,9.879645347595215,485.7396967862187,22.03950309753418,24.57208251953125
run_1780535215_47d52d19,1780535870.1707897,1.0,998.0,3.0,21.950687408447266,0.0,18.194522857666016,-100.0,-100.0,0.0,10.179180145263672,481.83267770336533,21.950687408447266,24.57208251953125
run_1780535215_47d52d19,1780535872.1677742,1.0,998.0,3.0,21.86184310913086,0.0,18.094573974609375,-100.0,-100.0,0.0,10.463659286499023,477.94018412825244,21.86184310913086,24.57208251953125
run_1780535215_47d52d19,1780535874.1647902,1.0,998.0,3.0,21.77306365966797,0.0,17.99469566345215,-100.0,-100.0,0.0,10.706977844238281,474.0663011279539,21.77306365966797,24.57208251953125
run_1780535215_47d52d19,1780535876.173811,1.0,998.0,3.0,21.684242248535156,0.0,17.894771575927734,-100.0,-100.0,0.0,10.940742492675781,470.206361893157,21.684242248535156,24.57208251953125
run_1780535215_47d52d19,1780535878.168811,1.0,998.0,3.0,21.59540557861328,0.0,17.794830322265625,-100.0,-100.0,0.0,11.139354705810547,466.36154210480163,21.59540557861328,24.57208251953125
run_1780535215_47d52d19,1780535880.1787894,1.0,998.0,3.0,21.46221160888672,0.0,17.644987106323242,-100.0,-100.0,0.0,11.977782249450684,460.62652714463184,21.46221160888672,24.57208251953125
run_1780535215_47d52d19,1780535882.1787822,1.0,998.0,3.0,21.417802810668945,0.0,17.595027923583984,-100.0,-100.0,0.0,11.456216812133789,458.7222772366986,21.417802810668945,24.57208251953125
run_1780535215_47d52d19,1780535884.1657896,1.0,998.0,3.0,21.284587860107422,0.0,17.445159912109375,-100.0,-100.0,0.0,12.22697925567627,453.03368037463224,21.284587860107422,24.57208251953125
run_1780535215_47d52d19,1780535886.1627953,1.0,998.0,3.0,21.195819854736328,0.0,17.345298767089844,-100.0,-100.0,0.0,12.301936149597168,449.26277931443474,21.195819854736328,24.57208251953125
run_1780535215_47d52d19,1780535888.1787896,1.0,998.0,3.0,21.06261444091797,0.0,17.19544219970703,-100.0,-100.0,0.0,13.029603958129883,443.63372708676616,21.06261444091797,24.57208251953125
run_1780535215_47d52d19,1780535890.1717737,1.0,998.0,3.0,20.973798751831055,0.0,17.095523834228516,-100.0,-100.0,0.0,13.028664588928223,439.9002340823099,20.973798751831055,24.57208251953125
run_1780535215_47d52d19,1780535892.172789,1.0,998.0,3.0,20.840633392333984,0.0,16.945711135864258,-100.0,-100.0,0.0,13.686452865600586,434.3320001936663,20.840633392333984,24.57208251953125
run_1780535215_47d52d19,1780535894.1697912,1.0,998.0,3.0,20.751853942871094,0.0,16.845834732055664,-100.0,-100.0,0.0,13.622352600097656,430.63944206625456,20.751853942871094,24.57208251953125
run_1780535215_47d52d19,1780535896.1767786,1.0,998.0,3.0,20.618696212768555,0.0,16.696033477783203,-100.0,-100.0,0.0,14.223376274108887,425.13063351443634,20.618696212768555,24.57208251953125
run_1780535215_47d52d19,1780535898.1747868,1.0,998.0,3.0,20.529909133911133,0.0,16.596147537231445,-100.0,-100.0,0.0,14.133310317993164,421.47716904664776,20.529909133911133,24.57208251953125
run_1780535215_47d52d19,1780535900.1737893,1.0,998.0,3.0,20.396717071533203,0.0,16.446306228637695,-100.0,-100.0,0.0,14.686083793640137,416.026067296174,20.396717071533203,24.57208251953125
run_1780535215_47d52d19,1780535902.1657946,1.0,998.0,3.0,20.307950973510742,0.0,16.346445083618164,-100.0,-100.0,0.0,14.551586151123047,412.4128727425159,20.307950973510742,24.57208251953125
run_1780535215_47d52d19,1780535904.1787887,1.0,998.0,3.0,20.17481231689453,0.0,16.196664810180664,-100.0,-100.0,0.0,15.063720703125,407.0230520219193,20.17481231689453,24.57208251953125
run_1780535215_47d52d19,1780535906.1707745,1.0,998.0,3.0,20.086040496826172,0.0,16.09679412841797,-100.0,-100.0,0.0,14.893272399902344,403.44902284014097,20.086040496826172,24.57208251953125
run_1780535215_47d52d19,1780535908.1639714,1.0,998.0,3.0,19.952898025512695,0.0,15.947010040283203,-100.0,-100.0,0.0,15.372861862182617,398.1181396165084,19.952898025512695,24.57208251953125
run_1780535215_47d52d19,1780535910.1769555,1.0,998.0,3.0,19.864131927490234,0.0,15.847146987915039,-100.0,-100.0,0.0,15.172844886779785,394.5837372327369,19.864131927490234,24.57208251953125
run_1780535215_47d52d19,1780535912.1678312,1.0,998.0,3.0,19.686634063720703,0.0,15.647462844848633,-100.0,-100.0,0.0,16.233686447143555,387.5635607588483,19.686634063720703,24.57208251953125
run_1780535215_47d52d19,1780535914.1778224,1.0,998.0,3.0,19.64223861694336,0.0,15.597518920898438,-100.0,-100.0,0.0,15.318536758422852,385.817537884941,19.64223861694336,24.57208251953125
run_1780535215_47d52d19,1780535916.173831,1.0,998.0,3.0,19.46475601196289,0.0,15.397850036621094,-100.0,-100.0,0.0,16.365262985229492,378.8767266052455,19.46475601196289,24.57208251953125
run_1780535215_47d52d19,1780535918.1658285,1.0,998.0,3.0,19.37600326538086,0.0,15.298004150390625,-100.0,-100.0,0.0,16.070392608642578,375.4295025400497,19.37600326538086,24.57208251953125
run_1780535215_47d52d19,1780535920.1778276,1.0,998.0,3.0,19.198535919189453,0.0,15.098352432250977,-100.0,-100.0,0.0,17.045185089111328,368.5837814404076,19.198535919189453,24.57208251953125
run_1780535215_47d52d19,1780535922.172178,1.0,998.0,3.0,19.10977554321289,0.0,14.998497009277344,-100.0,-100.0,0.0,16.685564041137695,365.18352131197753,19.10977554321289,24.57208251953125
run_1780535215_47d52d19,1780535924.1691906,1.0,998.0,3.0,18.976694107055664,0.0,14.848780632019043,-100.0,-100.0,0.0,17.019479751586914,360.11491923276117,18.976694107055664,24.57208251953125
run_1780535215_47d52d19,1780535926.1681905,1.0,998.0,3.0,18.887969970703125,0.0,14.748967170715332,-100.0,-100.0,0.0,16.66179656982422,356.755409614183,18.887969970703125,24.57208251953125
run_1780535215_47d52d19,1780535928.1641943,1.0,998.0,3.0,18.710519790649414,0.0,14.549334526062012,-100.0,-100.0,0.0,17.606081008911133,350.0835508362834,18.710519790649414,24.57208251953125
run_1780535215_47d52d19,1780535930.1783907,1.0,998.0,3.0,18.621774673461914,0.0,14.449496269226074,-100.0,-100.0,0.0,17.19274139404297,346.7704919891876,18.621774673461914,24.57208251953125
run_1780535215_47d52d19,1780535932.173138,1.0,998.0,3.0,18.444351196289062,0.0,14.249896049499512,-100.0,-100.0,0.0,18.08600616455078,340.19409105204977,18.444351196289062,24.57208251953125
run_1780535215_47d52d19,1780535934.1701534,1.0,998.0,3.0,18.35563087463379,0.0,14.15008544921875,-100.0,-100.0,0.0,17.62653350830078,336.9291848058092,18.35563087463379,24.57208251953125
run_1780535215_47d52d19,1780535936.1651752,1.0,998.0,3.0,18.17819595336914,0.0,13.950470924377441,-100.0,-100.0,0.0,18.47859764099121,330.4468081190862,18.17819595336914,24.57208251953125
run_1780535215_47d52d19,1780535938.1781497,1.0,998.0,3.0,18.133853912353516,0.0,13.900585174560547,-100.0,-100.0,0.0,17.34854507446289,328.8366577145789,18.133853912353516,24.57208251953125
run_1780535215_47d52d19,1780535940.1701536,1.0,998.0,3.0,17.95646095275879,0.0,13.701018333435059,-100.0,-100.0,0.0,18.17576789855957,322.4344899479511,17.95646095275879,24.57208251953125
run_1780535215_47d52d19,1780535942.1681545,1.0,998.0,3.0,17.867769241333008,0.0,13.601240158081055,-100.0,-100.0,0.0,17.707324981689453,319.25717766152593,17.867769241333008,24.57208251953125
run_1780535215_47d52d19,1780535944.1691654,1.0,998.0,3.0,17.690380096435547,0.0,13.401676177978516,-100.0,-100.0,0.0,18.551002502441406,312.94954795636295,17.690380096435547,24.57208251953125
run_1780535215_47d52d19,1780535946.1791482,1.0,998.0,3.0,17.601665496826172,0.0,13.301875114440918,-100.0,-100.0,0.0,18.047088623046875,309.8186282621609,17.601665496826172,24.57208251953125
run_1780535215_47d52d19,1780535948.1741562,1.0,998.0,3.0,17.424320220947266,0.0,13.102361679077148,-100.0,-100.0,0.0,18.882352828979492,303.60693516211177,17.424320220947266,24.57208251953125
run_1780535215_47d52d19,1780535950.1671546,1.0,998.0,3.0,17.335643768310547,0.0,13.00260066986084,-100.0,-100.0,0.0,18.34628677368164,300.5245448617643,17.335643768310547,24.57208251953125
run_1780535215_47d52d19,1780535952.1781378,1.0,998.0,3.0,17.15827178955078,0.0,12.803055763244629,-100.0,-100.0,0.0,19.15338897705078,294.40629080409417,17.15827178955078,24.57208251953125
run_1780535215_47d52d19,1780535954.173142,1.0,998.0,3.0,17.069589614868164,0.0,12.703289031982422,-100.0,-100.0,0.0,18.591554641723633,291.3708896200151,17.069589614868164,24.57208251953125
run_1780535215_47d52d19,1780535956.1691542,1.0,998.0,3.0,16.892263412475586,0.0,12.503795623779297,-100.0,-100.0,0.0,19.374605178833008,285.3485631964613,16.892263412475586,24.57208251953125
run_1780535215_47d52d19,1780535958.1731381,1.0,998.0,3.0,16.803573608398438,0.0,12.404019355773926,-100.0,-100.0,0.0,18.79178237915039,282.3600860128645,16.803573608398438,24.57208251953125
run_1780535215_47d52d19,1780535960.1711662,1.0,998.0,3.0,16.58194351196289,0.0,12.154685974121094,-100.0,-100.0,0.0,20.175249099731445,274.9608506339282,16.58194351196289,24.57208251953125
run_1780535215_47d52d19,1780535962.17915,1.0,998.0,3.0,16.49327850341797,0.0,12.054938316345215,-100.0,-100.0,0.0,19.515689849853516,272.02823579130927,16.49327850341797,24.57208251953125
run_1780535215_47d52d19,1780535964.175144,1.0,998.0,3.0,16.315956115722656,0.0,11.855451583862305,-100.0,-100.0,0.0,20.210525512695312,266.21042397018755,16.315956115722656,24.57208251953125
run_1780535215_47d52d19,1780535966.169142,1.0,998.0,3.0,16.22731590270996,0.0,11.755729675292969,-100.0,-100.0,0.0,19.547250747680664,263.3257814063436,16.22731590270996,24.57208251953125
run_1780535215_47d52d19,1780535968.1661668,1.0,998.0,3.0,16.0500545501709,0.0,11.556310653686523,-100.0,-100.0,0.0,20.238218307495117,257.60425106346156,16.0500545501709,24.57208251953125
run_1780535215_47d52d19,1780535970.1791384,1.0,998.0,3.0,15.91706657409668,0.0,11.406699180603027,-100.0,-100.0,0.0,20.204999923706055,253.3530083242258,15.91706657409668,24.57208251953125
run_1780535215_47d52d19,1780535972.1771433,1.0,998.0,3.0,15.739794731140137,0.0,11.207268714904785,-100.0,-100.0,0.0,20.833356857299805,247.7411381784268,15.739794731140137,24.57208251953125
run_1780535215_47d52d19,1780535974.1721537,1.0,998.0,3.0,15.651168823242188,0.0,11.107565879821777,-100.0,-100.0,0.0,20.136075973510742,244.95908553362824,15.651168823242188,24.57208251953125
run_1780535215_47d52d19,1780535976.1681545,1.0,998.0,3.0,15.473915100097656,0.0,10.908154487609863,-100.0,-100.0,0.0,20.77077293395996,239.44204852503026,15.473915100097656,24.57208251953125
run_1780535215_47d52d19,1780535978.168156,1.0,998.0,3.0,15.385299682617188,0.0,10.80846118927002,-100.0,-100.0,0.0,20.079309463500977,236.70744632394053,15.385299682617188,24.57208251953125
run_1780535215_47d52d19,1780535980.166158,1.0,998.0,3.0,15.208072662353516,0.0,10.609081268310547,-100.0,-100.0,0.0,20.71901512145996,231.28547410342435,15.208072662353516,24.57208251953125
run_1780535215_47d52d19,1780535982.1791477,1.0,998.0,3.0,15.119450569152832,0.0,10.509381294250488,-100.0,-100.0,0.0,20.032590866088867,228.5977855130559,15.119450569152832,24.57208251953125
run_1780535215_47d52d19,1780535984.1631534,1.0,998.0,3.0,14.942239761352539,0.0,10.310020446777344,-100.0,-100.0,0.0,20.676496505737305,223.27052908574478,14.942239761352539,24.57208251953125
run_1780535215_47d52d19,1780535986.1721532,1.0,998.0,3.0,14.853639602661133,0.0,10.210344314575195,-100.0,-100.0,0.0,19.993803024291992,220.63060944574318,14.853639602661133,24.57208251953125
run_1780535215_47d52d19,1780535988.1721418,1.0,998.0,3.0,14.676403999328613,0.0,10.010954856872559,-100.0,-100.0,0.0,20.641773223876953,215.39683435150891,14.676403999328613,24.57208251953125
run_1780535215_47d52d19,1780535990.1701534,1.0,998.0,3.0,14.587810516357422,0.0,9.911287307739258,-100.0,-100.0,0.0,19.96229362487793,212.8042156611482,14.587810516357422,24.57208251953125
run_1780535215_47d52d19,1780535992.1661677,1.0,998.0,3.0,14.366349220275879,0.0,9.662142753601074,-100.0,-100.0,0.0,21.270082473754883,206.39198991892135,14.366349220275879,24.57208251953125
run_1780535215_47d52d19,1780535994.1781511,1.0,998.0,3.0,14.322036743164062,0.0,9.61229133605957,-100.0,-100.0,0.0,19.88613510131836,205.12073647254147,14.322036743164062,24.57208251953125
run_1780535215_47d52d19,1780535996.1771448,1.0,998.0,3.0,14.100564956665039,0.0,9.36313533782959,-100.0,-100.0,0.0,21.162935256958008,198.82593209713013,14.100564956665039,24.57208251953125
run_1780535215_47d52d19,1780535998.1721542,1.0,998.0,3.0,14.011991500854492,0.0,9.263489723205566,-100.0,-100.0,0.0,20.433452606201172,196.33590582001852,14.011991500854492,24.57208251953125
run_1780535215_47d52d19,1780536000.1681392,1.0,998.0,3.0,13.923418045043945,0.0,9.163846015930176,-100.0,-100.0,0.0,19.72287940979004,193.86157005705536,13.923418045043945,24.57208251953125
run_1780535215_47d52d19,1780536002.167154,1.0,998.0,3.0,13.70199203491211,0.0,8.914740562438965,-100.0,-100.0,0.0,20.98923683166504,187.7445857247949,13.70199203491211,24.57208251953125
run_1780535215_47d52d19,1780536004.1681533,1.0,998.0,3.0,13.613385200500488,0.0,8.815058708190918,-100.0,-100.0,0.0,20.22611427307129,185.32425661720572,13.613385200500488,24.57208251953125
run_1780535215_47d52d19,1780536006.1781428,1.0,998.0,3.0,13.436283111572266,0.0,8.61581802368164,-100.0,-100.0,0.0,20.799341201782227,180.53370385432208,13.436283111572266,24.57208251953125
run_1780535215_47d52d19,1780536008.1771433,1.0,998.0,3.0,13.347726821899414,0.0,8.516192436218262,-100.0,-100.0,0.0,20.05362892150879,178.16181131205303,13.347726821899414,24.57208251953125
run_1780535215_47d52d19,1780536010.1741538,1.0,998.0,3.0,13.17058277130127,0.0,8.316905975341797,-100.0,-100.0,0.0,20.643903732299805,173.46425053569783,13.17058277130127,24.57208251953125
run_1780535215_47d52d19,1780536012.1711385,1.0,998.0,3.0,13.037742614746094,0.0,8.167460441589355,-100.0,-100.0,0.0,20.532257080078125,169.9827324883663,13.037742614746094,24.57208251953125
run_1780535215_47d52d19,1780536014.1691551,1.0,998.0,3.0,12.860688209533691,0.0,7.968274116516113,-100.0,-100.0,0.0,21.075613021850586,165.3973012228389,12.860688209533691,24.57208251953125
run_1780535215_47d52d19,1780536016.1751454,1.0,998.0,3.0,12.77212142944336,0.0,7.868636131286621,-100.0,-100.0,0.0,20.303691864013672,163.12708580844628,12.77212142944336,24.57208251953125
run_1780535215_47d52d19,1780536018.1701546,1.0,998.0,3.0,12.595041275024414,0.0,7.669421195983887,-100.0,-100.0,0.0,20.869199752807617,158.63506471956862,12.595041275024414,24.57208251953125
run_1780535215_47d52d19,1780536020.1791532,1.0,998.0,3.0,12.462226867675781,0.0,7.520005702972412,-100.0,-100.0,0.0,20.735702514648438,155.3070985014201,12.462226867675781,24.57208251953125
run_1780535215_47d52d19,1780536022.1791484,1.0,998.0,3.0,12.285179138183594,0.0,7.320826053619385,-100.0,-100.0,0.0,21.259571075439453,150.9256264572614,12.285179138183594,24.57208251953125
run_1780535215_47d52d19,1780536024.175147,1.0,998.0,3.0,12.196659088134766,0.0,7.221240997314453,-100.0,-100.0,0.0,20.46944808959961,148.75849291218037,12.196659088134766,24.57208251953125
run_1780535215_47d52d19,1780536026.1751437,1.0,998.0,3.0,12.019611358642578,0.0,7.022063732147217,-100.0,-100.0,0.0,21.018680572509766,144.47105721280968,12.019611358642578,24.57208251953125
run_1780535215_47d52d19,1780536028.1725507,1.0,998.0,3.0,11.931102752685547,0.0,6.922489643096924,-100.0,-100.0,0.0,20.27644157409668,142.35121289514063,11.931102752685547,24.57208251953125
run_1780535215_47d52d19,1780536030.172875,1.0,998.0,3.0,11.754071235656738,0.0,6.723330497741699,-100.0,-100.0,0.0,20.843843460083008,138.15819061289312,11.754071235656738,24.57208251953125
run_1780535215_47d52d19,1780536032.17049,1.0,998.0,3.0,11.665567398071289,0.0,6.623763084411621,-100.0,-100.0,0.0,20.118215560913086,136.08546271894375,11.665567398071289,24.57208251953125
run_1780535215_47d52d19,1780536034.1685069,1.0,998.0,3.0,11.488567352294922,0.0,6.424638748168945,-100.0,-100.0,0.0,20.700284957885742,131.98717980821675,11.488567352294922,24.57208251953125
run_1780535215_47d52d19,1780536036.1686265,1.0,998.0,3.0,11.400043487548828,0.0,6.325048923492432,-100.0,-100.0,0.0,19.988636016845703,129.96099151800445,11.400043487548828,24.57208251953125
run_1780535215_47d52d19,1780536038.165631,1.0,998.0,3.0,11.223047256469727,0.0,6.125927448272705,-100.0,-100.0,0.0,20.5830078125,125.95678972095266,11.223047256469727,24.57208251953125
run_1780535215_47d52d19,1780536040.1786203,1.0,998.0,3.0,11.134557723999023,0.0,6.0263776779174805,-100.0,-100.0,0.0,19.88205337524414,123.97837570906631,11.134557723999023,24.57208251953125
run_1780535215_47d52d19,1780536042.173984,1.0,998.0,3.0,10.957576751708984,0.0,5.827274322509766,-100.0,-100.0,0.0,20.486391067504883,120.06848826959322,10.957576751708984,24.57208251953125
run_1780535215_47d52d19,1780536044.1689844,1.0,998.0,3.0,10.869097709655762,0.0,5.727734565734863,-100.0,-100.0,0.0,19.794506072998047,118.13728502204413,10.869097709655762,24.57208251953125
run_1780535215_47d52d19,1780536046.1670015,1.0,998.0,3.0,10.64788818359375,0.0,5.4788737297058105,-100.0,-100.0,0.0,21.01336669921875,113.37752277031541,10.64788818359375,24.57208251953125
run_1780535215_47d52d19,1780536048.1681843,1.0,998.0,3.0,10.559417724609375,0.0,5.379344940185547,-100.0,-100.0,0.0,20.271089553833008,111.50130268279463,10.559417724609375,24.57208251953125
run_1780535215_47d52d19,1780536050.1801784,1.0,998.0,3.0,10.382472038269043,0.0,5.180280685424805,-100.0,-100.0,0.0,20.83781623840332,107.79572562543854,10.382472038269043,24.57208251953125
run_1780535215_47d52d19,1780536052.174634,1.0,998.0,3.0,10.2940092086792,0.0,5.0807600021362305,-100.0,-100.0,0.0,20.1121768951416,105.96662558837215,10.2940092086792,24.57208251953125
run_1780535215_47d52d19,1780536054.1756446,1.0,998.0,3.0,10.117063522338867,0.0,4.881697177886963,-100.0,-100.0,0.0,20.720123291015625,102.35497431503973,10.117063522338867,24.57208251953125
run_1780535215_47d52d19,1780536056.1726322,1.0,998.0,3.0,10.028596878051758,0.0,4.782171249389648,-100.0,-100.0,0.0,20.005762100219727,100.57275534246946,10.028596878051758,24.57208251953125
run_1780535215_47d52d19,1780536058.1736372,1.0,998.0,3.0,9.851696014404297,0.0,4.583157539367676,-100.0,-100.0,0.0,20.623233795166016,97.05591436022951,9.851696014404297,24.57208251953125
run_1780535215_47d52d19,1780536060.3746474,19.0,456.0,49.0,9.763250350952148,0.0,4.483656883239746,-34.46673583984375,-51.385528564453125,-0.2035522162914276,17.122339248657227,95.32105741536725,9.763250350952148,24.57208251953125
run_1780535215_47d52d19,1780536062.1676478,19.0,456.0,49.0,9.586321830749512,0.0,4.28461217880249,-33.220298767089844,-50.454322814941406,-0.4266809821128845,17.660703659057617,91.89756624270467,9.586321830749512,24.57208251953125
run_1780535215_47d52d19,1780536064.1796355,19.0,456.0,49.0,9.497883796691895,0.0,4.185119152069092,-33.57502365112305,-49.988861083984375,-0.6468487977981567,17.06068992614746,90.20979661546244,9.497883796691895,24.57208251953125
run_1780535215_47d52d19,1780536066.1736348,19.0,456.0,49.0,9.32103157043457,0.0,3.9861607551574707,-32.31793212890625,-49.05806350708008,-0.8638527393341064,17.603984832763672,86.88162953703795,9.32103157043457,24.57208251953125
run_1780535215_47d52d19,1780536068.1686568,19.0,456.0,49.0,9.232601165771484,0.0,3.8866770267486572,-32.66124725341797,-48.5926399230957,-1.077897071838379,17.009288787841797,85.24092428620497,9.232601165771484,24.57208251953125
run_1780535215_47d52d19,1780536070.1656601,19.0,456.0,49.0,9.055721282958984,0.0,3.68768572807312,-31.39264678955078,-47.66169357299805,-1.288777232170105,17.557823181152344,82.00608795463631,9.055721282958984,24.57208251953125
run_1780535215_47d52d19,1780536072.1776354,19.0,456.0,49.0,8.96729850769043,0.0,3.588210344314575,-31.725566864013672,-47.19630813598633,-1.496697187423706,16.967435836791992,80.41244252602701,8.96729850769043,24.57208251953125
run_1780535215_47d52d19,1780536074.1726363,19.0,456.0,49.0,8.790448188781738,0.0,3.389254093170166,-30.447364807128906,-46.2655143737793,-1.7014542818069458,17.519603729248047,77.27197935965614,8.790448188781738,24.57208251953125
run_1780535215_47d52d19,1780536076.1706352,19.0,456.0,49.0,8.702033996582031,0.0,3.289788246154785,-30.770673751831055,-45.80017852783203,-1.9032517671585083,16.932756423950195,75.72539567766944,8.702033996582031,24.57208251953125
run_1780535215_47d52d19,1780536078.16665,19.0,456.0,49.0,8.525186538696289,0.0,3.090834617614746,-29.483074188232422,-44.86940383911133,-2.1018850803375244,17.488216400146484,72.67880551956841,8.525186538696289,24.57208251953125
run_1780535215_47d52d19,1780536080.1796422,19.0,456.0,49.0,8.436765670776367,0.0,2.991361379623413,-29.79714584350586,-44.404029846191406,-2.297558069229126,16.904443740844727,71.1790149835906,8.436765670776367,24.57208251953125
run_1780535215_47d52d19,1780536082.1786473,19.0,456.0,49.0,8.304170608520508,0.0,2.842191696166992,-29.245662689208984,-43.70616149902344,-2.4912407398223877,16.951738357543945,68.95924949541586,8.304170608520508,24.57208251953125
run_1780535215_47d52d19,1780536084.173633,19.0,456.0,49.0,8.215742111206055,0.0,2.7427096366882324,-29.503318786621094,-43.240745544433594,-2.681810140609741,16.41923713684082,67.49841843784452,8.215742111206055,24.57208251953125
run_1780535215_47d52d19,1780536086.1686487,19.0,456.0,49.0,8.038980484008789,0.0,2.543853282928467,-28.1363525390625,-42.310420989990234,-2.869626522064209,17.043697357177734,64.62520722227418,8.038980484008789,24.57208251953125
run_1780535215_47d52d19,1780536088.1676593,19.0,456.0,49.0,7.994763374328613,0.0,2.4941089153289795,-29.17214012145996,-42.077701568603516,-3.0546367168426514,15.960200309753418,63.916241411506235,7.994763374328613,24.57208251953125
run_1780535215_47d52d19,1780536090.178642,19.0,456.0,49.0,7.817986488342285,0.0,2.2952349185943604,-27.756006240844727,-41.14729690551758,-3.2373502254486084,16.628643035888672,61.120912731902536,7.817986488342285,24.57208251953125
run_1780535215_47d52d19,1780536092.1756406,19.0,456.0,49.0,7.729557991027832,0.0,2.195753335952759,-27.971622467041016,-40.681884765625,-3.4166953563690186,16.126956939697266,59.746066736662215,7.729557991027832,24.57208251953125
run_1780535215_47d52d19,1780536094.1726327,19.0,456.0,49.0,7.597007751464844,0.0,2.04663348197937,-27.33045768737793,-39.9842529296875,-3.594055652618408,16.24785041809082,57.71452677581692,7.597007751464844,24.57208251953125
run_1780535215_47d52d19,1780536096.1746364,19.0,456.0,49.0,7.5086164474487305,0.0,1.9471931457519531,-27.50530242919922,-39.5190315246582,-3.7683048248291016,15.782033920288086,56.379320954897594,7.5086164474487305,24.57208251953125
run_1780535215_47d52d19,1780536098.1696348,19.0,456.0,49.0,7.376034259796143,0.0,1.798038363456726,-26.85788917541504,-38.821231842041016,-3.939950942993164,15.903292655944824,54.40588140168643,7.376034259796143,24.57208251953125
run_1780535215_47d52d19,1780536100.1666622,19.0,456.0,49.0,7.287662506103516,0.0,1.6986202001571655,-26.99510955810547,-38.35612106323242,-4.109096050262451,15.470105171203613,53.110024802866974,7.287662506103516,24.57208251953125
run_1780535215_47d52d19,1780536102.1656606,19.0,456.0,49.0,7.110928535461426,0.0,1.4997944831848145,-25.516658782958984,-37.425941467285156,-4.275486469268799,16.184768676757812,50.56530463643958,7.110928535461426,24.57208251953125
run_1780535215_47d52d19,1780536104.1796443,19.0,456.0,49.0,7.066725254058838,0.0,1.4500659704208374,-26.4493350982666,-37.19329071044922,-4.4390764236450195,15.183035850524902,49.93860581635295,7.066725254058838,24.57208251953125
run_1780535215_47d52d19,1780536106.1766367,19.0,456.0,49.0,6.89003324508667,0.0,1.251287579536438,-24.939151763916016,-36.26333236694336,-4.600369453430176,15.924551010131836,47.47255811839955,6.89003324508667,24.57208251953125
run_1780535215_47d52d19,1780536108.1716354,19.0,456.0,49.0,6.801617622375488,0.0,1.1518203020095825,-25.044858932495117,-35.7979850769043,-4.758702754974365,15.511833190917969,46.26200228100879,6.801617622375488,24.57208251953125
run_1780535215_47d52d19,1780536110.1696477,19.0,456.0,49.0,6.66909646987915,0.0,1.0027337074279785,-24.32411766052246,-35.10050964355469,-4.914642333984375,15.691031455993652,44.476847724554545,6.66909646987915,24.57208251953125
run_1780535215_47d52d19,1780536112.1656723,19.0,456.0,49.0,6.5807342529296875,0.0,0.9033257961273193,-24.403400421142578,-34.635440826416016,-5.0678791999816895,15.299921035766602,43.30606330768205,6.5807342529296875,24.57208251953125
run_1780535215_47d52d19,1780536114.1776369,19.0,456.0,49.0,6.448222637176514,0.0,0.7542498707771301,-23.68983268737793,-33.93801498413086,-5.218104839324951,15.466287612915039,41.57957517859563,6.448222637176514,24.57208251953125
run_1780535215_47d52d19,1780536116.1726406,19.0,456.0,49.0,6.35984992980957,0.0,0.654830813407898,-23.742389678955078,-33.472896575927734,-5.366240978240967,15.096748352050781,40.447691129698796,6.35984992980957,24.57208251953125
run_1780535215_47d52d19,1780536118.1696439,19.0,456.0,49.0,6.227333068847656,0.0,0.5057496428489685,-23.004241943359375,-32.77543640136719,-5.5113701820373535,15.282565116882324,38.77967715036357,6.227333068847656,24.57208251953125
run_1780535215_47d52d19,1780536120.1656647,19.0,456.0,49.0,6.139011383056641,0.0,0.4063880443572998,-23.03508186340332,-32.31058883666992,-5.654407501220703,14.929911613464355,37.68746076129901,6.139011383056641,24.57208251953125
run_1780535215_47d52d19,1780536122.1766472,19.0,456.0,49.0,6.006490707397461,0.0,0.257302463054657,-22.243555068969727,-31.613107681274414,-5.795051097869873,15.164606094360352,36.07793061805205,6.006490707397461,24.57208251953125
run_1780535215_47d52d19,1780536124.1746407,19.0,456.0,49.0,5.918161392211914,0.0,0.15793158113956451,-22.25791358947754,-31.14822006225586,-5.932991981506348,14.823298454284668,35.02463426426766,5.918161392211914,24.57208251953125
run_1780535215_47d52d19,1780536126.1716323,19.0,456.0,49.0,5.785650253295898,0.0,0.00885683298110962,-21.451278686523438,-30.450790405273438,-6.068535327911377,15.068045616149902,33.473748853462894,5.785650253295898,24.57208251953125
run_1780535215_47d52d19,1780536128.1686478,19.0,456.0,49.0,5.697328090667725,0.0,-0.09050619602203369,-21.451457977294922,-29.985937118530273,-6.201379776000977,14.735859870910645,32.45954737271154,5.697328090667725,24.57208251953125
run_1780535215_47d52d19,1780536130.1806471,19.0,456.0,49.0,5.5648417472839355,0.0,-0.23955287039279938,-20.63184356689453,-29.28864097595215,-6.3318305015563965,14.988628387451172,30.967463672314125,5.5648417472839355,24.57208251953125
run_1780535215_47d52d19,1780536132.1776435,19.0,456.0,49.0,5.520689487457275,0.0,-0.2892242670059204,-21.404855728149414,-29.056259155273438,-6.459933280944824,14.111336708068848,30.478012416921274,5.520689487457275,24.57208251953125
run_1780535215_47d52d19,1780536134.1766372,19.0,456.0,49.0,5.432346343994141,0.0,-0.3886098265647888,-21.349910736083984,-28.59129524230957,-6.585837364196777,13.82722282409668,29.510386801106506,5.432346343994141,24.57208251953125
run_1780535215_47d52d19,1780536136.1766365,19.0,456.0,49.0,5.299887657165527,0.0,-0.5376265048980713,-20.501930236816406,-27.894145965576172,-6.708945274353027,14.101160049438477,28.088809178575502,5.299887657165527,24.57208251953125
run_1780535215_47d52d19,1780536138.1726406,19.0,456.0,49.0,5.211578845977783,0.0,-0.6369737386703491,-20.441511154174805,-27.429363250732422,-6.8297529220581055,13.817605018615723,27.160554067843123,5.211578845977783,24.57208251953125
run_1780535215_47d52d19,1780536140.1686497,19.0,456.0,49.0,5.079100131988525,0.0,-0.7860120534896851,-19.555509567260742,-26.732105255126953,-6.948372840881348,14.124968528747559,25.797258150765856,5.079100131988525,24.57208251953125
run_1780535215_47d52d19,1780536142.1756325,19.0,456.0,49.0,5.03494119644165,0.0,-0.8356907963752747,-20.256120681762695,-26.499691009521484,-7.064855098724365,13.308424949645996,25.350632851625278,5.03494119644165,24.57208251953125
run_1780535215_47d52d19,1780536144.1778958,19.0,456.0,49.0,4.902484893798828,0.0,-0.9847038984298706,-19.349515914916992,-25.802553176879883,-7.178790092468262,13.631826400756836,24.034358133925707,4.902484893798828,24.57208251953125
run_1780535215_47d52d19,1780536146.1739016,19.0,456.0,49.0,4.858329772949219,0.0,-1.0343787670135498,-19.999073028564453,-25.570158004760742,-7.29119348526001,12.862278938293457,23.603368182724807,4.858329772949219,24.57208251953125
run_1780535215_47d52d19,1780536148.1728902,19.0,456.0,49.0,4.725896835327148,0.0,-1.183365821838379,-19.04623794555664,-24.87314224243164,-7.401045322418213,13.227948188781738,22.334100898155157,4.725896835327148,24.57208251953125
run_1780535215_47d52d19,1780536150.1689012,19.0,456.0,49.0,4.637606143951416,0.0,-1.2826933860778809,-18.88958740234375,-24.4084529876709,-7.50860595703125,13.027472496032715,21.507390746415922,4.637606143951416,24.57208251953125
run_1780535215_47d52d19,1780536152.1692064,19.0,456.0,49.0,4.54927396774292,0.0,-1.3820666074752808,-18.700069427490234,-23.94354820251465,-7.614333152770996,12.857812881469727,20.69589363358341,4.54927396774292,24.57208251953125
run_1780535215_47d52d19,1780536154.1671107,19.0,456.0,49.0,4.461002826690674,0.0,-1.4813719987869263,-18.504377365112305,-23.478961944580078,-7.7178215980529785,12.692408561706543,19.900546219742182,4.461002826690674,24.57208251953125
run_1780535215_47d52d19,1780536156.180159,19.0,456.0,49.0,4.328573226928711,0.0,-1.6303555965423584,-17.494592666625977,-22.781965255737305,-7.819117546081543,13.106491088867188,18.736546180884034,4.328573226928711,24.57208251953125
run_1780535215_47d52d19,1780536158.179244,19.0,456.0,49.0,4.284426689147949,0.0,-1.6800205707550049,-18.08094024658203,-22.54961395263672,-7.918273448944092,12.38694953918457,18.356312054683258,4.284426689147949,24.57208251953125
run_1780535215_47d52d19,1780536160.1772442,19.0,456.0,49.0,4.152003765106201,0.0,-1.828996181488037,-17.03805160522461,-21.852651596069336,-8.015495300292969,12.830095291137695,17.23913526545607,4.152003765106201,24.57208251953125
run_1780535215_47d52d19,1780536162.176245,19.0,456.0,49.0,4.107860088348389,0.0,-1.8786572217941284,-17.583473205566406,-21.620317459106445,-8.110782623291016,12.147627830505371,16.87451450544563,4.107860088348389,24.57208251953125
run_1780535215_47d52d19,1780536164.1729887,19.0,456.0,49.0,3.975431442260742,0.0,-2.027639389038086,-16.513574600219727,-20.923324584960938,-8.203927040100098,12.613677978515625,15.804055152115325,3.975431442260742,24.57208251953125
run_1780535215_47d52d19,1780536166.1699998,19.0,456.0,49.0,3.931304693222046,0.0,-2.077282190322876,-17.034563064575195,-20.691078186035156,-8.295138359069824,11.951652526855469,15.455156590949684,3.931304693222046,24.57208251953125
run_1780535215_47d52d19,1780536168.1680017,19.0,456.0,49.0,3.79891300201416,0.0,-2.2262229919433594,-15.94255542755127,-19.994279861450195,-8.384208679199219,12.435935020446777,14.431739996872238,3.79891300201416,24.57208251953125
run_1780535215_47d52d19,1780536170.1809952,19.0,456.0,49.0,3.7547738552093506,0.0,-2.275879144668579,-16.44230079650879,-19.761966705322266,-8.471344947814941,11.79101276397705,14.09832670376369,3.7547738552093506,24.57208251953125
run_1780535215_47d52d19,1780536172.178991,19.0,456.0,49.0,3.622361421585083,0.0,-2.4248435497283936,-15.362164497375488,-19.065059661865234,-8.555730819702148,12.258628845214844,13.121502268587903,3.622361421585083,24.57208251953125
run_1780535215_47d52d19,1780536174.1749923,19.0,456.0,49.0,3.5782253742218018,0.0,-2.474496603012085,-15.840970993041992,-18.832765579223633,-8.63879108428955,11.630586624145508,12.803696828724753,3.5782253742218018,24.57208251953125
run_1780535215_47d52d19,1780536176.1729984,19.0,456.0,49.0,3.445863723754883,0.0,-2.623403549194336,-14.742323875427246,-18.136123657226562,-8.719094276428223,12.112895011901855,11.873976802689867,3.445863723754883,24.57208251953125
run_1780535215_47d52d19,1780536178.172001,19.0,456.0,49.0,3.357583522796631,0.0,-2.7227182388305664,-14.42885971069336,-17.671493530273438,-8.797513961791992,12.040146827697754,11.273367112555434,3.357583522796631,24.57208251953125
run_1780535215_47d52d19,1780536180.1809914,19.0,456.0,49.0,3.2693350315093994,0.0,-2.821998357772827,-14.117082595825195,-17.207027435302734,-8.873697280883789,11.963642120361328,10.688551548254566,3.2693350315093994,24.57208251953125
run_1780535215_47d52d19,1780536182.1789887,19.0,456.0,49.0,3.225202798843384,0.0,-2.8716466426849365,-14.559669494628906,-16.97475242614746,-8.948606491088867,11.363689422607422,10.401933093667196,3.225202798843384,24.57208251953125
run_1780535215_47d52d19,1780536184.171987,19.0,456.0,49.0,3.0928285121917725,0.0,-3.0205681324005127,-13.42721176147461,-16.278045654296875,-9.020767211914062,11.871602058410645,9.565588205826373,3.0928285121917725,24.57208251953125
run_1780535215_47d52d19,1780536186.1690094,19.0,456.0,49.0,3.048701286315918,0.0,-3.070211410522461,-13.857033729553223,-16.04579734802246,-9.091601371765137,11.280364990234375,9.294579533184333,3.048701286315918,24.57208251953125
run_1780535215_47d52d19,1780536188.1799943,19.0,456.0,49.0,2.916349172592163,0.0,-3.219106912612915,-12.701955795288086,-15.34920597076416,-9.15988826751709,11.807138442993164,8.505092496478994,2.916349172592163,24.57208251953125
run_1780535215_47d52d19,1780536190.368002,7.0,79.0,47.0,2.8722095489501953,0.0,-3.2687644958496094,-21.92167091369629,-41.03156661987305,-10.10710334777832,29.216999053955078,8.249587693080684,2.8722095489501953,24.57208251953125
run_1780535215_47d52d19,1780536192.1759937,7.0,79.0,47.0,2.7398366928100586,0.0,-3.4176836013793945,-19.650156021118164,-39.140525817871094,-11.11316204071045,30.603534698486328,7.506705103268359,2.7398366928100586,24.57208251953125
run_1780535215_47d52d19,1780536194.1739922,7.0,79.0,47.0,2.6957290172576904,0.0,-3.4673049449920654,-21.513057708740234,-38.510414123535156,-12.095290184020996,29.0926456451416,7.266954934485113,2.6957290172576904,24.57208251953125
run_1780535215_47d52d19,1780536196.1670146,7.0,79.0,47.0,2.5633790493011475,0.0,-3.616198778152466,-19.166868209838867,-36.61970138549805,-13.037529945373535,30.4903621673584,6.570912150396055,2.5633790493011475,24.57208251953125
run_1780535215_47d52d19,1780536198.1680038,7.0,79.0,47.0,2.519273042678833,0.0,-3.665817975997925,-20.95523452758789,-35.98961639404297,-13.95583438873291,28.990215301513672,6.346736663568265,2.519273042678833,24.57208251953125
run_1780535215_47d52d19,1780536200.1789923,7.0,79.0,47.0,2.386930227279663,0.0,-3.8147032260894775,-18.435564041137695,-34.099002838134766,-14.847016334533691,30.510456085205078,5.697435909901344,2.386930227279663,24.57208251953125
run_1780535215_47d52d19,1780536202.1749852,7.0,79.0,47.0,2.3428285121917725,0.0,-3.8643181324005127,-20.162227630615234,-33.46897888183594,-15.70150089263916,29.008255004882812,5.488845437538714,2.3428285121917725,24.57208251953125
run_1780535215_47d52d19,1780536204.1700125,7.0,79.0,47.0,2.2104506492614746,0.0,-4.013243198394775,-17.578855514526367,-31.57786750793457,-16.528852462768555,30.527862548828125,4.886092072820475,2.2104506492614746,24.57208251953125
run_1780535215_47d52d19,1780536206.1670141,7.0,79.0,47.0,2.166349411010742,0.0,-4.062856674194336,-19.243398666381836,-30.94784927368164,-17.319530487060547,29.02398109436035,4.69306977058659,2.166349411010742,24.57208251953125
run_1780535215_47d52d19,1780536208.1789887,7.0,79.0,47.0,2.0781373977661133,0.0,-4.162095546722412,-18.69884490966797,-29.687679290771484,-18.085466384887695,29.074302673339844,4.318655043994113,2.0781373977661133,24.57208251953125
run_1780535215_47d52d19,1780536210.1759868,7.0,79.0,47.0,2.0340394973754883,0.0,-4.211705684661865,-20.177013397216797,-29.057708740234375,-18.82828140258789,27.70897674560547,4.137316676883529,2.0340394973754883,24.57208251953125
run_1780535215_47d52d19,1780536212.1670198,7.0,79.0,47.0,1.901719093322754,0.0,-4.360566139221191,-17.460880279541016,-27.167415618896484,-19.531208038330078,29.237743377685547,3.616535509908317,1.901719093322754,24.57208251953125
run_1780535215_47d52d19,1780536214.1810002,7.0,79.0,47.0,1.8575944900512695,0.0,-4.410206317901611,-18.88961410522461,-26.537067413330078,-20.210216522216797,27.857669830322266,3.450657289468836,1.8575944900512695,24.57208251953125
run_1780535215_47d52d19,1780536216.1779938,7.0,79.0,47.0,1.7252821922302246,0.0,-4.559057712554932,-15.999802589416504,-24.64689064025879,-20.865304946899414,29.51239013671875,2.9765986428267297,1.7252821922302246,24.57208251953125
run_1780535215_47d52d19,1780536218.172991,7.0,79.0,47.0,1.6811747550964355,0.0,-4.608678340911865,-17.391712188720703,-24.016782760620117,-21.480506896972656,28.10557746887207,2.82634855717356,1.6811747550964355,24.57208251953125
run_1780535215_47d52d19,1780536220.170991,7.0,79.0,47.0,1.5929765701293945,0.0,-4.707901477813721,-16.560564041137695,-22.75680923461914,-22.07417869567871,28.27042579650879,2.53757435298121,1.5929765701293945,24.57208251953125
run_1780535215_47d52d19,1780536222.169001,7.0,79.0,47.0,1.5488848686218262,0.0,-4.757504463195801,-17.786867141723633,-22.126928329467773,-22.64151954650879,26.98158073425293,2.3990443362456517,1.5488848686218262,24.57208251953125
run_1780535215_47d52d19,1780536224.1660137,7.0,79.0,47.0,1.4165730476379395,0.0,-4.906355381011963,-14.777848243713379,-20.236759185791016,-23.17537498474121,28.63428497314453,2.00667919929424,1.4165730476379395,24.57208251953125
run_1780535215_47d52d19,1780536226.1810012,7.0,79.0,47.0,1.3724846839904785,0.0,-4.9559550285339355,-15.975242614746094,-19.60692596435547,-23.678937911987305,27.31062126159668,1.8837142077884437,1.3724846839904785,24.57208251953125
run_1780535215_47d52d19,1780536228.1759942,7.0,79.0,47.0,1.2842812538146973,0.0,-5.055183410644531,-14.95634937286377,-18.34687614440918,-24.160953521728516,27.551477432250977,1.6493783388998509,1.2842812538146973,24.57208251953125
run_1780535215_47d52d19,1780536230.1729975,7.0,79.0,47.0,1.240194320678711,0.0,-5.104781150817871,-16.002655029296875,-17.71706199645996,-24.616653442382812,26.3310604095459,1.5380819530437293,1.240194320678711,24.57208251953125
run_1780535215_47d52d19,1780536232.170013,7.0,79.0,47.0,1.1519956588745117,0.0,-5.204005241394043,-14.842698097229004,-16.457080841064453,-25.050827026367188,26.665210723876953,1.3270939980657204,1.1519956588745117,24.57208251953125
run_1780535215_47d52d19,1780536234.1690009,7.0,79.0,47.0,1.1078968048095703,0.0,-5.2536163330078125,-15.756061553955078,-15.827098846435547,-25.45867919921875,25.529714584350586,1.2274353301072551,1.1078968048095703,24.57208251953125
run_1780535215_47d52d19,1780536236.1809926,7.0,79.0,47.0,0.9756040573120117,0.0,-5.4024457931518555,-12.449932098388672,-13.937202453613281,-25.833038330078125,27.3203067779541,0.951803276643659,0.9756040573120117,24.57208251953125
run_1780535215_47d52d19,1780536238.1769865,7.0,79.0,47.0,0.9315223693847656,0.0,-5.452037334442139,-13.362807273864746,-13.307462692260742,-26.17711067199707,26.12176513671875,0.8677339246642077,0.9315223693847656,24.57208251953125
run_1780535215_47d52d19,1780536240.1709907,7.0,79.0,47.0,0.8433465957641602,0.0,-5.551235198974609,-12.072321891784668,-12.047809600830078,-26.499664306640625,26.47515296936035,0.7112334805869978,0.8433465957641602,24.57208251953125
run_1780535215_47d52d19,1780536242.169016,7.0,79.0,47.0,0.7992668151855469,0.0,-5.60082483291626,-12.831515312194824,-11.418098449707031,-26.799091339111328,25.38567543029785,0.6388274418568471,0.7992668151855469,24.57208251953125
run_1780535215_47d52d19,1780536244.17999,7.0,79.0,47.0,0.6670031547546387,0.0,-5.749621391296387,-9.325445175170898,-9.528616905212402,-27.0714111328125,27.274581909179688,0.44489320845264047,0.6670031547546387,24.57208251953125
run_1780535215_47d52d19,1780536246.1769938,7.0,79.0,47.0,0.6229124069213867,0.0,-5.79922342300415,-10.096597671508789,-8.898749351501465,-27.30706024169922,26.10921287536621,0.3880198666965953,0.6229124069213867,24.57208251953125
run_1780535215_47d52d19,1780536248.1749923,7.0,79.0,47.0,0.5347304344177246,0.0,-5.898428440093994,-8.693024635314941,-7.639006614685059,-27.51799774169922,26.463979721069336,0.2859366374925685,0.5347304344177246,24.57208251953125
run_1780535215_47d52d19,1780536250.1720018,7.0,79.0,47.0,0.44655275344848633,0.0,-5.997628211975098,-7.2674455642700195,-6.379325866699219,-27.700254440307617,26.812135696411133,0.19940936161242462,0.44655275344848633,24.57208251953125
run_1780535215_47d52d19,1780536252.1709914,7.0,79.0,47.0,0.35839080810546875,0.0,-6.096810340881348,-5.8680830001831055,-5.119868755340576,-27.847415924072266,27.099201202392578,0.12844397133449093,0.35839080810546875,24.57208251953125
run_1780535215_47d52d19,1780536254.1699893,7.0,79.0,47.0,0.3143186569213867,0.0,-6.14639139175415,-6.511777877807617,-4.490266799926758,-27.971464157104492,25.949954986572266,0.09879621808886441,0.3143186569213867,24.57208251953125
run_1780535215_47d52d19,1780536256.1689932,7.0,79.0,47.0,0.22616147994995117,0.0,-6.24556827545166,-4.9825758934021,-3.2308783531188965,-28.070798873901367,26.319101333618164,0.051149015013152166,0.22616147994995117,24.57208251953125
run_1780535215_47d52d19,1780536258.166014,7.0,79.0,47.0,0.18207740783691406,0.0,-6.295163154602051,-5.503458023071289,-2.6011059284210205,-28.14700698852539,25.244653701782227,0.033152182444609934,0.18207740783691406,24.57208251953125
run_1780535215_47d52d19,1780536260.1779938,7.0,79.0,47.0,0.09392404556274414,0.0,-6.3943352699279785,-3.859314441680908,-1.341772198677063,-28.198501586914062,25.680959701538086,0.008821726334872437,0.09392404556274414,24.57208251953125
run_1780535215_47d52d19,1780536262.1709862,7.0,79.0,47.0,0.09392404556274414,0.0,-6.3943352699279785,-6.34298038482666,-1.341772198677063,-28.23247528076172,23.23126792907715,0.008821726334872437,0.09392404556274414,24.57208251953125
run_1780535215_47d52d19,1780536264.1701798,7.0,79.0,47.0,0.005744457244873047,0.0,-6.493537425994873,-4.4736714363098145,-0.08206368237733841,-28.25208282470703,23.860475540161133,3.2998789038174436e-05,0.005744457244873047,24.57208251953125
run_1780535215_47d52d19,1780536266.1701841,7.0,79.0,47.0,-0.038336753845214844,0.0,-6.543128967285156,-4.670730113983154,0.547667920589447,-28.23885726928711,23.020458221435547,0.001469706695388595,0.038336753845214844,24.57208251953125
run_1780535215_47d52d19,1780536268.166183,7.0,79.0,47.0,-0.08241701126098633,0.0,-6.592719078063965,-4.779815673828125,1.177385926246643,-28.161296844482422,22.2040958404541,0.006792563745193547,0.08241701126098633,24.57208251953125
run_1780535215_47d52d19,1780536270.1755185,7.0,79.0,47.0,-0.170562744140625,0.0,-6.691883087158203,-2.6991844177246094,2.436610698699951,-28.00954818725586,22.87375259399414,0.029091649688780308,0.170562744140625,24.57208251953125
run_1780535215_47d52d19,1780536272.1746545,7.0,79.0,47.0,-0.21464109420776367,0.0,-6.741471290588379,-2.650770664215088,3.0663015842437744,-27.788400650024414,22.07132911682129,0.04607079932270608,0.21464109420776367,24.57208251953125
run_1780535215_47d52d19,1780536274.1696699,7.0,79.0,47.0,-0.3027677536010742,0.0,-6.84061336517334,-0.4147440195083618,4.325253963470459,-27.493064880371094,22.753067016601562,0.09166831262064079,0.3027677536010742,24.57208251953125
run_1780535215_47d52d19,1780536276.1681914,7.0,79.0,47.0,-0.3468303680419922,0.0,-6.89018440246582,-0.21194517612457275,4.9547200202941895,-27.12833023071289,21.961666107177734,0.12029130419614376,0.3468303680419922,24.57208251953125
run_1780535215_47d52d19,1780536278.1784997,7.0,79.0,47.0,-0.4349956512451172,0.0,-6.989370346069336,2.1798596382141113,6.214223861694336,-26.689407348632812,22.65504264831543,0.18922121660216362,0.4349956512451172,24.57208251953125
run_1780535215_47d52d19,1780536280.1714993,7.0,79.0,47.0,-0.47905588150024414,0.0,-7.038938045501709,2.5354862213134766,6.843655586242676,-26.18108367919922,21.872913360595703,0.22949453759997596,0.47905588150024414,24.57208251953125
run_1780535215_47d52d19,1780536282.1810052,7.0,79.0,47.0,-0.5231304168701172,0.0,-7.088521957397461,2.9964253902435303,7.473292350769043,-25.615325927734375,21.138458251953125,0.2736654330547026,0.5231304168701172,24.57208251953125
run_1780535215_47d52d19,1780536284.1760066,7.0,79.0,47.0,-0.567204475402832,0.0,-7.1381049156188965,3.5930707454681396,8.102921485900879,-25.011276245117188,20.501426696777344,0.3217209169170019,0.567204475402832,24.57208251953125
run_1780535215_47d52d19,1780536286.174639,7.0,79.0,47.0,-0.6112766265869141,0.0,-7.187685966491699,4.335556983947754,8.732523918151855,-24.37849998474121,19.981534957885742,0.37365911421147757,0.6112766265869141,24.57208251953125
run_1780535215_47d52d19,1780536288.1706464,7.0,79.0,47.0,-0.6112766265869141,0.0,-7.187685966491699,3.0934362411499023,8.732523918151855,-23.7145938873291,18.07550811767578,0.37365911421147757,0.6112766265869141,24.57208251953125
run_1780535215_47d52d19,1780536290.1788762,7.0,79.0,47.0,-0.6994061470031738,0.0,-7.286831855773926,6.14149284362793,9.991517066955566,-22.98847770690918,19.138452529907227,0.4891689584658252,0.6994061470031738,24.57208251953125
run_1780535215_47d52d19,1780536292.172873,7.0,79.0,47.0,-0.6994061470031738,0.0,-7.286831855773926,5.075492858886719,9.991517066955566,-22.2288761138916,17.312850952148438,0.4891689584658252,0.6994061470031738,24.57208251953125
run_1780535215_47d52d19,1780536294.1689,7.0,79.0,47.0,-0.7875461578369141,0.0,-7.385989189147949,8.292499542236328,11.250659942626953,-21.407052993774414,18.44889259338379,0.6202289507236856,0.7875461578369141,24.57208251953125
run_1780535215_47d52d19,1780536296.1798809,7.0,79.0,47.0,-0.7875461578369141,0.0,-7.385989189147949,7.387992858886719,11.250659942626953,-20.551725387573242,16.689058303833008,0.6202289507236856,0.7875461578369141,24.57208251953125
run_1780535215_47d52d19,1780536298.1798873,7.0,79.0,47.0,-0.8316159248352051,0.0,-7.435567855834961,8.678240776062012,11.880228042602539,-19.650930404663086,16.448944091796875,0.6915850464395135,0.8316159248352051,24.57208251953125
run_1780535215_47d52d19,1780536300.1738765,7.0,79.0,47.0,-0.8756842613220215,0.0,-7.485145092010498,10.075349807739258,12.509775161743164,-18.721416473388672,16.286991119384766,0.7668229255270944,0.8756842613220215,24.57208251953125
run_1780535215_47d52d19,1780536302.1698875,7.0,79.0,47.0,-0.9197392463684082,0.0,-7.5347065925598145,11.554076194763184,13.13913345336914,-17.753612518310547,16.168556213378906,0.8459202813103275,0.9197392463684082,24.57208251953125
run_1780535215_47d52d19,1780536304.1808872,7.0,79.0,47.0,-0.9197392463684082,0.0,-7.5347065925598145,11.010679244995117,13.13913345336914,-16.75469970703125,14.626245498657227,0.8459202813103275,0.9197392463684082,24.57208251953125
run_1780535215_47d52d19,1780536306.178883,7.0,79.0,47.0,-0.9637908935546875,0.0,-7.584264755249023,12.640443801879883,13.768442153930664,-15.710343360900879,14.582345008850098,0.928892886498943,0.9637908935546875,24.57208251953125
run_1780535215_47d52d19,1780536308.1758795,7.0,79.0,47.0,-1.0078577995300293,0.0,-7.633840084075928,14.359097480773926,14.397970199584961,-14.637271881103516,14.59839916229248,1.0157773440735127,1.0078577995300293,24.57208251953125
run_1780535215_47d52d19,1780536310.1678884,7.0,79.0,47.0,-1.0078577995300293,0.0,-7.633840084075928,14.061175346374512,14.397970199584961,-13.542662620544434,13.205867767333984,1.0157773440735127,1.0078577995300293,24.57208251953125
run_1780535215_47d52d19,1780536312.1748896,7.0,79.0,47.0,-1.0078577995300293,0.0,-7.633840084075928,13.89608383178711,14.397970199584961,-12.448053359985352,11.946167945861816,1.0157773440735127,1.0078577995300293,24.57208251953125
run_1780535215_47d52d19,1780536314.1728714,7.0,79.0,47.0,-1.0519099235534668,0.0,-7.683398723602295,15.877225875854492,15.027284622192383,-11.307988166809082,12.157928466796875,1.1065144872702604,1.0519099235534668,24.57208251953125
run_1780535215_47d52d19,1780536316.1728716,7.0,79.0,47.0,-1.0519099235534668,0.0,-7.683398723602295,15.859943389892578,15.027284622192383,-10.165531158447266,10.998190879821777,1.1065144872702604,1.0519099235534668,24.57208251953125
run_1780535215_47d52d19,1780536318.1728833,7.0,79.0,47.0,-1.0519099235534668,0.0,-7.683398723602295,15.953290939331055,15.027284622192383,-9.02307415008545,9.949079513549805,1.1065144872702604,1.0519099235534668,24.57208251953125
run_1780535215_47d52d19,1780536320.1679049,7.0,79.0,47.0,-1.0519099235534668,0.0,-7.683398723602295,16.146711349487305,15.027284622192383,-7.880617141723633,9.000042915344238,1.1065144872702604,1.0519099235534668,24.57208251953125
run_1780535215_47d52d19,1780536322.1818771,7.0,79.0,47.0,-1.0519099235534668,0.0,-7.683398723602295,16.430660247802734,15.027284622192383,-6.738159656524658,8.141534805297852,1.1065144872702604,1.0519099235534668,24.57208251953125
run_1780535215_47d52d19,1780536324.1788754,7.0,79.0,47.0,-1.0519099235534668,0.0,-7.683398723602295,16.7965030670166,15.027284622192383,-5.595702648162842,7.364920616149902,1.1065144872702604,1.0519099235534668,24.57208251953125
run_1780535215_47d52d19,1780536326.1738794,7.0,79.0,47.0,-1.0078577995300293,0.0,-7.633840084075928,15.135791778564453,14.397970199584961,-4.460422515869141,5.198245525360107,1.0157773440735127,1.0078577995300293,24.57208251953125
run_1780535215_47d52d19,1780536328.1688871,7.0,79.0,47.0,-1.0078577995300293,0.0,-7.633840084075928,15.73454475402832,14.397970199584961,-3.3658132553100586,4.702388286590576,1.0157773440735127,1.0078577995300293,24.57208251953125
run_1780535215_47d52d19,1780536330.1778834,7.0,79.0,47.0,-1.0078577995300293,0.0,-7.633840084075928,16.380596160888672,14.397970199584961,-2.2712037563323975,4.2538299560546875,1.0157773440735127,1.0078577995300293,24.57208251953125
run_1780535215_47d52d19,1780536332.1718874,7.0,79.0,47.0,-1.0078577995300293,0.0,-7.633840084075928,17.069438934326172,14.397970199584961,-1.1765934228897095,3.848060131072998,1.0157773440735127,1.0078577995300293,24.57208251953125
run_1780535215_47d52d19,1780536334.168887,7.0,79.0,47.0,-0.9637908935546875,0.0,-7.584264755249023,15.695646286010742,13.768442153930664,-0.08916112035512924,2.0163652896881104,0.928892886498943,0.9637908935546875,24.57208251953125
run_1780535215_47d52d19,1780536336.178876,7.0,79.0,47.0,-0.9637908935546875,0.0,-7.584264755249023,15.921690940856934,13.768442153930664,0.3292252719402313,1.82402503490448,0.928892886498943,0.9637908935546875,24.57208251953125
run_1780535215_47d52d19,1780536338.1758788,7.0,79.0,47.0,-0.9197392463684082,0.0,-7.5347065925598145,14.000445365905762,13.13913345336914,0.6754034161567688,0.18590867519378662,0.8459202813103275,0.9197392463684082,24.57208251953125
run_1780535215_47d52d19,1780536340.1688998,7.0,79.0,47.0,-0.9197392463684082,0.0,-7.5347065925598145,14.315347671508789,13.13913345336914,1.008039951324463,0.16817493736743927,0.8459202813103275,0.9197392463684082,24.57208251953125
run_1780535215_47d52d19,1780536342.1818829,7.0,79.0,47.0,-0.8756842613220215,0.0,-7.485145092010498,12.535959243774414,12.509775161743164,1.3382866382598877,-1.3121017217636108,0.7668229255270944,0.8756842613220215,24.57208251953125
run_1780535215_47d52d19,1780536344.1778753,7.0,79.0,47.0,-0.8756842613220215,0.0,-7.485145092010498,12.977823257446289,12.509775161743164,1.6549898386001587,-1.1869409084320068,0.7668229255270944,0.8756842613220215,24.57208251953125
run_1780535215_47d52d19,1780536346.1788833,7.0,79.0,47.0,-0.8316159248352051,0.0,-7.435567855834961,11.311131477355957,11.880228042602539,1.9693011045455933,-2.538397789001465,0.6915850464395135,0.8316159248352051,24.57208251953125
run_1780535215_47d52d19,1780536348.1748862,7.0,79.0,47.0,-0.8316159248352051,0.0,-7.435567855834961,11.854033470153809,11.880228042602539,2.270066261291504,-2.2962610721588135,0.6915850464395135,0.8316159248352051,24.57208251953125
run_1780535215_47d52d19,1780536350.1699,7.0,79.0,47.0,-0.8316159248352051,0.0,-7.435567855834961,12.3738374710083,11.880228042602539,2.570831298828125,-2.0772218704223633,0.6915850464395135,0.8316159248352051,24.57208251953125
run_1780535215_47d52d19,1780536352.1788812,7.0,79.0,47.0,-0.7875461578369141,0.0,-7.385989189147949,10.827260971069336,11.250659942626953,2.8628311157226562,-3.286229372024536,0.6202289507236856,0.7875461578369141,24.57208251953125
run_1780535215_47d52d19,1780536354.1758862,7.0,79.0,47.0,-0.7875461578369141,0.0,-7.385989189147949,11.42556095123291,11.250659942626953,3.1476590633392334,-2.9727580547332764,0.6202289507236856,0.7875461578369141,24.57208251953125
run_1780535215_47d52d19,1780536356.1758804,7.0,79.0,47.0,-0.7875461578369141,0.0,-7.385989189147949,11.993958473205566,11.250659942626953,3.4324872493743896,-2.689188241958618,0.6202289507236856,0.7875461578369141,24.57208251953125
run_1780535215_47d52d19,1780536358.1718912,7.0,79.0,47.0,-0.7875461578369141,0.0,-7.385989189147949,12.535306930541992,11.250659942626953,3.717315673828125,-2.432668685913086,0.6202289507236856,0.7875461578369141,24.57208251953125
run_1780535215_47d52d19,1780536360.1828716,7.0,79.0,47.0,-0.7434768676757812,0.0,-7.336411476135254,11.006723403930664,10.621098518371582,3.9933786392211914,-3.6077544689178467,0.5527578527689911,0.7434768676757812,24.57208251953125
run_1780535215_47d52d19,1780536362.1788836,7.0,79.0,47.0,-0.7434768676757812,0.0,-7.336411476135254,11.619756698608398,10.621098518371582,4.262269973754883,-3.2636125087738037,0.5527578527689911,0.7434768676757812,24.57208251953125
run_1780535215_47d52d19,1780536364.171887,7.0,79.0,47.0,-0.7434768676757812,0.0,-7.336411476135254,12.199962615966797,10.621098518371582,4.531161308288574,-2.952298641204834,0.5527578527689911,0.7434768676757812,24.57208251953125
run_1780535215_47d52d19,1780536366.1818829,7.0,79.0,47.0,-0.7434768676757812,0.0,-7.336411476135254,12.750471115112305,10.621098518371582,4.800053119659424,-2.6706807613372803,0.5527578527689911,0.7434768676757812,24.57208251953125
run_1780535215_47d52d19,1780536368.180885,7.0,79.0,47.0,-0.7434768676757812,0.0,-7.336411476135254,13.274118423461914,10.621098518371582,5.068944454193115,-2.4159257411956787,0.5527578527689911,0.7434768676757812,24.57208251953125
run_1780535215_47d52d19,1780536370.174879,7.0,79.0,47.0,-0.7434768676757812,0.0,-7.336411476135254,13.773463249206543,10.621098518371582,5.337835788726807,-2.185472011566162,0.5527578527689911,0.7434768676757812,24.57208251953125
run_1780535215_47d52d19,1780536372.1728737,7.0,79.0,47.0,-0.7434768676757812,0.0,-7.336411476135254,14.250824928283691,10.621098518371582,5.606727123260498,-1.9770007133483887,0.5527578527689911,0.7434768676757812,24.57208251953125
run_1780535215_47d52d19,1780536374.1748796,7.0,79.0,47.0,-0.6994061470031738,0.0,-7.286831855773926,12.68751335144043,9.991517066955566,5.86366081237793,-3.1676642894744873,0.4891689584658252,0.6994061470031738,24.57208251953125
run_1780535215_47d52d19,1780536376.171874,7.0,79.0,47.0,-0.6994061470031738,0.0,-7.286831855773926,13.242623329162598,9.991517066955566,6.116607666015625,-2.8655028343200684,0.4891689584658252,0.6994061470031738,24.57208251953125
run_1780535215_47d52d19,1780536378.1798866,7.0,79.0,47.0,-0.6994061470031738,0.0,-7.286831855773926,13.768908500671387,9.991517066955566,6.3695549964904785,-2.5921640396118164,0.4891689584658252,0.6994061470031738,24.57208251953125
run_1780535215_47d52d19,1780536380.1768746,7.0,79.0,47.0,-0.6994061470031738,0.0,-7.286831855773926,14.269121170043945,9.991517066955566,6.622502326965332,-2.3448991775512695,0.4891689584658252,0.6994061470031738,24.57208251953125
run_1780535215_47d52d19,1780536382.1738715,7.0,79.0,47.0,-0.6994061470031738,0.0,-7.286831855773926,14.745746612548828,9.991517066955566,6.875449180603027,-2.121220827102661,0.4891689584658252,0.6994061470031738,24.57208251953125
run_1780535215_47d52d19,1780536384.171872,7.0,79.0,47.0,-0.6994061470031738,0.0,-7.286831855773926,15.201035499572754,9.991517066955566,7.128396511077881,-1.9188789129257202,0.4891689584658252,0.6994061470031738,24.57208251953125
run_1780535215_47d52d19,1780536386.1679616,7.0,79.0,47.0,-0.6553487777709961,0.0,-7.23726749420166,13.54092788696289,9.362126350402832,7.3789544105529785,-3.2001521587371826,0.4294820205259384,0.6553487777709961,24.57208251953125
run_1780535215_47d52d19,1780536388.1810706,7.0,79.0,47.0,-0.6553487777709961,0.0,-7.23726749420166,14.083206176757812,9.362126350402832,7.615972518920898,-2.8948912620544434,0.4294820205259384,0.6553487777709961,24.57208251953125
run_1780535215_47d52d19,1780536390.1773028,7.0,79.0,47.0,-0.6553487777709961,0.0,-7.23726749420166,14.596366882324219,9.362126350402832,7.85299015045166,-2.6187491416931152,0.4294820205259384,0.6553487777709961,24.57208251953125
run_1780535215_47d52d19,1780536392.1794045,7.0,79.0,47.0,-0.6553487777709961,0.0,-7.23726749420166,15.083186149597168,9.362126350402832,8.090007781982422,-2.368947982788086,0.4294820205259384,0.6553487777709961,24.57208251953125
run_1780535215_47d52d19,1780536394.1746075,7.0,79.0,47.0,-0.6112766265869141,0.0,-7.187685966491699,13.449377059936523,8.732523918151855,8.324634552001953,-3.6077804565429688,0.37365911421147757,0.6112766265869141,24.57208251953125
run_1780535215_47d52d19,1780536396.1832476,7.0,79.0,47.0,-0.6112766265869141,0.0,-7.187685966491699,14.014595985412598,8.732523918151855,8.545707702636719,-3.263636589050293,0.37365911421147757,0.6112766265869141,24.57208251953125
run_1780535215_47d52d19,1780536398.1792374,7.0,79.0,47.0,-0.6112766265869141,0.0,-7.187685966491699,14.546984672546387,8.732523918151855,8.7667818069458,-2.952320098876953,0.37365911421147757,0.6112766265869141,24.57208251953125
run_1780535215_47d52d19,1780536400.1772416,7.0,79.0,47.0,-0.6112766265869141,0.0,-7.187685966491699,15.04967975616455,8.732523918151855,8.987854957580566,-2.6706995964050293,0.37365911421147757,0.6112766265869141,24.57208251953125
run_1780535215_47d52d19,1780536402.173234,7.0,79.0,47.0,-0.567204475402832,0.0,-7.1381049156188965,13.504666328430176,8.102921485900879,9.196981430053711,-3.7952358722686768,0.3217209169170019,0.567204475402832,24.57208251953125
run_1780535215_47d52d19,1780536404.1732388,7.0,79.0,47.0,-0.567204475402832,0.0,-7.1381049156188965,14.071837425231934,8.102921485900879,9.40212631225586,-3.4332096576690674,0.3217209169170019,0.567204475402832,24.57208251953125
run_1780535215_47d52d19,1780536406.1737244,7.0,79.0,47.0,-0.567204475402832,0.0,-7.1381049156188965,14.604473114013672,8.102921485900879,9.607270240783691,-3.1057181358337402,0.3217209169170019,0.567204475402832,24.57208251953125
run_1780535215_47d52d19,1780536408.1687255,7.0,79.0,47.0,-0.5231304168701172,0.0,-7.088521957397461,13.10912036895752,7.473292350769043,9.79726791381836,-4.16143798828125,0.2736654330547026,0.5231304168701172,24.57208251953125
run_1780535215_47d52d19,1780536410.1677287,7.0,79.0,47.0,-0.5231304168701172,0.0,-7.088521957397461,13.695279121398926,7.473292350769043,9.986467361450195,-3.7644810676574707,0.2736654330547026,0.5231304168701172,24.57208251953125
run_1780535215_47d52d19,1780536412.165914,7.0,79.0,47.0,-0.47905588150024414,0.0,-7.038938045501709,12.172548294067383,6.843655586242676,10.170086860656738,-4.8411946296691895,0.22949453759997596,0.47905588150024414,24.57208251953125
run_1780535215_47d52d19,1780536414.1799004,7.0,79.0,47.0,-0.47905588150024414,0.0,-7.038938045501709,12.807602882385254,6.843655586242676,10.343342781066895,-4.379395961761475,0.22949453759997596,0.47905588150024414,24.57208251953125
run_1780535215_47d52d19,1780536416.175909,7.0,79.0,47.0,-0.47905588150024414,0.0,-7.038938045501709,13.39860725402832,6.843655586242676,10.51659870147705,-3.9616477489471436,0.22949453759997596,0.47905588150024414,24.57208251953125
run_1780535215_47d52d19,1780536418.1749053,7.0,79.0,47.0,-0.47905588150024414,0.0,-7.038938045501709,13.949762344360352,6.843655586242676,10.689854621887207,-3.5837485790252686,0.22949453759997596,0.47905588150024414,24.57208251953125
run_1780535215_47d52d19,1780536420.168924,7.0,79.0,47.0,-0.4349956512451172,0.0,-6.989370346069336,12.468756675720215,6.214223861694336,10.847977638244629,-4.59344482421875,0.18922121660216362,0.4349956512451172,24.57208251953125
run_1780535215_47d52d19,1780536422.178902,7.0,79.0,47.0,-0.4349956512451172,0.0,-6.989370346069336,13.064249992370605,6.214223861694336,11.005304336547852,-4.155279159545898,0.18922121660216362,0.4349956512451172,24.57208251953125
run_1780535215_47d52d19,1780536424.1729002,7.0,79.0,47.0,-0.4349956512451172,0.0,-6.989370346069336,13.61794662475586,6.214223861694336,11.162630081176758,-3.758908748626709,0.18922121660216362,0.4349956512451172,24.57208251953125
run_1780535215_47d52d19,1780536426.1699245,7.0,79.0,47.0,-0.4349956512451172,0.0,-6.989370346069336,14.133832931518555,6.214223861694336,11.31995677947998,-3.400348424911499,0.18922121660216362,0.4349956512451172,24.57208251953125
run_1780535215_47d52d19,1780536428.168914,7.0,79.0,47.0,-0.39092063903808594,0.0,-6.939785957336426,12.54447078704834,5.584580898284912,11.471702575683594,-4.511813163757324,0.15281894602594548,0.39092063903808594,24.57208251953125
run_1780535215_47d52d19,1780536430.1809103,7.0,79.0,47.0,-0.39092063903808594,0.0,-6.939785957336426,13.116231918334961,5.584580898284912,11.61308479309082,-4.08143424987793,0.15281894602594548,0.39092063903808594,24.57208251953125
run_1780535215_47d52d19,1780536432.1789062,7.0,79.0,47.0,-0.39092063903808594,0.0,-6.939785957336426,13.646939277648926,5.584580898284912,11.754467010498047,-3.692107915878296,0.15281894602594548,0.39092063903808594,24.57208251953125
run_1780535215_47d52d19,1780536434.176907,7.0,79.0,47.0,-0.39092063903808594,0.0,-6.939785957336426,14.140510559082031,5.584580898284912,11.895849227905273,-3.3399195671081543,0.15281894602594548,0.39092063903808594,24.57208251953125
run_1780535215_47d52d19,1780536436.1699226,7.0,79.0,47.0,-0.39092063903808594,0.0,-6.939785957336426,14.600485801696777,5.584580898284912,12.0372314453125,-3.0213265419006348,0.15281894602594548,0.39092063903808594,24.57208251953125
run_1780535215_47d52d19,1780536438.168923,7.0,79.0,47.0,-0.3468303680419922,0.0,-6.89018440246582,12.983634948730469,4.9547200202941895,12.169844627380371,-4.140929698944092,0.12029130419614376,0.3468303680419922,24.57208251953125
run_1780535215_47d52d19,1780536440.177908,7.0,79.0,47.0,-0.3468303680419922,0.0,-6.89018440246582,13.504073143005371,4.9547200202941895,12.295282363891602,-3.745929479598999,0.12029130419614376,0.3468303680419922,24.57208251953125
run_1780535215_47d52d19,1780536442.1759074,7.0,79.0,47.0,-0.3468303680419922,0.0,-6.89018440246582,13.986833572387695,4.9547200202941895,12.420721054077148,-3.3886070251464844,0.12029130419614376,0.3468303680419922,24.57208251953125
run_1780535215_47d52d19,1780536444.168914,7.0,79.0,47.0,-0.3468303680419922,0.0,-6.89018440246582,14.435507774353027,4.9547200202941895,12.546157836914062,-3.0653700828552246,0.12029130419614376,0.3468303680419922,24.57208251953125
run_1780535215_47d52d19,1780536446.181899,7.0,79.0,47.0,-0.3468303680419922,0.0,-6.89018440246582,14.853349685668945,4.9547200202941895,12.671595573425293,-2.772965908050537,0.12029130419614376,0.3468303680419922,24.57208251953125
run_1780535215_47d52d19,1780536448.1819146,7.0,79.0,47.0,-0.3027677536010742,0.0,-6.84061336517334,13.247065544128418,4.325253963470459,12.78188705444336,-3.8600761890411377,0.09166831262064079,0.3027677536010742,24.57208251953125
run_1780535215_47d52d19,1780536450.1759055,7.0,79.0,47.0,-0.3027677536010742,0.0,-6.84061336517334,13.724769592285156,4.325253963470459,12.891380310058594,-3.4918646812438965,0.09166831262064079,0.3027677536010742,24.57208251953125
run_1780535215_47d52d19,1780536452.1829133,7.0,79.0,47.0,-0.3027677536010742,0.0,-6.84061336517334,14.167350769042969,4.325253963470459,13.000874519348145,-3.158777952194214,0.09166831262064079,0.3027677536010742,24.57208251953125
run_1780535215_47d52d19,1780536454.178908,7.0,79.0,47.0,-0.3027677536010742,0.0,-6.84061336517334,14.57815933227539,4.325253963470459,13.110367774963379,-2.8574635982513428,0.09166831262064079,0.3027677536010742,24.57208251953125
run_1780535215_47d52d19,1780536456.177901,7.0,79.0,47.0,-0.25869035720825195,0.0,-6.791026592254639,12.963324546813965,3.6955766677856445,13.20471477508545,-3.936966896057129,0.066920700912533,0.25869035720825195,24.57208251953125
run_1780535215_47d52d19,1780536458.1758983,7.0,79.0,47.0,-0.25869035720825195,0.0,-6.791026592254639,13.432418823242188,3.6955766677856445,13.298264503479004,-3.5614218711853027,0.066920700912533,0.25869035720825195,24.57208251953125
run_1780535215_47d52d19,1780536460.1719246,7.0,79.0,47.0,-0.25869035720825195,0.0,-6.791026592254639,13.865691184997559,3.6955766677856445,13.391813278198242,-3.2216999530792236,0.066920700912533,0.25869035720825195,24.57208251953125
run_1780535215_47d52d19,1780536462.1679227,7.0,79.0,47.0,-0.25869035720825195,0.0,-6.791026592254639,14.266556739807129,3.6955766677856445,13.485363006591797,-2.914384126663208,0.066920700912533,0.25869035720825195,24.57208251953125
run_1780535215_47d52d19,1780536464.1809137,7.0,79.0,47.0,-0.21464109420776367,0.0,-6.741471290588379,12.542399406433105,3.0663015842437744,13.576525688171387,-4.100427150726318,0.04607079932270608,0.21464109420776367,24.57208251953125
run_1780535215_47d52d19,1780536466.1759038,7.0,79.0,47.0,-0.21464109420776367,0.0,-6.741471290588379,13.0111722946167,3.0663015842437744,13.654160499572754,-3.709289073944092,0.04607079932270608,0.21464109420776367,24.57208251953125
run_1780535215_47d52d19,1780536468.170925,7.0,79.0,47.0,-0.21464109420776367,0.0,-6.741471290588379,13.442635536193848,3.0663015842437744,13.731795310974121,-3.3554608821868896,0.04607079932270608,0.21464109420776367,24.57208251953125
run_1780535215_47d52d19,1780536470.1779141,7.0,79.0,47.0,-0.21464109420776367,0.0,-6.741471290588379,13.840346336364746,3.0663015842437744,13.809431076049805,-3.0353856086730957,0.04607079932270608,0.21464109420776367,24.57208251953125
run_1780535215_47d52d19,1780536472.1738985,7.0,79.0,47.0,-0.21464109420776367,0.0,-6.741471290588379,14.207525253295898,3.0663015842437744,13.887065887451172,-2.7458417415618896,0.04607079932270608,0.21464109420776367,24.57208251953125
run_1780535215_47d52d19,1780536474.1719146,7.0,79.0,47.0,-0.21464109420776367,0.0,-6.741471290588379,14.547083854675293,3.0663015842437744,13.964700698852539,-2.483917474746704,0.04607079932270608,0.21464109420776367,24.57208251953125
run_1780535215_47d52d19,1780536476.1829078,7.0,79.0,47.0,-0.170562744140625,0.0,-6.691883087158203,12.764567375183105,2.436610698699951,14.03994369506836,-3.711988687515259,0.029091649688780308,0.170562744140625,24.57208251953125
run_1780535215_47d52d19,1780536478.1819077,7.0,79.0,47.0,-0.170562744140625,0.0,-6.691883087158203,13.180342674255371,2.436610698699951,14.101634979248047,-3.3579039573669434,0.029091649688780308,0.170562744140625,24.57208251953125
run_1780535215_47d52d19,1780536480.1759052,7.0,79.0,47.0,-0.170562744140625,0.0,-6.691883087158203,13.56234073638916,2.436610698699951,14.163325309753418,-3.037595272064209,0.029091649688780308,0.170562744140625,24.57208251953125
run_1780535215_47d52d19,1780536482.1689222,7.0,79.0,47.0,-0.170562744140625,0.0,-6.691883087158203,13.913785934448242,2.436610698699951,14.225016593933105,-2.7478411197662354,0.029091649688780308,0.170562744140625,24.57208251953125
run_1780535215_47d52d19,1780536484.1679263,7.0,79.0,47.0,-0.170562744140625,0.0,-6.691883087158203,14.237591743469238,2.436610698699951,14.286706924438477,-2.4857261180877686,0.029091649688780308,0.170562744140625,24.57208251953125
run_1780535215_47d52d19,1780536486.179905,7.0,79.0,47.0,-0.170562744140625,0.0,-6.691883087158203,14.536396026611328,2.436610698699951,14.348398208618164,-2.2486140727996826,0.029091649688780308,0.170562744140625,24.57208251953125
run_1780535215_47d52d19,1780536488.1759052,7.0,79.0,47.0,-0.12648344039916992,0.0,-6.642293930053711,12.71544075012207,1.8069064617156982,14.407697677612305,-3.499162197113037,0.01599806069521037,0.12648344039916992,24.57208251953125
run_1780535215_47d52d19,1780536490.175898,7.0,79.0,47.0,-0.12648344039916992,0.0,-6.642293930053711,13.094970703125,1.8069064617156982,14.45344352722168,-3.1653788089752197,0.01599806069521037,0.12648344039916992,24.57208251953125
run_1780535215_47d52d19,1780536492.1699026,7.0,79.0,47.0,-0.12648344039916992,0.0,-6.642293930053711,13.44266128540039,1.8069064617156982,14.499190330505371,-2.8634347915649414,0.01599806069521037,0.12648344039916992,24.57208251953125
run_1780535215_47d52d19,1780536494.180914,7.0,79.0,47.0,-0.12648344039916992,0.0,-6.642293930053711,13.761549949645996,1.8069064617156982,14.544937133789062,-2.5902934074401855,0.01599806069521037,0.12648344039916992,24.57208251953125
run_1780535215_47d52d19,1780536496.177906,7.0,79.0,47.0,-0.12648344039916992,0.0,-6.642293930053711,14.054383277893066,1.8069064617156982,14.590683937072754,-2.3432066440582275,0.01599806069521037,0.12648344039916992,24.57208251953125
run_1780535215_47d52d19,1780536498.174914,7.0,79.0,47.0,-0.12648344039916992,0.0,-6.642293930053711,14.32364559173584,1.8069064617156982,14.636429786682129,-2.119689702987671,0.01599806069521037,0.12648344039916992,24.57208251953125
run_1780535215_47d52d19,1780536500.1719277,7.0,79.0,47.0,-0.12648344039916992,0.0,-6.642293930053711,14.571589469909668,1.8069064617156982,14.68217658996582,-1.9174937009811401,0.01599806069521037,0.12648344039916992,24.57208251953125
run_1780535215_47d52d19,1780536502.1699176,7.0,79.0,47.0,-0.12648344039916992,0.0,-6.642293930053711,14.800244331359863,1.8069064617156982,14.727923393249512,-1.734584927558899,0.01599806069521037,0.12648344039916992,24.57208251953125
run_1780535215_47d52d19,1780536504.1708527,7.0,79.0,47.0,-0.12648344039916992,0.0,-6.642293930053711,15.011451721191406,1.8069064617156982,14.773670196533203,-1.5691239833831787,0.01599806069521037,0.12648344039916992,24.57208251953125
run_1780535215_47d52d19,1780536506.1798513,7.0,79.0,47.0,-0.12648344039916992,0.0,-6.642293930053711,15.206876754760742,1.8069064617156982,14.819416046142578,-1.4194461107254028,0.01599806069521037,0.12648344039916992,24.57208251953125
run_1780535215_47d52d19,1780536508.174532,7.0,79.0,47.0,-0.08241701126098633,0.0,-6.592719078063965,13.367429733276367,1.177385926246643,14.853204727172852,-2.6631603240966797,0.006792563745193547,0.08241701126098633,24.57208251953125
run_1780535215_47d52d19,1780536510.167552,7.0,79.0,47.0,-0.08241701126098633,0.0,-6.592719078063965,13.651269912719727,1.177385926246643,14.883007049560547,-2.4091227054595947,0.006792563745193547,0.08241701126098633,24.57208251953125
run_1780535215_47d52d19,1780536512.182963,7.0,79.0,47.0,-0.08241701126098633,0.0,-6.592719078063965,13.910877227783203,1.177385926246643,14.912809371948242,-2.1793179512023926,0.006792563745193547,0.08241701126098633,24.57208251953125
run_1780535215_47d52d19,1780536514.176963,7.0,79.0,47.0,-0.08241701126098633,0.0,-6.592719078063965,14.148563385009766,1.177385926246643,14.942611694335938,-1.971434473991394,0.006792563745193547,0.08241701126098633,24.57208251953125
run_1780535215_47d52d19,1780536516.172967,7.0,79.0,47.0,-0.038336753845214844,0.0,-6.543128967285156,12.345196723937988,0.547667920589447,14.960455894470215,-3.1629276275634766,0.001469706695388595,0.038336753845214844,24.57208251953125
run_1780535215_47d52d19,1780536518.1715171,7.0,79.0,47.0,-0.038336753845214844,0.0,-6.543128967285156,12.66076374053955,0.547667920589447,14.974313735961914,-2.861217737197876,0.001469706695388595,0.038336753845214844,24.57208251953125
run_1780535215_47d52d19,1780536520.1835153,7.0,79.0,47.0,-0.038336753845214844,0.0,-6.543128967285156,12.947553634643555,0.547667920589447,14.98817253112793,-2.588287830352783,0.001469706695388595,0.038336753845214844,24.57208251953125
run_1780535215_47d52d19,1780536522.1775122,7.0,79.0,47.0,-0.038336753845214844,0.0,-6.543128967285156,13.208305358886719,0.547667920589447,15.002030372619629,-2.3413925170898438,0.001469706695388595,0.038336753845214844,24.57208251953125
run_1780535215_47d52d19,1780536524.1786225,7.0,79.0,47.0,-0.038336753845214844,0.0,-6.543128967285156,13.44550895690918,0.547667920589447,15.015888214111328,-2.1180484294891357,0.001469706695388595,0.038336753845214844,24.57208251953125
run_1780535215_47d52d19,1780536526.1797168,7.0,79.0,47.0,-0.038336753845214844,0.0,-6.543128967285156,13.661405563354492,0.547667920589447,15.029746055603027,-1.9160085916519165,0.001469706695388595,0.038336753845214844,24.57208251953125
run_1780535215_47d52d19,1780536528.1761303,7.0,79.0,47.0,-0.038336753845214844,0.0,-6.543128967285156,13.858030319213867,0.547667920589447,15.043603897094727,-1.7332415580749512,0.001469706695388595,0.038336753845214844,24.57208251953125
run_1780535215_47d52d19,1780536530.1711547,7.0,79.0,47.0,-0.038336753845214844,0.0,-6.543128967285156,14.037221908569336,0.547667920589447,15.057462692260742,-1.5679088830947876,0.001469706695388595,0.038336753845214844,24.57208251953125
run_1780535215_47d52d19,1780536532.1811447,7.0,79.0,47.0,-0.038336753845214844,0.0,-6.543128967285156,14.200642585754395,0.547667920589447,15.071320533752441,-1.418346881866455,0.001469706695388595,0.038336753845214844,24.57208251953125
run_1780535215_47d52d19,1780536534.173133,7.0,79.0,47.0,-0.038336753845214844,0.0,-6.543128967285156,14.349796295166016,0.547667920589447,15.08517837524414,-1.2830513715744019,0.001469706695388595,0.038336753845214844,24.57208251953125
run_1780535215_47d52d19,1780536536.1691594,7.0,79.0,47.0,-0.038336753845214844,0.0,-6.543128967285156,14.486042976379395,0.547667920589447,15.099037170410156,-1.1606615781784058,0.001469706695388595,0.038336753845214844,24.57208251953125
run_1780535215_47d52d19,1780536538.1731448,7.0,79.0,47.0,-0.038336753845214844,0.0,-6.543128967285156,14.682395935058594,0.547667920589447,15.100842475891113,-0.9661157727241516,0.001469706695388595,0.038336753845214844,24.57208251953125
run_1780535215_47d52d19,1780536540.1701453,7.0,79.0,47.0,0.005744457244873047,0.0,-6.493537425994873,12.764036178588867,-0.08206368237733841,15.09963607788086,-2.2535362243652344,3.2998789038174436e-05,0.005744457244873047,24.57208251953125
run_1780535215_47d52d19,1780536542.1831412,7.0,79.0,47.0,0.005744457244873047,0.0,-6.493537425994873,12.972770690917969,-0.08206368237733841,15.093406677246094,-2.038572311401367,3.2998789038174436e-05,0.005744457244873047,24.57208251953125
run_1780535215_47d52d19,1780536544.1821408,7.0,79.0,47.0,0.005744457244873047,0.0,-6.493537425994873,13.16100025177002,-0.08206368237733841,15.087178230285645,-1.844113826751709,3.2998789038174436e-05,0.005744457244873047,24.57208251953125
run_1780535215_47d52d19,1780536546.1781452,7.0,79.0,47.0,0.005744457244873047,0.0,-6.493537425994873,13.330679893493652,-0.08206368237733841,15.080949783325195,-1.6682052612304688,3.2998789038174436e-05,0.005744457244873047,24.57208251953125
run_1780535215_47d52d19,1780536548.1761405,7.0,79.0,47.0,0.005744457244873047,0.0,-6.493537425994873,13.483580589294434,-0.08206368237733841,15.074721336364746,-1.5090759992599487,3.2998789038174436e-05,0.005744457244873047,24.57208251953125
run_1780535215_47d52d19,1780536550.1771328,7.0,79.0,47.0,0.005744457244873047,0.0,-6.493537425994873,13.621301651000977,-0.08206368237733841,15.06849193572998,-1.365126132965088,3.2998789038174436e-05,0.005744457244873047,24.57208251953125
run_1780535215_47d52d19,1780536552.1731322,7.0,79.0,47.0,0.005744457244873047,0.0,-6.493537425994873,13.745292663574219,-0.08206368237733841,15.062263488769531,-1.2349075078964233,3.2998789038174436e-05,0.005744457244873047,24.57208251953125
run_1780535215_47d52d19,1780536554.1771388,7.0,79.0,47.0,0.005744457244873047,0.0,-6.493537425994873,13.856861114501953,-0.08206368237733841,15.056035041809082,-1.1171103715896606,3.2998789038174436e-05,0.005744457244873047,24.57208251953125
run_1780535215_47d52d19,1780536556.175145,7.0,79.0,47.0,0.005744457244873047,0.0,-6.493537425994873,13.957192420959473,-0.08206368237733841,15.049806594848633,-1.0105500221252441,3.2998789038174436e-05,0.005744457244873047,24.57208251953125
run_1780535215_47d52d19,1780536558.1711485,7.0,79.0,47.0,0.005744457244873047,0.0,-6.493537425994873,14.04736042022705,-0.08206368237733841,15.043577194213867,-0.9141541123390198,3.2998789038174436e-05,0.005744457244873047,24.57208251953125
run_1780535215_47d52d19,1780536560.1691601,7.0,79.0,47.0,0.005744457244873047,0.0,-6.493537425994873,14.128332138061523,-0.08206368237733841,15.037348747253418,-0.8269535303115845,3.2998789038174436e-05,0.005744457244873047,24.57208251953125
run_1780535215_47d52d19,1780536562.168158,7.0,79.0,47.0,0.005744457244873047,0.0,-6.493537425994873,14.200984954833984,-0.08206368237733841,15.031120300292969,-0.7480707764625549,3.2998789038174436e-05,0.005744457244873047,24.57208251953125
run_1780535215_47d52d19,1780536564.1811416,7.0,79.0,47.0,0.04982709884643555,0.0,-6.443944454193115,12.202459335327148,-0.7118157148361206,14.998550415039062,-2.084275960922241,0.0024827397794524586,0.04982709884643555,24.57208251953125
run_1780535215_47d52d19,1780536566.1781387,7.0,79.0,47.0,0.04982709884643555,0.0,-6.443944454193115,12.347155570983887,-0.7118157148361206,14.944429397583008,-1.8854584693908691,0.0024827397794524586,0.04982709884643555,24.57208251953125
run_1780535215_47d52d19,1780536568.1741326,7.0,79.0,47.0,0.04982709884643555,0.0,-6.443944454193115,12.472887992858887,-0.7118157148361206,14.890308380126953,-1.7056055068969727,0.0024827397794524586,0.04982709884643555,24.57208251953125
run_1780535215_47d52d19,1780536570.1701562,7.0,79.0,47.0,0.04982709884643555,0.0,-6.443944454193115,12.581462860107422,-0.7118157148361206,14.836187362670898,-1.5429091453552246,0.0024827397794524586,0.04982709884643555,24.57208251953125
run_1780535215_47d52d19,1780536572.1821442,7.0,79.0,47.0,0.04982709884643555,0.0,-6.443944454193115,12.674519538879395,-0.7118157148361206,14.782066345214844,-1.395731806755066,0.0024827397794524586,0.04982709884643555,24.57208251953125
run_1780535215_47d52d19,1780536574.181144,7.0,79.0,47.0,0.04982709884643555,0.0,-6.443944454193115,12.75353717803955,-0.7118157148361206,14.727945327758789,-1.2625936269760132,0.0024827397794524586,0.04982709884643555,24.57208251953125
run_1780535215_47d52d19,1780536576.1811445,7.0,79.0,47.0,0.04982709884643555,0.0,-6.443944454193115,12.819853782653809,-0.7118157148361206,14.673824310302734,-1.1421557664871216,0.0024827397794524586,0.04982709884643555,24.57208251953125
run_1780535215_47d52d19,1780536578.1711593,7.0,79.0,47.0,0.04982709884643555,0.0,-6.443944454193115,12.874682426452637,-0.7118157148361206,14.61970329284668,-1.0332062244415283,0.0024827397794524586,0.04982709884643555,24.57208251953125
run_1780535215_47d52d19,1780536580.1691577,7.0,79.0,47.0,0.04982709884643555,0.0,-6.443944454193115,12.91911792755127,-0.7118157148361206,14.565582275390625,-0.9346494674682617,0.0024827397794524586,0.04982709884643555,24.57208251953125
run_1780535215_47d52d19,1780536582.1711602,7.0,79.0,47.0,0.04982709884643555,0.0,-6.443944454193115,12.954153060913086,-0.7118157148361206,14.51146125793457,-0.8454936742782593,0.0024827397794524586,0.04982709884643555,24.57208251953125
run_1780535215_47d52d19,1780536584.1831353,7.0,79.0,47.0,0.04982709884643555,0.0,-6.443944454193115,12.980683326721191,-0.7118157148361206,14.457340240478516,-0.7648424506187439,0.0024827397794524586,0.04982709884643555,24.57208251953125
run_1780535215_47d52d19,1780536586.1701546,7.0,79.0,47.0,0.04982709884643555,0.0,-6.443944454193115,12.999519348144531,-0.7118157148361206,14.403219223022461,-0.6918845176696777,0.0024827397794524586,0.04982709884643555,24.57208251953125
run_1780535215_47d52d19,1780536588.182145,7.0,79.0,47.0,0.04982709884643555,0.0,-6.443944454193115,13.011397361755371,-0.7118157148361206,14.349098205566406,-0.6258861422538757,0.0024827397794524586,0.04982709884643555,24.57208251953125
run_1780535215_47d52d19,1780536590.1791346,7.0,79.0,47.0,0.04982709884643555,0.0,-6.443944454193115,13.016979217529297,-0.7118157148361206,14.294977188110352,-0.5661831498146057,0.0024827397794524586,0.04982709884643555,24.57208251953125
run_1780535215_47d52d19,1780536592.1801445,7.0,79.0,47.0,0.04982709884643555,0.0,-6.443944454193115,13.016865730285645,-0.7118157148361206,14.240856170654297,-0.5121751427650452,0.0024827397794524586,0.04982709884643555,24.57208251953125
run_1780535215_47d52d19,1780536594.1791446,7.0,79.0,47.0,0.04982709884643555,0.0,-6.443944454193115,13.011601448059082,-0.7118157148361206,14.186735153198242,-0.4633190631866455,0.0024827397794524586,0.04982709884643555,24.57208251953125
run_1780535215_47d52d19,1780536596.174145,7.0,79.0,47.0,0.04982709884643555,0.0,-6.443944454193115,13.001675605773926,-0.7118157148361206,14.132614135742188,-0.4191233813762665,0.0024827397794524586,0.04982709884643555,24.57208251953125
run_1780535215_47d52d19,1780536598.1831434,7.0,79.0,47.0,0.04982709884643555,0.0,-6.443944454193115,12.987534523010254,-0.7118157148361206,14.078493118286133,-0.3791433870792389,0.0024827397794524586,0.04982709884643555,24.57208251953125
run_1780535215_47d52d19,1780536600.1811354,7.0,79.0,47.0,0.04982709884643555,0.0,-6.443944454193115,12.96958065032959,-0.7118157148361206,14.024372100830078,-0.3429770767688751,0.0024827397794524586,0.04982709884643555,24.57208251953125
run_1780535215_47d52d19,1780536602.1741445,7.0,79.0,47.0,0.04982709884643555,0.0,-6.443944454193115,12.948176383972168,-0.7118157148361206,13.970251083374023,-0.31026074290275574,0.0024827397794524586,0.04982709884643555,24.57208251953125
run_1780535215_47d52d19,1780536604.183144,7.0,79.0,47.0,0.04982709884643555,0.0,-6.443944454193115,12.923650741577148,-0.7118157148361206,13.916130065917969,-0.2806651294231415,0.0024827397794524586,0.04982709884643555,24.57208251953125
run_1780535215_47d52d19,1780536606.1711566,7.0,79.0,47.0,0.005744457244873047,0.0,-6.493537425994873,14.923787117004395,-0.08206368237733841,13.907506942749023,1.0983434915542603,3.2998789038174436e-05,0.005744457244873047,24.57208251953125
run_1780535215_47d52d19,1780536608.1831372,7.0,79.0,47.0,0.005744457244873047,0.0,-6.493537425994873,14.812788009643555,-0.08206368237733841,13.901278495788574,0.9935731291770935,3.2998789038174436e-05,0.005744457244873047,24.57208251953125
run_1780535215_47d52d19,1780536610.1801355,7.0,79.0,47.0,0.005744457244873047,0.0,-6.493537425994873,14.711782455444336,-0.08206368237733841,13.895050048828125,0.8987966775894165,3.2998789038174436e-05,0.005744457244873047,24.57208251953125
run_1780535215_47d52d19,1780536612.1761363,7.0,79.0,47.0,0.005744457244873047,0.0,-6.493537425994873,14.619818687438965,-0.08206368237733841,13.88882064819336,0.813060998916626,3.2998789038174436e-05,0.005744457244873047,24.57208251953125
run_1780535215_47d52d19,1780536614.1761408,7.0,79.0,47.0,0.005744457244873047,0.0,-6.493537425994873,14.536031723022461,-0.08206368237733841,13.88259220123291,0.7355035543441772,3.2998789038174436e-05,0.005744457244873047,24.57208251953125
run_1780535215_47d52d19,1780536616.1701446,7.0,79.0,47.0,0.005744457244873047,0.0,-6.493537425994873,14.459644317626953,-0.08206368237733841,13.876363754272461,0.6653444170951843,3.2998789038174436e-05,0.005744457244873047,24.57208251953125
run_1780535215_47d52d19,1780536618.1811328,7.0,79.0,47.0,0.005744457244873047,0.0,-6.493537425994873,14.389948844909668,-0.08206368237733841,13.870135307312012,0.6018775701522827,3.2998789038174436e-05,0.005744457244873047,24.57208251953125
run_1780535215_47d52d19,1780536620.1801338,7.0,79.0,47.0,0.04982709884643555,0.0,-6.443944454193115,12.262652397155762,-0.7118157148361206,13.837565422058105,-0.8630985617637634,0.0024827397794524586,0.04982709884643555,24.57208251953125
run_1780535215_47d52d19,1780536622.1801445,7.0,79.0,47.0,0.005744457244873047,0.0,-6.493537425994873,14.392950057983398,-0.08206368237733841,13.790628433227539,0.6843856573104858,3.2998789038174436e-05,0.005744457244873047,24.57208251953125
run_1780535215_47d52d19,1780536624.1774926,7.0,79.0,47.0,0.005744457244873047,0.0,-6.493537425994873,14.321438789367676,-0.08206368237733841,13.78439998626709,0.6191025376319885,3.2998789038174436e-05,0.005744457244873047,24.57208251953125
run_1780535215_47d52d19,1780536626.1725066,7.0,79.0,47.0,0.005744457244873047,0.0,-6.493537425994873,14.312950134277344,-0.08206368237733841,13.749435424804688,0.6455780863761902,3.2998789038174436e-05,0.005744457244873047,24.57208251953125
run_1780535215_47d52d19,1780536628.1733932,7.0,79.0,47.0,0.005744457244873047,0.0,-6.493537425994873,14.245140075683594,-0.08206368237733841,13.743206977844238,0.5839968323707581,3.2998789038174436e-05,0.005744457244873047,24.57208251953125
run_1780535215_47d52d19,1780536630.1688924,7.0,79.0,47.0,0.005744457244873047,0.0,-6.493537425994873,14.18320369720459,-0.08206368237733841,13.736978530883789,0.5282896757125854,3.2998789038174436e-05,0.005744457244873047,24.57208251953125
run_1780535215_47d52d19,1780536632.1829054,7.0,79.0,47.0,0.005744457244873047,0.0,-6.493537425994873,14.126582145690918,-0.08206368237733841,13.730749130249023,0.47789648175239563,3.2998789038174436e-05,0.005744457244873047,24.57208251953125
run_1780535215_47d52d19,1780536634.1809046,7.0,79.0,47.0,0.005744457244873047,0.0,-6.493537425994873,14.07476806640625,-0.08206368237733841,13.724520683288574,0.4323103129863739,3.2998789038174436e-05,0.005744457244873047,24.57208251953125
run_1780535215_47d52d19,1780536636.1809056,7.0,79.0,47.0,0.005744457244873047,0.0,-6.493537425994873,14.027300834655762,-0.08206368237733841,13.718292236328125,0.3910723924636841,3.2998789038174436e-05,0.005744457244873047,24.57208251953125
run_1780535215_47d52d19,1780536638.1757317,7.0,79.0,47.0,0.005744457244873047,0.0,-6.493537425994873,13.983768463134766,-0.08206368237733841,13.712063789367676,0.3537681996822357,3.2998789038174436e-05,0.005744457244873047,24.57208251953125
run_1780535215_47d52d19,1780536640.176728,7.0,79.0,47.0,0.005744457244873047,0.0,-6.493537425994873,13.943793296813965,-0.08206368237733841,13.70583438873291,0.3200224041938782,3.2998789038174436e-05,0.005744457244873047,24.57208251953125
run_1780535215_47d52d19,1780536642.1697454,7.0,79.0,47.0,0.005744457244873047,0.0,-6.493537425994873,13.907037734985352,-0.08206368237733841,13.699605941772461,0.2894956171512604,3.2998789038174436e-05,0.005744457244873047,24.57208251953125
run_1780535215_47d52d19,1780536644.1827428,7.0,79.0,47.0,0.005744457244873047,0.0,-6.493537425994873,13.873193740844727,-0.08206368237733841,13.693377494812012,0.2618808448314667,3.2998789038174436e-05,0.005744457244873047,24.57208251953125
run_1780535215_47d52d19,1780536646.1798441,7.0,79.0,47.0,0.005744457244873047,0.0,-6.493537425994873,13.841984748840332,-0.08206368237733841,13.687149047851562,0.2369002252817154,3.2998789038174436e-05,0.005744457244873047,24.57208251953125
run_1780535215_47d52d19,1780536648.1786551,7.0,79.0,47.0,0.005744457244873047,0.0,-6.493537425994873,13.813158988952637,-0.08206368237733841,13.680919647216797,0.2143024206161499,3.2998789038174436e-05,0.005744457244873047,24.57208251953125
run_1780535215_47d52d19,1780536650.181659,7.0,79.0,47.0,0.005744457244873047,0.0,-6.493537425994873,13.786487579345703,-0.08206368237733841,13.674691200256348,0.1938602477312088,3.2998789038174436e-05,0.005744457244873047,24.57208251953125
run_1780535215_47d52d19,1780536652.177658,7.0,79.0,47.0,0.005744457244873047,0.0,-6.493537425994873,13.761767387390137,-0.08206368237733841,13.668462753295898,0.1753680557012558,3.2998789038174436e-05,0.005744457244873047,24.57208251953125
run_1780535215_47d52d19,1780536654.1706839,7.0,79.0,47.0,0.005744457244873047,0.0,-6.493537425994873,13.738809585571289,-0.08206368237733841,13.66223430633545,0.1586398333311081,3.2998789038174436e-05,0.005744457244873047,24.57208251953125
run_1780535215_47d52d19,1780536656.1716828,7.0,79.0,47.0,0.005744457244873047,0.0,-6.493537425994873,13.717449188232422,-0.08206368237733841,13.656004905700684,0.1435072422027588,3.2998789038174436e-05,0.005744457244873047,24.57208251953125
run_1780535215_47d52d19,1780536658.1826549,7.0,79.0,47.0,0.005744457244873047,0.0,-6.493537425994873,13.697530746459961,-0.08206368237733841,13.649776458740234,0.1298181563615799,3.2998789038174436e-05,0.005744457244873047,24.57208251953125
run_1780535215_47d52d19,1780536660.1806688,7.0,79.0,47.0,0.005744457244873047,0.0,-6.493537425994873,13.678918838500977,-0.08206368237733841,13.643548011779785,0.11743487417697906,3.2998789038174436e-05,0.005744457244873047,24.57208251953125
run_1780535215_47d52d19,1780536662.1706748,7.0,79.0,47.0,0.005744457244873047,0.0,-6.493537425994873,13.66148853302002,-0.08206368237733841,13.637319564819336,0.10623283684253693,3.2998789038174436e-05,0.005744457244873047,24.57208251953125
run_1780535215_47d52d19,1780536664.1706724,7.0,79.0,47.0,0.005744457244873047,0.0,-6.493537425994873,13.645126342773438,-0.08206368237733841,13.63109016418457,0.09609933942556381,3.2998789038174436e-05,0.005744457244873047,24.57208251953125
run_1780535215_47d52d19,1780536666.1816692,7.0,79.0,47.0,0.005744457244873047,0.0,-6.493537425994873,13.629730224609375,-0.08206368237733841,13.624861717224121,0.086932472884655,3.2998789038174436e-05,0.005744457244873047,24.57208251953125
run_1780535215_47d52d19,1780536668.1696844,7.0,79.0,47.0,0.005744457244873047,0.0,-6.493537425994873,13.615208625793457,-0.08206368237733841,13.618633270263672,0.07864002883434296,3.2998789038174436e-05,0.005744457244873047,24.57208251953125
run_1780535215_47d52d19,1780536670.1816688,7.0,79.0,47.0,0.005744457244873047,0.0,-6.493537425994873,13.601478576660156,-0.08206368237733841,13.612404823303223,0.07113860547542572,3.2998789038174436e-05,0.005744457244873047,24.57208251953125
run_1780535215_47d52d19,1780536672.1806583,7.0,79.0,47.0,0.005744457244873047,0.0,-6.493537425994873,13.588464736938477,-0.08206368237733841,13.606175422668457,0.06435274332761765,3.2998789038174436e-05,0.005744457244873047,24.57208251953125
run_1780535215_47d52d19,1780536674.173666,7.0,79.0,47.0,0.005744457244873047,0.0,-6.493537425994873,13.57609748840332,-0.08206368237733841,13.599946975708008,0.05821416899561882,3.2998789038174436e-05,0.005744457244873047,24.57208251953125
run_1780535215_47d52d19,1780536676.1726704,7.0,79.0,47.0,0.005744457244873047,0.0,-6.493537425994873,13.564315795898438,-0.08206368237733841,13.593718528747559,0.05266116186976433,3.2998789038174436e-05,0.005744457244873047,24.57208251953125
run_1780535215_47d52d19,1780536678.1826606,7.0,79.0,47.0,0.005744457244873047,0.0,-6.493537425994873,13.55306339263916,-0.08206368237733841,13.58749008178711,0.04763785004615784,3.2998789038174436e-05,0.005744457244873047,24.57208251953125
run_1780535215_47d52d19,1780536680.178662,7.0,79.0,47.0,0.005744457244873047,0.0,-6.493537425994873,13.542291641235352,-0.08206368237733841,13.581260681152344,0.04309369996190071,3.2998789038174436e-05,0.005744457244873047,24.57208251953125
run_1780535215_47d52d19,1780536682.1766605,7.0,79.0,47.0,0.005744457244873047,0.0,-6.493537425994873,13.531951904296875,-0.08206368237733841,13.575032234191895,0.03898301348090172,3.2998789038174436e-05,0.005744457244873047,24.57208251953125
run_1780535215_47d52d19,1780536684.1696694,7.0,79.0,47.0,-0.038336753845214844,0.0,-6.543128967285156,15.594789505004883,0.547667920589447,13.575834274291992,1.471287488937378,0.001469706695388595,0.038336753845214844,24.57208251953125
run_1780535215_47d52d19,1780536686.1826596,7.0,79.0,47.0,0.005744457244873047,0.0,-6.493537425994873,13.443927764892578,-0.08206368237733841,13.574626922607422,-0.04863523691892624,3.2998789038174436e-05,0.005744457244873047,24.57208251953125
run_1780535215_47d52d19,1780536688.1816578,7.0,79.0,47.0,-0.038336753845214844,0.0,-6.543128967285156,15.44334602355957,0.547667920589447,13.587480545043945,1.3081963062286377,0.001469706695388595,0.038336753845214844,24.57208251953125
run_1780535215_47d52d19,1780536690.1776695,7.0,79.0,47.0,-0.038336753845214844,0.0,-6.543128967285156,15.332415580749512,0.547667920589447,13.601339340209961,1.1834081411361694,0.001469706695388595,0.038336753845214844,24.57208251953125
run_1780535215_47d52d19,1780536692.173673,7.0,79.0,47.0,-0.038336753845214844,0.0,-6.543128967285156,15.233388900756836,0.547667920589447,13.61519718170166,1.0705236196517944,0.001469706695388595,0.038336753845214844,24.57208251953125
run_1780535215_47d52d19,1780536694.1696832,7.0,79.0,47.0,-0.038336753845214844,0.0,-6.543128967285156,15.145130157470703,0.547667920589447,13.62905502319336,0.9684067964553833,0.001469706695388595,0.038336753845214844,24.57208251953125
run_1780535215_47d52d19,1780536696.1836605,7.0,79.0,47.0,-0.038336753845214844,0.0,-6.543128967285156,15.066612243652344,0.547667920589447,13.642912864685059,0.8760310411453247,0.001469706695388595,0.038336753845214844,24.57208251953125
run_1780535215_47d52d19,1780536698.1796637,7.0,79.0,47.0,-0.038336753845214844,0.0,-6.543128967285156,14.996907234191895,0.547667920589447,13.656770706176758,0.792466938495636,0.001469706695388595,0.038336753845214844,24.57208251953125
run_1780535215_47d52d19,1780536700.173666,7.0,79.0,47.0,-0.038336753845214844,0.0,-6.543128967285156,15.006950378417969,0.547667920589447,13.658576965332031,0.8007051348686218,0.001469706695388595,0.038336753845214844,24.57208251953125
run_1780535215_47d52d19,1780536702.1726687,7.0,79.0,47.0,-0.038336753845214844,0.0,-6.543128967285156,14.944429397583008,0.547667920589447,13.672435760498047,0.7243262529373169,0.001469706695388595,0.038336753845214844,24.57208251953125
run_1780535215_47d52d19,1780536704.1696799,7.0,79.0,47.0,-0.038336753845214844,0.0,-6.543128967285156,14.889195442199707,0.547667920589447,13.686293601989746,0.6552332639694214,0.001469706695388595,0.038336753845214844,24.57208251953125
run_1780535215_47d52d19,1780536706.1836634,7.0,79.0,47.0,0.005744457244873047,0.0,-6.493537425994873,12.792253494262695,-0.08206368237733841,13.689104080200195,-0.8147865533828735,3.2998789038174436e-05,0.005744457244873047,24.57208251953125
run_1780535215_47d52d19,1780536708.1696804,7.0,79.0,47.0,0.005744457244873047,0.0,-6.493537425994873,12.863746643066406,-0.08206368237733841,13.68287467956543,-0.7370645403862,3.2998789038174436e-05,0.005744457244873047,24.57208251953125
run_1780535215_47d52d19,1780536710.1826665,7.0,79.0,47.0,0.005744457244873047,0.0,-6.493537425994873,12.927825927734375,-0.08206368237733841,13.67664623260498,-0.6667563319206238,3.2998789038174436e-05,0.005744457244873047,24.57208251953125
run_1780535215_47d52d19,1780536712.1786573,7.0,79.0,47.0,0.005744457244873047,0.0,-6.493537425994873,12.985199928283691,-0.08206368237733841,13.670417785644531,-0.6031548380851746,3.2998789038174436e-05,0.005744457244873047,24.57208251953125
run_1780535215_47d52d19,1780536714.1756694,7.0,79.0,47.0,0.005744457244873047,0.0,-6.493537425994873,13.036504745483398,-0.08206368237733841,13.664189338684082,-0.545620322227478,3.2998789038174436e-05,0.005744457244873047,24.57208251953125
run_1780535215_47d52d19,1780536716.1726944,7.0,79.0,47.0,0.005744457244873047,0.0,-6.493537425994873,13.082322120666504,-0.08206368237733841,13.657959938049316,-0.49357396364212036,3.2998789038174436e-05,0.005744457244873047,24.57208251953125
run_1780535215_47d52d19,1780536718.1696925,7.0,79.0,47.0,0.005744457244873047,0.0,-6.493537425994873,13.123175621032715,-0.08206368237733841,13.651731491088867,-0.4464922547340393,3.2998789038174436e-05,0.005744457244873047,24.57208251953125
run_1780535215_47d52d19,1780536720.170014,7.0,79.0,47.0,0.005744457244873047,0.0,-6.493537425994873,13.159537315368652,-0.08206368237733841,13.645503044128418,-0.40390151739120483,3.2998789038174436e-05,0.005744457244873047,24.57208251953125
run_1780535215_47d52d19,1780536722.183985,7.0,79.0,47.0,0.005744457244873047,0.0,-6.493537425994873,13.191837310791016,-0.08206368237733841,13.639274597167969,-0.3653735816478729,3.2998789038174436e-05,0.005744457244873047,24.57208251953125
run_1780535215_47d52d19,1780536724.1679919,7.0,79.0,47.0,0.005744457244873047,0.0,-6.493537425994873,13.220460891723633,-0.08206368237733841,13.633045196533203,-0.33052077889442444,3.2998789038174436e-05,0.005744457244873047,24.57208251953125
run_1780535215_47d52d19,1780536726.1799924,7.0,79.0,47.0,0.005744457244873047,0.0,-6.493537425994873,13.245759963989258,-0.08206368237733841,13.626816749572754,-0.2989926040172577,3.2998789038174436e-05,0.005744457244873047,24.57208251953125
run_1780535215_47d52d19,1780536728.1769862,7.0,79.0,47.0,0.005744457244873047,0.0,-6.493537425994873,13.268052101135254,-0.08206368237733841,13.620588302612305,-0.27047187089920044,3.2998789038174436e-05,0.005744457244873047,24.57208251953125
run_1780535215_47d52d19,1780536730.1808014,7.0,79.0,47.0,0.005744457244873047,0.0,-6.493537425994873,13.28762435913086,-0.08206368237733841,13.614359855651855,-0.24467171728610992,3.2998789038174436e-05,0.005744457244873047,24.57208251953125
run_1780535215_47d52d19,1780536732.1798108,7.0,79.0,47.0,0.005744457244873047,0.0,-6.493537425994873,13.304734230041504,-0.08206368237733841,13.60813045501709,-0.2213325798511505,3.2998789038174436e-05,0.005744457244873047,24.57208251953125
run_1780535215_47d52d19,1780536734.1758504,7.0,79.0,47.0,0.005744457244873047,0.0,-6.493537425994873,13.319619178771973,-0.08206368237733841,13.60190200805664,-0.2002197802066803,3.2998789038174436e-05,0.005744457244873047,24.57208251953125
run_1780535215_47d52d19,1780536736.1743896,7.0,79.0,47.0,-0.038336753845214844,0.0,-6.543128967285156,15.430339813232422,0.547667920589447,13.598686218261719,1.2839851379394531,0.001469706695388595,0.038336753845214844,24.57208251953125
run_1780535215_47d52d19,1780536738.1748066,7.0,79.0,47.0,-0.038336753845214844,0.0,-6.543128967285156,15.321720123291016,0.547667920589447,13.612545013427734,1.1615065336227417,0.001469706695388595,0.038336753845214844,24.57208251953125
run_1780535215_47d52d19,1780536740.1772125,7.0,79.0,47.0,-0.038336753845214844,0.0,-6.543128967285156,15.321627616882324,0.547667920589447,13.610333442687988,1.1636251211166382,0.001469706695388595,0.038336753845214844,24.57208251953125
run_1780535215_47d52d19,1780536742.1693082,7.0,79.0,47.0,-0.038336753845214844,0.0,-6.543128967285156,15.224486351013184,0.547667920589447,13.624191284179688,1.0526275634765625,0.001469706695388595,0.038336753845214844,24.57208251953125
run_1780535215_47d52d19,1780536744.1693063,7.0,79.0,47.0,-0.038336753845214844,0.0,-6.543128967285156,15.137934684753418,0.547667920589447,13.638049125671387,0.952217698097229,0.001469706695388595,0.038336753845214844,24.57208251953125
run_1780535215_47d52d19,1780536746.183295,7.0,79.0,47.0,-0.038336753845214844,0.0,-6.543128967285156,15.060962677001953,0.547667920589447,13.651906967163086,0.8613862991333008,0.001469706695388595,0.038336753845214844,24.57208251953125
run_1780535215_47d52d19,1780536748.1802886,7.0,79.0,47.0,-0.038336753845214844,0.0,-6.543128967285156,14.992652893066406,0.547667920589447,13.665765762329102,0.779218852519989,0.001469706695388595,0.038336753845214844,24.57208251953125
run_1780535215_47d52d19,1780536750.1782951,7.0,79.0,47.0,-0.038336753845214844,0.0,-6.543128967285156,14.932181358337402,0.547667920589447,13.6796236038208,0.7048895955085754,0.001469706695388595,0.038336753845214844,24.57208251953125
run_1780535215_47d52d19,1780536752.174295,7.0,79.0,47.0,-0.038336753845214844,0.0,-6.543128967285156,14.878800392150879,0.547667920589447,13.6934814453125,0.6376506090164185,0.001469706695388595,0.038336753845214844,24.57208251953125
run_1780535215_47d52d19,1780536754.1712954,7.0,79.0,47.0,-0.038336753845214844,0.0,-6.543128967285156,14.831833839416504,0.547667920589447,13.707340240478516,0.5768255591392517,0.001469706695388595,0.038336753845214844,24.57208251953125
run_1780535215_47d52d19,1780536756.1742806,7.0,79.0,47.0,-0.038336753845214844,0.0,-6.543128967285156,14.790669441223145,0.547667920589447,13.721198081970215,0.5218023657798767,0.001469706695388595,0.038336753845214844,24.57208251953125
run_1780535215_47d52d19,1780536758.1822953,7.0,79.0,47.0,-0.038336753845214844,0.0,-6.543128967285156,14.754753112792969,0.547667920589447,13.735055923461914,0.472027987241745,0.001469706695388595,0.038336753845214844,24.57208251953125
run_1780535215_47d52d19,1780536760.1816156,7.0,79.0,47.0,-0.038336753845214844,0.0,-6.543128967285156,14.723584175109863,0.547667920589447,13.748913764953613,0.42700162529945374,0.001469706695388595,0.038336753845214844,24.57208251953125
run_1780535215_47d52d19,1780536762.1706069,7.0,79.0,47.0,-0.038336753845214844,0.0,-6.543128967285156,14.696711540222168,0.547667920589447,13.762771606445312,0.3862701654434204,0.001469706695388595,0.038336753845214844,24.57208251953125
run_1780535215_47d52d19,1780536764.18061,7.0,79.0,47.0,-0.038336753845214844,0.0,-6.543128967285156,14.673723220825195,0.547667920589447,13.776630401611328,0.3494240939617157,0.001469706695388595,0.038336753845214844,24.57208251953125
run_1780535215_47d52d19,1780536766.1736221,7.0,79.0,47.0,-0.038336753845214844,0.0,-6.543128967285156,14.65424919128418,0.547667920589447,13.790488243103027,0.31609275937080383,0.001469706695388595,0.038336753845214844,24.57208251953125
run_1780535215_47d52d19,1780536768.1826212,7.0,79.0,47.0,-0.038336753845214844,0.0,-6.543128967285156,14.637955665588379,0.547667920589447,13.804346084594727,0.28594085574150085,0.001469706695388595,0.038336753845214844,24.57208251953125
run_1780535215_47d52d19,1780536770.174583,7.0,79.0,47.0,-0.038336753845214844,0.0,-6.543128967285156,14.624537467956543,0.547667920589447,13.818204879760742,0.25866514444351196,0.001469706695388595,0.038336753845214844,24.57208251953125
run_1780535215_47d52d19,1780536772.1709108,7.0,79.0,47.0,-0.038336753845214844,0.0,-6.543128967285156,14.61372184753418,0.547667920589447,13.832062721252441,0.23399120569229126,0.001469706695388595,0.038336753845214844,24.57208251953125
run_1780535215_47d52d19,1780536774.1838882,7.0,79.0,47.0,-0.038336753845214844,0.0,-6.543128967285156,14.605259895324707,0.547667920589447,13.84592056274414,0.2116709202528,0.001469706695388595,0.038336753845214844,24.57208251953125
run_1780535215_47d52d19,1780536776.1828983,7.0,79.0,47.0,-0.038336753845214844,0.0,-6.543128967285156,14.598926544189453,0.547667920589447,13.85977840423584,0.19147974252700806,0.001469706695388595,0.038336753845214844,24.57208251953125
run_1780535215_47d52d19,1780536778.1778867,7.0,79.0,47.0,-0.038336753845214844,0.0,-6.543128967285156,14.594518661499023,0.547667920589447,13.873636245727539,0.1732146143913269,0.001469706695388595,0.038336753845214844,24.57208251953125
run_1780535215_47d52d19,1780536780.1729097,7.0,79.0,47.0,-0.038336753845214844,0.0,-6.543128967285156,14.5918550491333,0.547667920589447,13.887495040893555,0.1566917449235916,0.001469706695388595,0.038336753845214844,24.57208251953125
run_1780535215_47d52d19,1780536782.1709151,7.0,79.0,47.0,-0.038336753845214844,0.0,-6.543128967285156,14.590765953063965,0.547667920589447,13.901352882385254,0.14174498617649078,0.001469706695388595,0.038336753845214844,24.57208251953125
run_1780535215_47d52d19,1780536784.1699107,7.0,79.0,47.0,-0.038336753845214844,0.0,-6.543128967285156,14.591103553771973,0.547667920589447,13.915210723876953,0.12822401523590088,0.001469706695388595,0.038336753845214844,24.57208251953125
run_1780535215_47d52d19,1780536786.1828952,7.0,79.0,47.0,-0.038336753845214844,0.0,-6.543128967285156,14.592729568481445,0.547667920589447,13.929069519042969,0.11599282920360565,0.001469706695388595,0.038336753845214844,24.57208251953125
run_1780535215_47d52d19,1780536788.1778948,7.0,79.0,47.0,-0.038336753845214844,0.0,-6.543128967285156,14.595523834228516,0.547667920589447,13.942927360534668,0.10492832213640213,0.001469706695388595,0.038336753845214844,24.57208251953125
run_1780535215_47d52d19,1780536790.1758862,7.0,79.0,47.0,-0.038336753845214844,0.0,-6.543128967285156,14.599372863769531,0.547667920589447,13.956785202026367,0.09491928666830063,0.001469706695388595,0.038336753845214844,24.57208251953125
run_1780535215_47d52d19,1780536792.1848943,7.0,79.0,47.0,-0.038336753845214844,0.0,-6.543128967285156,14.60417652130127,0.547667920589447,13.970643043518066,0.08586499094963074,0.001469706695388595,0.038336753845214844,24.57208251953125
run_1780535215_47d52d19,1780536794.1798859,7.0,79.0,47.0,-0.038336753845214844,0.0,-6.543128967285156,14.609843254089355,0.547667920589447,13.984500885009766,0.07767437398433685,0.001469706695388595,0.038336753845214844,24.57208251953125
run_1780535215_47d52d19,1780536796.178887,7.0,79.0,47.0,-0.038336753845214844,0.0,-6.543128967285156,14.616292953491211,0.547667920589447,13.998359680175781,0.07026505470275879,0.001469706695388595,0.038336753845214844,24.57208251953125
run_1780535215_47d52d19,1780536798.1758978,7.0,79.0,47.0,-0.038336753845214844,0.0,-6.543128967285156,14.623448371887207,0.547667920589447,14.01221752166748,0.06356251239776611,0.001469706695388595,0.038336753845214844,24.57208251953125
run_1780535215_47d52d19,1780536800.1728828,7.0,79.0,47.0,-0.038336753845214844,0.0,-6.543128967285156,14.631242752075195,0.547667920589447,14.02607536315918,0.057499319314956665,0.001469706695388595,0.038336753845214844,24.57208251953125
run_1780535215_47d52d19,1780536802.1798873,7.0,79.0,47.0,-0.038336753845214844,0.0,-6.543128967285156,14.639616012573242,0.547667920589447,14.039934158325195,0.05201447755098343,0.001469706695388595,0.038336753845214844,24.57208251953125
run_1780535215_47d52d19,1780536804.1798873,7.0,79.0,47.0,-0.038336753845214844,0.0,-6.543128967285156,14.648513793945312,0.547667920589447,14.053791999816895,0.047052837908267975,0.001469706695388595,0.038336753845214844,24.57208251953125
run_1780535215_47d52d19,1780536806.1758878,7.0,79.0,47.0,-0.038336753845214844,0.0,-6.543128967285156,14.657883644104004,0.547667920589447,14.067649841308594,0.042564500123262405,0.001469706695388595,0.038336753845214844,24.57208251953125
run_1780535215_47d52d19,1780536808.1739008,7.0,79.0,47.0,-0.038336753845214844,0.0,-6.543128967285156,14.667680740356445,0.547667920589447,14.081507682800293,0.03850428760051727,0.001469706695388595,0.038336753845214844,24.57208251953125
run_1780535215_47d52d19,1780536810.1699095,7.0,79.0,47.0,0.005744457244873047,0.0,-6.493537425994873,12.605079650878906,-0.08206368237733841,14.088335990905762,-1.4011917114257812,3.2998789038174436e-05,0.005744457244873047,24.57208251953125
run_1780535215_47d52d19,1780536812.1838923,7.0,79.0,47.0,0.005744457244873047,0.0,-6.493537425994873,12.732510566711426,-0.08206368237733841,14.082106590270996,-1.2675330638885498,3.2998789038174436e-05,0.005744457244873047,24.57208251953125
run_1780535215_47d52d19,1780536814.1768894,7.0,79.0,47.0,-0.038336753845214844,0.0,-6.543128967285156,14.848197937011719,0.547667920589447,14.094961166381836,0.20556840300559998,0.001469706695388595,0.038336753845214844,24.57208251953125
run_1780535215_47d52d19,1780536816.176887,7.0,79.0,47.0,-0.038336753845214844,0.0,-6.543128967285156,14.842446327209473,0.547667920589447,14.108819007873535,0.1859593689441681,0.001469706695388595,0.038336753845214844,24.57208251953125
run_1780535215_47d52d19,1780536818.1748917,7.0,79.0,47.0,-0.038336753845214844,0.0,-6.543128967285156,14.838565826416016,0.547667920589447,14.122676849365234,0.16822081804275513,0.001469706695388595,0.038336753845214844,24.57208251953125
run_1780535215_47d52d19,1780536820.1848986,7.0,79.0,47.0,-0.038336753845214844,0.0,-6.543128967285156,14.836377143859863,0.547667920589447,14.136534690856934,0.15217433869838715,0.001469706695388595,0.038336753845214844,24.57208251953125
run_1780535215_47d52d19,1780536822.1808875,7.0,79.0,47.0,-0.038336753845214844,0.0,-6.543128967285156,14.83572006225586,0.547667920589447,14.150392532348633,0.1376585215330124,0.001469706695388595,0.038336753845214844,24.57208251953125
run_1780535215_47d52d19,1780536824.1768944,7.0,79.0,47.0,-0.038336753845214844,0.0,-6.543128967285156,14.836446762084961,0.547667920589447,14.164251327514648,0.12452737241983414,0.001469706695388595,0.038336753845214844,24.57208251953125
run_1780535215_47d52d19,1780536826.1729054,7.0,79.0,47.0,-0.038336753845214844,0.0,-6.543128967285156,14.838425636291504,0.547667920589447,14.178109169006348,0.11264874786138535,0.001469706695388595,0.038336753845214844,24.57208251953125
run_1780535215_47d52d19,1780536828.1718986,7.0,79.0,47.0,-0.038336753845214844,0.0,-6.543128967285156,14.841538429260254,0.547667920589447,14.191967010498047,0.1019032821059227,0.001469706695388595,0.038336753845214844,24.57208251953125
run_1780535215_47d52d19,1780536830.184897,7.0,79.0,47.0,-0.038336753845214844,0.0,-6.543128967285156,14.84567642211914,0.547667920589447,14.205825805664062,0.09218277782201767,0.001469706695388595,0.038336753845214844,24.57208251953125
run_1780535215_47d52d19,1780536832.1798975,7.0,79.0,47.0,-0.038336753845214844,0.0,-6.543128967285156,14.850741386413574,0.547667920589447,14.219683647155762,0.083389513194561,0.001469706695388595,0.038336753845214844,24.57208251953125
run_1780535215_47d52d19,1780536834.1758866,7.0,79.0,47.0,-0.038336753845214844,0.0,-6.543128967285156,14.856645584106445,0.547667920589447,14.233541488647461,0.07543502002954483,0.001469706695388595,0.038336753845214844,24.57208251953125
run_1780535215_47d52d19,1780536836.1719127,7.0,79.0,47.0,-0.038336753845214844,0.0,-6.543128967285156,14.86330795288086,0.547667920589447,14.24739933013916,0.06823933124542236,0.001469706695388595,0.038336753845214844,24.57208251953125
run_1780535215_47d52d19,1780536838.180892,7.0,79.0,47.0,-0.038336753845214844,0.0,-6.543128967285156,14.870655059814453,0.547667920589447,14.26125717163086,0.06173000857234001,0.001469706695388595,0.038336753845214844,24.57208251953125
run_1780535215_47d52d19,1780536840.1828973,7.0,79.0,47.0,-0.038336753845214844,0.0,-6.543128967285156,14.878625869750977,0.547667920589447,14.275115966796875,0.05584162473678589,0.001469706695388595,0.038336753845214844,24.57208251953125
run_1780535215_47d52d19,1780536842.1818984,7.0,79.0,47.0,-0.038336753845214844,0.0,-6.543128967285156,14.887157440185547,0.547667920589447,14.288973808288574,0.05051491782069206,0.001469706695388595,0.038336753845214844,24.57208251953125
run_1780535215_47d52d19,1780536844.1758852,7.0,79.0,47.0,-0.038336753845214844,0.0,-6.543128967285156,14.896196365356445,0.547667920589447,14.302831649780273,0.04569632560014725,0.001469706695388595,0.038336753845214844,24.57208251953125
run_1780535215_47d52d19,1780536846.1739044,7.0,79.0,47.0,-0.038336753845214844,0.0,-6.543128967285156,14.905695915222168,0.547667920589447,14.316690444946289,0.04133737459778786,0.001469706695388595,0.038336753845214844,24.57208251953125
run_1780535215_47d52d19,1780536848.171906,7.0,79.0,47.0,-0.038336753845214844,0.0,-6.543128967285156,14.915611267089844,0.547667920589447,14.330548286437988,0.03739423304796219,0.001469706695388595,0.038336753845214844,24.57208251953125
run_1780535215_47d52d19,1780536850.1738865,7.0,79.0,47.0,-0.038336753845214844,0.0,-6.543128967285156,14.925901412963867,0.547667920589447,14.344406127929688,0.03382721170783043,0.001469706695388595,0.038336753845214844,24.57208251953125
run_1780535215_47d52d19,1780536852.1739037,7.0,79.0,47.0,-0.038336753845214844,0.0,-6.543128967285156,14.93653392791748,0.547667920589447,14.358263969421387,0.030600454658269882,0.001469706695388595,0.038336753845214844,24.57208251953125
run_1780535215_47d52d19,1780536854.1709101,7.0,79.0,47.0,-0.038336753845214844,0.0,-6.543128967285156,14.94747257232666,0.547667920589447,14.372121810913086,0.027681497856974602,0.001469706695388595,0.038336753845214844,24.57208251953125
run_1780535215_47d52d19,1780536856.1838877,7.0,79.0,47.0,-0.038336753845214844,0.0,-6.543128967285156,14.95868968963623,0.547667920589447,14.385980606079102,0.025040971115231514,0.001469706695388595,0.038336753845214844,24.57208251953125
run_1780535215_47d52d19,1780536858.1778882,7.0,79.0,47.0,-0.038336753845214844,0.0,-6.543128967285156,14.970159530639648,0.547667920589447,14.3998384475708,0.02265232242643833,0.001469706695388595,0.038336753845214844,24.57208251953125
run_1780535215_47d52d19,1780536860.1748884,7.0,79.0,47.0,-0.038336753845214844,0.0,-6.543128967285156,14.981857299804688,0.547667920589447,14.4136962890625,0.02049153298139572,0.001469706695388595,0.038336753845214844,24.57208251953125
run_1780535215_47d52d19,1780536862.1758988,7.0,79.0,47.0,-0.038336753845214844,0.0,-6.543128967285156,14.993760108947754,0.547667920589447,14.427555084228516,0.01853686012327671,0.001469706695388595,0.038336753845214844,24.57208251953125
run_1780535215_47d52d19,1780536864.170902,7.0,79.0,47.0,-0.038336753845214844,0.0,-6.543128967285156,15.00584888458252,0.547667920589447,14.441412925720215,0.01676863618195057,0.001469706695388595,0.038336753845214844,24.57208251953125
run_1780535215_47d52d19,1780536866.1798866,7.0,79.0,47.0,-0.038336753845214844,0.0,-6.543128967285156,15.018108367919922,0.547667920589447,14.455270767211914,0.015169086866080761,0.001469706695388595,0.038336753845214844,24.57208251953125
run_1780535215_47d52d19,1780536868.1788979,7.0,79.0,47.0,-0.038336753845214844,0.0,-6.543128967285156,15.030519485473633,0.547667920589447,14.469128608703613,0.013722115196287632,0.001469706695388595,0.038336753845214844,24.57208251953125
run_1780535215_47d52d19,1780536870.1740203,7.0,79.0,47.0,-0.038336753845214844,0.0,-6.543128967285156,15.043067932128906,0.547667920589447,14.482986450195312,0.01241317205131054,0.001469706695388595,0.038336753845214844,24.57208251953125
run_1780535215_47d52d19,1780536872.1850998,7.0,79.0,47.0,-0.038336753845214844,0.0,-6.543128967285156,15.055743217468262,0.547667920589447,14.496845245361328,0.011229087598621845,0.001469706695388595,0.038336753845214844,24.57208251953125
run_1780535215_47d52d19,1780536874.1840906,7.0,79.0,47.0,-0.038336753845214844,0.0,-6.543128967285156,15.06852912902832,0.547667920589447,14.510703086853027,0.010157950222492218,0.001469706695388595,0.038336753845214844,24.57208251953125
run_1780535215_47d52d19,1780536876.1815016,7.0,79.0,47.0,-0.038336753845214844,0.0,-6.543128967285156,15.081418991088867,0.547667920589447,14.524560928344727,0.009188990108668804,0.001469706695388595,0.038336753845214844,24.57208251953125
run_1780535215_47d52d19,1780536878.177502,7.0,79.0,47.0,-0.038336753845214844,0.0,-6.543128967285156,15.094399452209473,0.547667920589447,14.538419723510742,0.008312458172440529,0.001469706695388595,0.038336753845214844,24.57208251953125
run_1780535215_47d52d19,1780536880.1846426,7.0,79.0,47.0,-0.038336753845214844,0.0,-6.543128967285156,15.107464790344238,0.547667920589447,14.552277565002441,0.0075195361860096455,0.001469706695388595,0.038336753845214844,24.57208251953125
run_1780535215_47d52d19,1780536882.1837215,7.0,79.0,47.0,-0.038336753845214844,0.0,-6.543128967285156,15.120606422424316,0.547667920589447,14.56613540649414,0.0068022506311535835,0.001469706695388595,0.038336753845214844,24.57208251953125
run_1780535215_47d52d19,1780536884.1807113,7.0,79.0,47.0,0.005744457244873047,0.0,-6.493537425994873,13.085518836975098,-0.08206368237733841,14.56894588470459,-1.4013638496398926,3.2998789038174436e-05,0.005744457244873047,24.57208251953125
run_1780535215_47d52d19,1780536886.176188,7.0,79.0,47.0,0.005744457244873047,0.0,-6.493537425994873,13.139488220214844,-0.08206368237733841,14.574769020080566,-1.353217363357544,3.2998789038174436e-05,0.005744457244873047,24.57208251953125
run_1780535215_47d52d19,1780536888.1723099,7.0,79.0,47.0,0.005744457244873047,0.0,-6.493537425994873,13.262341499328613,-0.08206368237733841,14.568540573120117,-1.2241344451904297,3.2998789038174436e-05,0.005744457244873047,24.57208251953125
run_1780535215_47d52d19,1780536890.1834335,7.0,79.0,47.0,-0.038336753845214844,0.0,-6.543128967285156,15.470734596252441,0.547667920589447,14.565324783325195,0.3577413260936737,0.001469706695388595,0.038336753845214844,24.57208251953125
run_1780535215_47d52d19,1780536892.176325,7.0,79.0,47.0,-0.038336753845214844,0.0,-6.543128967285156,15.450467109680176,0.547667920589447,14.579182624816895,0.3236165940761566,0.001469706695388595,0.038336753845214844,24.57208251953125
run_1780535215_47d52d19,1780536894.177329,7.0,79.0,47.0,-0.038336753845214844,0.0,-6.543128967285156,15.433456420898438,0.547667920589447,14.593040466308594,0.29274705052375793,0.001469706695388595,0.038336753845214844,24.57208251953125
run_1780535215_47d52d19,1780536896.185337,nan,nan,nan,-0.038336753845214844,nan,-6.543128967285156,nan,nan,nan,nan,nan,nan,24.57208251953125
