run_id,timestamp,kp,ki,kd,temp,temp_ref,temp_raw,temp_u,temp_u_p,temp_u_i,temp_u_d,sq_error,mae,start_temp
run_1777145511_32391484,1777145992.8547883,7.0,966.0,1.0,25.01659393310547,0.0,21.643667221069336,-100.0,-100.0,0.0,0.0025205572601407,625.8299720138893,25.01659393310547,25.01659393310547
run_1777145511_32391484,1777145994.837322,7.0,966.0,1.0,25.06106758117676,0.0,21.693700790405277,-100.0,-100.0,0.0,-0.0286570396274328,628.0571083083087,25.06106758117676,25.01659393310547
run_1777145511_32391484,1777145997.8269494,7.0,966.0,1.0,25.01659393310547,0.0,21.643667221069336,-100.0,-100.0,0.0,0.0036905680317431,625.8299720138893,25.01659393310547,25.01659393310547
run_1777145511_32391484,1777146000.0664136,7.0,966.0,1.0,25.01659393310547,0.0,21.643667221069336,-100.0,-100.0,0.0,0.0033385276328772,625.8299720138893,25.01659393310547,25.01659393310547
run_1777145511_32391484,1777146001.8309803,7.0,966.0,1.0,24.972171783447266,0.0,21.59369468688965,-100.0,-100.0,0.0,0.0325998105108737,623.6093635819998,24.972171783447266,25.01659393310547
run_1777145511_32391484,1777146007.2019565,7.0,966.0,1.0,24.972171783447266,0.0,21.59369468688965,-100.0,-100.0,0.0,0.0241323783993721,623.6093635819998,24.972171783447266,25.01659393310547
run_1777145511_32391484,1777146010.1108606,7.0,966.0,1.0,24.972171783447266,0.0,21.59369468688965,-100.0,-100.0,0.0,0.021830404177308,623.6093635819998,24.972171783447266,25.01659393310547
run_1777145511_32391484,1777146011.8326828,7.0,966.0,1.0,25.01659393310547,0.0,21.643667221069336,-100.0,-100.0,0.0,-0.0110419783741235,625.8299720138893,25.01659393310547,25.01659393310547
run_1777145511_32391484,1777146013.826799,7.0,966.0,1.0,24.972171783447266,0.0,21.59369468688965,-100.0,-100.0,0.0,0.0186332408338785,623.6093635819998,24.972171783447266,25.01659393310547
run_1777145511_32391484,1777146016.8382366,7.0,966.0,1.0,24.972171783447266,0.0,21.59369468688965,-100.0,-100.0,0.0,0.0168558303266763,623.6093635819998,24.972171783447266,25.01659393310547
run_1777145511_32391484,1777146018.8300784,7.0,966.0,1.0,24.972171783447266,0.0,21.59369468688965,-100.0,-100.0,0.0,0.0152479652315378,623.6093635819998,24.972171783447266,25.01659393310547
run_1777145511_32391484,1777146021.5163548,7.0,966.0,1.0,24.972171783447266,0.0,21.59369468688965,-100.0,-100.0,0.0,0.0131191108375787,623.6093635819998,24.972171783447266,25.01659393310547
run_1777145511_32391484,1777146023.8291228,7.0,966.0,1.0,24.972171783447266,0.0,21.59369468688965,-100.0,-100.0,0.0,0.0118676843121647,623.6093635819998,24.972171783447266,25.01659393310547
run_1777145511_32391484,1777146025.8390918,7.0,966.0,1.0,25.01659393310547,0.0,21.643667221069336,-100.0,-100.0,0.0,-0.0188441071659326,625.8299720138893,25.01659393310547,25.01659393310547
run_1777145511_32391484,1777146028.5521889,7.0,966.0,1.0,24.972171783447266,0.0,21.59369468688965,-100.0,-100.0,0.0,0.0113619491457939,623.6093635819998,24.972171783447266,25.01659393310547
run_1777145511_32391484,1777146031.0719323,7.0,966.0,1.0,24.972171783447266,0.0,21.59369468688965,-100.0,-100.0,0.0,0.0102781383320689,623.6093635819998,24.972171783447266,25.01659393310547
run_1777145511_32391484,1777146032.8262317,7.0,966.0,1.0,24.972171783447266,0.0,21.59369468688965,-100.0,-100.0,0.0,0.0092977127060294,623.6093635819998,24.972171783447266,25.01659393310547
run_1777145511_32391484,1777146034.8300936,7.0,966.0,1.0,24.972171783447266,0.0,21.59369468688965,-100.0,-100.0,0.0,0.0084108095616102,623.6093635819998,24.972171783447266,25.01659393310547
run_1777145511_32391484,1777146037.6026227,7.0,966.0,1.0,24.972171783447266,0.0,21.59369468688965,-100.0,-100.0,0.0,0.007236530072987,623.6093635819998,24.972171783447266,25.01659393310547
run_1777145511_32391484,1777146039.8301373,7.0,966.0,1.0,25.01659393310547,0.0,21.643667221069336,-100.0,-100.0,0.0,-0.0242437552660703,625.8299720138893,25.01659393310547,25.01659393310547
run_1777145511_32391484,1777146041.8371675,7.0,966.0,1.0,24.972171783447266,0.0,21.59369468688965,-100.0,-100.0,0.0,0.0082476418465375,623.6093635819998,24.972171783447266,25.01659393310547
run_1777145511_32391484,1777146044.5525253,7.0,966.0,1.0,24.972171783447266,0.0,21.59369468688965,-100.0,-100.0,0.0,0.0070961425080895,623.6093635819998,24.972171783447266,25.01659393310547
run_1777145511_32391484,1777146046.8317542,7.0,966.0,1.0,24.972171783447266,0.0,21.59369468688965,-100.0,-100.0,0.0,0.0064192456193268,623.6093635819998,24.972171783447266,25.01659393310547
run_1777145511_32391484,1777146048.839784,7.0,966.0,1.0,24.972171783447266,0.0,21.59369468688965,-100.0,-100.0,0.0,0.0058069173246622,623.6093635819998,24.972171783447266,25.01659393310547
run_1777145511_32391484,1777146051.6758316,7.0,966.0,1.0,24.972171783447266,0.0,21.59369468688965,-100.0,-100.0,0.0,0.0049961814656853,623.6093635819998,24.972171783447266,25.01659393310547
run_1777145511_32391484,1777146054.06235,7.0,966.0,1.0,25.01659393310547,0.0,21.643667221069336,-100.0,-100.0,0.0,-0.0244047287851572,625.8299720138893,25.01659393310547,25.01659393310547
run_1777145511_32391484,1777146056.8281283,7.0,966.0,1.0,24.972171783447266,0.0,21.59369468688965,-100.0,-100.0,0.0,0.0078009935095906,623.6093635819998,24.972171783447266,25.01659393310547
run_1777145511_32391484,1777146059.0827513,7.0,966.0,1.0,24.927698135375977,0.0,21.54366111755371,-100.0,-100.0,0.0,0.0375750660896301,621.3901343284269,24.927698135375977,25.01659393310547
run_1777145511_32391484,1777146060.830554,7.0,966.0,1.0,24.927698135375977,0.0,21.54366111755371,-100.0,-100.0,0.0,0.0358452647924423,621.3901343284269,24.927698135375977,25.01659393310547
run_1777145511_32391484,1777146062.8290462,7.0,966.0,1.0,24.927698135375977,0.0,21.54366111755371,-100.0,-100.0,0.0,0.0324260108172893,621.3901343284269,24.927698135375977,25.01659393310547
run_1777145511_32391484,1777146065.5933814,7.0,966.0,1.0,24.972171783447266,0.0,21.59369468688965,-100.0,-100.0,0.0,-0.0005511594936251,623.6093635819998,24.972171783447266,25.01659393310547
run_1777145511_32391484,1777146067.8234334,7.0,966.0,1.0,25.01659393310547,0.0,21.643667221069336,-100.0,-100.0,0.0,-0.0319121554493904,625.8299720138893,25.01659393310547,25.01659393310547
run_1777145511_32391484,1777146069.840309,7.0,966.0,1.0,24.972171783447266,0.0,21.59369468688965,-100.0,-100.0,0.0,0.0013107265112921,623.6093635819998,24.972171783447266,25.01659393310547
run_1777145511_32391484,1777146071.8256898,7.0,966.0,1.0,25.01659393310547,0.0,21.643667221069336,-100.0,-100.0,0.0,-0.0326516851782798,625.8299720138893,25.01659393310547,25.01659393310547
run_1777145511_32391484,1777146074.08096,7.0,966.0,1.0,24.972171783447266,0.0,21.59369468688965,-100.0,-100.0,0.0,0.0006417373660951,623.6093635819998,24.972171783447266,25.01659393310547
run_1777145511_32391484,1777146076.6328857,7.0,966.0,1.0,24.972171783447266,0.0,21.59369468688965,-100.0,-100.0,0.0,-0.0036076279357075,623.6093635819998,24.972171783447266,25.01659393310547
run_1777145511_32391484,1777146078.832321,7.0,966.0,1.0,25.01659393310547,0.0,21.643667221069336,-100.0,-100.0,0.0,-0.0337463654577732,625.8299720138893,25.01659393310547,25.01659393310547
run_1777145511_32391484,1777146080.835434,7.0,966.0,1.0,24.927698135375977,0.0,21.54366111755371,-100.0,-100.0,0.0,0.0292628500610589,621.3901343284269,24.927698135375977,25.01659393310547
run_1777145511_32391484,1777146083.7503655,7.0,966.0,1.0,24.927698135375977,0.0,21.54366111755371,-100.0,-100.0,0.0,0.025177301838994,621.3901343284269,24.927698135375977,25.01659393310547
run_1777145511_32391484,1777146086.6395352,7.0,966.0,1.0,24.927698135375977,0.0,21.54366111755371,-100.0,-100.0,0.0,0.0224390532821416,621.3901343284269,24.927698135375977,25.01659393310547
run_1777145511_32391484,1777146090.6432128,7.0,966.0,1.0,24.927698135375977,0.0,21.54366111755371,-100.0,-100.0,0.0,0.0193062089383602,621.3901343284269,24.927698135375977,25.01659393310547
run_1777145511_32391484,1777146092.8431551,7.0,966.0,1.0,24.927698135375977,0.0,21.54366111755371,-100.0,-100.0,0.0,0.0157986562699079,621.3901343284269,24.927698135375977,25.01659393310547
run_1777145511_32391484,1777146096.8300383,7.0,966.0,1.0,24.927698135375977,0.0,21.54366111755371,-100.0,-100.0,0.0,0.0142916291952133,621.3901343284269,24.927698135375977,25.01659393310547
run_1777145511_32391484,1777146098.8286934,7.0,966.0,1.0,24.972171783447266,0.0,21.59369468688965,-100.0,-100.0,0.0,-0.0182079169899225,623.6093635819998,24.972171783447266,25.01659393310547
run_1777145511_32391484,1777146102.0768423,7.0,966.0,1.0,24.927698135375977,0.0,21.54366111755371,-100.0,-100.0,0.0,0.0145587995648384,621.3901343284269,24.927698135375977,25.01659393310547
run_1777145511_32391484,1777146105.841262,7.0,966.0,1.0,24.927698135375977,0.0,21.54366111755371,-100.0,-100.0,0.0,0.0125261638313531,621.3901343284269,24.927698135375977,25.01659393310547
run_1777145511_32391484,1777146107.8286986,7.0,966.0,1.0,24.927698135375977,0.0,21.54366111755371,-100.0,-100.0,0.0,0.0090321628376841,621.3901343284269,24.927698135375977,25.01659393310547
run_1777145511_32391484,1777146110.8392644,7.0,966.0,1.0,24.883251190185547,0.0,21.4936580657959,-100.0,-100.0,0.0,0.0392022356390953,619.1761897938704,24.883251190185547,25.01659393310547
run_1777145511_32391484,1777146114.6365142,7.0,966.0,1.0,24.927698135375977,0.0,21.54366111755371,-100.0,-100.0,0.0,0.0026114161591976,621.3901343284269,24.927698135375977,25.01659393310547
run_1777145511_32391484,1777146116.8417842,7.0,966.0,1.0,24.883251190185547,0.0,21.4936580657959,-100.0,-100.0,0.0,0.0306797362864017,619.1761897938704,24.883251190185547,25.01659393310547
run_1777145511_32391484,1777146119.842823,7.0,966.0,1.0,24.883251190185547,0.0,21.4936580657959,-100.0,-100.0,0.0,0.0259185843169689,619.1761897938704,24.883251190185547,25.01659393310547
run_1777145511_32391484,1777146122.568383,7.0,966.0,1.0,24.838809967041016,0.0,21.443660736083984,-100.0,-100.0,0.0,0.0515971966087818,616.9664805787761,24.838809967041016,25.01659393310547
run_1777145511_32391484,1777146124.842816,7.0,966.0,1.0,24.794336318969727,0.0,21.39362907409668,-100.0,-100.0,0.0,0.0765877738595008,614.7591134981813,24.794336318969727,25.01659393310547
run_1777145511_32391484,1777146126.828901,7.0,966.0,1.0,24.794336318969727,0.0,21.39362907409668,-100.0,-100.0,0.0,0.0692821145057678,614.7591134981813,24.794336318969727,25.01659393310547
run_1777145511_32391484,1777146128.8296845,7.0,966.0,1.0,24.74992179870605,0.0,21.34366226196289,-100.0,-100.0,0.0,0.0925459638237953,612.5586290420651,24.74992179870605,25.01659393310547
run_1777145511_32391484,1777146131.595977,7.0,966.0,1.0,24.661008834838867,0.0,21.243635177612305,-100.0,-100.0,0.0,0.1389360576868057,608.1653567520007,24.661008834838867,25.01659393310547
run_1777145511_32391484,1777146133.8429627,7.0,966.0,1.0,24.57208251953125,0.0,21.143592834472656,-100.0,-100.0,0.0,0.1799787729978561,603.7872393466532,24.57208251953125,25.01659393310547
run_1777145511_32391484,1777146137.6844883,7.0,966.0,1.0,24.483177185058597,0.0,21.0435733795166,-100.0,-100.0,0.0,0.2146751582622528,599.4259650749736,24.483177185058597,25.01659393310547
run_1777145511_32391484,1777146141.0999286,7.0,966.0,1.0,24.34983253479004,0.0,20.89356231689453,-100.0,-100.0,0.0,0.2645004093647003,592.9143444723195,24.34983253479004,25.01659393310547
run_1777145511_32391484,1777146144.04197,7.0,966.0,1.0,24.305397033691406,0.0,20.84357070922852,-100.0,-100.0,0.0,0.2688585221767425,590.752324965375,24.305397033691406,25.01659393310547
run_1777145511_32391484,1777146145.8411305,7.0,966.0,1.0,24.216514587402344,0.0,20.74357795715332,-100.0,-100.0,0.0,0.3030207753181457,586.4395787618705,24.216514587402344,25.01659393310547
run_1777145511_32391484,1777146147.8393822,7.0,966.0,1.0,24.172046661376957,0.0,20.693553924560547,-100.0,-100.0,0.0,0.3037261068820953,584.2878397997847,24.172046661376957,25.01659393310547
run_1777145511_32391484,1777146151.4427533,7.0,966.0,1.0,24.03873443603516,0.0,20.543577194213867,-100.0,-100.0,0.0,0.3288795948028564,577.8607532862225,24.03873443603516,25.01659393310547
run_1777145511_32391484,1777146153.8298993,7.0,966.0,1.0,23.90539932250977,0.0,20.393573760986328,-100.0,-100.0,0.0,0.3845304846763611,571.4681167686504,23.90539932250977,25.01659393310547
run_1777145511_32391484,1777146155.8461704,7.0,966.0,1.0,23.772083282470703,0.0,20.243593215942383,-100.0,-100.0,0.0,0.4152761697769165,565.1119435887231,23.772083282470703,25.01659393310547
run_1777145511_32391484,1777146158.8284152,7.0,966.0,1.0,23.59433364868164,0.0,20.043624877929688,-100.0,-100.0,0.0,0.470475286245346,556.6925803253107,23.59433364868164,25.01659393310547
run_1777145511_32391484,1777146161.8309095,7.0,966.0,1.0,23.46104621887207,0.0,19.8936767578125,-100.0,-100.0,0.0,0.5143858194351196,550.4206896840515,23.46104621887207,25.01659393310547
run_1777145511_32391484,1777146163.8408885,7.0,966.0,1.0,23.37218475341797,0.0,19.79370880126953,-100.0,-100.0,0.0,0.5256881713867188,546.2590201479034,23.37218475341797,25.01659393310547
run_1777145511_32391484,1777146165.828326,7.0,966.0,1.0,23.283300399780277,0.0,19.69371223449707,-100.0,-100.0,0.0,0.5371508002281189,542.1120775064082,23.283300399780277,25.01659393310547
run_1777145511_32391484,1777146168.077895,7.0,966.0,1.0,23.194446563720703,0.0,19.593751907348636,-100.0,-100.0,0.0,0.5462763905525208,537.9823513972951,23.194446563720703,25.01659393310547
run_1777145511_32391484,1777146169.8300831,7.0,966.0,1.0,23.061176300048828,0.0,19.443824768066406,-100.0,-100.0,0.0,0.5811475515365601,531.8178523419338,23.061176300048828,25.01659393310547
run_1777145511_32391484,1777146172.0624635,7.0,966.0,1.0,22.97231674194336,0.0,19.34385681152344,-100.0,-100.0,0.0,0.5860802531242371,527.7273364921712,22.97231674194336,25.01659393310547
run_1777145511_32391484,1777146173.829546,7.0,966.0,1.0,22.79459953308105,0.0,19.14392471313477,-100.0,-100.0,0.0,0.6497592926025391,519.593767873539,22.79459953308105,25.01659393310547
run_1777145511_32391484,1777146175.8269005,7.0,966.0,1.0,22.66132354736328,0.0,18.99398803710937,-100.0,-100.0,0.0,0.6783220767974854,513.5355849182815,22.66132354736328,25.01659393310547
run_1777145511_32391484,1777146177.8255093,7.0,966.0,1.0,22.528078079223636,0.0,18.844087600708008,-100.0,-100.0,0.0,0.7023782134056091,507.5143019435964,22.528078079223636,25.01659393310547
run_1777145511_32391484,1777146179.8374624,7.0,966.0,1.0,22.439247131347656,0.0,18.7441520690918,-100.0,-100.0,0.0,0.6957272887229919,503.519811821694,22.439247131347656,25.01659393310547
run_1777145511_32391484,1777146181.827309,7.0,966.0,1.0,22.261592864990234,0.0,18.54429054260254,-100.0,-100.0,0.0,0.748904287815094,495.5785168865841,22.261592864990234,25.01659393310547
run_1777145511_32391484,1777146183.825384,7.0,966.0,1.0,21.950687408447266,0.0,18.194522857666016,-100.0,-100.0,0.0,0.81776362657547,481.8326777033653,21.950687408447266,25.01659393310547
run_1777145511_32391484,1777146187.833803,7.0,966.0,1.0,21.90630340576172,0.0,18.144590377807617,-100.0,-100.0,0.0,0.7699103355407715,479.8861289052875,21.90630340576172,25.01659393310547
run_1777145511_32391484,1777146189.8397725,7.0,966.0,1.0,21.68424224853516,0.0,17.894771575927734,-100.0,-100.0,0.0,0.846240222454071,470.206361893157,21.68424224853516,25.01659393310547
run_1777145511_32391484,1777146192.0584612,7.0,966.0,1.0,21.59540557861328,0.0,17.794830322265625,-100.0,-100.0,0.0,0.8258702158927917,466.3615421048016,21.59540557861328,25.01659393310547
run_1777145511_32391484,1777146194.642913,7.0,966.0,1.0,21.37338256835937,0.0,17.545055389404297,-100.0,-100.0,0.0,0.8571445941925049,456.8214824134484,21.37338256835937,25.01659393310547
run_1777145511_32391484,1777146196.8263252,7.0,966.0,1.0,21.240196228027344,0.0,17.395221710205078,-100.0,-100.0,0.0,0.8667755722999573,451.145935805107,21.240196228027344,25.01659393310547
run_1777145511_32391484,1777146199.5100365,7.0,966.0,1.0,21.06261444091797,0.0,17.19544219970703,-100.0,-100.0,0.0,0.8646430373191833,443.63372708676616,21.06261444091797,25.01659393310547
run_1777145511_32391484,1777146201.8333745,7.0,966.0,1.0,20.885013580322266,0.0,16.995641708374023,-100.0,-100.0,0.0,0.9029168486595154,436.1837922502455,20.885013580322266,25.01659393310547
run_1777145511_32391484,1777146203.8291893,7.0,966.0,1.0,20.796220779418945,0.0,16.895748138427734,-100.0,-100.0,0.0,0.8771108388900757,432.4827987063363,20.796220779418945,25.01659393310547
run_1777145511_32391484,1777146206.5554516,7.0,966.0,1.0,20.529909133911133,0.0,16.596147537231445,-100.0,-100.0,0.0,0.9351725578308104,421.47716904664776,20.529909133911133,25.01659393310547
run_1777145511_32391484,1777146208.8297129,7.0,966.0,1.0,20.441104888916016,0.0,16.496244430541992,-100.0,-100.0,0.0,0.9069051742553712,417.83876907966624,20.441104888916016,25.01659393310547
run_1777145511_32391484,1777146210.8448946,7.0,966.0,1.0,20.26357650756836,0.0,16.296524047851562,-100.0,-100.0,0.0,0.9435007572174072,410.6125328780763,20.26357650756836,25.01659393310547
run_1777145511_32391484,1777146212.8368826,7.0,966.0,1.0,20.08604049682617,0.0,16.09679412841797,-100.0,-100.0,0.0,0.975327491760254,403.44902284014097,20.08604049682617,25.01659393310547
run_1777145511_32391484,1777146214.8353791,7.0,966.0,1.0,19.95289802551269,0.0,15.947010040283203,-100.0,-100.0,0.0,0.9260874390602112,398.1181396165084,19.95289802551269,25.01659393310547
run_1777145511_32391484,1777146218.3744946,7.0,966.0,1.0,19.686634063720703,0.0,15.647462844848633,-100.0,-100.0,0.0,0.9760921001434326,387.5635607588483,19.686634063720703,25.01659393310547
run_1777145511_32391484,1777146220.8351707,7.0,966.0,1.0,19.55349540710449,0.0,15.497682571411133,-100.0,-100.0,0.0,0.9761943221092224,382.33918263565647,19.55349540710449,25.01659393310547
run_1777145511_32391484,1777146224.065321,7.0,966.0,1.0,19.331626892089844,0.0,15.24808120727539,-100.0,-100.0,0.0,0.985351860523224,373.7117982949712,19.331626892089844,25.01659393310547
run_1777145511_32391484,1777146225.8618236,7.0,966.0,1.0,19.10977554321289,0.0,14.998497009277344,-100.0,-100.0,0.0,1.044581174850464,365.18352131197753,19.10977554321289,25.01659393310547
run_1777145511_32391484,1777146229.7530031,7.0,966.0,1.0,18.71051979064941,0.0,14.549334526062012,-100.0,-100.0,0.0,1.0775378942489624,350.0835508362834,18.71051979064941,25.01659393310547
run_1777145511_32391484,1777146234.881672,7.0,966.0,1.0,18.48871612548828,0.0,14.2998046875,-100.0,-100.0,0.0,1.0293182134628296,341.8326239688904,18.48871612548828,25.01659393310547
run_1777145511_32391484,1777146237.0906332,7.0,966.0,1.0,18.31130027770996,0.0,14.100213050842283,-100.0,-100.0,0.0,1.0553420782089231,335.3037178604609,18.31130027770996,25.01659393310547
run_1777145511_32391484,1777146238.8310435,7.0,966.0,1.0,18.17819595336914,0.0,13.95047092437744,-100.0,-100.0,0.0,1.0478976964950562,330.4468081190862,18.17819595336914,25.01659393310547
run_1777145511_32391484,1777146240.8274014,7.0,966.0,1.0,18.089496612548828,0.0,13.85068416595459,-100.0,-100.0,0.0,1.0100383758544922,327.2298876954155,18.089496612548828,25.01659393310547
run_1777145511_32391484,1777146242.824968,7.0,966.0,1.0,17.82343292236328,0.0,13.551361083984377,-100.0,-100.0,0.0,1.0463294982910156,317.6747611379833,17.82343292236328,25.01659393310547
run_1777145511_32391484,1777146245.8448498,7.0,966.0,1.0,17.646028518676758,0.0,13.35178279876709,-100.0,-100.0,0.0,1.0701422691345217,311.38232248195345,17.646028518676758,25.01659393310547
run_1777145511_32391484,1777146247.8314996,7.0,966.0,1.0,17.512983322143555,0.0,13.202106475830078,-100.0,-100.0,0.0,1.0602786540985107,306.7045848416783,17.512983322143555,25.01659393310547
run_1777145511_32391484,1777146249.8270864,7.0,966.0,1.0,17.29129981994629,0.0,12.952713012695312,-100.0,-100.0,0.0,1.1122448444366455,298.98904946327457,17.29129981994629,25.01659393310547
run_1777145511_32391484,1777146252.0487204,7.0,966.0,1.0,17.246944427490234,0.0,12.90281105041504,-100.0,-100.0,0.0,1.036892056465149,297.45709208493645,17.246944427490234,25.01659393310547
run_1777145511_32391484,1777146253.8207428,7.0,966.0,1.0,17.025249481201172,0.0,12.653407096862791,-100.0,-100.0,0.0,1.0892668962478638,289.8591198971408,17.025249481201172,25.01659393310547
run_1777145511_32391484,1777146256.555008,7.0,966.0,1.0,16.803573608398438,0.0,12.404019355773926,-100.0,-100.0,0.0,1.0869497060775757,282.3600860128645,16.803573608398438,25.01659393310547
run_1777145511_32391484,1777146258.8283646,7.0,966.0,1.0,16.71493148803711,0.0,12.304298400878906,-100.0,-100.0,0.0,1.042885661125183,279.38893464977446,16.71493148803711,25.01659393310547
run_1777145511_32391484,1777146260.8215225,7.0,966.0,1.0,16.49327850341797,0.0,12.054938316345217,-100.0,-100.0,0.0,1.093150973320007,272.02823579130927,16.49327850341797,25.01659393310547
run_1777145511_32391484,1777146262.8372705,7.0,966.0,1.0,16.40460205078125,0.0,11.955178260803224,-100.0,-100.0,0.0,1.048518419265747,269.1109684444964,16.40460205078125,25.01659393310547
run_1777145511_32391484,1777146264.83362,7.0,966.0,1.0,16.183002471923828,0.0,11.705877304077148,-100.0,-100.0,0.0,1.0963984727859497,261.8895690062928,16.183002471923828,25.01659393310547
run_1777145511_32391484,1777146266.832058,7.0,966.0,1.0,16.094364166259766,0.0,11.606159210205078,-100.0,-100.0,0.0,1.0514304637908936,259.0285579161864,16.094364166259766,25.01659393310547
run_1777145511_32391484,1777146269.6120172,7.0,966.0,1.0,15.91706657409668,0.0,11.406699180603027,-100.0,-100.0,0.0,1.0175238847732544,253.3530083242258,15.91706657409668,25.01659393310547
run_1777145511_32391484,1777146271.8306546,7.0,966.0,1.0,15.5625638961792,0.0,11.00788402557373,-100.0,-100.0,0.0,1.1094794273376465,242.1933950226603,15.5625638961792,25.01659393310547
run_1777145511_32391484,1777146274.831092,7.0,966.0,1.0,15.518245697021484,0.0,10.958025932312012,-100.0,-100.0,0.0,1.0340582132339478,240.81594951312584,15.518245697021484,25.01659393310547
run_1777145511_32391484,1777146276.8326175,7.0,966.0,1.0,15.34096908569336,0.0,10.758589744567873,-100.0,-100.0,0.0,1.0042871236801147,235.34533248819932,15.34096908569336,25.01659393310547
run_1777145511_32391484,1777146279.8277678,7.0,966.0,1.0,15.075139045715332,0.0,10.459531784057615,-100.0,-100.0,0.0,1.0873640775680542,227.25981724765097,15.075139045715332,25.01659393310547
run_1777145511_32391484,1777146282.5613365,7.0,966.0,1.0,14.89791774749756,0.0,10.260157585144045,-100.0,-100.0,0.0,1.0548176765441897,221.94795321120276,14.89791774749756,25.01659393310547
run_1777145511_32391484,1777146284.8437278,7.0,966.0,1.0,14.676403999328612,0.0,10.01095485687256,-100.0,-100.0,0.0,1.105661392211914,215.3968343515089,14.676403999328612,25.01659393310547
run_1777145511_32391484,1777146287.0479455,7.0,966.0,1.0,14.632128715515137,0.0,9.96114444732666,-100.0,-100.0,0.0,1.030575156211853,214.09919074740264,14.632128715515137,25.01659393310547
run_1777145511_32391484,1777146288.8291626,7.0,966.0,1.0,14.410621643066406,0.0,9.711949348449709,-100.0,-100.0,0.0,1.0819156169891355,207.66601613961396,14.410621643066406,25.01659393310547
run_1777145511_32391484,1777146292.050002,7.0,966.0,1.0,14.10056495666504,0.0,9.36313533782959,-100.0,-100.0,0.0,1.0917761325836182,198.8259320971301,14.10056495666504,25.01659393310547
run_1777145511_32391484,1777146295.684707,7.0,966.0,1.0,13.923418045043944,0.0,9.163846015930176,-100.0,-100.0,0.0,1.0585473775863647,193.86157005705536,13.923418045043944,25.01659393310547
run_1777145511_32391484,1777146297.828369,7.0,966.0,1.0,13.70199203491211,0.0,8.914740562438965,-100.0,-100.0,0.0,1.057380199432373,187.7445857247949,13.70199203491211,25.01659393310547
run_1777145511_32391484,1777146300.8262186,7.0,966.0,1.0,13.436283111572266,0.0,8.61581802368164,-100.0,-100.0,0.0,1.14143168926239,180.53370385432208,13.436283111572266,25.01659393310547
run_1777145511_32391484,1777146302.82489,7.0,966.0,1.0,13.39198398590088,0.0,8.5659818649292,-100.0,-100.0,0.0,1.0629494190216064,179.3452350786256,13.39198398590088,25.01659393310547
run_1777145511_32391484,1777146304.820403,7.0,966.0,1.0,13.126331329345703,0.0,8.267122268676758,-100.0,-100.0,0.0,1.08806574344635,172.30057416776253,13.126331329345703,25.01659393310547
run_1777145511_32391484,1777146307.829429,7.0,966.0,1.0,12.816398620605469,0.0,7.918447971343994,-100.0,-100.0,0.0,1.1485177278518677,164.26007360225776,12.816398620605469,25.01659393310547
run_1777145511_32391484,1777146310.8256545,7.0,966.0,1.0,12.77212142944336,0.0,7.868636131286621,-100.0,-100.0,0.0,1.0693445205688477,163.12708580844628,12.77212142944336,25.01659393310547
run_1777145511_32391484,1777146312.8292823,7.0,966.0,1.0,12.595041275024414,0.0,7.669421195983887,-100.0,-100.0,0.0,1.088951587677002,158.63506471956862,12.595041275024414,25.01659393310547
run_1777145511_32391484,1777146314.833369,7.0,966.0,1.0,12.46222686767578,0.0,7.520005702972412,-100.0,-100.0,0.0,1.076215386390686,155.3070985014201,12.46222686767578,25.01659393310547
run_1777145511_32391484,1777146316.8214133,7.0,966.0,1.0,12.196659088134766,0.0,7.221240997314453,-100.0,-100.0,0.0,1.1583751440048218,148.75849291218037,12.196659088134766,25.01659393310547
run_1777145511_32391484,1777146318.8332677,7.0,966.0,1.0,12.152406692504885,0.0,7.171457767486572,-100.0,-100.0,0.0,1.0782448053359983,147.6809884200375,12.152406692504885,25.01659393310547
run_1777145511_32391484,1777146321.5088477,7.0,966.0,1.0,11.975364685058594,0.0,6.972285270690918,-100.0,-100.0,0.0,1.0433464050292969,143.4093593401485,11.975364685058594,25.01659393310547
run_1777145511_32391484,1777146323.828283,7.0,966.0,1.0,11.754071235656738,0.0,6.723330497741699,-100.0,-100.0,0.0,1.0930743217468262,138.15819061289312,11.754071235656738,25.01659393310547
run_1777145511_32391484,1777146325.8448188,7.0,966.0,1.0,11.621309280395508,0.0,6.573972702026367,-100.0,-100.0,0.0,1.0790003538131714,135.05482939060676,11.621309280395508,25.01659393310547
run_1777145511_32391484,1777146327.8246057,7.0,966.0,1.0,11.311535835266112,0.0,6.225478172302246,-100.0,-100.0,0.0,1.141793131828308,127.95084295250945,11.311535835266112,25.01659393310547
run_1777145511_32391484,1777146330.828654,7.0,966.0,1.0,11.223047256469728,0.0,6.125927448272705,-100.0,-100.0,0.0,1.0935996770858765,125.95678972095266,11.223047256469728,25.01659393310547
run_1777145511_32391484,1777146332.829538,7.0,966.0,1.0,11.090322494506836,0.0,5.976613521575928,-100.0,-100.0,0.0,1.0275747776031494,122.99525303216431,11.090322494506836,25.01659393310547
run_1777145511_32391484,1777146335.829167,7.0,966.0,1.0,10.913329124450684,0.0,5.77749490737915,-100.0,-100.0,0.0,1.0498955249786377,119.10075257858352,10.913329124450684,25.01659393310547
run_1777145511_32391484,1777146337.827278,7.0,966.0,1.0,10.73636245727539,0.0,5.578406810760498,-100.0,-100.0,0.0,1.0699715614318848,115.26947881399246,10.73636245727539,25.01659393310547
run_1777145511_32391484,1777146339.8294427,7.0,966.0,1.0,10.603660583496094,0.0,5.429118633270264,-100.0,-100.0,0.0,1.0593376159667969,112.43761776998872,10.603660583496094,25.01659393310547
run_1777145511_32391484,1777146342.544529,7.0,966.0,1.0,10.42669677734375,0.0,5.2300333976745605,-100.0,-100.0,0.0,1.0293277502059937,108.71600568667054,10.42669677734375,25.01659393310547
run_1777145511_32391484,1777146344.8293788,7.0,966.0,1.0,10.205520629882812,0.0,4.981210231781006,-100.0,-100.0,0.0,1.0306142568588257,104.15265132696368,10.205520629882812,25.01659393310547
run_1777145511_32391484,1777146347.8299189,7.0,966.0,1.0,10.028596878051758,0.0,4.782171249389648,-100.0,-100.0,0.0,1.052596926689148,100.57275534246946,10.028596878051758,25.01659393310547
run_1777145511_32391484,1777146349.8263285,7.0,966.0,1.0,9.940144538879396,0.0,4.682662963867188,-100.0,-100.0,0.0,1.0122816562652588,98.80647345381384,9.940144538879396,25.01659393310547
run_1777145511_32391484,1777146351.8291318,7.0,966.0,1.0,9.630563735961914,0.0,4.334384441375732,-100.0,-100.0,0.0,1.077542781829834,92.7477578724247,9.630563735961914,25.01659393310547
run_1777145511_32391484,1777146355.5936935,7.0,966.0,1.0,9.45367431640625,0.0,4.135383605957031,-100.0,-100.0,0.0,1.048539161682129,89.37195808067918,9.45367431640625,25.01659393310547
run_1777145511_32391484,1777146358.5634897,7.0,966.0,1.0,9.276808738708496,0.0,3.936409950256348,-100.0,-100.0,0.0,1.0211997032165527,86.05918037457832,9.276808738708496,25.01659393310547
run_1777145511_32391484,1777146364.2439246,7.0,966.0,1.0,8.790448188781738,0.0,3.389254093170166,-100.0,-100.0,0.0,1.060800075531006,77.27197935965614,8.790448188781738,25.01659393310547
run_1777145511_32391484,1777146366.824924,7.0,966.0,1.0,8.56939697265625,0.0,3.140571355819702,-100.0,-100.0,0.0,1.063538670539856,73.4345644749701,8.56939697265625,25.01659393310547
run_1777145511_32391484,1777146369.8195865,7.0,966.0,1.0,8.436765670776367,0.0,2.991361379623413,-100.0,-100.0,0.0,1.0055224895477295,71.1790149835906,8.436765670776367,25.01659393310547
run_1777145511_32391484,1777146372.8419392,7.0,966.0,1.0,8.215742111206055,0.0,2.7427096366882324,-100.0,-100.0,-0.1595175713300705,1.0619510412216189,67.49841843784452,8.215742111206055,25.01659393310547
run_1777145511_32391484,1777146374.8245652,7.0,966.0,1.0,8.038980484008789,0.0,2.543853282928467,-100.0,-100.0,-0.5216606855392456,1.0350357294082642,64.62520722227418,8.038980484008789,25.01659393310547
run_1777145511_32391484,1777146378.0496242,7.0,966.0,1.0,7.950559616088867,0.0,2.4443798065185547,-100.0,-100.0,-0.7585148215293884,0.9975908398628236,63.21139820898316,7.950559616088867,25.01659393310547
run_1777145511_32391484,1777146379.829359,7.0,966.0,1.0,7.7737717628479,0.0,2.2454934120178223,-100.0,-100.0,-0.991316020488739,1.023798942565918,60.43152742085135,7.7737717628479,25.01659393310547
run_1777145511_32391484,1777146382.5018728,7.0,966.0,1.0,7.597007751464844,0.0,2.04663348197937,-100.0,-100.0,-1.333328366279602,1.0010018348693848,57.71452677581692,7.597007751464844,25.01659393310547
run_1777145511_32391484,1777146384.825992,7.0,966.0,1.0,7.50861644744873,0.0,1.947193145751953,-100.0,-100.0,-1.556326150894165,0.9649677276611328,56.3793209548976,7.50861644744873,25.01659393310547
run_1777145511_32391484,1777146386.841457,7.0,966.0,1.0,7.331868648529053,0.0,1.7483525276184082,-100.0,-100.0,-1.7755335569381714,0.9930502772331238,53.75629787928324,7.331868648529053,25.01659393310547
run_1777145511_32391484,1777146388.8280406,7.0,966.0,1.0,7.243470191955566,0.0,1.6489039659500122,-100.0,-100.0,-1.9906902313232424,0.9577794671058656,52.46786042174881,7.243470191955566,25.01659393310547
run_1777145511_32391484,1777146390.8254662,7.0,966.0,1.0,7.066725254058838,0.0,1.4500659704208374,-100.0,-100.0,-2.202054977416992,0.986545741558075,49.93860581635295,7.066725254058838,25.01659393310547
run_1777145511_32391484,1777146392.8266275,7.0,966.0,1.0,6.978363037109375,0.0,1.350658655166626,-100.0,-99.69090270996094,-2.4093687534332275,0.9518709182739258,48.69755067769438,6.978363037109375,25.01659393310547
run_1777145511_32391484,1777146397.631925,13.0,697.0,47.0,6.624929904937744,0.0,0.9530463218688964,-29.466516494750977,-50.96099853515625,-2.850478172302246,24.34496307373047,43.88969624533843,6.624929904937744,25.01659393310547
run_1777145511_32391484,1777146399.8263168,13.0,697.0,47.0,6.448222637176514,0.0,0.7542498707771301,-27.503803253173828,-49.60171508789063,-2.994952917098999,25.092866897583008,41.57957517859563,6.448222637176514,25.01659393310547
run_1777145511_32391484,1777146401.833346,13.0,697.0,47.0,6.35984992980957,0.0,0.654830813407898,-27.80907821655273,-48.92192459106445,-3.136599063873291,24.249446868896484,40.4476911296988,6.35984992980957,25.01659393310547
run_1777145511_32391484,1777146404.051971,13.0,697.0,47.0,6.227333068847656,0.0,0.5057496428489685,-27.007888793945312,-47.902565002441406,-3.274785041809082,24.169458389282227,38.77967715036357,6.227333068847656,25.01659393310547
run_1777145511_32391484,1777146405.821511,13.0,697.0,47.0,6.0948357582092285,0.0,0.3566905856132507,-26.151079177856445,-46.88335418701172,-3.410630226135254,24.14290428161621,37.14702291954586,6.0948357582092285,25.01659393310547
run_1777145511_32391484,1777146408.553763,13.0,697.0,47.0,5.918161392211914,0.0,0.1579315811395645,-25.41130828857422,-45.52431869506836,-3.609106779098511,23.72212028503418,35.02463426426766,5.918161392211914,25.01659393310547
run_1777145511_32391484,1777146411.6742847,13.0,697.0,47.0,5.785650253295898,0.0,0.0088568329811096,-25.70753669738769,-44.5050048828125,-3.802271604537964,22.599740982055664,33.473748853462894,5.785650253295898,25.01659393310547
run_1777145511_32391484,1777146413.830831,13.0,697.0,47.0,5.609006881713867,0.0,-0.189867153763771,-23.621570587158203,-43.14620971679688,-3.9274439811706543,23.45207977294922,31.46095819911352,5.609006881713867,25.01659393310547
run_1777145511_32391484,1777146416.562346,13.0,697.0,47.0,5.3440351486206055,0.0,-0.4879609942436218,-21.73113250732422,-41.10796356201172,-4.16910982131958,23.545942306518555,28.558711669692457,5.3440351486206055,25.01659393310547
run_1777145511_32391484,1777146420.060238,13.0,697.0,47.0,5.299887657165527,0.0,-0.5376265048980713,-23.01082992553711,-40.768367767333984,-4.286335468292236,22.043874740600582,28.088809178575502,5.299887657165527,25.01659393310547
run_1777145511_32391484,1777146421.8430524,13.0,697.0,47.0,5.1232590675354,0.0,-0.7363332509994507,-20.861473083496094,-39.40968322753906,-4.400782108306885,22.948993682861328,26.2477834730837,5.1232590675354,25.01659393310547
run_1777145511_32391484,1777146424.5845802,13.0,697.0,47.0,4.94664192199707,0.0,-0.9350281953811646,-19.92423820495605,-38.05109405517578,-4.567094326019287,22.693946838378903,24.46926630445887,4.94664192199707,25.01659393310547
run_1777145511_32391484,1777146429.111661,13.0,697.0,47.0,4.725896835327148,0.0,-1.183365821838379,-18.94753646850586,-36.35305404663086,-4.7803497314453125,22.185867309570312,22.33410089815516,4.725896835327148,25.01659393310547
run_1777145511_32391484,1777146430.8321917,13.0,697.0,47.0,4.505138397216797,0.0,-1.431719183921814,-17.840145111083984,-34.654911041259766,-4.984250545501709,21.79901695251465,20.29627197807713,4.505138397216797,25.01659393310547
run_1777145511_32391484,1777146435.9113605,13.0,697.0,47.0,4.284426689147949,0.0,-1.6800205707550049,-16.708728790283203,-32.957130432128906,-5.177625179290772,21.426027297973636,18.356312054683254,4.284426689147949,25.01659393310547
run_1777145511_32391484,1777146439.0770466,13.0,697.0,47.0,4.152003765106201,0.0,-1.828996181488037,-15.49523639678955,-31.93848991394043,-5.271268367767334,21.71452140808105,17.23913526545607,4.152003765106201,25.01659393310547
run_1777145511_32391484,1777146440.828927,13.0,697.0,47.0,4.063732147216797,0.0,-1.9283020496368408,-15.445378303527832,-31.25947952270508,-5.362035274505615,21.176137924194336,16.51391896432324,4.063732147216797,25.01659393310547
run_1777145511_32391484,1777146443.0491211,13.0,697.0,47.0,3.931304693222046,0.0,-2.077282190322876,-14.26380729675293,-30.240806579589844,-5.4500250816345215,21.427024841308597,15.455156590949684,3.931304693222046,25.01659393310547
run_1777145511_32391484,1777146444.827026,13.0,697.0,47.0,3.843038320541382,0.0,-2.176582098007202,-14.18177890777588,-29.56183624267578,-5.535923480987549,20.91598129272461,14.768943533149525,3.843038320541382,25.01659393310547
run_1777145511_32391484,1777146446.8160856,13.0,697.0,47.0,3.710636138916016,0.0,-2.3255343437194824,-12.91041088104248,-28.54335594177246,-5.619821548461914,21.252765655517575,13.768820555429556,3.710636138916016,25.01659393310547
run_1777145511_32391484,1777146448.8258698,13.0,697.0,47.0,3.6664979457855225,0.0,-2.3751895427703857,-13.913115501403809,-28.20383071899414,-5.701286792755127,19.992000579833984,13.443207186449456,3.6664979457855225,25.01659393310547
run_1777145511_32391484,1777146451.762128,13.0,697.0,47.0,3.534104585647583,0.0,-2.524132490158081,-13.644840240478516,-27.185422897338867,-5.819517135620117,19.36009979248047,12.489895222295274,3.534104585647583,25.01659393310547
run_1777145511_32391484,1777146453.8200762,13.0,697.0,47.0,3.401700973510742,0.0,-2.673086166381836,-12.316740036010742,-26.16693115234375,-5.895330905914307,19.74552345275879,11.571569513183931,3.401700973510742,25.01659393310547
run_1777145511_32391484,1777146455.8210626,13.0,697.0,47.0,3.313464879989624,0.0,-2.7723519802093506,-12.078475952148438,-25.488191604614254,-5.969344615936279,19.379060745239254,10.979049510924654,3.313464879989624,25.01659393310547
run_1777145511_32391484,1777146457.8302162,13.0,697.0,47.0,3.181072950363159,0.0,-2.921293020248413,-10.6720609664917,-24.46979331970215,-6.041266441345215,19.838998794555664,10.119225115532174,3.181072950363159,25.01659393310547
run_1777145511_32391484,1777146459.826713,13.0,697.0,47.0,3.0928285121917725,0.0,-3.0205681324005127,-10.437633514404297,-23.79098892211914,-6.110411167144775,19.463768005371094,9.565588205826373,3.0928285121917725,25.01659393310547
run_1777145511_32391484,1777146461.8267949,13.0,697.0,47.0,2.960460662841797,0.0,-3.1694817543029785,-9.035038948059082,-22.77277565002441,-6.177460670471191,19.91519546508789,8.764327336233691,2.960460662841797,25.01659393310547
run_1777145511_32391484,1777146464.5469527,13.0,697.0,47.0,2.78394627571106,0.0,-3.368060350418091,-8.488720893859863,-21.41497230529785,-6.304643154144287,19.23089599609375,7.750356866045479,2.78394627571106,25.01659393310547
run_1777145511_32391484,1777146467.8315213,13.0,697.0,47.0,2.6957290172576904,0.0,-3.467304944992065,-8.188199996948242,-20.736377716064453,-6.3650221824646,18.91320037841797,7.266954934485113,2.6957290172576904,25.01659393310547
run_1777145511_32391484,1777146469.8176453,13.0,697.0,47.0,2.5633790493011475,0.0,-3.616198778152466,-6.784820556640625,-19.71830177307129,-6.42252254486084,19.356002807617188,6.570912150396055,2.5633790493011475,25.01659393310547
run_1777145511_32391484,1777146471.8432648,13.0,697.0,47.0,2.4751534461975098,0.0,-3.715452194213867,-6.491151332855225,-19.03964233398437,-6.478028774261475,19.026521682739254,6.126384582223409,2.4751534461975098,25.01659393310547
run_1777145511_32391484,1777146473.817177,13.0,697.0,47.0,2.3428285121917725,0.0,-3.8643181324005127,-5.0943522453308105,-18.02175712585449,-6.53066873550415,19.45807266235352,5.488845437538714,2.3428285121917725,25.01659393310547
run_1777145511_32391484,1777146475.82718,13.0,697.0,47.0,2.2104506492614746,0.0,-4.013243198394775,-4.6142191886901855,-17.003467559814453,-6.6063337326049805,18.995582580566406,4.886092072820475,2.2104506492614746,25.01659393310547
run_1777145511_32391484,1777146478.830521,13.0,697.0,47.0,2.0340394973754883,0.0,-4.211705684661865,-2.0207226276397705,-15.64645767211914,-6.653763294219971,20.27949905395508,4.137316676883529,2.0340394973754883,25.01659393310547
run_1777145511_32391484,1777146482.7847202,13.0,697.0,47.0,1.8575944900512693,0.0,-4.410206317901611,-1.396852731704712,-14.289188385009766,-6.741417407989502,19.633752822875977,3.450657289468836,1.8575944900512693,25.01659393310547
run_1777145511_32391484,1777146486.6256585,16.0,105.0,56.0,1.6811747550964355,0.0,-4.608678340911865,-0.1227185130119323,-10.507342338562012,-7.2192301750183105,17.60385513305664,2.82634855717356,1.6811747550964355,25.01659393310547
run_1777145511_32391484,1777146490.623476,16.0,105.0,56.0,1.504781723022461,0.0,-4.807120800018311,1.1446967124938965,-9.40488624572754,-7.505789279937744,18.05537223815918,2.2643680339424463,1.504781723022461,25.01659393310547
run_1777145511_32391484,1777146493.8366506,16.0,105.0,56.0,1.4165730476379397,0.0,-4.906355381011963,0.3948554396629333,-8.853581428527832,-7.769779205322266,17.01821517944336,2.00667919929424,1.4165730476379397,25.01659393310547
run_1777145511_32391484,1777146495.821268,16.0,105.0,56.0,1.3724846839904783,0.0,-4.955955028533936,-0.3848791122436523,-8.57802963256836,-7.935530662536621,16.128679275512695,1.883714207788444,1.3724846839904783,25.01659393310547
run_1777145511_32391484,1777146497.8226652,16.0,105.0,56.0,1.3283824920654297,0.0,-5.0055694580078125,-1.0877206325531006,-8.302391052246094,-8.094987869262695,15.309657096862791,1.7646000452259614,1.3283824920654297,25.01659393310547
run_1777145511_32391484,1777146499.822831,16.0,105.0,56.0,1.2842812538146973,0.0,-5.055183410644531,-1.6936824321746826,-8.026758193969727,-8.25024127960205,14.583316802978516,1.6493783388998509,1.2842812538146973,25.01659393310547
run_1777145511_32391484,1777146501.817164,16.0,105.0,56.0,1.240194320678711,0.0,-5.104781150817871,-2.1975085735321045,-7.751214504241943,-8.402339935302734,13.956046104431152,1.5380819530437293,1.240194320678711,25.01659393310547
run_1777145511_32391484,1777146503.81974,16.0,105.0,56.0,1.240194320678711,0.0,-5.104781150817871,-3.676409959793091,-7.751214504241943,-8.549981117248535,12.624785423278809,1.5380819530437293,1.240194320678711,25.01659393310547
run_1777145511_32391484,1777146506.103515,16.0,105.0,56.0,1.1960945129394531,0.0,-5.154393672943115,-3.9878644943237305,-7.475590705871582,-8.696834564208984,12.184560775756836,1.4306420838838676,1.1960945129394531,25.01659393310547
run_1777145511_32391484,1777146507.8266366,16.0,105.0,56.0,1.1519956588745115,0.0,-5.204005241394043,-4.280026912689209,-7.199973106384277,-8.836337089538574,11.7562837600708,1.3270939980657204,1.1519956588745115,25.01659393310547
run_1777145511_32391484,1777146510.049448,16.0,105.0,56.0,1.1078968048095703,0.0,-5.2536163330078125,-4.539607524871826,-6.924355030059815,-8.969538688659668,11.354287147521973,1.2274353301072551,1.1078968048095703,25.01659393310547
run_1777145511_32391484,1777146511.8591237,16.0,105.0,56.0,1.0637993812561035,0.0,-5.303225994110107,-4.728291988372803,-6.648746013641357,-9.09959316253662,11.020048141479492,1.131669123560869,1.0637993812561035,25.01659393310547
run_1777145511_32391484,1777146514.5457962,16.0,105.0,56.0,0.9756040573120116,0.0,-5.402445793151856,-4.484724044799805,-6.097525596618652,-9.279584884643556,10.892386436462402,0.951803276643659,0.9756040573120116,25.01659393310547
run_1777145511_32391484,1777146516.8294945,16.0,105.0,56.0,0.8874416351318359,0.0,-5.501628398895264,-3.6150224208831783,-5.546510219573975,-9.389954566955566,11.32144260406494,0.7875526557654666,0.8874416351318359,25.01659393310547
run_1777145511_32391484,1777146518.817317,16.0,105.0,56.0,0.8433465957641602,0.0,-5.551235198974609,-3.795000076293945,-5.270915985107422,-9.492195129394531,10.968111038208008,0.7112334805869978,0.8433465957641602,25.01659393310547
run_1777145511_32391484,1777146520.8176205,16.0,105.0,56.0,0.7110810279846191,0.0,-5.700033664703369,-1.8833339214324951,-4.44425630569458,-9.585504531860352,12.146428108215332,0.5056362283596627,0.7110810279846191,25.01659393310547
run_1777145511_32391484,1777146523.0456817,16.0,105.0,56.0,0.6229124069213867,0.0,-5.79922342300415,-1.7076730728149414,-3.893202543258667,-9.704617500305176,11.890146255493164,0.3880198666965953,0.6229124069213867,25.01659393310547
run_1777145511_32391484,1777146525.8316317,16.0,105.0,56.0,0.5347304344177246,0.0,-5.898428440093994,-0.8769668340682983,-3.3420653343200684,-9.774048805236816,12.239147186279297,0.2859366374925685,0.5347304344177246,25.01659393310547
run_1777145511_32391484,1777146527.8210702,16.0,105.0,56.0,0.4906268119812011,0.0,-5.948044776916504,-1.081681251525879,-3.066417694091797,-9.835870742797852,11.82060718536377,0.2407146686348369,0.4906268119812011,25.01659393310547
run_1777145511_32391484,1777146529.8294404,16.0,105.0,56.0,0.3583908081054687,0.0,-6.096810340881348,0.769361138343811,-2.23994255065918,-9.88561725616455,12.89492130279541,0.1284439713344909,0.3583908081054687,25.01659393310547
run_1777145511_32391484,1777146531.8255825,16.0,105.0,56.0,0.3143186569213867,0.0,-6.14639139175415,0.5223565101623535,-1.964491605758667,-9.926443099975586,12.413291931152344,0.0987962180888644,0.3143186569213867,25.01659393310547
run_1777145511_32391484,1777146533.8286264,16.0,105.0,56.0,0.2261614799499511,0.0,-6.24556827545166,1.3393186330795288,-1.4135092496871948,-9.959139823913574,12.71196746826172,0.0511490150131521,0.2261614799499511,25.01659393310547
run_1777145511_32391484,1777146535.824593,16.0,105.0,56.0,0.182077407836914,0.0,-6.295163154602051,1.1257790327072144,-1.137983798980713,-9.984230041503906,12.24799346923828,0.0331521824446099,0.182077407836914,25.01659393310547
run_1777145511_32391484,1777146537.8269324,16.0,105.0,56.0,0.1379933357238769,0.0,-6.344757556915283,0.3493718802928924,-0.862458348274231,-10.010176658630373,11.222006797790527,0.0190421607042026,0.1379933357238769,25.01659393310547
run_1777145511_32391484,1777146540.8430824,16.0,105.0,56.0,0.0498270988464355,0.0,-6.443944454193115,0.7164016366004944,-0.3114193677902221,-10.02379322052002,11.05161476135254,0.0024827397794524,0.0498270988464355,25.01659393310547
run_1777145511_32391484,1777146543.8281891,16.0,105.0,56.0,-0.0383367538452148,0.0,-6.543128967285156,1.1917061805725098,0.2396047115325927,-10.024632453918455,10.976734161376951,0.0014697066953885,0.0383367538452148,25.01659393310547
run_1777145511_32391484,1777146546.8268476,16.0,105.0,56.0,-0.0824170112609863,0.0,-6.592719078063965,1.1820204257965088,0.5151063203811646,-10.003835678100586,10.67074966430664,0.0067925637451935,0.0824170112609863,25.01659393310547
run_1777145511_32391484,1777146548.8214972,16.0,105.0,56.0,-0.170562744140625,0.0,-6.691883087158203,2.2296533584594727,1.0660171508789062,-9.957037925720217,11.12067413330078,0.0290916496887803,0.170562744140625,25.01659393310547
run_1777145511_32391484,1777146551.5817056,16.0,105.0,56.0,-0.2586903572082519,0.0,-6.791026592254639,2.792620658874512,1.6168147325515747,-9.84508991241455,11.020895957946776,0.066920700912533,0.2586903572082519,25.01659393310547
run_1777145511_32391484,1777146553.8171492,16.0,105.0,56.0,-0.3027677536010742,0.0,-6.84061336517334,2.840207576751709,1.8922984600067136,-9.740789413452148,10.688697814941406,0.0916683126206407,0.3027677536010742,25.01659393310547
run_1777145511_32391484,1777146556.1287844,16.0,105.0,56.0,-0.4349956512451172,0.0,-6.989370346069336,4.515101909637451,2.7187228202819824,-9.538249969482422,11.33462905883789,0.1892212166021636,0.4349956512451172,25.01659393310547
run_1777145511_32391484,1777146560.0648997,16.0,105.0,56.0,-0.5231304168701172,0.0,-7.088521957397461,5.190177440643311,3.2695651054382324,-9.284505844116213,11.205118179321287,0.2736654330547026,0.5231304168701172,25.01659393310547
run_1777145511_32391484,1777146561.819833,16.0,105.0,56.0,-0.567204475402832,0.0,-7.1381049156188965,5.314651012420654,3.5450279712677,-9.085668563842772,10.855291366577148,0.3217209169170019,0.567204475402832,25.01659393310547
run_1777145511_32391484,1777146563.829098,16.0,105.0,56.0,-0.6553487777709961,0.0,-7.23726749420166,6.506463050842285,4.095930099487305,-8.862412452697754,11.27294635772705,0.4294820205259384,0.6553487777709961,25.01659393310547
run_1777145511_32391484,1777146566.0466397,16.0,105.0,56.0,-0.7434768676757812,0.0,-7.336411476135254,7.296823024749756,4.646730422973633,-8.487350463867188,11.137442588806152,0.5527578527689911,0.7434768676757812,25.01659393310547
run_1777145511_32391484,1777146569.6672013,16.0,105.0,56.0,-0.7875461578369141,0.0,-7.385989189147949,7.158152580261231,4.922163486480713,-8.079999923706055,10.315988540649414,0.6202289507236856,0.7875461578369141,25.01659393310547
run_1777145511_32391484,1777146571.819353,16.0,105.0,56.0,-0.8756842613220215,0.0,-7.485145092010498,8.48004150390625,5.473026752471924,-7.77796745300293,10.784981727600098,0.7668229255270944,0.8756842613220215,25.01659393310547
run_1777145511_32391484,1777146573.8277304,16.0,105.0,56.0,-0.9197392463684082,0.0,-7.5347065925598145,8.781604766845703,5.748370170593262,-7.456245899200439,10.48948097229004,0.8459202813103275,0.9197392463684082,25.01659393310547
run_1777145511_32391484,1777146575.8294632,16.0,105.0,56.0,-0.9637908935546876,0.0,-7.584264755249023,9.138728141784668,6.023693084716797,-7.12192440032959,10.23695945739746,0.928892886498943,0.9637908935546876,25.01659393310547
run_1777145511_32391484,1777146578.548502,16.0,105.0,56.0,-1.0519099235534668,0.0,-7.683398723602295,10.238913536071776,6.574437141418457,-6.581459045410156,10.245935440063477,1.1065144872702604,1.0519099235534668,25.01659393310547
run_1777145511_32391484,1777146580.8259528,16.0,105.0,56.0,-1.09598970413208,0.0,-7.732988357543945,10.685298919677734,6.849935531616211,-6.204610824584961,10.039974212646484,1.2011934315635244,1.09598970413208,25.01659393310547
run_1777145511_32391484,1777146582.842093,16.0,105.0,56.0,-1.1400408744812012,0.0,-7.782545566558838,11.14240837097168,7.125255584716797,-5.805707931518555,9.822860717773438,1.299693195487862,1.1400408744812012,25.01659393310547
run_1777145511_32391484,1777146585.604819,16.0,105.0,56.0,-1.1841039657592771,0.0,-7.832117080688477,11.39979076385498,7.4006500244140625,-5.185698509216309,9.184839248657228,1.402102201726848,1.1841039657592771,25.01659393310547
run_1777145511_32391484,1777146587.820994,16.0,105.0,56.0,-1.22816801071167,0.0,-7.881689071655273,11.976160049438477,7.676050186157227,-4.756865978240967,9.056976318359377,1.5083966625354606,1.22816801071167,25.01659393310547
run_1777145511_32391484,1777146589.8269956,16.0,105.0,56.0,-1.22816801071167,0.0,-7.881689071655273,11.55129051208496,7.676050186157227,-4.317795753479004,8.193037033081055,1.5083966625354606,1.22816801071167,25.01659393310547
run_1777145511_32391484,1777146591.819665,16.0,105.0,56.0,-1.2722172737121582,0.0,-7.931244373321533,12.203457832336426,7.951357841491699,-3.863762617111206,8.115862846374512,1.6185367915315965,1.2722172737121582,25.01659393310547
run_1777145511_32391484,1777146593.8259914,16.0,105.0,56.0,-1.316293716430664,0.0,-7.980830192565918,12.776175498962402,8.226835250854492,-3.174440622329712,7.723779201507568,1.7326291479148497,1.316293716430664,25.01659393310547
run_1777145511_32391484,1777146596.813761,16.0,105.0,56.0,-1.3603544235229492,0.0,-8.03039836883545,13.557210922241213,8.502215385437012,-2.703077793121338,7.758073329925537,1.8505641575984555,1.3603544235229492,25.01659393310547
run_1777145511_32391484,1777146598.8151913,16.0,105.0,56.0,-1.3603544235229492,0.0,-8.03039836883545,13.303497314453123,8.502215385437012,-2.216752290725708,7.018034934997559,1.8505641575984555,1.3603544235229492,25.01659393310547
run_1777145511_32391484,1777146601.0494554,16.0,105.0,56.0,-1.40440034866333,0.0,-8.079950332641602,14.167253494262695,8.777502059936523,-1.7296394109725952,7.119390964508057,1.972340339325683,1.40440034866333,25.01659393310547
run_1777145511_32391484,1777146602.8276386,16.0,105.0,56.0,-1.40440034866333,0.0,-8.079950332641602,13.99021339416504,8.777502059936523,-1.227565884590149,6.440276622772217,1.972340339325683,1.40440034866333,25.01659393310547
run_1777145511_32391484,1777146605.5149777,16.0,105.0,56.0,-1.40440034866333,0.0,-8.079950332641602,13.844159126281738,8.777502059936523,-0.4744552671909332,5.541112899780273,1.972340339325683,1.40440034866333,25.01659393310547
run_1777145511_32391484,1777146607.8293018,16.0,105.0,56.0,-1.40440034866333,0.0,-8.079950332641602,13.800925254821776,8.777502059936523,0.0108741810545325,5.01254940032959,1.972340339325683,1.40440034866333,25.01659393310547
run_1777145511_32391484,1777146609.8287184,16.0,105.0,56.0,-1.40440034866333,0.0,-8.079950332641602,13.489972114562988,8.777502059936523,0.1780647337436676,4.53440523147583,1.972340339325683,1.40440034866333,25.01659393310547
run_1777145511_32391484,1777146611.8171115,16.0,105.0,56.0,-1.4484591484069824,0.0,-8.1295166015625,14.264118194580078,9.05286979675293,0.3460420668125152,4.865206718444824,2.0980339046038807,1.4484591484069824,25.01659393310547
run_1777145511_32391484,1777146613.821655,16.0,105.0,56.0,-1.4484591484069824,0.0,-8.1295166015625,13.97246551513672,9.05286979675293,0.5184774994850159,4.40111780166626,2.0980339046038807,1.4484591484069824,25.01659393310547
run_1777145511_32391484,1777146615.816995,16.0,105.0,56.0,-1.4484591484069824,0.0,-8.1295166015625,13.72508144378662,9.05286979675293,0.6909128427505493,3.981298685073853,2.0980339046038807,1.4484591484069824,25.01659393310547
run_1777145511_32391484,1777146617.8154006,16.0,105.0,56.0,-1.4484591484069824,0.0,-8.1295166015625,13.517743110656738,9.05286979675293,0.8633486032485962,3.601524353027344,2.0980339046038807,1.4484591484069824,25.01659393310547
run_1777145511_32391484,1777146619.8284173,16.0,105.0,56.0,-1.4484591484069824,0.0,-8.1295166015625,13.34663200378418,9.05286979675293,1.0357848405838013,3.257976770401001,2.0980339046038807,1.4484591484069824,25.01659393310547
run_1777145511_32391484,1777146622.0410852,16.0,105.0,56.0,-1.4484591484069824,0.0,-8.1295166015625,13.208291053771973,9.05286979675293,1.2082210779190063,2.947200059890747,2.0980339046038807,1.4484591484069824,25.01659393310547
run_1777145511_32391484,1777146623.821323,16.0,105.0,56.0,-1.4484591484069824,0.0,-8.1295166015625,13.09959602355957,9.05286979675293,1.3806573152542114,2.6660680770874023,2.0980339046038807,1.4484591484069824,25.01659393310547
run_1777145511_32391484,1777146625.8163664,16.0,105.0,56.0,-1.4484591484069824,0.0,-8.1295166015625,13.017717361450195,9.05286979675293,1.5530935525894165,2.4117534160614014,2.0980339046038807,1.4484591484069824,25.01659393310547
run_1777145511_32391484,1777146628.5420403,16.0,105.0,56.0,-1.4484591484069824,0.0,-8.1295166015625,12.939652442932127,9.05286979675293,1.8117477893829343,2.0750348567962646,2.0980339046038807,1.4484591484069824,25.01659393310547
run_1777145511_32391484,1777146630.8213012,16.0,105.0,56.0,-1.4484591484069824,0.0,-8.1295166015625,12.914152145385742,9.05286979675293,1.98418402671814,1.877098560333252,2.0980339046038807,1.4484591484069824,25.01659393310547
run_1777145511_32391484,1777146632.8165405,16.0,105.0,56.0,-1.4484591484069824,0.0,-8.1295166015625,12.907533645629885,9.05286979675293,2.1566202640533447,1.6980429887771606,2.0980339046038807,1.4484591484069824,25.01659393310547
run_1777145511_32391484,1777146634.8137205,16.0,105.0,56.0,-1.4484591484069824,0.0,-8.1295166015625,12.9439058303833,9.05286979675293,2.501492738723755,1.3895429372787476,2.0980339046038807,1.4484591484069824,25.01659393310547
run_1777145511_32391484,1777146639.590166,16.0,105.0,56.0,-1.4484591484069824,0.0,-8.1295166015625,13.00855827331543,9.05286979675293,2.7601470947265625,1.1955410242080688,2.0980339046038807,1.4484591484069824,25.01659393310547
run_1777145511_32391484,1777146641.8213625,16.0,105.0,56.0,-1.4484591484069824,0.0,-8.1295166015625,13.066951751708984,9.05286979675293,2.932583332061768,1.0814988613128662,2.0980339046038807,1.4484591484069824,25.01659393310547
run_1777145511_32391484,1777146643.8113024,16.0,105.0,56.0,-1.4484591484069824,0.0,-8.1295166015625,13.136224746704102,9.05286979675293,3.1050195693969727,0.978335440158844,2.0980339046038807,1.4484591484069824,25.01659393310547
run_1777145511_32391484,1777146645.8233776,16.0,105.0,56.0,-1.4484591484069824,0.0,-8.1295166015625,13.215337753295898,9.05286979675293,3.277455568313598,0.8850125670433044,2.0980339046038807,1.4484591484069824,25.01659393310547
run_1777145511_32391484,1777146647.8274431,16.0,105.0,56.0,-1.4484591484069824,0.0,-8.1295166015625,13.303353309631348,9.05286979675293,3.449891805648804,0.8005917072296143,2.0980339046038807,1.4484591484069824,25.01659393310547
run_1777145511_32391484,1777146649.8143556,16.0,105.0,56.0,-1.4484591484069824,0.0,-8.1295166015625,13.399420738220217,9.05286979675293,3.622328042984009,0.7242237329483032,2.0980339046038807,1.4484591484069824,25.01659393310547
run_1777145511_32391484,1777146651.81478,16.0,105.0,56.0,-1.4484591484069824,0.0,-8.1295166015625,13.50277328491211,9.05286979675293,3.794764280319214,0.6551404595375061,2.0980339046038807,1.4484591484069824,25.01659393310547
run_1777145511_32391484,1777146654.0575097,16.0,105.0,56.0,-1.4484591484069824,0.0,-8.1295166015625,13.612717628479004,9.05286979675293,3.967200517654419,0.5926469564437866,2.0980339046038807,1.4484591484069824,25.01659393310547
run_1777145511_32391484,1777146655.8277977,16.0,105.0,56.0,-1.4484591484069824,0.0,-8.1295166015625,13.728620529174805,9.05286979675293,4.139636993408203,0.5361146926879883,2.0980339046038807,1.4484591484069824,25.01659393310547
run_1777145511_32391484,1777146657.8182025,16.0,105.0,56.0,-1.4484591484069824,0.0,-8.1295166015625,13.8499174118042,9.05286979675293,4.312073230743408,0.4849749505519867,2.0980339046038807,1.4484591484069824,25.01659393310547
run_1777145511_32391484,1777146659.8280509,16.0,105.0,56.0,-1.4484591484069824,0.0,-8.1295166015625,14.04086208343506,9.05286979675293,4.570727348327637,0.4172647893428802,2.0980339046038807,1.4484591484069824,25.01659393310547
run_1777145511_32391484,1777146663.6716957,16.0,105.0,56.0,-1.4484591484069824,0.0,-8.1295166015625,14.309925079345703,9.05286979675293,4.915599822998047,0.3414563238620758,2.0980339046038807,1.4484591484069824,25.01659393310547
run_1777145511_32391484,1777146666.8236024,16.0,105.0,56.0,-1.4484591484069824,0.0,-8.1295166015625,14.449790000915527,9.05286979675293,5.088036060333252,0.3088849484920501,2.0980339046038807,1.4484591484069824,25.01659393310547
run_1777145511_32391484,1777146668.8205624,16.0,105.0,56.0,-1.4484591484069824,0.0,-8.1295166015625,14.592761993408203,9.05286979675293,5.260472297668457,0.2794205248355865,2.0980339046038807,1.4484591484069824,25.01659393310547
run_1777145511_32391484,1777146673.1812382,16.0,105.0,56.0,-1.4484591484069824,0.0,-8.1295166015625,14.886869430541992,9.05286979675293,5.605344772338867,0.2286554723978042,2.0980339046038807,1.4484591484069824,25.01659393310547
run_1777145511_32391484,1777146674.8589857,16.0,105.0,56.0,-1.40440034866333,0.0,-8.079950332641602,14.005093574523926,8.777502059936523,5.776469707489014,-0.5488787889480591,1.972340339325683,1.40440034866333,25.01659393310547
run_1777145511_32391484,1777146676.8208232,16.0,105.0,56.0,-1.40440034866333,0.0,-8.079950332641602,14.22464084625244,8.777502059936523,5.943660736083984,-0.4965215921401977,1.972340339325683,1.40440034866333,25.01659393310547
run_1777145511_32391484,1777146678.8292754,16.0,105.0,56.0,-1.40440034866333,0.0,-8.079950332641602,14.39822483062744,8.777502059936523,6.113998889923096,-0.4932756125926971,1.972340339325683,1.40440034866333,25.01659393310547
run_1777145511_32391484,1777146680.81663,16.0,105.0,56.0,-1.40440034866333,0.0,-8.079950332641602,14.612468719482422,8.777502059936523,6.281189441680908,-0.4462224543094635,1.972340339325683,1.40440034866333,25.01659393310547
run_1777145511_32391484,1777146682.829152,16.0,105.0,56.0,-1.40440034866333,0.0,-8.079950332641602,14.822225570678713,8.777502059936523,6.448380470275879,-0.4036574959754944,1.972340339325683,1.40440034866333,25.01659393310547
run_1777145511_32391484,1777146685.746934,16.0,105.0,56.0,-1.40440034866333,0.0,-8.079950332641602,15.129369735717772,8.777502059936523,6.699167251586914,-0.3473005890846252,1.972340339325683,1.40440034866333,25.01659393310547
run_1777145511_32391484,1777146687.8287113,16.0,105.0,56.0,-1.40440034866333,0.0,-8.079950332641602,15.329689025878906,8.777502059936523,6.866358280181885,-0.3141717910766601,1.972340339325683,1.40440034866333,25.01659393310547
run_1777145511_32391484,1777146689.8263006,16.0,105.0,56.0,-1.3603544235229492,0.0,-8.03039836883545,14.542275428771973,8.502215385437012,7.028566360473633,-0.9885051250457764,1.8505641575984555,1.3603544235229492,25.01659393310547
run_1777145511_32391484,1777146691.817149,16.0,105.0,56.0,-1.3603544235229492,0.0,-8.03039836883545,15.166279792785645,8.502215385437012,7.4334306716918945,-0.7693660259246826,1.8505641575984555,1.3603544235229492,25.01659393310547
run_1777145511_32391484,1777146697.5813346,16.0,105.0,56.0,-1.3603544235229492,0.0,-8.03039836883545,15.51661491394043,8.502215385437012,7.676349639892578,-0.661950409412384,1.8505641575984555,1.3603544235229492,25.01659393310547
run_1777145511_32391484,1777146700.5489082,16.0,105.0,56.0,-1.316293716430664,0.0,-7.980830192565918,14.833457946777344,8.226835250854492,7.916907787322998,-1.3102853298187256,1.7326291479148497,1.316293716430664,25.01659393310547
run_1777145511_32391484,1777146702.8241124,16.0,105.0,56.0,-1.316293716430664,0.0,-7.980830192565918,15.11514663696289,8.226835250854492,8.0736083984375,-1.1852980852127075,1.7326291479148497,1.316293716430664,25.01659393310547
run_1777145511_32391484,1777146704.8261993,16.0,105.0,56.0,-1.316293716430664,0.0,-7.980830192565918,15.384912490844728,8.226835250854492,8.23030948638916,-1.0722332000732422,1.7326291479148497,1.316293716430664,25.01659393310547
run_1777145511_32391484,1777146706.827419,16.0,105.0,56.0,-1.2722172737121582,0.0,-7.931244373321533,14.59681510925293,7.951357841491699,8.386747360229492,-1.7412904500961304,1.6185367915315965,1.2722172737121582,25.01659393310547
run_1777145511_32391484,1777146708.83219,16.0,105.0,56.0,-1.2722172737121582,0.0,-7.931244373321533,15.067109107971191,7.951357841491699,8.613930702209473,-1.4981789588928225,1.6185367915315965,1.2722172737121582,25.01659393310547
run_1777145511_32391484,1777146711.8280158,16.0,105.0,56.0,-1.2722172737121582,0.0,-7.931244373321533,15.361475944519045,7.951357841491699,8.765385627746582,-1.3552683591842651,1.6185367915315965,1.2722172737121582,25.01659393310547
run_1777145511_32391484,1777146713.8143494,16.0,105.0,56.0,-1.2722172737121582,0.0,-7.931244373321533,15.64220905303955,7.951357841491699,8.916841506958008,-1.2259904146194458,1.6185367915315965,1.2722172737121582,25.01659393310547
run_1777145511_32391484,1777146717.8257537,16.0,105.0,56.0,-1.22816801071167,0.0,-7.881689071655273,15.183212280273438,7.676050186157227,9.21476936340332,-1.7076081037521362,1.5083966625354606,1.22816801071167,25.01659393310547
run_1777145511_32391484,1777146719.8193617,16.0,105.0,56.0,-1.22816801071167,0.0,-7.881689071655273,15.4923095703125,7.676050186157227,9.360979080200195,-1.5447204113006592,1.5083966625354606,1.22816801071167,25.01659393310547
run_1777145511_32391484,1777146721.827279,16.0,105.0,56.0,-1.22816801071167,0.0,-7.881689071655273,15.785869598388672,7.676050186157227,9.507189750671388,-1.3973703384399414,1.5083966625354606,1.22816801071167,25.01659393310547
run_1777145511_32391484,1777146723.8149824,16.0,105.0,56.0,-1.22816801071167,0.0,-7.881689071655273,16.06537437438965,7.676050186157227,9.653399467468262,-1.2640759944915771,1.5083966625354606,1.22816801071167,25.01659393310547
run_1777145511_32391484,1777146725.818406,16.0,105.0,56.0,-1.1841039657592771,0.0,-7.832117080688477,15.29254913330078,7.4006500244140625,9.798823356628418,-1.9069247245788572,1.402102201726848,1.1841039657592771,25.01659393310547
run_1777145511_32391484,1777146727.815925,16.0,105.0,56.0,-1.1841039657592771,0.0,-7.832117080688477,15.770233154296877,7.4006500244140625,10.010271072387695,-1.6406883001327517,1.402102201726848,1.1841039657592771,25.01659393310547
run_1777145511_32391484,1777146732.0704646,16.0,105.0,56.0,-1.1400408744812012,0.0,-7.782545566558838,15.238729476928713,7.125255584716797,10.215685844421388,-2.10221266746521,1.299693195487862,1.1400408744812012,25.01659393310547
run_1777145511_32391484,1777146733.8271549,16.0,105.0,56.0,-1.1400408744812012,0.0,-7.782545566558838,15.57497787475586,7.125255584716797,10.35140609741211,-1.9016838073730469,1.299693195487862,1.1400408744812012,25.01659393310547
run_1777145511_32391484,1777146735.8214157,16.0,105.0,56.0,-1.1400408744812012,0.0,-7.782545566558838,15.892098426818848,7.125255584716797,10.487125396728516,-1.720282793045044,1.299693195487862,1.1400408744812012,25.01659393310547
run_1777145511_32391484,1777146738.5421183,16.0,105.0,56.0,-1.09598970413208,0.0,-7.732988357543945,15.50432300567627,6.849935531616211,10.752532958984377,-2.0981462001800537,1.2011934315635244,1.09598970413208,25.01659393310547
run_1777145511_32391484,1777146743.0507348,16.0,105.0,56.0,-1.09598970413208,0.0,-7.732988357543945,15.992969512939451,6.849935531616211,10.94824504852295,-1.8052120208740237,1.2011934315635244,1.09598970413208,25.01659393310547
run_1777145511_32391484,1777146745.0626657,16.0,105.0,56.0,-1.09598970413208,0.0,-7.732988357543945,16.29564094543457,6.849935531616211,11.078720092773438,-1.63301420211792,1.2011934315635244,1.09598970413208,25.01659393310547
run_1777145511_32391484,1777146746.8293364,16.0,105.0,56.0,-1.0519099235534668,0.0,-7.683398723602295,15.576616287231444,6.574437141418457,11.205784797668455,-2.2036054134368896,1.1065144872702604,1.0519099235534668,25.01659393310547
run_1777145511_32391484,1777146748.8280962,16.0,105.0,56.0,-1.0519099235534668,0.0,-7.683398723602295,15.912047386169434,6.574437141418457,11.331014633178713,-1.993404746055603,1.1065144872702604,1.0519099235534668,25.01659393310547
run_1777145511_32391484,1777146750.8525395,16.0,105.0,56.0,-1.0519099235534668,0.0,-7.683398723602295,16.227426528930664,6.574437141418457,11.456243515014648,-1.8032550811767576,1.1065144872702604,1.0519099235534668,25.01659393310547
run_1777145511_32391484,1777146752.820547,16.0,105.0,56.0,-1.0519099235534668,0.0,-7.683398723602295,16.52466583251953,6.574437141418457,11.581473350524902,-1.6312440633773804,1.1065144872702604,1.0519099235534668,25.01659393310547
run_1777145511_32391484,1777146754.8145523,16.0,105.0,56.0,-1.0078577995300293,0.0,-7.633840084075928,15.80085563659668,6.299111366271973,11.703292846679688,-2.2015483379364014,1.0157773440735127,1.0078577995300293,25.01659393310547
run_1777145511_32391484,1777146756.8216329,16.0,105.0,56.0,-1.0078577995300293,0.0,-7.633840084075928,16.130844116210938,6.299111366271973,11.823277473449709,-1.991544246673584,1.0157773440735127,1.0078577995300293,25.01659393310547
run_1777145511_32391484,1777146758.8343997,16.0,105.0,56.0,-0.9637908935546876,0.0,-7.584264755249023,15.393950462341309,6.023693084716797,11.942998886108398,-2.572741985321045,0.928892886498943,0.9637908935546876,25.01659393310547
run_1777145511_32391484,1777146760.826837,16.0,105.0,56.0,-0.9637908935546876,0.0,-7.584264755249023,15.754101753234863,6.023693084716797,12.057738304138184,-2.327329397201538,0.928892886498943,0.9637908935546876,25.01659393310547
run_1777145511_32391484,1777146762.8186927,16.0,105.0,56.0,-0.9637908935546876,0.0,-7.584264755249023,16.090843200683594,6.023693084716797,12.172476768493652,-2.1053266525268555,0.928892886498943,0.9637908935546876,25.01659393310547
run_1777145511_32391484,1777146764.8239472,16.0,105.0,56.0,-0.9637908935546876,0.0,-7.584264755249023,16.406408309936523,6.023693084716797,12.287216186523438,-1.904500961303711,0.928892886498943,0.9637908935546876,25.01659393310547
run_1777145511_32391484,1777146766.827743,16.0,105.0,56.0,-0.9197392463684082,0.0,-7.5347065925598145,15.6981840133667,5.748370170593262,12.398545265197754,-2.4487314224243164,0.8459202813103275,0.9197392463684082,25.01659393310547
run_1777145511_32391484,1777146769.5772643,16.0,105.0,56.0,-0.9197392463684082,0.0,-7.5347065925598145,16.20430564880371,5.748370170593262,12.562786102294922,-2.1068503856658936,0.8459202813103275,0.9197392463684082,25.01659393310547
run_1777145511_32391484,1777146771.8151577,16.0,105.0,56.0,-0.9197392463684082,0.0,-7.5347065925598145,16.5147705078125,5.748370170593262,12.672279357910156,-1.905879020690918,0.8459202813103275,0.9197392463684082,25.01659393310547
run_1777145511_32391484,1777146773.8206236,16.0,105.0,56.0,-0.8756842613220215,0.0,-7.485145092010498,15.766663551330566,5.473026752471924,12.780986785888672,-2.48734974861145,0.7668229255270944,0.8756842613220215,25.01659393310547
run_1777145511_32391484,1777146775.8128068,16.0,105.0,56.0,-0.8756842613220215,0.0,-7.485145092010498,16.270309448242188,5.473026752471924,12.937359809875488,-2.1400771141052246,0.7668229255270944,0.8756842613220215,25.01659393310547
run_1777145511_32391484,1777146779.0621016,16.0,105.0,56.0,-0.8756842613220215,0.0,-7.485145092010498,16.578697204589844,5.473026752471924,13.041607856750488,-1.9359360933303835,0.7668229255270944,0.8756842613220215,25.01659393310547
run_1777145511_32391484,1777146781.924719,16.0,105.0,56.0,-0.8316159248352051,0.0,-7.435567855834961,16.045886993408203,5.197599411010742,13.190899848937988,-2.34261155128479,0.6915850464395135,0.8316159248352051,25.01659393310547
run_1777145511_32391484,1777146784.5514135,16.0,105.0,56.0,-0.8316159248352051,0.0,-7.435567855834961,16.52145767211914,5.197599411010742,13.339405059814451,-2.0155458450317383,0.6915850464395135,0.8316159248352051,25.01659393310547
run_1777145511_32391484,1777146786.813699,16.0,105.0,56.0,-0.7875461578369141,0.0,-7.385989189147949,15.807679176330566,4.922163486480713,13.434998512268066,-2.549483060836792,0.6202289507236856,0.7875461578369141,25.01659393310547
run_1777145511_32391484,1777146789.0644348,16.0,105.0,56.0,-0.7875461578369141,0.0,-7.385989189147949,16.26283836364746,4.922163486480713,13.57878303527832,-2.238107681274414,0.6202289507236856,0.7875461578369141,25.01659393310547
run_1777145511_32391484,1777146792.6998713,16.0,105.0,56.0,-0.7434768676757812,0.0,-7.336411476135254,15.724283218383787,4.646730422973633,13.714962005615234,-2.637408494949341,0.5527578527689911,0.7434768676757812,25.01659393310547
run_1777145511_32391484,1777146794.820727,16.0,105.0,56.0,-0.7434768676757812,0.0,-7.336411476135254,16.064376831054688,4.646730422973633,13.803474426269531,-2.385827779769897,0.5527578527689911,0.7434768676757812,25.01659393310547
run_1777145511_32391484,1777146796.8338144,16.0,105.0,56.0,-0.7434768676757812,0.0,-7.336411476135254,16.380474090576172,4.646730422973633,13.891987800598145,-2.158244609832764,0.5527578527689911,0.7434768676757812,25.01659393310547
run_1777145511_32391484,1777146798.8233955,16.0,105.0,56.0,-0.7434768676757812,0.0,-7.336411476135254,16.67486000061035,4.646730422973633,13.98050022125244,-1.9523712396621704,0.5527578527689911,0.7434768676757812,25.01659393310547
run_1777145511_32391484,1777146802.7899227,16.0,105.0,56.0,-0.6994061470031738,0.0,-7.286831855773926,16.277545928955078,4.371288299560547,14.147822380065918,-2.2415659427642822,0.4891689584658252,0.6994061470031738,25.01659393310547
run_1777145511_32391484,1777146804.823176,16.0,105.0,56.0,-0.6994061470031738,0.0,-7.286831855773926,16.85132598876953,4.371288299560547,14.31435775756836,-1.8343191146850584,0.4891689584658252,0.6994061470031738,25.01659393310547
run_1777145511_32391484,1777146808.8218849,16.0,105.0,56.0,-0.6553487777709961,0.0,-7.23726749420166,16.118167877197266,4.095930099487305,14.39316749572754,-2.370927572250366,0.4294820205259384,0.6553487777709961,25.01659393310547
run_1777145511_32391484,1777146810.821648,16.0,105.0,56.0,-0.6553487777709961,0.0,-7.23726749420166,16.566221237182617,4.095930099487305,14.51020050048828,-2.0399088859558105,0.4294820205259384,0.6553487777709961,25.01659393310547
run_1777145511_32391484,1777146814.7006185,16.0,105.0,56.0,-0.6112766265869141,0.0,-7.187685966491699,16.10772132873535,3.820478916168213,14.661262512207031,-2.3740200996398926,0.3736591142114775,0.6112766265869141,25.01659393310547
run_1777145511_32391484,1777146817.811432,16.0,105.0,56.0,-0.6112766265869141,0.0,-7.187685966491699,16.40695571899414,3.820478916168213,14.73404026031494,-2.1475634574890137,0.3736591142114775,0.6112766265869141,25.01659393310547
run_1777145511_32391484,1777146819.8142724,16.0,105.0,56.0,-0.567204475402832,0.0,-7.1381049156188965,15.658889770507812,3.5450279712677,14.804981231689451,-2.691120386123657,0.3217209169170019,0.567204475402832,25.01659393310547
run_1777145511_32391484,1777146822.5411518,16.0,105.0,56.0,-0.567204475402832,0.0,-7.1381049156188965,16.135910034179688,3.5450279712677,14.906279563903809,-2.3153979778289795,0.3217209169170019,0.567204475402832,25.01659393310547
run_1777145511_32391484,1777146825.9929483,16.0,105.0,56.0,-0.567204475402832,0.0,-7.1381049156188965,16.560474395751953,3.5450279712677,15.007577896118164,-1.992132306098938,0.3217209169170019,0.567204475402832,25.01659393310547
run_1777145511_32391484,1777146827.8264189,16.0,105.0,56.0,-0.5231304168701172,0.0,-7.088521957397461,15.792292594909668,3.2695651054382324,15.07327365875244,-2.5505475997924805,0.2736654330547026,0.5231304168701172,25.01659393310547
run_1777145511_32391484,1777146829.8100803,16.0,105.0,56.0,-0.5231304168701172,0.0,-7.088521957397461,16.09787368774414,3.2695651054382324,15.135560989379885,-2.3072519302368164,0.2736654330547026,0.5231304168701172,25.01659393310547
run_1777145511_32391484,1777146831.820642,16.0,105.0,56.0,-0.5231304168701172,0.0,-7.088521957397461,16.3802490234375,3.2695651054382324,15.197847366333008,-2.0871644020080566,0.2736654330547026,0.5231304168701172,25.01659393310547
run_1777145511_32391484,1777146833.8207655,16.0,105.0,56.0,-0.5231304168701172,0.0,-7.088521957397461,16.765079498291016,3.2695651054382324,15.291277885437012,-1.7957634925842283,0.2736654330547026,0.5231304168701172,25.01659393310547
run_1777145511_32391484,1777146837.4067974,16.0,105.0,56.0,-0.4790558815002441,0.0,-7.038938045501709,16.097280502319336,2.9940991401672363,15.381823539733888,-2.278641700744629,0.2294945375999759,0.4790558815002441,25.01659393310547
run_1777145511_32391484,1777146840.0520816,16.0,105.0,56.0,-0.4790558815002441,0.0,-7.038938045501709,16.500978469848633,2.9940991401672363,15.46738624572754,-1.9605073928833008,0.2294945375999759,0.4790558815002441,25.01659393310547
run_1777145511_32391484,1777146842.9812007,16.0,105.0,56.0,-0.4790558815002441,0.0,-7.038938045501709,16.745031356811523,2.9940991401672363,15.52442741394043,-1.7734955549240112,0.2294945375999759,0.4790558815002441,25.01659393310547
run_1777145511_32391484,1777146844.8205068,16.0,105.0,56.0,-0.4349956512451172,0.0,-6.989370346069336,16.06658363342285,2.7187228202819824,15.607105255126951,-2.259244441986084,0.1892212166021636,0.4349956512451172,25.01659393310547
run_1777145511_32391484,1777146847.82233,16.0,105.0,56.0,-0.4349956512451172,0.0,-6.989370346069336,16.45970344543457,2.7187228202819824,15.684800148010254,-1.94381844997406,0.1892212166021636,0.4349956512451172,25.01659393310547
run_1777145511_32391484,1777146850.8209586,16.0,105.0,56.0,-0.4349956512451172,0.0,-6.989370346069336,16.69692039489746,2.7187228202819824,15.73659610748291,-1.7583986520767212,0.1892212166021636,0.4349956512451172,25.01659393310547
run_1777145511_32391484,1777146852.8142035,16.0,105.0,56.0,-0.3909206390380859,0.0,-6.939785957336426,15.924653053283691,2.443253993988037,15.783934593200684,-2.3025341033935547,0.1528189460259454,0.3909206390380859,25.01659393310547
run_1777145511_32391484,1777146854.819566,16.0,105.0,56.0,-0.3909206390380859,0.0,-6.939785957336426,16.19084358215332,2.443253993988037,15.830485343933104,-2.08289647102356,0.1528189460259454,0.3909206390380859,25.01659393310547
run_1777145511_32391484,1777146856.8231363,16.0,105.0,56.0,-0.3909206390380859,0.0,-6.939785957336426,16.436080932617188,2.443253993988037,15.877037048339844,-1.8842103481292725,0.1528189460259454,0.3909206390380859,25.01659393310547
run_1777145511_32391484,1777146858.8230474,16.0,105.0,56.0,-0.3468303680419922,0.0,-6.89018440246582,15.643176078796388,2.167689800262451,15.92121410369873,-2.4457271099090576,0.1202913041961437,0.3468303680419922,25.01659393310547
run_1777145511_32391484,1777146860.8083937,16.0,105.0,56.0,-0.3468303680419922,0.0,-6.89018440246582,16.006877899169922,2.167689800262451,15.98629379272461,-2.1471059322357178,0.1202913041961437,0.3468303680419922,25.01659393310547
run_1777145511_32391484,1777146863.8156931,16.0,105.0,56.0,-0.3468303680419922,0.0,-6.89018440246582,16.25296401977539,2.167689800262451,16.027568817138672,-1.94229519367218,0.1202913041961437,0.3468303680419922,25.01659393310547
run_1777145511_32391484,1777146865.8159282,16.0,105.0,56.0,-0.3468303680419922,0.0,-6.89018440246582,16.479515075683594,2.167689800262451,16.068845748901367,-1.7570207118988037,0.1202913041961437,0.3468303680419922,25.01659393310547
run_1777145511_32391484,1777146867.827758,16.0,105.0,56.0,-0.3468303680419922,0.0,-6.89018440246582,16.881282806396484,2.167689800262451,16.151397705078125,-1.4378058910369873,0.1202913041961437,0.3468303680419922,25.01659393310547
run_1777145511_32391484,1777146872.623129,16.0,105.0,56.0,-0.3027677536010742,0.0,-6.84061336517334,16.19081687927246,1.8922984600067136,16.205707550048828,-1.9071886539459229,0.0916683126206407,0.3027677536010742,25.01659393310547
run_1777145511_32391484,1777146874.811257,16.0,105.0,56.0,-0.3027677536010742,0.0,-6.84061336517334,16.40877342224121,1.8922984600067136,16.241737365722656,-1.725262999534607,0.0916683126206407,0.3027677536010742,25.01659393310547
run_1777145511_32391484,1777146876.81297,16.0,105.0,56.0,-0.3027677536010742,0.0,-6.84061336517334,16.703693389892578,1.8922984600067136,16.29578399658203,-1.484389066696167,0.0916683126206407,0.3027677536010742,25.01659393310547
run_1777145511_32391484,1777146879.8243334,16.0,105.0,56.0,-0.3027677536010742,0.0,-6.84061336517334,16.881319046020508,1.8922984600067136,16.331815719604492,-1.3427940607070925,0.0916683126206407,0.3027677536010742,25.01659393310547
run_1777145511_32391484,1777146881.8173194,16.0,105.0,56.0,-0.2586903572082519,0.0,-6.791026592254639,16.033428192138672,1.6168147325515747,16.364961624145508,-1.948348045349121,0.066920700912533,0.2586903572082519,25.01659393310547
run_1777145511_32391484,1777146884.5364544,16.0,105.0,56.0,-0.2586903572082519,0.0,-6.791026592254639,16.351627349853516,1.6168147325515747,16.41114044189453,-1.67632794380188,0.066920700912533,0.2586903572082519,25.01659393310547
run_1777145511_32391484,1777146886.8210623,16.0,105.0,56.0,-0.2586903572082519,0.0,-6.791026592254639,16.542316436767578,1.6168147325515747,16.441926956176758,-1.5164239406585691,0.066920700912533,0.2586903572082519,25.01659393310547
run_1777145511_32391484,1777146888.8286493,16.0,105.0,56.0,-0.2586903572082519,0.0,-6.791026592254639,16.717754364013672,1.6168147325515747,16.47271156311035,-1.3717730045318604,0.066920700912533,0.2586903572082519,25.01659393310547
run_1777145511_32391484,1777146890.8137777,16.0,105.0,56.0,-0.2586903572082519,0.0,-6.791026592254639,16.879390716552734,1.6168147325515747,16.503498077392578,-1.2409203052520752,0.066920700912533,0.2586903572082519,25.01659393310547
run_1777145511_32391484,1777146893.3563647,16.0,105.0,56.0,-0.2146410942077636,0.0,-6.741471290588379,16.12710952758789,1.341506838798523,16.543643951416016,-1.7580419778823853,0.046070799322706,0.2146410942077636,25.01659393310547
run_1777145511_32391484,1777146895.8138924,16.0,105.0,56.0,-0.2146410942077636,0.0,-6.741471290588379,16.320348739624023,1.341506838798523,16.569185256958008,-1.590343356132507,0.046070799322706,0.2146410942077636,25.01659393310547
run_1777145511_32391484,1777146897.812517,16.0,105.0,56.0,-0.2146410942077636,0.0,-6.741471290588379,16.58069610595703,1.341506838798523,16.60749626159668,-1.3683066368103027,0.046070799322706,0.2146410942077636,25.01659393310547
run_1777145511_32391484,1777146900.8115537,16.0,105.0,56.0,-0.170562744140625,0.0,-6.691883087158203,15.73151969909668,1.0660171508789062,16.629627227783203,-1.9641246795654297,0.0290916496887803,0.170562744140625,25.01659393310547
run_1777145511_32391484,1777146902.81121,16.0,105.0,56.0,-0.170562744140625,0.0,-6.691883087158203,15.93917179107666,1.0660171508789062,16.64992332458496,-1.7767677307128906,0.0290916496887803,0.170562744140625,25.01659393310547
run_1777145511_32391484,1777146904.816291,16.0,105.0,56.0,-0.170562744140625,0.0,-6.691883087158203,16.128952026367188,1.0660171508789062,16.670217514038086,-1.607282638549805,0.0290916496887803,0.170562744140625,25.01659393310547
run_1777145511_32391484,1777146906.8128104,16.0,105.0,56.0,-0.170562744140625,0.0,-6.691883087158203,16.302566528320312,1.0660171508789062,16.690513610839844,-1.4539647102355957,0.0290916496887803,0.170562744140625,25.01659393310547
run_1777145511_32391484,1777146909.0400414,16.0,105.0,56.0,-0.170562744140625,0.0,-6.691883087158203,16.4615535736084,1.0660171508789062,16.7108097076416,-1.3152717351913452,0.0290916496887803,0.170562744140625,25.01659393310547
run_1777145511_32391484,1777146910.8098056,16.0,105.0,56.0,-0.1264834403991699,0.0,-6.642293930053711,15.57443141937256,0.790521502494812,16.729793548583984,-1.9458833932876587,0.0159980606952103,0.1264834403991699,25.01659393310547
run_1777145511_32391484,1777146912.8109727,16.0,105.0,56.0,-0.1264834403991699,0.0,-6.642293930053711,15.775097846984863,0.790521502494812,16.744842529296875,-1.7602667808532717,0.0159980606952103,0.1264834403991699,25.01659393310547
run_1777145511_32391484,1777146914.8265882,16.0,105.0,56.0,-0.1264834403991699,0.0,-6.642293930053711,16.043434143066406,0.790521502494812,16.767417907714844,-1.514505386352539,0.0159980606952103,0.1264834403991699,25.01659393310547
run_1777145511_32391484,1777146917.811519,16.0,105.0,56.0,-0.1264834403991699,0.0,-6.642293930053711,16.202951431274414,0.790521502494812,16.782468795776367,-1.3700379133224487,0.0159980606952103,0.1264834403991699,25.01659393310547
run_1777145511_32391484,1777146920.5436344,16.0,105.0,56.0,-0.1264834403991699,0.0,-6.642293930053711,16.416805267333984,0.790521502494812,16.805044174194336,-1.1787590980529783,0.0159980606952103,0.1264834403991699,25.01659393310547
run_1777145511_32391484,1777146922.8111188,16.0,105.0,56.0,-0.1264834403991699,0.0,-6.642293930053711,16.54429817199707,0.790521502494812,16.820093154907227,-1.0663175582885742,0.0159980606952103,0.1264834403991699,25.01659393310547
run_1777145511_32391484,1777146925.0421226,16.0,105.0,56.0,-0.1264834403991699,0.0,-6.642293930053711,16.661062240600586,0.790521502494812,16.83514404296875,-0.9646021127700806,0.0159980606952103,0.1264834403991699,25.01659393310547
run_1777145511_32391484,1777146927.045256,16.0,105.0,56.0,-0.0824170112609863,0.0,-6.592719078063965,15.898212432861328,0.5151063203811646,16.858688354492188,-1.4755812883377075,0.0067925637451935,0.0824170112609863,25.01659393310547
run_1777145511_32391484,1777146930.9045548,16.0,105.0,56.0,-0.0824170112609863,0.0,-6.592719078063965,16.118934631347656,0.5151063203811646,16.873395919799805,-1.2695672512054443,0.0067925637451935,0.0824170112609863,25.01659393310547
run_1777145511_32391484,1777146933.8111796,16.0,105.0,56.0,-0.0824170112609863,0.0,-6.592719078063965,16.24984359741211,0.5151063203811646,16.88319969177246,-1.1484639644622805,0.0067925637451935,0.0824170112609863,25.01659393310547
run_1777145511_32391484,1777146936.5395994,16.0,105.0,56.0,-0.0824170112609863,0.0,-6.592719078063965,16.424894332885742,0.5151063203811646,16.897907257080078,-0.9881203770637512,0.0067925637451935,0.0824170112609863,25.01659393310547
run_1777145511_32391484,1777146938.8102417,16.0,105.0,56.0,-0.0824170112609863,0.0,-6.592719078063965,16.528955459594727,0.5151063203811646,16.907712936401367,-0.8938642144203186,0.0067925637451935,0.0824170112609863,25.01659393310547
run_1777145511_32391484,1777146940.8350203,16.0,105.0,56.0,-0.0824170112609863,0.0,-6.592719078063965,16.624025344848633,0.5151063203811646,16.917518615722656,-0.8085989356040955,0.0067925637451935,0.0824170112609863,25.01659393310547
run_1777145511_32391484,1777146942.8108704,16.0,105.0,56.0,-0.0824170112609863,0.0,-6.592719078063965,16.710962295532227,0.5151063203811646,16.927322387695312,-0.731467068195343,0.0067925637451935,0.0824170112609863,25.01659393310547
run_1777145511_32391484,1777146944.813563,16.0,105.0,56.0,-0.0383367538452148,0.0,-6.543128967285156,15.771597862243652,0.2396047115325927,16.93476676940918,-1.4027750492095947,0.0014697066953885,0.0383367538452148,25.01659393310547
run_1777145511_32391484,1777146947.0634594,16.0,105.0,56.0,-0.0383367538452148,0.0,-6.543128967285156,15.909966468811035,0.2396047115325927,16.939327239990234,-1.2689651250839231,0.0014697066953885,0.0383367538452148,25.01659393310547
run_1777145511_32391484,1777146948.8106716,16.0,105.0,56.0,-0.0383367538452148,0.0,-6.543128967285156,16.035572052001953,0.2396047115325927,16.94388771057129,-1.1479192972183228,0.0014697066953885,0.0383367538452148,25.01659393310547
run_1777145511_32391484,1777146951.063991,16.0,105.0,56.0,-0.0383367538452148,0.0,-6.543128967285156,16.14963150024414,0.2396047115325927,16.94844627380371,-1.0384200811386108,0.0014697066953885,0.0383367538452148,25.01659393310547
run_1777145511_32391484,1777146952.8125212,16.0,105.0,56.0,-0.0383367538452148,0.0,-6.543128967285156,16.253244400024414,0.2396047115325927,16.953006744384766,-0.939365565776825,0.0014697066953885,0.0383367538452148,25.01659393310547
run_1777145511_32391484,1777146954.838428,16.0,105.0,56.0,-0.0383367538452148,0.0,-6.543128967285156,16.3912353515625,0.2396047115325927,16.95984649658203,-0.8082154989242554,0.0014697066953885,0.0383367538452148,25.01659393310547
run_1777145511_32391484,1777146957.811164,16.0,105.0,56.0,-0.0383367538452148,0.0,-6.543128967285156,16.472888946533203,0.2396047115325927,16.964405059814453,-0.7311203479766846,0.0014697066953885,0.0383367538452148,25.01659393310547
run_1777145511_32391484,1777146960.045807,16.0,105.0,56.0,-0.0383367538452148,0.0,-6.543128967285156,16.547191619873047,0.2396047115325927,16.968965530395508,-0.6613791584968567,0.0014697066953885,0.0383367538452148,25.01659393310547
run_1777145511_32391484,1777146961.8153572,16.0,105.0,56.0,0.005744457244873,0.0,-6.493537425994873,15.58845043182373,-0.0359028577804565,16.971210479736328,-1.3468557596206665,3.299878903817444e-05,0.005744457244873,25.01659393310547
run_1777145511_32391484,1777146963.8088832,16.0,105.0,56.0,0.005744457244873,0.0,-6.493537425994873,15.71487045288086,-0.0359028577804565,16.969152450561523,-1.218380093574524,3.299878903817444e-05,0.005744457244873,25.01659393310547
run_1777145511_32391484,1777146965.8269312,16.0,105.0,56.0,0.005744457244873,0.0,-6.493537425994873,15.789304733276367,-0.0359028577804565,16.971067428588867,-1.145858645439148,3.299878903817444e-05,0.005744457244873,25.01659393310547
run_1777145511_32391484,1777146967.8085542,16.0,105.0,56.0,0.005744457244873,0.0,-6.493537425994873,15.946200370788574,-0.0359028577804565,16.967981338500977,-0.9858788251876832,3.299878903817444e-05,0.005744457244873,25.01659393310547
run_1777145511_32391484,1777146970.8138075,16.0,105.0,56.0,0.005744457244873,0.0,-6.493537425994873,16.03818702697754,-0.0359028577804565,16.965925216674805,-0.8918364644050598,3.299878903817444e-05,0.005744457244873,25.01659393310547
run_1777145511_32391484,1777146973.511786,16.0,105.0,56.0,0.005744457244873,0.0,-6.493537425994873,16.159616470336914,-0.0359028577804565,16.962841033935547,-0.7673218846321106,3.299878903817444e-05,0.005744457244873,25.01659393310547
run_1777145511_32391484,1777146975.8197403,16.0,105.0,56.0,0.005744457244873,0.0,-6.493537425994873,16.324581146240234,-0.0359028577804565,16.957700729370117,-0.5972166061401367,3.299878903817444e-05,0.005744457244873,25.01659393310547
run_1777145511_32391484,1777146982.044458,16.0,105.0,56.0,0.005744457244873,0.0,-6.493537425994873,16.404876708984375,-0.0359028577804565,16.95461654663086,-0.5138357281684875,3.299878903817444e-05,0.005744457244873,25.01659393310547
run_1777145511_32391484,1777146983.810784,16.0,105.0,56.0,0.005744457244873,0.0,-6.493537425994873,16.45183563232422,-0.0359028577804565,16.952558517456055,-0.4648213386535644,3.299878903817444e-05,0.005744457244873,25.01659393310547
run_1777145511_32391484,1777146985.8439646,16.0,105.0,56.0,0.005744457244873,0.0,-6.493537425994873,16.494117736816406,-0.0359028577804565,16.950502395629883,-0.420482188463211,3.299878903817444e-05,0.005744457244873,25.01659393310547
run_1777145511_32391484,1777146988.5312698,16.0,105.0,56.0,0.005744457244873,0.0,-6.493537425994873,16.549739837646484,-0.0359028577804565,16.947418212890625,-0.3617763519287109,3.299878903817444e-05,0.005744457244873,25.01659393310547
run_1777145511_32391484,1777146990.819251,16.0,105.0,56.0,0.005744457244873,0.0,-6.493537425994873,16.58219337463379,-0.0359028577804565,16.945362091064453,-0.3272667527198791,3.299878903817444e-05,0.005744457244873,25.01659393310547
run_1777145511_32391484,1777146992.812607,16.0,105.0,56.0,0.0498270988464355,0.0,-6.443944454193115,15.587620735168455,-0.3114193677902221,16.93621063232422,-1.0371712446212769,0.0024827397794524,0.0498270988464355,25.01659393310547
run_1777145511_32391484,1777146994.8146665,16.0,105.0,56.0,0.0498270988464355,0.0,-6.443944454193115,15.633158683776855,-0.3114193677902221,16.92784881591797,-0.9832707047462464,0.0024827397794524,0.0498270988464355,25.01659393310547
run_1777145511_32391484,1777146996.8188212,16.0,105.0,56.0,0.0498270988464355,0.0,-6.443944454193115,15.70913028717041,-0.3114193677902221,16.91002655029297,-0.889477014541626,0.0024827397794524,0.0498270988464355,25.01659393310547
run_1777145511_32391484,1777146998.8421333,16.0,105.0,56.0,0.0498270988464355,0.0,-6.443944454193115,15.776155471801758,-0.3114193677902221,16.89220428466797,-0.8046301007270813,0.0024827397794524,0.0498270988464355,25.01659393310547
run_1777145511_32391484,1777147001.0264444,16.0,105.0,56.0,0.0498270988464355,0.0,-6.443944454193115,15.835086822509766,-0.3114193677902221,16.8743839263916,-0.7278769016265869,0.0024827397794524,0.0498270988464355,25.01659393310547
run_1777145511_32391484,1777147002.8042743,16.0,105.0,56.0,0.0498270988464355,0.0,-6.443944454193115,15.886696815490724,-0.3114193677902221,16.8565616607666,-0.6584451794624329,0.0024827397794524,0.0498270988464355,25.01659393310547
run_1777145511_32391484,1777147004.8137336,16.0,105.0,56.0,0.0498270988464355,0.0,-6.443944454193115,15.95189380645752,-0.3114193677902221,16.8298282623291,-0.5665158629417419,0.0024827397794524,0.0498270988464355,25.01659393310547
run_1777145511_32391484,1777147008.62413,16.0,105.0,56.0,0.0498270988464355,0.0,-6.443944454193115,16.019174575805664,-0.3114193677902221,16.794185638427734,-0.4635913670063019,0.0024827397794524,0.0498270988464355,25.01659393310547
run_1777145511_32391484,1777147013.0365765,16.0,105.0,56.0,0.0498270988464355,0.0,-6.443944454193115,16.057167053222656,-0.3114193677902221,16.767452239990234,-0.3988666534423828,0.0024827397794524,0.0498270988464355,25.01659393310547
run_1777145511_32391484,1777147014.807676,16.0,105.0,56.0,0.0498270988464355,0.0,-6.443944454193115,16.077392578125,-0.3114193677902221,16.749629974365234,-0.3608189821243286,0.0024827397794524,0.0498270988464355,25.01659393310547
run_1777145511_32391484,1777147016.811609,16.0,105.0,56.0,0.0498270988464355,0.0,-6.443944454193115,16.101036071777344,-0.3114193677902221,16.722898483276367,-0.3104429841041565,0.0024827397794524,0.0498270988464355,25.01659393310547
run_1777145511_32391484,1777147019.8258426,16.0,105.0,56.0,0.0498270988464355,0.0,-6.443944454193115,16.117645263671875,-0.3114193677902221,16.696165084838867,-0.2671002745628357,0.0024827397794524,0.0498270988464355,25.01659393310547
run_1777145511_32391484,1777147023.5637703,16.0,105.0,56.0,0.0498270988464355,0.0,-6.443944454193115,16.128204345703125,-0.3114193677902221,16.66943359375,-0.229808822274208,0.0024827397794524,0.0498270988464355,25.01659393310547
run_1777145511_32391484,1777147025.8280573,16.0,105.0,56.0,0.0498270988464355,0.0,-6.443944454193115,16.13230323791504,-0.3114193677902221,16.651611328125,-0.207887515425682,0.0024827397794524,0.0498270988464355,25.01659393310547
run_1777145511_32391484,1777147028.7805514,16.0,105.0,56.0,0.0498270988464355,0.0,-6.443944454193115,16.13459587097168,-0.3114193677902221,16.6248779296875,-0.1788631528615951,0.0024827397794524,0.0498270988464355,25.01659393310547
run_1777145511_32391484,1777147030.8239193,16.0,105.0,56.0,0.0498270988464355,0.0,-6.443944454193115,16.132835388183594,-0.3114193677902221,16.598146438598633,-0.1538910716772079,0.0024827397794524,0.0498270988464355,25.01659393310547
run_1777145511_32391484,1777147034.0477228,16.0,105.0,56.0,0.0498270988464355,0.0,-6.443944454193115,16.12969398498535,-0.3114193677902221,16.580324172973633,-0.1392114609479904,0.0024827397794524,0.0498270988464355,25.01659393310547
run_1777145511_32391484,1777147036.6117697,16.0,105.0,56.0,0.0498270988464355,0.0,-6.443944454193115,16.119340896606445,-0.3114193677902221,16.544679641723633,-0.1139195412397384,0.0024827397794524,0.0498270988464355,25.01659393310547
run_1777145511_32391484,1777147039.8128903,16.0,105.0,56.0,0.0498270988464355,0.0,-6.443944454193115,16.112384796142578,-0.3114193677902221,16.526859283447266,-0.1030528247356414,0.0024827397794524,0.0498270988464355,25.01659393310547
run_1777145511_32391484,1777147042.0455875,16.0,105.0,56.0,0.0498270988464355,0.0,-6.443944454193115,16.104394912719727,-0.3114193677902221,16.509037017822266,-0.0932226777076721,0.0024827397794524,0.0498270988464355,25.01659393310547
run_1777145511_32391484,1777147043.8094606,16.0,105.0,56.0,0.0498270988464355,0.0,-6.443944454193115,16.0954647064209,-0.3114193677902221,16.491214752197266,-0.0843302309513092,0.0024827397794524,0.0498270988464355,25.01659393310547
run_1777145511_32391484,1777147046.5315218,16.0,105.0,56.0,0.0498270988464355,0.0,-6.443944454193115,16.08050537109375,-0.3114193677902221,16.464481353759766,-0.0725564062595367,0.0024827397794524,0.0498270988464355,25.01659393310547
run_1777145511_32391484,1777147048.8266566,16.0,105.0,56.0,0.0498270988464355,0.0,-6.443944454193115,16.06960678100586,-0.3114193677902221,16.4466609954834,-0.0656352937221527,0.0024827397794524,0.0498270988464355,25.01659393310547
run_1777145511_32391484,1777147051.500162,16.0,105.0,56.0,0.0498270988464355,0.0,-6.443944454193115,16.052038192749023,-0.3114193677902221,16.4199275970459,-0.0564715899527072,0.0024827397794524,0.0498270988464355,25.01659393310547
run_1777145511_32391484,1777147053.811799,16.0,105.0,56.0,0.0498270988464355,0.0,-6.443944454193115,16.039602279663086,-0.3114193677902221,16.4021053314209,-0.0510848052799701,0.0024827397794524,0.0498270988464355,25.01659393310547
run_1777145511_32391484,1777147055.8117723,16.0,105.0,56.0,0.0498270988464355,0.0,-6.443944454193115,16.026653289794922,-0.3114193677902221,16.38428497314453,-0.0462118573486804,0.0024827397794524,0.0498270988464355,25.01659393310547
run_1777145511_32391484,1777147057.8054495,16.0,105.0,56.0,0.0939240455627441,0.0,-6.3943352699279785,14.993871688842772,-0.5870252847671509,16.34730339050293,-0.7664063572883606,0.0088217263348724,0.0939240455627441,25.01659393310547
run_1777145511_32391484,1777147061.0315082,16.0,105.0,56.0,0.0498270988464355,0.0,-6.443944454193115,16.03462028503418,-0.3114193677902221,16.327117919921875,0.018922921270132,0.0024827397794524,0.0498270988464355,25.01659393310547
run_1777145511_32391484,1777147063.52401,16.0,105.0,56.0,0.0498270988464355,0.0,-6.443944454193115,16.037817001342773,-0.3114193677902221,16.27886199951172,0.0703751370310783,0.0024827397794524,0.0498270988464355,25.01659393310547
run_1777145511_32391484,1777147069.1709557,16.0,105.0,56.0,0.0498270988464355,0.0,-6.443944454193115,15.989388465881348,-0.3114193677902221,16.24321746826172,0.0575893893837928,0.0024827397794524,0.0498270988464355,25.01659393310547
run_1777145511_32391484,1777147070.8580415,16.0,105.0,56.0,0.0498270988464355,0.0,-6.443944454193115,15.966073036193848,-0.3114193677902221,16.22539520263672,0.0520959720015525,0.0024827397794524,0.0498270988464355,25.01659393310547
run_1777145511_32391484,1777147072.812327,16.0,105.0,56.0,0.0498270988464355,0.0,-6.443944454193115,15.932066917419434,-0.3114193677902221,16.19866371154785,0.044822558760643,0.0024827397794524,0.0498270988464355,25.01659393310547
run_1777145511_32391484,1777147075.8066337,16.0,105.0,56.0,0.0498270988464355,0.0,-6.443944454193115,15.909969329833984,-0.3114193677902221,16.18084144592285,0.0405469574034214,0.0024827397794524,0.0498270988464355,25.01659393310547
run_1777145511_32391484,1777147078.5324256,16.0,105.0,56.0,0.0498270988464355,0.0,-6.443944454193115,15.877575874328612,-0.3114193677902221,16.15410804748535,0.0348859652876853,0.0024827397794524,0.0498270988464355,25.01659393310547
run_1777145511_32391484,1777147081.4961147,16.0,105.0,56.0,0.0498270988464355,0.0,-6.443944454193115,15.845972061157228,-0.3114193677902221,16.127376556396484,0.0300153363496065,0.0024827397794524,0.0498270988464355,25.01659393310547
run_1777145511_32391484,1777147083.8277133,16.0,105.0,56.0,0.0498270988464355,0.0,-6.443944454193115,15.825287818908691,-0.3114193677902221,16.109554290771484,0.0271521937102079,0.0024827397794524,0.0498270988464355,25.01659393310547
run_1777145511_32391484,1777147086.0331607,16.0,105.0,56.0,0.0498270988464355,0.0,-6.443944454193115,15.804874420166016,-0.3114193677902221,16.091732025146484,0.0245621632784605,0.0024827397794524,0.0498270988464355,25.01659393310547
run_1777145511_32391484,1777147087.8116283,16.0,105.0,56.0,0.0498270988464355,0.0,-6.443944454193115,15.784710884094238,-0.3114193677902221,16.073911666870117,0.022219194099307,0.0024827397794524,0.0498270988464355,25.01659393310547
run_1777145511_32391484,1777147089.8096216,16.0,105.0,56.0,0.0498270988464355,0.0,-6.443944454193115,15.764769554138184,-0.3114193677902221,16.056089401245117,0.0200997181236743,0.0024827397794524,0.0498270988464355,25.01659393310547
run_1777145511_32391484,1777147091.8139298,16.0,105.0,56.0,0.0498270988464355,0.0,-6.443944454193115,15.745030403137209,-0.3114193677902221,16.038267135620117,0.0181824192404747,0.0024827397794524,0.0498270988464355,25.01659393310547
run_1777145511_32391484,1777147095.0675156,16.0,105.0,56.0,0.0498270988464355,0.0,-6.443944454193115,15.715758323669434,-0.3114193677902221,16.011533737182617,0.0156438667327165,0.0024827397794524,0.0498270988464355,25.01659393310547
run_1777145511_32391484,1777147098.0329435,16.0,105.0,56.0,0.0498270988464355,0.0,-6.443944454193115,15.686842918395996,-0.3114193677902221,15.98480224609375,0.0134597355499863,0.0024827397794524,0.0498270988464355,25.01659393310547
run_1777145511_32391484,1777147100.62334,16.0,105.0,56.0,0.005744457244873,0.0,-6.493537425994873,16.70598030090332,-0.0359028577804565,15.958857536315918,0.7830260396003723,3.299878903817444e-05,0.005744457244873,25.01659393310547
run_1777145511_32391484,1777147102.8207211,16.0,105.0,56.0,0.005744457244873,0.0,-6.493537425994873,16.59357452392578,-0.0359028577804565,15.95577335357666,0.6737033128738403,3.299878903817444e-05,0.005744457244873,25.01659393310547
run_1777145511_32391484,1777147105.8114474,16.0,105.0,56.0,0.005744457244873,0.0,-6.493537425994873,16.527254104614258,-0.0359028577804565,15.953716278076172,0.6094391942024231,3.299878903817444e-05,0.005744457244873,25.01659393310547
run_1777145511_32391484,1777147107.814597,16.0,105.0,56.0,0.005744457244873,0.0,-6.493537425994873,16.467063903808594,-0.0359028577804565,15.95166015625,0.5513051748275757,3.299878903817444e-05,0.005744457244873,25.01659393310547
run_1777145511_32391484,1777147111.0411208,16.0,105.0,56.0,0.005744457244873,0.0,-6.493537425994873,16.387006759643555,-0.0359028577804565,15.948575973510742,0.4743343591690063,3.299878903817444e-05,0.005744457244873,25.01659393310547
run_1777145511_32391484,1777147113.614156,16.0,105.0,56.0,0.005744457244873,0.0,-6.493537425994873,16.317697525024414,-0.0359028577804565,15.945490837097168,0.4081099331378937,3.299878903817444e-05,0.005744457244873,25.01659393310547
run_1777145511_32391484,1777147116.8590078,16.0,105.0,56.0,0.005744457244873,0.0,-6.493537425994873,16.25763511657715,-0.0359028577804565,15.94240665435791,0.3511314392089844,3.299878903817444e-05,0.005744457244873,25.01659393310547
run_1777145511_32391484,1777147118.8108163,16.0,105.0,56.0,0.005744457244873,0.0,-6.493537425994873,16.22208595275879,-0.0359028577804565,15.940350532531738,0.3176372051239013,3.299878903817444e-05,0.005744457244873,25.01659393310547
run_1777145511_32391484,1777147121.0451343,16.0,105.0,56.0,0.005744457244873,0.0,-6.493537425994873,16.189727783203125,-0.0359028577804565,15.93829345703125,0.2873379588127136,3.299878903817444e-05,0.005744457244873,25.01659393310547
run_1777145511_32391484,1777147124.0486915,16.0,105.0,56.0,0.005744457244873,0.0,-6.493537425994873,16.10679817199707,-0.0359028577804565,15.939179420471191,0.2035218775272369,3.299878903817444e-05,0.005744457244873,25.01659393310547
run_1777145511_32391484,1777147127.8180215,16.0,105.0,56.0,0.005744457244873,0.0,-6.493537425994873,16.05653953552246,-0.0359028577804565,15.934038162231444,0.158403679728508,3.299878903817444e-05,0.005744457244873,25.01659393310547
run_1777145511_32391484,1777147130.8174272,16.0,105.0,56.0,0.005744457244873,0.0,-6.493537425994873,16.03937339782715,-0.0359028577804565,15.931982040405272,0.1432936489582061,3.299878903817444e-05,0.005744457244873,25.01659393310547
run_1777145511_32391484,1777147132.8106902,16.0,105.0,56.0,0.005744457244873,0.0,-6.493537425994873,16.02364730834961,-0.0359028577804565,15.929925918579102,0.1296249479055404,3.299878903817444e-05,0.005744457244873,25.01659393310547
run_1777145511_32391484,1777147134.8197734,16.0,105.0,56.0,0.005744457244873,0.0,-6.493537425994873,16.009225845336914,-0.0359028577804565,15.927868843078612,0.117260068655014,3.299878903817444e-05,0.005744457244873,25.01659393310547
run_1777145511_32391484,1777147137.5043678,16.0,105.0,56.0,0.005744457244873,0.0,-6.493537425994873,15.98976993560791,-0.0359028577804565,15.924784660339355,0.1008887216448783,3.299878903817444e-05,0.005744457244873,25.01659393310547
run_1777145511_32391484,1777147139.814581,16.0,105.0,56.0,0.005744457244873,0.0,-6.493537425994873,15.978090286254885,-0.0359028577804565,15.922728538513184,0.091265007853508,3.299878903817444e-05,0.005744457244873,25.01659393310547
run_1777145511_32391484,1777147141.8123524,16.0,105.0,56.0,0.005744457244873,0.0,-6.493537425994873,15.967329025268556,-0.0359028577804565,15.920671463012695,0.0825592875480651,3.299878903817444e-05,0.005744457244873,25.01659393310547
run_1777145511_32391484,1777147143.826872,16.0,105.0,56.0,0.005744457244873,0.0,-6.493537425994873,15.902029037475586,-0.0359028577804565,15.922880172729492,0.0150509933009743,3.299878903817444e-05,0.005744457244873,25.01659393310547
run_1777145511_32391484,1777147146.8069675,16.0,105.0,56.0,0.005744457244873,0.0,-6.493537425994873,15.84327507019043,-0.0359028577804565,15.925088882446287,-0.0459097847342491,3.299878903817444e-05,0.005744457244873,25.01659393310547
run_1777145511_32391484,1777147149.8123937,16.0,105.0,56.0,0.005744457244873,0.0,-6.493537425994873,15.845598220825195,-0.0359028577804565,15.9230318069458,-0.0415304787456989,3.299878903817444e-05,0.005744457244873,25.01659393310547
run_1777145511_32391484,1777147151.8125873,16.0,105.0,56.0,-0.0383367538452148,0.0,-6.543128967285156,16.834163665771484,0.2396047115325927,15.927261352539062,0.6672973036766052,0.0014697066953885,0.0383367538452148,25.01659393310547
run_1777145511_32391484,1777147153.8172102,16.0,105.0,56.0,0.005744457244873,0.0,-6.493537425994873,15.76221752166748,-0.0359028577804565,15.928181648254396,-0.1300616413354873,3.299878903817444e-05,0.005744457244873,25.01659393310547
run_1777145511_32391484,1777147155.813808,16.0,105.0,56.0,-0.0383367538452148,0.0,-6.543128967285156,16.772178649902344,0.2396047115325927,15.931087493896484,0.601486325263977,0.0014697066953885,0.0383367538452148,25.01659393310547
run_1777145511_32391484,1777147158.0341513,16.0,105.0,56.0,-0.0824170112609863,0.0,-6.592719078063965,17.7314395904541,0.5151063203811646,15.938531875610352,1.2778010368347168,0.0067925637451935,0.0824170112609863,25.01659393310547
run_1777145511_32391484,1777147160.0467205,16.0,105.0,56.0,-0.0383367538452148,0.0,-6.543128967285156,16.62079429626465,0.2396047115325927,15.944403648376465,0.4367863833904266,0.0014697066953885,0.0383367538452148,25.01659393310547
run_1777145511_32391484,1777147161.8127744,16.0,105.0,56.0,-0.0383367538452148,0.0,-6.543128967285156,16.566652297973633,0.2396047115325927,15.95124340057373,0.3758040964603424,0.0014697066953885,0.0383367538452148,25.01659393310547
run_1777145511_32391484,1777147165.4047313,16.0,105.0,56.0,-0.0383367538452148,0.0,-6.543128967285156,16.507495880126953,0.2396047115325927,15.960362434387209,0.3075280785560608,0.0014697066953885,0.0383367538452148,25.01659393310547
run_1777145511_32391484,1777147170.0469923,16.0,105.0,56.0,0.005744457244873,0.0,-6.493537425994873,15.45854663848877,-0.0359028577804565,15.963562965393066,-0.4691135287284851,3.299878903817444e-05,0.005744457244873,25.01659393310547
run_1777145511_32391484,1777147171.813177,16.0,105.0,56.0,-0.0383367538452148,0.0,-6.543128967285156,16.500850677490234,0.2396047115325927,15.966468811035156,0.2947763204574585,0.0014697066953885,0.0383367538452148,25.01659393310547
run_1777145511_32391484,1777147174.0420208,16.0,105.0,56.0,-0.0383367538452148,0.0,-6.543128967285156,16.477291107177734,0.2396047115325927,15.971029281616213,0.2666577994823456,0.0014697066953885,0.0383367538452148,25.01659393310547
run_1777145511_32391484,1777147175.8075397,16.0,105.0,56.0,-0.0383367538452148,0.0,-6.543128967285156,16.4564151763916,0.2396047115325927,15.97558879852295,0.2412214428186416,0.0014697066953885,0.0383367538452148,25.01659393310547
run_1777145511_32391484,1777147178.5313177,16.0,105.0,56.0,0.005744457244873,0.0,-6.493537425994873,15.396306991577148,-0.0359028577804565,15.98077392578125,-0.5485642552375793,3.299878903817444e-05,0.005744457244873,25.01659393310547
run_1777145511_32391484,1777147181.5803933,16.0,105.0,56.0,-0.0383367538452148,0.0,-6.543128967285156,16.496198654174805,0.2396047115325927,15.980005264282228,0.2765891253948211,0.0014697066953885,0.0383367538452148,25.01659393310547
run_1777145511_32391484,1777147183.8109388,16.0,105.0,56.0,-0.0383367538452148,0.0,-6.543128967285156,16.474374771118164,0.2396047115325927,15.984564781188965,0.2502054572105407,0.0014697066953885,0.0383367538452148,25.01659393310547
run_1777145511_32391484,1777147185.8159716,16.0,105.0,56.0,-0.0383367538452148,0.0,-6.543128967285156,16.455068588256836,0.2396047115325927,15.989124298095703,0.2263384461402893,0.0014697066953885,0.0383367538452148,25.01659393310547
run_1777145511_32391484,1777147187.8188534,16.0,105.0,56.0,-0.0383367538452148,0.0,-6.543128967285156,16.438037872314453,0.2396047115325927,15.993684768676758,0.2047481685876846,0.0014697066953885,0.0383367538452148,25.01659393310547
run_1777145511_32391484,1777147189.8104126,16.0,105.0,56.0,-0.0383367538452148,0.0,-6.543128967285156,16.423065185546875,0.2396047115325927,15.998244285583496,0.1852173805236816,0.0014697066953885,0.0383367538452148,25.01659393310547
