run_id,timestamp,kp,ki,kd,temp,temp_ref,temp_raw,temp_u,temp_u_p,temp_u_i,temp_u_d,sq_error,mae,start_temp
run_1780059244_43271aeb,1780059725.3710027,2.0,2.0,48.0,23.549909591674805,0.0,19.993648529052734,-100.0,-100.0,0.0,13.340904235839844,554.598241776057,23.549909591674805,23.549909591674805
run_1780059244_43271aeb,1780059727.0790026,2.0,2.0,48.0,23.505470275878906,0.0,19.943653106689453,-100.0,-100.0,0.0,17.2171688079834,552.5071328902268,23.505470275878906,23.549909591674805
run_1780059244_43271aeb,1780059729.0750206,2.0,2.0,48.0,23.549909591674805,0.0,19.993648529052734,-100.0,-100.0,0.0,10.628371238708496,554.598241776057,23.549909591674805,23.549909591674805
run_1780059244_43271aeb,1780059731.07302,2.0,2.0,48.0,23.46104621887207,0.0,19.8936767578125,-100.0,-100.0,0.0,19.60988426208496,550.4206896840515,23.46104621887207,23.549909591674805
run_1780059244_43271aeb,1780059733.0850189,2.0,2.0,48.0,23.416608810424805,0.0,19.843685150146484,-100.0,-100.0,0.0,22.685556411743164,548.3375681804646,23.416608810424805,23.549909591674805
run_1780059244_43271aeb,1780059735.081019,2.0,2.0,48.0,23.283300399780273,0.0,19.69371223449707,-100.0,-100.0,0.0,35.365909576416016,542.1120775064082,23.283300399780273,23.549909591674805
run_1780059244_43271aeb,1780059737.07802,2.0,2.0,48.0,23.23885154724121,0.0,19.643707275390625,-100.0,-100.0,0.0,36.93989562988281,540.0442212347152,23.23885154724121,23.549909591674805
run_1780059244_43271aeb,1780059739.0720048,2.0,2.0,48.0,23.10558319091797,0.0,19.4937801361084,-100.0,-100.0,0.0,40.0,533.867974592431,23.10558319091797,23.549909591674805
run_1780059244_43271aeb,1780059741.0840023,2.0,2.0,48.0,23.061176300048828,0.0,19.443824768066406,-100.0,-100.0,0.0,40.0,531.8178523419338,23.061176300048828,23.549909591674805
run_1780059244_43271aeb,1780059743.083019,2.0,2.0,48.0,22.883472442626953,0.0,19.243906021118164,-100.0,-100.0,0.0,40.0,523.6533110324672,22.883472442626953,23.549909591674805
run_1780059244_43271aeb,1780059745.0794005,2.0,2.0,48.0,22.794599533081055,0.0,19.143924713134766,-100.0,-100.0,0.0,40.0,519.593767873539,22.794599533081055,23.549909591674805
run_1780059244_43271aeb,1780059747.0739121,2.0,2.0,48.0,22.66132354736328,0.0,18.993988037109375,-100.0,-100.0,0.0,40.0,513.5355849182815,22.66132354736328,23.549909591674805
run_1780059244_43271aeb,1780059749.0719123,2.0,2.0,48.0,22.572484970092773,0.0,18.894044876098633,-100.0,-100.0,0.0,40.0,509.51707772506415,22.572484970092773,23.549909591674805
run_1780059244_43271aeb,1780059751.0828946,2.0,2.0,48.0,22.439247131347656,0.0,18.744152069091797,-100.0,-100.0,0.0,40.0,503.519811821694,22.439247131347656,23.549909591674805
run_1780059244_43271aeb,1780059753.0808947,2.0,2.0,48.0,22.350419998168945,0.0,18.644222259521484,-100.0,-100.0,0.0,40.0,499.5412740945503,22.350419998168945,23.549909591674805
run_1780059244_43271aeb,1780059755.0779114,2.0,2.0,48.0,22.217159271240234,0.0,18.49430274963379,-100.0,-100.0,0.0,40.0,493.6021660836559,22.217159271240234,23.549909591674805
run_1780059244_43271aeb,1780059757.0759122,2.0,2.0,48.0,22.172725677490234,0.0,18.44431495666504,-100.0,-100.0,0.0,40.0,491.6297639692348,22.172725677490234,23.549909591674805
run_1780059244_43271aeb,1780059759.085912,2.0,2.0,48.0,22.03950309753418,0.0,18.29444122314453,-100.0,-100.0,0.0,40.0,485.7396967862187,22.03950309753418,23.549909591674805
run_1780059244_43271aeb,1780059761.0818946,2.0,2.0,48.0,21.995086669921875,0.0,18.24447250366211,-100.0,-100.0,0.0,40.0,483.78383761737496,21.995086669921875,23.549909591674805
run_1780059244_43271aeb,1780059763.0808954,2.0,2.0,48.0,21.86184310913086,0.0,18.094573974609375,-100.0,-100.0,0.0,40.0,477.94018412825244,21.86184310913086,23.549909591674805
run_1780059244_43271aeb,1780059765.078911,2.0,2.0,48.0,21.817445755004883,0.0,18.044626235961914,-100.0,-100.0,0.0,40.0,476.0009392725806,21.817445755004883,23.549909591674805
run_1780059244_43271aeb,1780059767.0759108,2.0,2.0,48.0,21.7286376953125,0.0,17.944717407226562,-100.0,-100.0,0.0,40.0,472.1336960941553,21.7286376953125,23.549909591674805
run_1780059244_43271aeb,1780059769.0739126,2.0,2.0,48.0,21.639829635620117,0.0,17.84480857849121,-100.0,-100.0,0.0,40.0,468.2822266586627,21.639829635620117,23.549909591674805
run_1780059244_43271aeb,1780059771.0858943,2.0,2.0,48.0,21.59540557861328,0.0,17.794830322265625,-100.0,-100.0,0.0,40.0,466.36154210480163,21.59540557861328,23.549909591674805
run_1780059244_43271aeb,1780059773.0859113,2.0,2.0,48.0,21.506603240966797,0.0,17.694929122924805,-100.0,-100.0,0.0,40.0,462.53398296436353,21.506603240966797,23.549909591674805
run_1780059244_43271aeb,1780059775.0829124,2.0,2.0,48.0,21.417802810668945,0.0,17.595027923583984,-100.0,-100.0,0.0,40.0,458.7222772366986,21.417802810668945,23.549909591674805
run_1780059244_43271aeb,1780059777.0809119,2.0,2.0,48.0,21.373382568359375,0.0,17.545055389404297,-100.0,-100.0,0.0,40.0,456.8214824134484,21.373382568359375,23.549909591674805
run_1780059244_43271aeb,1780059779.0749116,2.0,2.0,48.0,21.284587860107422,0.0,17.445159912109375,-100.0,-100.0,0.0,40.0,453.03368037463224,21.284587860107422,23.549909591674805
run_1780059244_43271aeb,1780059781.073018,2.0,2.0,48.0,21.240196228027344,0.0,17.395221710205078,-100.0,-100.0,0.0,40.0,451.145935805107,21.240196228027344,23.549909591674805
run_1780059244_43271aeb,1780059783.079021,2.0,2.0,48.0,21.151405334472656,0.0,17.295330047607422,-100.0,-100.0,0.0,40.0,447.38194762315834,21.151405334472656,23.549909591674805
run_1780059244_43271aeb,1780059785.0860357,2.0,2.0,48.0,21.107013702392578,0.0,17.245391845703125,-100.0,-100.0,0.0,40.0,445.50602743298805,21.107013702392578,23.549909591674805
run_1780059244_43271aeb,1780059787.083018,2.0,2.0,48.0,21.018199920654297,0.0,17.145475387573242,-100.0,-100.0,0.0,40.0,441.7647279045923,21.018199920654297,23.549909591674805
run_1780059244_43271aeb,1780059789.0813339,2.0,2.0,48.0,20.973798751831055,0.0,17.095523834228516,-100.0,-100.0,0.0,40.0,439.9002340823099,20.973798751831055,23.549909591674805
run_1780059244_43271aeb,1780059791.0773504,2.0,2.0,48.0,20.929414749145508,0.0,17.045591354370117,-100.0,-100.0,0.0,40.0,438.0404017417495,20.929414749145508,23.549909591674805
run_1780059244_43271aeb,1780059793.0763514,2.0,2.0,48.0,20.885013580322266,0.0,16.995641708374023,-100.0,-100.0,0.0,40.0,436.18379225024546,20.885013580322266,23.549909591674805
run_1780059244_43271aeb,1780059795.0753515,2.0,2.0,48.0,20.796220779418945,0.0,16.895748138427734,-100.0,-100.0,0.0,40.0,432.4827987063363,20.796220779418945,23.549909591674805
run_1780059244_43271aeb,1780059797.0743506,2.0,2.0,48.0,20.796220779418945,0.0,16.895748138427734,-100.0,-100.0,0.0,40.0,432.4827987063363,20.796220779418945,23.549909591674805
run_1780059244_43271aeb,1780059799.0724041,2.0,2.0,48.0,20.707443237304688,0.0,16.795873641967773,-100.0,-100.0,0.0,40.0,428.79820542619564,20.707443237304688,23.549909591674805
run_1780059244_43271aeb,1780059801.0723867,2.0,2.0,48.0,20.707443237304688,0.0,16.795873641967773,-100.0,-100.0,0.0,40.0,428.79820542619564,20.707443237304688,23.549909591674805
run_1780059244_43271aeb,1780059803.0853868,2.0,2.0,48.0,20.618696212768555,0.0,16.696033477783203,-100.0,-100.0,0.0,40.0,425.13063351443634,20.618696212768555,23.549909591674805
run_1780059244_43271aeb,1780059805.0825858,2.0,2.0,48.0,20.57428741455078,0.0,16.646072387695312,-100.0,-100.0,0.0,40.0,423.30130261654267,20.57428741455078,23.549909591674805
run_1780059244_43271aeb,1780059807.0816035,2.0,2.0,48.0,20.529909133911133,0.0,16.596147537231445,-100.0,-100.0,0.0,40.0,421.47716904664776,20.529909133911133,23.549909591674805
run_1780059244_43271aeb,1780059809.0796037,2.0,2.0,48.0,20.48548698425293,0.0,16.546173095703125,-100.0,-100.0,0.0,40.0,419.6551769819962,20.48548698425293,23.549909591674805
run_1780059244_43271aeb,1780059811.0778396,2.0,2.0,48.0,20.441104888916016,0.0,16.496244430541992,-100.0,-100.0,0.0,40.0,417.83876907966624,20.441104888916016,23.549909591674805
run_1780059244_43271aeb,1780059813.0768406,2.0,2.0,48.0,20.441104888916016,0.0,16.496244430541992,-100.0,-100.0,0.0,40.0,417.83876907966624,20.441104888916016,23.549909591674805
run_1780059244_43271aeb,1780059815.0738409,2.0,2.0,48.0,20.396717071533203,0.0,16.446306228637695,-100.0,-100.0,0.0,40.0,416.026067296174,20.396717071533203,23.549909591674805
run_1780059244_43271aeb,1780059817.0738227,2.0,2.0,48.0,20.35234260559082,0.0,16.396385192871094,-100.0,-100.0,0.0,40.0,414.21784953534734,20.35234260559082,23.549909591674805
run_1780059244_43271aeb,1780059819.0851521,2.0,2.0,48.0,20.307950973510742,0.0,16.346445083618164,-100.0,-100.0,0.0,40.0,412.4128727425159,20.307950973510742,23.549909591674805
run_1780059244_43271aeb,1780059821.0821512,2.0,2.0,48.0,20.26357650756836,0.0,16.296524047851562,-100.0,-100.0,0.0,40.0,410.6125328780763,20.26357650756836,23.549909591674805
run_1780059244_43271aeb,1780059823.0801516,2.0,2.0,48.0,20.219173431396484,0.0,16.246570587158203,-100.0,-100.0,0.0,40.0,408.8149742488895,20.219173431396484,23.549909591674805
run_1780059244_43271aeb,1780059825.0782762,2.0,2.0,48.0,20.219173431396484,0.0,16.246570587158203,-100.0,-100.0,0.0,40.0,408.8149742488895,20.219173431396484,23.549909591674805
run_1780059244_43271aeb,1780059827.0752754,2.0,2.0,48.0,20.17481231689453,0.0,16.196664810180664,-100.0,-100.0,0.0,40.0,407.0230520219193,20.17481231689453,23.549909591674805
run_1780059244_43271aeb,1780059829.0854344,2.0,2.0,48.0,20.130413055419922,0.0,16.146713256835938,-100.0,-100.0,0.0,40.0,405.23352978182083,20.130413055419922,23.549909591674805
run_1780059244_43271aeb,1780059831.084417,2.0,2.0,48.0,20.086040496826172,0.0,16.09679412841797,-100.0,-100.0,0.0,40.0,403.44902284014097,20.086040496826172,23.549909591674805
run_1780059244_43271aeb,1780059833.081433,2.0,2.0,48.0,20.086040496826172,0.0,16.09679412841797,-100.0,-100.0,0.0,40.0,403.44902284014097,20.086040496826172,23.549909591674805
run_1780059244_43271aeb,1780059835.0864174,2.0,2.0,48.0,20.04165267944336,0.0,16.046859741210938,-100.0,-100.0,0.0,40.0,401.6678421234392,20.04165267944336,23.549909591674805
run_1780059244_43271aeb,1780059837.0834355,2.0,2.0,48.0,20.086040496826172,0.0,16.09679412841797,-100.0,-100.0,0.0,38.303070068359375,403.44902284014097,20.086040496826172,23.549909591674805
run_1780059244_43271aeb,1780059839.0794308,2.0,2.0,48.0,19.952898025512695,0.0,15.947010040283203,-100.0,-100.0,0.0,40.0,398.1181396165084,19.952898025512695,23.549909591674805
run_1780059244_43271aeb,1780059841.0774343,2.0,2.0,48.0,19.90850067138672,0.0,15.897062301635742,-100.0,-100.0,0.0,40.0,396.34839898260543,19.90850067138672,23.549909591674805
run_1780059244_43271aeb,1780059843.0764334,2.0,2.0,48.0,19.864131927490234,0.0,15.847146987915039,-100.0,-100.0,0.0,40.0,394.5837372327369,19.864131927490234,23.549909591674805
run_1780059244_43271aeb,1780059845.0734348,2.0,2.0,48.0,19.819747924804688,0.0,15.797216415405273,-100.0,-100.0,0.0,40.0,392.8224078027997,19.819747924804688,23.549909591674805
run_1780059244_43271aeb,1780059847.084434,2.0,2.0,48.0,19.730985641479492,0.0,15.697358131408691,-100.0,-100.0,0.0,40.0,389.3117943842699,19.730985641479492,23.549909591674805
run_1780059244_43271aeb,1780059849.0824337,2.0,2.0,48.0,19.686634063720703,0.0,15.647462844848633,-100.0,-100.0,0.0,40.0,387.5635607588483,19.686634063720703,23.549909591674805
run_1780059244_43271aeb,1780059851.0794332,2.0,2.0,48.0,19.597858428955078,0.0,15.547592163085938,-100.0,-100.0,0.0,40.0,384.0760550013656,19.597858428955078,23.549909591674805
run_1780059244_43271aeb,1780059853.0774167,2.0,2.0,48.0,19.553495407104492,0.0,15.497682571411133,-100.0,-100.0,0.0,40.0,382.33918263565647,19.553495407104492,23.549909591674805
run_1780059244_43271aeb,1780059855.0744338,2.0,2.0,48.0,19.46475601196289,0.0,15.397850036621094,-100.0,-100.0,0.0,40.0,378.8767266052455,19.46475601196289,23.549909591674805
run_1780059244_43271aeb,1780059857.0744169,2.0,2.0,48.0,19.420364379882812,0.0,15.347909927368164,-100.0,-100.0,0.0,40.0,377.15055264742114,19.420364379882812,23.549909591674805
run_1780059244_43271aeb,1780059859.0844345,2.0,2.0,48.0,19.37600326538086,0.0,15.298004150390625,-100.0,-100.0,0.0,40.0,375.4295025400497,19.37600326538086,23.549909591674805
run_1780059244_43271aeb,1780059861.0834165,2.0,2.0,48.0,19.287267684936523,0.0,15.198176383972168,-100.0,-100.0,0.0,40.0,371.9986947503967,19.287267684936523,23.549909591674805
run_1780059244_43271aeb,1780059863.0784338,2.0,2.0,48.0,19.198535919189453,0.0,15.098352432250977,-100.0,-100.0,0.0,40.0,368.5837814404076,19.198535919189453,23.549909591674805
run_1780059244_43271aeb,1780059865.0744169,2.0,2.0,48.0,19.10977554321289,0.0,14.998497009277344,-100.0,-100.0,0.0,40.0,365.18352131197753,19.10977554321289,23.549909591674805
run_1780059244_43271aeb,1780059867.0734193,2.0,2.0,48.0,19.02104949951172,0.0,14.898679733276367,-100.0,-100.0,0.0,40.0,361.800324062875,19.02104949951172,23.549909591674805
run_1780059244_43271aeb,1780059869.0854166,2.0,2.0,48.0,18.932308197021484,0.0,14.798848152160645,-100.0,-100.0,0.0,40.0,358.4322936670069,18.932308197021484,23.549909591674805
run_1780059244_43271aeb,1780059871.0794172,2.0,2.0,48.0,18.843589782714844,0.0,14.699037551879883,-100.0,-100.0,0.0,40.0,355.08087589923525,18.843589782714844,23.549909591674805
run_1780059244_43271aeb,1780059873.0755017,2.0,2.0,48.0,18.710519790649414,0.0,14.549334526062012,-100.0,-100.0,0.0,40.0,350.0835508362834,18.710519790649414,23.549909591674805
run_1780059244_43271aeb,1780059875.0734854,2.0,2.0,48.0,18.66612434387207,0.0,14.4993896484375,-100.0,-100.0,0.0,40.0,348.4241980208935,18.66612434387207,23.549909591674805
run_1780059244_43271aeb,1780059877.0812914,2.0,2.0,48.0,18.533061981201172,0.0,14.349695205688477,-100.0,-100.0,0.0,40.0,343.4743863990443,18.533061981201172,23.549909591674805
run_1780059244_43271aeb,1780059879.0765605,2.0,2.0,48.0,18.444351196289062,0.0,14.249896049499512,-100.0,-100.0,0.0,40.0,340.19409105204977,18.444351196289062,23.549909591674805
run_1780059244_43271aeb,1780059881.0750518,2.0,2.0,48.0,18.31130027770996,0.0,14.100213050842285,-100.0,-100.0,0.0,40.0,335.3037178604609,18.31130027770996,23.549909591674805
run_1780059244_43271aeb,1780059883.073233,2.0,2.0,48.0,18.26692771911621,0.0,14.05029296875,-100.0,-100.0,0.0,40.0,333.6806482954162,18.26692771911621,23.549909591674805
run_1780059244_43271aeb,1780059885.0862327,2.0,2.0,48.0,18.17819595336914,0.0,13.950470924377441,-100.0,-100.0,0.0,40.0,330.4468081190862,18.17819595336914,23.549909591674805
run_1780059244_43271aeb,1780059887.0852327,2.0,2.0,48.0,18.045156478881836,0.0,13.800801277160645,-100.0,-100.0,0.0,40.0,325.6276723473311,18.045156478881836,23.549909591674805
run_1780059244_43271aeb,1780059889.0842896,2.0,2.0,48.0,17.867769241333008,0.0,13.601240158081055,-100.0,-100.0,0.0,40.0,319.25717766152593,17.867769241333008,23.549909591674805
run_1780059244_43271aeb,1780059891.0832896,2.0,2.0,48.0,17.82343292236328,0.0,13.551361083984375,-100.0,-100.0,0.0,40.0,317.6747611379833,17.82343292236328,23.549909591674805
run_1780059244_43271aeb,1780059893.0822895,2.0,2.0,48.0,17.646028518676758,0.0,13.35178279876709,-100.0,-100.0,0.0,40.0,311.38232248195345,17.646028518676758,23.549909591674805
run_1780059244_43271aeb,1780059895.0812895,2.0,2.0,48.0,17.55733299255371,0.0,13.251999855041504,-100.0,-100.0,0.0,40.0,308.25994181141505,17.55733299255371,23.549909591674805
run_1780059244_43271aeb,1780059897.0792894,2.0,2.0,48.0,17.424320220947266,0.0,13.102361679077148,-100.0,-100.0,0.0,40.0,303.60693516211177,17.424320220947266,23.549909591674805
run_1780059244_43271aeb,1780059899.0782895,2.0,2.0,48.0,17.335643768310547,0.0,13.00260066986084,-100.0,-100.0,0.0,40.0,300.5245448617643,17.335643768310547,23.549909591674805
run_1780059244_43271aeb,1780059901.0762892,2.0,2.0,48.0,17.15827178955078,0.0,12.803055763244629,-100.0,-100.0,0.0,40.0,294.40629080409417,17.15827178955078,23.549909591674805
run_1780059244_43271aeb,1780059903.0742893,2.0,2.0,48.0,17.069589614868164,0.0,12.703289031982422,-100.0,-100.0,0.0,40.0,291.3708896200151,17.069589614868164,23.549909591674805
run_1780059244_43271aeb,1780059905.0862894,2.0,2.0,48.0,16.892263412475586,0.0,12.503795623779297,-100.0,-100.0,0.0,40.0,285.3485631964613,16.892263412475586,23.549909591674805
run_1780059244_43271aeb,1780059907.0812895,2.0,2.0,48.0,16.803573608398438,0.0,12.404019355773926,-100.0,-100.0,0.0,40.0,282.3600860128645,16.803573608398438,23.549909591674805
run_1780059244_43271aeb,1780059909.0782895,2.0,2.0,48.0,16.626277923583984,0.0,12.204562187194824,-100.0,-100.0,0.0,40.0,276.43311759225617,16.626277923583984,23.549909591674805
run_1780059244_43271aeb,1780059911.07529,2.0,2.0,48.0,16.537626266479492,0.0,12.104829788208008,-100.0,-100.0,0.0,40.0,273.4930825297524,16.537626266479492,23.549909591674805
run_1780059244_43271aeb,1780059913.0722897,2.0,2.0,48.0,16.360301971435547,0.0,11.905338287353516,-100.0,-100.0,0.0,40.0,267.65948059655784,16.360301971435547,23.549909591674805
run_1780059244_43271aeb,1780059915.0862894,2.0,2.0,48.0,16.271644592285156,0.0,11.8056001663208,-100.0,-100.0,0.0,40.0,264.76641773764277,16.271644592285156,23.549909591674805
run_1780059244_43271aeb,1780059917.0822895,2.0,2.0,48.0,16.094364166259766,0.0,11.606159210205078,-100.0,-100.0,0.0,40.0,259.0285579161864,16.094364166259766,23.549909591674805
run_1780059244_43271aeb,1780059919.0772898,2.0,2.0,48.0,16.005727767944336,0.0,11.506443977355957,-100.0,-100.0,0.0,40.0,256.1833213815444,16.005727767944336,23.549909591674805
run_1780059244_43271aeb,1780059921.0742893,2.0,2.0,48.0,15.828421592712402,0.0,11.306974411010742,-100.0,-100.0,0.0,40.0,250.53893011664422,15.828421592712402,23.549909591674805
run_1780059244_43271aeb,1780059923.0732896,2.0,2.0,48.0,15.739794731140137,0.0,11.207268714904785,-100.0,-100.0,0.0,40.0,247.7411381784268,15.739794731140137,23.549909591674805
run_1780059244_43271aeb,1780059925.0722904,2.0,2.0,48.0,15.518245697021484,0.0,10.958025932312012,-100.0,-100.0,0.0,40.0,240.81594951312582,15.518245697021484,23.549909591674805
run_1780059244_43271aeb,1780059927.0862901,2.0,2.0,48.0,15.429627418518066,0.0,10.858330726623535,-100.0,-100.0,0.0,40.0,238.0734022742845,15.429627418518066,23.549909591674805
run_1780059244_43271aeb,1780059929.0852926,2.0,2.0,48.0,15.25235652923584,0.0,10.65890121459961,-100.0,-100.0,0.0,40.0,232.63437969492315,15.25235652923584,23.549909591674805
run_1780059244_43271aeb,1780059931.0852902,2.0,2.0,48.0,15.163745880126953,0.0,10.55921459197998,-100.0,-100.0,0.0,40.0,229.93918911706714,15.163745880126953,23.549909591674805
run_1780059244_43271aeb,1780059933.0832896,2.0,2.0,48.0,14.942239761352539,0.0,10.310020446777344,-100.0,-100.0,0.0,40.0,223.27052908574478,14.942239761352539,23.549909591674805
run_1780059244_43271aeb,1780059935.0822935,2.0,2.0,48.0,14.853639602661133,0.0,10.210344314575195,-100.0,-100.0,0.0,40.0,220.63060944574318,14.853639602661133,23.549909591674805
run_1780059244_43271aeb,1780059937.0803106,2.0,2.0,48.0,14.676403999328613,0.0,10.010954856872559,-100.0,-100.0,0.0,40.0,215.39683435150891,14.676403999328613,23.549909591674805
run_1780059244_43271aeb,1780059939.0763106,2.0,2.0,48.0,14.587810516357422,0.0,9.911287307739258,-100.0,-100.0,0.0,40.0,212.8042156611482,14.587810516357422,23.549909591674805
run_1780059244_43271aeb,1780059941.0727854,2.0,2.0,48.0,14.366349220275879,0.0,9.662142753601074,-100.0,-100.0,0.0,40.0,206.39198991892135,14.366349220275879,23.549909591674805
run_1780059244_43271aeb,1780059943.0867836,2.0,2.0,48.0,14.277765274047852,0.0,9.56248664855957,-100.0,-100.0,0.0,40.0,203.85458122080672,14.277765274047852,23.549909591674805
run_1780059244_43271aeb,1780059945.0826151,2.0,2.0,48.0,14.100564956665039,0.0,9.36313533782959,-100.0,-100.0,0.0,40.0,198.82593209713013,14.100564956665039,23.549909591674805
run_1780059244_43271aeb,1780059947.0786147,2.0,2.0,48.0,14.011991500854492,0.0,9.263489723205566,-100.0,-100.0,0.0,40.0,196.33590582001852,14.011991500854492,23.549909591674805
run_1780059244_43271aeb,1780059949.076615,2.0,2.0,48.0,13.790572166442871,0.0,9.01439380645752,-100.0,-100.0,0.0,40.0,190.17988067786882,13.790572166442871,23.549909591674805
run_1780059244_43271aeb,1780059951.0758758,2.0,2.0,48.0,13.70199203491211,0.0,8.914740562438965,-100.0,-100.0,0.0,40.0,187.7445857247949,13.70199203491211,23.549909591674805
run_1780059244_43271aeb,1780059953.0750313,2.0,2.0,48.0,13.480552673339844,0.0,8.665621757507324,-100.0,-100.0,0.0,40.0,181.72530037869,13.480552673339844,23.549909591674805
run_1780059244_43271aeb,1780059955.0870314,2.0,2.0,48.0,13.391983985900879,0.0,8.5659818649292,-100.0,-100.0,0.0,40.0,179.3452350786256,13.391983985900879,23.549909591674805
run_1780059244_43271aeb,1780059957.0870314,2.0,2.0,48.0,13.21487808227539,0.0,8.366738319396973,-100.0,-100.0,0.0,40.0,174.6330027294025,13.21487808227539,23.549909591674805
run_1780059244_43271aeb,1780059959.0850315,2.0,2.0,48.0,13.126331329345703,0.0,8.267122268676758,-100.0,-100.0,0.0,40.0,172.30057416776253,13.126331329345703,23.549909591674805
run_1780059244_43271aeb,1780059961.0831769,2.0,2.0,48.0,12.949228286743164,0.0,8.06788158416748,-100.0,-100.0,0.0,40.0,167.6825132221893,12.949228286743164,23.549909591674805
run_1780059244_43271aeb,1780059963.082177,2.0,2.0,48.0,12.816398620605469,0.0,7.918447971343994,-100.0,-100.0,0.0,40.0,164.26007360225776,12.816398620605469,23.549909591674805
run_1780059244_43271aeb,1780059965.079669,2.0,2.0,48.0,12.639328002929688,0.0,7.719244480133057,-100.0,-100.0,0.0,40.0,159.75261236564256,12.639328002929688,23.549909591674805
run_1780059244_43271aeb,1780059967.0766692,2.0,2.0,48.0,12.550798416137695,0.0,7.61964750289917,-100.0,-100.0,0.0,40.0,157.52254088252448,12.550798416137695,23.549909591674805
run_1780059244_43271aeb,1780059969.087156,2.0,2.0,48.0,12.373730659484863,0.0,7.420446872711182,-100.0,-100.0,0.0,40.0,153.1092104334757,12.373730659484863,23.549909591674805
run_1780059244_43271aeb,1780059971.0821712,2.0,2.0,48.0,12.285179138183594,0.0,7.320826053619385,-100.0,-100.0,0.0,40.0,150.9256264572614,12.285179138183594,23.549909591674805
run_1780059244_43271aeb,1780059973.0753722,2.0,2.0,48.0,12.063891410827637,0.0,7.071877479553223,-100.0,-100.0,0.0,40.0,145.53747597224083,12.063891410827637,23.549909591674805
run_1780059244_43271aeb,1780059975.0737793,2.0,2.0,48.0,11.975364685058594,0.0,6.972285270690918,-100.0,-100.0,0.0,40.0,143.4093593401485,11.975364685058594,23.549909591674805
run_1780059244_43271aeb,1780059977.0851252,2.0,2.0,48.0,11.798316955566406,0.0,6.773106575012207,-100.0,-100.0,0.0,40.0,139.20028298400575,11.798316955566406,23.549909591674805
run_1780059244_43271aeb,1780059979.0801253,2.0,2.0,48.0,11.665567398071289,0.0,6.623763084411621,-100.0,-100.0,0.0,40.0,136.08546271894375,11.665567398071289,23.549909591674805
run_1780059244_43271aeb,1780059981.0771258,2.0,2.0,48.0,11.488567352294922,0.0,6.424638748168945,-100.0,-100.0,0.0,40.0,131.98717980821675,11.488567352294922,23.549909591674805
run_1780059244_43271aeb,1780059983.0731258,2.0,2.0,48.0,11.400043487548828,0.0,6.325048923492432,-100.0,-100.0,0.0,40.0,129.96099151800445,11.400043487548828,23.549909591674805
run_1780059244_43271aeb,1780059985.086126,2.0,2.0,48.0,11.223047256469727,0.0,6.125927448272705,-100.0,-100.0,0.0,40.0,125.95678972095266,11.223047256469727,23.549909591674805
run_1780059244_43271aeb,1780059987.0811265,2.0,2.0,48.0,11.134557723999023,0.0,6.0263776779174805,-100.0,-100.0,0.0,40.0,123.97837570906631,11.134557723999023,23.549909591674805
run_1780059244_43271aeb,1780059989.0801265,2.0,2.0,48.0,10.913329124450684,0.0,5.77749490737915,-100.0,-100.0,0.0,40.0,119.10075257858352,10.913329124450684,23.549909591674805
run_1780059244_43271aeb,1780059991.0731258,2.0,2.0,48.0,10.824850082397461,0.0,5.677956581115723,-100.0,-100.0,0.0,40.0,117.17737930638032,10.824850082397461,23.549909591674805
run_1780059244_43271aeb,1780059993.08413,2.0,2.0,48.0,10.73636245727539,0.0,5.578406810760498,-100.0,-100.0,0.0,40.0,115.26947881399246,10.73636245727539,23.549909591674805
run_1780059244_43271aeb,1780059995.0781302,2.0,2.0,48.0,10.603660583496094,0.0,5.429118633270264,-100.0,-100.0,0.0,40.0,112.43761776998872,10.603660583496094,23.549909591674805
run_1780059244_43271aeb,1780059997.0781252,2.0,2.0,48.0,10.42669677734375,0.0,5.2300333976745605,-100.0,-100.0,0.0,40.0,108.71600568667054,10.42669677734375,23.549909591674805
run_1780059244_43271aeb,1780059999.0731256,2.0,2.0,48.0,10.249772071838379,0.0,5.030993461608887,-100.0,-100.0,0.0,40.0,105.05782752463801,10.249772071838379,23.549909591674805
run_1780059244_43271aeb,1780060001.0871284,2.0,2.0,48.0,10.205520629882812,0.0,4.981210231781006,-100.0,-100.0,0.0,40.0,104.15265132696368,10.205520629882812,23.549909591674805
run_1780059244_43271aeb,1780060003.0871272,2.0,2.0,48.0,9.98436164855957,0.0,4.732407093048096,-100.0,-100.0,0.0,40.0,99.68747752922718,9.98436164855957,23.549909591674805
run_1780059244_43271aeb,1780060005.0841258,2.0,2.0,48.0,9.851696014404297,0.0,4.583157539367676,-100.0,-100.0,0.0,40.0,97.05591436022951,9.851696014404297,23.549909591674805
run_1780059244_43271aeb,1780060007.0801258,2.0,2.0,48.0,9.630563735961914,0.0,4.334384441375732,-100.0,-100.0,0.0,40.0,92.7477578724247,9.630563735961914,23.549909591674805
run_1780059244_43271aeb,1780060009.0791264,2.0,2.0,48.0,9.54212474822998,0.0,4.234890460968018,-100.0,-100.0,0.0,40.0,91.05214471078307,9.54212474822998,23.549909591674805
run_1780059244_43271aeb,1780060011.0791252,2.0,2.0,48.0,9.365240097045898,0.0,4.035895347595215,-100.0,-100.0,0.0,40.0,87.70772207531627,9.365240097045898,23.549909591674805
run_1780059244_43271aeb,1780060013.0771253,2.0,2.0,48.0,9.32103157043457,0.0,3.9861607551574707,-100.0,-100.0,0.0,40.0,86.88162953703795,9.32103157043457,23.549909591674805
run_1780059244_43271aeb,1780060015.0761254,2.0,2.0,48.0,9.09992504119873,0.0,3.7374155521392822,-100.0,-100.0,0.0,40.0,82.80863575543572,9.09992504119873,23.549909591674805
run_1780059244_43271aeb,1780060017.0748022,2.0,2.0,48.0,9.01148796081543,0.0,3.6379237174987793,-100.0,-100.0,0.0,40.0,81.20691526792143,9.01148796081543,23.549909591674805
run_1780059244_43271aeb,1780060019.087802,2.0,2.0,48.0,8.790448188781738,0.0,3.389254093170166,-100.0,-100.0,0.0,40.0,77.27197935965614,8.790448188781738,23.549909591674805
run_1780059244_43271aeb,1780060021.085802,2.0,2.0,48.0,8.74625015258789,0.0,3.339531183242798,-100.0,-100.0,0.0,40.0,76.4968917316437,8.74625015258789,23.549909591674805
run_1780059244_43271aeb,1780060023.0828018,2.0,2.0,48.0,8.525186538696289,0.0,3.090834617614746,-100.0,-100.0,0.0,40.0,72.67880551956841,8.525186538696289,23.549909591674805
run_1780059244_43271aeb,1780060025.0828018,2.0,2.0,48.0,8.48099136352539,0.0,3.0411148071289062,-100.0,-100.0,0.0,40.0,71.92721450819226,8.48099136352539,23.549909591674805
run_1780059244_43271aeb,1780060027.0798018,2.0,2.0,48.0,8.25996208190918,0.0,2.7924578189849854,-100.0,-100.0,0.0,40.0,68.22697359457743,8.25996208190918,23.549909591674805
run_1780059244_43271aeb,1780060029.0783062,2.0,2.0,48.0,8.215742111206055,0.0,2.7427096366882324,-100.0,-100.0,0.0,40.0,67.49841843784452,8.215742111206055,23.549909591674805
run_1780059244_43271aeb,1780060031.0753064,2.0,2.0,48.0,7.994763374328613,0.0,2.4941089153289795,-100.0,-100.0,0.0,40.0,63.916241411506235,7.994763374328613,23.549909591674805
run_1780059244_43271aeb,1780060033.0723066,2.0,2.0,48.0,7.862157821655273,0.0,2.3449275493621826,-100.0,-100.0,0.0,40.0,61.813525612615194,7.862157821655273,23.549909591674805
run_1780059244_43271aeb,1780060035.0872452,2.0,2.0,48.0,7.729557991027832,0.0,2.195753335952759,-100.0,-100.0,0.0,40.0,59.746066736662215,7.729557991027832,23.549909591674805
run_1780059244_43271aeb,1780060037.0812452,2.0,2.0,48.0,7.641176700592041,0.0,2.0963239669799805,-100.0,-100.0,0.0,40.0,58.38758136967067,7.641176700592041,23.549909591674805
run_1780059244_43271aeb,1780060039.0772452,2.0,2.0,48.0,7.420241355895996,0.0,1.8477717638015747,-100.0,-100.0,0.0,40.0,55.05998177974925,7.420241355895996,23.549909591674805
run_1780059244_43271aeb,1780060041.0723915,2.0,2.0,48.0,7.331868648529053,0.0,1.7483525276184082,-100.0,-100.0,0.0,40.0,53.75629787928324,7.331868648529053,23.549909591674805
run_1780059244_43271aeb,1780060043.0868075,2.0,2.0,48.0,7.110928535461426,0.0,1.4997944831848145,-100.0,-100.0,0.0,40.0,50.56530463643958,7.110928535461426,23.549909591674805
run_1780059244_43271aeb,1780060045.0842667,2.0,2.0,48.0,7.022551536560059,0.0,1.4003708362579346,-100.0,-100.0,0.0,40.0,49.31623008364204,7.022551536560059,23.549909591674805
run_1780059244_43271aeb,1780060047.080267,2.0,2.0,48.0,6.89003324508667,0.0,1.251287579536438,-100.0,-100.0,0.0,40.0,47.47255811839955,6.89003324508667,23.549909591674805
run_1780059244_43271aeb,1780060049.2852669,20.0,506.0,47.0,6.801617622375488,0.0,1.1518203020095825,-18.443450927734375,-34.008087158203125,-0.1215016096830368,15.686138153076172,46.26200228100879,6.801617622375488,23.549909591674805
run_1780059244_43271aeb,1780060051.072267,20.0,506.0,47.0,6.5807342529296875,0.0,0.9033257961273193,-16.48963737487793,-32.90367126464844,-0.2536511719226837,16.66768455505371,43.30606330768205,6.5807342529296875,23.549909591674805
run_1780059244_43271aeb,1780060053.0872672,20.0,506.0,47.0,6.492386817932129,0.0,0.803935170173645,-16.78443717956543,-32.461936950683594,-0.3826574981212616,16.060157775878906,42.151086593658874,6.492386817932129,23.549909591674805
run_1780059244_43271aeb,1780060055.084275,20.0,506.0,47.0,6.271509647369385,0.0,0.5554481148719788,-14.8602933883667,-31.357547760009766,-0.5086958408355713,17.005950927734375,39.331833257047265,6.271509647369385,23.549909591674805
run_1780059244_43271aeb,1780060057.0818865,20.0,506.0,47.0,6.18317174911499,0.0,0.45606836676597595,-15.181404113769531,-30.91585922241211,-0.6315913200378418,16.366046905517578,38.23161287905373,6.18317174911499,23.549909591674805
run_1780059244_43271aeb,1780060059.0798864,20.0,506.0,47.0,6.050678253173828,0.0,0.30701321363449097,-14.706887245178223,-30.253393173217773,-0.7525665760040283,16.299070358276367,36.61070732343069,6.050678253173828,23.549909591674805
run_1780059244_43271aeb,1780060061.0748882,20.0,506.0,47.0,5.918161392211914,0.0,0.15793158113956451,-14.243528366088867,-29.59080696105957,-0.8705735206604004,16.217851638793945,35.02463426426766,5.918161392211914,23.549909591674805
run_1780059244_43271aeb,1780060063.085888,20.0,506.0,47.0,5.785650253295898,0.0,0.00885683298110962,-13.710653305053711,-28.928253173828125,-0.9870089292526245,16.204607009887695,33.473748853462894,5.785650253295898,23.549909591674805
run_1780059244_43271aeb,1780060065.082887,20.0,506.0,47.0,5.697328090667725,0.0,-0.09050619602203369,-13.945971488952637,-28.486642837524414,-1.1003021001815796,15.640972137451172,32.45954737271154,5.697328090667725,23.549909591674805
run_1780059244_43271aeb,1780060067.0798867,20.0,506.0,47.0,5.520689487457275,0.0,-0.2892242670059204,-12.699522018432617,-27.60344696044922,-1.2108027935028076,16.114728927612305,30.478012416921274,5.520689487457275,23.549909591674805
run_1780059244_43271aeb,1780060069.0778868,20.0,506.0,47.0,5.432346343994141,0.0,-0.3886098265647888,-12.920694351196289,-27.161731719970703,-1.3188600540161133,15.559898376464844,29.510386801106506,5.432346343994141,23.549909591674805
run_1780059244_43271aeb,1780060071.077891,20.0,506.0,47.0,5.255739688873291,0.0,-0.5872930288314819,-11.661797523498535,-26.278697967529297,-1.424124836921692,16.041025161743164,27.622799677197918,5.255739688873291,23.549909591674805
run_1780059244_43271aeb,1780060073.0768907,20.0,506.0,47.0,5.211578845977783,0.0,-0.6369737386703491,-12.583431243896484,-26.05789566040039,-1.527469277381897,15.001935005187988,27.160554067843123,5.211578845977783,23.549909591674805
run_1780059244_43271aeb,1780060075.0748875,20.0,506.0,47.0,5.079100131988525,0.0,-0.7860120534896851,-11.979768753051758,-25.39550018310547,-1.6288936138153076,15.044625282287598,25.797258150765856,5.079100131988525,23.549909591674805
run_1780059244_43271aeb,1780060077.0748873,20.0,506.0,47.0,4.94664192199707,0.0,-0.9350281953811646,-11.378495216369629,-24.73320960998535,-1.7277002334594727,15.082414627075195,24.46926630445887,4.94664192199707,23.549909591674805
run_1780059244_43271aeb,1780060079.0728872,20.0,506.0,47.0,4.8141889572143555,0.0,-1.08403742313385,-10.777704238891602,-24.070945739746094,-1.823890209197998,15.117131233215332,23.176415315764643,4.8141889572143555,23.549909591674805
run_1780059244_43271aeb,1780060081.0868874,20.0,506.0,47.0,4.770035266876221,0.0,-1.133710265159607,-11.6025972366333,-23.850177764892578,-1.9185088872909546,14.166088104248047,22.753236447242898,4.770035266876221,23.549909591674805
run_1780059244_43271aeb,1780060083.0858874,20.0,506.0,47.0,4.637606143951416,0.0,-1.2826933860778809,-10.881979942321777,-23.188030242919922,-2.0117311477661133,14.317782402038574,21.507390746415922,4.637606143951416,23.549909591674805
run_1780059244_43271aeb,1780060085.0798874,20.0,506.0,47.0,4.505138397216797,0.0,-1.431719183921814,-10.202492713928223,-22.525691986083984,-2.101813316345215,14.425012588500977,20.29627197807713,4.505138397216797,23.549909591674805
run_1780059244_43271aeb,1780060087.0768874,20.0,506.0,47.0,4.372720718383789,0.0,-1.580689549446106,-9.472225189208984,-21.863603591918945,-2.190323829650879,14.58170223236084,19.12068648098284,4.372720718383789,23.549909591674805
run_1780059244_43271aeb,1780060089.0758872,20.0,506.0,47.0,4.284426689147949,0.0,-1.6800205707550049,-9.525262832641602,-21.422134399414062,-2.275693416595459,14.172564506530762,18.356312054683258,4.284426689147949,23.549909591674805
run_1780059244_43271aeb,1780060091.085888,20.0,506.0,47.0,4.1961493492126465,0.0,-1.7793322801589966,-9.527632713317871,-20.98074722290039,-2.3594937324523926,13.812607765197754,17.607669360897717,4.1961493492126465,23.549909591674805
run_1780059244_43271aeb,1780060093.083888,20.0,506.0,47.0,4.152003765106201,0.0,-1.828996181488037,-10.216005325317383,-20.760019302368164,-2.441899538040161,12.985913276672363,17.23913526545607,4.152003765106201,23.549909591674805
run_1780059244_43271aeb,1780060095.0808873,20.0,506.0,47.0,3.975431442260742,0.0,-2.027639389038086,-8.69735336303711,-19.87715721130371,-2.5216870307922363,13.701491355895996,15.804055152115325,3.975431442260742,23.549909591674805
run_1780059244_43271aeb,1780060097.0788875,20.0,506.0,47.0,3.8871779441833496,0.0,-2.126924991607666,-8.6592378616333,-19.435890197753906,-2.5992074012756348,13.375860214233398,15.110152369745492,3.8871779441833496,23.549909591674805
run_1780059244_43271aeb,1780060099.0768874,20.0,506.0,47.0,3.7547738552093506,0.0,-2.275879144668579,-7.846209526062012,-18.77387046813965,-2.674983501434326,13.602643966674805,14.09832670376369,3.7547738552093506,23.549909591674805
run_1780059244_43271aeb,1780060101.0758874,20.0,506.0,47.0,3.7106361389160156,0.0,-2.3255343437194824,-8.496187210083008,-18.553180694580078,-2.7488389015197754,12.805832862854004,13.768820555429556,3.7106361389160156,23.549909591674805
run_1780059244_43271aeb,1780060103.0738876,20.0,506.0,47.0,3.5782253742218018,0.0,-2.474496603012085,-7.683779239654541,-17.89112663269043,-2.8200790882110596,13.027426719665527,12.803696828724753,3.5782253742218018,23.549909591674805
run_1780059244_43271aeb,1780060105.0868874,20.0,506.0,47.0,3.4899845123291016,0.0,-2.57376766204834,-7.554195880889893,-17.449922561645508,-2.890098810195923,12.785826683044434,12.179991896296997,3.4899845123291016,23.549909591674805
run_1780059244_43271aeb,1780060107.083887,20.0,506.0,47.0,3.357583522796631,0.0,-2.7227182388305664,-6.677070140838623,-16.787918090820312,-2.9580235481262207,13.06887149810791,11.273367112555434,3.357583522796631,23.549909591674805
run_1780059244_43271aeb,1780060109.0808873,20.0,506.0,47.0,3.313464879989624,0.0,-2.7723519802093506,-7.268592834472656,-16.567323684692383,-3.0240297317504883,12.322761535644531,10.979049510924654,3.313464879989624,23.549909591674805
run_1780059244_43271aeb,1780060111.0808873,20.0,506.0,47.0,3.136943817138672,0.0,-2.970938205718994,-5.612367630004883,-15.68471908569336,-3.0882925987243652,13.16064453125,9.840416511884541,3.136943817138672,23.549909591674805
run_1780059244_43271aeb,1780060113.077887,20.0,506.0,47.0,3.136943817138672,0.0,-2.970938205718994,-6.929751396179199,-15.68471908569336,-3.1502888202667236,11.905256271362305,9.840416511884541,3.136943817138672,23.549909591674805
run_1780059244_43271aeb,1780060115.085887,20.0,506.0,47.0,3.048701286315918,0.0,-3.070211410522461,-6.6937336921691895,-15.24350643157959,-3.2114133834838867,11.761186599731445,9.294579533184333,3.048701286315918,23.549909591674805
run_1780059244_43271aeb,1780060117.0848868,20.0,506.0,47.0,2.960460662841797,0.0,-3.1694817543029785,-6.432898998260498,-14.8023042678833,-3.2709689140319824,11.640373229980469,8.764327336233691,2.960460662841797,23.549909591674805
run_1780059244_43271aeb,1780060119.0818903,20.0,506.0,47.0,2.8722095489501953,0.0,-3.2687644958496094,-6.197286605834961,-14.361047744750977,-3.3280835151672363,11.49184513092041,8.249587693080684,2.8722095489501953,23.549909591674805
run_1780059244_43271aeb,1780060121.0798867,20.0,506.0,47.0,2.7398366928100586,0.0,-3.4176836013793945,-5.185588359832764,-13.69918441772461,-3.383800506591797,11.897396087646484,7.506705103268359,2.7398366928100586,23.549909591674805
run_1780059244_43271aeb,1780060123.0758865,20.0,506.0,47.0,2.6957290172576904,0.0,-3.4673049449920654,-5.672654628753662,-13.478645324707031,-3.437246322631836,11.243237495422363,7.266954934485113,2.6957290172576904,23.549909591674805
run_1780059244_43271aeb,1780060125.0878866,20.0,506.0,47.0,2.607499599456787,0.0,-3.566563129425049,-5.355620384216309,-13.037498474121094,-3.489820718765259,11.171698570251465,6.799054161167305,2.607499599456787,23.549909591674805
run_1780059244_43271aeb,1780060127.0858862,20.0,506.0,47.0,2.5633790493011475,0.0,-3.616198778152466,-5.770643711090088,-12.816895484924316,-3.540651559829712,10.58690357208252,6.570912150396055,2.5633790493011475,23.549909591674805
run_1780059244_43271aeb,1780060129.0818865,20.0,506.0,47.0,2.386930227279663,0.0,-3.8147032260894775,-4.0031352043151855,-11.934651374816895,-3.5888671875,11.520383834838867,5.697435909901344,2.386930227279663,23.549909591674805
run_1780059244_43271aeb,1780060131.0768864,20.0,506.0,47.0,2.3428285121917725,0.0,-3.8643181324005127,-4.447361946105957,-11.714142799377441,-3.6353394985198975,10.902120590209961,5.488845437538714,2.3428285121917725,23.549909591674805
run_1780059244_43271aeb,1780060133.0879405,20.0,506.0,47.0,2.166349411010742,0.0,-4.062856674194336,-2.676401376724243,-10.831747055053711,-3.6797194480895996,11.835064888000488,4.69306977058659,2.166349411010742,23.549909591674805
run_1780059244_43271aeb,1780060135.0858915,20.0,506.0,47.0,2.122250556945801,0.0,-4.1124677658081055,-3.1463325023651123,-10.611252784729004,-3.7218332290649414,11.18675422668457,4.503947426456762,2.122250556945801,23.549909591674805
run_1780059244_43271aeb,1780060137.081887,20.0,506.0,47.0,1.9899277687072754,0.0,-4.261331081390381,-2.0915255546569824,-9.949638366699219,-3.7627265453338623,11.62083911895752,3.9598125246723157,1.9899277687072754,23.549909591674805
run_1780059244_43271aeb,1780060139.2879293,1.0,524.0,2.0,1.9899277687072754,0.0,-4.261331081390381,-100.0,-100.0,-3.7666587829589844,8.946667671203613,3.9598125246723157,1.9899277687072754,23.549909591674805
run_1780059244_43271aeb,1780060141.0748863,1.0,524.0,2.0,1.8575944900512695,0.0,-4.410206317901611,-100.0,-100.0,-3.7666587829589844,9.34609603881836,3.450657289468836,1.8575944900512695,23.549909591674805
run_1780059244_43271aeb,1780060143.086887,1.0,524.0,2.0,1.8134989738464355,0.0,-4.459813594818115,-100.0,-100.0,-3.7666587829589844,8.863594055175781,3.2887785281420747,1.8134989738464355,23.549909591674805
run_1780059244_43271aeb,1780060145.0818865,1.0,524.0,2.0,1.6811747550964355,0.0,-4.608678340911865,-100.0,-100.0,-3.7666587829589844,9.270854949951172,2.82634855717356,1.6811747550964355,23.549909591674805
run_1780059244_43271aeb,1780060147.0788865,1.0,524.0,2.0,1.637068271636963,0.0,-4.658298015594482,-100.0,-100.0,-3.7666587829589844,8.795632362365723,2.679992526000433,1.637068271636963,23.549909591674805
run_1780059244_43271aeb,1780060149.0778866,1.0,524.0,2.0,1.460690975189209,0.0,-4.856722354888916,-100.0,-100.0,-3.7666587829589844,9.609877586364746,2.1336181249992023,1.460690975189209,23.549909591674805
run_1780059244_43271aeb,1780060151.0728877,1.0,524.0,2.0,1.4165730476379395,0.0,-4.906355381011963,-100.0,-100.0,-3.7666587829589844,9.102418899536133,2.00667919929424,1.4165730476379395,23.549909591674805
run_1780059244_43271aeb,1780060153.0868866,1.0,524.0,2.0,1.2842812538146973,0.0,-5.055183410644531,-100.0,-100.0,-3.7666587829589844,9.51144790649414,1.6493783388998509,1.2842812538146973,23.549909591674805
run_1780059244_43271aeb,1780060155.0848866,1.0,524.0,2.0,1.240194320678711,0.0,-5.104781150817871,-100.0,-100.0,-3.7666587829589844,9.021374702453613,1.5380819530437293,1.240194320678711,23.549909591674805
run_1780059244_43271aeb,1780060157.0828865,1.0,524.0,2.0,1.1078968048095703,0.0,-5.2536163330078125,-100.0,-100.0,-4.199619770050049,9.388476371765137,1.2274353301072551,1.1078968048095703,23.549909591674805
run_1780059244_43271aeb,1780060159.0808868,1.0,524.0,2.0,1.0197148323059082,0.0,-5.352820873260498,-97.24634552001953,-100.0,-4.602284908294678,9.32742977142334,1.0398183392246665,1.0197148323059082,23.549909591674805
run_1780059244_43271aeb,1780060161.0798862,1.0,524.0,2.0,0.9756040573120117,0.0,-5.4024457931518555,-93.68156433105469,-97.56040954589844,-4.984752655029297,8.863587379455566,0.951803276643659,0.9756040573120117,23.549909591674805
run_1780059244_43271aeb,1780060163.0788872,1.0,524.0,2.0,0.8433465957641602,0.0,-5.551235198974609,-80.39176940917969,-84.33465576171875,-5.326831340789795,9.269719123840332,0.7112334805869978,0.8433465957641602,23.549909591674805
run_1780059244_43271aeb,1780060165.0768862,1.0,524.0,2.0,0.7551732063293457,0.0,-5.650430202484131,-71.9305191040039,-75.51731872558594,-5.6251630783081055,9.211971282958984,0.5702865715577445,0.7551732063293457,23.549909591674805
run_1780059244_43271aeb,1780060167.0738864,1.0,524.0,2.0,0.6229124069213867,0.0,-5.79922342300415,-58.589447021484375,-62.29124069213867,-5.8831095695495605,9.5849027633667,0.3880198666965953,0.6229124069213867,23.549909591674805
run_1780059244_43271aeb,1780060169.0888863,1.0,524.0,2.0,0.578819751739502,0.0,-5.848827838897705,-54.91453552246094,-57.88197326660156,-6.104034423828125,9.071475982666016,0.3350323050037787,0.578819751739502,23.549909591674805
run_1780059244_43271aeb,1780060171.0868864,1.0,524.0,2.0,0.44655275344848633,0.0,-5.997628211975098,-41.4920768737793,-44.6552734375,-6.294667720794678,9.457864761352539,0.19940936161242462,0.44655275344848633,23.549909591674805
run_1780059244_43271aeb,1780060173.083053,1.0,524.0,2.0,0.35839080810546875,0.0,-6.096810340881348,-32.883827209472656,-35.839080810546875,-6.451648712158203,9.406902313232422,0.12844397133449093,0.35839080810546875,23.549909591674805
run_1780059244_43271aeb,1780060175.0790696,1.0,524.0,2.0,0.3143186569213867,0.0,-6.14639139175415,-29.08354949951172,-31.431865692138672,-6.578347206115723,8.926663398742676,0.09879621808886441,0.3143186569213867,23.549909591674805
run_1780059244_43271aeb,1780060177.07807,1.0,524.0,2.0,0.18207740783691406,0.0,-6.295163154602051,-15.563401222229004,-18.207740783691406,-6.657939910888672,9.30228042602539,0.033152182444609934,0.18207740783691406,23.549909591674805
run_1780059244_43271aeb,1780060179.0750701,1.0,524.0,2.0,0.09392404556274414,0.0,-6.3943352699279785,-6.850471496582031,-9.392404556274414,-6.707251071929932,9.249184608459473,0.008821726334872437,0.09392404556274414,23.549909591674805
run_1780059244_43271aeb,1780060181.0890706,1.0,524.0,2.0,-0.08241701126098633,0.0,-6.592719078063965,11.608654022216797,8.241701126098633,-6.703570365905762,10.070523262023926,0.006792563745193547,0.08241701126098633,23.549909591674805
run_1780059244_43271aeb,1780060183.0860705,1.0,524.0,2.0,-0.08241701126098633,0.0,-6.592719078063965,10.742491722106934,8.241701126098633,-6.609111785888672,9.109902381896973,0.006792563745193547,0.08241701126098633,23.549909591674805
run_1780059244_43271aeb,1780060185.0850532,1.0,524.0,2.0,-0.25869035720825195,0.0,-6.791026592254639,29.392993927001953,25.869035720825195,-6.352996826171875,9.876953125,0.066920700912533,0.25869035720825195,23.549909591674805
run_1780059244_43271aeb,1780060187.083071,1.0,524.0,2.0,-0.3027677536010742,0.0,-6.84061336517334,33.602516174316406,30.276775360107422,-6.026180267333984,9.351922988891602,0.09166831262064079,0.3027677536010742,23.549909591674805
run_1780059244_43271aeb,1780060189.0784981,1.0,524.0,2.0,-0.39092063903808594,0.0,-6.939785957336426,42.77524948120117,39.092063903808594,-5.5781097412109375,9.2612943649292,0.15281894602594548,0.39092063903808594,23.549909591674805
run_1780059244_43271aeb,1780060191.078496,1.0,524.0,2.0,-0.4349956512451172,0.0,-6.989370346069336,47.194801330566406,43.49956512451172,-5.099730014801025,8.794970512390137,0.18922121660216362,0.4349956512451172,23.549909591674805
run_1780059244_43271aeb,1780060193.0745094,1.0,524.0,2.0,-0.4349956512451172,0.0,-6.989370346069336,46.85443878173828,43.49956512451172,-4.601144790649414,7.956018924713135,0.18922121660216362,0.4349956512451172,23.549909591674805
run_1780059244_43271aeb,1780060195.088494,1.0,524.0,2.0,-0.47905588150024414,0.0,-7.038938045501709,51.447391510009766,47.90558624267578,-4.072259426116943,7.6140642166137695,0.22949453759997596,0.47905588150024414,23.549909591674805
run_1780059244_43271aeb,1780060197.0835094,1.0,524.0,2.0,-0.47905588150024414,0.0,-7.038938045501709,51.26322555541992,47.90558624267578,-3.5635738372802734,6.921213150024414,0.22949453759997596,0.47905588150024414,23.549909591674805
run_1780059244_43271aeb,1780060199.079231,1.0,524.0,2.0,-0.4349956512451172,0.0,-6.989370346069336,46.29880905151367,43.49956512451172,-3.0447885990142822,5.84403657913208,0.18922121660216362,0.4349956512451172,23.549909591674805
run_1780059244_43271aeb,1780060201.0762472,1.0,524.0,2.0,-0.3468303680419922,0.0,-6.89018440246582,36.52079772949219,34.68303680419922,-2.6472554206848145,4.485017776489258,0.12029130419614376,0.3468303680419922,23.549909591674805
run_1780059244_43271aeb,1780060203.0886075,1.0,524.0,2.0,-0.25869035720825195,0.0,-6.791026592254639,26.78177261352539,25.869035720825195,-2.310337781906128,3.223076820373535,0.066920700912533,0.25869035720825195,23.549909591674805
run_1780059244_43271aeb,1780060205.084598,1.0,524.0,2.0,-0.170562744140625,0.0,-6.691883087158203,17.06279945373535,17.0562744140625,-2.0744242668151855,2.080949068069458,0.029091649688780308,0.170562744140625,23.549909591674805
run_1780059244_43271aeb,1780060207.083596,1.0,524.0,2.0,-0.038336753845214844,0.0,-6.543128967285156,2.494936466217041,3.8336753845214844,-1.9698619842529297,0.6311230659484863,0.001469706695388595,0.038336753845214844,23.549909591674805
run_1780059244_43271aeb,1780060209.0768828,1.0,524.0,2.0,0.09392404556274414,0.0,-6.3943352699279785,-12.068561553955078,-9.392404556274414,-1.9695602655410767,-0.7065967917442322,0.008821726334872437,0.09392404556274414,23.549909591674805
run_1780059244_43271aeb,1780060211.0748847,1.0,524.0,2.0,0.13799333572387695,0.0,-6.344757556915283,-16.87108039855957,-13.799333572387695,-2.015500545501709,-1.0562465190887451,0.019042160704202615,0.13799333572387695,23.549909591674805
run_1780059244_43271aeb,1780060213.0848823,1.0,524.0,2.0,0.2702336311340332,0.0,-6.195987224578857,-31.329273223876953,-27.02336311340332,-2.0984559059143066,-2.2074546813964844,0.07302621539588472,0.2702336311340332,23.549909591674805
run_1780059244_43271aeb,1780060215.081882,1.0,524.0,2.0,0.3143186569213867,0.0,-6.14639139175415,-36.057647705078125,-31.431865692138672,-2.2116944789886475,-2.4140872955322266,0.09879621808886441,0.3143186569213867,23.549909591674805
run_1780059244_43271aeb,1780060217.080883,1.0,524.0,2.0,0.35839080810546875,0.0,-6.096810340881348,-40.79206085205078,-35.839080810546875,-2.3350276947021484,-2.6179518699645996,0.12844397133449093,0.35839080810546875,23.549909591674805
run_1780059244_43271aeb,1780060219.0778835,1.0,524.0,2.0,0.35839080810546875,0.0,-6.096810340881348,-40.67912292480469,-35.839080810546875,-2.4718165397644043,-2.368227005004883,0.12844397133449093,0.35839080810546875,23.549909591674805
run_1780059244_43271aeb,1780060221.0868828,1.0,524.0,2.0,0.4024643898010254,0.0,-6.047227382659912,-45.43489074707031,-40.246437072753906,-2.6119701862335205,-2.5764806270599365,0.1619775850579117,0.4024643898010254,23.549909591674805
run_1780059244_43271aeb,1780060223.0841093,1.0,524.0,2.0,0.35839080810546875,0.0,-6.096810340881348,-40.50818634033203,-35.839080810546875,-2.755488395690918,-1.9136196374893188,0.12844397133449093,0.35839080810546875,23.549909591674805
run_1780059244_43271aeb,1780060225.0787416,1.0,524.0,2.0,0.3143186569213867,0.0,-6.14639139175415,-35.617713928222656,-31.431865692138672,-2.88891339302063,-1.2969374656677246,0.09879621808886441,0.3143186569213867,23.549909591674805
run_1780059244_43271aeb,1780060227.0880644,1.0,524.0,2.0,0.3143186569213867,0.0,-6.14639139175415,-35.61397171020508,-31.431865692138672,-3.008882761001587,-1.1732234954833984,0.09879621808886441,0.3143186569213867,23.549909591674805
run_1780059244_43271aeb,1780060229.0870597,1.0,524.0,2.0,0.22616147994995117,0.0,-6.24556827545166,-25.946422576904297,-22.616147994995117,-3.1120262145996094,-0.2182484120130539,0.051149015013152166,0.22616147994995117,23.549909591674805
run_1780059244_43271aeb,1780060231.08606,1.0,524.0,2.0,0.13799333572387695,0.0,-6.344757556915283,-16.34053611755371,-13.799333572387695,-3.1781561374664307,0.6369526982307434,0.019042160704202615,0.13799333572387695,23.549909591674805
run_1780059244_43271aeb,1780060233.0840583,1.0,524.0,2.0,0.13799333572387695,0.0,-6.344757556915283,-16.469215393066406,-13.799333572387695,-3.2207348346710205,0.550851583480835,0.019042160704202615,0.13799333572387695,23.549909591674805
run_1780059244_43271aeb,1780060235.0780418,1.0,524.0,2.0,0.04982709884643555,0.0,-6.443944454193115,-6.893085479736328,-4.982709884643555,-3.259944200515747,1.3495686054229736,0.0024827397794524586,0.04982709884643555,23.549909591674805
run_1780059244_43271aeb,1780060237.089059,1.0,524.0,2.0,-0.038336753845214844,0.0,-6.543128967285156,2.643695831298828,3.8336753845214844,-3.228593587875366,2.03861403465271,0.001469706695388595,0.038336753845214844,23.549909591674805
run_1780059244_43271aeb,1780060239.0880594,1.0,524.0,2.0,-0.08241701126098633,0.0,-6.592719078063965,7.347015380859375,8.241701126098633,-3.1644411087036133,2.2697553634643555,0.006792563745193547,0.08241701126098633,23.549909591674805
run_1780059244_43271aeb,1780060241.0861504,1.0,524.0,2.0,-0.25869035720825195,0.0,-6.791026592254639,26.63409996032715,25.869035720825195,-2.999262571334839,3.7643260955810547,0.066920700912533,0.25869035720825195,23.549909591674805
run_1780059244_43271aeb,1780060243.081773,1.0,524.0,2.0,-0.3027677536010742,0.0,-6.84061336517334,31.425052642822266,30.276775360107422,-2.682546615600586,3.830824851989746,0.09166831262064079,0.3027677536010742,23.549909591674805
run_1780059244_43271aeb,1780060245.0769482,1.0,524.0,2.0,-0.39092063903808594,0.0,-6.939785957336426,41.11549377441406,39.092063903808594,-2.2850074768066406,4.308437347412109,0.15281894602594548,0.39092063903808594,23.549909591674805
run_1780059244_43271aeb,1780060247.0889387,1.0,524.0,2.0,-0.39092063903808594,0.0,-6.939785957336426,41.15258026123047,39.092063903808594,-1.8369406461715698,3.89745831489563,0.15281894602594548,0.39092063903808594,23.549909591674805
run_1780059244_43271aeb,1780060249.086948,1.0,524.0,2.0,-0.4349956512451172,0.0,-6.989370346069336,46.08561325073242,43.49956512451172,-1.348459005355835,3.9345078468322754,0.18922121660216362,0.4349956512451172,23.549909591674805
run_1780059244_43271aeb,1780060251.0829308,1.0,524.0,2.0,-0.47905588150024414,0.0,-7.038938045501709,51.06052017211914,47.90558624267578,-0.8296735286712646,3.984607458114624,0.22949453759997596,0.47905588150024414,23.549909591674805
run_1780059244_43271aeb,1780060253.0810578,1.0,524.0,2.0,-0.4349956512451172,0.0,-6.989370346069336,46.37440490722656,43.49956512451172,-0.3209879994392395,3.195828914642334,0.18922121660216362,0.4349956512451172,23.549909591674805
run_1780059244_43271aeb,1780060255.079057,1.0,524.0,2.0,-0.39092063903808594,0.0,-6.939785957336426,41.61027908325195,39.092063903808594,0.052788738161325455,2.4654271602630615,0.15281894602594548,0.39092063903808594,23.549909591674805
run_1780059244_43271aeb,1780060257.077057,1.0,524.0,2.0,-0.39092063903808594,0.0,-6.939785957336426,41.52430725097656,39.092063903808594,0.20199504494667053,2.2302513122558594,0.15281894602594548,0.39092063903808594,23.549909591674805
run_1780059244_43271aeb,1780060259.088058,1.0,524.0,2.0,-0.25869035720825195,0.0,-6.791026592254639,26.94084930419922,25.869035720825195,0.33101359009742737,0.7407991886138916,0.066920700912533,0.25869035720825195,23.549909591674805
run_1780059244_43271aeb,1780060261.0840425,1.0,524.0,2.0,-0.21464109420776367,0.0,-6.741471290588379,22.141956329345703,21.464109420776367,0.4163002073764801,0.26154792308807373,0.04607079932270608,0.21464109420776367,23.549909591674805
run_1780059244_43271aeb,1780060263.0830574,1.0,524.0,2.0,-0.08241701126098633,0.0,-6.592719078063965,7.679687976837158,8.241701126098633,0.47803738713264465,-1.0400506258010864,0.006792563745193547,0.08241701126098633,23.549909591674805
run_1780059244_43271aeb,1780060265.07904,1.0,524.0,2.0,0.005744457244873047,0.0,-6.493537425994873,-1.85398268699646,-0.5744457244873047,0.4790613055229187,-1.7585983276367188,3.2998789038174436e-05,0.005744457244873047,23.549909591674805
run_1780059244_43271aeb,1780060267.0780525,1.0,524.0,2.0,0.13799333572387695,0.0,-6.344757556915283,-16.26069450378418,-13.799333572387695,0.38152816891670227,-2.842888593673706,0.019042160704202615,0.13799333572387695,23.549909591674805
run_1780059244_43271aeb,1780060269.0760705,1.0,524.0,2.0,0.22616147994995117,0.0,-6.24556827545166,-25.8631591796875,-22.616147994995117,0.14251676201820374,-3.389526605606079,0.051149015013152166,0.22616147994995117,23.549909591674805
run_1780059244_43271aeb,1780060271.0890715,1.0,524.0,2.0,0.3143186569213867,0.0,-6.14639139175415,-35.4015998840332,-31.431865692138672,-0.05235936865210533,-3.9173760414123535,0.09879621808886441,0.3143186569213867,23.549909591674805
run_1780059244_43271aeb,1780060273.086069,1.0,524.0,2.0,0.3143186569213867,0.0,-6.14639139175415,-35.147891998291016,-31.431865692138672,-0.17232833802700043,-3.5436995029449463,0.09879621808886441,0.3143186569213867,23.549909591674805
run_1780059244_43271aeb,1780060275.0830708,1.0,524.0,2.0,0.35839080810546875,0.0,-6.096810340881348,-39.75455093383789,-35.839080810546875,-0.30911868810653687,-3.6063530445098877,0.12844397133449093,0.35839080810546875,23.549909591674805
run_1780059244_43271aeb,1780060277.0820694,1.0,524.0,2.0,0.4024643898010254,0.0,-6.047227382659912,-44.3769645690918,-40.246437072753906,-0.4593666195869446,-3.6711573600769043,0.1619775850579117,0.4024643898010254,23.549909591674805
run_1780059244_43271aeb,1780060279.0800729,1.0,524.0,2.0,0.35839080810546875,0.0,-6.096810340881348,-39.355506896972656,-35.839080810546875,-0.596157431602478,-2.9202709197998047,0.12844397133449093,0.35839080810546875,23.549909591674805
run_1780059244_43271aeb,1780060281.0770712,1.0,524.0,2.0,0.3143186569213867,0.0,-6.14639139175415,-34.3842658996582,-31.431865692138672,-0.7194909453392029,-2.2329092025756836,0.09879621808886441,0.3143186569213867,23.549909591674805
run_1780059244_43271aeb,1780060283.0750694,1.0,524.0,2.0,0.35839080810546875,0.0,-6.096810340881348,-39.11595916748047,-35.839080810546875,-0.8562816977500916,-2.4205970764160156,0.12844397133449093,0.35839080810546875,23.549909591674805
run_1780059244_43271aeb,1780060285.0750709,1.0,524.0,2.0,0.2702336311340332,0.0,-6.195987224578857,-29.361495971679688,-27.02336311340332,-0.9661535620689392,-1.3719801902770996,0.07302621539588472,0.2702336311340332,23.549909591674805
run_1780059244_43271aeb,1780060287.0880694,1.0,524.0,2.0,0.2702336311340332,0.0,-6.195987224578857,-29.348512649536133,-27.02336311340332,-1.059202790260315,-1.26594877243042,0.07302621539588472,0.2702336311340332,23.549909591674805
run_1780059244_43271aeb,1780060289.0880694,1.0,524.0,2.0,0.22616147994995117,0.0,-6.24556827545166,-24.496511459350586,-22.616147994995117,-1.152251958847046,-0.7281121611595154,0.051149015013152166,0.22616147994995117,23.549909591674805
run_1780059244_43271aeb,1780060291.0860696,1.0,524.0,2.0,0.09392404556274414,0.0,-6.3943352699279785,-10.007420539855957,-9.392404556274414,-1.208288550376892,0.5932727456092834,0.008821726334872437,0.09392404556274414,23.549909591674805
run_1780059244_43271aeb,1780060293.08507,1.0,524.0,2.0,0.09392404556274414,0.0,-6.3943352699279785,-10.099860191345215,-9.392404556274414,-1.244136929512024,0.5366807579994202,0.008821726334872437,0.09392404556274414,23.549909591674805
run_1780059244_43271aeb,1780060295.08207,1.0,524.0,2.0,-0.038336753845214844,0.0,-6.543128967285156,4.333340644836426,3.8336753845214844,-1.2379708290100098,1.7376363277435303,0.001469706695388595,0.038336753845214844,23.549909591674805
run_1780059244_43271aeb,1780060297.0810523,1.0,524.0,2.0,-0.08241701126098633,0.0,-6.592719078063965,9.067026138305664,8.241701126098633,-1.1637146472930908,1.989039421081543,0.006792563745193547,0.08241701126098633,23.549909591674805
run_1780059244_43271aeb,1780060299.0790699,1.0,524.0,2.0,-0.170562744140625,0.0,-6.691883087158203,18.68327522277832,17.0562744140625,-0.9985322952270508,2.625533103942871,0.029091649688780308,0.170562744140625,23.549909591674805
run_1780059244_43271aeb,1780060301.07707,1.0,524.0,2.0,-0.21464109420776367,0.0,-6.741471290588379,23.483606338500977,21.464109420776367,-0.7727230787277222,2.792222023010254,0.04607079932270608,0.21464109420776367,23.549909591674805
run_1780059244_43271aeb,1780060303.07607,1.0,524.0,2.0,-0.3468303680419922,0.0,-6.89018440246582,38.02458953857422,34.68303680419922,-0.4358063340187073,3.7773590087890625,0.12029130419614376,0.3468303680419922,23.549909591674805
run_1780059244_43271aeb,1780060305.0740705,1.0,524.0,2.0,-0.3468303680419922,0.0,-6.89018440246582,38.06180191040039,34.68303680419922,-0.03827493637800217,3.417038917541504,0.12029130419614376,0.3468303680419922,23.549909591674805
run_1780059244_43271aeb,1780060307.0882201,1.0,524.0,2.0,-0.39092063903808594,0.0,-6.939785957336426,42.736202239990234,39.092063903808594,0.12734974920749664,3.5167899131774902,0.15281894602594548,0.39092063903808594,23.549909591674805
run_1780059244_43271aeb,1780060309.0872028,1.0,524.0,2.0,-0.39092063903808594,0.0,-6.939785957336426,42.54994583129883,39.092063903808594,0.27655601501464844,3.181325674057007,0.15281894602594548,0.39092063903808594,23.549909591674805
run_1780059244_43271aeb,1780060311.084367,1.0,524.0,2.0,-0.39092063903808594,0.0,-6.939785957336426,42.36619567871094,39.092063903808594,0.4459458887577057,2.8281846046447754,0.15281894602594548,0.39092063903808594,23.549909591674805
run_1780059244_43271aeb,1780060313.0813835,1.0,524.0,2.0,-0.39092063903808594,0.0,-6.939785957336426,42.24562072753906,39.092063903808594,0.5951521396636963,2.558405637741089,0.15281894602594548,0.39092063903808594,23.549909591674805
run_1780059244_43271aeb,1780060315.076382,1.0,524.0,2.0,-0.3468303680419922,0.0,-6.89018440246582,37.32408142089844,34.68303680419922,0.7275303602218628,1.9135113954544067,0.12029130419614376,0.3468303680419922,23.549909591674805
run_1780059244_43271aeb,1780060317.0883653,1.0,524.0,2.0,-0.3027677536010742,0.0,-6.84061336517334,32.44058609008789,30.276775360107422,0.8498178124427795,1.3139941692352295,0.09166831262064079,0.3027677536010742,23.549909591674805
run_1780059244_43271aeb,1780060319.0863836,1.0,524.0,2.0,-0.170562744140625,0.0,-6.691883087158203,17.89789581298828,17.0562744140625,0.9552859663963318,-0.11366405338048935,0.029091649688780308,0.170562744140625,23.549909591674805
run_1780059244_43271aeb,1780060321.0813844,1.0,524.0,2.0,-0.12648344039916992,0.0,-6.642293930053711,13.138667106628418,12.648344039916992,1.010291337966919,-0.519967794418335,0.01599806069521037,0.12648344039916992,23.549909591674805
run_1780059244_43271aeb,1780060323.078366,1.0,524.0,2.0,0.005744457244873047,0.0,-6.493537425994873,-1.279762625694275,-0.5744457244873047,1.0341395139694214,-1.7394565343856812,3.2998789038174436e-05,0.005744457244873047,23.549909591674805
run_1780059244_43271aeb,1780060325.0763836,1.0,524.0,2.0,0.04982709884643555,0.0,-6.443944454193115,-5.9761786460876465,-4.982709884643555,0.9972394704818726,-1.990708351135254,0.0024827397794524586,0.04982709884643555,23.549909591674805
run_1780059244_43271aeb,1780060327.0743828,1.0,524.0,2.0,0.13799333572387695,0.0,-6.344757556915283,-15.562644958496094,-13.799333572387695,0.8390729427337646,-2.602383613586426,0.019042160704202615,0.13799333572387695,23.549909591674805
run_1780059244_43271aeb,1780060329.0885308,1.0,524.0,2.0,0.18207740783691406,0.0,-6.295163154602051,-20.3284854888916,-18.207740783691406,0.6505897045135498,-2.7713351249694824,0.033152182444609934,0.18207740783691406,23.549909591674805
run_1780059244_43271aeb,1780060331.0865312,1.0,524.0,2.0,0.2702336311340332,0.0,-6.195987224578857,-29.9840145111084,-27.02336311340332,0.38126423954963684,-3.3419153690338135,0.07302621539588472,0.2702336311340332,23.549909591674805
run_1780059244_43271aeb,1780060333.0815308,1.0,524.0,2.0,0.22616147994995117,0.0,-6.24556827545166,-25.120365142822266,-22.616147994995117,0.10183560848236084,-2.606053590774536,0.051149015013152166,0.22616147994995117,23.549909591674805
run_1780059244_43271aeb,1780060335.0785131,1.0,524.0,2.0,0.3143186569213867,0.0,-6.14639139175415,-34.71812057495117,-31.431865692138672,-0.06037573888897896,-3.225877046585083,0.09879621808886441,0.3143186569213867,23.549909591674805
run_1780059244_43271aeb,1780060337.0875125,1.0,524.0,2.0,0.2702336311340332,0.0,-6.195987224578857,-29.6945743560791,-27.02336311340332,-0.1702488511800766,-2.500962257385254,0.07302621539588472,0.2702336311340332,23.549909591674805
run_1780059244_43271aeb,1780060339.0865207,1.0,524.0,2.0,0.22616147994995117,0.0,-6.24556827545166,-24.714427947998047,-22.616147994995117,-0.27002713084220886,-1.8282530307769775,0.051149015013152166,0.22616147994995117,23.549909591674805
run_1780059244_43271aeb,1780060341.0845125,1.0,524.0,2.0,0.22616147994995117,0.0,-6.24556827545166,-24.626354217529297,-22.616147994995117,-0.3563481569290161,-1.6538573503494263,0.051149015013152166,0.22616147994995117,23.549909591674805
run_1780059244_43271aeb,1780060343.082529,1.0,524.0,2.0,0.18207740783691406,0.0,-6.295163154602051,-19.724136352539062,-18.207740783691406,-0.42920857667922974,-1.0871869325637817,0.033152182444609934,0.18207740783691406,23.549909591674805
run_1780059244_43271aeb,1780060345.0815308,1.0,524.0,2.0,0.13799333572387695,0.0,-6.344757556915283,-14.854231834411621,-13.799333572387695,-0.48860815167427063,-0.5662896633148193,0.019042160704202615,0.13799333572387695,23.549909591674805
run_1780059244_43271aeb,1780060347.0805128,1.0,524.0,2.0,0.09392404556274414,0.0,-6.3943352699279785,-10.023724555969238,-9.392404556274414,-0.5278207063674927,-0.10349886864423752,0.008821726334872437,0.09392404556274414,23.549909591674805
run_1780059244_43271aeb,1780060349.0785296,1.0,524.0,2.0,0.04982709884643555,0.0,-6.443944454193115,-5.2125935554504395,-4.982709884643555,-0.5535706877708435,0.32368698716163635,0.0024827397794524586,0.04982709884643555,23.549909591674805
run_1780059244_43271aeb,1780060351.0775292,1.0,524.0,2.0,-0.038336753845214844,0.0,-6.543128967285156,4.419713973999023,3.8336753845214844,-0.5499014854431152,1.1359397172927856,0.001469706695388595,0.038336753845214844,23.549909591674805
run_1780059244_43271aeb,1780060353.0895324,1.0,524.0,2.0,-0.12648344039916992,0.0,-6.642293930053711,14.064764976501465,12.648344039916992,-0.4453411400318146,1.8617626428604126,0.01599806069521037,0.12648344039916992,23.549909591674805
run_1780059244_43271aeb,1780060355.085585,1.0,524.0,2.0,-0.21464109420776367,0.0,-6.741471290588379,23.741504669189453,21.464109420776367,-0.24984502792358398,2.5272397994995117,0.04607079932270608,0.21464109420776367,23.549909591674805
run_1780059244_43271aeb,1780060357.0815854,1.0,524.0,2.0,-0.21464109420776367,0.0,-6.741471290588379,23.746450424194336,21.464109420776367,-0.003826807253062725,2.2861673831939697,0.04607079932270608,0.21464109420776367,23.549909591674805
run_1780059244_43271aeb,1780060359.081584,1.0,524.0,2.0,-0.3027677536010742,0.0,-6.84061336517334,33.29076385498047,30.276775360107422,0.10311681777238846,2.9108731746673584,0.09166831262064079,0.3027677536010742,23.549909591674805
run_1780059244_43271aeb,1780060361.0795665,1.0,524.0,2.0,-0.3468303680419922,0.0,-6.89018440246582,37.96200180053711,34.68303680419922,0.22876770794391632,3.0501952171325684,0.12029130419614376,0.3468303680419922,23.549909591674805
run_1780059244_43271aeb,1780060363.0768113,1.0,524.0,2.0,-0.39092063903808594,0.0,-6.939785957336426,42.63488006591797,39.092063903808594,0.3746083378791809,3.168206214904785,0.15281894602594548,0.39092063903808594,23.549909591674805
run_1780059244_43271aeb,1780060365.0768118,1.0,524.0,2.0,-0.3468303680419922,0.0,-6.89018440246582,37.6454963684082,34.68303680419922,0.513717770576477,2.4487431049346924,0.12029130419614376,0.3468303680419922,23.549909591674805
run_1780059244_43271aeb,1780060367.0748289,1.0,524.0,2.0,-0.3468303680419922,0.0,-6.89018440246582,37.54429244995117,34.68303680419922,0.6460959315299988,2.2151596546173096,0.12029130419614376,0.3468303680419922,23.549909591674805
run_1780059244_43271aeb,1780060369.0898278,1.0,524.0,2.0,-0.3027677536010742,0.0,-6.84061336517334,32.62694549560547,30.276775360107422,0.7717469930648804,1.5784236192703247,0.09166831262064079,0.3027677536010742,23.549909591674805
run_1780059244_43271aeb,1780060371.0888104,1.0,524.0,2.0,-0.25869035720825195,0.0,-6.791026592254639,27.746641159057617,25.869035720825195,0.8839426636695862,0.9936639070510864,0.066920700912533,0.25869035720825195,23.549909591674805
run_1780059244_43271aeb,1780060373.0858274,1.0,524.0,2.0,-0.21464109420776367,0.0,-6.741471290588379,22.913639068603516,21.464109420776367,0.9759547114372253,0.473574697971344,0.04607079932270608,0.21464109420776367,23.549909591674805
run_1780059244_43271aeb,1780060375.0858278,1.0,524.0,2.0,-0.170562744140625,0.0,-6.691883087158203,18.1049861907959,17.0562744140625,1.0545144081115723,-0.005803671665489674,0.029091649688780308,0.170562744140625,23.549909591674805
run_1780059244_43271aeb,1780060377.0848105,1.0,524.0,2.0,-0.08241701126098633,0.0,-6.592719078063965,8.49154281616211,8.241701126098633,1.106156587600708,-0.856314480304718,0.006792563745193547,0.08241701126098633,23.549909591674805
run_1780059244_43271aeb,1780060379.0818138,1.0,524.0,2.0,0.005744457244873047,0.0,-6.493537425994873,-1.0722732543945312,-0.5744457244873047,1.119910717010498,-1.6177382469177246,3.2998789038174436e-05,0.005744457244873047,23.549909591674805
run_1780059244_43271aeb,1780060381.080829,1.0,524.0,2.0,0.04982709884643555,0.0,-6.443944454193115,-5.77864408493042,-4.982709884643555,1.0931158065795898,-1.889049768447876,0.0024827397794524586,0.04982709884643555,23.549909591674805
run_1780059244_43271aeb,1780060383.0798125,1.0,524.0,2.0,0.09392404556274414,0.0,-6.3943352699279785,-10.514717102050781,-9.392404556274414,0.995570957660675,-2.1178836822509766,0.008821726334872437,0.09392404556274414,23.549909591674805
run_1780059244_43271aeb,1780060385.078811,1.0,524.0,2.0,0.09392404556274414,0.0,-6.3943352699279785,-10.420348167419434,-9.392404556274414,0.8879175186157227,-1.9158605337142944,0.008821726334872437,0.09392404556274414,23.549909591674805
run_1780059244_43271aeb,1780060387.077811,1.0,524.0,2.0,0.18207740783691406,0.0,-6.295163154602051,-20.059099197387695,-18.207740783691406,0.6994312405586243,-2.5507900714874268,0.033152182444609934,0.18207740783691406,23.549909591674805
run_1780059244_43271aeb,1780060389.0749056,1.0,524.0,2.0,0.18207740783691406,0.0,-6.295163154602051,-20.02447509765625,-18.207740783691406,0.49073678255081177,-2.307471752166748,0.033152182444609934,0.18207740783691406,23.549909591674805
run_1780059244_43271aeb,1780060391.0899084,1.0,524.0,2.0,0.18207740783691406,0.0,-6.295163154602051,-20.013063430786133,-18.207740783691406,0.2820422947406769,-2.0873637199401855,0.033152182444609934,0.18207740783691406,23.549909591674805
run_1780059244_43271aeb,1780060393.0868914,1.0,524.0,2.0,0.13799333572387695,0.0,-6.344757556915283,-15.168383598327637,-13.799333572387695,0.09355931729078293,-1.4626104831695557,0.019042160704202615,0.13799333572387695,23.549909591674805
run_1780059244_43271aeb,1780060395.0859084,1.0,524.0,2.0,0.13799333572387695,0.0,-6.344757556915283,-15.144835472106934,-13.799333572387695,-0.022407855838537216,-1.3230928182601929,0.019042160704202615,0.13799333572387695,23.549909591674805
run_1780059244_43271aeb,1780060397.0828917,1.0,524.0,2.0,0.09392404556274414,0.0,-6.3943352699279785,-10.24688720703125,-9.392404556274414,-0.058256711810827255,-0.7962256669998169,0.008821726334872437,0.09392404556274414,23.549909591674805
run_1780059244_43271aeb,1780060399.082929,1.0,524.0,2.0,0.005744457244873047,0.0,-6.493537425994873,-0.5439746379852295,-0.5744457244873047,-0.06718052923679352,0.09765162318944931,3.2998789038174436e-05,0.005744457244873047,23.549909591674805
run_1780059244_43271aeb,1780060401.0799255,1.0,524.0,2.0,0.005744457244873047,0.0,-6.493537425994873,-0.5554821491241455,-0.5744457244873047,-0.06937309354543686,0.08833669126033783,3.2998789038174436e-05,0.005744457244873047,23.549909591674805
run_1780059244_43271aeb,1780060403.0789237,1.0,524.0,2.0,-0.12648344039916992,0.0,-6.642293930053711,13.971916198730469,12.648344039916992,0.01715789921581745,1.306414246559143,0.01599806069521037,0.12648344039916992,23.549909591674805
run_1780059244_43271aeb,1780060405.0891874,1.0,524.0,2.0,-0.12648344039916992,0.0,-6.642293930053711,13.910320281982422,12.648344039916992,0.05534246936440468,1.2066336870193481,0.01599806069521037,0.12648344039916992,23.549909591674805
run_1780059244_43271aeb,1780060407.0871465,1.0,524.0,2.0,-0.170562744140625,0.0,-6.691883087158203,18.673751831054688,17.0562744140625,0.11707794666290283,1.5003992319107056,0.029091649688780308,0.170562744140625,23.549909591674805
run_1780059244_43271aeb,1780060409.0861464,1.0,524.0,2.0,-0.3027677536010742,0.0,-6.84061336517334,33.0981330871582,30.276775360107422,0.21245644986629486,2.608898162841797,0.09166831262064079,0.3027677536010742,23.549909591674805
run_1780059244_43271aeb,1780060411.0831926,1.0,524.0,2.0,-0.3468303680419922,0.0,-6.89018440246582,37.79325866699219,34.68303680419922,0.3414710760116577,2.7687478065490723,0.12029130419614376,0.3468303680419922,23.549909591674805
run_1780059244_43271aeb,1780060413.0831926,1.0,524.0,2.0,-0.3468303680419922,0.0,-6.89018440246582,37.676273345947266,34.68303680419922,0.46375855803489685,2.5294742584228516,0.12029130419614376,0.3468303680419922,23.549909591674805
run_1780059244_43271aeb,1780060415.0792518,1.0,524.0,2.0,-0.4349956512451172,0.0,-6.989370346069336,47.22860336303711,43.49956512451172,0.6230571866035461,3.1059823036193848,0.18922121660216362,0.4349956512451172,23.549909591674805
run_1780059244_43271aeb,1780060417.078691,1.0,524.0,2.0,-0.39092063903808594,0.0,-6.939785957336426,42.28807830810547,39.092063903808594,0.7621666193008423,2.4338455200195312,0.15281894602594548,0.39092063903808594,23.549909591674805
run_1780059244_43271aeb,1780060419.0771496,1.0,524.0,2.0,-0.39092063903808594,0.0,-6.939785957336426,42.20512008666992,39.092063903808594,0.9113736152648926,2.2016823291778564,0.15281894602594548,0.39092063903808594,23.549909591674805
run_1780059244_43271aeb,1780060421.0771499,1.0,524.0,2.0,-0.3468303680419922,0.0,-6.89018440246582,37.317604064941406,34.68303680419922,1.043751835823059,1.5908162593841553,0.12029130419614376,0.3468303680419922,23.549909591674805
run_1780059244_43271aeb,1780060423.07615,1.0,524.0,2.0,-0.3027677536010742,0.0,-6.84061336517334,32.46489715576172,30.276775360107422,1.1660393476486206,1.0220812559127808,0.09166831262064079,0.3027677536010742,23.549909591674805
run_1780059244_43271aeb,1780060425.0901499,1.0,524.0,2.0,-0.21464109420776367,0.0,-6.741471290588379,22.820709228515625,21.464109420776367,1.2580513954162598,0.09854913502931595,0.04607079932270608,0.21464109420776367,23.549909591674805
run_1780059244_43271aeb,1780060427.0891497,1.0,524.0,2.0,-0.12648344039916992,0.0,-6.642293930053711,13.222996711730957,12.648344039916992,1.3197869062423706,-0.7451346516609192,0.01599806069521037,0.12648344039916992,23.549909591674805
run_1780059244_43271aeb,1780060429.0881498,1.0,524.0,2.0,-0.038336753845214844,0.0,-6.543128967285156,3.6631510257720947,3.8336753845214844,1.3546056747436523,-1.525130271911621,0.001469706695388595,0.038336753845214844,23.549909591674805
run_1780059244_43271aeb,1780060431.0861497,1.0,524.0,2.0,0.005744457244873047,0.0,-6.493537425994873,-1.0147508382797241,-0.5744457244873047,1.3565082550048828,-1.7968132495880127,3.2998789038174436e-05,0.005744457244873047,23.549909591674805
run_1780059244_43271aeb,1780060433.0851614,1.0,524.0,2.0,0.13799333572387695,0.0,-6.344757556915283,-15.423287391662598,-13.799333572387695,1.2286494970321655,-2.8526036739349365,0.019042160704202615,0.13799333572387695,23.549909591674805
run_1780059244_43271aeb,1780060435.0826194,1.0,524.0,2.0,0.13799333572387695,0.0,-6.344757556915283,-15.309345245361328,-13.799333572387695,1.0704829692840576,-2.5804953575134277,0.019042160704202615,0.13799333572387695,23.549909591674805
run_1780059244_43271aeb,1780060437.0813556,1.0,524.0,2.0,0.18207740783691406,0.0,-6.295163154602051,-20.08108901977539,-18.207740783691406,0.8617885112762451,-2.7351362705230713,0.033152182444609934,0.18207740783691406,23.549909591674805
run_1780059244_43271aeb,1780060439.0766342,1.0,524.0,2.0,0.22616147994995117,0.0,-6.24556827545166,-24.884794235229492,-22.616147994995117,0.6227772831916809,-2.8914241790771484,0.051149015013152166,0.22616147994995117,23.549909591674805
run_1780059244_43271aeb,1780060441.0876338,1.0,524.0,2.0,0.18207740783691406,0.0,-6.295163154602051,-20.00847816467285,-18.207740783691406,0.41408276557922363,-2.21481990814209,0.033152182444609934,0.18207740783691406,23.549909591674805
run_1780059244_43271aeb,1780060443.085637,1.0,524.0,2.0,0.22616147994995117,0.0,-6.24556827545166,-24.861818313598633,-22.616147994995117,0.17507125437259674,-2.4207406044006348,0.051149015013152166,0.22616147994995117,23.549909591674805
run_1780059244_43271aeb,1780060445.085634,1.0,524.0,2.0,0.13799333572387695,0.0,-6.344757556915283,-15.170866012573242,-13.799333572387695,-0.008136794902384281,-1.3633946180343628,0.019042160704202615,0.13799333572387695,23.549909591674805
run_1780059244_43271aeb,1780060447.0839121,1.0,524.0,2.0,0.13799333572387695,0.0,-6.344757556915283,-15.093480110168457,-13.799333572387695,-0.060805998742580414,-1.2333412170410156,0.019042160704202615,0.13799333572387695,23.549909591674805
run_1780059244_43271aeb,1780060449.0829122,1.0,524.0,2.0,0.04982709884643555,0.0,-6.443944454193115,-5.356646537780762,-4.982709884643555,-0.09328864514827728,-0.28064772486686707,0.0024827397794524586,0.04982709884643555,23.549909591674805
run_1780059244_43271aeb,1780060451.0810325,1.0,524.0,2.0,0.005744457244873047,0.0,-6.493537425994873,-0.5133562684059143,-0.5744457244873047,-0.10221138596534729,0.16330082714557648,3.2998789038174436e-05,0.005744457244873047,23.549909591674805
run_1780059244_43271aeb,1780060453.0790327,1.0,524.0,2.0,0.005744457244873047,0.0,-6.493537425994873,-0.5311260223388672,-0.5744457244873047,-0.10440395027399063,0.14772365987300873,3.2998789038174436e-05,0.005744457244873047,23.549909591674805
run_1780059244_43271aeb,1780060455.0770352,1.0,524.0,2.0,-0.038336753845214844,0.0,-6.543128967285156,4.30555534362793,3.8336753845214844,-0.07891640067100525,0.5507965087890625,0.001469706695388595,0.038336753845214844,23.549909591674805
run_1780059244_43271aeb,1780060457.0770328,1.0,524.0,2.0,-0.21464109420776367,0.0,-6.741471290588379,23.661447525024414,21.464109420776367,0.02927279844880104,2.168064832687378,0.04607079932270608,0.21464109420776367,23.549909591674805
run_1780059244_43271aeb,1780060459.0894127,1.0,524.0,2.0,-0.21464109420776367,0.0,-6.741471290588379,23.53656005859375,21.464109420776367,0.1111968457698822,1.9612540006637573,0.04607079932270608,0.21464109420776367,23.549909591674805
run_1780059244_43271aeb,1780060461.0884128,1.0,524.0,2.0,-0.3027677536010742,0.0,-6.84061336517334,33.098915100097656,30.276775360107422,0.21329829096794128,2.608842372894287,0.09166831262064079,0.3027677536010742,23.549909591674805
run_1780059244_43271aeb,1780060463.0864136,1.0,524.0,2.0,-0.39092063903808594,0.0,-6.939785957336426,42.63533401489258,39.092063903808594,0.3490462005138397,3.1942243576049805,0.15281894602594548,0.39092063903808594,23.549909591674805
run_1780059244_43271aeb,1780060465.0834124,1.0,524.0,2.0,-0.3468303680419922,0.0,-6.89018440246582,37.63312911987305,34.68303680419922,0.4948868453502655,2.455206871032715,0.12029130419614376,0.3468303680419922,23.549909591674805
run_1780059244_43271aeb,1780060467.0784125,1.0,524.0,2.0,-0.3468303680419922,0.0,-6.89018440246582,37.531307220458984,34.68303680419922,0.6272650361061096,2.2210066318511963,0.12029130419614376,0.3468303680419922,23.549909591674805
run_1780059244_43271aeb,1780060469.0764136,1.0,524.0,2.0,-0.3468303680419922,0.0,-6.89018440246582,37.45182800292969,34.68303680419922,0.7596431970596313,2.009145975112915,0.12029130419614376,0.3468303680419922,23.549909591674805
run_1780059244_43271aeb,1780060471.0894134,1.0,524.0,2.0,-0.3468303680419922,0.0,-6.89018440246582,37.392555236816406,34.68303680419922,0.8920214176177979,1.8174946308135986,0.12029130419614376,0.3468303680419922,23.549909591674805
run_1780059244_43271aeb,1780060473.0824132,1.0,524.0,2.0,-0.25869035720825195,0.0,-6.791026592254639,27.662586212158203,25.869035720825195,1.0176713466644287,0.7758806347846985,0.066920700912533,0.25869035720825195,23.549909591674805
run_1780059244_43271aeb,1780060475.0814133,1.0,524.0,2.0,-0.21464109420776367,0.0,-6.741471290588379,22.855438232421875,21.464109420776367,1.1063209772109985,0.28500789403915405,0.04607079932270608,0.21464109420776367,23.549909591674805
run_1780059244_43271aeb,1780060477.0774155,1.0,524.0,2.0,-0.12648344039916992,0.0,-6.642293930053711,13.234515190124512,12.648344039916992,1.1714208126068115,-0.5852493643760681,0.01599806069521037,0.12648344039916992,23.549909591674805
run_1780059244_43271aeb,1780060479.076414,1.0,524.0,2.0,-0.08241701126098633,0.0,-6.592719078063965,8.50485897064209,8.241701126098633,1.2096049785614014,-0.9464471340179443,0.006792563745193547,0.08241701126098633,23.549909591674805
run_1780059244_43271aeb,1780060481.090425,1.0,524.0,2.0,0.005744457244873047,0.0,-6.493537425994873,-1.0503596067428589,-0.5744457244873047,1.2233591079711914,-1.6992731094360352,3.2998789038174436e-05,0.005744457244873047,23.549909591674805
run_1780059244_43271aeb,1780060483.086418,1.0,524.0,2.0,0.04982709884643555,0.0,-6.443944454193115,-5.750609397888184,-4.982709884643555,1.1864590644836426,-1.9543582201004028,0.0024827397794524586,0.04982709884643555,23.549909591674805
run_1780059244_43271aeb,1780060485.0834255,1.0,524.0,2.0,0.13799333572387695,0.0,-6.344757556915283,-15.331600189208984,-13.799333572387695,1.078811526298523,-2.6110780239105225,0.019042160704202615,0.13799333572387695,23.549909591674805
run_1780059244_43271aeb,1780060487.0814128,1.0,524.0,2.0,0.13799333572387695,0.0,-6.344757556915283,-15.240697860717773,-13.799333572387695,0.9206450581550598,-2.362009048461914,0.019042160704202615,0.13799333572387695,23.549909591674805
run_1780059244_43271aeb,1780060489.0794125,1.0,524.0,2.0,0.13799333572387695,0.0,-6.344757556915283,-15.178518295288086,-13.799333572387695,0.7321619391441345,-2.11134672164917,0.019042160704202615,0.13799333572387695,23.549909591674805
run_1780059244_43271aeb,1780060491.0774126,1.0,524.0,2.0,0.13799333572387695,0.0,-6.344757556915283,-15.135285377502441,-13.799333572387695,0.573996365070343,-1.9099466800689697,0.019042160704202615,0.13799333572387695,23.549909591674805
run_1780059244_43271aeb,1780060493.090563,1.0,524.0,2.0,0.18207740783691406,0.0,-6.295163154602051,-19.964035034179688,-18.207740783691406,0.40572500228881836,-2.1620187759399414,0.033152182444609934,0.18207740783691406,23.549909591674805
run_1780059244_43271aeb,1780060495.0895631,1.0,524.0,2.0,0.13799333572387695,0.0,-6.344757556915283,-15.110579490661621,-13.799333572387695,0.22734785079956055,-1.5385938882827759,0.019042160704202615,0.13799333572387695,23.549909591674805
run_1780059244_43271aeb,1780060497.0885632,1.0,524.0,2.0,0.09392404556274414,0.0,-6.3943352699279785,-10.270833015441895,-9.392404556274414,0.07928439974784851,-0.95771324634552,0.008821726334872437,0.09392404556274414,23.549909591674805
run_1780059244_43271aeb,1780060499.087563,1.0,524.0,2.0,0.04982709884643555,0.0,-6.443944454193115,-5.429798126220703,-4.982709884643555,0.001956077292561531,-0.449044406414032,0.0024827397794524586,0.04982709884643555,23.549909591674805
run_1780059244_43271aeb,1780060501.086563,1.0,524.0,2.0,0.005744457244873047,0.0,-6.493537425994873,-0.5772656798362732,-0.5744457244873047,-0.0055062067694962025,0.002686245134100318,3.2998789038174436e-05,0.005744457244873047,23.549909591674805
run_1780059244_43271aeb,1780060503.0820427,1.0,524.0,2.0,-0.038336753845214844,0.0,-6.543128967285156,4.266611099243164,3.8336753845214844,0.004892936907708645,0.42804282903671265,0.001469706695388595,0.038336753845214844,23.549909591674805
run_1780059244_43271aeb,1780060505.0786355,1.0,524.0,2.0,-0.12648344039916992,0.0,-6.642293930053711,13.914865493774414,12.648344039916992,0.036348748952150345,1.2301733493804932,0.01599806069521037,0.12648344039916992,23.549909591674805
run_1780059244_43271aeb,1780060507.0906594,1.0,524.0,2.0,-0.21464109420776367,0.0,-6.741471290588379,23.526201248168945,21.464109420776367,0.09808403998613358,1.9640073776245117,0.04607079932270608,0.21464109420776367,23.549909591674805
run_1780059244_43271aeb,1780060509.0896666,1.0,524.0,2.0,-0.21464109420776367,0.0,-6.741471290588379,23.436031341552734,21.464109420776367,0.1699138730764389,1.8020093441009521,0.04607079932270608,0.21464109420776367,23.549909591674805
run_1780059244_43271aeb,1780060511.0891223,1.0,524.0,2.0,-0.25869035720825195,0.0,-6.791026592254639,28.183019638061523,25.869035720825195,0.2585631310939789,2.0554206371307373,0.066920700912533,0.25869035720825195,23.549909591674805
run_1780059244_43271aeb,1780060513.0875084,1.0,524.0,2.0,-0.39092063903808594,0.0,-6.939785957336426,42.59088134765625,39.092063903808594,0.38757869601249695,3.111236095428467,0.15281894602594548,0.39092063903808594,23.549909591674805
run_1780059244_43271aeb,1780060515.0865083,1.0,524.0,2.0,-0.3468303680419922,0.0,-6.89018440246582,37.60184860229492,34.68303680419922,0.5300537347793579,2.38875675201416,0.12029130419614376,0.3468303680419922,23.549909591674805
run_1780059244_43271aeb,1780060517.0849082,1.0,524.0,2.0,-0.39092063903808594,0.0,-6.939785957336426,42.322566986083984,39.092063903808594,0.6859878301620483,2.54451584815979,0.15281894602594548,0.39092063903808594,23.549909591674805
run_1780059244_43271aeb,1780060519.0803354,1.0,524.0,2.0,-0.3468303680419922,0.0,-6.89018440246582,37.387596130371094,34.68303680419922,0.8284628391265869,1.8760955333709717,0.12029130419614376,0.3468303680419922,23.549909591674805
run_1780059244_43271aeb,1780060521.0763366,1.0,524.0,2.0,-0.3468303680419922,0.0,-6.89018440246582,37.34101486206055,34.68303680419922,0.9608410596847534,1.6971359252929688,0.12029130419614376,0.3468303680419922,23.549909591674805
run_1780059244_43271aeb,1780060523.0884979,1.0,524.0,2.0,-0.3468303680419922,0.0,-6.89018440246582,37.31150436401367,34.68303680419922,1.09321928024292,1.5352470874786377,0.12029130419614376,0.3468303680419922,23.549909591674805
run_1780059244_43271aeb,1780060525.0854998,1.0,524.0,2.0,-0.21464109420776367,0.0,-6.741471290588379,22.781503677368164,21.464109420776367,1.205415964126587,0.11197703331708908,0.04607079932270608,0.21464109420776367,23.549909591674805
run_1780059244_43271aeb,1780060527.0804982,1.0,524.0,2.0,-0.21464109420776367,0.0,-6.741471290588379,22.852745056152344,21.464109420776367,1.287340760231018,0.10129561275243759,0.04607079932270608,0.21464109420776367,23.549909591674805
run_1780059244_43271aeb,1780060529.0777595,1.0,524.0,2.0,-0.12648344039916992,0.0,-6.642293930053711,13.264602661132812,12.648344039916992,1.3423465490341187,-0.7260891795158386,0.01599806069521037,0.12648344039916992,23.549909591674805
run_1780059244_43271aeb,1780060531.0767808,1.0,524.0,2.0,-0.038336753845214844,0.0,-6.543128967285156,3.717684745788574,3.8336753845214844,1.3670735359191895,-1.4830639362335205,0.001469706695388595,0.038336753845214844,23.549909591674805
run_1780059244_43271aeb,1780060533.09078,1.0,524.0,2.0,0.04982709884643555,0.0,-6.443944454193115,-5.817773342132568,-4.982709884643555,1.32431161403656,-2.1593754291534424,0.0024827397794524586,0.04982709884643555,23.549909591674805
run_1780059244_43271aeb,1780060535.0898175,1.0,524.0,2.0,0.09392404556274414,0.0,-6.3943352699279785,-10.530050277709961,-9.392404556274414,1.2166582345962524,-2.3543038368225098,0.008821726334872437,0.09392404556274414,23.549909591674805
run_1780059244_43271aeb,1780060537.0868173,1.0,524.0,2.0,0.18207740783691406,0.0,-6.295163154602051,-20.12697982788086,-18.207740783691406,1.0281718969345093,-2.9474105834960938,0.033152182444609934,0.18207740783691406,23.549909591674805
run_1780059244_43271aeb,1780060539.0858297,1.0,524.0,2.0,0.18207740783691406,0.0,-6.295163154602051,-20.054521560668945,-18.207740783691406,0.8194774389266968,-2.6662583351135254,0.033152182444609934,0.18207740783691406,23.549909591674805
run_1780059244_43271aeb,1780060541.0818295,1.0,524.0,2.0,0.22616147994995117,0.0,-6.24556827545166,-24.86662483215332,-22.616147994995117,0.570360541343689,-2.820836067199707,0.051149015013152166,0.22616147994995117,23.549909591674805
run_1780059244_43271aeb,1780060543.0808296,1.0,524.0,2.0,0.18207740783691406,0.0,-6.295163154602051,-20.00250816345215,-18.207740783691406,0.33134931325912476,-2.126117467880249,0.033152182444609934,0.18207740783691406,23.549909591674805
run_1780059244_43271aeb,1780060545.0794752,1.0,524.0,2.0,0.13799333572387695,0.0,-6.344757556915283,-15.150653839111328,-13.799333572387695,0.16307787597179413,-1.5143983364105225,0.019042160704202615,0.13799333572387695,23.549909591674805
run_1780059244_43271aeb,1780060547.0784752,1.0,524.0,2.0,0.09392404556274414,0.0,-6.3943352699279785,-10.311731338500977,-9.392404556274414,0.025116687640547752,-0.944442868232727,0.008821726334872437,0.09392404556274414,23.549909591674805
run_1780059244_43271aeb,1780060549.0774753,1.0,524.0,2.0,0.13799333572387695,0.0,-6.344757556915283,-15.106283187866211,-13.799333572387695,-0.04382435977458954,-1.2631257772445679,0.019042160704202615,0.13799333572387695,23.549909591674805
run_1780059244_43271aeb,1780060551.0894878,1.0,524.0,2.0,0.005744457244873047,0.0,-6.493537425994873,-0.531243622303009,-0.5744457244873047,-0.06621068716049194,0.10941281169652939,3.2998789038174436e-05,0.005744457244873047,23.549909591674805
run_1780059244_43271aeb,1780060553.0782511,1.0,524.0,2.0,-0.038336753845214844,0.0,-6.543128967285156,4.310038089752197,3.8336753845214844,-0.031496427953243256,0.5078592300415039,0.001469706695388595,0.038336753845214844,23.549909591674805
run_1780059244_43271aeb,1780060555.090545,1.0,524.0,2.0,-0.038336753845214844,0.0,-6.543128967285156,4.302700519561768,3.8336753845214844,-0.01523557398468256,0.4842608571052551,0.001469706695388595,0.038336753845214844,23.549909591674805
run_1780059244_43271aeb,1780060557.0868874,1.0,524.0,2.0,-0.170562744140625,0.0,-6.691883087158203,18.785602569580078,17.0562744140625,0.039935559034347534,1.6893932819366455,0.029091649688780308,0.170562744140625,23.549909591674805
run_1780059244_43271aeb,1780060559.0830615,1.0,524.0,2.0,-0.170562744140625,0.0,-6.691883087158203,18.704303741455078,17.0562744140625,0.09494134783744812,1.553087830543518,0.029091649688780308,0.170562744140625,23.549909591674805
run_1780059244_43271aeb,1780060561.0783186,1.0,524.0,2.0,-0.21464109420776367,0.0,-6.741471290588379,23.456321716308594,21.464109420776367,0.17013590037822723,1.8220767974853516,0.04607079932270608,0.21464109420776367,23.549909591674805
run_1780059244_43271aeb,1780060563.090319,1.0,524.0,2.0,-0.3027677536010742,0.0,-6.84061336517334,33.026702880859375,30.276775360107422,0.27560216188430786,2.4743218421936035,0.09166831262064079,0.3027677536010742,23.549909591674805
run_1780059244_43271aeb,1780060565.0893192,1.0,524.0,2.0,-0.3027677536010742,0.0,-6.84061336517334,32.90623474121094,30.276775360107422,0.3911625146865845,2.2382969856262207,0.09166831262064079,0.3027677536010742,23.549909591674805
run_1780059244_43271aeb,1780060567.083319,1.0,524.0,2.0,-0.4349956512451172,0.0,-6.989370346069336,47.31320571899414,43.49956512451172,0.5370008945465088,3.2766380310058594,0.18922121660216362,0.4349956512451172,23.549909591674805
run_1780059244_43271aeb,1780060569.0803316,1.0,524.0,2.0,-0.39092063903808594,0.0,-6.939785957336426,42.331974029541016,39.092063903808594,0.6929361820220947,2.546976089477539,0.15281894602594548,0.39092063903808594,23.549909591674805
run_1780059244_43271aeb,1780060571.0892763,1.0,524.0,2.0,-0.4349956512451172,0.0,-6.989370346069336,47.07801055908203,43.49956512451172,0.8488714694976807,2.72957444190979,0.18922121660216362,0.4349956512451172,23.549909591674805
run_1780059244_43271aeb,1780060573.0862763,1.0,524.0,2.0,-0.4349956512451172,0.0,-6.989370346069336,46.98366928100586,43.49956512451172,1.0149002075195312,2.4692022800445557,0.18922121660216362,0.4349956512451172,23.549909591674805
run_1780059244_43271aeb,1780060575.0856805,1.0,524.0,2.0,-0.3468303680419922,0.0,-6.89018440246582,37.262420654296875,34.68303680419922,1.1472784280776978,1.4321069717407227,0.12029130419614376,0.3468303680419922,23.549909591674805
run_1780059244_43271aeb,1780060577.0836806,1.0,524.0,2.0,-0.3027677536010742,0.0,-6.84061336517334,32.42485046386719,30.276775360107422,1.2695659399032593,0.8785108923912048,0.09166831262064079,0.3027677536010742,23.549909591674805
run_1780059244_43271aeb,1780060579.0826805,1.0,524.0,2.0,-0.25869035720825195,0.0,-6.791026592254639,27.631315231323242,25.869035720825195,1.368302822113037,0.3939782679080963,0.066920700912533,0.25869035720825195,23.549909591674805
run_1780059244_43271aeb,1780060581.0806804,1.0,524.0,2.0,-0.12648344039916992,0.0,-6.642293930053711,13.190360069274902,12.648344039916992,1.4367632865905762,-0.8947481513023376,0.01599806069521037,0.12648344039916992,23.549909591674805
run_1780059244_43271aeb,1780060583.076726,1.0,524.0,2.0,-0.08241701126098633,0.0,-6.592719078063965,8.499889373779297,8.241701126098633,1.4682196378707886,-1.2100311517715454,0.006792563745193547,0.08241701126098633,23.549909591674805
run_1780059244_43271aeb,1780060585.0906816,1.0,524.0,2.0,0.04982709884643555,0.0,-6.443944454193115,-5.882277965545654,-4.982709884643555,1.4465358257293701,-2.3461039066314697,0.0024827397794524586,0.04982709884643555,23.549909591674805
run_1780059244_43271aeb,1780060587.084682,1.0,524.0,2.0,0.13799333572387695,0.0,-6.344757556915283,-15.42093276977539,-13.799333572387695,1.3692140579223633,-2.9908130168914795,0.019042160704202615,0.13799333572387695,23.549909591674805
run_1780059244_43271aeb,1780060589.0816803,1.0,524.0,2.0,0.18207740783691406,0.0,-6.295163154602051,-20.149723052978516,-18.207740783691406,1.1807308197021484,-3.1227123737335205,0.033152182444609934,0.18207740783691406,23.549909591674805
run_1780059244_43271aeb,1780060591.0776806,1.0,524.0,2.0,0.22616147994995117,0.0,-6.24556827545166,-24.91331672668457,-22.616147994995117,0.9619306921958923,-3.2590997219085693,0.051149015013152166,0.22616147994995117,23.549909591674805
run_1780059244_43271aeb,1780060593.088366,1.0,524.0,2.0,0.2702336311340332,0.0,-6.195987224578857,-29.716257095336914,-27.02336311340332,0.6723992824554443,-3.3652942180633545,0.07302621539588472,0.2702336311340332,23.549909591674805
run_1780059244_43271aeb,1780060595.0842729,1.0,524.0,2.0,0.22616147994995117,0.0,-6.24556827545166,-24.846569061279297,-22.616147994995117,0.4131767749786377,-2.643596649169922,0.051149015013152166,0.22616147994995117,23.549909591674805
run_1780059244_43271aeb,1780060597.080003,1.0,524.0,2.0,0.2702336311340332,0.0,-6.195987224578857,-29.70822525024414,-27.02336311340332,0.12364514172077179,-2.8085038661956787,0.07302621539588472,0.2702336311340332,23.549909591674805
run_1780059244_43271aeb,1780060599.0787008,1.0,524.0,2.0,0.22616147994995117,0.0,-6.24556827545166,-24.78137969970703,-22.616147994995117,-0.05877116322517395,-2.106458902359009,0.051149015013152166,0.22616147994995117,23.549909591674805
run_1780059244_43271aeb,1780060601.0905359,1.0,524.0,2.0,0.22616147994995117,0.0,-6.24556827545166,-24.666765213012695,-22.616147994995117,-0.14509236812591553,-1.905524730682373,0.051149015013152166,0.22616147994995117,23.549909591674805
run_1780059244_43271aeb,1780060603.0835497,1.0,524.0,2.0,0.18207740783691406,0.0,-6.295163154602051,-19.765300750732422,-18.207740783691406,-0.20112688839435577,-1.3564329147338867,0.033152182444609934,0.18207740783691406,23.549909591674805
run_1780059244_43271aeb,1780060605.0906546,1.0,524.0,2.0,0.09392404556274414,0.0,-6.3943352699279785,-10.035639762878418,-9.392404556274414,-0.25043436884880066,-0.3928009867668152,0.008821726334872437,0.09392404556274414,23.549909591674805
run_1780059244_43271aeb,1780060607.0897844,1.0,524.0,2.0,0.04982709884643555,0.0,-6.443944454193115,-5.1865715980529785,-4.982709884643555,-0.2829171121120453,0.0790555477142334,0.0024827397794524586,0.04982709884643555,23.549909591674805
run_1780059244_43271aeb,1780060609.0867844,1.0,524.0,2.0,0.005744457244873047,0.0,-6.493537425994873,-0.37759318947792053,-0.5744457244873047,-0.29183974862098694,0.48869234323501587,3.2998789038174436e-05,0.005744457244873047,23.549909591674805
run_1780059244_43271aeb,1780060611.0867846,1.0,524.0,2.0,-0.08241701126098633,0.0,-6.592719078063965,9.279863357543945,8.241701126098633,-0.24702051281929016,1.2851827144622803,0.006792563745193547,0.08241701126098633,23.549909591674805
run_1780059244_43271aeb,1780060613.083784,1.0,524.0,2.0,-0.21464109420776367,0.0,-6.741471290588379,23.816383361816406,21.464109420776367,-0.06162359565496445,2.4138972759246826,0.04607079932270608,0.21464109420776367,23.549909591674805
run_1780059244_43271aeb,1780060615.0837853,1.0,524.0,2.0,-0.21464109420776367,0.0,-6.741471290588379,23.717275619506836,21.464109420776367,0.0695287361741066,2.1836369037628174,0.04607079932270608,0.21464109420776367,23.549909591674805
run_1780059244_43271aeb,1780060617.080797,1.0,524.0,2.0,-0.25869035720825195,0.0,-6.791026592254639,28.422779083251953,25.869035720825195,0.16154037415981293,2.392202854156494,0.066920700912533,0.25869035720825195,23.549909591674805
run_1780059244_43271aeb,1780060619.0807843,1.0,524.0,2.0,-0.3027677536010742,0.0,-6.84061336517334,33.13862609863281,30.276775360107422,0.26364192366600037,2.5982072353363037,0.09166831262064079,0.3027677536010742,23.549909591674805
run_1780059244_43271aeb,1780060621.0787845,1.0,524.0,2.0,-0.3468303680419922,0.0,-6.89018440246582,37.839683532714844,34.68303680419922,0.38929298520088196,2.7673540115356445,0.12029130419614376,0.3468303680419922,23.549909591674805
run_1780059244_43271aeb,1780060623.0787845,1.0,524.0,2.0,-0.3027677536010742,0.0,-6.84061336517334,32.87965774536133,30.276775360107422,0.508216917514801,2.0946671962738037,0.09166831262064079,0.3027677536010742,23.549909591674805
run_1780059244_43271aeb,1780060625.0767848,1.0,524.0,2.0,-0.3468303680419922,0.0,-6.89018440246582,37.628753662109375,34.68303680419922,0.6338679790496826,2.3118462562561035,0.12029130419614376,0.3468303680419922,23.549909591674805
run_1780059244_43271aeb,1780060627.0907845,1.0,524.0,2.0,-0.3027677536010742,0.0,-6.84061336517334,32.71217727661133,30.276775360107422,0.7527918815612793,1.682610034942627,0.09166831262064079,0.3027677536010742,23.549909591674805
run_1780059244_43271aeb,1780060629.0887845,1.0,524.0,2.0,-0.25869035720825195,0.0,-6.791026592254639,27.832273483276367,25.869035720825195,0.8582581877708435,1.1049787998199463,0.066920700912533,0.25869035720825195,23.549909591674805
run_1780059244_43271aeb,1780060631.0857844,1.0,524.0,2.0,-0.21464109420776367,0.0,-6.741471290588379,22.983400344848633,21.464109420776367,0.9536327123641968,0.5656577944755554,0.04607079932270608,0.21464109420776367,23.549909591674805
run_1780059244_43271aeb,1780060633.0827842,1.0,524.0,2.0,-0.170562744140625,0.0,-6.691883087158203,18.176300048828125,17.0562744140625,1.02546226978302,0.09456288814544678,0.029091649688780308,0.170562744140625,23.549909591674805
run_1780059244_43271aeb,1780060635.078785,1.0,524.0,2.0,-0.12648344039916992,0.0,-6.642293930053711,13.402125358581543,12.648344039916992,1.0771030187606812,-0.32332301139831543,0.01599806069521037,0.12648344039916992,23.549909591674805
run_1780059244_43271aeb,1780060637.077789,1.0,524.0,2.0,-0.08241701126098633,0.0,-6.592719078063965,8.642400741577148,8.241701126098633,1.1186511516571045,-0.7179514765739441,0.006792563745193547,0.08241701126098633,23.549909591674805
run_1780059244_43271aeb,1780060639.0767949,1.0,524.0,2.0,0.005744457244873047,0.0,-6.493537425994873,-0.9219949245452881,-0.5744457244873047,1.119674801826477,-1.4672240018844604,3.2998789038174436e-05,0.005744457244873047,23.549909591674805
run_1780059244_43271aeb,1780060641.0887945,1.0,524.0,2.0,0.09392404556274414,0.0,-6.3943352699279785,-10.498398780822754,-9.392404556274414,1.0726628303527832,-2.1786575317382812,0.008821726334872437,0.09392404556274414,23.549909591674805
run_1780059244_43271aeb,1780060643.0870597,1.0,524.0,2.0,0.13799333572387695,0.0,-6.344757556915283,-15.244412422180176,-13.799333572387695,0.9852324724197388,-2.430310010910034,0.019042160704202615,0.13799333572387695,23.549909591674805
run_1780059244_43271aeb,1780060645.0834064,1.0,524.0,2.0,0.13799333572387695,0.0,-6.344757556915283,-15.170751571655273,-13.799333572387695,0.8270659446716309,-2.198483943939209,0.019042160704202615,0.13799333572387695,23.549909591674805
run_1780059244_43271aeb,1780060647.079406,1.0,524.0,2.0,0.13799333572387695,0.0,-6.344757556915283,-15.114240646362305,-13.799333572387695,0.6992070078849792,-2.0141139030456543,0.019042160704202615,0.13799333572387695,23.549909591674805
run_1780059244_43271aeb,1780060649.091406,1.0,524.0,2.0,0.13799333572387695,0.0,-6.344757556915283,-15.080280303955078,-13.799333572387695,0.5410414338111877,-1.8219890594482422,0.019042160704202615,0.13799333572387695,23.549909591674805
run_1780059244_43271aeb,1780060651.0889256,1.0,524.0,2.0,0.09392404556274414,0.0,-6.3943352699279785,-10.213501930236816,-9.392404556274414,0.39297807216644287,-1.2140753269195557,0.008821726334872437,0.09392404556274414,23.549909591674805
run_1780059244_43271aeb,1780060653.0859227,1.0,524.0,2.0,0.04982709884643555,0.0,-6.443944454193115,-5.349669456481934,-4.982709884643555,0.3055410385131836,-0.6725007891654968,0.0024827397794524586,0.04982709884643555,23.549909591674805
run_1780059244_43271aeb,1780060655.0814385,1.0,524.0,2.0,-0.038336753845214844,0.0,-6.543128967285156,4.356581687927246,3.8336753845214844,0.26277872920036316,0.26012781262397766,0.001469706695388595,0.038336753845214844,23.549909591674805
run_1780059244_43271aeb,1780060657.0794384,1.0,524.0,2.0,-0.08241701126098633,0.0,-6.592719078063965,9.186759948730469,8.241701126098633,0.284140944480896,0.6609178781509399,0.006792563745193547,0.08241701126098633,23.549909591674805
run_1780059244_43271aeb,1780060659.0914383,1.0,524.0,2.0,-0.08241701126098633,0.0,-6.592719078063965,9.170426368713379,8.241701126098633,0.30550312995910645,0.6232220530509949,0.006792563745193547,0.08241701126098633,23.549909591674805
run_1780059244_43271aeb,1780060661.0874383,1.0,524.0,2.0,-0.12648344039916992,0.0,-6.642293930053711,13.98127555847168,12.648344039916992,0.34368765354156494,0.9892435073852539,0.01599806069521037,0.12648344039916992,23.549909591674805
run_1780059244_43271aeb,1780060663.0854383,1.0,524.0,2.0,-0.170562744140625,0.0,-6.691883087158203,18.765443801879883,17.0562744140625,0.4054231643676758,1.3037455081939697,0.029091649688780308,0.170562744140625,23.549909591674805
run_1780059244_43271aeb,1780060665.0814383,1.0,524.0,2.0,-0.21464109420776367,0.0,-6.741471290588379,23.546329498291016,21.464109420776367,0.47725290060043335,1.6049673557281494,0.04607079932270608,0.21464109420776367,23.549909591674805
run_1780059244_43271aeb,1780060667.0767426,1.0,524.0,2.0,-0.21464109420776367,0.0,-6.741471290588379,23.475156784057617,21.464109420776367,0.5591766834259033,1.4518704414367676,0.04607079932270608,0.21464109420776367,23.549909591674805
run_1780059244_43271aeb,1780060669.090741,1.0,524.0,2.0,-0.3468303680419922,0.0,-6.89018440246582,37.91926956176758,34.68303680419922,0.6713701486587524,2.5648627281188965,0.12029130419614376,0.3468303680419922,23.549909591674805
run_1780059244_43271aeb,1780060671.0833952,1.0,524.0,2.0,-0.3027677536010742,0.0,-6.84061336517334,32.97856140136719,30.276775360107422,0.7902940511703491,1.9114909172058105,0.09166831262064079,0.3027677536010742,23.549909591674805
run_1780059244_43271aeb,1780060673.081382,1.0,524.0,2.0,-0.3468303680419922,0.0,-6.89018440246582,37.73545837402344,34.68303680419922,0.9226722717285156,2.1297526359558105,0.12029130419614376,0.3468303680419922,23.549909591674805
run_1780059244_43271aeb,1780060675.0793824,1.0,524.0,2.0,-0.3468303680419922,0.0,-6.89018440246582,37.6646842956543,34.68303680419922,1.0550504922866821,1.926596999168396,0.12029130419614376,0.3468303680419922,23.549909591674805
run_1780059244_43271aeb,1780060677.0783825,1.0,524.0,2.0,-0.3027677536010742,0.0,-6.84061336517334,32.774864196777344,30.276775360107422,1.180701494216919,1.317386507987976,0.09166831262064079,0.3027677536010742,23.549909591674805
run_1780059244_43271aeb,1780060679.0893824,1.0,524.0,2.0,-0.3027677536010742,0.0,-6.84061336517334,32.76475524902344,30.276775360107422,1.2962619066238403,1.191721796989441,0.09166831262064079,0.3027677536010742,23.549909591674805
run_1780059244_43271aeb,1780060681.088394,1.0,524.0,2.0,-0.25869035720825195,0.0,-6.791026592254639,27.94134521484375,25.869035720825195,1.3949987888336182,0.6773120164871216,0.066920700912533,0.25869035720825195,23.549909591674805
run_1780059244_43271aeb,1780060683.0854988,1.0,524.0,2.0,-0.21464109420776367,0.0,-6.741471290588379,23.14851188659668,21.464109420776367,1.4802860021591187,0.20411667227745056,0.04607079932270608,0.21464109420776367,23.549909591674805
run_1780059244_43271aeb,1780060685.0825112,1.0,524.0,2.0,-0.08241701126098633,0.0,-6.592719078063965,8.706469535827637,8.241701126098633,1.5319281816482544,-1.0671591758728027,0.006792563745193547,0.08241701126098633,23.549909591674805
run_1780059244_43271aeb,1780060687.079411,1.0,524.0,2.0,-0.038336753845214844,0.0,-6.543128967285156,4.009363174438477,3.8336753845214844,1.5499258041381836,-1.3742380142211914,0.001469706695388595,0.038336753845214844,23.549909591674805
run_1780059244_43271aeb,1780060689.0776854,1.0,524.0,2.0,0.04982709884643555,0.0,-6.443944454193115,-5.555989742279053,-4.982709884643555,1.5459551811218262,-2.119235038757324,0.0024827397794524586,0.04982709884643555,23.549909591674805
run_1780059244_43271aeb,1780060691.0908582,1.0,524.0,2.0,0.005744457244873047,0.0,-6.493537425994873,-0.5551901459693909,-0.5744457244873047,1.5191603899002075,-1.499904751777649,3.2998789038174436e-05,0.005744457244873047,23.549909591674805
run_1780059244_43271aeb,1780060693.0888581,1.0,524.0,2.0,0.13799333572387695,0.0,-6.344757556915283,-14.992048263549805,-13.799333572387695,1.3913016319274902,-2.584016799926758,0.019042160704202615,0.13799333572387695,23.549909591674805
run_1780059244_43271aeb,1780060695.0838583,1.0,524.0,2.0,0.13799333572387695,0.0,-6.344757556915283,-14.903727531433105,-13.799333572387695,1.2331352233886719,-2.3375284671783447,0.019042160704202615,0.13799333572387695,23.549909591674805
run_1780059244_43271aeb,1780060697.0841093,1.0,524.0,2.0,0.13799333572387695,0.0,-6.344757556915283,-14.833450317382812,-13.799333572387695,1.1052764654159546,-2.1393916606903076,0.019042160704202615,0.13799333572387695,23.549909591674805
run_1780059244_43271aeb,1780060699.0831094,1.0,524.0,2.0,0.09392404556274414,0.0,-6.3943352699279785,-9.933252334594727,-9.392404556274414,0.9774178266525269,-1.5182650089263916,0.008821726334872437,0.09392404556274414,23.549909591674805
run_1780059244_43271aeb,1780060701.0811095,1.0,524.0,2.0,0.09392404556274414,0.0,-6.3943352699279785,-9.890608787536621,-9.392404556274414,0.9000900983810425,-1.3982937335968018,0.008821726334872437,0.09392404556274414,23.549909591674805
run_1780059244_43271aeb,1780060703.07811,1.0,524.0,2.0,0.005744457244873047,0.0,-6.493537425994873,-0.15178807079792023,-0.5744457244873047,0.8530780673027039,-0.4304203987121582,3.2998789038174436e-05,0.005744457244873047,23.549909591674805
run_1780059244_43271aeb,1780060705.0781505,1.0,524.0,2.0,0.005744457244873047,0.0,-6.493537425994873,-0.1227835863828659,-0.5744457244873047,0.8161779642105103,-0.3645158112049103,3.2998789038174436e-05,0.005744457244873047,23.549909591674805
run_1780059244_43271aeb,1780060707.0911126,1.0,524.0,2.0,-0.038336753845214844,0.0,-6.543128967285156,4.7434186935424805,3.8336753845214844,0.8223239183425903,0.08741932362318039,0.001469706695388595,0.038336753845214844,23.549909591674805
run_1780059244_43271aeb,1780060709.0901103,1.0,524.0,2.0,-0.12648344039916992,0.0,-6.642293930053711,14.399415016174316,12.648344039916992,0.8705999851226807,0.880470871925354,0.01599806069521037,0.12648344039916992,23.549909591674805
run_1780059244_43271aeb,1780060711.0861096,1.0,524.0,2.0,-0.12648344039916992,0.0,-6.642293930053711,14.363702774047852,12.648344039916992,0.9188759922981262,0.7964830994606018,0.01599806069521037,0.12648344039916992,23.549909591674805
run_1780059244_43271aeb,1780060713.08411,1.0,524.0,2.0,-0.25869035720825195,0.0,-6.791026592254639,28.838611602783203,25.869035720825195,0.9974304437637329,1.9721461534500122,0.066920700912533,0.25869035720825195,23.549909591674805
run_1780059244_43271aeb,1780060715.0811105,1.0,524.0,2.0,-0.25869035720825195,0.0,-6.791026592254639,28.74922752380371,25.869035720825195,1.0961674451828003,1.7840243577957153,0.066920700912533,0.25869035720825195,23.549909591674805
run_1780059244_43271aeb,1780060717.0915637,1.0,524.0,2.0,-0.3027677536010742,0.0,-6.84061336517334,33.52308654785156,30.276775360107422,1.198269009590149,2.0480425357818604,0.09166831262064079,0.3027677536010742,23.549909591674805
run_1780059244_43271aeb,1780060719.0863914,1.0,524.0,2.0,-0.3468303680419922,0.0,-6.89018440246582,38.27662658691406,34.68303680419922,1.3239201307296753,2.2696688175201416,0.12029130419614376,0.3468303680419922,23.549909591674805
run_1780059244_43271aeb,1780060721.083745,1.0,524.0,2.0,-0.3468303680419922,0.0,-6.89018440246582,38.192501068115234,34.68303680419922,1.4562983512878418,2.053166627883911,0.12029130419614376,0.3468303680419922,23.549909591674805
run_1780059244_43271aeb,1780060723.0801399,1.0,524.0,2.0,-0.3468303680419922,0.0,-6.89018440246582,38.1290283203125,34.68303680419922,1.5886764526367188,1.8573158979415894,0.12029130419614376,0.3468303680419922,23.549909591674805
run_1780059244_43271aeb,1780060725.089432,1.0,524.0,2.0,-0.3027677536010742,0.0,-6.84061336517334,33.26055908203125,30.276775360107422,1.7042349576950073,1.2795501947402954,0.09166831262064079,0.3027677536010742,23.549909591674805
run_1780059244_43271aeb,1780060727.0824678,1.0,524.0,2.0,-0.3468303680419922,0.0,-6.89018440246582,38.087406158447266,34.68303680419922,1.8298853635787964,1.5744829177856445,0.12029130419614376,0.3468303680419922,23.549909591674805
run_1780059244_43271aeb,1780060729.0823276,1.0,524.0,2.0,-0.25869035720825195,0.0,-6.791026592254639,28.420621871948242,25.869035720825195,1.928620457649231,0.622964084148407,0.066920700912533,0.25869035720825195,23.549909591674805
run_1780059244_43271aeb,1780060731.0803277,1.0,524.0,2.0,-0.21464109420776367,0.0,-6.741471290588379,23.628055572509766,21.464109420776367,2.017268180847168,0.14667806029319763,0.04607079932270608,0.21464109420776367,23.549909591674805
run_1780059244_43271aeb,1780060733.091743,1.0,524.0,2.0,-0.08241701126098633,0.0,-6.592719078063965,9.180985450744629,8.241701126098633,2.075639009475708,-1.136354923248291,0.006792563745193547,0.08241701126098633,23.549909591674805
run_1780059244_43271aeb,1780060735.0860624,1.0,524.0,2.0,-0.08241701126098633,0.0,-6.592719078063965,9.32083797454834,8.241701126098633,2.107095241546631,-1.027958631515503,0.006792563745193547,0.08241701126098633,23.549909591674805
run_1780059244_43271aeb,1780060737.0850625,1.0,524.0,2.0,0.005744457244873047,0.0,-6.493537425994873,-0.22185352444648743,-0.5744457244873047,2.117485284805298,-1.7648929357528687,3.2998789038174436e-05,0.005744457244873047,23.549909591674805
run_1780059244_43271aeb,1780060739.0831082,1.0,524.0,2.0,0.04982709884643555,0.0,-6.443944454193115,-4.9158430099487305,-4.982709884643555,2.080584764480591,-2.0137178897857666,0.0024827397794524586,0.04982709884643555,23.549909591674805
run_1780059244_43271aeb,1780060741.0781088,1.0,524.0,2.0,0.13799333572387695,0.0,-6.344757556915283,-14.49316120147705,-13.799333572387695,1.9628289937973022,-2.656655788421631,0.019042160704202615,0.13799333572387695,23.549909591674805
run_1780059244_43271aeb,1780060743.0925145,1.0,524.0,2.0,0.13799333572387695,0.0,-6.344757556915283,-14.397907257080078,-13.799333572387695,1.8046643733978271,-2.4032387733459473,0.019042160704202615,0.13799333572387695,23.549909591674805
run_1780059244_43271aeb,1780060745.0873713,1.0,524.0,2.0,0.13799333572387695,0.0,-6.344757556915283,-14.326828956604004,-13.799333572387695,1.646499752998352,-2.173994779586792,0.019042160704202615,0.13799333572387695,23.549909591674805
run_1780059244_43271aeb,1780060747.0863707,1.0,524.0,2.0,0.13799333572387695,0.0,-6.344757556915283,-14.277617454528809,-13.799333572387695,1.4883341789245605,-1.9666184186935425,0.019042160704202615,0.13799333572387695,23.549909591674805
run_1780059244_43271aeb,1780060749.0833707,1.0,524.0,2.0,0.09392404556274414,0.0,-6.3943352699279785,-9.392077445983887,-9.392404556274414,1.3705780506134033,-1.3702510595321655,0.008821726334872437,0.09392404556274414,23.549909591674805
run_1780059244_43271aeb,1780060751.079371,1.0,524.0,2.0,0.005744457244873047,0.0,-6.493537425994873,0.3440675735473633,-0.5744457244873047,1.3235660791397095,-0.40505272150039673,3.2998789038174436e-05,0.005744457244873047,23.549909591674805
run_1780059244_43271aeb,1780060753.091371,1.0,524.0,2.0,0.005744457244873047,0.0,-6.493537425994873,0.3711552917957306,-0.5744457244873047,1.286665916442871,-0.3410648703575134,3.2998789038174436e-05,0.005744457244873047,23.549909591674805
run_1780059244_43271aeb,1780060755.090383,1.0,524.0,2.0,0.005744457244873047,0.0,-6.493537425994873,0.39710482954978943,-0.5744457244873047,1.2800815105438232,-0.30853092670440674,3.2998789038174436e-05,0.005744457244873047,23.549909591674805
run_1780059244_43271aeb,1780060757.089372,1.0,524.0,2.0,-0.12648344039916992,0.0,-6.642293930053711,14.943636894226074,12.648344039916992,1.2971994876861572,0.9980928897857666,0.01599806069521037,0.12648344039916992,23.549909591674805
run_1780059244_43271aeb,1780060759.0883708,1.0,524.0,2.0,-0.12648344039916992,0.0,-6.642293930053711,14.89670467376709,12.648344039916992,1.3454755544662476,0.9028854966163635,0.01599806069521037,0.12648344039916992,23.549909591674805
run_1780059244_43271aeb,1780060761.0863707,1.0,524.0,2.0,-0.21464109420776367,0.0,-6.741471290588379,24.549768447875977,21.464109420776367,1.4004813432693481,1.6851779222488403,0.04607079932270608,0.21464109420776367,23.549909591674805
run_1780059244_43271aeb,1780060763.0853765,1.0,524.0,2.0,-0.21464109420776367,0.0,-6.741471290588379,24.470945358276367,21.464109420776367,1.4824060201644897,1.5244296789169312,0.04607079932270608,0.21464109420776367,23.549909591674805
run_1780059244_43271aeb,1780060765.0843763,1.0,524.0,2.0,-0.3027677536010742,0.0,-6.84061336517334,34.07971954345703,30.276775360107422,1.58114492893219,2.221797466278076,0.09166831262064079,0.3027677536010742,23.549909591674805
run_1780059244_43271aeb,1780060767.0847597,1.0,524.0,2.0,-0.3027677536010742,0.0,-6.84061336517334,33.98333740234375,30.276775360107422,1.6967034339904785,2.0098612308502197,0.09166831262064079,0.3027677536010742,23.549909591674805
run_1780059244_43271aeb,1780060769.0822413,1.0,524.0,2.0,-0.3468303680419922,0.0,-6.89018440246582,38.7203483581543,34.68303680419922,1.8358138799667358,2.201498031616211,0.12029130419614376,0.3468303680419922,23.549909591674805
run_1780059244_43271aeb,1780060771.0802414,1.0,524.0,2.0,-0.4349956512451172,0.0,-6.989370346069336,48.32396697998047,43.49956512451172,1.9816523790359497,2.842751979827881,0.18922121660216362,0.4349956512451172,23.549909591674805
run_1780059244_43271aeb,1780060773.0792418,1.0,524.0,2.0,-0.39092063903808594,0.0,-6.939785957336426,43.389041900634766,39.092063903808594,2.1342222690582275,2.162757396697998,0.15281894602594548,0.39092063903808594,23.549909591674805
run_1780059244_43271aeb,1780060775.0786817,1.0,524.0,2.0,-0.3468303680419922,0.0,-6.89018440246582,38.49048614501953,34.68303680419922,2.2766969203948975,1.5307526588439941,0.12029130419614376,0.3468303680419922,23.549909591674805
run_1780059244_43271aeb,1780060777.0913439,1.0,524.0,2.0,-0.25869035720825195,0.0,-6.791026592254639,28.803119659423828,25.869035720825195,2.392254590988159,0.5418294668197632,0.066920700912533,0.25869035720825195,23.549909591674805
run_1780059244_43271aeb,1780060779.0883434,1.0,524.0,2.0,-0.21464109420776367,0.0,-6.741471290588379,24.013216018676758,21.464109420776367,2.484264850616455,0.06484029442071915,0.04607079932270608,0.21464109420776367,23.549909591674805
run_1780059244_43271aeb,1780060781.0836425,1.0,524.0,2.0,-0.170562744140625,0.0,-6.691883087158203,19.243547439575195,17.0562744140625,2.5628230571746826,-0.3755491375923157,0.029091649688780308,0.170562744140625,23.549909591674805
run_1780059244_43271aeb,1780060783.081642,1.0,524.0,2.0,-0.12648344039916992,0.0,-6.642293930053711,14.504216194152832,12.648344039916992,2.6211929321289062,-0.7653201222419739,0.01599806069521037,0.12648344039916992,23.549909591674805
run_1780059244_43271aeb,1780060785.0900698,1.0,524.0,2.0,0.04982709884643555,0.0,-6.443944454193115,-4.7329206466674805,-4.982709884643555,2.6282055377960205,-2.3784162998199463,0.0024827397794524586,0.04982709884643555,23.549909591674805
run_1780059244_43271aeb,1780060787.0856926,1.0,524.0,2.0,0.09392404556274414,0.0,-6.3943352699279785,-9.418832778930664,-9.392404556274414,2.5508766174316406,-2.5773050785064697,0.008821726334872437,0.09392404556274414,23.549909591674805
run_1780059244_43271aeb,1780060789.0836928,1.0,524.0,2.0,0.09392404556274414,0.0,-6.3943352699279785,-9.285603523254395,-9.392404556274414,2.412916421890259,-2.30611515045166,0.008821726334872437,0.09392404556274414,23.549909591674805
run_1780059244_43271aeb,1780060791.082577,1.0,524.0,2.0,0.13799333572387695,0.0,-6.344757556915283,-14.025908470153809,-13.799333572387695,2.2850584983825684,-2.511634349822998,0.019042160704202615,0.13799333572387695,23.549909591674805
run_1780059244_43271aeb,1780060793.0799317,1.0,524.0,2.0,0.18207740783691406,0.0,-6.295163154602051,-18.802230834960938,-18.207740783691406,2.086470127105713,-2.6809608936309814,0.033152182444609934,0.18207740783691406,23.549909591674805
run_1780059244_43271aeb,1780060795.092123,1.0,524.0,2.0,0.18207740783691406,0.0,-6.295163154602051,-18.755191802978516,-18.207740783691406,1.8777755498886108,-2.4252257347106934,0.033152182444609934,0.18207740783691406,23.549909591674805
run_1780059244_43271aeb,1780060797.088123,1.0,524.0,2.0,0.22616147994995117,0.0,-6.24556827545166,-23.590286254882812,-22.616147994995117,1.6286572217941284,-2.602794885635376,0.051149015013152166,0.22616147994995117,23.549909591674805
run_1780059244_43271aeb,1780060799.0842772,1.0,524.0,2.0,0.22616147994995117,0.0,-6.24556827545166,-23.601228713989258,-22.616147994995117,1.3694343566894531,-2.354515790939331,0.051149015013152166,0.22616147994995117,23.549909591674805
run_1780059244_43271aeb,1780060801.081586,1.0,524.0,2.0,0.18207740783691406,0.0,-6.295163154602051,-18.77811622619629,-18.207740783691406,1.1506342887878418,-1.7210099697113037,0.033152182444609934,0.18207740783691406,23.549909591674805
run_1780059244_43271aeb,1780060803.0778913,1.0,524.0,2.0,0.13799333572387695,0.0,-6.344757556915283,-13.95744800567627,-13.799333572387695,1.0227755308151245,-1.180890440940857,0.019042160704202615,0.13799333572387695,23.549909591674805
run_1780059244_43271aeb,1780060805.0893779,1.0,524.0,2.0,0.04982709884643555,0.0,-6.443944454193115,-4.287700176239014,-4.982709884643555,0.9454538226127625,-0.25044405460357666,0.0024827397794524586,0.04982709884643555,23.549909591674805
run_1780059244_43271aeb,1780060807.0836415,1.0,524.0,2.0,-0.038336753845214844,0.0,-6.543128967285156,5.375401020050049,3.8336753845214844,0.9170406460762024,0.6246851086616516,0.001469706695388595,0.038336753845214844,23.549909591674805
run_1780059244_43271aeb,1780060809.0796652,1.0,524.0,2.0,-0.038336753845214844,0.0,-6.543128967285156,5.330445766448975,3.8336753845214844,0.9316735863685608,0.5650967955589294,0.001469706695388595,0.038336753845214844,23.549909591674805
run_1780059244_43271aeb,1780060811.0914607,1.0,524.0,2.0,-0.12648344039916992,0.0,-6.642293930053711,14.940876007080078,12.648344039916992,0.9799496531486511,1.3125829696655273,0.01599806069521037,0.12648344039916992,23.549909591674805
run_1780059244_43271aeb,1780060813.086817,1.0,524.0,2.0,-0.170562744140625,0.0,-6.691883087158203,19.694202423095703,17.0562744140625,1.0416843891143799,1.5962419509887695,0.029091649688780308,0.170562744140625,23.549909591674805
run_1780059244_43271aeb,1780060815.0848172,1.0,524.0,2.0,-0.3027677536010742,0.0,-6.84061336517334,34.094696044921875,30.276775360107422,1.1471507549285889,2.6707704067230225,0.09166831262064079,0.3027677536010742,23.549909591674805
run_1780059244_43271aeb,1780060817.0838172,1.0,524.0,2.0,-0.25869035720825195,0.0,-6.791026592254639,29.12544822692871,25.869035720825195,1.2492523193359375,2.007159471511841,0.066920700912533,0.25869035720825195,23.549909591674805
run_1780059244_43271aeb,1780060819.0820916,1.0,524.0,2.0,-0.3468303680419922,0.0,-6.89018440246582,38.69643783569336,34.68303680419922,1.371539831161499,2.641862630844116,0.12029130419614376,0.3468303680419922,23.549909591674805
run_1780059244_43271aeb,1780060821.0800734,1.0,524.0,2.0,-0.3468303680419922,0.0,-6.89018440246582,38.576812744140625,34.68303680419922,1.5039180517196655,2.3898568153381348,0.12029130419614376,0.3468303680419922,23.549909591674805
run_1780059244_43271aeb,1780060823.0790756,1.0,524.0,2.0,-0.39092063903808594,0.0,-6.939785957336426,43.30792236328125,39.092063903808594,1.6531239748001099,2.5627386569976807,0.15281894602594548,0.39092063903808594,23.549909591674805
run_1780059244_43271aeb,1780060825.0780919,1.0,524.0,2.0,-0.4349956512451172,0.0,-6.989370346069336,48.04737091064453,43.49956512451172,1.8124233484268188,2.7353861331939697,0.18922121660216362,0.4349956512451172,23.549909591674805
run_1780059244_43271aeb,1780060827.0910735,1.0,524.0,2.0,-0.3027677536010742,0.0,-6.84061336517334,33.46231460571289,30.276775360107422,1.938073754310608,1.2474665641784668,0.09166831262064079,0.3027677536010742,23.549909591674805
run_1780059244_43271aeb,1780060829.0900733,1.0,524.0,2.0,-0.3027677536010742,0.0,-6.84061336517334,33.45888137817383,30.276775360107422,2.0536322593688965,1.1284713745117188,0.09166831262064079,0.3027677536010742,23.549909591674805
run_1780059244_43271aeb,1780060831.0900733,1.0,524.0,2.0,-0.21464109420776367,0.0,-6.741471290588379,23.804542541503906,21.464109420776367,2.1456425189971924,0.19479067623615265,0.04607079932270608,0.21464109420776367,23.549909591674805
run_1780059244_43271aeb,1780060833.0890734,1.0,524.0,2.0,-0.21464109420776367,0.0,-6.741471290588379,23.867883682250977,21.464109420776367,2.227565288543701,0.1762097179889679,0.04607079932270608,0.21464109420776367,23.549909591674805
run_1780059244_43271aeb,1780060835.0870733,1.0,524.0,2.0,-0.08241701126098633,0.0,-6.592719078063965,9.42850399017334,8.241701126098633,2.279207468032837,-1.0924040079116821,0.006792563745193547,0.08241701126098633,23.549909591674805
run_1780059244_43271aeb,1780060837.085074,1.0,524.0,2.0,-0.038336753845214844,0.0,-6.543128967285156,4.728889465332031,3.8336753845214844,2.300569772720337,-1.4053555727005005,0.001469706695388595,0.038336753845214844,23.549909591674805
run_1780059244_43271aeb,1780060839.0840735,1.0,524.0,2.0,0.09392404556274414,0.0,-6.3943352699279785,-9.667774200439453,-9.392404556274414,2.223240852355957,-2.4986109733581543,0.008821726334872437,0.09392404556274414,23.549909591674805
run_1780059244_43271aeb,1780060841.0820742,1.0,524.0,2.0,0.13799333572387695,0.0,-6.344757556915283,-14.391376495361328,-13.799333572387695,2.0852808952331543,-2.6773223876953125,0.019042160704202615,0.13799333572387695,23.549909591674805
run_1780059244_43271aeb,1780060843.0800738,1.0,524.0,2.0,0.18207740783691406,0.0,-6.295163154602051,-19.153881072998047,-18.207740783691406,1.8765863180160522,-2.8227274417877197,0.033152182444609934,0.18207740783691406,23.549909591674805
run_1780059244_43271aeb,1780060845.0790732,1.0,524.0,2.0,0.18207740783691406,0.0,-6.295163154602051,-19.093318939208984,-18.207740783691406,1.6678918600082397,-2.553468704223633,0.033152182444609934,0.18207740783691406,23.549909591674805
run_1780059244_43271aeb,1780060847.0870745,1.0,524.0,2.0,0.18207740783691406,0.0,-6.295163154602051,-19.05843734741211,-18.207740783691406,1.4591972827911377,-2.3098950386047363,0.033152182444609934,0.18207740783691406,23.549909591674805
run_1780059244_43271aeb,1780060849.0840747,1.0,524.0,2.0,0.18207740783691406,0.0,-6.295163154602051,-19.04679298400879,-18.207740783691406,1.2505028247833252,-2.089554786682129,0.033152182444609934,0.18207740783691406,23.549909591674805
run_1780059244_43271aeb,1780060851.0920763,1.0,524.0,2.0,0.13799333572387695,0.0,-6.344757556915283,-14.203392028808594,-13.799333572387695,1.0519139766693115,-1.4559729099273682,0.019042160704202615,0.13799333572387695,23.549909591674805
run_1780059244_43271aeb,1780060853.0900733,1.0,524.0,2.0,0.13799333572387695,0.0,-6.344757556915283,-14.222674369812012,-13.799333572387695,0.8937474489212036,-1.3170883655548096,0.019042160704202615,0.13799333572387695,23.549909591674805
run_1780059244_43271aeb,1780060855.0870733,1.0,524.0,2.0,0.04982709884643555,0.0,-6.443944454193115,-4.549867153167725,-4.982709884643555,0.7557920217514038,-0.32294946908950806,0.0024827397794524586,0.04982709884643555,23.549909591674805
run_1780059244_43271aeb,1780060857.0832343,1.0,524.0,2.0,0.09392404556274414,0.0,-6.3943352699279785,-9.43350601196289,-9.392404556274414,0.6683548092842102,-0.709456741809845,0.008821726334872437,0.09392404556274414,23.549909591674805
run_1780059244_43271aeb,1780060859.0812323,1.0,524.0,2.0,-0.038336753845214844,0.0,-6.543128967285156,5.093829154968262,3.8336753845214844,0.6660136580467224,0.5941400527954102,0.001469706695388595,0.038336753845214844,23.549909591674805
run_1780059244_43271aeb,1780060861.093525,1.0,524.0,2.0,-0.08241701126098633,0.0,-6.592719078063965,9.887063026428223,8.241701126098633,0.6907408237457275,0.9546205401420593,0.006792563745193547,0.08241701126098633,23.549909591674805
run_1780059244_43271aeb,1780060863.0924928,1.0,524.0,2.0,-0.12648344039916992,0.0,-6.642293930053711,14.671552658081055,12.648344039916992,0.7255618572235107,1.2976467609405518,0.01599806069521037,0.12648344039916992,23.549909591674805
run_1780059244_43271aeb,1780060865.0897918,1.0,524.0,2.0,-0.21464109420776367,0.0,-6.741471290588379,24.266284942626953,21.464109420776367,0.7940267324447632,2.008148193359375,0.04607079932270608,0.21464109420776367,23.549909591674805
run_1780059244_43271aeb,1780060867.0857933,1.0,524.0,2.0,-0.25869035720825195,0.0,-6.791026592254639,28.97886848449707,25.869035720825195,0.8927636742591858,2.217068910598755,0.066920700912533,0.25869035720825195,23.549909591674805
run_1780059244_43271aeb,1780060869.0837917,1.0,524.0,2.0,-0.3468303680419922,0.0,-6.89018440246582,38.534420013427734,34.68303680419922,1.0116853713989258,2.8396997451782227,0.12029130419614376,0.3468303680419922,23.549909591674805
run_1780059244_43271aeb,1780060871.0822482,1.0,524.0,2.0,-0.4349956512451172,0.0,-6.989370346069336,48.08767318725586,43.49956512451172,1.1507936716079712,3.4373157024383545,0.18922121660216362,0.4349956512451172,23.549909591674805
run_1780059244_43271aeb,1780060873.0822482,1.0,524.0,2.0,-0.39092063903808594,0.0,-6.939785957336426,43.091121673583984,39.092063903808594,1.3067294359207153,2.692326545715332,0.15281894602594548,0.39092063903808594,23.549909591674805
run_1780059244_43271aeb,1780060875.081177,1.0,524.0,2.0,-0.39092063903808594,0.0,-6.939785957336426,42.963504791259766,39.092063903808594,1.4693939685821533,2.402045965194702,0.15281894602594548,0.39092063903808594,23.549909591674805
run_1780059244_43271aeb,1780060877.09275,1.0,524.0,2.0,-0.39092063903808594,0.0,-6.939785957336426,42.88357925415039,39.092063903808594,1.6186004877090454,2.1729161739349365,0.15281894602594548,0.39092063903808594,23.549909591674805
run_1780059244_43271aeb,1780060879.0834508,1.0,524.0,2.0,-0.3468303680419922,0.0,-6.89018440246582,37.978797912597656,34.68303680419922,1.7644402980804443,1.531320571899414,0.12029130419614376,0.3468303680419922,23.549909591674805
run_1780059244_43271aeb,1780060881.0804386,1.0,524.0,2.0,-0.3027677536010742,0.0,-6.84061336517334,33.13175964355469,30.276775360107422,1.8867267370224,0.9682605266571045,0.09166831262064079,0.3027677536010742,23.549909591674805
run_1780059244_43271aeb,1780060883.0794759,1.0,524.0,2.0,-0.21464109420776367,0.0,-6.741471290588379,23.48270606994629,21.464109420776367,1.985464096069336,0.03313285857439041,0.04607079932270608,0.21464109420776367,23.549909591674805
run_1780059244_43271aeb,1780060885.0917358,1.0,524.0,2.0,-0.170562744140625,0.0,-6.691883087158203,18.726402282714844,17.0562744140625,2.057292938232422,-0.38716474175453186,0.029091649688780308,0.170562744140625,23.549909591674805
run_1780059244_43271aeb,1780060887.089879,1.0,524.0,2.0,-0.038336753845214844,0.0,-6.543128967285156,4.3084716796875,3.8336753845214844,2.1022050380706787,-1.627408742904663,0.001469706695388595,0.038336753845214844,23.549909591674805
run_1780059244_43271aeb,1780060889.083146,1.0,524.0,2.0,0.005744457244873047,0.0,-6.493537425994873,-0.35967230796813965,-0.5744457244873047,2.1041085720062256,-1.8893351554870605,3.2998789038174436e-05,0.005744457244873047,23.549909591674805
run_1780059244_43271aeb,1780060891.092146,1.0,524.0,2.0,0.09392404556274414,0.0,-6.3943352699279785,-9.897807121276855,-9.392404556274414,2.0469939708709717,-2.552396535873413,0.008821726334872437,0.09392404556274414,23.549909591674805
run_1780059244_43271aeb,1780060893.0881462,1.0,524.0,2.0,0.09392404556274414,0.0,-6.3943352699279785,-9.76198959350586,-9.392404556274414,1.9393404722213745,-2.3089253902435303,0.008821726334872437,0.09392404556274414,23.549909591674805
run_1780059244_43271aeb,1780060895.084146,1.0,524.0,2.0,0.18207740783691406,0.0,-6.295163154602051,-19.3582820892334,-18.207740783691406,1.7811721563339233,-2.9317119121551514,0.033152182444609934,0.18207740783691406,23.549909591674805
run_1780059244_43271aeb,1780060897.084146,1.0,524.0,2.0,0.18207740783691406,0.0,-6.295163154602051,-19.287321090698242,-18.207740783691406,1.5724775791168213,-2.652057647705078,0.033152182444609934,0.18207740783691406,23.549909591674805
run_1780059244_43271aeb,1780060899.0785885,1.0,524.0,2.0,0.22616147994995117,0.0,-6.24556827545166,-24.095809936523438,-22.616147994995117,1.35367751121521,-2.8333404064178467,0.051149015013152166,0.22616147994995117,23.549909591674805
run_1780059244_43271aeb,1780060901.0924113,1.0,524.0,2.0,0.22616147994995117,0.0,-6.24556827545166,-24.084762573242188,-22.616147994995117,1.0944551229476929,-2.5630698204040527,0.051149015013152166,0.22616147994995117,23.549909591674805
run_1780059244_43271aeb,1780060903.0884113,1.0,524.0,2.0,0.13799333572387695,0.0,-6.344757556915283,-14.39394760131836,-13.799333572387695,0.8554438352584839,-1.4500590562820435,0.019042160704202615,0.13799333572387695,23.549909591674805
run_1780059244_43271aeb,1780060905.0841315,1.0,524.0,2.0,0.13799333572387695,0.0,-6.344757556915283,-14.41379451751709,-13.799333572387695,0.6972777843475342,-1.3117387294769287,0.019042160704202615,0.13799333572387695,23.549909591674805
run_1780059244_43271aeb,1780060907.0821316,1.0,524.0,2.0,0.09392404556274414,0.0,-6.3943352699279785,-9.590723037719727,-9.392404556274414,0.5795211791992188,-0.7778400778770447,0.008821726334872437,0.09392404556274414,23.549909591674805
run_1780059244_43271aeb,1780060909.0811315,1.0,524.0,2.0,0.005744457244873047,0.0,-6.493537425994873,0.08559814095497131,-0.5744457244873047,0.5122947692871094,0.14774906635284424,3.2998789038174436e-05,0.005744457244873047,23.549909591674805
run_1780059244_43271aeb,1780060911.0791326,1.0,524.0,2.0,-0.038336753845214844,0.0,-6.543128967285156,4.906550884246826,3.8336753845214844,0.47963741421699524,0.5932379961013794,0.001469706695388595,0.038336753845214844,23.549909591674805
run_1780059244_43271aeb,1780060913.0931315,1.0,524.0,2.0,-0.12648344039916992,0.0,-6.642293930053711,14.543793678283691,12.648344039916992,0.5077270269393921,1.3877228498458862,0.01599806069521037,0.12648344039916992,23.549909591674805
run_1780059244_43271aeb,1780060915.0885212,1.0,524.0,2.0,-0.12648344039916992,0.0,-6.642293930053711,14.474945068359375,12.648344039916992,0.5459117889404297,1.2806894779205322,0.01599806069521037,0.12648344039916992,23.549909591674805
run_1780059244_43271aeb,1780060917.086523,1.0,524.0,2.0,-0.25869035720825195,0.0,-6.791026592254639,28.918418884277344,25.869035720825195,0.614372193813324,2.435009479522705,0.066920700912533,0.25869035720825195,23.549909591674805
run_1780059244_43271aeb,1780060919.0812144,1.0,524.0,2.0,-0.25869035720825195,0.0,-6.791026592254639,28.80012321472168,25.869035720825195,0.7030212879180908,2.2280664443969727,0.066920700912533,0.25869035720825195,23.549909591674805
run_1780059244_43271aeb,1780060921.0812147,1.0,524.0,2.0,-0.3027677536010742,0.0,-6.84061336517334,33.526371002197266,30.276775360107422,0.8084875345230103,2.441107749938965,0.09166831262064079,0.3027677536010742,23.549909591674805
run_1780059244_43271aeb,1780060923.0932145,1.0,524.0,2.0,-0.3468303680419922,0.0,-6.89018440246582,38.23750305175781,34.68303680419922,0.9375022053718567,2.6169629096984863,0.12029130419614376,0.3468303680419922,23.549909591674805
run_1780059244_43271aeb,1780060925.091651,nan,nan,nan,-0.39092063903808594,nan,-6.939785957336426,nan,nan,nan,nan,nan,nan,23.549909591674805
