run_id,timestamp,kp,ki,kd,temp,temp_ref,temp_raw,temp_u,temp_u_p,temp_u_i,temp_u_d,sq_error,mae,start_temp
run_1780137330_43fdc34b,1780137811.8763237,2.0,995.0,1.0,22.394840240478516,0.0,18.694194793701172,-100.0,-100.0,0.0,0.32973945140838623,501.5288693965558,22.394840240478516,22.394840240478516
run_1780137330_43fdc34b,1780137813.576187,2.0,995.0,1.0,22.394840240478516,0.0,18.694194793701172,-100.0,-100.0,0.0,0.29828575253486633,501.5288693965558,22.394840240478516,22.394840240478516
run_1780137330_43fdc34b,1780137815.5737574,2.0,995.0,1.0,22.350419998168945,0.0,18.644222259521484,-100.0,-100.0,0.0,0.3792254626750946,499.5412740945503,22.350419998168945,22.394840240478516
run_1780137330_43fdc34b,1780137817.585781,2.0,995.0,1.0,22.350419998168945,0.0,18.644222259521484,-100.0,-100.0,0.0,0.34305137395858765,499.5412740945503,22.350419998168945,22.394840240478516
run_1780137330_43fdc34b,1780137819.5810056,2.0,995.0,1.0,22.217159271240234,0.0,18.49430274963379,-100.0,-100.0,0.0,0.6321182250976562,493.6021660836559,22.217159271240234,22.394840240478516
run_1780137330_43fdc34b,1780137821.5874796,2.0,995.0,1.0,22.172725677490234,0.0,18.44431495666504,-100.0,-100.0,0.0,0.6790747046470642,491.6297639692348,22.172725677490234,22.394840240478516
run_1780137330_43fdc34b,1780137823.5840795,2.0,995.0,1.0,22.03950309753418,0.0,18.29444122314453,-100.0,-100.0,0.0,0.9360016584396362,485.7396967862187,22.03950309753418,22.394840240478516
run_1780137330_43fdc34b,1780137825.5829444,2.0,995.0,1.0,21.995086669921875,0.0,18.24447250366211,-100.0,-100.0,0.0,0.9539294242858887,483.78383761737496,21.995086669921875,22.394840240478516
run_1780137330_43fdc34b,1780137827.5789444,2.0,995.0,1.0,21.817445755004883,0.0,18.044626235961914,-100.0,-100.0,0.0,1.287644386291504,476.0009392725806,21.817445755004883,22.394840240478516
run_1780137330_43fdc34b,1780137829.5757735,2.0,995.0,1.0,21.77306365966797,0.0,17.99469566345215,-100.0,-100.0,0.0,1.2719464302062988,474.0663011279539,21.77306365966797,22.394840240478516
run_1780137330_43fdc34b,1780137831.580491,2.0,995.0,1.0,21.59540557861328,0.0,17.794830322265625,-100.0,-100.0,0.0,1.5753623247146606,466.36154210480163,21.59540557861328,22.394840240478516
run_1780137330_43fdc34b,1780137833.576758,2.0,995.0,1.0,21.551025390625,0.0,17.744903564453125,-100.0,-100.0,0.0,1.5322142839431763,464.44669538736343,21.551025390625,22.394840240478516
run_1780137330_43fdc34b,1780137835.587648,2.0,995.0,1.0,21.417802810668945,0.0,17.595027923583984,-100.0,-100.0,0.0,1.7077561616897583,458.7222772366986,21.417802810668945,22.394840240478516
run_1780137330_43fdc34b,1780137837.580724,2.0,995.0,1.0,21.373382568359375,0.0,17.545055389404297,-100.0,-100.0,0.0,1.6520755290985107,456.8214824134484,21.373382568359375,22.394840240478516
run_1780137330_43fdc34b,1780137839.5749295,2.0,995.0,1.0,21.195819854736328,0.0,17.345298767089844,-100.0,-100.0,0.0,1.9190006256103516,449.26277931443474,21.195819854736328,22.394840240478516
run_1780137330_43fdc34b,1780137841.5837123,2.0,995.0,1.0,21.151405334472656,0.0,17.295330047607422,-100.0,-100.0,0.0,1.843156099319458,447.38194762315834,21.151405334472656,22.394840240478516
run_1780137330_43fdc34b,1780137843.5765247,2.0,995.0,1.0,21.107013702392578,0.0,17.245391845703125,-100.0,-100.0,0.0,1.7702791690826416,445.50602743298805,21.107013702392578,22.394840240478516
run_1780137330_43fdc34b,1780137845.585106,2.0,995.0,1.0,20.973798751831055,0.0,17.095523834228516,-100.0,-100.0,0.0,1.9104526042938232,439.9002340823099,20.973798751831055,22.394840240478516
run_1780137330_43fdc34b,1780137847.5827823,2.0,995.0,1.0,20.929414749145508,0.0,17.045591354370117,-100.0,-100.0,0.0,1.8311387300491333,438.0404017417495,20.929414749145508,22.394840240478516
run_1780137330_43fdc34b,1780137849.5737176,2.0,995.0,1.0,20.796220779418945,0.0,16.895748138427734,-100.0,-100.0,0.0,1.9654605388641357,432.4827987063363,20.796220779418945,22.394840240478516
run_1780137330_43fdc34b,1780137851.5883813,2.0,995.0,1.0,20.751853942871094,0.0,16.845834732055664,-100.0,-100.0,0.0,1.8808597326278687,430.63944206625456,20.751853942871094,22.394840240478516
run_1780137330_43fdc34b,1780137853.5805328,2.0,995.0,1.0,20.663061141967773,0.0,16.745943069458008,-100.0,-100.0,0.0,1.909515619277954,426.96209575669855,20.663061141967773,22.394840240478516
run_1780137330_43fdc34b,1780137855.573418,2.0,995.0,1.0,20.57428741455078,0.0,16.646072387695312,-100.0,-100.0,0.0,1.933227300643921,423.30130261654267,20.57428741455078,22.394840240478516
run_1780137330_43fdc34b,1780137857.5841746,2.0,995.0,1.0,20.48548698425293,0.0,16.546173095703125,-100.0,-100.0,0.0,1.9569109678268433,419.6551769819962,20.48548698425293,22.394840240478516
run_1780137330_43fdc34b,1780137859.5819376,2.0,995.0,1.0,20.48548698425293,0.0,16.546173095703125,-100.0,-100.0,0.0,1.770242691040039,419.6551769819962,20.48548698425293,22.394840240478516
run_1780137330_43fdc34b,1780137861.577877,2.0,995.0,1.0,20.35234260559082,0.0,16.396385192871094,-100.0,-100.0,0.0,1.9102559089660645,414.21784953534734,20.35234260559082,22.394840240478516
run_1780137330_43fdc34b,1780137863.5742824,2.0,995.0,1.0,20.307950973510742,0.0,16.346445083618164,-100.0,-100.0,0.0,1.830978512763977,412.4128727425159,20.307950973510742,22.394840240478516
run_1780137330_43fdc34b,1780137865.5877764,2.0,995.0,1.0,20.26357650756836,0.0,16.296524047851562,-100.0,-100.0,0.0,1.7571806907653809,410.6125328780763,20.26357650756836,22.394840240478516
run_1780137330_43fdc34b,1780137867.579501,2.0,995.0,1.0,20.219173431396484,0.0,16.246570587158203,-100.0,-100.0,0.0,1.6925314664840698,408.8149742488895,20.219173431396484,22.394840240478516
run_1780137330_43fdc34b,1780137869.575803,2.0,995.0,1.0,20.086040496826172,0.0,16.09679412841797,-100.0,-100.0,0.0,1.839930534362793,403.44902284014097,20.086040496826172,22.394840240478516
run_1780137330_43fdc34b,1780137871.5890734,2.0,995.0,1.0,20.04165267944336,0.0,16.046859741210938,-100.0,-100.0,0.0,1.7694370746612549,401.6678421234392,20.04165267944336,22.394840240478516
run_1780137330_43fdc34b,1780137873.5797052,2.0,995.0,1.0,19.99725341796875,0.0,15.996910095214844,-100.0,-100.0,0.0,1.7015663385391235,399.89014426246285,19.99725341796875,22.394840240478516
run_1780137330_43fdc34b,1780137875.5846884,2.0,995.0,1.0,19.952898025512695,0.0,15.947010040283203,-100.0,-100.0,0.0,1.6441947221755981,398.1181396165084,19.952898025512695,22.394840240478516
run_1780137330_43fdc34b,1780137877.5796266,2.0,995.0,1.0,19.864131927490234,0.0,15.847146987915039,-100.0,-100.0,0.0,1.6953636407852173,394.5837372327369,19.864131927490234,22.394840240478516
run_1780137330_43fdc34b,1780137879.5843532,2.0,995.0,1.0,19.864131927490234,0.0,15.847146987915039,-100.0,-100.0,0.0,1.5336440801620483,394.5837372327369,19.864131927490234,22.394840240478516
run_1780137330_43fdc34b,1780137881.5794125,2.0,995.0,1.0,19.775381088256836,0.0,15.74730396270752,-100.0,-100.0,0.0,1.5953232049942017,391.0656971857861,19.775381088256836,22.394840240478516
run_1780137330_43fdc34b,1780137883.5755582,2.0,995.0,1.0,19.775381088256836,0.0,15.74730396270752,-100.0,-100.0,0.0,1.4431458711624146,391.0656971857861,19.775381088256836,22.394840240478516
run_1780137330_43fdc34b,1780137885.5785851,2.0,995.0,1.0,19.686634063720703,0.0,15.647462844848633,-100.0,-100.0,0.0,1.5134466886520386,387.5635607588483,19.686634063720703,22.394840240478516
run_1780137330_43fdc34b,1780137887.5841358,2.0,995.0,1.0,19.64223861694336,0.0,15.597518920898438,-100.0,-100.0,0.0,1.474114179611206,385.817537884941,19.64223861694336,22.394840240478516
run_1780137330_43fdc34b,1780137889.5795696,2.0,995.0,1.0,19.597858428955078,0.0,15.547592163085938,-100.0,-100.0,0.0,1.4406238794326782,384.0760550013656,19.597858428955078,22.394840240478516
run_1780137330_43fdc34b,1780137891.5786636,2.0,995.0,1.0,19.64223861694336,0.0,15.597518920898438,-100.0,-100.0,0.0,1.1982051134109497,385.817537884941,19.64223861694336,22.394840240478516
run_1780137330_43fdc34b,1780137893.5778677,2.0,995.0,1.0,19.509103775024414,0.0,15.447741508483887,-100.0,-100.0,0.0,1.3927650451660156,380.60513010467184,19.509103775024414,22.394840240478516
run_1780137330_43fdc34b,1780137895.5876915,2.0,995.0,1.0,19.509103775024414,0.0,15.447741508483887,-100.0,-100.0,0.0,1.259909987449646,380.60513010467184,19.509103775024414,22.394840240478516
run_1780137330_43fdc34b,1780137897.586065,2.0,995.0,1.0,19.46475601196289,0.0,15.397850036621094,-100.0,-100.0,0.0,1.2405253648757935,378.8767266052455,19.46475601196289,22.394840240478516
run_1780137330_43fdc34b,1780137899.5832415,2.0,995.0,1.0,19.420364379882812,0.0,15.347909927368164,-100.0,-100.0,0.0,1.2272177934646606,377.15055264742114,19.420364379882812,22.394840240478516
run_1780137330_43fdc34b,1780137901.5772867,2.0,995.0,1.0,19.37600326538086,0.0,15.298004150390625,-100.0,-100.0,0.0,1.210982084274292,375.4295025400497,19.37600326538086,22.394840240478516
run_1780137330_43fdc34b,1780137903.5892968,2.0,995.0,1.0,19.331626892089844,0.0,15.24808120727539,-100.0,-100.0,0.0,1.2004567384719849,373.71179829497123,19.331626892089844,22.394840240478516
run_1780137330_43fdc34b,1780137905.5784614,2.0,995.0,1.0,19.287267684936523,0.0,15.198176383972168,-100.0,-100.0,0.0,1.1951885223388672,371.9986947503967,19.287267684936523,22.394840240478516
run_1780137330_43fdc34b,1780137907.5737467,2.0,995.0,1.0,19.287267684936523,0.0,15.198176383972168,-100.0,-100.0,0.0,1.0811799764633179,371.9986947503967,19.287267684936523,22.394840240478516
run_1780137330_43fdc34b,1780137909.587745,2.0,995.0,1.0,19.24289321899414,0.0,15.148255348205566,-100.0,-100.0,0.0,1.0789053440093994,370.2889394376107,19.24289321899414,22.394840240478516
run_1780137330_43fdc34b,1780137911.5834112,2.0,995.0,1.0,19.198535919189453,0.0,15.098352432250977,-100.0,-100.0,0.0,1.0809334516525269,368.5837814404076,19.198535919189453,22.394840240478516
run_1780137330_43fdc34b,1780137913.588154,2.0,995.0,1.0,19.15414810180664,0.0,15.048417091369629,-100.0,-100.0,0.0,1.0871366262435913,366.88138950594293,19.15414810180664,22.394840240478516
run_1780137330_43fdc34b,1780137915.58136,2.0,995.0,1.0,19.15414810180664,0.0,15.048417091369629,-100.0,-100.0,0.0,0.9834354519844055,366.88138950594293,19.15414810180664,22.394840240478516
run_1780137330_43fdc34b,1780137917.577041,2.0,995.0,1.0,19.10977554321289,0.0,14.998497009277344,-100.0,-100.0,0.0,0.9904800653457642,365.18352131197753,19.10977554321289,22.394840240478516
run_1780137330_43fdc34b,1780137919.5868027,2.0,995.0,1.0,19.065420150756836,0.0,14.948596954345703,-100.0,-100.0,0.0,1.0009381771087646,363.4902455248848,19.065420150756836,22.394840240478516
run_1780137330_43fdc34b,1780137921.5823898,2.0,995.0,1.0,19.02104949951172,0.0,14.898679733276367,-100.0,-100.0,0.0,1.014730453491211,361.800324062875,19.02104949951172,22.394840240478516
run_1780137330_43fdc34b,1780137923.574604,2.0,995.0,1.0,19.02104949951172,0.0,14.898679733276367,-100.0,-100.0,0.0,0.9179359078407288,361.800324062875,19.02104949951172,22.394840240478516
run_1780137330_43fdc34b,1780137925.5793142,2.0,995.0,1.0,18.932308197021484,0.0,14.798848152160645,-100.0,-100.0,0.0,1.0425395965576172,358.4322936670069,18.932308197021484,22.394840240478516
run_1780137330_43fdc34b,1780137927.5763378,2.0,995.0,1.0,18.932308197021484,0.0,14.798848152160645,-100.0,-100.0,0.0,0.9430921673774719,358.4322936670069,18.932308197021484,22.394840240478516
run_1780137330_43fdc34b,1780137929.5856373,2.0,995.0,1.0,18.843589782714844,0.0,14.699037551879883,-100.0,-100.0,0.0,1.0652425289154053,355.08087589923525,18.843589782714844,22.394840240478516
run_1780137330_43fdc34b,1780137931.5774534,2.0,995.0,1.0,18.799236297607422,0.0,14.649140357971191,-100.0,-100.0,0.0,1.068565011024475,353.4112853732804,18.799236297607422,22.394840240478516
run_1780137330_43fdc34b,1780137933.588545,2.0,995.0,1.0,18.754871368408203,0.0,14.599228858947754,-100.0,-100.0,0.0,1.0758922100067139,351.7452000455378,18.754871368408203,22.394840240478516
run_1780137330_43fdc34b,1780137935.5847847,2.0,995.0,1.0,18.710519790649414,0.0,14.549334526062012,-100.0,-100.0,0.0,1.0781941413879395,350.0835508362834,18.710519790649414,22.394840240478516
run_1780137330_43fdc34b,1780137937.5809462,2.0,995.0,1.0,18.621774673461914,0.0,14.449496269226074,-100.0,-100.0,0.0,1.1875144243240356,346.7704919891876,18.621774673461914,22.394840240478516
run_1780137330_43fdc34b,1780137939.5755694,2.0,995.0,1.0,18.577425003051758,0.0,14.399602890014648,-100.0,-100.0,0.0,1.179164171218872,345.1207197440126,18.577425003051758,22.394840240478516
run_1780137330_43fdc34b,1780137941.5884757,2.0,995.0,1.0,18.48871612548828,0.0,14.2998046875,-100.0,-100.0,0.0,1.2787686586380005,341.8326239688904,18.48871612548828,22.394840240478516
run_1780137330_43fdc34b,1780137943.5835404,2.0,995.0,1.0,18.444351196289062,0.0,14.249896049499512,-100.0,-100.0,0.0,1.2617501020431519,340.19409105204977,18.444351196289062,22.394840240478516
run_1780137330_43fdc34b,1780137945.5766413,2.0,995.0,1.0,18.31130027770996,0.0,14.100213050842285,-100.0,-100.0,0.0,1.456299901008606,335.3037178604609,18.31130027770996,22.394840240478516
run_1780137330_43fdc34b,1780137947.5754905,2.0,995.0,1.0,18.26692771911621,0.0,14.05029296875,-100.0,-100.0,0.0,1.422364592552185,333.6806482954162,18.26692771911621,22.394840240478516
run_1780137330_43fdc34b,1780137949.5829284,2.0,995.0,1.0,18.17819595336914,0.0,13.950470924377441,-100.0,-100.0,0.0,1.4988272190093994,330.4468081190862,18.17819595336914,22.394840240478516
run_1780137330_43fdc34b,1780137951.5809312,2.0,995.0,1.0,18.089496612548828,0.0,13.85068416595459,-100.0,-100.0,0.0,1.5699572563171387,327.2298876954155,18.089496612548828,22.394840240478516
run_1780137330_43fdc34b,1780137953.5767329,2.0,995.0,1.0,18.000816345214844,0.0,13.750919342041016,-100.0,-100.0,0.0,1.6322169303894043,324.0293890941539,18.000816345214844,22.394840240478516
run_1780137330_43fdc34b,1780137955.5840821,2.0,995.0,1.0,17.91212272644043,0.0,13.651138305664062,-100.0,-100.0,0.0,1.6906089782714844,320.84414056706373,17.91212272644043,22.394840240478516
run_1780137330_43fdc34b,1780137957.5810533,2.0,995.0,1.0,17.779064178466797,0.0,13.501448631286621,-100.0,-100.0,0.0,1.8506476879119873,316.09512306204124,17.779064178466797,22.394840240478516
run_1780137330_43fdc34b,1780137959.5768652,2.0,995.0,1.0,17.73471450805664,0.0,13.451554298400879,-100.0,-100.0,0.0,1.7811663150787354,314.5200986822747,17.73471450805664,22.394840240478516
run_1780137330_43fdc34b,1780137961.582251,2.0,995.0,1.0,17.601665496826172,0.0,13.301875114440918,-100.0,-100.0,0.0,1.926169753074646,309.8186282621609,17.601665496826172,22.394840240478516
run_1780137330_43fdc34b,1780137963.5746012,2.0,995.0,1.0,17.512983322143555,0.0,13.202106475830078,-100.0,-100.0,0.0,1.9564945697784424,306.7045848416783,17.512983322143555,22.394840240478516
run_1780137330_43fdc34b,1780137965.5865304,2.0,995.0,1.0,17.379974365234375,0.0,13.052472114562988,-100.0,-100.0,0.0,2.0910515785217285,302.063508936204,17.379974365234375,22.394840240478516
run_1780137330_43fdc34b,1780137967.583655,2.0,995.0,1.0,17.335643768310547,0.0,13.00260066986084,-100.0,-100.0,0.0,1.9985920190811157,300.5245448617643,17.335643768310547,22.394840240478516
run_1780137330_43fdc34b,1780137969.5781496,2.0,995.0,1.0,17.202613830566406,0.0,12.852941513061523,-100.0,-100.0,0.0,2.1228063106536865,295.9299226035946,17.202613830566406,22.394840240478516
run_1780137330_43fdc34b,1780137971.5866396,2.0,995.0,1.0,17.11394500732422,0.0,12.753189086914062,-100.0,-100.0,0.0,2.1343417167663574,292.88711371371755,17.11394500732422,22.394840240478516
run_1780137330_43fdc34b,1780137973.5849717,2.0,995.0,1.0,16.980924606323242,0.0,12.603540420532227,-100.0,-100.0,0.0,2.2519583702087402,288.35180048563416,16.980924606323242,22.394840240478516
run_1780137330_43fdc34b,1780137975.5800984,2.0,995.0,1.0,16.892263412475586,0.0,12.503795623779297,-100.0,-100.0,0.0,2.2511556148529053,285.3485631964613,16.892263412475586,22.394840240478516
run_1780137330_43fdc34b,1780137977.5745041,2.0,995.0,1.0,16.803573608398438,0.0,12.404019355773926,-100.0,-100.0,0.0,2.242084503173828,282.3600860128645,16.803573608398438,22.394840240478516
run_1780137330_43fdc34b,1780137979.5896423,2.0,995.0,1.0,16.670597076416016,0.0,12.25442123413086,-100.0,-100.0,0.0,2.3367016315460205,277.9088068842102,16.670597076416016,22.394840240478516
run_1780137330_43fdc34b,1780137981.5806367,2.0,995.0,1.0,16.626277923583984,0.0,12.204562187194824,-100.0,-100.0,0.0,2.2165775299072266,276.43311759225617,16.626277923583984,22.394840240478516
run_1780137330_43fdc34b,1780137983.5780602,2.0,995.0,1.0,16.40460205078125,0.0,11.955178260803223,-100.0,-100.0,0.0,2.521479368209839,269.1109684444964,16.40460205078125,22.394840240478516
run_1780137330_43fdc34b,1780137985.5777516,2.0,995.0,1.0,16.315956115722656,0.0,11.855451583862305,-100.0,-100.0,0.0,2.4865198135375977,266.21042397018755,16.315956115722656,22.394840240478516
run_1780137330_43fdc34b,1780137987.574017,2.0,995.0,1.0,16.138690948486328,0.0,11.656026840209961,-100.0,-100.0,0.0,2.664724588394165,260.45734553075454,16.138690948486328,22.394840240478516
run_1780137330_43fdc34b,1780137989.584022,2.0,995.0,1.0,16.0500545501709,0.0,11.556310653686523,-100.0,-100.0,0.0,2.6160786151885986,257.60425106346156,16.0500545501709,22.394840240478516
run_1780137330_43fdc34b,1780137991.5814166,2.0,995.0,1.0,15.872759819030762,0.0,11.356854438781738,-100.0,-100.0,0.0,2.7819924354553223,251.94450427263746,15.872759819030762,22.394840240478516
run_1780137330_43fdc34b,1780137993.5795567,2.0,995.0,1.0,15.784130096435547,0.0,11.257145881652832,-100.0,-100.0,0.0,2.7221455574035645,249.13876290120243,15.784130096435547,22.394840240478516
run_1780137330_43fdc34b,1780137995.5749707,2.0,995.0,1.0,15.606865882873535,0.0,11.057723999023438,-100.0,-100.0,0.0,2.87787127494812,243.57426268600193,15.606865882873535,22.394840240478516
run_1780137330_43fdc34b,1780137997.583022,2.0,995.0,1.0,15.518245697021484,0.0,10.958025932312012,-100.0,-100.0,0.0,2.8088557720184326,240.81594951312582,15.518245697021484,22.394840240478516
run_1780137330_43fdc34b,1780137999.5769558,2.0,995.0,1.0,15.34096908569336,0.0,10.758589744567871,-100.0,-100.0,0.0,2.956343412399292,235.34533248819935,15.34096908569336,22.394840240478516
run_1780137330_43fdc34b,1780138001.5859506,2.0,995.0,1.0,15.25235652923584,0.0,10.65890121459961,-100.0,-100.0,0.0,2.879824638366699,232.63437969492315,15.25235652923584,22.394840240478516
run_1780137330_43fdc34b,1780138003.577408,2.0,995.0,1.0,15.075139045715332,0.0,10.459531784057617,-100.0,-100.0,0.0,3.0204010009765625,227.25981724765097,15.075139045715332,22.394840240478516
run_1780137330_43fdc34b,1780138005.58842,2.0,995.0,1.0,15.030815124511719,0.0,10.409667015075684,-100.0,-100.0,0.0,2.8371522426605225,225.92540330725024,15.030815124511719,22.394840240478516
run_1780137330_43fdc34b,1780138007.5858538,2.0,995.0,1.0,14.764999389648438,0.0,10.110624313354492,-100.0,-100.0,0.0,3.1894173622131348,218.00520697631873,14.764999389648438,22.394840240478516
run_1780137330_43fdc34b,1780138009.5820658,2.0,995.0,1.0,14.676403999328613,0.0,10.010954856872559,-100.0,-100.0,0.0,3.0947868824005127,215.39683435150891,14.676403999328613,22.394840240478516
run_1780137330_43fdc34b,1780138011.574367,2.0,995.0,1.0,14.499221801757812,0.0,9.811623573303223,-100.0,-100.0,0.0,3.2272591590881348,210.22743285656907,14.499221801757812,22.394840240478516
run_1780137330_43fdc34b,1780138013.5886173,2.0,995.0,1.0,14.410621643066406,0.0,9.711949348449707,-100.0,-100.0,0.0,3.129031181335449,207.66601613961393,14.410621643066406,22.394840240478516
run_1780137330_43fdc34b,1780138015.584947,2.0,995.0,1.0,14.233454704284668,0.0,9.512636184692383,-100.0,-100.0,0.0,3.245718002319336,202.59123281892334,14.233454704284668,22.394840240478516
run_1780137330_43fdc34b,1780138017.5768998,2.0,995.0,1.0,14.14484691619873,0.0,9.412952423095703,-100.0,-100.0,0.0,3.1457464694976807,200.07669428269674,14.14484691619873,22.394840240478516
run_1780137330_43fdc34b,1780138019.585432,2.0,995.0,1.0,13.923418045043945,0.0,9.163846015930176,-100.0,-100.0,0.0,3.3676788806915283,193.86157005705536,13.923418045043945,22.394840240478516
run_1780137330_43fdc34b,1780138021.581791,2.0,995.0,1.0,13.834835052490234,0.0,9.064188957214355,-100.0,-100.0,0.0,3.256014823913574,191.40266092961247,13.834835052490234,22.394840240478516
run_1780137330_43fdc34b,1780138023.5788484,2.0,995.0,1.0,13.657672882080078,0.0,8.864882469177246,-100.0,-100.0,0.0,3.360579490661621,186.53202855390555,13.657672882080078,22.394840240478516
run_1780137330_43fdc34b,1780138025.5753677,2.0,995.0,1.0,13.569112777709961,0.0,8.765252113342285,-100.0,-100.0,0.0,3.2495386600494385,184.12082157421173,13.569112777709961,22.394840240478516
run_1780137330_43fdc34b,1780138027.5831072,2.0,995.0,1.0,13.347726821899414,0.0,8.516192436218262,-100.0,-100.0,0.0,3.4677093029022217,178.16181131205303,13.347726821899414,22.394840240478516
run_1780137330_43fdc34b,1780138029.5782826,2.0,995.0,1.0,13.259162902832031,0.0,8.416558265686035,-100.0,-100.0,0.0,3.3464584350585938,175.80540088383714,13.259162902832031,22.394840240478516
run_1780137330_43fdc34b,1780138031.5856202,2.0,995.0,1.0,13.082035064697266,0.0,8.217289924621582,-100.0,-100.0,0.0,3.4466397762298584,171.1396414339688,13.082035064697266,22.394840240478516
run_1780137330_43fdc34b,1780138033.5810807,2.0,995.0,1.0,12.949228286743164,0.0,8.06788158416748,-100.0,-100.0,0.0,3.4320719242095947,167.6825132221893,12.949228286743164,22.394840240478516
run_1780137330_43fdc34b,1780138035.5791113,2.0,995.0,1.0,12.77212142944336,0.0,7.868636131286621,-100.0,-100.0,0.0,3.5240423679351807,163.12708580844628,12.77212142944336,22.394840240478516
run_1780137330_43fdc34b,1780138037.5767155,2.0,995.0,1.0,12.683572769165039,0.0,7.769019603729248,-100.0,-100.0,0.0,3.3973817825317383,160.8730181907049,12.683572769165039,22.394840240478516
run_1780137330_43fdc34b,1780138039.5742245,2.0,995.0,1.0,12.506511688232422,0.0,7.569826126098633,-100.0,-100.0,0.0,3.4925498962402344,156.41283460789418,12.506511688232422,22.394840240478516
run_1780137330_43fdc34b,1780138041.5827584,2.0,995.0,1.0,12.462226867675781,0.0,7.520005702972412,-100.0,-100.0,0.0,3.264169692993164,155.3070985014201,12.462226867675781,22.394840240478516
run_1780137330_43fdc34b,1780138043.5782003,2.0,995.0,1.0,12.196659088134766,0.0,7.221240997314453,-100.0,-100.0,0.0,3.5900161266326904,148.75849291218037,12.196659088134766,22.394840240478516
run_1780137330_43fdc34b,1780138045.5865922,2.0,995.0,1.0,12.10812759399414,0.0,7.121643543243408,-100.0,-100.0,0.0,3.457021713256836,146.60675383244234,12.10812759399414,22.394840240478516
run_1780137330_43fdc34b,1780138047.580822,2.0,995.0,1.0,11.931102752685547,0.0,6.922489643096924,-100.0,-100.0,0.0,3.546414613723755,142.35121289514063,11.931102752685547,22.394840240478516
run_1780137330_43fdc34b,1780138049.588973,2.0,995.0,1.0,11.886825561523438,0.0,6.872678279876709,-100.0,-100.0,0.0,3.3128790855407715,141.29662193008699,11.886825561523438,22.394840240478516
run_1780137330_43fdc34b,1780138051.5837412,2.0,995.0,1.0,11.70981216430664,0.0,6.6735382080078125,-100.0,-100.0,0.0,3.4075980186462402,137.11970092334377,11.70981216430664,22.394840240478516
run_1780137330_43fdc34b,1780138053.5812204,2.0,995.0,1.0,11.577066421508789,0.0,6.524200439453125,-100.0,-100.0,0.0,3.3966102600097656,134.02846692802632,11.577066421508789,22.394840240478516
run_1780137330_43fdc34b,1780138055.5769145,2.0,995.0,1.0,11.400043487548828,0.0,6.325048923492432,-100.0,-100.0,0.0,3.4917638301849365,129.96099151800445,11.400043487548828,22.394840240478516
run_1780137330_43fdc34b,1780138057.5891626,2.0,995.0,1.0,11.355775833129883,0.0,6.275247097015381,-100.0,-100.0,0.0,3.263418674468994,128.95364477229668,11.355775833129883,22.394840240478516
run_1780137330_43fdc34b,1780138059.5844984,2.0,995.0,1.0,11.090322494506836,0.0,5.976613521575928,-100.0,-100.0,0.0,3.5804097652435303,122.99525303216433,11.090322494506836,22.394840240478516
run_1780137330_43fdc34b,1780138061.5824997,2.0,995.0,1.0,11.001839637756348,0.0,5.877069473266602,-100.0,-100.0,0.0,3.448216199874878,121.04047541490672,11.001839637756348,22.394840240478516
run_1780137330_43fdc34b,1780138063.5766504,2.0,995.0,1.0,10.780590057373047,0.0,5.628164291381836,-100.0,-100.0,0.0,3.6577978134155273,116.2211219851306,10.780590057373047,22.394840240478516
run_1780137330_43fdc34b,1780138065.587691,2.0,995.0,1.0,10.692117691040039,0.0,5.528631687164307,-100.0,-100.0,0.0,3.518198013305664,114.32138071905138,10.692117691040039,22.394840240478516
run_1780137330_43fdc34b,1780138067.580506,2.0,995.0,1.0,10.515192031860352,0.0,5.329590797424316,-100.0,-100.0,0.0,3.6055941581726074,110.56926346689943,10.515192031860352,22.394840240478516
run_1780137330_43fdc34b,1780138069.579554,2.0,995.0,1.0,10.42669677734375,0.0,5.2300333976745605,-100.0,-100.0,0.0,3.4710283279418945,108.71600568667054,10.42669677734375,22.394840240478516
run_1780137330_43fdc34b,1780138071.5760324,2.0,995.0,1.0,10.205520629882812,0.0,4.981210231781006,-100.0,-100.0,0.0,3.6718978881835938,104.15265132696368,10.205520629882812,22.394840240478516
run_1780137330_43fdc34b,1780138073.5896542,2.0,995.0,1.0,10.161300659179688,0.0,4.931462287902832,-100.0,-100.0,0.0,3.4262566566467285,103.25203108624555,10.161300659179688,22.394840240478516
run_1780137330_43fdc34b,1780138075.584329,2.0,995.0,1.0,9.895941734313965,0.0,4.6329345703125,-100.0,-100.0,0.0,3.7338449954986572,97.92966280893688,9.895941734313965,22.394840240478516
run_1780137330_43fdc34b,1780138077.790133,20.0,608.0,48.0,9.807479858398438,0.0,4.5334153175354,-31.965578079223633,-49.03739929199219,-0.14561299979686737,17.217437744140625,96.18666117289104,9.807479858398438,22.394840240478516
run_1780137330_43fdc34b,1780138079.5781326,20.0,608.0,48.0,9.630563735961914,0.0,4.334384441375732,-30.883031845092773,-48.1528205871582,-0.30502885580062866,17.574817657470703,92.7477578724247,9.630563735961914,22.394840240478516
run_1780137330_43fdc34b,1780138081.587458,20.0,608.0,48.0,9.497883796691895,0.0,4.185119152069092,-30.54642677307129,-47.489418029785156,-0.4621170461177826,17.40511131286621,90.20979661546244,9.497883796691895,22.394840240478516
run_1780137330_43fdc34b,1780138083.5815454,20.0,608.0,48.0,9.32103157043457,0.0,3.9861607551574707,-29.447662353515625,-46.60515594482422,-0.6168779134750366,17.77437400817871,86.88162953703795,9.32103157043457,22.394840240478516
run_1780137330_43fdc34b,1780138085.5786276,20.0,608.0,48.0,9.276808738708496,0.0,3.9364099502563477,-30.56267547607422,-46.3840446472168,-0.7698938250541687,16.591262817382812,86.05918037457832,9.276808738708496,22.394840240478516
run_1780137330_43fdc34b,1780138087.5787034,20.0,608.0,48.0,9.01148796081543,0.0,3.6379237174987793,-27.95439910888672,-45.05744171142578,-0.9198539853096008,18.02289581298828,81.20691526792143,9.01148796081543,22.394840240478516
run_1780137330_43fdc34b,1780138089.5776062,20.0,608.0,48.0,8.96729850769043,0.0,3.588210344314575,-29.088581085205078,-44.83649444580078,-1.0677778720855713,16.815690994262695,80.41244252602701,8.96729850769043,22.394840240478516
run_1780137330_43fdc34b,1780138091.5880003,20.0,608.0,48.0,8.74625015258789,0.0,3.339531183242798,-27.1512393951416,-43.73125076293945,-1.2141027450561523,17.79411506652832,76.4968917316437,8.74625015258789,22.394840240478516
run_1780137330_43fdc34b,1780138093.5799897,20.0,608.0,48.0,8.702033996582031,0.0,3.289788246154785,-28.2587890625,-43.510169982910156,-1.3576642274856567,16.60904884338379,75.72539567766944,8.702033996582031,22.394840240478516
run_1780137330_43fdc34b,1780138095.5773976,20.0,608.0,48.0,8.525186538696289,0.0,3.090834617614746,-27.101146697998047,-42.62593460083008,-1.4988993406295776,17.023685455322266,72.67880551956841,8.525186538696289,22.394840240478516
run_1780137330_43fdc34b,1780138097.5892925,20.0,608.0,48.0,8.392584800720215,0.0,2.9416580200195312,-26.66500473022461,-41.96292495727539,-1.6382439136505127,16.9361629486084,70.43547963727997,8.392584800720215,22.394840240478516
run_1780137330_43fdc34b,1780138099.5852673,20.0,608.0,48.0,8.215742111206055,0.0,2.7427096366882324,-25.473421096801758,-41.078712463378906,-1.7752608060836792,17.380552291870117,67.49841843784452,8.215742111206055,22.394840240478516
run_1780137330_43fdc34b,1780138101.5805712,20.0,608.0,48.0,8.127345085144043,0.0,2.6432628631591797,-25.799715042114258,-40.63672637939453,-1.9098070859909058,16.74681854248047,66.05373813301503,8.127345085144043,22.394840240478516
run_1780137330_43fdc34b,1780138103.5762212,20.0,608.0,48.0,8.038980484008789,0.0,2.543853282928467,-26.10430145263672,-40.19490051269531,-2.0423195362091064,16.132919311523438,64.62520722227418,8.038980484008789,22.394840240478516
run_1780137330_43fdc34b,1780138105.586242,20.0,608.0,48.0,7.862157821655273,0.0,2.3449275493621826,-24.841447830200195,-39.310791015625,-2.173377275466919,16.642717361450195,61.813525612615194,7.862157821655273,22.394840240478516
run_1780137330_43fdc34b,1780138107.5826058,20.0,608.0,48.0,7.729557991027832,0.0,2.195753335952759,-24.357465744018555,-38.64779281616211,-2.3018171787261963,16.592144012451172,59.746066736662215,7.729557991027832,22.394840240478516
run_1780137330_43fdc34b,1780138109.5792572,20.0,608.0,48.0,7.641176700592041,0.0,2.0963239669799805,-24.60080909729004,-38.20588302612305,-2.4283652305603027,16.033437728881836,58.38758136967067,7.641176700592041,22.394840240478516
run_1780137330_43fdc34b,1780138111.5759454,20.0,608.0,48.0,7.597007751464844,0.0,2.04663348197937,-25.542842864990234,-37.98503875732422,-2.5534605979919434,14.995654106140137,57.71452677581692,7.597007751464844,22.394840240478516
run_1780137330_43fdc34b,1780138113.589492,20.0,608.0,48.0,7.331868648529053,0.0,1.7483525276184082,-22.757732391357422,-36.65934371948242,-2.675795316696167,16.577407836914062,53.75629787928324,7.331868648529053,22.394840240478516
run_1780137330_43fdc34b,1780138115.5868864,20.0,608.0,48.0,7.331868648529053,0.0,1.7483525276184082,-24.45963478088379,-36.65934371948242,-2.79638671875,14.996097564697266,53.75629787928324,7.331868648529053,22.394840240478516
run_1780137330_43fdc34b,1780138117.5763009,20.0,608.0,48.0,7.155088901519775,0.0,1.5494753122329712,-23.19523811340332,-35.77544403076172,-2.9140686988830566,15.49427318572998,51.195297188651466,7.155088901519775,22.394840240478516
run_1780137330_43fdc34b,1780138119.587163,20.0,608.0,48.0,7.066725254058838,0.0,1.4500659704208374,-23.364376068115234,-35.33362579345703,-3.030588388442993,14.99984073638916,49.93860581635295,7.066725254058838,22.394840240478516
run_1780137330_43fdc34b,1780138121.5785067,20.0,608.0,48.0,6.845804214477539,0.0,1.201529622077942,-21.363492965698242,-34.22902297973633,-3.143620491027832,16.0091495513916,46.865035342958436,6.845804214477539,22.394840240478516
run_1780137330_43fdc34b,1780138123.5752833,20.0,608.0,48.0,6.757449150085449,0.0,1.1021301746368408,-21.576786041259766,-33.78724670410156,-3.255051374435425,15.465513229370117,45.66311901599056,6.757449150085449,22.394840240478516
run_1780137330_43fdc34b,1780138125.5879061,20.0,608.0,48.0,6.5807342529296875,0.0,0.9033257961273193,-20.260412216186523,-32.90367126464844,-3.364595890045166,16.007856369018555,43.30606330768205,6.5807342529296875,22.394840240478516
run_1780137330_43fdc34b,1780138127.5835073,20.0,608.0,48.0,6.536581993103027,0.0,0.8536547422409058,-21.18284034729004,-32.68291091918945,-3.472252130508423,14.972323417663574,42.726904152558745,6.536581993103027,22.394840240478516
run_1780137330_43fdc34b,1780138129.576642,20.0,608.0,48.0,6.35984992980957,0.0,0.654830813407898,-19.8449649810791,-31.799251556396484,-3.577730178833008,15.532014846801758,40.447691129698796,6.35984992980957,22.394840240478516
run_1780137330_43fdc34b,1780138131.589615,20.0,608.0,48.0,6.227333068847656,0.0,0.5057496428489685,-19.291807174682617,-31.13666534423828,-3.6805896759033203,15.525446891784668,38.77967715036357,6.227333068847656,22.394840240478516
run_1780137330_43fdc34b,1780138133.587615,20.0,608.0,48.0,6.0948357582092285,0.0,0.35669058561325073,-18.73556137084961,-30.474180221557617,-3.781270980834961,15.519888877868652,37.14702291954586,6.0948357582092285,22.394840240478516
run_1780137330_43fdc34b,1780138135.5827794,20.0,608.0,48.0,6.006490707397461,0.0,0.257302463054657,-18.889995574951172,-30.032453536987305,-3.880350351333618,15.022807121276855,36.07793061805205,6.006490707397461,22.394840240478516
run_1780137330_43fdc34b,1780138137.578825,20.0,608.0,48.0,5.829834461212158,0.0,0.058563634753227234,-17.549455642700195,-29.149171829223633,-3.9771108627319336,15.576828002929688,33.986969845136855,5.829834461212158,22.394840240478516
run_1780137330_43fdc34b,1780138139.5771813,20.0,608.0,48.0,5.785650253295898,0.0,0.00885683298110962,-18.408084869384766,-28.928253173828125,-4.072561740875244,14.592729568481445,33.473748853462894,5.785650253295898,22.394840240478516
run_1780137330_43fdc34b,1780138141.5876038,20.0,608.0,48.0,5.609006881713867,0.0,-0.18986715376377106,-16.9936466217041,-28.045034408569336,-4.1661248207092285,15.217514038085938,31.46095819911352,5.609006881713867,22.394840240478516
run_1780137330_43fdc34b,1780138143.5833468,20.0,608.0,48.0,5.5648417472839355,0.0,-0.23955287039279938,-17.814680099487305,-27.824207305908203,-4.257944107055664,14.267473220825195,30.967463672314125,5.5648417472839355,22.394840240478516
run_1780137330_43fdc34b,1780138145.5797575,20.0,608.0,48.0,5.38819694519043,0.0,-0.43827831745147705,-16.424455642700195,-26.94098663330078,-4.3470025062561035,14.863533973693848,29.03266632015948,5.38819694519043,22.394840240478516
run_1780137330_43fdc34b,1780138147.5864396,20.0,608.0,48.0,5.3440351486206055,0.0,-0.4879609942436218,-17.20813751220703,-26.72017478942871,-4.435189247131348,13.947227478027344,28.558711669692457,5.3440351486206055,22.394840240478516
run_1780137330_43fdc34b,1780138149.5848734,20.0,608.0,48.0,5.1232590675354,0.0,-0.7363332509994507,-15.051441192626953,-25.616296768188477,-4.520326614379883,15.085183143615723,26.2477834730837,5.1232590675354,22.394840240478516
run_1780137330_43fdc34b,1780138151.5819283,20.0,608.0,48.0,5.1232590675354,0.0,-0.7363332509994507,-16.57467269897461,-25.616296768188477,-4.604592800140381,13.64621639251709,26.2477834730837,5.1232590675354,22.394840240478516
run_1780137330_43fdc34b,1780138153.5800972,20.0,608.0,48.0,4.902484893798828,0.0,-0.9847038984298706,-14.356237411499023,-24.51242446899414,-4.686532974243164,14.842719078063965,24.034358133925707,4.902484893798828,22.394840240478516
run_1780137330_43fdc34b,1780138155.5774016,20.0,608.0,48.0,4.858329772949219,0.0,-1.0343787670135498,-15.130062103271484,-24.291648864746094,-4.766729354858398,13.928316116333008,23.603368182724807,4.858329772949219,22.394840240478516
run_1780137330_43fdc34b,1780138157.576402,20.0,608.0,48.0,4.681757926940918,0.0,-1.2330224514007568,-13.667609214782715,-23.408790588378906,-4.844603061676025,14.585785865783691,21.918857286474122,4.681757926940918,22.394840240478516
run_1780137330_43fdc34b,1780138159.5900495,20.0,608.0,48.0,4.593454360961914,0.0,-1.3323642015457153,-13.690752983093262,-22.96727180480957,-4.9207329750061035,14.19725227355957,21.099822966240026,4.593454360961914,22.394840240478516
run_1780137330_43fdc34b,1780138161.5871732,20.0,608.0,48.0,4.461002826690674,0.0,-1.4813719987869263,-12.952277183532715,-22.305015563964844,-4.994977951049805,14.34771728515625,19.900546219742182,4.461002826690674,22.394840240478516
run_1780137330_43fdc34b,1780138163.582992,20.0,608.0,48.0,4.416855335235596,0.0,-1.5310379266738892,-13.671745300292969,-22.08427619934082,-5.067913055419922,13.480443954467773,19.508611052399147,4.416855335235596,22.394840240478516
run_1780137330_43fdc34b,1780138165.578205,20.0,608.0,48.0,4.240294933319092,0.0,-1.7296682596206665,-12.178699493408203,-21.201475143432617,-5.138236045837402,14.161009788513184,17.98010112153156,4.240294933319092,22.394840240478516
run_1780137330_43fdc34b,1780138167.5760844,20.0,608.0,48.0,4.152003765106201,0.0,-1.828996181488037,-12.154271125793457,-20.760019302368164,-5.207109451293945,13.812856674194336,17.23913526545607,4.152003765106201,22.394840240478516
run_1780137330_43fdc34b,1780138169.5857198,20.0,608.0,48.0,4.063732147216797,0.0,-1.9283020496368408,-12.09469985961914,-20.318660736083984,-5.274526596069336,13.498488426208496,16.51391896432324,4.063732147216797,22.394840240478516
run_1780137330_43fdc34b,1780138171.5770054,20.0,608.0,48.0,3.975431442260742,0.0,-2.027639389038086,-12.004013061523438,-19.87715721130371,-5.340494155883789,13.213639259338379,15.804055152115325,3.975431442260742,22.394840240478516
run_1780137330_43fdc34b,1780138173.5877864,20.0,608.0,48.0,3.79891300201416,0.0,-2.2262229919433594,-10.439302444458008,-18.994565963745117,-5.404137134552002,13.959400177001953,14.431739996872238,3.79891300201416,22.394840240478516
run_1780137330_43fdc34b,1780138175.583153,20.0,608.0,48.0,3.79891300201416,0.0,-2.2262229919433594,-11.83336067199707,-18.994565963745117,-5.466617584228516,12.627821922302246,14.431739996872238,3.79891300201416,22.394840240478516
run_1780137330_43fdc34b,1780138177.5770373,20.0,608.0,48.0,3.6664979457855225,0.0,-2.3751895427703857,-10.991520881652832,-18.332490921020508,-5.526922702789307,12.867891311645508,13.443207186449456,3.6664979457855225,22.394840240478516
run_1780137330_43fdc34b,1780138179.590406,20.0,608.0,48.0,3.5782253742218018,0.0,-2.474496603012085,-10.834606170654297,-17.89112663269043,-5.586356163024902,12.642876625061035,12.803696828724753,3.5782253742218018,22.394840240478516
run_1780137330_43fdc34b,1780138181.5865002,20.0,608.0,48.0,3.401700973510742,0.0,-2.673086166381836,-9.208806037902832,-17.00850486755371,-5.6434645652771,13.443164825439453,11.571569513183931,3.401700973510742,22.394840240478516
run_1780137330_43fdc34b,1780138183.581554,20.0,608.0,48.0,3.313464879989624,0.0,-2.7723519802093506,-9.103012084960938,-16.567323684692383,-5.698543548583984,13.162856101989746,10.979049510924654,3.313464879989624,22.394840240478516
run_1780137330_43fdc34b,1780138185.5774553,20.0,608.0,48.0,3.2693350315093994,0.0,-2.821998357772827,-9.710278511047363,-16.346675872802734,-5.752314567565918,12.388710975646973,10.688551548254566,3.2693350315093994,22.394840240478516
run_1780137330_43fdc34b,1780138187.585632,20.0,608.0,48.0,3.181072950363159,0.0,-2.921293020248413,-9.50129508972168,-15.905364990234375,-5.805213928222656,12.209283828735352,10.119225115532174,3.181072950363159,22.394840240478516
run_1780137330_43fdc34b,1780138189.5794473,20.0,608.0,48.0,3.0045735836029053,0.0,-3.119854688644409,-7.788418292999268,-15.022868156433105,-5.8563737869262695,13.09082317352295,9.027462419284404,3.0045735836029053,22.394840240478516
run_1780137330_43fdc34b,1780138191.5757866,20.0,608.0,48.0,2.960460662841797,0.0,-3.1694817543029785,-8.364603042602539,-14.8023042678833,-5.905355453491211,12.343056678771973,8.764327336233691,2.960460662841797,22.394840240478516
run_1780137330_43fdc34b,1780138193.7795906,6.0,123.0,2.0,2.8280842304229736,0.0,-3.3184049129486084,-51.985843658447266,-47.13473892211914,-6.610762119293213,1.75966215133667,7.998060414367103,2.8280842304229736,22.394840240478516
run_1780137330_43fdc34b,1780138195.5819821,6.0,123.0,2.0,2.7839462757110596,0.0,-3.368060350418091,-52.10768127441406,-46.399105072021484,-7.3700032234191895,1.661426067352295,7.750356866045479,2.7839462757110596,22.394840240478516
run_1780137330_43fdc34b,1780138197.5899549,6.0,123.0,2.0,2.651620626449585,0.0,-3.5169270038604736,-50.58488082885742,-44.19367980957031,-8.102940559387207,1.711739420890808,7.031091946612889,2.651620626449585,22.394840240478516
run_1780137330_43fdc34b,1780138199.5814998,6.0,123.0,2.0,2.607499599456787,0.0,-3.566563129425049,-50.65464401245117,-43.45832824707031,-8.814363479614258,1.618047833442688,6.799054161167305,2.607499599456787,22.394840240478516
run_1780137330_43fdc34b,1780138201.5854957,6.0,123.0,2.0,2.4751534461975098,0.0,-3.715452194213867,-49.07950973510742,-41.252559661865234,-9.499483108520508,1.6725322008132935,6.126384582223409,2.4751534461975098,22.394840240478516
run_1780137330_43fdc34b,1780138203.5907998,6.0,123.0,2.0,2.3428285121917725,0.0,-3.8643181324005127,-47.47418212890625,-39.047142028808594,-10.148738861083984,1.721700668334961,5.488845437538714,2.3428285121917725,22.394840240478516
run_1780137330_43fdc34b,1780138205.575093,6.0,123.0,2.0,2.2104506492614746,0.0,-4.013243198394775,-45.83956527709961,-36.840843200683594,-10.769294738769531,1.7705734968185425,4.886092072820475,2.2104506492614746,22.394840240478516
run_1780137330_43fdc34b,1780138207.5796833,6.0,123.0,2.0,2.166349411010742,0.0,-4.062856674194336,-45.795753479003906,-36.1058235168457,-11.361166000366211,1.6712380647659302,4.69306977058659,2.166349411010742,22.394840240478516
run_1780137330_43fdc34b,1780138209.5884964,6.0,123.0,2.0,2.0340394973754883,0.0,-4.211705684661865,-44.10975646972656,-33.90066146850586,-11.933913230895996,1.7248181104660034,4.137316676883529,2.0340394973754883,22.394840240478516
run_1780137330_43fdc34b,1780138211.5814445,6.0,123.0,2.0,1.9458293914794922,0.0,-4.310941696166992,-43.20186996459961,-32.43049240112305,-12.470795631408691,1.6994189023971558,3.786252020745451,1.9458293914794922,22.394840240478516
run_1780137330_43fdc34b,1780138213.576957,6.0,123.0,2.0,1.8575944900512695,0.0,-4.410206317901611,-42.268131256103516,-30.959909439086914,-12.986167907714844,1.677947998046875,3.450657289468836,1.8575944900512695,22.394840240478516
run_1780137330_43fdc34b,1780138215.5863442,6.0,123.0,2.0,1.7693910598754883,0.0,-4.509435176849365,-41.30809020996094,-29.489850997924805,-13.475248336791992,1.6570085287094116,3.1307447227673038,1.7693910598754883,22.394840240478516
run_1780137330_43fdc34b,1780138217.5860589,6.0,123.0,2.0,1.637068271636963,0.0,-4.658298015594482,-39.5129280090332,-27.284473419189453,-13.940421104431152,1.7119660377502441,2.679992526000433,1.637068271636963,22.394840240478516
run_1780137330_43fdc34b,1780138219.5812762,6.0,123.0,2.0,1.5929765701293945,0.0,-4.707901477813721,-39.30927276611328,-26.549610137939453,-14.379278182983398,1.6196151971817017,2.53757435298121,1.5929765701293945,22.394840240478516
run_1780137330_43fdc34b,1780138221.5761735,6.0,123.0,2.0,1.460690975189209,0.0,-4.856722354888916,-37.463417053222656,-24.3448486328125,-14.796647071838379,1.678080439567566,2.1336181249992023,1.460690975189209,22.394840240478516
run_1780137330_43fdc34b,1780138223.5829234,6.0,123.0,2.0,1.4165730476379395,0.0,-4.906355381011963,-37.20826721191406,-23.60955238342285,-15.187719345092773,1.5890039205551147,2.00667919929424,1.4165730476379395,22.394840240478516
run_1780137330_43fdc34b,1780138225.5765595,6.0,123.0,2.0,1.2842812538146973,0.0,-5.055183410644531,-35.3086051940918,-21.404687881469727,-15.550091743469238,1.6461730003356934,1.6493783388998509,1.2842812538146973,22.394840240478516
run_1780137330_43fdc34b,1780138227.5872197,6.0,123.0,2.0,1.240194320678711,0.0,-5.104781150817871,-35.003170013427734,-20.669906616210938,-15.893355369567871,1.5600903034210205,1.5380819530437293,1.240194320678711,22.394840240478516
run_1780137330_43fdc34b,1780138229.5812767,6.0,123.0,2.0,1.1078968048095703,0.0,-5.2536163330078125,-33.05579376220703,-18.464946746826172,-16.21510124206543,1.6242523193359375,1.2274353301072551,1.1078968048095703,22.394840240478516
run_1780137330_43fdc34b,1780138231.5791802,6.0,123.0,2.0,1.0637993812561035,0.0,-5.303225994110107,-32.700260162353516,-17.729990005493164,-16.510549545288086,1.5402770042419434,1.1316691235608687,1.0637993812561035,22.394840240478516
run_1780137330_43fdc34b,1780138233.577622,6.0,123.0,2.0,0.9315223693847656,0.0,-5.452037334442139,-30.700645446777344,-15.525373458862305,-16.777339935302734,1.6020687818527222,0.8677339246642077,0.9315223693847656,22.394840240478516
run_1780137330_43fdc34b,1780138235.5865107,6.0,123.0,2.0,0.8874416351318359,0.0,-5.501628398895264,-30.29552459716797,-14.790694236755371,-17.025014877319336,1.5201829671859741,0.7875526557654666,0.8874416351318359,22.394840240478516
run_1780137330_43fdc34b,1780138237.5777988,6.0,123.0,2.0,0.7551732063293457,0.0,-5.650430202484131,-28.243404388427734,-12.586220741271973,-17.23683738708496,1.5796535015106201,0.5702865715577445,0.7551732063293457,22.394840240478516
run_1780137330_43fdc34b,1780138239.5877013,6.0,123.0,2.0,0.6670031547546387,0.0,-5.749621391296387,-26.977794647216797,-11.116719245910645,-17.431930541992188,1.5708541870117188,0.44489320845264047,0.6670031547546387,22.394840240478516
run_1780137330_43fdc34b,1780138241.5814698,6.0,123.0,2.0,0.49062681198120117,0.0,-5.948044776916504,-24.06670379638672,-8.17711353302002,-17.595949172973633,1.7063581943511963,0.24071466863483693,0.49062681198120117,22.394840240478516
run_1780137330_43fdc34b,1780138243.5900273,6.0,123.0,2.0,0.49062681198120117,0.0,-5.948044776916504,-24.3624210357666,-8.17711353302002,-17.728897094726562,1.5435900688171387,0.24071466863483693,0.49062681198120117,22.394840240478516
run_1780137330_43fdc34b,1780138245.58086,6.0,123.0,2.0,0.35839080810546875,0.0,-6.096810340881348,-22.205591201782227,-5.973180294036865,-17.833189010620117,1.6007781028747559,0.12844397133449093,0.35839080810546875,22.394840240478516
run_1780137330_43fdc34b,1780138247.5798292,6.0,123.0,2.0,0.22616147994995117,0.0,-6.24556827545166,-20.02448081970215,-3.7693581581115723,-17.915985107421875,1.6608638763427734,0.051149015013152166,0.22616147994995117,22.394840240478516
run_1780137330_43fdc34b,1780138249.5780857,6.0,123.0,2.0,0.22616147994995117,0.0,-6.24556827545166,-20.244213104248047,-3.7693581581115723,-17.9772891998291,1.5024352073669434,0.051149015013152166,0.22616147994995117,22.394840240478516
run_1780137330_43fdc34b,1780138251.590441,6.0,123.0,2.0,0.09392404556274414,0.0,-6.3943352699279785,-18.01167869567871,-1.5654008388519287,-18.009910583496094,1.563632845878601,0.008821726334872437,0.09392404556274414,22.394840240478516
run_1780137330_43fdc34b,1780138253.5864413,6.0,123.0,2.0,-0.038336753845214844,0.0,-6.543128967285156,-15.732145309448242,0.6389459371566772,-17.99003791809082,1.6189470291137695,0.001469706695388595,0.038336753845214844,22.394840240478516
run_1780137330_43fdc34b,1780138255.5765705,6.0,123.0,2.0,-0.12648344039916992,0.0,-6.642293930053711,-14.215723037719727,2.1080574989318848,-17.93014144897461,1.6063621044158936,0.01599806069521037,0.12648344039916992,22.394840240478516
run_1780137330_43fdc34b,1780138257.585683,6.0,123.0,2.0,-0.170562744140625,0.0,-6.691883087158203,-13.434510231018066,2.84271240234375,-17.798498153686523,1.5212764739990234,0.029091649688780308,0.170562744140625,22.394840240478516
run_1780137330_43fdc34b,1780138259.5818548,6.0,123.0,2.0,-0.3027677536010742,0.0,-6.84061336517334,-10.94686508178711,5.04612922668457,-17.57362174987793,1.5806281566619873,0.09166831262064079,0.3027677536010742,22.394840240478516
run_1780137330_43fdc34b,1780138261.5841036,6.0,123.0,2.0,-0.4349956512451172,0.0,-6.989370346069336,-8.356925964355469,7.249927520751953,-17.24112319946289,1.6342699527740479,0.18922121660216362,0.4349956512451172,22.394840240478516
run_1780137330_43fdc34b,1780138263.5776234,6.0,123.0,2.0,-0.567204475402832,0.0,-7.1381049156188965,-5.699529647827148,9.453408241271973,-16.844066619873047,1.6911288499832153,0.3217209169170019,0.567204475402832,22.394840240478516
run_1780137330_43fdc34b,1780138265.588368,6.0,123.0,2.0,-0.567204475402832,0.0,-7.1381049156188965,-5.399237632751465,9.453408241271973,-16.38245964050293,1.5298128128051758,0.3217209169170019,0.567204475402832,22.394840240478516
run_1780137330_43fdc34b,1780138267.583665,6.0,123.0,2.0,-0.6553487777709961,0.0,-7.23726749420166,-3.426579475402832,10.922479629516602,-15.870645523071289,1.5215866565704346,0.4294820205259384,0.6553487777709961,22.394840240478516
run_1780137330_43fdc34b,1780138269.5909736,6.0,123.0,2.0,-0.7434768676757812,0.0,-7.336411476135254,-1.375974416732788,12.391281127929688,-15.279939651489258,1.5126842260360718,0.5527578527689911,0.7434768676757812,22.394840240478516
run_1780137330_43fdc34b,1780138271.5822377,6.0,123.0,2.0,-0.8316159248352051,0.0,-7.435567855834961,0.7590509057044983,13.860265731811523,-14.603158950805664,1.501943826675415,0.6915850464395135,0.8316159248352051,22.394840240478516
run_1780137330_43fdc34b,1780138273.5789642,6.0,123.0,2.0,-0.9637908935546875,0.0,-7.584264755249023,3.7685036659240723,16.063182830810547,-13.861825942993164,1.5671478509902954,0.928892886498943,0.9637908935546875,22.394840240478516
run_1780137330_43fdc34b,1780138275.5838013,6.0,123.0,2.0,-1.0078577995300293,0.0,-7.633840084075928,5.240455150604248,16.797630310058594,-13.041606903076172,1.484431505203247,1.0157773440735127,1.0078577995300293,22.394840240478516
run_1780137330_43fdc34b,1780138277.5778677,6.0,123.0,2.0,-1.09598970413208,0.0,-7.732988357543945,7.569983005523682,18.266496658325195,-12.178352355957031,1.4818390607833862,1.2011934315635244,1.09598970413208,22.394840240478516
run_1780137330_43fdc34b,1780138279.5847402,6.0,123.0,2.0,-1.1400408744812012,0.0,-7.782545566558838,9.139983177185059,19.000682830810547,-11.272072792053223,1.4113740921020508,1.2996931954878619,1.1400408744812012,22.394840240478516
run_1780137330_43fdc34b,1780138281.5801444,6.0,123.0,2.0,-1.1841039657592773,0.0,-7.832117080688477,10.758538246154785,19.73506736755371,-10.322770118713379,1.3462424278259277,1.4021022017268479,1.1841039657592773,22.394840240478516
run_1780137330_43fdc34b,1780138283.5776556,6.0,123.0,2.0,-1.2722172737121582,0.0,-7.931244373321533,13.250181198120117,21.203622817993164,-9.308918952941895,1.3554778099060059,1.6185367915315965,1.2722172737121582,22.394840240478516
run_1780137330_43fdc34b,1780138285.58885,6.0,123.0,2.0,-1.40440034866333,0.0,-8.079950332641602,16.63232421875,23.406673431396484,-8.209013938903809,1.4346665143966675,1.972340339325683,1.40440034866333,22.394840240478516
run_1780137330_43fdc34b,1780138287.5818815,6.0,123.0,2.0,-1.4484591484069824,0.0,-8.1295166015625,18.47533416748047,24.140987396240234,-7.0302276611328125,1.364574909210205,2.0980339046038807,1.4484591484069824,22.394840240478516
run_1780137330_43fdc34b,1780138289.5803573,6.0,123.0,2.0,-1.4484591484069824,0.0,-8.1295166015625,19.523954391479492,24.140987396240234,-5.851441383361816,1.234408974647522,2.0980339046038807,1.4484591484069824,22.394840240478516
run_1780137330_43fdc34b,1780138291.588925,6.0,123.0,2.0,-1.5365495681762695,0.0,-8.228618621826172,22.240962982177734,25.609159469604492,-4.622472763061523,1.2542768716812134,2.3609845754626804,1.5365495681762695,22.394840240478516
run_1780137330_43fdc34b,1780138293.5831654,6.0,123.0,2.0,-1.5365495681762695,0.0,-8.228618621826172,23.371795654296875,25.609159469604492,-3.371997117996216,1.1346321105957031,2.3609845754626804,1.5365495681762695,22.394840240478516
run_1780137330_43fdc34b,1780138295.5857098,6.0,123.0,2.0,-1.5806069374084473,0.0,-8.278182983398438,25.350942611694336,26.34345054626465,-2.085664987564087,1.0931587219238281,2.498318290583711,1.5806069374084473,22.394840240478516
run_1780137330_43fdc34b,1780138297.580775,6.0,123.0,2.0,-1.5806069374084473,0.0,-8.278182983398438,26.533000946044922,26.34345054626465,-0.7993323802947998,0.9888830780982971,2.498318290583711,1.5806069374084473,22.394840240478516
run_1780137330_43fdc34b,1780138299.5778334,6.0,123.0,2.0,-1.6246514320373535,0.0,-8.327733039855957,28.233484268188477,27.077526092529297,0.18909308314323425,0.9668657779693604,2.6394922756210235,1.6246514320373535,22.394840240478516
run_1780137330_43fdc34b,1780138301.5892255,6.0,123.0,2.0,-1.5806069374084473,0.0,-8.278182983398438,27.770832061767578,26.34345054626465,0.6222164034843445,0.8051677346229553,2.498318290583711,1.5806069374084473,22.394840240478516
run_1780137330_43fdc34b,1780138303.580549,6.0,123.0,2.0,-1.6246514320373535,0.0,-8.327733039855957,28.935129165649414,27.077526092529297,1.062501072883606,0.7951021194458008,2.6394922756210235,1.6246514320373535,22.394840240478516
run_1780137330_43fdc34b,1780138305.5765,6.0,123.0,2.0,-1.5365495681762695,0.0,-8.228618621826172,27.67791748046875,25.609159469604492,1.4884604215621948,0.580298662185669,2.3609845754626804,1.5365495681762695,22.394840240478516
run_1780137330_43fdc34b,1780138307.590247,6.0,123.0,2.0,-1.5365495681762695,0.0,-8.228618621826172,28.038972854614258,25.609159469604492,1.9048696756362915,0.5249442458152771,2.3609845754626804,1.5365495681762695,22.394840240478516
run_1780137330_43fdc34b,1780138309.585161,6.0,123.0,2.0,-1.4925050735473633,0.0,-8.179068565368652,27.594602584838867,24.875085830688477,2.314117431640625,0.40540072321891785,2.2275713945646203,1.4925050735473633,22.394840240478516
run_1780137330_43fdc34b,1780138311.591552,6.0,123.0,2.0,-1.4925050735473633,0.0,-8.179068565368652,27.95642852783203,24.875085830688477,2.7090420722961426,0.37230297923088074,2.2275713945646203,1.4925050735473633,22.394840240478516
run_1780137330_43fdc34b,1780138313.5863879,6.0,123.0,2.0,-1.40440034866333,0.0,-8.079950332641602,26.70368766784668,23.406673431396484,3.0991902351379395,0.19782541692256927,1.972340339325683,1.40440034866333,22.394840240478516
run_1780137330_43fdc34b,1780138315.589933,6.0,123.0,2.0,-1.316293716430664,0.0,-7.980830192565918,25.44754409790039,21.938228607177734,3.4750123023986816,0.03430242836475372,1.7326291479148495,1.316293716430664,22.394840240478516
run_1780137330_43fdc34b,1780138317.5909038,6.0,123.0,2.0,-1.316293716430664,0.0,-7.980830192565918,25.80099105834961,21.938228607177734,3.831731081008911,0.031030334532260895,1.7326291479148495,1.316293716430664,22.394840240478516
run_1780137330_43fdc34b,1780138319.582484,6.0,123.0,2.0,-1.22816801071167,0.0,-7.881689071655273,24.532550811767578,20.469467163085938,4.174119472503662,-0.111036516726017,1.5083966625354606,1.22816801071167,22.394840240478516
run_1780137330_43fdc34b,1780138321.576699,6.0,123.0,2.0,-1.22816801071167,0.0,-7.881689071655273,24.8759822845459,20.469467163085938,4.506959438323975,-0.10044480115175247,1.5083966625354606,1.22816801071167,22.394840240478516
run_1780137330_43fdc34b,1780138323.586682,6.0,123.0,2.0,-1.09598970413208,0.0,-7.732988357543945,22.78727912902832,18.266496658325195,4.823080062866211,-0.30229702591896057,1.2011934315635244,1.09598970413208,22.394840240478516
run_1780137330_43fdc34b,1780138325.5827653,6.0,123.0,2.0,-1.09598970413208,0.0,-7.732988357543945,23.11313247680664,18.266496658325195,5.120097637176514,-0.2734610438346863,1.2011934315635244,1.09598970413208,22.394840240478516
run_1780137330_43fdc34b,1780138327.5887074,6.0,123.0,2.0,-0.9637908935546875,0.0,-7.584264755249023,21.002826690673828,16.063182830810547,5.3956170082092285,-0.4559715688228607,0.928892886498943,0.9637908935546875,22.394840240478516
run_1780137330_43fdc34b,1780138329.584009,6.0,123.0,2.0,-0.9197392463684082,0.0,-7.5347065925598145,20.496673583984375,15.328988075256348,5.6496429443359375,-0.48195743560791016,0.8459202813103275,0.9197392463684082,22.394840240478516
run_1780137330_43fdc34b,1780138331.5823255,6.0,123.0,2.0,-0.8316159248352051,0.0,-7.435567855834961,19.1707820892334,13.860265731811523,5.88695764541626,-0.5764414668083191,0.6915850464395135,0.8316159248352051,22.394840240478516
run_1780137330_43fdc34b,1780138333.5872793,6.0,123.0,2.0,-0.8316159248352051,0.0,-7.435567855834961,19.451139450073242,13.860265731811523,6.112329959869385,-0.5214550495147705,0.6915850464395135,0.8316159248352051,22.394840240478516
run_1780137330_43fdc34b,1780138335.5772376,6.0,123.0,2.0,-0.7434768676757812,0.0,-7.336411476135254,18.101900100708008,12.391281127929688,6.3185906410217285,-0.6079721450805664,0.5527578527689911,0.7434768676757812,22.394840240478516
run_1780137330_43fdc34b,1780138337.5850036,6.0,123.0,2.0,-0.6994061470031738,0.0,-7.286831855773926,17.550188064575195,11.656769752502441,6.512907981872559,-0.6194887161254883,0.4891689584658252,0.6994061470031738,22.394840240478516
run_1780137330_43fdc34b,1780138339.5803022,6.0,123.0,2.0,-0.6112766265869141,0.0,-7.187685966491699,16.17759132385254,10.187944412231445,6.690511703491211,-0.7008635997772217,0.37365911421147757,0.6112766265869141,22.394840240478516
run_1780137330_43fdc34b,1780138341.5918546,6.0,123.0,2.0,-0.6112766265869141,0.0,-7.187685966491699,16.41010284423828,10.187944412231445,6.856168270111084,-0.634008526802063,0.37365911421147757,0.6112766265869141,22.394840240478516
run_1780137330_43fdc34b,1780138343.589107,6.0,123.0,2.0,-0.5231304168701172,0.0,-7.088521957397461,15.014701843261719,8.718840599060059,7.009885311126709,-0.7140244245529175,0.2736654330547026,0.5231304168701172,22.394840240478516
run_1780137330_43fdc34b,1780138345.5849488,6.0,123.0,2.0,-0.5231304168701172,0.0,-7.088521957397461,15.224583625793457,8.718840599060059,7.151655197143555,-0.6459138989448547,0.2736654330547026,0.5231304168701172,22.394840240478516
run_1780137330_43fdc34b,1780138347.580292,6.0,123.0,2.0,-0.47905588150024414,0.0,-7.038938045501709,14.615692138671875,7.984264850616455,7.2838640213012695,-0.6524373888969421,0.22949453759997596,0.47905588150024414,22.394840240478516
run_1780137330_43fdc34b,1780138349.5889707,6.0,123.0,2.0,-0.4349956512451172,0.0,-6.989370346069336,13.99675178527832,7.249927520751953,7.406521797180176,-0.6596961617469788,0.18922121660216362,0.4349956512451172,22.394840240478516
run_1780137330_43fdc34b,1780138351.5869424,6.0,123.0,2.0,-0.4349956512451172,0.0,-6.989370346069336,14.180501937866211,7.249927520751953,7.531566143035889,-0.6009910106658936,0.18922121660216362,0.4349956512451172,22.394840240478516
run_1780137330_43fdc34b,1780138353.5828085,6.0,123.0,2.0,-0.39092063903808594,0.0,-6.939785957336426,13.545431137084961,6.515344142913818,7.644674777984619,-0.6145882606506348,0.15281894602594548,0.39092063903808594,22.394840240478516
run_1780137330_43fdc34b,1780138355.5763018,6.0,123.0,2.0,-0.39092063903808594,0.0,-6.939785957336426,13.71294116973877,6.515344142913818,7.757783889770508,-0.5601873397827148,0.15281894602594548,0.39092063903808594,22.394840240478516
run_1780137330_43fdc34b,1780138357.57936,6.0,123.0,2.0,-0.3468303680419922,0.0,-6.89018440246582,13.06175422668457,5.780506134033203,7.858950614929199,-0.5777013301849365,0.12029130419614376,0.3468303680419922,22.394840240478516
run_1780137330_43fdc34b,1780138359.5871983,6.0,123.0,2.0,-0.3027677536010742,0.0,-6.84061336517334,12.401749610900879,5.04612922668457,7.950557231903076,-0.5949362516403198,0.09166831262064079,0.3027677536010742,22.394840240478516
run_1780137330_43fdc34b,1780138361.577741,6.0,123.0,2.0,-0.3027677536010742,0.0,-6.84061336517334,12.540546417236328,5.04612922668457,8.03260326385498,-0.5381855368614197,0.09166831262064079,0.3027677536010742,22.394840240478516
run_1780137330_43fdc34b,1780138363.5888371,6.0,123.0,2.0,-0.3027677536010742,0.0,-6.84061336517334,12.673929214477539,5.04612922668457,8.114648818969727,-0.4868483245372772,0.09166831262064079,0.3027677536010742,22.394840240478516
run_1780137330_43fdc34b,1780138365.5766017,6.0,123.0,2.0,-0.3027677536010742,0.0,-6.84061336517334,12.802414894104004,5.04612922668457,8.196694374084473,-0.4404081404209137,0.09166831262064079,0.3027677536010742,22.394840240478516
run_1780137330_43fdc34b,1780138367.5888622,6.0,123.0,2.0,-0.3468303680419922,0.0,-6.89018440246582,13.735578536987305,5.780506134033203,8.28113079071045,-0.3260563015937805,0.12029130419614376,0.3468303680419922,22.394840240478516
run_1780137330_43fdc34b,1780138369.5852191,6.0,123.0,2.0,-0.3027677536010742,0.0,-6.84061336517334,13.050615310668945,5.04612922668457,8.370347023010254,-0.3658595085144043,0.09166831262064079,0.3027677536010742,22.394840240478516
run_1780137330_43fdc34b,1780138371.59076,6.0,123.0,2.0,-0.25869035720825195,0.0,-6.791026592254639,12.358184814453125,4.311506271362305,8.450005531311035,-0.4033260941505432,0.066920700912533,0.25869035720825195,22.394840240478516
run_1780137330_43fdc34b,1780138373.5795956,6.0,123.0,2.0,-0.25869035720825195,0.0,-6.791026592254639,12.466767311096191,4.311506271362305,8.52011489868164,-0.3648531138896942,0.066920700912533,0.25869035720825195,22.394840240478516
run_1780137330_43fdc34b,1780138375.5888715,6.0,123.0,2.0,-0.25869035720825195,0.0,-6.791026592254639,12.574617385864258,4.311506271362305,8.597386360168457,-0.3342745006084442,0.066920700912533,0.25869035720825195,22.394840240478516
run_1780137330_43fdc34b,1780138377.5782616,6.0,123.0,2.0,-0.3027677536010742,0.0,-6.84061336517334,13.48694133758545,5.04612922668457,8.672270774841309,-0.2314589023590088,0.09166831262064079,0.3027677536010742,22.394840240478516
run_1780137330_43fdc34b,1780138379.5899909,6.0,123.0,2.0,-0.25869035720825195,0.0,-6.791026592254639,12.778751373291016,4.311506271362305,8.744768142700195,-0.2775215208530426,0.066920700912533,0.25869035720825195,22.394840240478516
run_1780137330_43fdc34b,1780138381.583351,6.0,123.0,2.0,-0.25869035720825195,0.0,-6.791026592254639,12.878355026245117,4.311506271362305,8.822039604187012,-0.25518956780433655,0.066920700912533,0.25869035720825195,22.394840240478516
run_1780137330_43fdc34b,1780138383.5841286,6.0,123.0,2.0,-0.3027677536010742,0.0,-6.84061336517334,13.785120964050293,5.04612922668457,8.901698112487793,-0.1627058982849121,0.09166831262064079,0.3027677536010742,22.394840240478516
run_1780137330_43fdc34b,1780138385.5791614,6.0,123.0,2.0,-0.3027677536010742,0.0,-6.84061336517334,13.87966537475586,5.04612922668457,8.976582527160645,-0.1430448442697525,0.09166831262064079,0.3027677536010742,22.394840240478516
run_1780137330_43fdc34b,1780138387.579306,6.0,123.0,2.0,-0.3027677536010742,0.0,-6.84061336517334,13.975356101989746,5.04612922668457,9.05862808227539,-0.12939989566802979,0.09166831262064079,0.3027677536010742,22.394840240478516
run_1780137330_43fdc34b,1780138389.585416,6.0,123.0,2.0,-0.25869035720825195,0.0,-6.791026592254639,13.256399154663086,4.311506271362305,9.128738403320312,-0.1838451623916626,0.066920700912533,0.25869035720825195,22.394840240478516
run_1780137330_43fdc34b,1780138391.5827878,6.0,123.0,2.0,-0.25869035720825195,0.0,-6.791026592254639,13.34404468536377,4.311506271362305,9.198847770690918,-0.16630826890468597,0.066920700912533,0.25869035720825195,22.394840240478516
run_1780137330_43fdc34b,1780138393.5766883,6.0,123.0,2.0,-0.3027677536010742,0.0,-6.84061336517334,14.240345001220703,5.04612922668457,9.27373218536377,-0.07951486855745316,0.09166831262064079,0.3027677536010742,22.394840240478516
run_1780137330_43fdc34b,1780138395.5869443,6.0,123.0,2.0,-0.25869035720825195,0.0,-6.791026592254639,13.517663955688477,4.311506271362305,9.346229553222656,-0.1400713175535202,0.066920700912533,0.25869035720825195,22.394840240478516
run_1780137330_43fdc34b,1780138397.5847733,6.0,123.0,2.0,-0.3468303680419922,0.0,-6.89018440246582,15.221524238586426,5.780506134033203,9.425893783569336,0.015124864876270294,0.12029130419614376,0.3468303680419922,22.394840240478516
run_1780137330_43fdc34b,1780138399.578015,6.0,123.0,2.0,-0.25869035720825195,0.0,-6.791026592254639,13.68971061706543,4.311506271362305,9.500781059265137,-0.12257767468690872,0.066920700912533,0.25869035720825195,22.394840240478516
run_1780137330_43fdc34b,1780138401.5887864,6.0,123.0,2.0,-0.25869035720825195,0.0,-6.791026592254639,13.771512031555176,4.311506271362305,9.570891380310059,-0.11088506132364273,0.066920700912533,0.25869035720825195,22.394840240478516
run_1780137330_43fdc34b,1780138403.5881243,6.0,123.0,2.0,-0.3027677536010742,0.0,-6.84061336517334,14.664511680603027,5.04612922668457,9.65054988861084,-0.032166458666324615,0.09166831262064079,0.3027677536010742,22.394840240478516
run_1780137330_43fdc34b,1780138405.5818136,6.0,123.0,2.0,-0.25869035720825195,0.0,-6.791026592254639,13.936278343200684,4.311506271362305,9.720660209655762,-0.09588680416345596,0.066920700912533,0.25869035720825195,22.394840240478516
run_1780137330_43fdc34b,1780138407.580409,6.0,123.0,2.0,-0.25869035720825195,0.0,-6.791026592254639,14.015536308288574,4.311506271362305,9.790769577026367,-0.08674020320177078,0.066920700912533,0.25869035720825195,22.394840240478516
run_1780137330_43fdc34b,1780138409.589428,6.0,123.0,2.0,-0.25869035720825195,0.0,-6.791026592254639,14.096940994262695,4.311506271362305,9.868041038513184,-0.08260675519704819,0.066920700912533,0.25869035720825195,22.394840240478516
run_1780137330_43fdc34b,1780138411.58294,6.0,123.0,2.0,-0.25869035720825195,0.0,-6.791026592254639,14.174930572509766,4.311506271362305,9.938151359558105,-0.07472694665193558,0.066920700912533,0.25869035720825195,22.394840240478516
run_1780137330_43fdc34b,1780138413.5904975,6.0,123.0,2.0,-0.3027677536010742,0.0,-6.84061336517334,15.062494277954102,5.04612922668457,10.013035774230957,0.0033305471297353506,0.09166831262064079,0.3027677536010742,22.394840240478516
run_1780137330_43fdc34b,1780138415.586552,6.0,123.0,2.0,-0.25869035720825195,0.0,-6.791026592254639,14.332917213439941,4.311506271362305,10.087920188903809,-0.06650850176811218,0.066920700912533,0.25869035720825195,22.394840240478516
run_1780137330_43fdc34b,1780138417.5786214,6.0,123.0,2.0,-0.3027677536010742,0.0,-6.84061336517334,15.219696998596191,5.04612922668457,10.16280460357666,0.010765043087303638,0.09166831262064079,0.3027677536010742,22.394840240478516
run_1780137330_43fdc34b,1780138419.5871825,6.0,123.0,2.0,-0.25869035720825195,0.0,-6.791026592254639,14.489410400390625,4.311506271362305,10.237689018249512,-0.059783171862363815,0.066920700912533,0.25869035720825195,22.394840240478516
run_1780137330_43fdc34b,1780138421.587246,6.0,123.0,2.0,-0.25869035720825195,0.0,-6.791026592254639,14.565223693847656,4.311506271362305,10.307798385620117,-0.05408049374818802,0.066920700912533,0.25869035720825195,22.394840240478516
run_1780137330_43fdc34b,1780138423.5811841,6.0,123.0,2.0,-0.25869035720825195,0.0,-6.791026592254639,14.64049243927002,4.311506271362305,10.377908706665039,-0.04892178624868393,0.066920700912533,0.25869035720825195,22.394840240478516
run_1780137330_43fdc34b,1780138425.5883036,6.0,123.0,2.0,-0.25869035720825195,0.0,-6.791026592254639,14.715269088745117,4.311506271362305,10.448018074035645,-0.04425516352057457,0.066920700912533,0.25869035720825195,22.394840240478516
run_1780137330_43fdc34b,1780138427.5828297,6.0,123.0,2.0,-0.25869035720825195,0.0,-6.791026592254639,14.789600372314453,4.311506271362305,10.518128395080566,-0.04003367945551872,0.066920700912533,0.25869035720825195,22.394840240478516
run_1780137330_43fdc34b,1780138429.5914526,6.0,123.0,2.0,-0.3027677536010742,0.0,-6.84061336517334,15.670831680297852,5.04612922668457,10.585851669311523,0.03885243460536003,0.09166831262064079,0.3027677536010742,22.394840240478516
run_1780137330_43fdc34b,1780138431.5844607,6.0,123.0,2.0,-0.21464109420776367,0.0,-6.741471290588379,14.12707233428955,3.5773515701293945,10.653573989868164,-0.10385200381278992,0.04607079932270608,0.21464109420776367,22.394840240478516
run_1780137330_43fdc34b,1780138433.582461,6.0,123.0,2.0,-0.21464109420776367,0.0,-6.741471290588379,14.19515323638916,3.5773515701293945,10.711748123168945,-0.09394562244415283,0.04607079932270608,0.21464109420776367,22.394840240478516
run_1780137330_43fdc34b,1780138435.5794003,6.0,123.0,2.0,-0.25869035720825195,0.0,-6.791026592254639,15.073081970214844,4.311506271362305,10.777083396911621,-0.01550722774118185,0.066920700912533,0.25869035720825195,22.394840240478516
run_1780137330_43fdc34b,1780138437.5917766,6.0,123.0,2.0,-0.21464109420776367,0.0,-6.741471290588379,14.335809707641602,3.5773515701293945,10.844806671142578,-0.08634763956069946,0.04607079932270608,0.21464109420776367,22.394840240478516
run_1780137330_43fdc34b,1780138439.5885057,6.0,123.0,2.0,-0.21464109420776367,0.0,-6.741471290588379,14.402220726013184,3.5773515701293945,10.90298080444336,-0.07811097055673599,0.04607079932270608,0.21464109420776367,22.394840240478516
run_1780137330_43fdc34b,1780138441.5842874,6.0,123.0,2.0,-0.21464109420776367,0.0,-6.741471290588379,14.471819877624512,3.5773515701293945,10.970703125,-0.07623359560966492,0.04607079932270608,0.21464109420776367,22.394840240478516
run_1780137330_43fdc34b,1780138443.5799747,6.0,123.0,2.0,-0.21464109420776367,0.0,-6.741471290588379,14.537267684936523,3.5773515701293945,11.028877258300781,-0.06896170973777771,0.04607079932270608,0.21464109420776367,22.394840240478516
run_1780137330_43fdc34b,1780138445.578216,6.0,123.0,2.0,-0.170562744140625,0.0,-6.691883087158203,13.792621612548828,2.84271240234375,11.084661483764648,-0.1347508728504181,0.029091649688780308,0.170562744140625,22.394840240478516
run_1780137330_43fdc34b,1780138447.58832,6.0,123.0,2.0,-0.170562744140625,0.0,-6.691883087158203,13.851698875427246,2.84271240234375,11.130885124206543,-0.12189708650112152,0.029091649688780308,0.170562744140625,22.394840240478516
run_1780137330_43fdc34b,1780138449.5832305,6.0,123.0,2.0,-0.21464109420776367,0.0,-6.741471290588379,14.71894645690918,3.5773515701293945,11.179498672485352,-0.037901975214481354,0.04607079932270608,0.21464109420776367,22.394840240478516
run_1780137330_43fdc34b,1780138451.5797288,6.0,123.0,2.0,-0.170562744140625,0.0,-6.691883087158203,13.969405174255371,2.84271240234375,11.230502128601074,-0.10380937159061432,0.029091649688780308,0.170562744140625,22.394840240478516
run_1780137330_43fdc34b,1780138453.5778575,6.0,123.0,2.0,-0.170562744140625,0.0,-6.691883087158203,14.029513359069824,2.84271240234375,11.286286354064941,-0.09948433190584183,0.029091649688780308,0.170562744140625,22.394840240478516
run_1780137330_43fdc34b,1780138455.5886545,6.0,123.0,2.0,-0.170562744140625,0.0,-6.691883087158203,14.085227012634277,2.84271240234375,11.332509994506836,-0.08999456465244293,0.029091649688780308,0.170562744140625,22.394840240478516
run_1780137330_43fdc34b,1780138457.5855126,6.0,123.0,2.0,-0.170562744140625,0.0,-6.691883087158203,14.144018173217773,2.84271240234375,11.388293266296387,-0.08698730915784836,0.029091649688780308,0.170562744140625,22.394840240478516
run_1780137330_43fdc34b,1780138459.5819592,6.0,123.0,2.0,-0.21464109420776367,0.0,-6.741471290588379,15.009871482849121,3.5773515701293945,11.44168758392334,-0.009166769683361053,0.04607079932270608,0.21464109420776367,22.394840240478516
run_1780137330_43fdc34b,1780138461.578071,6.0,123.0,2.0,-0.21464109420776367,0.0,-6.741471290588379,15.065974235534668,3.5773515701293945,11.492691040039062,-0.0040677557699382305,0.04607079932270608,0.21464109420776367,22.394840240478516
run_1780137330_43fdc34b,1780138463.5912573,6.0,123.0,2.0,-0.170562744140625,0.0,-6.691883087158203,14.313204765319824,2.84271240234375,11.543694496154785,-0.07320258021354675,0.029091649688780308,0.170562744140625,22.394840240478516
run_1780137330_43fdc34b,1780138465.5876355,6.0,123.0,2.0,-0.170562744140625,0.0,-6.691883087158203,14.366410255432129,2.84271240234375,11.58991813659668,-0.06621982157230377,0.029091649688780308,0.170562744140625,22.394840240478516
run_1780137330_43fdc34b,1780138467.5866356,6.0,123.0,2.0,-0.170562744140625,0.0,-6.691883087158203,14.418951034545898,2.84271240234375,11.636141777038574,-0.05990314483642578,0.029091649688780308,0.170562744140625,22.394840240478516
run_1780137330_43fdc34b,1780138469.5833898,6.0,123.0,2.0,-0.21464109420776367,0.0,-6.741471290588379,15.28322982788086,3.5773515701293945,11.691926002502441,0.013953776098787785,0.04607079932270608,0.21464109420776367,22.394840240478516
run_1780137330_43fdc34b,1780138471.5868905,6.0,123.0,2.0,-0.21464109420776367,0.0,-6.741471290588379,15.340073585510254,3.5773515701293945,11.750100135803223,0.012622732669115067,0.04607079932270608,0.21464109420776367,22.394840240478516
run_1780137330_43fdc34b,1780138473.5823703,6.0,123.0,2.0,-0.170562744140625,0.0,-6.691883087158203,14.581754684448242,2.84271240234375,11.791543006896973,-0.0524994321167469,0.029091649688780308,0.170562744140625,22.394840240478516
run_1780137330_43fdc34b,1780138475.5922878,6.0,123.0,2.0,-0.12648344039916992,0.0,-6.642293930053711,13.821638107299805,2.1080574989318848,11.830595970153809,-0.11701588332653046,0.01599806069521037,0.12648344039916992,22.394840240478516
run_1780137330_43fdc34b,1780138477.58374,6.0,123.0,2.0,-0.170562744140625,0.0,-6.691883087158203,14.676486015319824,2.84271240234375,11.86725902557373,-0.033484864979982376,0.029091649688780308,0.170562744140625,22.394840240478516
run_1780137330_43fdc34b,1780138479.5813222,6.0,123.0,2.0,-0.12648344039916992,0.0,-6.642293930053711,13.91455364227295,2.1080574989318848,11.906311988830566,-0.09981512278318405,0.01599806069521037,0.12648344039916992,22.394840240478516
run_1780137330_43fdc34b,1780138481.5783267,6.0,123.0,2.0,-0.12648344039916992,0.0,-6.642293930053711,13.958348274230957,2.1080574989318848,11.940584182739258,-0.09029380977153778,0.01599806069521037,0.12648344039916992,22.394840240478516
run_1780137330_43fdc34b,1780138483.5922482,6.0,123.0,2.0,-0.12648344039916992,0.0,-6.642293930053711,14.00123405456543,2.1080574989318848,11.974857330322266,-0.08168075978755951,0.01599806069521037,0.12648344039916992,22.394840240478516
run_1780137330_43fdc34b,1780138485.585249,6.0,123.0,2.0,-0.12648344039916992,0.0,-6.642293930053711,14.043298721313477,2.1080574989318848,12.009129524230957,-0.07388928532600403,0.01599806069521037,0.12648344039916992,22.394840240478516
run_1780137330_43fdc34b,1780138487.5833952,6.0,123.0,2.0,-0.170562744140625,0.0,-6.691883087158203,14.894986152648926,2.84271240234375,12.048182487487793,0.004091374110430479,0.029091649688780308,0.170562744140625,22.394840240478516
run_1780137330_43fdc34b,1780138489.5782902,6.0,123.0,2.0,-0.170562744140625,0.0,-6.691883087158203,14.937872886657715,2.84271240234375,12.087235450744629,0.007925795391201973,0.029091649688780308,0.170562744140625,22.394840240478516
run_1780137330_43fdc34b,1780138491.590706,6.0,123.0,2.0,-0.12648344039916992,0.0,-6.642293930053711,14.172974586486816,2.1080574989318848,12.128678321838379,-0.06376264244318008,0.01599806069521037,0.12648344039916992,22.394840240478516
run_1780137330_43fdc34b,1780138493.586155,6.0,123.0,2.0,-0.12648344039916992,0.0,-6.642293930053711,14.21332836151123,2.1080574989318848,12.162951469421387,-0.057680364698171616,0.01599806069521037,0.12648344039916992,22.394840240478516
run_1780137330_43fdc34b,1780138495.5799947,6.0,123.0,2.0,-0.12648344039916992,0.0,-6.642293930053711,14.253103256225586,2.1080574989318848,12.197223663330078,-0.052178267389535904,0.01599806069521037,0.12648344039916992,22.394840240478516
run_1780137330_43fdc34b,1780138497.590791,6.0,123.0,2.0,-0.12648344039916992,0.0,-6.642293930053711,14.295299530029297,2.1080574989318848,12.238667488098145,-0.05142571032047272,0.01599806069521037,0.12648344039916992,22.394840240478516
run_1780137330_43fdc34b,1780138499.5875726,6.0,123.0,2.0,-0.12648344039916992,0.0,-6.642293930053711,14.334477424621582,2.1080574989318848,12.272939682006836,-0.046520233154296875,0.01599806069521037,0.12648344039916992,22.394840240478516
run_1780137330_43fdc34b,1780138501.584365,6.0,123.0,2.0,-0.170562744140625,0.0,-6.691883087158203,15.182600975036621,2.84271240234375,12.309602737426758,0.030286259949207306,0.029091649688780308,0.170562744140625,22.394840240478516
run_1780137330_43fdc34b,1780138503.5791638,6.0,123.0,2.0,-0.170562744140625,0.0,-6.691883087158203,15.225934982299805,2.84271240234375,12.355826377868652,0.027397269383072853,0.029091649688780308,0.170562744140625,22.394840240478516
run_1780137330_43fdc34b,1780138505.5873034,6.0,123.0,2.0,-0.170562744140625,0.0,-6.691883087158203,15.26659870147705,2.84271240234375,12.394879341125488,0.02900855615735054,0.029091649688780308,0.170562744140625,22.394840240478516
run_1780137330_43fdc34b,1780138507.5815544,6.0,123.0,2.0,-0.12648344039916992,0.0,-6.642293930053711,14.499688148498535,2.1080574989318848,12.436322212219238,-0.04469095543026924,0.01599806069521037,0.12648344039916992,22.394840240478516
run_1780137330_43fdc34b,1780138509.5887818,6.0,123.0,2.0,-0.170562744140625,0.0,-6.691883087158203,15.35058307647705,2.84271240234375,12.480154991149902,0.02771635726094246,0.029091649688780308,0.170562744140625,22.394840240478516
run_1780137330_43fdc34b,1780138511.5857823,6.0,123.0,2.0,-0.170562744140625,0.0,-6.691883087158203,15.394163131713867,2.84271240234375,12.52637767791748,0.025072507560253143,0.029091649688780308,0.170562744140625,22.394840240478516
run_1780137330_43fdc34b,1780138513.5849006,6.0,123.0,2.0,-0.170562744140625,0.0,-6.691883087158203,15.437994956970215,2.84271240234375,12.572601318359375,0.0226808562874794,0.029091649688780308,0.170562744140625,22.394840240478516
run_1780137330_43fdc34b,1780138515.5839012,6.0,123.0,2.0,-0.12648344039916992,0.0,-6.642293930053711,14.668657302856445,2.1080574989318848,12.606874465942383,-0.04627421870827675,0.01599806069521037,0.12648344039916992,22.394840240478516
run_1780137330_43fdc34b,1780138517.5804944,6.0,123.0,2.0,-0.12648344039916992,0.0,-6.642293930053711,14.707343101501465,2.1080574989318848,12.641146659851074,-0.041860148310661316,0.01599806069521037,0.12648344039916992,22.394840240478516
run_1780137330_43fdc34b,1780138519.5907376,6.0,123.0,2.0,-0.170562744140625,0.0,-6.691883087158203,15.555977821350098,2.84271240234375,12.68019962310791,0.03306526690721512,0.029091649688780308,0.170562744140625,22.394840240478516
run_1780137330_43fdc34b,1780138521.5891662,6.0,123.0,2.0,-0.170562744140625,0.0,-6.691883087158203,15.59904670715332,2.84271240234375,12.726423263549805,0.029911193996667862,0.029091649688780308,0.170562744140625,22.394840240478516
run_1780137330_43fdc34b,1780138523.583788,6.0,123.0,2.0,-0.12648344039916992,0.0,-6.642293930053711,14.829018592834473,2.1080574989318848,12.760695457458496,-0.03973359242081642,0.01599806069521037,0.12648344039916992,22.394840240478516
run_1780137330_43fdc34b,1780138525.5782866,6.0,123.0,2.0,-0.12648344039916992,0.0,-6.642293930053711,14.867082595825195,2.1080574989318848,12.794968605041504,-0.03594342619180679,0.01599806069521037,0.12648344039916992,22.394840240478516
run_1780137330_43fdc34b,1780138527.59064,6.0,123.0,2.0,-0.170562744140625,0.0,-6.691883087158203,15.7151517868042,2.84271240234375,12.83402156829834,0.038417596369981766,0.029091649688780308,0.170562744140625,22.394840240478516
run_1780137330_43fdc34b,1780138529.5863738,6.0,123.0,2.0,-0.12648344039916992,0.0,-6.642293930053711,14.945348739624023,2.1080574989318848,12.870684623718262,-0.03339130058884621,0.01599806069521037,0.12648344039916992,22.394840240478516
run_1780137330_43fdc34b,1780138531.581593,6.0,123.0,2.0,-0.170562744140625,0.0,-6.691883087158203,15.79317569732666,2.84271240234375,12.909737586975098,0.040726277977228165,0.029091649688780308,0.170562744140625,22.394840240478516
run_1780137330_43fdc34b,1780138533.580647,6.0,123.0,2.0,-0.21464109420776367,0.0,-6.741471290588379,16.647857666015625,3.5773515701293945,12.965520858764648,0.10498420149087906,0.04607079932270608,0.21464109420776367,22.394840240478516
run_1780137330_43fdc34b,1780138535.5913732,6.0,123.0,2.0,-0.170562744140625,0.0,-6.691883087158203,15.879607200622559,2.84271240234375,13.004573822021484,0.0323205329477787,0.029091649688780308,0.170562744140625,22.394840240478516
run_1780137330_43fdc34b,1780138537.5862672,6.0,123.0,2.0,-0.170562744140625,0.0,-6.691883087158203,15.922747611999512,2.84271240234375,13.050797462463379,0.029237497597932816,0.029091649688780308,0.170562744140625,22.394840240478516
run_1780137330_43fdc34b,1780138539.5845034,6.0,123.0,2.0,-0.12648344039916992,0.0,-6.642293930053711,15.155813217163086,2.1080574989318848,13.092240333557129,-0.04448385164141655,0.01599806069521037,0.12648344039916992,22.394840240478516
run_1780137330_43fdc34b,1780138541.581877,6.0,123.0,2.0,-0.12648344039916992,0.0,-6.642293930053711,15.194329261779785,2.1080574989318848,13.126513481140137,-0.040240559726953506,0.01599806069521037,0.12648344039916992,22.394840240478516
run_1780137330_43fdc34b,1780138543.5791543,6.0,123.0,2.0,-0.170562744140625,0.0,-6.691883087158203,16.045839309692383,2.84271240234375,13.172737121582031,0.030389530584216118,0.029091649688780308,0.170562744140625,22.394840240478516
run_1780137330_43fdc34b,1780138545.5881572,6.0,123.0,2.0,-0.170562744140625,0.0,-6.691883087158203,16.089162826538086,2.84271240234375,13.21895980834961,0.027490686625242233,0.029091649688780308,0.170562744140625,22.394840240478516
run_1780137330_43fdc34b,1780138547.5861545,6.0,123.0,2.0,-0.12648344039916992,0.0,-6.642293930053711,15.319366455078125,2.1080574989318848,13.253232955932617,-0.04192320629954338,0.01599806069521037,0.12648344039916992,22.394840240478516
run_1780137330_43fdc34b,1780138549.5814803,6.0,123.0,2.0,-0.170562744140625,0.0,-6.691883087158203,16.168989181518555,2.84271240234375,13.294675827026367,0.03160018101334572,0.029091649688780308,0.170562744140625,22.394840240478516
run_1780137330_43fdc34b,1780138551.5928643,6.0,123.0,2.0,-0.170562744140625,0.0,-6.691883087158203,16.209169387817383,2.84271240234375,13.333728790283203,0.03272668272256851,0.029091649688780308,0.170562744140625,22.394840240478516
run_1780137330_43fdc34b,1780138553.589055,6.0,123.0,2.0,-0.12648344039916992,0.0,-6.642293930053711,15.440919876098633,2.1080574989318848,13.372781753540039,-0.039919450879096985,0.01599806069521037,0.12648344039916992,22.394840240478516
run_1780137330_43fdc34b,1780138555.5849736,6.0,123.0,2.0,-0.170562744140625,0.0,-6.691883087158203,16.29239845275879,2.84271240234375,13.419005393981934,0.030680010095238686,0.029091649688780308,0.170562744140625,22.394840240478516
run_1780137330_43fdc34b,1780138557.5819333,6.0,123.0,2.0,-0.12648344039916992,0.0,-6.642293930053711,15.524344444274902,2.1080574989318848,13.45805835723877,-0.041770897805690765,0.01599806069521037,0.12648344039916992,22.394840240478516
run_1780137330_43fdc34b,1780138559.5783906,6.0,123.0,2.0,-0.12648344039916992,0.0,-6.642293930053711,15.565630912780762,2.1080574989318848,13.49950122833252,-0.041927218437194824,0.01599806069521037,0.12648344039916992,22.394840240478516
run_1780137330_43fdc34b,1780138561.5865533,6.0,123.0,2.0,-0.12648344039916992,0.0,-6.642293930053711,15.603902816772461,2.1080574989318848,13.533774375915527,-0.03792780637741089,0.01599806069521037,0.12648344039916992,22.394840240478516
run_1780137330_43fdc34b,1780138563.5830538,6.0,123.0,2.0,-0.08241701126098633,0.0,-6.592719078063965,14.83166217803955,1.3736169338226318,13.56326675415039,-0.10522159188985825,0.006792563745193547,0.08241701126098633,22.394840240478516
run_1780137330_43fdc34b,1780138565.5901408,6.0,123.0,2.0,-0.12648344039916992,0.0,-6.642293930053711,15.675134658813477,2.1080574989318848,13.592759132385254,-0.025680504739284515,0.01599806069521037,0.12648344039916992,22.394840240478516
run_1780137330_43fdc34b,1780138567.5830212,6.0,123.0,2.0,-0.08241701126098633,0.0,-6.592719078063965,14.89869499206543,1.3736169338226318,13.615080833435059,-0.09000292420387268,0.006792563745193547,0.08241701126098633,22.394840240478516
run_1780137330_43fdc34b,1780138569.5912719,6.0,123.0,2.0,-0.08241701126098633,0.0,-6.592719078063965,14.92960262298584,1.3736169338226318,13.637402534484863,-0.08141760528087616,0.006792563745193547,0.08241701126098633,22.394840240478516
run_1780137330_43fdc34b,1780138571.5853212,6.0,123.0,2.0,-0.08241701126098633,0.0,-6.592719078063965,14.959691047668457,1.3736169338226318,13.659724235534668,-0.07365121692419052,0.006792563745193547,0.08241701126098633,22.394840240478516
run_1780137330_43fdc34b,1780138573.5817304,6.0,123.0,2.0,-0.08241701126098633,0.0,-6.592719078063965,14.98903751373291,1.3736169338226318,13.682046890258789,-0.0666256695985794,0.006792563745193547,0.08241701126098633,22.394840240478516
run_1780137330_43fdc34b,1780138575.5909739,6.0,123.0,2.0,-0.08241701126098633,0.0,-6.592719078063965,15.017715454101562,1.3736169338226318,13.704368591308594,-0.060270290821790695,0.006792563745193547,0.08241701126098633,22.394840240478516
run_1780137330_43fdc34b,1780138577.586071,6.0,123.0,2.0,-0.08241701126098633,0.0,-6.592719078063965,15.045785903930664,1.3736169338226318,13.726690292358398,-0.05452115461230278,0.006792563745193547,0.08241701126098633,22.394840240478516
run_1780137330_43fdc34b,1780138579.5807586,6.0,123.0,2.0,-0.08241701126098633,0.0,-6.592719078063965,15.073309898376465,1.3736169338226318,13.749011993408203,-0.049320414662361145,0.006792563745193547,0.08241701126098633,22.394840240478516
run_1780137330_43fdc34b,1780138581.5776598,6.0,123.0,2.0,-0.08241701126098633,0.0,-6.592719078063965,15.100336074829102,1.3736169338226318,13.771334648132324,-0.04461575299501419,0.006792563745193547,0.08241701126098633,22.394840240478516
run_1780137330_43fdc34b,1780138583.5902708,6.0,123.0,2.0,-0.08241701126098633,0.0,-6.592719078063965,15.130898475646973,1.3736169338226318,13.803216934204102,-0.04593564197421074,0.006792563745193547,0.08241701126098633,22.394840240478516
run_1780137330_43fdc34b,1780138585.585239,6.0,123.0,2.0,-0.08241701126098633,0.0,-6.592719078063965,15.157602310180664,1.3736169338226318,13.825538635253906,-0.04155387729406357,0.006792563745193547,0.08241701126098633,22.394840240478516
run_1780137330_43fdc34b,1780138587.5814278,6.0,123.0,2.0,-0.12648344039916992,0.0,-6.642293930053711,15.997050285339355,2.1080574989318848,13.859811782836914,0.029181979596614838,0.01599806069521037,0.12648344039916992,22.394840240478516
run_1780137330_43fdc34b,1780138589.5802357,6.0,123.0,2.0,-0.12648344039916992,0.0,-6.642293930053711,16.028539657592773,2.1080574989318848,13.894083976745605,0.026398321613669395,0.01599806069521037,0.12648344039916992,22.394840240478516
run_1780137330_43fdc34b,1780138591.589098,6.0,123.0,2.0,-0.12648344039916992,0.0,-6.642293930053711,16.05630874633789,2.1080574989318848,13.91879653930664,0.029455959796905518,0.01599806069521037,0.12648344039916992,22.394840240478516
run_1780137330_43fdc34b,1780138593.584808,6.0,123.0,2.0,-0.08241701126098633,0.0,-6.592719078063965,15.27665901184082,1.3736169338226318,13.945898056030273,-0.04285787418484688,0.006792563745193547,0.08241701126098633,22.394840240478516
run_1780137330_43fdc34b,1780138595.5831115,6.0,123.0,2.0,-0.08241701126098633,0.0,-6.592719078063965,15.303068161010742,1.3736169338226318,13.968220710754395,-0.0387696847319603,0.006792563745193547,0.08241701126098633,22.394840240478516
run_1780137330_43fdc34b,1780138597.5932095,6.0,123.0,2.0,-0.12648344039916992,0.0,-6.642293930053711,16.140201568603516,2.1080574989318848,13.997713088989258,0.034432586282491684,0.01599806069521037,0.12648344039916992,22.394840240478516
run_1780137330_43fdc34b,1780138599.585722,6.0,123.0,2.0,-0.12648344039916992,0.0,-6.642293930053711,16.17119026184082,2.1080574989318848,14.03198528289795,0.03114808350801468,0.01599806069521037,0.12648344039916992,22.394840240478516
run_1780137330_43fdc34b,1780138601.5813475,6.0,123.0,2.0,-0.08241701126098633,0.0,-6.592719078063965,15.391378402709961,1.3736169338226318,14.059087753295898,-0.04132717102766037,0.006792563745193547,0.08241701126098633,22.394840240478516
run_1780137330_43fdc34b,1780138603.5936866,6.0,123.0,2.0,-0.08241701126098633,0.0,-6.592719078063965,15.417641639709473,1.3736169338226318,14.081409454345703,-0.037384994328022,0.006792563745193547,0.08241701126098633,22.394840240478516
run_1780137330_43fdc34b,1780138605.590795,6.0,123.0,2.0,-0.038336753845214844,0.0,-6.543128967285156,14.632180213928223,0.6389459371566772,14.096578598022461,-0.10334472358226776,0.001469706695388595,0.038336753845214844,22.394840240478516
run_1780137330_43fdc34b,1780138607.5851045,6.0,123.0,2.0,-0.08241701126098633,0.0,-6.592719078063965,15.461865425109863,1.3736169338226318,14.10936450958252,-0.02111622504889965,0.006792563745193547,0.08241701126098633,22.394840240478516
run_1780137330_43fdc34b,1780138609.5807424,6.0,123.0,2.0,-0.038336753845214844,0.0,-6.543128967285156,14.674851417541504,0.6389459371566772,14.124533653259277,-0.08862783759832382,0.001469706695388595,0.038336753845214844,22.394840240478516
run_1780137330_43fdc34b,1780138611.5905094,6.0,123.0,2.0,-0.12648344039916992,0.0,-6.642293930053711,16.31230926513672,2.1080574989318848,14.139708518981934,0.0645446851849556,0.01599806069521037,0.12648344039916992,22.394840240478516
run_1780137330_43fdc34b,1780138613.582467,6.0,123.0,2.0,-0.08241701126098633,0.0,-6.592719078063965,15.529312133789062,1.3736169338226318,14.166810989379883,-0.011116242036223412,0.006792563745193547,0.08241701126098633,22.394840240478516
run_1780137330_43fdc34b,1780138615.584332,6.0,123.0,2.0,-0.038336753845214844,0.0,-6.543128967285156,14.740340232849121,0.6389459371566772,14.179595947265625,-0.07820159941911697,0.001469706695388595,0.038336753845214844,22.394840240478516
run_1780137330_43fdc34b,1780138617.5915334,6.0,123.0,2.0,-0.038336753845214844,0.0,-6.543128967285156,14.758200645446777,0.6389459371566772,14.189997673034668,-0.07074199616909027,0.001469706695388595,0.038336753845214844,22.394840240478516
run_1780137330_43fdc34b,1780138619.5857477,6.0,123.0,2.0,-0.08241701126098633,0.0,-6.592719078063965,15.584775924682617,1.3736169338226318,14.20278263092041,0.00837656855583191,0.006792563745193547,0.08241701126098633,22.394840240478516
run_1780137330_43fdc34b,1780138621.5854623,6.0,123.0,2.0,-0.08241701126098633,0.0,-6.592719078063965,15.60629940032959,1.3736169338226318,14.225104331970215,0.0075775329023599625,0.006792563745193547,0.08241701126098633,22.394840240478516
run_1780137330_43fdc34b,1780138623.5874233,6.0,123.0,2.0,-0.038336753845214844,0.0,-6.543128967285156,14.821418762207031,0.6389459371566772,14.252212524414062,-0.06973926723003387,0.001469706695388595,0.038336753845214844,22.394840240478516
run_1780137330_43fdc34b,1780138625.5828779,6.0,123.0,2.0,-0.038336753845214844,0.0,-6.543128967285156,14.838472366333008,0.6389459371566772,14.262613296508789,-0.0630868673324585,0.001469706695388595,0.038336753845214844,22.394840240478516
run_1780137330_43fdc34b,1780138627.5921645,6.0,123.0,2.0,-0.038336753845214844,0.0,-6.543128967285156,14.854891777038574,0.6389459371566772,14.273015022277832,-0.057069044560194016,0.001469706695388595,0.038336753845214844,22.394840240478516
run_1780137330_43fdc34b,1780138629.5882695,6.0,123.0,2.0,-0.08241701126098633,0.0,-6.592719078063965,15.681110382080078,1.3736169338226318,14.28818416595459,0.0193086676299572,0.006792563745193547,0.08241701126098633,22.394840240478516
run_1780137330_43fdc34b,1780138631.5794508,6.0,123.0,2.0,-0.08241701126098633,0.0,-6.592719078063965,15.698662757873535,1.3736169338226318,14.303353309631348,0.021691611036658287,0.006792563745193547,0.08241701126098633,22.394840240478516
run_1780137330_43fdc34b,1780138633.584172,6.0,123.0,2.0,-0.038336753845214844,0.0,-6.543128967285156,14.908540725708008,0.6389459371566772,14.320906639099121,-0.05131147429347038,0.001469706695388595,0.038336753845214844,22.394840240478516
run_1780137330_43fdc34b,1780138635.5887096,6.0,123.0,2.0,-0.038336753845214844,0.0,-6.543128967285156,14.926764488220215,0.6389459371566772,14.338460922241211,-0.050641681998968124,0.001469706695388595,0.038336753845214844,22.394840240478516
run_1780137330_43fdc34b,1780138637.5806267,6.0,123.0,2.0,-0.038336753845214844,0.0,-6.543128967285156,14.941996574401855,0.6389459371566772,14.348861694335938,-0.0458110049366951,0.001469706695388595,0.038336753845214844,22.394840240478516
run_1780137330_43fdc34b,1780138639.5880682,6.0,123.0,2.0,-0.08241701126098633,0.0,-6.592719078063965,15.769121170043945,1.3736169338226318,14.368799209594727,0.02670462056994438,0.006792563745193547,0.08241701126098633,22.394840240478516
run_1780137330_43fdc34b,1780138641.5828013,6.0,123.0,2.0,-0.08241701126098633,0.0,-6.592719078063965,15.788896560668945,1.3736169338226318,14.391120910644531,0.02415727823972702,0.006792563745193547,0.08241701126098633,22.394840240478516
run_1780137330_43fdc34b,1780138643.5861425,6.0,123.0,2.0,-0.08241701126098633,0.0,-6.592719078063965,15.805985450744629,1.3736169338226318,14.406291007995605,0.02607771009206772,0.006792563745193547,0.08241701126098633,22.394840240478516
run_1780137330_43fdc34b,1780138645.5943272,6.0,123.0,2.0,-0.038336753845214844,0.0,-6.543128967285156,15.015445709228516,0.6389459371566772,14.423844337463379,-0.04734376445412636,0.001469706695388595,0.038336753845214844,22.394840240478516
run_1780137330_43fdc34b,1780138647.591018,6.0,123.0,2.0,-0.038336753845214844,0.0,-6.543128967285156,15.030363082885742,0.6389459371566772,14.434245109558105,-0.04282765835523605,0.001469706695388595,0.038336753845214844,22.394840240478516
run_1780137330_43fdc34b,1780138649.585622,6.0,123.0,2.0,-0.038336753845214844,0.0,-6.543128967285156,15.04786205291748,0.6389459371566772,14.451798439025879,-0.04288328438997269,0.001469706695388595,0.038336753845214844,22.394840240478516
run_1780137330_43fdc34b,1780138651.5899475,6.0,123.0,2.0,-0.08241701126098633,0.0,-6.592719078063965,15.87470817565918,1.3736169338226318,14.471736907958984,0.029353074729442596,0.006792563745193547,0.08241701126098633,22.394840240478516
run_1780137330_43fdc34b,1780138653.5849473,6.0,123.0,2.0,-0.038336753845214844,0.0,-6.543128967285156,15.083855628967285,0.6389459371566772,14.489290237426758,-0.04438083618879318,0.001469706695388595,0.038336753845214844,22.394840240478516
run_1780137330_43fdc34b,1780138655.580564,6.0,123.0,2.0,-0.038336753845214844,0.0,-6.543128967285156,15.098489761352539,0.6389459371566772,14.499691009521484,-0.04014737159013748,0.001469706695388595,0.038336753845214844,22.394840240478516
run_1780137330_43fdc34b,1780138657.5896635,6.0,123.0,2.0,-0.038336753845214844,0.0,-6.543128967285156,15.115732192993164,0.6389459371566772,14.517244338989258,-0.040458664298057556,0.001469706695388595,0.038336753845214844,22.394840240478516
run_1780137330_43fdc34b,1780138659.5812044,6.0,123.0,2.0,-0.038336753845214844,0.0,-6.543128967285156,15.129992485046387,0.6389459371566772,14.5276460647583,-0.036599334329366684,0.001469706695388595,0.038336753845214844,22.394840240478516
run_1780137330_43fdc34b,1780138661.5893736,6.0,123.0,2.0,-0.038336753845214844,0.0,-6.543128967285156,15.143882751464844,0.6389459371566772,14.538046836853027,-0.033108144998550415,0.001469706695388595,0.038336753845214844,22.394840240478516
run_1780137330_43fdc34b,1780138663.582338,6.0,123.0,2.0,-0.038336753845214844,0.0,-6.543128967285156,15.157443046569824,0.6389459371566772,14.548447608947754,-0.02994997799396515,0.001469706695388595,0.038336753845214844,22.394840240478516
run_1780137330_43fdc34b,1780138665.59318,6.0,123.0,2.0,-0.038336753845214844,0.0,-6.543128967285156,15.173712730407715,0.6389459371566772,14.566000938415527,-0.03123398870229721,0.001469706695388595,0.038336753845214844,22.394840240478516
run_1780137330_43fdc34b,1780138667.5901802,6.0,123.0,2.0,-0.038336753845214844,0.0,-6.543128967285156,15.187093734741211,0.6389459371566772,14.57640266418457,-0.02825460024178028,0.001469706695388595,0.038336753845214844,22.394840240478516
run_1780137330_43fdc34b,1780138669.5841393,6.0,123.0,2.0,-0.08241701126098633,0.0,-6.592719078063965,16.010562896728516,1.3736169338226318,14.591571807861328,0.04537452012300491,0.006792563745193547,0.08241701126098633,22.394840240478516
run_1780137330_43fdc34b,1780138671.581455,6.0,123.0,2.0,-0.038336753845214844,0.0,-6.543128967285156,15.216202735900879,0.6389459371566772,14.60435676574707,-0.02709946781396866,0.001469706695388595,0.038336753845214844,22.394840240478516
run_1780137330_43fdc34b,1780138673.58024,6.0,123.0,2.0,-0.038336753845214844,0.0,-6.543128967285156,15.229188919067383,0.6389459371566772,14.614757537841797,-0.024514464661478996,0.001469706695388595,0.038336753845214844,22.394840240478516
run_1780137330_43fdc34b,1780138675.5865574,6.0,123.0,2.0,-0.038336753845214844,0.0,-6.543128967285156,15.241928100585938,0.6389459371566772,14.62515926361084,-0.022176051512360573,0.001469706695388595,0.038336753845214844,22.394840240478516
run_1780137330_43fdc34b,1780138677.5800745,6.0,123.0,2.0,-0.038336753845214844,0.0,-6.543128967285156,15.26048755645752,0.6389459371566772,14.649883270263672,-0.028341228142380714,0.001469706695388595,0.038336753845214844,22.394840240478516
run_1780137330_43fdc34b,1780138679.5860155,6.0,123.0,2.0,-0.038336753845214844,0.0,-6.543128967285156,15.273591995239258,0.6389459371566772,14.660284042358398,-0.025637773796916008,0.001469706695388595,0.038336753845214844,22.394840240478516
run_1780137330_43fdc34b,1780138681.5895767,6.0,123.0,2.0,-0.12648344039916992,0.0,-6.642293930053711,16.909955978393555,2.1080574989318848,14.687386512756348,0.11451248824596405,0.01599806069521037,0.12648344039916992,22.394840240478516
run_1780137330_43fdc34b,1780138683.581766,6.0,123.0,2.0,-0.08241701126098633,0.0,-6.592719078063965,16.122190475463867,1.3736169338226318,14.71448802947998,0.034085165709257126,0.006792563745193547,0.08241701126098633,22.394840240478516
run_1780137330_43fdc34b,1780138685.588813,6.0,123.0,2.0,-0.12648344039916992,0.0,-6.642293930053711,16.951393127441406,2.1080574989318848,14.74159049987793,0.10174547880887985,0.01599806069521037,0.12648344039916992,22.394840240478516
run_1780137330_43fdc34b,1780138687.5855753,6.0,123.0,2.0,-0.038336753845214844,0.0,-6.543128967285156,15.353496551513672,0.6389459371566772,14.761540412902832,-0.04698987305164337,0.001469706695388595,0.038336753845214844,22.394840240478516
run_1780137330_43fdc34b,1780138689.5932934,6.0,123.0,2.0,-0.08241701126098633,0.0,-6.592719078063965,16.181764602661133,1.3736169338226318,14.783862113952637,0.024285485967993736,0.006792563745193547,0.08241701126098633,22.394840240478516
run_1780137330_43fdc34b,1780138691.5885122,6.0,123.0,2.0,-0.12648344039916992,0.0,-6.642293930053711,17.01288414001465,2.1080574989318848,14.8133544921875,0.09147296100854874,0.01599806069521037,0.12648344039916992,22.394840240478516
run_1780137330_43fdc34b,1780138693.58491,6.0,123.0,2.0,-0.08241701126098633,0.0,-6.592719078063965,16.225269317626953,1.3736169338226318,14.835676193237305,0.015975346788764,0.006792563745193547,0.08241701126098633,22.394840240478516
run_1780137330_43fdc34b,1780138695.5803144,6.0,123.0,2.0,-0.08241701126098633,0.0,-6.592719078063965,16.24606704711914,1.3736169338226318,14.857998847961426,0.0144514674320817,0.006792563745193547,0.08241701126098633,22.394840240478516
run_1780137330_43fdc34b,1780138697.578319,6.0,123.0,2.0,-0.12648344039916992,0.0,-6.642293930053711,17.0771427154541,2.1080574989318848,14.885100364685059,0.08398463577032089,0.01599806069521037,0.12648344039916992,22.394840240478516
run_1780137330_43fdc34b,1780138699.5914023,6.0,123.0,2.0,-0.038336753845214844,0.0,-6.543128967285156,15.480938911437988,0.6389459371566772,14.905050277709961,-0.06305652111768723,0.001469706695388595,0.038336753845214844,22.394840240478516
run_1780137330_43fdc34b,1780138701.586583,6.0,123.0,2.0,-0.038336753845214844,0.0,-6.543128967285156,15.501314163208008,0.6389459371566772,14.92498779296875,-0.06261910498142242,0.001469706695388595,0.038336753845214844,22.394840240478516
run_1780137330_43fdc34b,1780138703.5845835,6.0,123.0,2.0,-0.038336753845214844,0.0,-6.543128967285156,15.51768970489502,0.6389459371566772,14.935389518737793,-0.056645892560482025,0.001469706695388595,0.038336753845214844,22.394840240478516
run_1780137330_43fdc34b,1780138705.5941184,6.0,123.0,2.0,-0.08241701126098633,0.0,-6.592719078063965,16.342920303344727,1.3736169338226318,14.948174476623535,0.021128054708242416,0.006792563745193547,0.08241701126098633,22.394840240478516
run_1780137330_43fdc34b,1780138707.5888915,6.0,123.0,2.0,-0.038336753845214844,0.0,-6.543128967285156,15.551875114440918,0.6389459371566772,14.963343620300293,-0.05041320249438286,0.001469706695388595,0.038336753845214844,22.394840240478516
run_1780137330_43fdc34b,1780138709.5872383,6.0,123.0,2.0,-0.08241701126098633,0.0,-6.592719078063965,16.380470275878906,1.3736169338226318,14.985665321350098,0.02118869684636593,0.006792563745193547,0.08241701126098633,22.394840240478516
run_1780137330_43fdc34b,1780138711.5816371,6.0,123.0,2.0,-0.038336753845214844,0.0,-6.543128967285156,15.589422225952148,0.6389459371566772,15.000835418701172,-0.05035834759473801,0.001469706695388595,0.038336753845214844,22.394840240478516
run_1780137330_43fdc34b,1780138713.592155,6.0,123.0,2.0,-0.038336753845214844,0.0,-6.543128967285156,15.60462760925293,0.6389459371566772,15.011236190795898,-0.04555469751358032,0.001469706695388595,0.038336753845214844,22.394840240478516
run_1780137330_43fdc34b,1780138715.5886025,6.0,123.0,2.0,-0.038336753845214844,0.0,-6.543128967285156,15.619373321533203,0.6389459371566772,15.021636962890625,-0.04120926186442375,0.001469706695388595,0.038336753845214844,22.394840240478516
run_1780137330_43fdc34b,1780138717.5842144,6.0,123.0,2.0,-0.08241701126098633,0.0,-6.592719078063965,16.443132400512695,1.3736169338226318,15.034421920776367,0.03509219363331795,0.006792563745193547,0.08241701126098633,22.394840240478516
run_1780137330_43fdc34b,1780138719.5812147,6.0,123.0,2.0,-0.038336753845214844,0.0,-6.543128967285156,15.6507568359375,0.6389459371566772,15.049592018127441,-0.037781089544296265,0.001469706695388595,0.038336753845214844,22.394840240478516
run_1780137330_43fdc34b,1780138721.591361,6.0,123.0,2.0,-0.038336753845214844,0.0,-6.543128967285156,15.668720245361328,0.6389459371566772,15.06952953338623,-0.03975468501448631,0.001469706695388595,0.038336753845214844,22.394840240478516
run_1780137330_43fdc34b,1780138723.5862706,6.0,123.0,2.0,-0.038336753845214844,0.0,-6.543128967285156,15.682913780212402,0.6389459371566772,15.079930305480957,-0.035962507128715515,0.001469706695388595,0.038336753845214844,22.394840240478516
run_1780137330_43fdc34b,1780138725.5945444,6.0,123.0,2.0,-0.038336753845214844,0.0,-6.543128967285156,15.696744918823242,0.6389459371566772,15.090331077575684,-0.032532066106796265,0.001469706695388595,0.038336753845214844,22.394840240478516
run_1780137330_43fdc34b,1780138727.5912652,6.0,123.0,2.0,-0.038336753845214844,0.0,-6.543128967285156,15.710249900817871,0.6389459371566772,15.100732803344727,-0.029428847134113312,0.001469706695388595,0.038336753845214844,22.394840240478516
run_1780137330_43fdc34b,1780138729.5842094,6.0,123.0,2.0,-0.038336753845214844,0.0,-6.543128967285156,15.723458290100098,0.6389459371566772,15.111133575439453,-0.02662164717912674,0.001469706695388595,0.038336753845214844,22.394840240478516
run_1780137330_43fdc34b,1780138731.5815709,6.0,123.0,2.0,-0.038336753845214844,0.0,-6.543128967285156,15.736397743225098,0.6389459371566772,15.12153434753418,-0.02408222109079361,0.001469706695388595,0.038336753845214844,22.394840240478516
run_1780137330_43fdc34b,1780138733.5916502,6.0,123.0,2.0,-0.038336753845214844,0.0,-6.543128967285156,15.74909496307373,0.6389459371566772,15.131935119628906,-0.021785035729408264,0.001469706695388595,0.038336753845214844,22.394840240478516
run_1780137330_43fdc34b,1780138735.5803754,6.0,123.0,2.0,-0.038336753845214844,0.0,-6.543128967285156,15.761574745178223,0.6389459371566772,15.14233684539795,-0.019706975668668747,0.001469706695388595,0.038336753845214844,22.394840240478516
run_1780137330_43fdc34b,1780138737.5916023,6.0,123.0,2.0,-0.08241701126098633,0.0,-6.592719078063965,16.586210250854492,1.3736169338226318,15.162274360656738,0.050318602472543716,0.006792563745193547,0.08241701126098633,22.394840240478516
run_1780137330_43fdc34b,1780138739.5829215,6.0,123.0,2.0,-0.038336753845214844,0.0,-6.543128967285156,15.792381286621094,0.6389459371566772,15.177443504333496,-0.024007121101021767,0.001469706695388595,0.038336753845214844,22.394840240478516
run_1780137330_43fdc34b,1780138741.5935655,6.0,123.0,2.0,-0.038336753845214844,0.0,-6.543128967285156,15.805072784423828,0.6389459371566772,15.187844276428223,-0.021717095747590065,0.001469706695388595,0.038336753845214844,22.394840240478516
run_1780137330_43fdc34b,1780138743.5848286,6.0,123.0,2.0,-0.08241701126098633,0.0,-6.592719078063965,16.628894805908203,1.3736169338226318,15.205398559570312,0.04988035187125206,0.006792563745193547,0.08241701126098633,22.394840240478516
run_1780137330_43fdc34b,1780138745.579432,6.0,123.0,2.0,-0.038336753845214844,0.0,-6.543128967285156,15.83703327178955,0.6389459371566772,15.225336074829102,-0.027248237282037735,0.001469706695388595,0.038336753845214844,22.394840240478516
run_1780137330_43fdc34b,1780138747.5924265,6.0,123.0,2.0,-0.038336753845214844,0.0,-6.543128967285156,15.850032806396484,0.6389459371566772,15.235736846923828,-0.02464904449880123,0.001469706695388595,0.038336753845214844,22.394840240478516
run_1780137330_43fdc34b,1780138749.5841348,6.0,123.0,2.0,-0.08241701126098633,0.0,-6.592719078063965,16.672212600708008,1.3736169338226318,15.24852180480957,0.05007273331284523,0.006792563745193547,0.08241701126098633,22.394840240478516
run_1780137330_43fdc34b,1780138751.5940354,6.0,123.0,2.0,-0.038336753845214844,0.0,-6.543128967285156,15.87840747833252,0.6389459371566772,15.263691902160645,-0.024229541420936584,0.001469706695388595,0.038336753845214844,22.394840240478516
run_1780137330_43fdc34b,1780138753.5894897,6.0,123.0,2.0,-0.038336753845214844,0.0,-6.543128967285156,15.891119956970215,0.6389459371566772,15.274092674255371,-0.021918296813964844,0.001469706695388595,0.038336753845214844,22.394840240478516
run_1780137330_43fdc34b,1780138755.5859153,6.0,123.0,2.0,-0.08241701126098633,0.0,-6.592719078063965,16.713985443115234,1.3736169338226318,15.289261817932129,0.05110640823841095,0.006792563745193547,0.08241701126098633,22.394840240478516
run_1780137330_43fdc34b,1780138757.5824642,6.0,123.0,2.0,-0.08241701126098633,0.0,-6.592719078063965,16.73143196105957,1.3736169338226318,15.311583518981934,0.04623139649629593,0.006792563745193547,0.08241701126098633,22.394840240478516
run_1780137330_43fdc34b,1780138759.5870304,6.0,123.0,2.0,-0.038336753845214844,0.0,-6.543128967285156,15.938970565795898,0.6389459371566772,15.329137802124023,-0.02911253273487091,0.001469706695388595,0.038336753845214844,22.394840240478516
run_1780137330_43fdc34b,1780138761.5905776,6.0,123.0,2.0,-0.038336753845214844,0.0,-6.543128967285156,15.952149391174316,0.6389459371566772,15.33953857421875,-0.02633550576865673,0.001469706695388595,0.038336753845214844,22.394840240478516
run_1780137330_43fdc34b,1780138763.584001,6.0,123.0,2.0,-0.038336753845214844,0.0,-6.543128967285156,15.96506118774414,0.6389459371566772,15.349939346313477,-0.02382338047027588,0.001469706695388595,0.038336753845214844,22.394840240478516
run_1780137330_43fdc34b,1780138765.5945487,6.0,123.0,2.0,-0.08241701126098633,0.0,-6.592719078063965,16.787160873413086,1.3736169338226318,15.362724304199219,0.05081964284181595,0.006792563745193547,0.08241701126098633,22.394840240478516
run_1780137330_43fdc34b,1780138767.5835114,6.0,123.0,2.0,-0.08241701126098633,0.0,-6.592719078063965,16.804636001586914,1.3736169338226318,15.38504695892334,0.04597198963165283,0.006792563745193547,0.08241701126098633,22.394840240478516
run_1780137330_43fdc34b,1780138769.579566,6.0,123.0,2.0,-0.08241701126098633,0.0,-6.592719078063965,16.819644927978516,1.3736169338226318,15.400216102600098,0.045811522752046585,0.006792563745193547,0.08241701126098633,22.394840240478516
run_1780137330_43fdc34b,1780138771.5870686,6.0,123.0,2.0,-0.08241701126098633,0.0,-6.592719078063965,16.837596893310547,1.3736169338226318,15.422537803649902,0.04144158959388733,0.006792563745193547,0.08241701126098633,22.394840240478516
run_1780137330_43fdc34b,1780138773.5937123,6.0,123.0,2.0,-0.038336753845214844,0.0,-6.543128967285156,16.046539306640625,0.6389459371566772,15.442475318908691,-0.03488202393054962,0.001469706695388595,0.038336753845214844,22.394840240478516
run_1780137330_43fdc34b,1780138775.5883608,6.0,123.0,2.0,-0.038336753845214844,0.0,-6.543128967285156,16.060266494750977,0.6389459371566772,15.452877044677734,-0.03155464679002762,0.001469706695388595,0.038336753845214844,22.394840240478516
run_1780137330_43fdc34b,1780138777.5806484,6.0,123.0,2.0,-0.08241701126098633,0.0,-6.592719078063965,16.88603401184082,1.3736169338226318,15.472814559936523,0.039601076394319534,0.006792563745193547,0.08241701126098633,22.394840240478516
run_1780137330_43fdc34b,1780138779.5941443,6.0,123.0,2.0,-0.08241701126098633,0.0,-6.592719078063965,16.904577255249023,1.3736169338226318,15.495136260986328,0.035823553800582886,0.006792563745193547,0.08241701126098633,22.394840240478516
run_1780137330_43fdc34b,1780138781.5899036,6.0,123.0,2.0,0.005744457244873047,0.0,-6.493537425994873,15.296229362487793,-0.09574095904827118,15.495857238769531,-0.10388659685850143,3.2998789038174436e-05,0.005744457244873047,22.394840240478516
run_1780137330_43fdc34b,1780138783.587621,6.0,123.0,2.0,-0.038336753845214844,0.0,-6.543128967285156,16.11802101135254,0.6389459371566772,15.506258964538574,-0.027182459831237793,0.001469706695388595,0.038336753845214844,22.394840240478516
run_1780137330_43fdc34b,1780138785.580264,6.0,123.0,2.0,-0.08241701126098633,0.0,-6.592719078063965,16.943368911743164,1.3736169338226318,15.526196479797363,0.04355620592832565,0.006792563745193547,0.08241701126098633,22.394840240478516
run_1780137330_43fdc34b,1780138787.5947366,6.0,123.0,2.0,0.005744457244873047,0.0,-6.493537425994873,15.33649730682373,-0.09574095904827118,15.53056526184082,-0.09832707047462463,3.2998789038174436e-05,0.005744457244873047,22.394840240478516
run_1780137330_43fdc34b,1780138789.5919676,6.0,123.0,2.0,0.005744457244873047,0.0,-6.493537425994873,15.34119701385498,-0.09574095904827118,15.525886535644531,-0.08894770592451096,3.2998789038174436e-05,0.005744457244873047,22.394840240478516
run_1780137330_43fdc34b,1780138791.5899673,6.0,123.0,2.0,0.005744457244873047,0.0,-6.493537425994873,15.345003128051758,-0.09574095904827118,15.521207809448242,-0.08046304434537888,3.2998789038174436e-05,0.005744457244873047,22.394840240478516
run_1780137330_43fdc34b,1780138793.5862164,6.0,123.0,2.0,0.005744457244873047,0.0,-6.493537425994873,15.347999572753906,-0.09574095904827118,15.516528129577637,-0.07278771698474884,3.2998789038174436e-05,0.005744457244873047,22.394840240478516
run_1780137330_43fdc34b,1780138795.5840993,6.0,123.0,2.0,-0.038336753845214844,0.0,-6.543128967285156,16.161916732788086,0.6389459371566772,15.517881393432617,0.005090935155749321,0.001469706695388595,0.038336753845214844,22.394840240478516
run_1780137330_43fdc34b,1780138797.5950994,6.0,123.0,2.0,0.005744457244873047,0.0,-6.493537425994873,15.356935501098633,-0.09574095904827118,15.516218185424805,-0.06354189664125443,3.2998789038174436e-05,0.005744457244873047,22.394840240478516
run_1780137330_43fdc34b,1780138799.5935864,6.0,123.0,2.0,-0.08241701126098633,0.0,-6.592719078063965,16.980344772338867,1.3736169338226318,15.522339820861816,0.08438871800899506,0.006792563745193547,0.08241701126098633,22.394840240478516
run_1780137330_43fdc34b,1780138801.5889099,6.0,123.0,2.0,0.005744457244873047,0.0,-6.493537425994873,15.367366790771484,-0.09574095904827118,15.52306079864502,-0.059954024851322174,3.2998789038174436e-05,0.005744457244873047,22.394840240478516
run_1780137330_43fdc34b,1780138803.5830593,6.0,123.0,2.0,-0.038336753845214844,0.0,-6.543128967285156,16.184967041015625,0.6389459371566772,15.533462524414062,0.012559414841234684,0.001469706695388595,0.038336753845214844,22.394840240478516
run_1780137330_43fdc34b,1780138805.5802996,6.0,123.0,2.0,-0.08241701126098633,0.0,-6.592719078063965,17.00652313232422,1.3736169338226318,15.553400039672852,0.07950711995363235,0.006792563745193547,0.08241701126098633,22.394840240478516
run_1780137330_43fdc34b,1780138807.592722,6.0,123.0,2.0,-0.038336753845214844,0.0,-6.543128967285156,16.207876205444336,0.6389459371566772,15.563800811767578,0.00512996781617403,0.001469706695388595,0.038336753845214844,22.394840240478516
run_1780137330_43fdc34b,1780138809.589292,6.0,123.0,2.0,0.005744457244873047,0.0,-6.493537425994873,15.404525756835938,-0.09574095904827118,15.565154075622559,-0.06488674134016037,3.2998789038174436e-05,0.005744457244873047,22.394840240478516
run_1780137330_43fdc34b,1780138811.5862913,6.0,123.0,2.0,-0.038336753845214844,0.0,-6.543128967285156,16.21769142150879,0.6389459371566772,15.566507339477539,0.01223824080079794,0.001469706695388595,0.038336753845214844,22.394840240478516
run_1780137330_43fdc34b,1780138813.5819438,6.0,123.0,2.0,-0.038336753845214844,0.0,-6.543128967285156,16.226924896240234,0.6389459371566772,15.576908111572266,0.011070843786001205,0.001469706695388595,0.038336753845214844,22.394840240478516
run_1780137330_43fdc34b,1780138815.5901024,6.0,123.0,2.0,-0.038336753845214844,0.0,-6.543128967285156,16.23136329650879,0.6389459371566772,15.578261375427246,0.014155808836221695,0.001469706695388595,0.038336753845214844,22.394840240478516
run_1780137330_43fdc34b,1780138817.5885036,6.0,123.0,2.0,-0.08241701126098633,0.0,-6.592719078063965,17.0517635345459,1.3736169338226318,15.59581470489502,0.0823313519358635,0.006792563745193547,0.08241701126098633,22.394840240478516
run_1780137330_43fdc34b,1780138819.5814002,6.0,123.0,2.0,-0.038336753845214844,0.0,-6.543128967285156,16.255857467651367,0.6389459371566772,15.613368034362793,0.003543875878676772,0.001469706695388595,0.038336753845214844,22.394840240478516
run_1780137330_43fdc34b,1780138821.5946858,6.0,123.0,2.0,-0.08241701126098633,0.0,-6.592719078063965,17.0772705078125,1.3736169338226318,15.630921363830566,0.07273168116807938,0.006792563745193547,0.08241701126098633,22.394840240478516
run_1780137330_43fdc34b,1780138823.5930886,6.0,123.0,2.0,-0.08241701126098633,0.0,-6.592719078063965,17.092655181884766,1.3736169338226318,15.653244018554688,0.06579385697841644,0.006792563745193547,0.08241701126098633,22.394840240478516
run_1780137330_43fdc34b,1780138825.591177,6.0,123.0,2.0,-0.038336753845214844,0.0,-6.543128967285156,16.29734992980957,0.6389459371566772,15.668413162231445,-0.010008043609559536,0.001469706695388595,0.038336753845214844,22.394840240478516
run_1780137330_43fdc34b,1780138827.5840266,6.0,123.0,2.0,-0.038336753845214844,0.0,-6.543128967285156,16.308706283569336,0.6389459371566772,15.678813934326172,-0.009053383022546768,0.001469706695388595,0.038336753845214844,22.394840240478516
run_1780137330_43fdc34b,1780138829.5825403,6.0,123.0,2.0,-0.038336753845214844,0.0,-6.543128967285156,16.319971084594727,0.6389459371566772,15.689214706420898,-0.008189787156879902,0.001469706695388595,0.038336753845214844,22.394840240478516
run_1780137330_43fdc34b,1780138831.5923336,6.0,123.0,2.0,-0.038336753845214844,0.0,-6.543128967285156,16.334163665771484,0.6389459371566772,15.706768989562988,-0.011549487709999084,0.001469706695388595,0.038336753845214844,22.394840240478516
run_1780137330_43fdc34b,1780138833.590746,6.0,123.0,2.0,-0.038336753845214844,0.0,-6.543128967285156,16.34566879272461,0.6389459371566772,15.717169761657715,-0.0104477908462286,0.001469706695388595,0.038336753845214844,22.394840240478516
run_1780137330_43fdc34b,1780138835.5870984,6.0,123.0,2.0,-0.08241701126098633,0.0,-6.592719078063965,17.16649055480957,1.3736169338226318,15.729954719543457,0.06291934102773666,0.006792563745193547,0.08241701126098633,22.394840240478516
run_1780137330_43fdc34b,1780138837.586425,6.0,123.0,2.0,-0.038336753845214844,0.0,-6.543128967285156,16.371461868286133,0.6389459371566772,15.745123863220215,-0.012608353048563004,0.001469706695388595,0.038336753845214844,22.394840240478516
run_1780137330_43fdc34b,1780138839.5829742,6.0,123.0,2.0,-0.08241701126098633,0.0,-6.592719078063965,17.19645118713379,1.3736169338226318,15.767446517944336,0.05538736656308174,0.006792563745193547,0.08241701126098633,22.394840240478516
run_1780137330_43fdc34b,1780138841.5817678,6.0,123.0,2.0,-0.038336753845214844,0.0,-6.543128967285156,16.40213966369629,0.6389459371566772,15.782615661621094,-0.019421864300966263,0.001469706695388595,0.038336753845214844,22.394840240478516
run_1780137330_43fdc34b,1780138843.5805683,6.0,123.0,2.0,-0.038336753845214844,0.0,-6.543128967285156,16.414392471313477,0.6389459371566772,15.79301643371582,-0.017569223418831825,0.001469706695388595,0.038336753845214844,22.394840240478516
run_1780137330_43fdc34b,1780138845.5935705,6.0,123.0,2.0,-0.08241701126098633,0.0,-6.592719078063965,17.23781967163086,1.3736169338226318,15.810569763183594,0.053632549941539764,0.006792563745193547,0.08241701126098633,22.394840240478516
run_1780137330_43fdc34b,1780138847.5857084,6.0,123.0,2.0,-0.08241701126098633,0.0,-6.592719078063965,17.25502586364746,1.3736169338226318,15.832892417907715,0.04851657152175903,0.006792563745193547,0.08241701126098633,22.394840240478516
run_1780137330_43fdc34b,1780138849.5820959,6.0,123.0,2.0,-0.038336753845214844,0.0,-6.543128967285156,16.461368560791016,0.6389459371566772,15.848061561584473,-0.02563726156949997,0.001469706695388595,0.038336753845214844,22.394840240478516
run_1780137330_43fdc34b,1780138851.5952215,6.0,123.0,2.0,-0.038336753845214844,0.0,-6.543128967285156,16.47421646118164,0.6389459371566772,15.8584623336792,-0.023191744461655617,0.001469706695388595,0.038336753845214844,22.394840240478516
run_1780137330_43fdc34b,1780138853.594412,6.0,123.0,2.0,-0.08241701126098633,0.0,-6.592719078063965,17.298179626464844,1.3736169338226318,15.876015663146973,0.04854637011885643,0.006792563745193547,0.08241701126098633,22.394840240478516
run_1780137330_43fdc34b,1780138855.5906742,6.0,123.0,2.0,-0.08241701126098633,0.0,-6.592719078063965,17.31191062927246,1.3736169338226318,15.888801574707031,0.04949306696653366,0.006792563745193547,0.08241701126098633,22.394840240478516
run_1780137330_43fdc34b,1780138857.588671,6.0,123.0,2.0,-0.038336753845214844,0.0,-6.543128967285156,16.51816177368164,0.6389459371566772,15.903970718383789,-0.024753917008638382,0.001469706695388595,0.038336753845214844,22.394840240478516
run_1780137330_43fdc34b,1780138859.5891361,6.0,123.0,2.0,-0.038336753845214844,0.0,-6.543128967285156,16.530925750732422,0.6389459371566772,15.914371490478516,-0.02239265851676464,0.001469706695388595,0.038336753845214844,22.394840240478516
run_1780137330_43fdc34b,1780138861.586389,6.0,123.0,2.0,-0.038336753845214844,0.0,-6.543128967285156,16.543460845947266,0.6389459371566772,15.924772262573242,-0.020256636664271355,0.001469706695388595,0.038336753845214844,22.394840240478516
run_1780137330_43fdc34b,1780138863.5820773,6.0,123.0,2.0,-0.038336753845214844,0.0,-6.543128967285156,16.55097198486328,0.6389459371566772,15.926125526428223,-0.0140994843095541,0.001469706695388595,0.038336753845214844,22.394840240478516
run_1780137330_43fdc34b,1780138865.5940733,6.0,123.0,2.0,-0.038336753845214844,0.0,-6.543128967285156,16.56271743774414,0.6389459371566772,15.93652629852295,-0.012754542753100395,0.001469706695388595,0.038336753845214844,22.394840240478516
run_1780137330_43fdc34b,1780138867.588796,6.0,123.0,2.0,-0.038336753845214844,0.0,-6.543128967285156,16.56951141357422,0.6389459371566772,15.93787956237793,-0.007313028443604708,0.001469706695388595,0.038336753845214844,22.394840240478516
run_1780137330_43fdc34b,1780138869.58309,6.0,123.0,2.0,-0.038336753845214844,0.0,-6.543128967285156,16.580610275268555,0.6389459371566772,15.948280334472656,-0.006615441758185625,0.001469706695388595,0.038336753845214844,22.394840240478516
run_1780137330_43fdc34b,1780138871.5805807,6.0,123.0,2.0,0.005744457244873047,0.0,-6.493537425994873,15.781567573547363,-0.09574095904827118,15.955665588378906,-0.07835648953914642,3.2998789038174436e-05,0.005744457244873047,22.394840240478516
run_1780137330_43fdc34b,1780138873.5902429,6.0,123.0,2.0,0.005744457244873047,0.0,-6.493537425994873,15.784363746643066,-0.09574095904827118,15.950986862182617,-0.07088211923837662,3.2998789038174436e-05,0.005744457244873047,22.394840240478516
run_1780137330_43fdc34b,1780138875.5865061,6.0,123.0,2.0,0.005744457244873047,0.0,-6.493537425994873,15.791268348693848,-0.09574095904827118,15.955355644226074,-0.06834559142589569,3.2998789038174436e-05,0.005744457244873047,22.394840240478516
run_1780137330_43fdc34b,1780138877.5819283,6.0,123.0,2.0,0.005744457244873047,0.0,-6.493537425994873,15.793108940124512,-0.09574095904827118,15.950676918029785,-0.06182613968849182,3.2998789038174436e-05,0.005744457244873047,22.394840240478516
run_1780137330_43fdc34b,1780138879.5932858,6.0,123.0,2.0,0.005744457244873047,0.0,-6.493537425994873,15.794327735900879,-0.09574095904827118,15.945998191833496,-0.05592858046293259,3.2998789038174436e-05,0.005744457244873047,22.394840240478516
run_1780137330_43fdc34b,1780138881.5901587,6.0,123.0,2.0,-0.038336753845214844,0.0,-6.543128967285156,16.608245849609375,0.6389459371566772,15.950366973876953,0.01893378421664238,0.001469706695388595,0.038336753845214844,22.394840240478516
run_1780137330_43fdc34b,1780138883.5884273,6.0,123.0,2.0,0.005744457244873047,0.0,-6.493537425994873,15.80676555633545,-0.09574095904827118,15.957752227783203,-0.05524438992142677,3.2998789038174436e-05,0.005744457244873047,22.394840240478516
run_1780137330_43fdc34b,1780138885.5878677,6.0,123.0,2.0,-0.038336753845214844,0.0,-6.543128967285156,16.62061882019043,0.6389459371566772,15.96212100982666,0.019552702084183693,0.001469706695388595,0.038336753845214844,22.394840240478516
run_1780137330_43fdc34b,1780138887.5818686,6.0,123.0,2.0,0.005744457244873047,0.0,-6.493537425994873,15.819080352783203,-0.09574095904827118,15.96950626373291,-0.054684508591890335,3.2998789038174436e-05,0.005744457244873047,22.394840240478516
run_1780137330_43fdc34b,1780138889.5948682,6.0,123.0,2.0,-0.038336753845214844,0.0,-6.543128967285156,16.631271362304688,0.6389459371566772,15.970858573913574,0.02146727591753006,0.001469706695388595,0.038336753845214844,22.394840240478516
run_1780137330_43fdc34b,1780138891.5906398,6.0,123.0,2.0,0.005744457244873047,0.0,-6.493537425994873,15.824726104736328,-0.09574095904827118,15.969196319580078,-0.04872769117355347,3.2998789038174436e-05,0.005744457244873047,22.394840240478516
run_1780137330_43fdc34b,1780138893.5873566,6.0,123.0,2.0,0.005744457244873047,0.0,-6.493537425994873,15.82469654083252,-0.09574095904827118,15.964516639709473,-0.04407959058880806,3.2998789038174436e-05,0.005744457244873047,22.394840240478516
run_1780137330_43fdc34b,1780138895.5849965,6.0,123.0,2.0,-0.08241701126098633,0.0,-6.592719078063965,17.443723678588867,1.3736169338226318,15.965238571166992,0.10486775636672974,0.006792563745193547,0.08241701126098633,22.394840240478516
run_1780137330_43fdc34b,1780138897.5953567,6.0,123.0,2.0,-0.08241701126098633,0.0,-6.592719078063965,17.45604133605957,1.3736169338226318,15.987560272216797,0.09486448019742966,0.006792563745193547,0.08241701126098633,22.394840240478516
run_1780137330_43fdc34b,1780138899.5920432,6.0,123.0,2.0,-0.038336753845214844,0.0,-6.543128967285156,16.659889221191406,0.6389459371566772,16.007497787475586,0.013444890268146992,0.001469706695388595,0.038336753845214844,22.394840240478516
run_1780137330_43fdc34b,1780138901.5876262,6.0,123.0,2.0,-0.08241701126098633,0.0,-6.592719078063965,17.479381561279297,1.3736169338226318,16.022666931152344,0.08309632539749146,0.006792563745193547,0.08241701126098633,22.394840240478516
run_1780137330_43fdc34b,1780138903.5852437,6.0,123.0,2.0,-0.08241701126098633,0.0,-6.592719078063965,17.493776321411133,1.3736169338226318,16.04498863220215,0.07516982406377792,0.006792563745193547,0.08241701126098633,22.394840240478516
run_1780137330_43fdc34b,1780138905.5812442,6.0,123.0,2.0,-0.038336753845214844,0.0,-6.543128967285156,16.69855499267578,0.6389459371566772,16.062541961669922,-0.002934519900009036,0.001469706695388595,0.038336753845214844,22.394840240478516
run_1780137330_43fdc34b,1780138907.5957632,6.0,123.0,2.0,-0.08241701126098633,0.0,-6.592719078063965,17.521589279174805,1.3736169338226318,16.082481384277344,0.06549113988876343,0.006792563745193547,0.08241701126098633,22.394840240478516
run_1780137330_43fdc34b,1780138909.5907047,6.0,123.0,2.0,-0.038336753845214844,0.0,-6.543128967285156,16.7272891998291,0.6389459371566772,16.100034713745117,-0.011689956299960613,0.001469706695388595,0.038336753845214844,22.394840240478516
run_1780137330_43fdc34b,1780138911.585994,6.0,123.0,2.0,-0.038336753845214844,0.0,-6.543128967285156,16.738805770874023,0.6389459371566772,16.110435485839844,-0.010574856773018837,0.001469706695388595,0.038336753845214844,22.394840240478516
run_1780137330_43fdc34b,1780138913.5838425,6.0,123.0,2.0,-0.038336753845214844,0.0,-6.543128967285156,16.750215530395508,0.6389459371566772,16.12083625793457,-0.009566128253936768,0.001469706695388595,0.038336753845214844,22.394840240478516
run_1780137330_43fdc34b,1780138915.5939717,6.0,123.0,2.0,0.005744457244873047,0.0,-6.493537425994873,15.94663143157959,-0.09574095904827118,16.119173049926758,-0.07680083066225052,3.2998789038174436e-05,0.005744457244873047,22.394840240478516
run_1780137330_43fdc34b,1780138917.591046,6.0,123.0,2.0,0.005744457244873047,0.0,-6.493537425994873,15.954184532165527,-0.09574095904827118,16.12354278564453,-0.07361585646867752,3.2998789038174436e-05,0.005744457244873047,22.394840240478516
run_1780137330_43fdc34b,1780138919.5871062,6.0,123.0,2.0,0.005744457244873047,0.0,-6.493537425994873,15.956528663635254,-0.09574095904827118,16.118864059448242,-0.06659368425607681,3.2998789038174436e-05,0.005744457244873047,22.394840240478516
run_1780137330_43fdc34b,1780138921.5819566,6.0,123.0,2.0,0.005744457244873047,0.0,-6.493537425994873,15.958202362060547,-0.09574095904827118,16.11418342590332,-0.06024135649204254,3.2998789038174436e-05,0.005744457244873047,22.394840240478516
run_1780137330_43fdc34b,1780138923.5866735,6.0,123.0,2.0,0.005744457244873047,0.0,-6.493537425994873,15.959268569946289,-0.09574095904827118,16.10950469970703,-0.05449496582150459,3.2998789038174436e-05,0.005744457244873047,22.394840240478516
run_1780137330_43fdc34b,1780138925.5808833,6.0,123.0,2.0,0.005744457244873047,0.0,-6.493537425994873,15.959789276123047,-0.09574095904827118,16.104825973510742,-0.04929670691490173,3.2998789038174436e-05,0.005744457244873047,22.394840240478516
run_1780137330_43fdc34b,1780138927.5892835,6.0,123.0,2.0,0.005744457244873047,0.0,-6.493537425994873,15.959811210632324,-0.09574095904827118,16.100147247314453,-0.04459432139992714,3.2998789038174436e-05,0.005744457244873047,22.394840240478516
run_1780137330_43fdc34b,1780138929.5854218,6.0,123.0,2.0,0.005744457244873047,0.0,-6.493537425994873,15.959386825561523,-0.09574095904827118,16.095468521118164,-0.04034048691391945,3.2998789038174436e-05,0.005744457244873047,22.394840240478516
run_1780137330_43fdc34b,1780138931.5879698,6.0,123.0,2.0,0.005744457244873047,0.0,-6.493537425994873,15.958555221557617,-0.09574095904827118,16.090789794921875,-0.03649242967367172,3.2998789038174436e-05,0.005744457244873047,22.394840240478516
run_1780137330_43fdc34b,1780138933.5841482,6.0,123.0,2.0,0.005744457244873047,0.0,-6.493537425994873,15.957357406616211,-0.09574095904827118,16.086111068725586,-0.03301144391298294,3.2998789038174436e-05,0.005744457244873047,22.394840240478516
run_1780137330_43fdc34b,1780138935.589038,6.0,123.0,2.0,0.005744457244873047,0.0,-6.493537425994873,15.955827713012695,-0.09574095904827118,16.081432342529297,-0.029862500727176666,3.2998789038174436e-05,0.005744457244873047,22.394840240478516
run_1780137330_43fdc34b,1780138937.5856721,6.0,123.0,2.0,0.005744457244873047,0.0,-6.493537425994873,15.953996658325195,-0.09574095904827118,16.076751708984375,-0.02701393887400627,3.2998789038174436e-05,0.005744457244873047,22.394840240478516
run_1780137330_43fdc34b,1780138939.5940125,6.0,123.0,2.0,-0.038336753845214844,0.0,-6.543128967285156,16.76679229736328,0.6389459371566772,16.084136962890625,0.04371011629700661,0.001469706695388595,0.038336753845214844,22.394840240478516
run_1780137330_43fdc34b,1780138941.5899465,6.0,123.0,2.0,-0.038336753845214844,0.0,-6.543128967285156,16.768117904663086,0.6389459371566772,16.085491180419922,0.04368164390325546,0.001469706695388595,0.038336753845214844,22.394840240478516
run_1780137330_43fdc34b,1780138943.5823383,6.0,123.0,2.0,0.005744457244873047,0.0,-6.493537425994873,15.961090087890625,-0.09574095904827118,16.086843490600586,-0.03001249209046364,3.2998789038174436e-05,0.005744457244873047,22.394840240478516
run_1780137330_43fdc34b,1780138945.5900667,6.0,123.0,2.0,-0.038336753845214844,0.0,-6.543128967285156,16.77092742919922,0.6389459371566772,16.08819580078125,0.04378584027290344,0.001469706695388595,0.038336753845214844,22.394840240478516
run_1780137330_43fdc34b,1780138947.5870664,6.0,123.0,2.0,-0.038336753845214844,0.0,-6.543128967285156,16.777151107788086,0.6389459371566772,16.09859848022461,0.039609137922525406,0.001469706695388595,0.038336753845214844,22.394840240478516
run_1780137330_43fdc34b,1780138949.5847335,6.0,123.0,2.0,-0.038336753845214844,0.0,-6.543128967285156,16.778867721557617,0.6389459371566772,16.099950790405273,0.03997185826301575,0.001469706695388595,0.038336753845214844,22.394840240478516
run_1780137330_43fdc34b,1780138951.581491,6.0,123.0,2.0,0.005744457244873047,0.0,-6.493537425994873,15.972193717956543,-0.09574095904827118,16.101303100585938,-0.03336839750409126,3.2998789038174436e-05,0.005744457244873047,22.394840240478516
run_1780137330_43fdc34b,1780138953.5949752,6.0,123.0,2.0,0.005744457244873047,0.0,-6.493537425994873,15.970698356628418,-0.09574095904827118,16.09662437438965,-0.030185405164957047,3.2998789038174436e-05,0.005744457244873047,22.394840240478516
run_1780137330_43fdc34b,1780138955.5904412,6.0,123.0,2.0,0.005744457244873047,0.0,-6.493537425994873,15.968897819519043,-0.09574095904827118,16.09194564819336,-0.027306031435728073,3.2998789038174436e-05,0.005744457244873047,22.394840240478516
run_1780137330_43fdc34b,1780138957.5853243,6.0,123.0,2.0,0.005744457244873047,0.0,-6.493537425994873,15.97173023223877,-0.09574095904827118,16.096315383911133,-0.02884233556687832,3.2998789038174436e-05,0.005744457244873047,22.394840240478516
run_1780137330_43fdc34b,1780138959.5817387,6.0,123.0,2.0,0.005744457244873047,0.0,-6.493537425994873,15.969803810119629,-0.09574095904827118,16.091636657714844,-0.02609107829630375,3.2998789038174436e-05,0.005744457244873047,22.394840240478516
run_1780137330_43fdc34b,1780138961.5894096,6.0,123.0,2.0,0.005744457244873047,0.0,-6.493537425994873,15.97252082824707,-0.09574095904827118,16.096004486083984,-0.027743281796574593,3.2998789038174436e-05,0.005744457244873047,22.394840240478516
run_1780137330_43fdc34b,1780138963.5829346,6.0,123.0,2.0,0.005744457244873047,0.0,-6.493537425994873,15.970487594604492,-0.09574095904827118,16.091325759887695,-0.025096865370869637,3.2998789038174436e-05,0.005744457244873047,22.394840240478516
run_1780137330_43fdc34b,1780138965.5964305,6.0,123.0,2.0,0.005744457244873047,0.0,-6.493537425994873,15.968201637268066,-0.09574095904827118,16.086647033691406,-0.022702887654304504,3.2998789038174436e-05,0.005744457244873047,22.394840240478516
run_1780137330_43fdc34b,1780138967.592095,6.0,123.0,2.0,-0.038336753845214844,0.0,-6.543128967285156,16.77895164489746,0.6389459371566772,16.09101676940918,0.04899009317159653,0.001469706695388595,0.038336753845214844,22.394840240478516
run_1780137330_43fdc34b,1780138969.5853913,6.0,123.0,2.0,-0.038336753845214844,0.0,-6.543128967285156,16.7781925201416,0.6389459371566772,16.089353561401367,0.04989459365606308,0.001469706695388595,0.038336753845214844,22.394840240478516
run_1780137330_43fdc34b,1780138971.5840192,6.0,123.0,2.0,-0.038336753845214844,0.0,-6.543128967285156,16.78383445739746,0.6389459371566772,16.099754333496094,0.045135170221328735,0.001469706695388595,0.038336753845214844,22.394840240478516
run_1780137330_43fdc34b,1780138973.5871866,6.0,123.0,2.0,0.005744457244873047,0.0,-6.493537425994873,15.973368644714355,-0.09574095904827118,16.095075607299805,-0.025964703410863876,3.2998789038174436e-05,0.005744457244873047,22.394840240478516
run_1780137330_43fdc34b,1780138975.5815418,6.0,123.0,2.0,0.005744457244873047,0.0,-6.493537425994873,15.97116756439209,-0.09574095904827118,16.090396881103516,-0.02348794788122177,3.2998789038174436e-05,0.005744457244873047,22.394840240478516
run_1780137330_43fdc34b,1780138977.591251,6.0,123.0,2.0,0.005744457244873047,0.0,-6.493537425994873,15.968728065490723,-0.09574095904827118,16.085716247558594,-0.021247446537017822,3.2998789038174436e-05,0.005744457244873047,22.394840240478516
run_1780137330_43fdc34b,1780138979.5842073,6.0,123.0,2.0,0.005744457244873047,0.0,-6.493537425994873,15.966075897216797,-0.09574095904827118,16.081037521362305,-0.019220666959881783,3.2998789038174436e-05,0.005744457244873047,22.394840240478516
run_1780137330_43fdc34b,1780138981.5922093,6.0,123.0,2.0,0.005744457244873047,0.0,-6.493537425994873,15.963231086730957,-0.09574095904827118,16.076358795166016,-0.01738721877336502,3.2998789038174436e-05,0.005744457244873047,22.394840240478516
run_1780137330_43fdc34b,1780138983.5956888,6.0,123.0,2.0,0.005744457244873047,0.0,-6.493537425994873,15.960210800170898,-0.09574095904827118,16.071680068969727,-0.0157286636531353,3.2998789038174436e-05,0.005744457244873047,22.394840240478516
run_1780137330_43fdc34b,1780138985.5845163,6.0,123.0,2.0,0.005744457244873047,0.0,-6.493537425994873,15.957032203674316,-0.09574095904827118,16.067001342773438,-0.01422831229865551,3.2998789038174436e-05,0.005744457244873047,22.394840240478516
run_1780137330_43fdc34b,1780138987.5920517,6.0,123.0,2.0,-0.038336753845214844,0.0,-6.543128967285156,16.766971588134766,0.6389459371566772,16.07137107849121,0.056656282395124435,0.001469706695388595,0.038336753845214844,22.394840240478516
run_1780137330_43fdc34b,1780138989.5826335,6.0,123.0,2.0,0.005744457244873047,0.0,-6.493537425994873,15.965851783752441,-0.09574095904827118,16.08829116821289,-0.02669772319495678,3.2998789038174436e-05,0.005744457244873047,22.394840240478516
run_1780137330_43fdc34b,1780138991.588935,6.0,123.0,2.0,-0.038336753845214844,0.0,-6.543128967285156,16.7769832611084,0.6389459371566772,16.092660903930664,0.04537631571292877,0.001469706695388595,0.038336753845214844,22.394840240478516
run_1780137330_43fdc34b,1780138993.5929353,6.0,123.0,2.0,-0.038336753845214844,0.0,-6.543128967285156,16.776569366455078,0.6389459371566772,16.09099769592285,0.0466255247592926,0.001469706695388595,0.038336753845214844,22.394840240478516
run_1780137330_43fdc34b,1780138995.5880415,6.0,123.0,2.0,-0.038336753845214844,0.0,-6.543128967285156,16.782522201538086,0.6389459371566772,16.101398468017578,0.042177945375442505,0.001469706695388595,0.038336753845214844,22.394840240478516
run_1780137330_43fdc34b,1780138997.5860417,6.0,123.0,2.0,-0.038336753845214844,0.0,-6.543128967285156,16.78890037536621,0.6389459371566772,16.111799240112305,0.03815460950136185,0.001469706695388595,0.038336753845214844,22.394840240478516
run_1780137330_43fdc34b,1780138999.5812302,6.0,123.0,2.0,-0.08241701126098633,0.0,-6.592719078063965,17.607011795043945,1.3736169338226318,16.12935447692871,0.10404092073440552,0.006792563745193547,0.08241701126098633,22.394840240478516
run_1780137330_43fdc34b,1780139001.5897374,6.0,123.0,2.0,-0.038336753845214844,0.0,-6.543128967285156,16.809982299804688,0.6389459371566772,16.1492919921875,0.021745987236499786,0.001469706695388595,0.038336753845214844,22.394840240478516
run_1780137330_43fdc34b,1780139003.5824366,6.0,123.0,2.0,-0.038336753845214844,0.0,-6.543128967285156,16.818309783935547,0.6389459371566772,16.159692764282227,0.019671650603413582,0.001469706695388595,0.038336753845214844,22.394840240478516
run_1780137330_43fdc34b,1780139005.5941684,6.0,123.0,2.0,-0.038336753845214844,0.0,-6.543128967285156,16.826833724975586,0.6389459371566772,16.170093536376953,0.01779518462717533,0.001469706695388595,0.038336753845214844,22.394840240478516
run_1780137330_43fdc34b,1780139007.5911655,6.0,123.0,2.0,-0.038336753845214844,0.0,-6.543128967285156,16.83553695678711,0.6389459371566772,16.18049430847168,0.016097713261842728,0.001469706695388595,0.038336753845214844,22.394840240478516
run_1780137330_43fdc34b,1780139009.5952091,6.0,123.0,2.0,-0.038336753845214844,0.0,-6.543128967285156,16.844404220581055,0.6389459371566772,16.190895080566406,0.014562159776687622,0.001469706695388595,0.038336753845214844,22.394840240478516
run_1780137330_43fdc34b,1780139011.5870824,nan,nan,nan,-0.038336753845214844,nan,-6.543128967285156,nan,nan,nan,nan,nan,nan,22.394840240478516
