run_id,timestamp,kp,ki,kd,temp,temp_ref,temp_raw,temp_u,temp_u_p,temp_u_i,temp_u_d,sq_error,mae,start_temp
run_1780053655_f25b4c52,1780054136.3377829,3.0,2.0,50.0,23.638790130615234,0.0,20.093637466430664,-100.0,-100.0,0.0,11.863090515136719,558.7923988392722,23.638790130615234,23.638790130615234
run_1780053655_f25b4c52,1780054138.0447836,3.0,2.0,50.0,23.638790130615234,0.0,20.093637466430664,-100.0,-100.0,0.0,10.731475830078125,558.7923988392722,23.638790130615234,23.638790130615234
run_1780053655_f25b4c52,1780054140.0427747,3.0,2.0,50.0,23.59433364868164,0.0,20.043624877929688,-100.0,-100.0,0.0,13.393985748291016,556.6925803253107,23.59433364868164,23.638790130615234
run_1780053655_f25b4c52,1780054142.0417836,3.0,2.0,50.0,23.549909591674805,0.0,19.993648529052734,-100.0,-100.0,0.0,15.655045509338379,554.598241776057,23.549909591674805,23.638790130615234
run_1780053655_f25b4c52,1780054144.052784,3.0,2.0,50.0,23.416608810424805,0.0,19.843685150146484,-100.0,-100.0,0.0,24.93058204650879,548.3375681804646,23.416608810424805,23.638790130615234
run_1780053655_f25b4c52,1780054146.047784,3.0,2.0,50.0,23.37218475341797,0.0,19.79370880126953,-100.0,-100.0,0.0,26.091176986694336,546.2590201479034,23.37218475341797,23.638790130615234
run_1780053655_f25b4c52,1780054148.0467834,3.0,2.0,50.0,23.23885154724121,0.0,19.643707275390625,-100.0,-100.0,0.0,34.2276496887207,540.0442212347152,23.23885154724121,23.638790130615234
run_1780053655_f25b4c52,1780054150.044783,3.0,2.0,50.0,23.14999771118164,0.0,19.543746948242188,-100.0,-100.0,0.0,38.04056167602539,535.9223940277152,23.14999771118164,23.638790130615234
run_1780053655_f25b4c52,1780054152.042783,3.0,2.0,50.0,22.97231674194336,0.0,19.343856811523438,-100.0,-100.0,0.0,40.0,527.7273364921712,22.97231674194336,23.638790130615234
run_1780053655_f25b4c52,1780054154.0417836,3.0,2.0,50.0,22.927886962890625,0.0,19.293872833251953,-100.0,-100.0,0.0,40.0,525.6880005830899,22.927886962890625,23.638790130615234
run_1780053655_f25b4c52,1780054156.0527844,3.0,2.0,50.0,22.750158309936523,0.0,19.09392738342285,-100.0,-100.0,0.0,40.0,517.5697031271739,22.750158309936523,23.638790130615234
run_1780053655_f25b4c52,1780054158.047784,3.0,2.0,50.0,22.66132354736328,0.0,18.993988037109375,-100.0,-100.0,0.0,40.0,513.5355849182815,22.66132354736328,23.638790130615234
run_1780053655_f25b4c52,1780054160.0457833,3.0,2.0,50.0,22.528078079223633,0.0,18.844087600708008,-100.0,-100.0,0.0,40.0,507.51430194359637,22.528078079223633,23.638790130615234
run_1780053655_f25b4c52,1780054162.0437655,3.0,2.0,50.0,22.439247131347656,0.0,18.744152069091797,-100.0,-100.0,0.0,40.0,503.519811821694,22.439247131347656,23.638790130615234
run_1780053655_f25b4c52,1780054164.0397656,3.0,2.0,50.0,22.305980682373047,0.0,18.594228744506836,-100.0,-100.0,0.0,40.0,497.55677420239954,22.305980682373047,23.638790130615234
run_1780053655_f25b4c52,1780054166.0507834,3.0,2.0,50.0,22.217159271240234,0.0,18.49430274963379,-100.0,-100.0,0.0,40.0,493.6021660836559,22.217159271240234,23.638790130615234
run_1780053655_f25b4c52,1780054168.0467658,3.0,2.0,50.0,22.083904266357422,0.0,18.344392776489258,-100.0,-100.0,0.0,40.0,487.69882764563954,22.083904266357422,23.638790130615234
run_1780053655_f25b4c52,1780054170.044783,3.0,2.0,50.0,22.03950309753418,0.0,18.29444122314453,-100.0,-100.0,0.0,40.0,485.7396967862187,22.03950309753418,23.638790130615234
run_1780053655_f25b4c52,1780054172.0413754,3.0,2.0,50.0,21.90630340576172,0.0,18.144590377807617,-100.0,-100.0,0.0,40.0,479.8861289052875,21.90630340576172,23.638790130615234
run_1780053655_f25b4c52,1780054174.051437,3.0,2.0,50.0,21.77306365966797,0.0,17.99469566345215,-100.0,-100.0,0.0,40.0,474.0663011279539,21.77306365966797,23.638790130615234
run_1780053655_f25b4c52,1780054176.0476742,3.0,2.0,50.0,21.7286376953125,0.0,17.944717407226562,-100.0,-100.0,0.0,40.0,472.1336960941553,21.7286376953125,23.638790130615234
run_1780053655_f25b4c52,1780054178.0456743,3.0,2.0,50.0,21.59540557861328,0.0,17.794830322265625,-100.0,-100.0,0.0,40.0,466.36154210480163,21.59540557861328,23.638790130615234
run_1780053655_f25b4c52,1780054180.0426745,3.0,2.0,50.0,21.551025390625,0.0,17.744903564453125,-100.0,-100.0,0.0,40.0,464.44669538736343,21.551025390625,23.638790130615234
run_1780053655_f25b4c52,1780054182.041675,3.0,2.0,50.0,21.506603240966797,0.0,17.694929122924805,-100.0,-100.0,0.0,40.0,462.53398296436353,21.506603240966797,23.638790130615234
run_1780053655_f25b4c52,1780054184.04084,3.0,2.0,50.0,21.417802810668945,0.0,17.595027923583984,-100.0,-100.0,0.0,40.0,458.7222772366986,21.417802810668945,23.638790130615234
run_1780053655_f25b4c52,1780054186.0530872,3.0,2.0,50.0,21.329004287719727,0.0,17.49513053894043,-100.0,-100.0,0.0,40.0,454.9264239055665,21.329004287719727,23.638790130615234
run_1780053655_f25b4c52,1780054188.0511038,3.0,2.0,50.0,21.284587860107422,0.0,17.445159912109375,-100.0,-100.0,0.0,40.0,453.03368037463224,21.284587860107422,23.638790130615234
run_1780053655_f25b4c52,1780054190.0471036,3.0,2.0,50.0,21.151405334472656,0.0,17.295330047607422,-100.0,-100.0,0.0,40.0,447.38194762315834,21.151405334472656,23.638790130615234
run_1780053655_f25b4c52,1780054192.0441267,3.0,2.0,50.0,21.151405334472656,0.0,17.295330047607422,-100.0,-100.0,0.0,40.0,447.38194762315834,21.151405334472656,23.638790130615234
run_1780053655_f25b4c52,1780054194.043126,3.0,2.0,50.0,21.06261444091797,0.0,17.19544219970703,-100.0,-100.0,0.0,40.0,443.63372708676616,21.06261444091797,23.638790130615234
run_1780053655_f25b4c52,1780054196.039127,3.0,2.0,50.0,20.973798751831055,0.0,17.095523834228516,-100.0,-100.0,0.0,40.0,439.9002340823099,20.973798751831055,23.638790130615234
run_1780053655_f25b4c52,1780054198.0531263,3.0,2.0,50.0,20.929414749145508,0.0,17.045591354370117,-100.0,-100.0,0.0,40.0,438.0404017417495,20.929414749145508,23.638790130615234
run_1780053655_f25b4c52,1780054200.050215,3.0,2.0,50.0,20.929414749145508,0.0,17.045591354370117,-100.0,-100.0,0.0,40.0,438.0404017417495,20.929414749145508,23.638790130615234
run_1780053655_f25b4c52,1780054202.044882,3.0,2.0,50.0,20.840633392333984,0.0,16.945711135864258,-100.0,-100.0,0.0,40.0,434.3320001936663,20.840633392333984,23.638790130615234
run_1780053655_f25b4c52,1780054204.038882,3.0,2.0,50.0,20.796220779418945,0.0,16.895748138427734,-100.0,-100.0,0.0,40.0,432.4827987063363,20.796220779418945,23.638790130615234
run_1780053655_f25b4c52,1780054206.052901,3.0,2.0,50.0,20.707443237304688,0.0,16.795873641967773,-100.0,-100.0,0.0,40.0,428.79820542619564,20.707443237304688,23.638790130615234
run_1780053655_f25b4c52,1780054208.0498998,3.0,2.0,50.0,20.707443237304688,0.0,16.795873641967773,-100.0,-100.0,0.0,40.0,428.79820542619564,20.707443237304688,23.638790130615234
run_1780053655_f25b4c52,1780054210.0459008,3.0,2.0,50.0,20.618696212768555,0.0,16.696033477783203,-100.0,-100.0,0.0,40.0,425.13063351443634,20.618696212768555,23.638790130615234
run_1780053655_f25b4c52,1780054212.0439003,3.0,2.0,50.0,20.57428741455078,0.0,16.646072387695312,-100.0,-100.0,0.0,40.0,423.30130261654267,20.57428741455078,23.638790130615234
run_1780053655_f25b4c52,1780054214.0419016,3.0,2.0,50.0,20.529909133911133,0.0,16.596147537231445,-100.0,-100.0,0.0,40.0,421.47716904664776,20.529909133911133,23.638790130615234
run_1780053655_f25b4c52,1780054216.0519006,3.0,2.0,50.0,20.48548698425293,0.0,16.546173095703125,-100.0,-100.0,0.0,40.0,419.6551769819962,20.48548698425293,23.638790130615234
run_1780053655_f25b4c52,1780054218.0469017,3.0,2.0,50.0,20.441104888916016,0.0,16.496244430541992,-100.0,-100.0,0.0,40.0,417.83876907966624,20.441104888916016,23.638790130615234
run_1780053655_f25b4c52,1780054220.0448818,3.0,2.0,50.0,20.396717071533203,0.0,16.446306228637695,-100.0,-100.0,0.0,40.0,416.026067296174,20.396717071533203,23.638790130615234
run_1780053655_f25b4c52,1780054222.0428817,3.0,2.0,50.0,20.35234260559082,0.0,16.396385192871094,-100.0,-100.0,0.0,40.0,414.21784953534734,20.35234260559082,23.638790130615234
run_1780053655_f25b4c52,1780054224.038882,3.0,2.0,50.0,20.307950973510742,0.0,16.346445083618164,-100.0,-100.0,0.0,40.0,412.4128727425159,20.307950973510742,23.638790130615234
run_1780053655_f25b4c52,1780054226.0386558,3.0,2.0,50.0,20.26357650756836,0.0,16.296524047851562,-100.0,-100.0,0.0,40.0,410.6125328780763,20.26357650756836,23.638790130615234
run_1780053655_f25b4c52,1780054228.0524719,3.0,2.0,50.0,20.26357650756836,0.0,16.296524047851562,-100.0,-100.0,0.0,40.0,410.6125328780763,20.26357650756836,23.638790130615234
run_1780053655_f25b4c52,1780054230.045762,3.0,2.0,50.0,20.17481231689453,0.0,16.196664810180664,-100.0,-100.0,0.0,40.0,407.0230520219193,20.17481231689453,23.638790130615234
run_1780053655_f25b4c52,1780054232.041745,3.0,2.0,50.0,20.17481231689453,0.0,16.196664810180664,-100.0,-100.0,0.0,39.76434326171875,407.0230520219193,20.17481231689453,23.638790130615234
run_1780053655_f25b4c52,1780054234.051745,3.0,2.0,50.0,20.130413055419922,0.0,16.146713256835938,-100.0,-100.0,0.0,39.368961334228516,405.23352978182083,20.130413055419922,23.638790130615234
run_1780053655_f25b4c52,1780054236.0487642,3.0,2.0,50.0,20.086040496826172,0.0,16.09679412841797,-100.0,-100.0,0.0,39.1481819152832,403.44902284014097,20.086040496826172,23.638790130615234
run_1780053655_f25b4c52,1780054238.0457633,3.0,2.0,50.0,20.04165267944336,0.0,16.046859741210938,-100.0,-100.0,0.0,39.02128219604492,401.6678421234392,20.04165267944336,23.638790130615234
run_1780053655_f25b4c52,1780054240.0447452,3.0,2.0,50.0,20.04165267944336,0.0,16.046859741210938,-100.0,-100.0,0.0,35.299068450927734,401.6678421234392,20.04165267944336,23.638790130615234
run_1780053655_f25b4c52,1780054242.0417645,3.0,2.0,50.0,19.99725341796875,0.0,15.996910095214844,-100.0,-100.0,0.0,35.32962417602539,399.89014426246285,19.99725341796875,23.638790130615234
run_1780053655_f25b4c52,1780054244.0407639,3.0,2.0,50.0,19.952898025512695,0.0,15.947010040283203,-100.0,-100.0,0.0,35.492794036865234,398.1181396165084,19.952898025512695,23.638790130615234
run_1780053655_f25b4c52,1780054246.0518935,3.0,2.0,50.0,19.90850067138672,0.0,15.897062301635742,-100.0,-100.0,0.0,35.71535873413086,396.34839898260543,19.90850067138672,23.638790130615234
run_1780053655_f25b4c52,1780054248.0442047,3.0,2.0,50.0,19.864131927490234,0.0,15.847146987915039,-100.0,-100.0,0.0,35.84279251098633,394.5837372327369,19.864131927490234,23.638790130615234
run_1780053655_f25b4c52,1780054250.0432045,3.0,2.0,50.0,19.819747924804688,0.0,15.797216415405273,-100.0,-100.0,0.0,36.0308837890625,392.8224078027997,19.819747924804688,23.638790130615234
run_1780053655_f25b4c52,1780054252.0401876,3.0,2.0,50.0,19.819747924804688,0.0,15.797216415405273,-100.0,-100.0,0.0,32.59391784667969,392.8224078027997,19.819747924804688,23.638790130615234
run_1780053655_f25b4c52,1780054254.0392048,3.0,2.0,50.0,19.686634063720703,0.0,15.647462844848633,-100.0,-100.0,0.0,40.0,387.5635607588483,19.686634063720703,23.638790130615234
run_1780053655_f25b4c52,1780054256.054254,3.0,2.0,50.0,19.686634063720703,0.0,15.647462844848633,-100.0,-100.0,0.0,36.40029525756836,387.5635607588483,19.686634063720703,23.638790130615234
run_1780053655_f25b4c52,1780054258.0522542,3.0,2.0,50.0,19.597858428955078,0.0,15.547592163085938,-100.0,-100.0,0.0,40.0,384.0760550013656,19.597858428955078,23.638790130615234
run_1780053655_f25b4c52,1780054260.0512524,3.0,2.0,50.0,19.553495407104492,0.0,15.497682571411133,-100.0,-100.0,0.0,39.72312927246094,382.33918263565647,19.553495407104492,23.638790130615234
run_1780053655_f25b4c52,1780054262.04925,3.0,2.0,50.0,19.46475601196289,0.0,15.397850036621094,-100.0,-100.0,0.0,40.0,378.8767266052455,19.46475601196289,23.638790130615234
run_1780053655_f25b4c52,1780054264.0462546,3.0,2.0,50.0,19.420364379882812,0.0,15.347909927368164,-100.0,-100.0,0.0,40.0,377.15055264742114,19.420364379882812,23.638790130615234
run_1780053655_f25b4c52,1780054266.042254,3.0,2.0,50.0,19.331626892089844,0.0,15.24808120727539,-100.0,-100.0,0.0,40.0,373.71179829497123,19.331626892089844,23.638790130615234
run_1780053655_f25b4c52,1780054268.039349,3.0,2.0,50.0,19.287267684936523,0.0,15.198176383972168,-100.0,-100.0,0.0,40.0,371.9986947503967,19.287267684936523,23.638790130615234
run_1780053655_f25b4c52,1780054270.0523856,3.0,2.0,50.0,19.15414810180664,0.0,15.048417091369629,-100.0,-100.0,0.0,40.0,366.88138950594293,19.15414810180664,23.638790130615234
run_1780053655_f25b4c52,1780054272.050368,3.0,2.0,50.0,19.10977554321289,0.0,14.998497009277344,-100.0,-100.0,0.0,40.0,365.18352131197753,19.10977554321289,23.638790130615234
run_1780053655_f25b4c52,1780054274.0473857,3.0,2.0,50.0,19.02104949951172,0.0,14.898679733276367,-100.0,-100.0,0.0,40.0,361.800324062875,19.02104949951172,23.638790130615234
run_1780053655_f25b4c52,1780054276.046385,3.0,2.0,50.0,18.932308197021484,0.0,14.798848152160645,-100.0,-100.0,0.0,40.0,358.4322936670069,18.932308197021484,23.638790130615234
run_1780053655_f25b4c52,1780054278.0413682,3.0,2.0,50.0,18.799236297607422,0.0,14.649140357971191,-100.0,-100.0,0.0,40.0,353.4112853732804,18.799236297607422,23.638790130615234
run_1780053655_f25b4c52,1780054280.0523849,3.0,2.0,50.0,18.754871368408203,0.0,14.599228858947754,-100.0,-100.0,0.0,40.0,351.7452000455378,18.754871368408203,23.638790130615234
run_1780053655_f25b4c52,1780054282.0505044,3.0,2.0,50.0,18.621774673461914,0.0,14.449496269226074,-100.0,-100.0,0.0,40.0,346.7704919891876,18.621774673461914,23.638790130615234
run_1780053655_f25b4c52,1780054284.0495622,3.0,2.0,50.0,18.577425003051758,0.0,14.399602890014648,-100.0,-100.0,0.0,40.0,345.1207197440126,18.577425003051758,23.638790130615234
run_1780053655_f25b4c52,1780054286.0409157,3.0,2.0,50.0,18.444351196289062,0.0,14.249896049499512,-100.0,-100.0,0.0,40.0,340.19409105204977,18.444351196289062,23.638790130615234
run_1780053655_f25b4c52,1780054288.052897,3.0,2.0,50.0,18.35563087463379,0.0,14.15008544921875,-100.0,-100.0,0.0,40.0,336.9291848058092,18.35563087463379,23.638790130615234
run_1780053655_f25b4c52,1780054290.0445576,3.0,2.0,50.0,18.22256851196289,0.0,14.000389099121094,-100.0,-100.0,0.0,40.0,332.06200317318144,18.22256851196289,23.638790130615234
run_1780053655_f25b4c52,1780054292.0425746,3.0,2.0,50.0,18.133853912353516,0.0,13.900585174560547,-100.0,-100.0,0.0,40.0,328.8366577145789,18.133853912353516,23.638790130615234
run_1780053655_f25b4c52,1780054294.0415757,3.0,2.0,50.0,18.000816345214844,0.0,13.750919342041016,-100.0,-100.0,0.0,40.0,324.0293890941539,18.000816345214844,23.638790130615234
run_1780053655_f25b4c52,1780054296.0408342,3.0,2.0,50.0,17.95646095275879,0.0,13.701018333435059,-100.0,-100.0,0.0,40.0,322.4344899479511,17.95646095275879,23.638790130615234
run_1780053655_f25b4c52,1780054298.0538328,3.0,2.0,50.0,17.779064178466797,0.0,13.501448631286621,-100.0,-100.0,0.0,40.0,316.09512306204124,17.779064178466797,23.638790130615234
run_1780053655_f25b4c52,1780054300.0508344,3.0,2.0,50.0,17.690380096435547,0.0,13.401676177978516,-100.0,-100.0,0.0,40.0,312.94954795636295,17.690380096435547,23.638790130615234
run_1780053655_f25b4c52,1780054302.0478337,3.0,2.0,50.0,17.512983322143555,0.0,13.202106475830078,-100.0,-100.0,0.0,40.0,306.7045848416783,17.512983322143555,23.638790130615234
run_1780053655_f25b4c52,1780054304.044187,3.0,2.0,50.0,17.424320220947266,0.0,13.102361679077148,-100.0,-100.0,0.0,40.0,303.60693516211177,17.424320220947266,23.638790130615234
run_1780053655_f25b4c52,1780054306.0431867,3.0,2.0,50.0,17.246944427490234,0.0,12.902811050415039,-100.0,-100.0,0.0,40.0,297.45709208493645,17.246944427490234,23.638790130615234
run_1780053655_f25b4c52,1780054308.0421875,3.0,2.0,50.0,17.15827178955078,0.0,12.803055763244629,-100.0,-100.0,0.0,40.0,294.40629080409417,17.15827178955078,23.638790130615234
run_1780053655_f25b4c52,1780054310.0533555,3.0,2.0,50.0,16.980924606323242,0.0,12.603540420532227,-100.0,-100.0,0.0,40.0,288.35180048563416,16.980924606323242,23.638790130615234
run_1780053655_f25b4c52,1780054312.043355,3.0,2.0,50.0,16.892263412475586,0.0,12.503795623779297,-100.0,-100.0,0.0,40.0,285.3485631964613,16.892263412475586,23.638790130615234
run_1780053655_f25b4c52,1780054314.0423682,3.0,2.0,50.0,16.71493148803711,0.0,12.304298400878906,-100.0,-100.0,0.0,40.0,279.38893464977446,16.71493148803711,23.638790130615234
run_1780053655_f25b4c52,1780054316.0413496,3.0,2.0,50.0,16.626277923583984,0.0,12.204562187194824,-100.0,-100.0,0.0,40.0,276.43311759225617,16.626277923583984,23.638790130615234
run_1780053655_f25b4c52,1780054318.0403495,3.0,2.0,50.0,16.44894790649414,0.0,12.005064964294434,-100.0,-100.0,0.0,40.0,270.567887230558,16.44894790649414,23.638790130615234
run_1780053655_f25b4c52,1780054320.038368,3.0,2.0,50.0,16.360301971435547,0.0,11.905338287353516,-100.0,-100.0,0.0,40.0,267.65948059655784,16.360301971435547,23.638790130615234
run_1780053655_f25b4c52,1780054322.0533495,3.0,2.0,50.0,16.138690948486328,0.0,11.656026840209961,-100.0,-100.0,0.0,40.0,260.45734553075454,16.138690948486328,23.638790130615234
run_1780053655_f25b4c52,1780054324.0513666,3.0,2.0,50.0,16.0500545501709,0.0,11.556310653686523,-100.0,-100.0,0.0,40.0,257.60425106346156,16.0500545501709,23.638790130615234
run_1780053655_f25b4c52,1780054326.049367,3.0,2.0,50.0,15.872759819030762,0.0,11.356854438781738,-100.0,-100.0,0.0,40.0,251.94450427263746,15.872759819030762,23.638790130615234
run_1780053655_f25b4c52,1780054328.0483682,3.0,2.0,50.0,15.739794731140137,0.0,11.207268714904785,-100.0,-100.0,0.0,40.0,247.7411381784268,15.739794731140137,23.638790130615234
run_1780053655_f25b4c52,1780054330.0453665,3.0,2.0,50.0,15.5625638961792,0.0,11.00788402557373,-100.0,-100.0,0.0,40.0,242.1933950226603,15.5625638961792,23.638790130615234
run_1780053655_f25b4c52,1780054332.0423498,3.0,2.0,50.0,15.473915100097656,0.0,10.908154487609863,-100.0,-100.0,0.0,40.0,239.44204852503026,15.473915100097656,23.638790130615234
run_1780053655_f25b4c52,1780054334.04035,3.0,2.0,50.0,15.385299682617188,0.0,10.80846118927002,-100.0,-100.0,0.0,40.0,236.70744632394053,15.385299682617188,23.638790130615234
run_1780053655_f25b4c52,1780054336.0403662,3.0,2.0,50.0,15.163745880126953,0.0,10.55921459197998,-100.0,-100.0,0.0,40.0,229.93918911706714,15.163745880126953,23.638790130615234
run_1780053655_f25b4c52,1780054338.0533671,3.0,2.0,50.0,15.075139045715332,0.0,10.459531784057617,-100.0,-100.0,0.0,40.0,227.25981724765097,15.075139045715332,23.638790130615234
run_1780053655_f25b4c52,1780054340.0533664,3.0,2.0,50.0,14.853639602661133,0.0,10.210344314575195,-100.0,-100.0,0.0,40.0,220.63060944574318,14.853639602661133,23.638790130615234
run_1780053655_f25b4c52,1780054342.0463529,3.0,2.0,50.0,14.764999389648438,0.0,10.110624313354492,-100.0,-100.0,0.0,40.0,218.00520697631873,14.764999389648438,23.638790130615234
run_1780053655_f25b4c52,1780054344.04135,3.0,2.0,50.0,14.587810516357422,0.0,9.911287307739258,-100.0,-100.0,0.0,40.0,212.8042156611482,14.587810516357422,23.638790130615234
run_1780053655_f25b4c52,1780054346.0533674,3.0,2.0,50.0,14.499221801757812,0.0,9.811623573303223,-100.0,-100.0,0.0,40.0,210.22743285656907,14.499221801757812,23.638790130615234
run_1780053655_f25b4c52,1780054348.0503683,3.0,2.0,50.0,14.277765274047852,0.0,9.56248664855957,-100.0,-100.0,0.0,40.0,203.85458122080672,14.277765274047852,23.638790130615234
run_1780053655_f25b4c52,1780054350.0453675,3.0,2.0,50.0,14.189144134521484,0.0,9.462786674499512,-100.0,-100.0,0.0,40.0,201.33181127022544,14.189144134521484,23.638790130615234
run_1780053655_f25b4c52,1780054352.0433671,3.0,2.0,50.0,13.967681884765625,0.0,9.213642120361328,-100.0,-100.0,0.0,40.0,195.0961372340098,13.967681884765625,23.638790130615234
run_1780053655_f25b4c52,1780054354.0533662,3.0,2.0,50.0,13.923418045043945,0.0,9.163846015930176,-100.0,-100.0,0.0,40.0,193.86157005705536,13.923418045043945,23.638790130615234
run_1780053655_f25b4c52,1780054356.04955,3.0,2.0,50.0,13.70199203491211,0.0,8.914740562438965,-100.0,-100.0,0.0,40.0,187.7445857247949,13.70199203491211,23.638790130615234
run_1780053655_f25b4c52,1780054358.0468695,3.0,2.0,50.0,13.613385200500488,0.0,8.815058708190918,-100.0,-100.0,0.0,40.0,185.32425661720572,13.613385200500488,23.638790130615234
run_1780053655_f25b4c52,1780054360.0468695,3.0,2.0,50.0,13.391983985900879,0.0,8.5659818649292,-100.0,-100.0,0.0,40.0,179.3452350786256,13.391983985900879,23.638790130615234
run_1780053655_f25b4c52,1780054362.0438871,3.0,2.0,50.0,13.30342960357666,0.0,8.466358184814453,-100.0,-100.0,0.0,40.0,176.98123921731985,13.30342960357666,23.638790130615234
run_1780053655_f25b4c52,1780054364.043887,3.0,2.0,50.0,13.126331329345703,0.0,8.267122268676758,-100.0,-100.0,0.0,40.0,172.30057416776253,13.126331329345703,23.638790130615234
run_1780053655_f25b4c52,1780054366.0418694,3.0,2.0,50.0,12.993492126464844,0.0,8.11767864227295,-100.0,-100.0,0.0,40.0,168.8308376405039,12.993492126464844,23.638790130615234
run_1780053655_f25b4c52,1780054368.0390413,3.0,2.0,50.0,12.816398620605469,0.0,7.918447971343994,-100.0,-100.0,0.0,40.0,164.26007360225776,12.816398620605469,23.638790130615234
run_1780053655_f25b4c52,1780054370.054041,3.0,2.0,50.0,12.683572769165039,0.0,7.769019603729248,-100.0,-100.0,0.0,40.0,160.8730181907049,12.683572769165039,23.638790130615234
run_1780053655_f25b4c52,1780054372.0510418,3.0,2.0,50.0,12.506511688232422,0.0,7.569826126098633,-100.0,-100.0,0.0,40.0,156.41283460789418,12.506511688232422,23.638790130615234
run_1780053655_f25b4c52,1780054374.0480583,3.0,2.0,50.0,12.373730659484863,0.0,7.420446872711182,-100.0,-100.0,0.0,40.0,153.1092104334757,12.373730659484863,23.638790130615234
run_1780053655_f25b4c52,1780054376.0460594,3.0,2.0,50.0,12.196659088134766,0.0,7.221240997314453,-100.0,-100.0,0.0,40.0,148.75849291218037,12.196659088134766,23.638790130615234
run_1780053655_f25b4c52,1780054378.0450413,3.0,2.0,50.0,12.063891410827637,0.0,7.071877479553223,-100.0,-100.0,0.0,40.0,145.53747597224083,12.063891410827637,23.638790130615234
run_1780053655_f25b4c52,1780054380.045058,3.0,2.0,50.0,11.886825561523438,0.0,6.872678279876709,-100.0,-100.0,0.0,40.0,141.29662193008699,11.886825561523438,23.638790130615234
run_1780053655_f25b4c52,1780054382.0430586,3.0,2.0,50.0,11.754071235656738,0.0,6.723330497741699,-100.0,-100.0,0.0,40.0,138.15819061289312,11.754071235656738,23.638790130615234
run_1780053655_f25b4c52,1780054384.0430782,3.0,2.0,50.0,11.577066421508789,0.0,6.524200439453125,-100.0,-100.0,0.0,40.0,134.02846692802632,11.577066421508789,23.638790130615234
run_1780053655_f25b4c52,1780054386.0420954,3.0,2.0,50.0,11.444299697875977,0.0,6.374836444854736,-100.0,-100.0,0.0,40.0,130.97199557480417,11.444299697875977,23.638790130615234
run_1780053655_f25b4c52,1780054388.041095,3.0,2.0,50.0,11.223047256469727,0.0,6.125927448272705,-100.0,-100.0,0.0,40.0,125.95678972095266,11.223047256469727,23.638790130615234
run_1780053655_f25b4c52,1780054390.0540965,3.0,2.0,50.0,11.17880916595459,0.0,6.076160430908203,-100.0,-100.0,0.0,40.0,124.96577436883035,11.17880916595459,23.638790130615234
run_1780053655_f25b4c52,1780054392.052096,3.0,2.0,50.0,10.957576751708984,0.0,5.827274322509766,-100.0,-100.0,0.0,40.0,120.06848826959322,10.957576751708984,23.638790130615234
run_1780053655_f25b4c52,1780054394.050096,3.0,2.0,50.0,10.869097709655762,0.0,5.727734565734863,-100.0,-100.0,0.0,40.0,118.13728502204413,10.869097709655762,23.638790130615234
run_1780053655_f25b4c52,1780054396.0480957,3.0,2.0,50.0,10.64788818359375,0.0,5.4788737297058105,-100.0,-100.0,0.0,40.0,113.37752277031541,10.64788818359375,23.638790130615234
run_1780053655_f25b4c52,1780054398.0470784,3.0,2.0,50.0,10.559417724609375,0.0,5.379344940185547,-100.0,-100.0,0.0,40.0,111.50130268279463,10.559417724609375,23.638790130615234
run_1780053655_f25b4c52,1780054400.0432365,3.0,2.0,50.0,10.382472038269043,0.0,5.180280685424805,-100.0,-100.0,0.0,40.0,107.79572562543854,10.382472038269043,23.638790130615234
run_1780053655_f25b4c52,1780054402.0422182,3.0,2.0,50.0,10.249772071838379,0.0,5.030993461608887,-100.0,-100.0,0.0,40.0,105.05782752463801,10.249772071838379,23.638790130615234
run_1780053655_f25b4c52,1780054404.0387566,3.0,2.0,50.0,10.072844505310059,0.0,4.8319501876831055,-100.0,-100.0,0.0,40.0,101.46219642815504,10.072844505310059,23.638790130615234
run_1780053655_f25b4c52,1780054406.0507386,3.0,2.0,50.0,9.98436164855957,0.0,4.732407093048096,-100.0,-100.0,0.0,40.0,99.68747752922718,9.98436164855957,23.638790130615234
run_1780053655_f25b4c52,1780054408.0477564,3.0,2.0,50.0,9.763250350952148,0.0,4.483656883239746,-100.0,-100.0,0.0,40.0,95.32105741536725,9.763250350952148,23.638790130615234
run_1780053655_f25b4c52,1780054410.0437565,3.0,2.0,50.0,9.674793243408203,0.0,4.3841423988342285,-100.0,-100.0,0.0,40.0,93.60162430269702,9.674793243408203,23.638790130615234
run_1780053655_f25b4c52,1780054412.043752,3.0,2.0,50.0,9.45367431640625,0.0,4.135383605957031,-100.0,-100.0,0.0,40.0,89.37195808067918,9.45367431640625,23.638790130615234
run_1780053655_f25b4c52,1780054414.0428,3.0,2.0,50.0,9.365240097045898,0.0,4.035895347595215,-100.0,-100.0,0.0,40.0,87.70772207531627,9.365240097045898,23.638790130615234
run_1780053655_f25b4c52,1780054416.0408008,3.0,2.0,50.0,9.144145965576172,0.0,3.787163496017456,-100.0,-100.0,0.0,40.0,83.61540543976298,9.144145965576172,23.638790130615234
run_1780053655_f25b4c52,1780054418.0407827,3.0,2.0,50.0,9.055721282958984,0.0,3.68768572807312,-100.0,-100.0,0.0,40.0,82.00608795463631,9.055721282958984,23.638790130615234
run_1780053655_f25b4c52,1780054420.0538,3.0,2.0,50.0,8.878865242004395,0.0,3.4887235164642334,-100.0,-100.0,0.0,40.0,78.83424798567376,8.878865242004395,23.638790130615234
run_1780053655_f25b4c52,1780054422.047801,3.0,2.0,50.0,8.74625015258789,0.0,3.339531183242798,-100.0,-100.0,0.0,40.0,76.4968917316437,8.74625015258789,23.638790130615234
run_1780053655_f25b4c52,1780054424.044922,3.0,2.0,50.0,8.56939697265625,0.0,3.140571355819702,-100.0,-100.0,0.0,40.0,73.4345644749701,8.56939697265625,23.638790130615234
run_1780053655_f25b4c52,1780054426.0441065,3.0,2.0,50.0,8.436765670776367,0.0,2.991361379623413,-100.0,-100.0,0.0,40.0,71.1790149835906,8.436765670776367,23.638790130615234
run_1780053655_f25b4c52,1780054428.041337,3.0,2.0,50.0,8.25996208190918,0.0,2.7924578189849854,-100.0,-100.0,0.0,40.0,68.22697359457743,8.25996208190918,23.638790130615234
run_1780053655_f25b4c52,1780054430.0535781,3.0,2.0,50.0,8.171565055847168,0.0,2.693010091781616,-100.0,-100.0,0.0,40.0,66.77447546194253,8.171565055847168,23.638790130615234
run_1780053655_f25b4c52,1780054432.0485787,3.0,2.0,50.0,7.950559616088867,0.0,2.4443798065185547,-100.0,-100.0,0.0,40.0,63.211398208983155,7.950559616088867,23.638790130615234
run_1780053655_f25b4c52,1780054434.0415785,3.0,2.0,50.0,7.862157821655273,0.0,2.3449275493621826,-100.0,-100.0,0.0,40.0,61.813525612615194,7.862157821655273,23.638790130615234
run_1780053655_f25b4c52,1780054436.041578,3.0,2.0,50.0,7.685389041900635,0.0,2.1460623741149902,-100.0,-100.0,0.0,40.0,59.06520472536636,7.685389041900635,23.638790130615234
run_1780053655_f25b4c52,1780054438.0525777,3.0,2.0,50.0,7.552798271179199,0.0,1.9968980550765991,-100.0,-100.0,0.0,40.0,57.0447617251275,7.552798271179199,23.638790130615234
run_1780053655_f25b4c52,1780054440.0515656,3.0,2.0,50.0,7.376034259796143,0.0,1.798038363456726,-100.0,-100.0,0.0,40.0,54.40588140168643,7.376034259796143,23.638790130615234
run_1780053655_f25b4c52,1780054442.0475771,3.0,2.0,50.0,7.243470191955566,0.0,1.6489039659500122,-100.0,-100.0,0.0,40.0,52.46786042174881,7.243470191955566,23.638790130615234
run_1780053655_f25b4c52,1780054444.0395787,3.0,2.0,50.0,7.066725254058838,0.0,1.4500659704208374,-100.0,-100.0,0.0,40.0,49.93860581635295,7.066725254058838,23.638790130615234
run_1780053655_f25b4c52,1780054446.0545776,3.0,2.0,50.0,6.93419075012207,0.0,1.3009644746780396,-100.0,-100.0,0.0,40.0,48.08300135907848,6.93419075012207,23.638790130615234
run_1780053655_f25b4c52,1780054448.2435777,20.0,506.0,47.0,6.757449150085449,0.0,1.1021301746368408,-15.776841163635254,-33.78724670410156,-0.12193804979324341,18.13234519958496,45.66311901599056,6.757449150085449,23.638790130615234
run_1780053655_f25b4c52,1780054450.0505779,20.0,506.0,47.0,6.66909646987915,0.0,1.0027337074279785,-16.185283660888672,-33.345481872558594,-0.25496071577072144,17.415159225463867,44.476847724554545,6.66909646987915,23.638790130615234
run_1780053655_f25b4c52,1780054452.047578,20.0,506.0,47.0,6.448222637176514,0.0,0.7542498707771301,-14.380084037780762,-32.24111557006836,-0.38475316762924194,18.245784759521484,41.57957517859563,6.448222637176514,23.638790130615234
run_1780053655_f25b4c52,1780054454.0405607,20.0,506.0,47.0,6.35984992980957,0.0,0.654830813407898,-14.79290771484375,-31.799251556396484,-0.5116646885871887,17.518007278442383,40.447691129698796,6.35984992980957,23.638790130615234
run_1780053655_f25b4c52,1780054456.0525827,20.0,506.0,47.0,6.18317174911499,0.0,0.45606836676597595,-13.699546813964844,-30.91585922241211,-0.6359568238258362,17.852270126342773,38.23161287905373,6.18317174911499,23.638790130615234
run_1780053655_f25b4c52,1780054458.0495977,20.0,506.0,47.0,6.0948357582092285,0.0,0.35669058561325073,-14.070199012756348,-30.474180221557617,-0.7576302289962769,17.161611557006836,37.14702291954586,6.0948357582092285,23.638790130615234
run_1780053655_f25b4c52,1780054460.0455978,20.0,506.0,47.0,5.873990535736084,0.0,0.10823900997638702,-12.229940414428711,-29.369953155517578,-0.8760740756988525,18.016088485717773,34.50376481391709,5.873990535736084,23.638790130615234
run_1780053655_f25b4c52,1780054462.0415971,20.0,506.0,47.0,5.785650253295898,0.0,0.00885683298110962,-12.610037803649902,-28.928253173828125,-0.9916374683380127,17.309852600097656,33.473748853462894,5.785650253295898,23.638790130615234
run_1780053655_f25b4c52,1780054464.0525973,20.0,506.0,47.0,5.609006881713867,0.0,-0.18986715376377106,-11.486038208007812,-28.045034408569336,-1.104581594467163,17.663578033447266,31.46095819911352,5.609006881713867,23.638790130615234
run_1780053655_f25b4c52,1780054466.0500546,20.0,506.0,47.0,5.5648417472839355,0.0,-0.23955287039279938,-12.554621696472168,-27.824207305908203,-1.2151697874069214,16.48475456237793,30.967463672314125,5.5648417472839355,23.638790130615234
run_1780053655_f25b4c52,1780054468.0459857,20.0,506.0,47.0,5.432346343994141,0.0,-0.3886098265647888,-12.114156723022461,-27.161731719970703,-1.3233145475387573,16.370891571044922,29.510386801106506,5.432346343994141,23.638790130615234
run_1780053655_f25b4c52,1780054470.0425,20.0,506.0,47.0,5.299887657165527,0.0,-0.5376265048980713,-11.631189346313477,-26.499439239501953,-1.4293638467788696,16.2976131439209,28.088809178575502,5.299887657165527,23.638790130615234
run_1780053655_f25b4c52,1780054472.0405002,20.0,506.0,47.0,5.211578845977783,0.0,-0.6369737386703491,-11.875616073608398,-26.05789566040039,-1.5328824520111084,15.71516227722168,27.160554067843123,5.211578845977783,23.638790130615234
run_1780053655_f25b4c52,1780054474.0545187,20.0,506.0,47.0,5.079100131988525,0.0,-0.7860120534896851,-11.35443115234375,-25.39550018310547,-1.634045124053955,15.675115585327148,25.797258150765856,5.079100131988525,23.638790130615234
run_1780053655_f25b4c52,1780054476.052519,20.0,506.0,47.0,4.990784645080566,0.0,-0.8853675723075867,-11.535005569458008,-24.95392417907715,-1.7332000732421875,15.152118682861328,24.907931373571955,4.990784645080566,23.638790130615234
run_1780053655_f25b4c52,1780054478.0503821,20.0,506.0,47.0,4.8141889572143555,0.0,-1.08403742313385,-10.229347229003906,-24.070945739746094,-1.829738736152649,15.671335220336914,23.176415315764643,4.8141889572143555,23.638790130615234
run_1780053655_f25b4c52,1780054480.0463643,20.0,506.0,47.0,4.770035266876221,0.0,-1.133710265159607,-11.111913681030273,-23.850177764892578,-1.9242697954177856,14.662532806396484,22.753236447242898,4.770035266876221,23.638790130615234
run_1780053655_f25b4c52,1780054482.0453837,20.0,506.0,47.0,4.593454360961914,0.0,-1.3323642015457153,-9.755417823791504,-22.96727180480957,-2.0164451599121094,15.22829818725586,21.099822966240026,4.593454360961914,23.638790130615234
run_1780053655_f25b4c52,1780054484.0443811,20.0,506.0,47.0,4.505138397216797,0.0,-1.431719183921814,-9.883769035339355,-22.525691986083984,-2.1060025691986084,14.7479248046875,20.29627197807713,4.505138397216797,23.638790130615234
run_1780053655_f25b4c52,1780054486.04063,20.0,506.0,47.0,4.372720718383789,0.0,-1.580689549446106,-9.2283353805542,-21.863603591918945,-2.19372820854187,14.828996658325195,19.12068648098284,4.372720718383789,23.638790130615234
run_1780053655_f25b4c52,1780054488.0546305,20.0,506.0,47.0,4.284426689147949,0.0,-1.6800205707550049,-9.314584732055664,-21.422134399414062,-2.278923511505127,14.386473655700684,18.356312054683258,4.284426689147949,23.638790130615234
run_1780053655_f25b4c52,1780054490.0546296,20.0,506.0,47.0,4.152003765106201,0.0,-1.828996181488037,-8.649227142333984,-20.760019302368164,-2.361764907836914,14.47255802154541,17.23913526545607,4.152003765106201,23.638790130615234
run_1780053655_f25b4c52,1780054492.052863,20.0,506.0,47.0,4.063732147216797,0.0,-1.9283020496368408,-8.697473526000977,-20.318660736083984,-2.442598819732666,14.063785552978516,16.51391896432324,4.063732147216797,23.638790130615234
run_1780053655_f25b4c52,1780054494.0518453,20.0,506.0,47.0,3.931304693222046,0.0,-2.077282190322876,-7.967889308929443,-19.656524658203125,-2.5216012001037598,14.210235595703125,15.455156590949684,3.931304693222046,23.638790130615234
run_1780053655_f25b4c52,1780054496.0478454,20.0,506.0,47.0,3.843038320541382,0.0,-2.176582098007202,-7.967504978179932,-19.215192794799805,-2.598423957824707,13.846111297607422,14.768943533149525,3.843038320541382,23.638790130615234
run_1780053655_f25b4c52,1780054498.045863,20.0,506.0,47.0,3.6664979457855225,0.0,-2.3751895427703857,-6.515470027923584,-18.332490921020508,-2.6722798347473145,14.489300727844238,13.443207186449456,3.6664979457855225,23.638790130615234
run_1780053655_f25b4c52,1780054500.0438585,20.0,506.0,47.0,3.622361421585083,0.0,-2.4248435497283936,-7.253211975097656,-18.111806869506836,-2.744304656982422,13.602900505065918,13.121502268587903,3.622361421585083,23.638790130615234
run_1780053655_f25b4c52,1780054502.0426693,20.0,506.0,47.0,3.445863723754883,0.0,-2.623403549194336,-5.774312973022461,-17.229318618774414,-2.81380033493042,14.268805503845215,11.873976802689867,3.445863723754883,23.638790130615234
run_1780053655_f25b4c52,1780054504.04167,20.0,506.0,47.0,3.357583522796631,0.0,-2.7227182388305664,-5.769695281982422,-16.787918090820312,-2.8810267448425293,13.899249076843262,11.273367112555434,3.357583522796631,23.638790130615234
run_1780053655_f25b4c52,1780054506.041802,20.0,506.0,47.0,3.225202798843384,0.0,-2.8716466426849365,-5.040220737457275,-16.126014709472656,-2.9455511569976807,14.031344413757324,10.401933093667196,3.225202798843384,23.638790130615234
run_1780053655_f25b4c52,1780054508.040802,20.0,506.0,47.0,3.136943817138672,0.0,-2.970938205718994,-5.008937358856201,-15.68471908569336,-3.0084190368652344,13.68420124053955,9.840416511884541,3.136943817138672,23.638790130615234
run_1780053655_f25b4c52,1780054510.0548012,20.0,506.0,47.0,3.0045735836029053,0.0,-3.119854688644409,-4.22576379776001,-15.022868156433105,-3.0691065788269043,13.866211891174316,9.027462419284404,3.0045735836029053,23.638790130615234
run_1780053655_f25b4c52,1780054512.0527852,20.0,506.0,47.0,2.960460662841797,0.0,-3.1694817543029785,-4.8913702964782715,-14.8023042678833,-3.1280484199523926,13.038982391357422,8.764327336233691,2.960460662841797,23.638790130615234
run_1780053655_f25b4c52,1780054514.0518022,20.0,506.0,47.0,2.8280842304229736,0.0,-3.3184049129486084,-4.072058200836182,-14.140420913696289,-3.184727191925049,13.253089904785156,7.998060414367103,2.8280842304229736,23.638790130615234
run_1780053655_f25b4c52,1780054516.0498004,20.0,506.0,47.0,2.7398366928100586,0.0,-3.4176836013793945,-3.958876371383667,-13.69918441772461,-3.23974609375,12.980053901672363,7.506705103268359,2.7398366928100586,23.638790130615234
run_1780053655_f25b4c52,1780054518.0472174,20.0,506.0,47.0,2.607499599456787,0.0,-3.566563129425049,-3.1012206077575684,-13.037498474121094,-3.292581796646118,13.228858947753906,6.799054161167305,2.607499599456787,23.638790130615234
run_1780053655_f25b4c52,1780054520.0462177,20.0,506.0,47.0,2.5633790493011475,0.0,-3.616198778152466,-3.6980538368225098,-12.816895484924316,-3.3436741828918457,12.462515830993652,6.570912150396055,2.5633790493011475,23.638790130615234
run_1780053655_f25b4c52,1780054522.0432005,20.0,506.0,47.0,2.431035280227661,0.0,-3.765084981918335,-2.767303466796875,-12.155177116394043,-3.393371820449829,12.781244277954102,5.909932533711583,2.431035280227661,23.638790130615234
run_1780053655_f25b4c52,1780054524.040218,20.0,506.0,47.0,2.386930227279663,0.0,-3.8147032260894775,-3.3182053565979004,-11.934651374816895,-3.4409773349761963,12.05742359161377,5.697435909901344,2.386930227279663,23.638790130615234
run_1780053655_f25b4c52,1780054526.0542004,20.0,506.0,47.0,2.254566192626953,0.0,-3.9636125564575195,-2.3840644359588623,-11.272830963134766,-3.4864907264709473,12.37525749206543,5.0830687169363955,2.254566192626953,23.638790130615234
run_1780053655_f25b4c52,1780054528.0506468,20.0,506.0,47.0,2.2104506492614746,0.0,-4.013243198394775,-2.8925797939300537,-11.052252769470215,-3.530609130859375,11.690281867980957,4.886092072820475,2.2104506492614746,23.638790130615234
run_1780053655_f25b4c52,1780054530.0496476,20.0,506.0,47.0,2.0781373977661133,0.0,-4.162095546722412,-1.920732855796814,-10.390686988830566,-3.5726356506347656,12.04258918762207,4.318655043994113,2.0781373977661133,23.638790130615234
run_1780053655_f25b4c52,1780054532.046765,20.0,506.0,47.0,1.9899277687072754,0.0,-4.261331081390381,-1.677875280380249,-9.949638366699219,-3.6128315925598145,11.88459587097168,3.9598125246723157,1.9899277687072754,23.638790130615234
run_1780053655_f25b4c52,1780054534.249504,1.0,495.0,3.0,1.8575944900512695,0.0,-4.410206317901611,-100.0,-100.0,-3.6167640686035156,15.648941993713379,3.450657289468836,1.8575944900512695,23.638790130615234
run_1780053655_f25b4c52,1780054536.0544872,1.0,495.0,3.0,1.8134989738464355,0.0,-4.459813594818115,-100.0,-100.0,-3.6167640686035156,14.78845500946045,3.2887785281420747,1.8134989738464355,23.638790130615234
run_1780053655_f25b4c52,1780054538.0515049,1.0,495.0,3.0,1.6811747550964355,0.0,-4.608678340911865,-100.0,-100.0,-3.6167640686035156,15.301993370056152,2.82634855717356,1.6811747550964355,23.638790130615234
run_1780053655_f25b4c52,1780054540.0475044,1.0,495.0,3.0,1.637068271636963,0.0,-4.658298015594482,-100.0,-100.0,-3.6167640686035156,14.474760055541992,2.679992526000433,1.637068271636963,23.638790130615234
run_1780053655_f25b4c52,1780054542.0449262,1.0,495.0,3.0,1.504781723022461,0.0,-4.8071208000183105,-100.0,-100.0,-3.6167640686035156,14.966961860656738,2.2643680339424463,1.504781723022461,23.638790130615234
run_1780053655_f25b4c52,1780054544.054379,1.0,495.0,3.0,1.4165730476379395,0.0,-4.906355381011963,-100.0,-100.0,-3.6167640686035156,14.804038047790527,2.00667919929424,1.4165730476379395,23.638790130615234
run_1780053655_f25b4c52,1780054546.05161,1.0,495.0,3.0,1.2842812538146973,0.0,-5.055183410644531,-100.0,-100.0,-3.6167640686035156,15.315628051757812,1.6493783388998509,1.2842812538146973,23.638790130615234
run_1780053655_f25b4c52,1780054548.0488298,1.0,495.0,3.0,1.240194320678711,0.0,-5.104781150817871,-100.0,-100.0,-3.6167640686035156,14.486807823181152,1.5380819530437293,1.240194320678711,23.638790130615234
run_1780053655_f25b4c52,1780054550.0478294,1.0,495.0,3.0,1.1078968048095703,0.0,-5.2536163330078125,-99.72786712646484,-100.0,-3.9407994747161865,15.00261116027832,1.2274353301072551,1.1078968048095703,23.638790130615234
run_1780053655_f25b4c52,1780054552.0438294,1.0,495.0,3.0,1.0197148323059082,0.0,-5.352820873260498,-91.50619506835938,-100.0,-4.370623588562012,14.83590316772461,1.0398183392246665,1.0197148323059082,23.638790130615234
run_1780053655_f25b4c52,1780054554.0418298,1.0,495.0,3.0,0.8874416351318359,0.0,-5.501628398895264,-78.154296875,-88.7441635131836,-4.766590595245361,15.356456756591797,0.7875526557654666,0.8874416351318359,23.638790130615234
run_1780053655_f25b4c52,1780054556.0408304,1.0,495.0,3.0,0.8433465957641602,0.0,-5.551235198974609,-74.92704772949219,-84.33465576171875,-5.116242408752441,14.523860931396484,0.7112334805869978,0.8433465957641602,23.638790130615234
run_1780053655_f25b4c52,1780054558.054829,1.0,495.0,3.0,0.6670031547546387,0.0,-5.749621391296387,-56.435264587402344,-66.7003173828125,-5.428489685058594,15.693537712097168,0.44489320845264047,0.6670031547546387,23.638790130615234
run_1780053655_f25b4c52,1780054560.0538166,1.0,495.0,3.0,0.6229124069213867,0.0,-5.79922342300415,-53.151588439941406,-62.29124069213867,-5.689077377319336,14.828729629516602,0.3880198666965953,0.6229124069213867,23.638790130615234
run_1780053655_f25b4c52,1780054562.051813,1.0,495.0,3.0,0.44655275344848633,0.0,-5.997628211975098,-34.59796905517578,-44.6552734375,-5.91225528717041,15.969560623168945,0.19940936161242462,0.44655275344848633,23.638790130615234
run_1780053655_f25b4c52,1780054564.0499701,1.0,495.0,3.0,0.4024643898010254,0.0,-6.047227382659912,-31.25182342529297,-40.246437072753906,-6.083771228790283,15.078386306762695,0.1619775850579117,0.4024643898010254,23.638790130615234
run_1780053655_f25b4c52,1780054566.0469754,1.0,495.0,3.0,0.22616147994995117,0.0,-6.24556827545166,-12.639448165893555,-22.616147994995117,-6.217889308929443,16.19458770751953,0.051149015013152166,0.22616147994995117,23.638790130615234
run_1780053655_f25b4c52,1780054568.044975,1.0,495.0,3.0,0.13799333572387695,0.0,-6.344757556915283,-4.176811695098877,-13.799333572387695,-6.291458606719971,15.913979530334473,0.019042160704202615,0.13799333572387695,23.638790130615234
run_1780053655_f25b4c52,1780054570.0439873,1.0,495.0,3.0,0.005744457244873047,0.0,-6.493537425994873,9.42573070526123,-0.5744457244873047,-6.331191062927246,16.33136749267578,3.2998789038174436e-05,0.005744457244873047,23.638790130615234
run_1780053655_f25b4c52,1780054572.0549862,1.0,495.0,3.0,-0.038336753845214844,0.0,-6.543128967285156,12.930160522460938,3.8336753845214844,-6.309092998504639,15.40557861328125,0.001469706695388595,0.038336753845214844,23.638790130615234
run_1780053655_f25b4c52,1780054574.0489872,1.0,495.0,3.0,-0.21464109420776367,0.0,-6.741471290588379,31.777685165405273,21.464109420776367,-6.1770124435424805,16.49058723449707,0.04607079932270608,0.21464109420776367,23.638790130615234
run_1780053655_f25b4c52,1780054576.0479865,1.0,495.0,3.0,-0.25869035720825195,0.0,-6.791026592254639,35.53043746948242,25.869035720825195,-5.9005446434021,15.561944007873535,0.066920700912533,0.25869035720825195,23.638790130615234
run_1780053655_f25b4c52,1780054578.0429702,1.0,495.0,3.0,-0.3468303680419922,0.0,-6.89018440246582,44.493736267089844,34.68303680419922,-5.543883800506592,15.354585647583008,0.12029130419614376,0.3468303680419922,23.638790130615234
run_1780053655_f25b4c52,1780054580.0529869,1.0,495.0,3.0,-0.39092063903808594,0.0,-6.939785957336426,48.519954681396484,39.092063903808594,-5.107011795043945,14.534902572631836,0.15281894602594548,0.39092063903808594,23.638790130615234
run_1780053655_f25b4c52,1780054582.0529873,1.0,495.0,3.0,-0.4349956512451172,0.0,-6.989370346069336,52.678466796875,43.49956512451172,-4.627345561981201,13.806244850158691,0.18922121660216362,0.4349956512451172,23.638790130615234
run_1780053655_f25b4c52,1780054584.0469878,1.0,495.0,3.0,-0.4349956512451172,0.0,-6.989370346069336,51.88928985595703,43.49956512451172,-4.099554061889648,12.489274978637695,0.18922121660216362,0.4349956512451172,23.638790130615234
run_1780053655_f25b4c52,1780054586.044988,1.0,495.0,3.0,-0.39092063903808594,0.0,-6.939785957336426,46.16138458251953,39.092063903808594,-3.6091930866241455,10.678511619567871,0.15281894602594548,0.39092063903808594,23.638790130615234
run_1780053655_f25b4c52,1780054588.0409875,1.0,495.0,3.0,-0.3468303680419922,0.0,-6.89018440246582,40.547027587890625,34.68303680419922,-3.1509227752685547,9.014912605285645,0.12029130419614376,0.3468303680419922,23.638790130615234
run_1780053655_f25b4c52,1780054590.0509698,1.0,495.0,3.0,-0.25869035720825195,0.0,-6.791026592254639,29.974048614501953,25.869035720825195,-2.772873878479004,6.8778886795043945,0.066920700912533,0.25869035720825195,23.638790130615234
run_1780053655_f25b4c52,1780054592.0479875,1.0,495.0,3.0,-0.170562744140625,0.0,-6.691883087158203,19.497817993164062,17.0562744140625,-2.4910738468170166,4.932616710662842,0.029091649688780308,0.170562744140625,23.638790130615234
run_1780053655_f25b4c52,1780054594.043988,1.0,495.0,3.0,-0.038336753845214844,0.0,-6.543128967285156,4.028449058532715,3.8336753845214844,-2.332257032394409,2.5270304679870605,0.001469706695388595,0.038336753845214844,23.638790130615234
run_1780053655_f25b4c52,1780054596.0399878,1.0,495.0,3.0,0.04982709884643555,0.0,-6.443944454193115,-6.292191982269287,-4.982709884643555,-2.305736541748047,0.9962540864944458,0.0024827397794524586,0.04982709884643555,23.638790130615234
run_1780053655_f25b4c52,1780054598.0529873,1.0,495.0,3.0,0.18207740783691406,0.0,-6.295163154602051,-21.583833694458008,-18.207740783691406,-2.341902494430542,-1.034191370010376,0.033152182444609934,0.18207740783691406,23.638790130615234
run_1780053655_f25b4c52,1780054600.049988,1.0,495.0,3.0,0.22616147994995117,0.0,-6.24556827545166,-26.617395401000977,-22.616147994995117,-2.4208126068115234,-1.580433964729309,0.051149015013152166,0.22616147994995117,23.638790130615234
run_1780053655_f25b4c52,1780054602.044988,1.0,495.0,3.0,0.2702336311340332,0.0,-6.195987224578857,-31.59707260131836,-27.02336311340332,-2.5246551036834717,-2.0490541458129883,0.07302621539588472,0.2702336311340332,23.638790130615234
run_1780053655_f25b4c52,1780054604.042987,1.0,495.0,3.0,0.35839080810546875,0.0,-6.096810340881348,-41.59986877441406,-35.839080810546875,-2.655214548110962,-3.1055748462677,0.12844397133449093,0.35839080810546875,23.638790130615234
run_1780053655_f25b4c52,1780054606.0549877,1.0,495.0,3.0,0.35839080810546875,0.0,-6.096810340881348,-41.44843673706055,-35.839080810546875,-2.800020456314087,-2.809335231781006,0.12844397133449093,0.35839080810546875,23.638790130615234
run_1780053655_f25b4c52,1780054608.049987,1.0,495.0,3.0,0.4024643898010254,0.0,-6.047227382659912,-46.3827018737793,-40.246437072753906,-2.9501681327819824,-3.186094284057617,0.1619775850579117,0.4024643898010254,23.638790130615234
run_1780053655_f25b4c52,1780054610.0469697,1.0,495.0,3.0,0.4024643898010254,0.0,-6.047227382659912,-46.24139404296875,-40.246437072753906,-3.112780809402466,-2.8821747303009033,0.1619775850579117,0.4024643898010254,23.638790130615234
run_1780053655_f25b4c52,1780054612.0449874,1.0,495.0,3.0,0.35839080810546875,0.0,-6.096810340881348,-41.07163619995117,-35.839080810546875,-3.270047903060913,-1.9625056982040405,0.12844397133449093,0.35839080810546875,23.638790130615234
run_1780053655_f25b4c52,1780054614.0439699,1.0,495.0,3.0,0.35839080810546875,0.0,-6.096810340881348,-41.02923583984375,-35.839080810546875,-3.4148499965667725,-1.7753031253814697,0.12844397133449093,0.35839080810546875,23.638790130615234
run_1780053655_f25b4c52,1780054616.0429702,1.0,495.0,3.0,0.3143186569213867,0.0,-6.14639139175415,-35.974369049072266,-31.431865692138672,-3.543625831604004,-0.9988760352134705,0.09879621808886441,0.3143186569213867,23.638790130615234
run_1780053655_f25b4c52,1780054618.0419881,1.0,495.0,3.0,0.2702336311340332,0.0,-6.195987224578857,-30.965557098388672,-27.02336311340332,-3.658156156539917,-0.2840357720851898,0.07302621539588472,0.2702336311340332,23.638790130615234
run_1780053655_f25b4c52,1780054620.0539873,1.0,495.0,3.0,0.22616147994995117,0.0,-6.24556827545166,-26.01732635498047,-22.616147994995117,-3.7513182163238525,0.35014039278030396,0.051149015013152166,0.22616147994995117,23.638790130615234
run_1780053655_f25b4c52,1780054622.049987,1.0,495.0,3.0,0.13799333572387695,0.0,-6.344757556915283,-16.061262130737305,-13.799333572387695,-3.8177595138549805,1.5558301210403442,0.019042160704202615,0.13799333572387695,23.638790130615234
run_1780053655_f25b4c52,1780054624.046987,1.0,495.0,3.0,0.04982709884643555,0.0,-6.443944454193115,-6.1753058433532715,-4.982709884643555,-3.8521416187286377,2.659545421600342,0.0024827397794524586,0.04982709884643555,23.638790130615234
run_1780053655_f25b4c52,1780054626.0439699,1.0,495.0,3.0,0.005744457244873047,0.0,-6.493537425994873,-1.4088759422302246,-0.5744457244873047,-3.8598082065582275,3.0253779888153076,3.2998789038174436e-05,0.005744457244873047,23.638790130615234
run_1780053655_f25b4c52,1780054628.0430405,1.0,495.0,3.0,-0.08241701126098633,0.0,-6.592719078063965,8.428401947021484,8.241701126098633,-3.8021318912506104,3.988833427429199,0.006792563745193547,0.08241701126098633,23.638790130615234
run_1780053655_f25b4c52,1780054630.0400407,1.0,495.0,3.0,-0.12648344039916992,0.0,-6.642293930053711,13.213128089904785,12.648344039916992,-3.6753973960876465,4.240180492401123,0.01599806069521037,0.12648344039916992,23.638790130615234
run_1780053655_f25b4c52,1780054632.0514266,1.0,495.0,3.0,-0.25869035720825195,0.0,-6.791026592254639,28.153854370117188,25.869035720825195,-3.4096262454986572,5.69444465637207,0.066920700912533,0.25869035720825195,23.638790130615234
run_1780053655_f25b4c52,1780054634.0505264,1.0,495.0,3.0,-0.3027677536010742,0.0,-6.84061336517334,32.99102020263672,30.276775360107422,-3.0690081119537354,5.783251762390137,0.09166831262064079,0.3027677536010742,23.638790130615234
run_1780053655_f25b4c52,1780054636.048526,1.0,495.0,3.0,-0.39092063903808594,0.0,-6.939785957336426,42.938106536865234,39.092063903808594,-2.637484550476074,6.483526706695557,0.15281894602594548,0.39092063903808594,23.638790130615234
run_1780053655_f25b4c52,1780054638.0475256,1.0,495.0,3.0,-0.4349956512451172,0.0,-6.989370346069336,47.860164642333984,43.49956512451172,-2.136427640914917,6.497028350830078,0.18922121660216362,0.4349956512451172,23.638790130615234
run_1780053655_f25b4c52,1780054640.0465267,1.0,495.0,3.0,-0.4349956512451172,0.0,-6.989370346069336,47.76821517944336,43.49956512451172,-1.6086320877075195,5.877279281616211,0.18922121660216362,0.4349956512451172,23.638790130615234
run_1780053655_f25b4c52,1780054642.0427706,1.0,495.0,3.0,-0.47905588150024414,0.0,-7.038938045501709,52.79988098144531,47.90558624267578,-1.0541068315505981,5.948399543762207,0.22949453759997596,0.47905588150024414,23.638790130615234
run_1780053655_f25b4c52,1780054644.0408692,1.0,495.0,3.0,-0.4349956512451172,0.0,-6.989370346069336,47.74711608886719,43.49956512451172,-0.48888957500457764,4.736441612243652,0.18922121660216362,0.4349956512451172,23.638790130615234
run_1780053655_f25b4c52,1780054646.0548685,1.0,495.0,3.0,-0.4349956512451172,0.0,-6.989370346069336,47.805503845214844,43.49956512451172,0.021303750574588776,4.2846360206604,0.18922121660216362,0.4349956512451172,23.638790130615234
run_1780053655_f25b4c52,1780054648.0528677,1.0,495.0,3.0,-0.3468303680419922,0.0,-6.89018440246582,37.4825439453125,34.68303680419922,0.1756880283355713,2.6238210201263428,0.12029130419614376,0.3468303680419922,23.638790130615234
run_1780053655_f25b4c52,1780054650.05192,1.0,495.0,3.0,-0.25869035720825195,0.0,-6.791026592254639,27.276805877685547,25.869035720825195,0.29801541566848755,1.109755516052246,0.066920700912533,0.25869035720825195,23.638790130615234
run_1780053655_f25b4c52,1780054652.0504138,1.0,495.0,3.0,-0.12648344039916992,0.0,-6.642293930053711,12.131672859191895,12.648344039916992,0.3758332133293152,-0.8925039172172546,0.01599806069521037,0.12648344039916992,23.638790130615234
run_1780053655_f25b4c52,1780054654.0484314,1.0,495.0,3.0,-0.038336753845214844,0.0,-6.543128967285156,2.1715610027313232,3.8336753845214844,0.4091302752494812,-2.071244716644287,0.001469706695388595,0.038336753845214844,23.638790130615234
run_1780053655_f25b4c52,1780054656.0451295,1.0,495.0,3.0,0.09392404556274414,0.0,-6.3943352699279785,-12.787734985351562,-9.392404556274414,0.3509176969528198,-3.7462494373321533,0.008821726334872437,0.09392404556274414,23.638790130615234
run_1780053655_f25b4c52,1780054658.0441282,1.0,495.0,3.0,0.18207740783691406,0.0,-6.295163154602051,-22.677133560180664,-18.207740783691406,0.18347659707069397,-4.65286922454834,0.033152182444609934,0.18207740783691406,23.638790130615234
run_1780053655_f25b4c52,1780054660.042129,1.0,495.0,3.0,0.2702336311340332,0.0,-6.195987224578857,-32.492958068847656,-27.02336311340332,-0.04623148962855339,-5.423364162445068,0.07302621539588472,0.2702336311340332,23.638790130615234
run_1780053655_f25b4c52,1780054662.042129,1.0,495.0,3.0,0.3143186569213867,0.0,-6.14639139175415,-37.13432693481445,-31.431865692138672,-0.1643228977918625,-5.538137912750244,0.09879621808886441,0.3143186569213867,23.638790130615234
run_1780053655_f25b4c52,1780054664.0401301,1.0,495.0,3.0,0.4024643898010254,0.0,-6.047227382659912,-46.83030700683594,-40.246437072753906,-0.3091273009777069,-6.274738311767578,0.1619775850579117,0.4024643898010254,23.638790130615234
run_1780053655_f25b4c52,1780054666.0541291,1.0,495.0,3.0,0.4024643898010254,0.0,-6.047227382659912,-46.394371032714844,-40.246437072753906,-0.4717390537261963,-5.676193714141846,0.1619775850579117,0.4024643898010254,23.638790130615234
run_1780053655_f25b4c52,1780054668.0511286,1.0,495.0,3.0,0.4024643898010254,0.0,-6.047227382659912,-46.015533447265625,-40.246437072753906,-0.6343507766723633,-5.134744167327881,0.1619775850579117,0.4024643898010254,23.638790130615234
run_1780053655_f25b4c52,1780054670.0441277,1.0,495.0,3.0,0.35839080810546875,0.0,-6.096810340881348,-40.64014434814453,-35.839080810546875,-0.7880586385726929,-4.013002395629883,0.12844397133449093,0.35839080810546875,23.638790130615234
run_1780053655_f25b4c52,1780054672.0421283,1.0,495.0,3.0,0.35839080810546875,0.0,-6.096810340881348,-40.40214920043945,-35.839080810546875,-0.9328625202178955,-3.6302051544189453,0.12844397133449093,0.35839080810546875,23.638790130615234
run_1780053655_f25b4c52,1780054674.054129,1.0,495.0,3.0,0.3143186569213867,0.0,-6.14639139175415,-35.15262985229492,-31.431865692138672,-1.068763017654419,-2.652001142501831,0.09879621808886441,0.3143186569213867,23.638790130615234
run_1780053655_f25b4c52,1780054676.0481114,1.0,495.0,3.0,0.2702336311340332,0.0,-6.195987224578857,-29.958402633666992,-27.02336311340332,-1.1939787864685059,-1.7410598993301392,0.07302621539588472,0.2702336311340332,23.638790130615234
run_1780053655_f25b4c52,1780054678.0461113,1.0,495.0,3.0,0.22616147994995117,0.0,-6.24556827545166,-24.85346794128418,-22.616147994995117,-1.294259786605835,-0.943060040473938,0.051149015013152166,0.22616147994995117,23.638790130615234
run_1780053655_f25b4c52,1780054680.0461223,1.0,495.0,3.0,0.18207740783691406,0.0,-6.295163154602051,-19.786745071411133,-18.207740783691406,-1.3838564157485962,-0.19514808058738708,0.033152182444609934,0.18207740783691406,23.638790130615234
run_1780053655_f25b4c52,1780054682.04213,1.0,495.0,3.0,0.13799333572387695,0.0,-6.344757556915283,-14.792290687561035,-13.799333572387695,-1.4485172033309937,0.45555904507637024,0.019042160704202615,0.13799333572387695,23.638790130615234
run_1780053655_f25b4c52,1780054684.0421283,1.0,495.0,3.0,0.04982709884643555,0.0,-6.443944454193115,-4.791882514953613,-4.982709884643555,-1.4864654541015625,1.6772925853729248,0.0024827397794524586,0.04982709884643555,23.638790130615234
run_1780053655_f25b4c52,1780054686.055129,1.0,495.0,3.0,0.005744457244873047,0.0,-6.493537425994873,0.07723122835159302,-0.5744457244873047,-1.4976916313171387,2.1493685245513916,3.2998789038174436e-05,0.005744457244873047,23.638790130615234
run_1780053655_f25b4c52,1780054688.0511115,1.0,495.0,3.0,-0.08241701126098633,0.0,-6.592719078063965,10.000435829162598,8.241701126098633,-1.4507110118865967,3.2094452381134033,0.006792563745193547,0.08241701126098633,23.638790130615234
run_1780053655_f25b4c52,1780054690.0481288,1.0,495.0,3.0,-0.170562744140625,0.0,-6.691883087158203,19.926198959350586,17.0562744140625,-1.2972365617752075,4.167161464691162,0.029091649688780308,0.170562744140625,23.638790130615234
run_1780053655_f25b4c52,1780054692.0431283,1.0,495.0,3.0,-0.21464109420776367,0.0,-6.741471290588379,24.80038070678711,21.464109420776367,-1.0528498888015747,4.389122486114502,0.04607079932270608,0.21464109420776367,23.638790130615234
run_1780053655_f25b4c52,1780054694.05513,1.0,495.0,3.0,-0.3027677536010742,0.0,-6.84061336517334,34.77185821533203,30.276775360107422,-0.738955020904541,5.234036445617676,0.09166831262064079,0.3027677536010742,23.638790130615234
run_1780053655_f25b4c52,1780054696.0511293,1.0,495.0,3.0,-0.3468303680419922,0.0,-6.89018440246582,39.70918655395508,34.68303680419922,-0.3662503659725189,5.392398834228516,0.12029130419614376,0.3468303680419922,23.638790130615234
run_1780053655_f25b4c52,1780054698.0471115,1.0,495.0,3.0,-0.39092063903808594,0.0,-6.939785957336426,44.636131286621094,39.092063903808594,0.03386358171701431,5.510201930999756,0.15281894602594548,0.39092063903808594,23.638790130615234
run_1780053655_f25b4c52,1780054700.0441291,1.0,495.0,3.0,-0.4349956512451172,0.0,-6.989370346069336,49.33556365966797,43.49956512451172,0.1935921162366867,5.642406463623047,0.18922121660216362,0.4349956512451172,23.638790130615234
run_1780053655_f25b4c52,1780054702.056129,1.0,495.0,3.0,-0.39092063903808594,0.0,-6.939785957336426,43.92472839355469,39.092063903808594,0.36044391989707947,4.472218990325928,0.15281894602594548,0.39092063903808594,23.638790130615234
run_1780053655_f25b4c52,1780054704.050129,1.0,495.0,3.0,-0.3468303680419922,0.0,-6.89018440246582,38.58721923828125,34.68303680419922,0.5166101455688477,3.3875696659088135,0.12029130419614376,0.3468303680419922,23.638790130615234
run_1780053655_f25b4c52,1780054706.0485997,1.0,495.0,3.0,-0.3468303680419922,0.0,-6.89018440246582,38.404212951660156,34.68303680419922,0.6567434668540955,3.0644304752349854,0.12029130419614376,0.3468303680419922,23.638790130615234
run_1780053655_f25b4c52,1780054708.047582,1.0,495.0,3.0,-0.25869035720825195,0.0,-6.791026592254639,28.146686553955078,25.869035720825195,0.7826336622238159,1.4950188398361206,0.066920700912533,0.25869035720825195,23.638790130615234
run_1780053655_f25b4c52,1780054710.046599,1.0,495.0,3.0,-0.21464109420776367,0.0,-6.741471290588379,23.0539493560791,21.464109420776367,0.8818148374557495,0.7080255746841431,0.04607079932270608,0.21464109420776367,23.638790130615234
run_1780053655_f25b4c52,1780054712.0427837,1.0,495.0,3.0,-0.08241701126098633,0.0,-6.592719078063965,7.927379608154297,8.241701126098633,0.9418238997459412,-1.2561452388763428,0.006792563745193547,0.08241701126098633,23.638790130615234
run_1780053655_f25b4c52,1780054714.05365,1.0,495.0,3.0,-0.038336753845214844,0.0,-6.543128967285156,3.02229642868042,3.8336753845214844,0.9697811007499695,-1.7811598777770996,0.001469706695388595,0.038336753845214844,23.638790130615234
run_1780053655_f25b4c52,1780054716.0496671,1.0,495.0,3.0,0.13799333572387695,0.0,-6.344757556915283,-17.04408836364746,-13.799333572387695,0.9214102029800415,-4.166164875030518,0.019042160704202615,0.13799333572387695,23.638790130615234
run_1780053655_f25b4c52,1780054718.042667,1.0,495.0,3.0,0.13799333572387695,0.0,-6.344757556915283,-16.814111709594727,-13.799333572387695,0.7539787292480469,-3.7687573432922363,0.019042160704202615,0.13799333572387695,23.638790130615234
run_1780053655_f25b4c52,1780054720.0548065,1.0,495.0,3.0,0.22616147994995117,0.0,-6.24556827545166,-26.752832412719727,-22.616147994995117,0.5116623640060425,-4.648346424102783,0.051149015013152166,0.22616147994995117,23.638790130615234
run_1780053655_f25b4c52,1780054722.0518243,1.0,495.0,3.0,0.2702336311340332,0.0,-6.195987224578857,-31.65181541442871,-27.02336311340332,0.22121058404445648,-4.849662780761719,0.07302621539588472,0.2702336311340332,23.638790130615234
run_1780053655_f25b4c52,1780054724.047818,1.0,495.0,3.0,0.3143186569213867,0.0,-6.14639139175415,-36.519737243652344,-31.431865692138672,-0.042844854295253754,-5.045024871826172,0.09879621808886441,0.3143186569213867,23.638790130615234
run_1780053655_f25b4c52,1780054726.0461814,1.0,495.0,3.0,0.3143186569213867,0.0,-6.14639139175415,-36.16549301147461,-31.431865692138672,-0.16984233260154724,-4.563783168792725,0.09879621808886441,0.3143186569213867,23.638790130615234
run_1780053655_f25b4c52,1780054728.0451677,1.0,495.0,3.0,0.2702336311340332,0.0,-6.195987224578857,-30.816619873046875,-27.02336311340332,-0.28437137603759766,-3.508887767791748,0.07302621539588472,0.2702336311340332,23.638790130615234
run_1780053655_f25b4c52,1780054730.0441823,1.0,495.0,3.0,0.2702336311340332,0.0,-6.195987224578857,-30.591096878051758,-27.02336311340332,-0.3935568630695343,-3.1741764545440674,0.07302621539588472,0.2702336311340332,23.638790130615234
run_1780053655_f25b4c52,1780054732.0421832,1.0,495.0,3.0,0.22616147994995117,0.0,-6.24556827545166,-25.358442306518555,-22.616147994995117,-0.490277498960495,-2.25201678276062,0.051149015013152166,0.22616147994995117,23.638790130615234
run_1780053655_f25b4c52,1780054734.0542252,1.0,495.0,3.0,0.18207740783691406,0.0,-6.295163154602051,-20.176359176635742,-18.207740783691406,-0.5763126015663147,-1.392304539680481,0.033152182444609934,0.18207740783691406,23.638790130615234
run_1780053655_f25b4c52,1780054736.0502343,1.0,495.0,3.0,0.09392404556274414,0.0,-6.3943352699279785,-10.01025104522705,-9.392404556274414,-0.6356304287910461,0.017784690484404564,0.008821726334872437,0.09392404556274414,23.638790130615234
run_1780053655_f25b4c52,1780054738.0452175,1.0,495.0,3.0,0.04982709884643555,0.0,-6.443944454193115,-4.989774703979492,-4.982709884643555,-0.6682348251342773,0.6611700057983398,0.0024827397794524586,0.04982709884643555,23.638790130615234
run_1780053655_f25b4c52,1780054740.0422318,1.0,495.0,3.0,-0.038336753845214844,0.0,-6.543128967285156,5.0381975173950195,3.8336753845214844,-0.6710155606269836,1.875537395477295,0.001469706695388595,0.038336753845214844,23.638790130615234
run_1780053655_f25b4c52,1780054742.0552351,1.0,495.0,3.0,-0.08241701126098633,0.0,-6.592719078063965,9.974714279174805,8.241701126098633,-0.6084551811218262,2.341468572616577,0.006792563745193547,0.08241701126098633,23.638790130615234
run_1780053655_f25b4c52,1780054744.0512347,1.0,495.0,3.0,-0.12648344039916992,0.0,-6.642293930053711,14.914730072021484,12.648344039916992,-0.47102826833724976,2.7374138832092285,0.01599806069521037,0.12648344039916992,23.638790130615234
run_1780053655_f25b4c52,1780054746.0472343,1.0,495.0,3.0,-0.170562744140625,0.0,-6.691883087158203,19.87032127380371,17.0562744140625,-0.26942673325538635,3.0834734439849854,0.029091649688780308,0.170562744140625,23.638790130615234
run_1780053655_f25b4c52,1780054748.0432355,1.0,495.0,3.0,-0.21464109420776367,0.0,-6.741471290588379,24.847877502441406,21.464109420776367,-0.025039875879883766,3.408806800842285,0.04607079932270608,0.21464109420776367,23.638790130615234
run_1780053655_f25b4c52,1780054750.0412178,1.0,495.0,3.0,-0.3027677536010742,0.0,-6.84061336517334,34.712398529052734,30.276775360107422,0.1004151999950409,4.335205554962158,0.09166831262064079,0.3027677536010742,23.638790130615234
run_1780053655_f25b4c52,1780054752.0562348,1.0,495.0,3.0,-0.3027677536010742,0.0,-6.84061336517334,34.42119216918945,30.276775360107422,0.2227456271648407,3.921672821044922,0.09166831262064079,0.3027677536010742,23.638790130615234
run_1780053655_f25b4c52,1780054754.0552351,1.0,495.0,3.0,-0.3468303680419922,0.0,-6.89018440246582,39.198673248291016,34.68303680419922,0.36109867691993713,4.154537677764893,0.12029130419614376,0.3468303680419922,23.638790130615234
run_1780053655_f25b4c52,1780054756.0512362,1.0,495.0,3.0,-0.3027677536010742,0.0,-6.84061336517334,33.904541015625,30.276775360107422,0.4887697696685791,3.1389963626861572,0.09166831262064079,0.3027677536010742,23.638790130615234
run_1780053655_f25b4c52,1780054758.0502346,1.0,495.0,3.0,-0.3027677536010742,0.0,-6.84061336517334,33.700496673583984,30.276775360107422,0.6217818260192871,2.801940679550171,0.09166831262064079,0.3027677536010742,23.638790130615234
run_1780053655_f25b4c52,1780054760.049235,1.0,495.0,3.0,-0.3027677536010742,0.0,-6.84061336517334,33.5555534362793,30.276775360107422,0.744111955165863,2.5346648693084717,0.09166831262064079,0.3027677536010742,23.638790130615234
run_1780053655_f25b4c52,1780054762.0487664,1.0,495.0,3.0,-0.25869035720825195,0.0,-6.791026592254639,28.40517807006836,25.869035720825195,0.8504136204719543,1.6857303380966187,0.066920700912533,0.25869035720825195,23.638790130615234
run_1780053655_f25b4c52,1780054764.0467668,1.0,495.0,3.0,-0.21464109420776367,0.0,-6.741471290588379,23.303482055664062,21.464109420776367,0.9460353255271912,0.8933366537094116,0.04607079932270608,0.21464109420776367,23.638790130615234
run_1780053655_f25b4c52,1780054766.043767,1.0,495.0,3.0,-0.12648344039916992,0.0,-6.642293930053711,13.215860366821289,12.648344039916992,1.0113871097564697,-0.44386956095695496,0.01599806069521037,0.12648344039916992,23.638790130615234
run_1780053655_f25b4c52,1780054768.042766,1.0,495.0,3.0,-0.08241701126098633,0.0,-6.592719078063965,8.261921882629395,8.241701126098633,1.053589105606079,-1.0333681106567383,0.006792563745193547,0.08241701126098633,23.638790130615234
run_1780053655_f25b4c52,1780054770.0507488,1.0,495.0,3.0,0.005744457244873047,0.0,-6.493537425994873,-1.69716477394104,-0.5744457244873047,1.064121961593628,-2.1868412494659424,3.2998789038174436e-05,0.005744457244873047,23.638790130615234
run_1780053655_f25b4c52,1780054772.0477662,1.0,495.0,3.0,0.09392404556274414,0.0,-6.3943352699279785,-11.631336212158203,-9.392404556274414,1.0036567449569702,-3.2425880432128906,0.008821726334872437,0.09392404556274414,23.638790130615234
run_1780053655_f25b4c52,1780054774.0462554,1.0,495.0,3.0,0.13799333572387695,0.0,-6.344757556915283,-16.50363540649414,-13.799333572387695,0.8736550807952881,-3.577956199645996,0.019042160704202615,0.13799333572387695,23.638790130615234
run_1780053655_f25b4c52,1780054776.0422587,1.0,495.0,3.0,0.18207740783691406,0.0,-6.295163154602051,-21.397010803222656,-18.207740783691406,0.6794790029525757,-3.8687496185302734,0.033152182444609934,0.18207740783691406,23.638790130615234
run_1780053655_f25b4c52,1780054778.0417778,1.0,495.0,3.0,0.18207740783691406,0.0,-6.295163154602051,-21.2488956451416,-18.207740783691406,0.4585580825805664,-3.499711275100708,0.033152182444609934,0.18207740783691406,23.638790130615234
run_1780053655_f25b4c52,1780054780.0557766,1.0,495.0,3.0,0.18207740783691406,0.0,-6.295163154602051,-21.1359806060791,-18.207740783691406,0.23763719201087952,-3.1658761501312256,0.033152182444609934,0.18207740783691406,23.638790130615234
run_1780053655_f25b4c52,1780054782.0540493,1.0,495.0,3.0,0.18207740783691406,0.0,-6.295163154602051,-21.05491065979004,-18.207740783691406,0.01671634614467621,-2.8638851642608643,0.033152182444609934,0.18207740783691406,23.638790130615234
run_1780053655_f25b4c52,1780054784.051035,1.0,495.0,3.0,0.18207740783691406,0.0,-6.295163154602051,-20.870027542114258,-18.207740783691406,-0.07158572226762772,-2.590700387954712,0.033152182444609934,0.18207740783691406,23.638790130615234
run_1780053655_f25b4c52,1780054786.0465505,1.0,495.0,3.0,0.13799333572387695,0.0,-6.344757556915283,-15.664783477783203,-13.799333572387695,-0.12912173569202423,-1.7363282442092896,0.019042160704202615,0.13799333572387695,23.638790130615234
run_1780053655_f25b4c52,1780054788.0425606,1.0,495.0,3.0,0.09392404556274414,0.0,-6.3943352699279785,-10.50719928741455,-9.392404556274414,-0.17597366869449615,-0.9388209581375122,0.008821726334872437,0.09392404556274414,23.638790130615234
run_1780053655_f25b4c52,1780054790.0556827,1.0,495.0,3.0,0.04982709884643555,0.0,-6.443944454193115,-5.395473003387451,-4.982709884643555,-0.20857760310173035,-0.2041856348514557,0.0024827397794524586,0.04982709884643555,23.638790130615234
run_1780053655_f25b4c52,1780054792.0546994,1.0,495.0,3.0,0.005744457244873047,0.0,-6.493537425994873,-0.3468867838382721,-0.5744457244873047,-0.21980400383472443,0.4473629891872406,3.2998789038174436e-05,0.005744457244873047,23.638790130615234
run_1780053655_f25b4c52,1780054794.0486815,1.0,495.0,3.0,-0.08241701126098633,0.0,-6.592719078063965,9.736308097839355,8.241701126098633,-0.1621270477771759,1.6567342281341553,0.006792563745193547,0.08241701126098633,23.638790130615234
run_1780053655_f25b4c52,1780054796.0486999,1.0,495.0,3.0,-0.12648344039916992,0.0,-6.642293930053711,14.743487358093262,12.648344039916992,-0.03539401292800903,2.1305387020111084,0.01599806069521037,0.12648344039916992,23.638790130615234
run_1780053655_f25b4c52,1780054798.0460947,1.0,495.0,3.0,-0.21464109420776367,0.0,-6.741471290588379,24.714027404785156,21.464109420776367,0.05755997449159622,3.192357301712036,0.04607079932270608,0.21464109420776367,23.638790130615234
run_1780053655_f25b4c52,1780054800.0451136,1.0,495.0,3.0,-0.25869035720825195,0.0,-6.791026592254639,29.54165267944336,25.869035720825195,0.1531825214624405,3.51943302154541,0.066920700912533,0.25869035720825195,23.638790130615234
run_1780053655_f25b4c52,1780054802.0547886,1.0,495.0,3.0,-0.3468303680419922,0.0,-6.89018440246582,39.40705490112305,34.68303680419922,0.2755124270915985,4.44850492477417,0.12029130419614376,0.3468303680419922,23.638790130615234
run_1780053655_f25b4c52,1780054804.0517912,1.0,495.0,3.0,-0.3468303680419922,0.0,-6.89018440246582,39.12284851074219,34.68303680419922,0.4156457781791687,4.024164199829102,0.12029130419614376,0.3468303680419922,23.638790130615234
run_1780053655_f25b4c52,1780054806.0457726,1.0,495.0,3.0,-0.39092063903808594,0.0,-6.939785957336426,43.91150665283203,39.092063903808594,0.5718119740486145,4.2476325035095215,0.15281894602594548,0.39092063903808594,23.638790130615234
run_1780053655_f25b4c52,1780054808.04279,1.0,495.0,3.0,-0.39092063903808594,0.0,-6.939785957336426,43.66427993774414,39.092063903808594,0.7297596335411072,3.842453956604004,0.15281894602594548,0.39092063903808594,23.638790130615234
run_1780053655_f25b4c52,1780054810.0417724,1.0,495.0,3.0,-0.3468303680419922,0.0,-6.89018440246582,38.3868408203125,34.68303680419922,0.8859264850616455,2.8178772926330566,0.12029130419614376,0.3468303680419922,23.638790130615234
run_1780053655_f25b4c52,1780054812.0557902,1.0,495.0,3.0,-0.3027677536010742,0.0,-6.84061336517334,33.21123123168945,30.276775360107422,1.017159104347229,1.91729736328125,0.09166831262064079,0.3027677536010742,23.638790130615234
run_1780053655_f25b4c52,1780054814.0487893,1.0,495.0,3.0,-0.25869035720825195,0.0,-6.791026592254639,28.083297729492188,25.869035720825195,1.137709140777588,1.0765528678894043,0.066920700912533,0.25869035720825195,23.638790130615234
run_1780053655_f25b4c52,1780054816.0447726,1.0,495.0,3.0,-0.170562744140625,0.0,-6.691883087158203,17.9909610748291,17.0562744140625,1.224426507949829,-0.2897416651248932,0.029091649688780308,0.170562744140625,23.638790130615234
run_1780053655_f25b4c52,1780054818.0567894,1.0,495.0,3.0,-0.08241701126098633,0.0,-6.592719078063965,7.981522560119629,8.241701126098633,1.2790929079055786,-1.5392717123031616,0.006792563745193547,0.08241701126098633,23.638790130615234
run_1780053655_f25b4c52,1780054820.0537724,1.0,495.0,3.0,0.005744457244873047,0.0,-6.493537425994873,-1.9387174844741821,-0.5744457244873047,1.2922580242156982,-2.6565299034118652,3.2998789038174436e-05,0.005744457244873047,23.638790130615234
run_1780053655_f25b4c52,1780054822.0517726,1.0,495.0,3.0,0.09392404556274414,0.0,-6.3943352699279785,-11.830704689025879,-9.392404556274414,1.2424962520599365,-3.6807961463928223,0.008821726334872437,0.09392404556274414,23.638790130615234
run_1780053655_f25b4c52,1780054824.0497897,1.0,495.0,3.0,0.13799333572387695,0.0,-6.344757556915283,-16.659099578857422,-13.799333572387695,1.1018004417419434,-3.9615676403045654,0.019042160704202615,0.13799333572387695,23.638790130615234
run_1780053655_f25b4c52,1780054826.0485854,1.0,495.0,3.0,0.18207740783691406,0.0,-6.295163154602051,-21.514036178588867,-18.207740783691406,0.8969264030456543,-4.203221321105957,0.033152182444609934,0.18207740783691406,23.638790130615234
run_1780053655_f25b4c52,1780054828.0450284,1.0,495.0,3.0,0.22616147994995117,0.0,-6.24556827545166,-26.401256561279297,-22.616147994995117,0.6492611765861511,-4.434370040893555,0.051149015013152166,0.22616147994995117,23.638790130615234
run_1780053655_f25b4c52,1780054830.0440285,1.0,495.0,3.0,0.22616147994995117,0.0,-6.24556827545166,-26.252674102783203,-22.616147994995117,0.37485164403915405,-4.011378288269043,0.051149015013152166,0.22616147994995117,23.638790130615234
run_1780053655_f25b4c52,1780054832.0430286,1.0,495.0,3.0,0.22616147994995117,0.0,-6.24556827545166,-26.144439697265625,-22.616147994995117,0.10044211149215698,-3.628735303878784,0.051149015013152166,0.22616147994995117,23.638790130615234
run_1780053655_f25b4c52,1780054834.0420456,1.0,495.0,3.0,0.18207740783691406,0.0,-6.295163154602051,-20.894746780395508,-18.207740783691406,-0.06236754730343819,-2.624638080596924,0.033152182444609934,0.18207740783691406,23.638790130615234
run_1780053655_f25b4c52,1780054836.0550458,1.0,495.0,3.0,0.18207740783691406,0.0,-6.295163154602051,-20.71795082092285,-18.207740783691406,-0.13593417406082153,-2.3742752075195312,0.033152182444609934,0.18207740783691406,23.638790130615234
run_1780053655_f25b4c52,1780054838.0523007,1.0,495.0,3.0,0.09392404556274414,0.0,-6.3943352699279785,-10.458172798156738,-9.392404556274414,-0.19525191187858582,-0.8705161809921265,0.008821726334872437,0.09392404556274414,23.638790130615234
run_1780053655_f25b4c52,1780054840.0503008,1.0,495.0,3.0,0.09392404556274414,0.0,-6.3943352699279785,-10.41308307647705,-9.392404556274414,-0.23320098221302032,-0.7874781489372253,0.008821726334872437,0.09392404556274414,23.638790130615234
run_1780053655_f25b4c52,1780054842.0487468,1.0,495.0,3.0,0.005744457244873047,0.0,-6.493537425994873,-0.2660452425479889,-0.5744457244873047,-0.2568969428539276,0.5652974247932434,3.2998789038174436e-05,0.005744457244873047,23.638790130615234
run_1780053655_f25b4c52,1780054844.0477643,1.0,495.0,3.0,-0.038336753845214844,0.0,-6.543128967285156,4.742300510406494,3.8336753845214844,-0.23479969799518585,1.1434249877929688,0.001469706695388595,0.038336753845214844,23.638790130615234
run_1780053655_f25b4c52,1780054846.0437646,1.0,495.0,3.0,-0.12648344039916992,0.0,-6.642293930053711,14.814379692077637,12.648344039916992,-0.14549878239631653,2.3115358352661133,0.01599806069521037,0.12648344039916992,23.638790130615234
run_1780053655_f25b4c52,1780054848.0563064,1.0,495.0,3.0,-0.170562744140625,0.0,-6.691883087158203,19.79334259033203,17.0562744140625,0.014004126191139221,2.7230634689331055,0.029091649688780308,0.170562744140625,23.638790130615234
run_1780053655_f25b4c52,1780054850.0533066,1.0,495.0,3.0,-0.21464109420776367,0.0,-6.741471290588379,24.66999053955078,21.464109420776367,0.08469932526350021,3.121180534362793,0.04607079932270608,0.21464109420776367,23.638790130615234
run_1780053655_f25b4c52,1780054852.0503073,1.0,495.0,3.0,-0.25869035720825195,0.0,-6.791026592254639,29.513635635375977,25.869035720825195,0.17676228284835815,3.4678361415863037,0.066920700912533,0.25869035720825195,23.638790130615234
run_1780053655_f25b4c52,1780054854.0483067,1.0,495.0,3.0,-0.3027677536010742,0.0,-6.84061336517334,34.32701873779297,30.276775360107422,0.293750137090683,3.7564926147460938,0.09166831262064079,0.3027677536010742,23.638790130615234
run_1780053655_f25b4c52,1780054856.0465755,1.0,495.0,3.0,-0.3468303680419922,0.0,-6.89018440246582,39.14720153808594,34.68303680419922,0.4214215576648712,4.0427422523498535,0.12029130419614376,0.3468303680419922,23.638790130615234
run_1780053655_f25b4c52,1780054858.0455754,1.0,495.0,3.0,-0.3468303680419922,0.0,-6.89018440246582,38.901702880859375,34.68303680419922,0.5615548491477966,3.6571078300476074,0.12029130419614376,0.3468303680419922,23.638790130615234
run_1780053655_f25b4c52,1780054860.041728,1.0,495.0,3.0,-0.3468303680419922,0.0,-6.89018440246582,38.6929817199707,34.68303680419922,0.7016881704330444,3.308258295059204,0.12029130419614376,0.3468303680419922,23.638790130615234
run_1780053655_f25b4c52,1780054862.056729,1.0,495.0,3.0,-0.3468303680419922,0.0,-6.89018440246582,38.51754379272461,34.68303680419922,0.8418219089508057,2.992684841156006,0.12029130419614376,0.3468303680419922,23.638790130615234
run_1780053655_f25b4c52,1780054864.0547273,1.0,495.0,3.0,-0.3027677536010742,0.0,-6.84061336517334,33.31602478027344,30.276775360107422,0.9766151905059814,2.0626347064971924,0.09166831262064079,0.3027677536010742,23.638790130615234
run_1780053655_f25b4c52,1780054866.0547278,1.0,495.0,3.0,-0.25869035720825195,0.0,-6.791026592254639,28.174230575561523,25.869035720825195,1.0971652269363403,1.2080270051956177,0.066920700912533,0.25869035720825195,23.638790130615234
run_1780053655_f25b4c52,1780054868.0527287,1.0,495.0,3.0,-0.21464109420776367,0.0,-6.741471290588379,23.10886573791504,21.464109420776367,1.196346402168274,0.44840964674949646,0.04607079932270608,0.21464109420776367,23.638790130615234
run_1780053655_f25b4c52,1780054870.0507107,1.0,495.0,3.0,-0.170562744140625,0.0,-6.691883087158203,18.113048553466797,17.0562744140625,1.2706031799316406,-0.21382811665534973,0.029091649688780308,0.170562744140625,23.638790130615234
run_1780053655_f25b4c52,1780054872.0447278,1.0,495.0,3.0,-0.08241701126098633,0.0,-6.592719078063965,8.114601135253906,8.241701126098633,1.318146824836731,-1.4452471733093262,0.006792563745193547,0.08241701126098633,23.638790130615234
run_1780053655_f25b4c52,1780054874.056711,1.0,495.0,3.0,-0.038336753845214844,0.0,-6.543128967285156,3.2457780838012695,3.8336753845214844,1.3389798402786255,-1.9268770217895508,0.001469706695388595,0.038336753845214844,23.638790130615234
run_1780053655_f25b4c52,1780054876.0537286,1.0,495.0,3.0,0.04982709884643555,0.0,-6.443944454193115,-6.659652233123779,-4.982709884643555,1.3182094097137451,-2.995152473449707,0.0024827397794524586,0.04982709884643555,23.638790130615234
run_1780053655_f25b4c52,1780054878.0507276,1.0,495.0,3.0,0.09392404556274414,0.0,-6.3943352699279785,-11.501276969909668,-9.392404556274414,1.2202998399734497,-3.3291726112365723,0.008821726334872437,0.09392404556274414,23.638790130615234
run_1780053655_f25b4c52,1780054880.0487282,1.0,495.0,3.0,0.18207740783691406,0.0,-6.295163154602051,-21.429113388061523,-18.207740783691406,1.0421687364578247,-4.2635416984558105,0.033152182444609934,0.18207740783691406,23.638790130615234
run_1780053655_f25b4c52,1780054882.0467274,1.0,495.0,3.0,0.18207740783691406,0.0,-6.295163154602051,-21.243337631225586,-18.207740783691406,0.8212478756904602,-3.8568437099456787,0.033152182444609934,0.18207740783691406,23.638790130615234
run_1780053655_f25b4c52,1780054884.04584,1.0,495.0,3.0,0.22616147994995117,0.0,-6.24556827545166,-26.16570281982422,-22.616147994995117,0.5842803716659546,-4.1338348388671875,0.051149015013152166,0.22616147994995117,23.638790130615234
run_1780053655_f25b4c52,1780054886.0428395,1.0,495.0,3.0,0.18207740783691406,0.0,-6.295163154602051,-20.98039436340332,-18.207740783691406,0.34731292724609375,-3.1199655532836914,0.033152182444609934,0.18207740783691406,23.638790130615234
run_1780053655_f25b4c52,1780054888.0528584,1.0,495.0,3.0,0.18207740783691406,0.0,-6.295163154602051,-20.903703689575195,-18.207740783691406,0.12639202177524567,-2.8223540782928467,0.033152182444609934,0.18207740783691406,23.638790130615234
run_1780053655_f25b4c52,1780054890.051857,1.0,495.0,3.0,0.13799333572387695,0.0,-6.344757556915283,-15.75650405883789,-13.799333572387695,-0.023583518341183662,-1.933586597442627,0.019042160704202615,0.13799333572387695,23.638790130615234
run_1780053655_f25b4c52,1780054892.048857,1.0,495.0,3.0,0.04982709884643555,0.0,-6.443944454193115,-5.537696361541748,-4.982709884643555,-0.0579681321978569,-0.4970182776451111,0.0024827397794524586,0.04982709884643555,23.638790130615234
run_1780053655_f25b4c52,1780054894.0450313,1.0,495.0,3.0,0.04982709884643555,0.0,-6.443944454193115,-5.510417938232422,-4.982709884643555,-0.0781003013253212,-0.4496079087257385,0.0024827397794524586,0.04982709884643555,23.638790130615234
run_1780053655_f25b4c52,1780054896.0573502,1.0,495.0,3.0,-0.038336753845214844,0.0,-6.543128967285156,4.6114821434021,3.8336753845214844,-0.06755152344703674,0.8453582525253296,0.001469706695388595,0.038336753845214844,23.638790130615234
run_1780053655_f25b4c52,1780054898.0526948,1.0,495.0,3.0,-0.08241701126098633,0.0,-6.592719078063965,9.632309913635254,8.241701126098633,0.006397699937224388,1.3842111825942993,0.006792563745193547,0.08241701126098633,23.638790130615234
run_1780053655_f25b4c52,1780054900.0467129,1.0,495.0,3.0,-0.170562744140625,0.0,-6.691883087158203,19.621337890625,17.0562744140625,0.06106460466980934,2.5039992332458496,0.029091649688780308,0.170562744140625,23.638790130615234
run_1780053655_f25b4c52,1780054902.0573545,1.0,495.0,3.0,-0.21464109420776367,0.0,-6.741471290588379,24.49116325378418,21.464109420776367,0.1424454152584076,2.884608507156372,0.04607079932270608,0.21464109420776367,23.638790130615234
run_1780053655_f25b4c52,1780054904.0563545,1.0,495.0,3.0,-0.3027677536010742,0.0,-6.84061336517334,34.3883171081543,30.276775360107422,0.25052979588508606,3.8610105514526367,0.09166831262064079,0.3027677536010742,23.638790130615234
run_1780053655_f25b4c52,1780054906.0523717,1.0,495.0,3.0,-0.3027677536010742,0.0,-6.84061336517334,34.1423454284668,30.276775360107422,0.3728604316711426,3.4927115440368652,0.09166831262064079,0.3027677536010742,23.638790130615234
run_1780053655_f25b4c52,1780054908.0463717,1.0,495.0,3.0,-0.3468303680419922,0.0,-6.89018440246582,38.96074676513672,34.68303680419922,0.511213481426239,3.7664942741394043,0.12029130419614376,0.3468303680419922,23.638790130615234
run_1780053655_f25b4c52,1780054910.0453732,1.0,495.0,3.0,-0.39092063903808594,0.0,-6.939785957336426,43.79170608520508,39.092063903808594,0.6602539420127869,4.039390563964844,0.15281894602594548,0.39092063903808594,23.638790130615234
run_1780053655_f25b4c52,1780054912.0563686,1.0,495.0,3.0,-0.39092063903808594,0.0,-6.939785957336426,43.56433868408203,39.092063903808594,0.8182017803192139,3.6540753841400146,0.15281894602594548,0.39092063903808594,23.638790130615234
run_1780053655_f25b4c52,1780054914.0533545,1.0,495.0,3.0,-0.3468303680419922,0.0,-6.89018440246582,38.323612213134766,34.68303680419922,0.9672431945800781,2.673334836959839,0.12029130419614376,0.3468303680419922,23.638790130615234
run_1780053655_f25b4c52,1780054916.0493715,1.0,495.0,3.0,-0.3027677536010742,0.0,-6.84061336517334,33.15256118774414,30.276775360107422,1.102036476135254,1.773747444152832,0.09166831262064079,0.3027677536010742,23.638790130615234
run_1780053655_f25b4c52,1780054918.0443716,1.0,495.0,3.0,-0.25869035720825195,0.0,-6.791026592254639,28.057050704956055,25.869035720825195,1.215462327003479,0.9725542068481445,0.066920700912533,0.25869035720825195,23.638790130615234
run_1780053655_f25b4c52,1780054920.0563712,1.0,495.0,3.0,-0.170562744140625,0.0,-6.691883087158203,17.983102798461914,17.0562744140625,1.2986223697662354,-0.3717939257621765,0.029091649688780308,0.170562744140625,23.638790130615234
run_1780053655_f25b4c52,1780054922.0533545,1.0,495.0,3.0,-0.12648344039916992,0.0,-6.642293930053711,13.038623809814453,12.648344039916992,1.3586311340332031,-0.9683522582054138,0.01599806069521037,0.12648344039916992,23.638790130615234
run_1780053655_f25b4c52,1780054924.049358,1.0,495.0,3.0,-0.038336753845214844,0.0,-6.543128967285156,3.084723711013794,3.8336753845214844,1.3919308185577393,-2.1408824920654297,0.001469706695388595,0.038336753845214844,23.638790130615234
run_1780053655_f25b4c52,1780054926.0463722,1.0,495.0,3.0,0.005744457244873047,0.0,-6.493537425994873,-1.7469704151153564,-0.5744457244873047,1.3961906433105469,-2.5687153339385986,3.2998789038174436e-05,0.005744457244873047,23.638790130615234
run_1780053655_f25b4c52,1780054928.0573597,1.0,495.0,3.0,0.09392404556274414,0.0,-6.3943352699279785,-11.645734786987305,-9.392404556274414,1.3357313871383667,-3.5890607833862305,0.008821726334872437,0.09392404556274414,23.638790130615234
run_1780053655_f25b4c52,1780054930.0513597,1.0,495.0,3.0,0.13799333572387695,0.0,-6.344757556915283,-16.482881546020508,-13.799333572387695,1.195035457611084,-3.8785834312438965,0.019042160704202615,0.13799333572387695,23.638790130615234
run_1780053655_f25b4c52,1780054932.0463755,1.0,495.0,3.0,0.18207740783691406,0.0,-6.295163154602051,-21.344131469726562,-18.207740783691406,0.9794635772705078,-4.115854263305664,0.033152182444609934,0.18207740783691406,23.638790130615234
run_1780053655_f25b4c52,1780054934.045373,1.0,495.0,3.0,0.18207740783691406,0.0,-6.295163154602051,-21.172443389892578,-18.207740783691406,0.7585426568984985,-3.7232446670532227,0.033152182444609934,0.18207740783691406,23.638790130615234
run_1780053655_f25b4c52,1780054936.0553548,1.0,495.0,3.0,0.13799333572387695,0.0,-6.344757556915283,-15.966495513916016,-13.799333572387695,0.5429706573486328,-2.7101330757141113,0.019042160704202615,0.13799333572387695,23.638790130615234
run_1780053655_f25b4c52,1780054938.0513546,1.0,495.0,3.0,0.13799333572387695,0.0,-6.344757556915283,-15.875409126281738,-13.799333572387695,0.3755384087562561,-2.45161509513855,0.019042160704202615,0.13799333572387695,23.638790130615234
run_1780053655_f25b4c52,1780054940.0487332,1.0,495.0,3.0,0.09392404556274414,0.0,-6.3943352699279785,-10.746889114379883,-9.392404556274414,0.25623002648353577,-1.6107145547866821,0.008821726334872437,0.09392404556274414,23.638790130615234
run_1780053655_f25b4c52,1780054942.0460978,1.0,495.0,3.0,0.04982709884643555,0.0,-6.443944454193115,-5.638482093811035,-4.982709884643555,0.169020876288414,-0.8247930407524109,0.0024827397794524586,0.04982709884643555,23.638790130615234
run_1780053655_f25b4c52,1780054944.0571134,1.0,495.0,3.0,-0.038336753845214844,0.0,-6.543128967285156,4.5116448402404785,3.8336753845214844,0.1589481085538864,0.51902174949646,0.001469706695388595,0.038336753845214844,23.638790130615234
run_1780053655_f25b4c52,1780054946.0531626,1.0,495.0,3.0,-0.08241701126098633,0.0,-6.592719078063965,9.526594161987305,8.241701126098633,0.1833428293466568,1.101549744606018,0.006792563745193547,0.08241701126098633,23.638790130615234
run_1780053655_f25b4c52,1780054948.0511637,1.0,495.0,3.0,-0.170562744140625,0.0,-6.691883087158203,19.552082061767578,17.0562744140625,0.23444779217243195,2.261359930038452,0.029091649688780308,0.170562744140625,23.638790130615234
run_1780053655_f25b4c52,1780054950.0501628,1.0,495.0,3.0,-0.21464109420776367,0.0,-6.741471290588379,24.454036712646484,21.464109420776367,0.3122667670249939,2.6776599884033203,0.04607079932270608,0.21464109420776367,23.638790130615234
run_1780053655_f25b4c52,1780054952.046163,1.0,495.0,3.0,-0.3027677536010742,0.0,-6.84061336517334,34.38042449951172,30.276775360107422,0.41678929328918457,3.686861753463745,0.09166831262064079,0.3027677536010742,23.638790130615234
run_1780053655_f25b4c52,1780054954.045163,1.0,495.0,3.0,-0.3027677536010742,0.0,-6.84061336517334,34.15106964111328,30.276775360107422,0.5391194224357605,3.335174083709717,0.09166831262064079,0.3027677536010742,23.638790130615234
run_1780053655_f25b4c52,1780054956.0541453,1.0,495.0,3.0,-0.3468303680419922,0.0,-6.89018440246582,38.9844970703125,34.68303680419922,0.6774724721908569,3.6239848136901855,0.12029130419614376,0.3468303680419922,23.638790130615234
run_1780053655_f25b4c52,1780054958.052163,1.0,495.0,3.0,-0.3468303680419922,0.0,-6.89018440246582,38.77893829345703,34.68303680419922,0.8176060318946838,3.278294086456299,0.12029130419614376,0.3468303680419922,23.638790130615234
run_1780053655_f25b4c52,1780054960.0501623,1.0,495.0,3.0,-0.3468303680419922,0.0,-6.89018440246582,38.60635757446289,34.68303680419922,0.957740306854248,2.9655799865722656,0.12029130419614376,0.3468303680419922,23.638790130615234
run_1780053655_f25b4c52,1780054962.0471635,1.0,495.0,3.0,-0.3468303680419922,0.0,-6.89018440246582,38.46360778808594,34.68303680419922,1.0978745222091675,2.682694673538208,0.12029130419614376,0.3468303680419922,23.638790130615234
run_1780053655_f25b4c52,1780054964.0451624,1.0,495.0,3.0,-0.3027677536010742,0.0,-6.84061336517334,33.28216552734375,30.276775360107422,1.2362284660339355,1.7691599130630493,0.09166831262064079,0.3027677536010742,23.638790130615234
run_1780053655_f25b4c52,1780054966.0561624,1.0,495.0,3.0,-0.3027677536010742,0.0,-6.84061336517334,33.23573303222656,30.276775360107422,1.358559489250183,1.600400686264038,0.09166831262064079,0.3027677536010742,23.638790130615234
run_1780053655_f25b4c52,1780054968.0531633,1.0,495.0,3.0,-0.21464109420776367,0.0,-6.741471290588379,23.129308700561523,21.464109420776367,1.4559649229049683,0.2092333436012268,0.04607079932270608,0.21464109420776367,23.638790130615234
run_1780053655_f25b4c52,1780054970.049163,1.0,495.0,3.0,-0.12648344039916992,0.0,-6.642293930053711,13.098462104797363,12.648344039916992,1.5248781442642212,-1.0747590065002441,0.01599806069521037,0.12648344039916992,23.638790130615234
run_1780053655_f25b4c52,1780054972.0474765,1.0,495.0,3.0,-0.038336753845214844,0.0,-6.543128967285156,3.145981550216675,3.8336753845214844,1.56173837184906,-2.249432325363159,0.001469706695388595,0.038336753845214844,23.638790130615234
run_1780053655_f25b4c52,1780054974.0574949,1.0,495.0,3.0,0.005744457244873047,0.0,-6.493537425994873,-1.6753590106964111,-0.5744457244873047,1.5659981966018677,-2.6669116020202637,3.2998789038174436e-05,0.005744457244873047,23.638790130615234
run_1780053655_f25b4c52,1780054976.0514762,1.0,495.0,3.0,0.09392404556274414,0.0,-6.3943352699279785,-11.56635570526123,-9.392404556274414,1.5162365436553955,-3.690187692642212,0.008821726334872437,0.09392404556274414,23.638790130615234
run_1780053655_f25b4c52,1780054978.0494943,1.0,495.0,3.0,0.13799333572387695,0.0,-6.344757556915283,-16.393856048583984,-13.799333572387695,1.3755407333374023,-3.9700634479522705,0.019042160704202615,0.13799333572387695,23.638790130615234
run_1780053655_f25b4c52,1780054980.046676,1.0,495.0,3.0,0.18207740783691406,0.0,-6.295163154602051,-21.254295349121094,-18.207740783691406,1.2027604579925537,-4.249314785003662,0.033152182444609934,0.18207740783691406,23.638790130615234
run_1780053655_f25b4c52,1780054982.0436697,1.0,495.0,3.0,0.18207740783691406,0.0,-6.295163154602051,-21.06987762451172,-18.207740783691406,0.9818395376205444,-3.843975067138672,0.033152182444609934,0.18207740783691406,23.638790130615234
run_1780053655_f25b4c52,1780054984.0541136,1.0,495.0,3.0,0.18207740783691406,0.0,-6.295163154602051,-20.924121856689453,-18.207740783691406,0.7609186768531799,-3.4773011207580566,0.033152182444609934,0.18207740783691406,23.638790130615234
run_1780053655_f25b4c52,1780054986.0531325,1.0,495.0,3.0,0.18207740783691406,0.0,-6.295163154602051,-20.81334686279297,-18.207740783691406,0.5399977564811707,-3.145603895187378,0.033152182444609934,0.18207740783691406,23.638790130615234
run_1780053655_f25b4c52,1780054988.0523384,1.0,495.0,3.0,0.13799333572387695,0.0,-6.344757556915283,-15.668815612792969,-13.799333572387695,0.35651895403862,-2.226001739501953,0.019042160704202615,0.13799333572387695,23.638790130615234
run_1780053655_f25b4c52,1780054990.051318,1.0,495.0,3.0,0.09392404556274414,0.0,-6.3943352699279785,-10.55626392364502,-9.392404556274414,0.20512798428535461,-1.3689874410629272,0.008821726334872437,0.09392404556274414,23.638790130615234
run_1780053655_f25b4c52,1780054992.0503354,1.0,495.0,3.0,0.04982709884643555,0.0,-6.443944454193115,-5.47276496887207,-4.982709884643555,0.12861967086791992,-0.6186749935150146,0.0024827397794524586,0.04982709884643555,23.638790130615234
run_1780053655_f25b4c52,1780054994.0463178,1.0,495.0,3.0,0.005744457244873047,0.0,-6.493537425994873,-0.40502434968948364,-0.5744457244873047,0.08420880138874054,0.0852125957608223,3.2998789038174436e-05,0.005744457244873047,23.638790130615234
run_1780053655_f25b4c52,1780054996.0453353,1.0,495.0,3.0,-0.08241701126098633,0.0,-6.592719078063965,9.69092845916748,8.241701126098633,0.09474159777164459,1.3544859886169434,0.006792563745193547,0.08241701126098633,23.638790130615234
run_1780053655_f25b4c52,1780054998.057429,1.0,495.0,3.0,-0.12648344039916992,0.0,-6.642293930053711,14.651643753051758,12.648344039916992,0.1333828568458557,1.8699175119400024,0.01599806069521037,0.12648344039916992,23.638790130615234
run_1780053655_f25b4c52,1780055000.0537093,1.0,495.0,3.0,-0.21464109420776367,0.0,-6.741471290588379,24.631738662719727,21.464109420776367,0.1987350434064865,2.9688940048217773,0.04607079932270608,0.21464109420776367,23.638790130615234
run_1780053655_f25b4c52,1780055002.0517101,1.0,495.0,3.0,-0.25869035720825195,0.0,-6.791026592254639,29.489910125732422,25.869035720825195,0.2907981276512146,3.3300764560699463,0.066920700912533,0.25869035720825195,23.638790130615234
run_1780053655_f25b4c52,1780055004.0490267,1.0,495.0,3.0,-0.3468303680419922,0.0,-6.89018440246582,39.382110595703125,34.68303680419922,0.4095662236213684,4.289506435394287,0.12029130419614376,0.3468303680419922,23.638790130615234
run_1780053655_f25b4c52,1780055006.0472362,1.0,495.0,3.0,-0.39092063903808594,0.0,-6.939785957336426,44.17242431640625,39.092063903808594,0.5550438761711121,4.525317192077637,0.15281894602594548,0.39092063903808594,23.638790130615234
run_1780053655_f25b4c52,1780055008.0445619,1.0,495.0,3.0,-0.4349956512451172,0.0,-6.989370346069336,48.93809127807617,43.49956512451172,0.725456953048706,4.713067054748535,0.18922121660216362,0.4349956512451172,23.638790130615234
run_1780053655_f25b4c52,1780055010.0425625,1.0,495.0,3.0,-0.4349956512451172,0.0,-6.989370346069336,48.664268493652344,43.49956512451172,0.9012124538421631,4.263490676879883,0.18922121660216362,0.4349956512451172,23.638790130615234
run_1780053655_f25b4c52,1780055012.0575624,1.0,495.0,3.0,-0.4349956512451172,0.0,-6.989370346069336,48.43333053588867,43.49956512451172,1.0769679546356201,3.8567991256713867,0.18922121660216362,0.4349956512451172,23.638790130615234
run_1780053655_f25b4c52,1780055014.0545623,1.0,495.0,3.0,-0.39092063903808594,0.0,-6.939785957336426,43.210540771484375,39.092063903808594,1.2366971969604492,2.881779432296753,0.15281894602594548,0.39092063903808594,23.638790130615234
run_1780053655_f25b4c52,1780055016.0515614,1.0,495.0,3.0,-0.3468303680419922,0.0,-6.89018440246582,38.05247116088867,34.68303680419922,1.3821756839752197,1.9872565269470215,0.12029130419614376,0.3468303680419922,23.638790130615234
run_1780053655_f25b4c52,1780055018.0505614,1.0,495.0,3.0,-0.25869035720825195,0.0,-6.791026592254639,27.915924072265625,25.869035720825195,1.500943899154663,0.5459465980529785,0.066920700912533,0.25869035720825195,23.638790130615234
run_1780053655_f25b4c52,1780055020.0475912,1.0,495.0,3.0,-0.170562744140625,0.0,-6.691883087158203,17.892162322998047,17.0562744140625,1.5805400609970093,-0.744650661945343,0.029091649688780308,0.170562744140625,23.638790130615234
run_1780053655_f25b4c52,1780055022.0439079,1.0,495.0,3.0,-0.08241701126098633,0.0,-6.592719078063965,7.944349765777588,8.241701126098633,1.6280837059020996,-1.925434947013855,0.006792563745193547,0.08241701126098633,23.638790130615234
run_1780053655_f25b4c52,1780055024.0423255,1.0,495.0,3.0,0.005744457244873047,0.0,-6.493537425994873,-1.9220150709152222,-0.5744457244873047,1.6331948041915894,-2.980764150619507,3.2998789038174436e-05,0.005744457244873047,23.638790130615234
run_1780053655_f25b4c52,1780055026.056325,1.0,495.0,3.0,0.09392404556274414,0.0,-6.3943352699279785,-11.779109001159668,-9.392404556274414,1.562035083770752,-3.948740005493164,0.008821726334872437,0.09392404556274414,23.638790130615234
run_1780053655_f25b4c52,1780055028.0510168,1.0,495.0,3.0,0.13799333572387695,0.0,-6.344757556915283,-16.580095291137695,-13.799333572387695,1.4106450080871582,-4.191408157348633,0.019042160704202615,0.13799333572387695,23.638790130615234
run_1780053655_f25b4c52,1780055030.0480165,1.0,495.0,3.0,0.22616147994995117,0.0,-6.24556827545166,-26.480854034423828,-22.616147994995117,1.1790268421173096,-5.0437331199646,0.051149015013152166,0.22616147994995117,23.638790130615234
run_1780053655_f25b4c52,1780055032.0430167,1.0,495.0,3.0,0.22616147994995117,0.0,-6.24556827545166,-26.274145126342773,-22.616147994995117,0.9046182036399841,-4.562613487243652,0.051149015013152166,0.22616147994995117,23.638790130615234
run_1780053655_f25b4c52,1780055034.0569994,1.0,495.0,3.0,0.22616147994995117,0.0,-6.24556827545166,-26.11332893371582,-22.616147994995117,0.6302090287208557,-4.1273884773254395,0.051149015013152166,0.22616147994995117,23.638790130615234
run_1780053655_f25b4c52,1780055036.0530152,1.0,495.0,3.0,0.22616147994995117,0.0,-6.24556827545166,-25.99402618408203,-22.616147994995117,0.35579949617385864,-3.73367977142334,0.051149015013152166,0.22616147994995117,23.638790130615234
run_1780053655_f25b4c52,1780055038.050017,1.0,495.0,3.0,0.22616147994995117,0.0,-6.24556827545166,-25.91228485107422,-22.616147994995117,0.08138995617628098,-3.37752628326416,0.051149015013152166,0.22616147994995117,23.638790130615234
run_1780053655_f25b4c52,1780055040.0470045,1.0,495.0,3.0,0.18207740783691406,0.0,-6.295163154602051,-20.686986923217773,-18.207740783691406,-0.055991899222135544,-2.4232535362243652,0.033152182444609934,0.18207740783691406,23.638790130615234
run_1780053655_f25b4c52,1780055042.058017,1.0,495.0,3.0,0.09392404556274414,0.0,-6.3943352699279785,-10.440767288208008,-9.392404556274414,-0.10818623751401901,-0.9401770234107971,0.008821726334872437,0.09392404556274414,23.638790130615234
run_1780053655_f25b4c52,1780055044.0550172,1.0,495.0,3.0,0.09392404556274414,0.0,-6.3943352699279785,-10.389033317565918,-9.392404556274414,-0.14613530039787292,-0.8504942059516907,0.008821726334872437,0.09392404556274414,23.638790130615234
run_1780053655_f25b4c52,1780055046.0520165,1.0,495.0,3.0,0.005744457244873047,0.0,-6.493537425994873,-0.2542211711406708,-0.5744457244873047,-0.16270583868026733,0.48293039202690125,3.2998789038174436e-05,0.005744457244873047,23.638790130615234
run_1780053655_f25b4c52,1780055048.0460172,1.0,495.0,3.0,-0.08241701126098633,0.0,-6.592719078063965,9.828786849975586,8.241701126098633,-0.11386670172214508,1.7009522914886475,0.006792563745193547,0.08241701126098633,23.638790130615234
run_1780053655_f25b4c52,1780055050.0580163,1.0,495.0,3.0,-0.170562744140625,0.0,-6.691883087158203,19.895748138427734,17.0562744140625,0.011315985582768917,2.828158140182495,0.029091649688780308,0.170562744140625,23.638790130615234
run_1780053655_f25b4c52,1780055052.0579991,1.0,495.0,3.0,-0.21464109420776367,0.0,-6.741471290588379,24.743635177612305,21.464109420776367,0.08913496136665344,3.190392255783081,0.04607079932270608,0.21464109420776367,23.638790130615234
run_1780053655_f25b4c52,1780055054.0540001,1.0,495.0,3.0,-0.3027677536010742,0.0,-6.84061336517334,34.61162185668945,30.276775360107422,0.19721928238868713,4.137625694274902,0.09166831262064079,0.3027677536010742,23.638790130615234
run_1780053655_f25b4c52,1780055056.0510194,1.0,495.0,3.0,-0.3468303680419922,0.0,-6.89018440246582,39.38621139526367,34.68303680419922,0.3284512460231781,4.374724388122559,0.12029130419614376,0.3468303680419922,23.638790130615234
run_1780053655_f25b4c52,1780055058.046999,1.0,495.0,3.0,-0.39092063903808594,0.0,-6.939785957336426,44.16839599609375,39.092063903808594,0.47392886877059937,4.6024065017700195,0.15281894602594548,0.39092063903808594,23.638790130615234
run_1780053655_f25b4c52,1780055060.045999,1.0,495.0,3.0,-0.4349956512451172,0.0,-6.989370346069336,48.935691833496094,43.49956512451172,0.6407804489135742,4.795347690582275,0.18922121660216362,0.4349956512451172,23.638790130615234
run_1780053655_f25b4c52,1780055062.0579991,1.0,495.0,3.0,-0.4349956512451172,0.0,-6.989370346069336,48.654022216796875,43.49956512451172,0.8165359497070312,4.337922096252441,0.18922121660216362,0.4349956512451172,23.638790130615234
run_1780053655_f25b4c52,1780055064.058017,1.0,495.0,3.0,-0.4349956512451172,0.0,-6.989370346069336,48.41598892211914,43.49956512451172,0.9922914505004883,3.9241299629211426,0.18922121660216362,0.4349956512451172,23.638790130615234
run_1780053655_f25b4c52,1780055066.0570166,1.0,495.0,3.0,-0.39092063903808594,0.0,-6.939785957336426,43.186771392822266,39.092063903808594,1.1520206928253174,2.942687749862671,0.15281894602594548,0.39092063903808594,23.638790130615234
run_1780053655_f25b4c52,1780055068.0540166,1.0,495.0,3.0,-0.3468303680419922,0.0,-6.89018440246582,38.0139045715332,34.68303680419922,1.3010621070861816,2.0298051834106445,0.12029130419614376,0.3468303680419922,23.638790130615234
run_1780053655_f25b4c52,1780055070.0519993,1.0,495.0,3.0,-0.25869035720825195,0.0,-6.791026592254639,27.863805770874023,25.869035720825195,1.423392415046692,0.5713775753974915,0.066920700912533,0.25869035720825195,23.638790130615234
run_1780053655_f25b4c52,1780055072.0485458,1.0,495.0,3.0,-0.170562744140625,0.0,-6.691883087158203,17.819656372070312,17.0562744140625,1.510109782218933,-0.7467286586761475,0.029091649688780308,0.170562744140625,23.638790130615234
run_1780053655_f25b4c52,1780055074.0485888,1.0,495.0,3.0,-0.038336753845214844,0.0,-6.543128967285156,2.7948408126831055,3.8336753845214844,1.5594329833984375,-2.5982673168182373,0.001469706695388595,0.038336753845214844,23.638790130615234
run_1780053655_f25b4c52,1780055076.0447645,1.0,495.0,3.0,0.005744457244873047,0.0,-6.493537425994873,-1.9932246208190918,-0.5744457244873047,1.5636928081512451,-2.9824717044830322,3.2998789038174436e-05,0.005744457244873047,23.638790130615234
run_1780053655_f25b4c52,1780055078.0577645,1.0,495.0,3.0,0.13799333572387695,0.0,-6.344757556915283,-16.914608001708984,-13.799333572387695,1.4550844430923462,-4.570358753204346,0.019042160704202615,0.13799333572387695,23.638790130615234
run_1780053655_f25b4c52,1780055080.0547822,1.0,495.0,3.0,0.18207740783691406,0.0,-6.295163154602051,-21.713319778442383,-18.207740783691406,1.2609083652496338,-4.766485691070557,0.033152182444609934,0.18207740783691406,23.638790130615234
run_1780053655_f25b4c52,1780055082.053443,1.0,495.0,3.0,0.2702336311340332,0.0,-6.195987224578857,-31.613698959350586,-27.02336311340332,0.9865010380744934,-5.576836585998535,0.07302621539588472,0.2702336311340332,23.638790130615234
run_1780053655_f25b4c52,1780055084.0504606,1.0,495.0,3.0,0.2702336311340332,0.0,-6.195987224578857,-31.40961265563965,-27.02336311340332,0.658617377281189,-5.044865131378174,0.07302621539588472,0.2702336311340332,23.638790130615234
run_1780053655_f25b4c52,1780055086.0494432,1.0,495.0,3.0,0.3143186569213867,0.0,-6.14639139175415,-36.32017135620117,-31.431865692138672,0.2825925052165985,-5.170897960662842,0.09879621808886441,0.3143186569213867,23.638790130615234
run_1780053655_f25b4c52,1780055088.0464604,1.0,495.0,3.0,0.3143186569213867,0.0,-6.14639139175415,-36.14470291137695,-31.431865692138672,-0.03518709912896156,-4.67764949798584,0.09879621808886441,0.3143186569213867,23.638790130615234
run_1780053655_f25b4c52,1780055090.0458357,1.0,495.0,3.0,0.2702336311340332,0.0,-6.195987224578857,-30.79370880126953,-27.02336311340332,-0.14615359902381897,-3.624190330505371,0.07302621539588472,0.2702336311340332,23.638790130615234
run_1780053655_f25b4c52,1780055092.0578353,1.0,495.0,3.0,0.2702336311340332,0.0,-6.195987224578857,-30.557186126708984,-27.02336311340332,-0.25533896684646606,-3.2784812450408936,0.07302621539588472,0.2702336311340332,23.638790130615234
run_1780053655_f25b4c52,1780055094.0548356,1.0,495.0,3.0,0.18207740783691406,0.0,-6.295163154602051,-20.246437072753906,-18.207740783691406,-0.35027840733528137,-1.6884171962738037,0.033152182444609934,0.18207740783691406,23.638790130615234
run_1780053655_f25b4c52,1780055096.0538356,1.0,495.0,3.0,0.13799333572387695,0.0,-6.344757556915283,-15.109540939331055,-13.799333572387695,-0.4149389863014221,-0.8952682614326477,0.019042160704202615,0.13799333572387695,23.638790130615234
run_1780053655_f25b4c52,1780055098.050836,1.0,495.0,3.0,0.04982709884643555,0.0,-6.443944454193115,-4.943830490112305,-4.982709884643555,-0.4671313464641571,0.5060105919837952,0.0024827397794524586,0.04982709884643555,23.638790130615234
run_1780053655_f25b4c52,1780055100.0508356,1.0,495.0,3.0,0.005744457244873047,0.0,-6.493537425994873,0.03701047971844673,-0.5744457244873047,-0.4783579707145691,1.0898141860961914,3.2998789038174436e-05,0.005744457244873047,23.638790130615234
run_1780053655_f25b4c52,1780055102.0491564,1.0,495.0,3.0,-0.038336753845214844,0.0,-6.543128967285156,4.992543697357178,3.8336753845214844,-0.4464937746524811,1.605362057685852,0.001469706695388595,0.038336753845214844,23.638790130615234
run_1780053655_f25b4c52,1780055104.0581388,1.0,495.0,3.0,-0.12648344039916992,0.0,-6.642293930053711,15.0179443359375,12.648344039916992,-0.3465029299259186,2.7161037921905518,0.01599806069521037,0.12648344039916992,23.638790130615234
run_1780053655_f25b4c52,1780055106.0561392,1.0,495.0,3.0,-0.21464109420776367,0.0,-6.741471290588379,25.048219680786133,21.464109420776367,-0.15025003254413605,3.7343621253967285,0.04607079932270608,0.21464109420776367,23.638790130615234
run_1780053655_f25b4c52,1780055108.0531392,1.0,495.0,3.0,-0.25869035720825195,0.0,-6.791026592254639,29.93193244934082,25.869035720825195,0.05316198617219925,4.00973653793335,0.066920700912533,0.25869035720825195,23.638790130615234
run_1780053655_f25b4c52,1780055110.0493941,1.0,495.0,3.0,-0.3468303680419922,0.0,-6.89018440246582,39.759300231933594,34.68303680419922,0.1719300001859665,4.904335021972656,0.12029130419614376,0.3468303680419922,23.638790130615234
run_1780053655_f25b4c52,1780055112.0488987,1.0,495.0,3.0,-0.3468303680419922,0.0,-6.89018440246582,39.43161392211914,34.68303680419922,0.3120633661746979,4.4365129470825195,0.12029130419614376,0.3468303680419922,23.638790130615234
run_1780053655_f25b4c52,1780055114.047027,1.0,495.0,3.0,-0.4349956512451172,0.0,-6.989370346069336,49.25678253173828,43.49956512451172,0.46644750237464905,5.290766716003418,0.18922121660216362,0.4349956512451172,23.638790130615234
run_1780053655_f25b4c52,1780055116.058027,1.0,495.0,3.0,-0.4349956512451172,0.0,-6.989370346069336,48.927852630615234,43.49956512451172,0.6422029733657837,4.786083698272705,0.18922121660216362,0.4349956512451172,23.638790130615234
run_1780053655_f25b4c52,1780055118.0560253,1.0,495.0,3.0,-0.4349956512451172,0.0,-6.989370346069336,48.647064208984375,43.49956512451172,0.8179584741592407,4.329541206359863,0.18922121660216362,0.4349956512451172,23.638790130615234
run_1780053655_f25b4c52,1780055120.0520084,1.0,495.0,3.0,-0.4349956512451172,0.0,-6.989370346069336,48.409828186035156,43.49956512451172,0.993713915348053,3.91654896736145,0.18922121660216362,0.4349956512451172,23.638790130615234
run_1780053655_f25b4c52,1780055122.0449362,1.0,495.0,3.0,-0.3468303680419922,0.0,-6.89018440246582,38.1037483215332,34.68303680419922,1.1552231311798096,2.2654869556427,0.12029130419614376,0.3468303680419922,23.638790130615234
run_1780053655_f25b4c52,1780055124.053962,1.0,495.0,3.0,-0.3027677536010742,0.0,-6.84061336517334,32.971595764160156,30.276775360107422,1.2900164127349854,1.40480375289917,0.09166831262064079,0.3027677536010742,23.638790130615234
run_1780053655_f25b4c52,1780055126.0509622,1.0,495.0,3.0,-0.170562744140625,0.0,-6.691883087158203,17.788639068603516,17.0562744140625,1.3963195085525513,-0.6639539003372192,0.029091649688780308,0.170562744140625,23.638790130615234
run_1780053655_f25b4c52,1780055128.0501707,1.0,495.0,3.0,-0.12648344039916992,0.0,-6.642293930053711,12.862791061401367,12.648344039916992,1.459890365600586,-1.24544358253479,0.01599806069521037,0.12648344039916992,23.638790130615234
run_1780053655_f25b4c52,1780055130.046838,1.0,495.0,3.0,0.005744457244873047,0.0,-6.493537425994873,-2.1416878700256348,-0.5744457244873047,1.494504690170288,-3.061746835708618,3.2998789038174436e-05,0.005744457244873047,23.638790130615234
run_1780053655_f25b4c52,1780055132.046838,1.0,495.0,3.0,0.04982709884643555,0.0,-6.443944454193115,-6.925783157348633,-4.982709884643555,1.471488356590271,-3.4145615100860596,0.0024827397794524586,0.04982709884643555,23.638790130615234
run_1780053655_f25b4c52,1780055134.0448382,1.0,495.0,3.0,0.18207740783691406,0.0,-6.295163154602051,-21.86911964416504,-18.207740783691406,1.3628827333450317,-5.024262428283691,0.033152182444609934,0.18207740783691406,23.638790130615234
run_1780053655_f25b4c52,1780055136.043839,1.0,495.0,3.0,0.18207740783691406,0.0,-6.295163154602051,-21.61077880859375,-18.207740783691406,1.1419618129730225,-4.5450005531311035,0.033152182444609934,0.18207740783691406,23.638790130615234
run_1780053655_f25b4c52,1780055138.0578392,1.0,495.0,3.0,0.22616147994995117,0.0,-6.24556827545166,-26.463546752929688,-22.616147994995117,0.883599579334259,-4.730999946594238,0.051149015013152166,0.22616147994995117,23.638790130615234
run_1780053655_f25b4c52,1780055140.0568402,1.0,495.0,3.0,0.22616147994995117,0.0,-6.24556827545166,-26.286666870117188,-22.616147994995117,0.6091903448104858,-4.279711723327637,0.051149015013152166,0.22616147994995117,23.638790130615234
run_1780053655_f25b4c52,1780055142.0538392,1.0,495.0,3.0,0.22616147994995117,0.0,-6.24556827545166,-26.15283966064453,-22.616147994995117,0.33478081226348877,-3.8714728355407715,0.051149015013152166,0.22616147994995117,23.638790130615234
run_1780053655_f25b4c52,1780055144.0468404,1.0,495.0,3.0,0.22616147994995117,0.0,-6.24556827545166,-26.057952880859375,-22.616147994995117,0.060371264815330505,-3.5021753311157227,0.051149015013152166,0.22616147994995117,23.638790130615234
run_1780053655_f25b4c52,1780055146.044821,1.0,495.0,3.0,0.18207740783691406,0.0,-6.295163154602051,-20.82059669494629,-18.207740783691406,-0.06429669260978699,-2.5485596656799316,0.033152182444609934,0.18207740783691406,23.638790130615234
run_1780053655_f25b4c52,1780055148.0428817,1.0,495.0,3.0,0.13799333572387695,0.0,-6.344757556915283,-15.619375228881836,-13.799333572387695,-0.12183272838592529,-1.6982078552246094,0.019042160704202615,0.13799333572387695,23.638790130615234
run_1780053655_f25b4c52,1780055150.0539002,1.0,495.0,3.0,0.09392404556274414,0.0,-6.3943352699279785,-10.474407196044922,-9.392404556274414,-0.16512352228164673,-0.9168800115585327,0.008821726334872437,0.09392404556274414,23.638790130615234
run_1780053655_f25b4c52,1780055152.0508819,1.0,495.0,3.0,0.005744457244873047,0.0,-6.493537425994873,-0.3332628011703491,-0.5744457244873047,-0.18169404566287994,0.4228769838809967,3.2998789038174436e-05,0.005744457244873047,23.638790130615234
run_1780053655_f25b4c52,1780055154.0482788,1.0,495.0,3.0,-0.038336753845214844,0.0,-6.543128967285156,4.68588924407959,3.8336753845214844,-0.14982961118221283,1.00204336643219,0.001469706695388595,0.038336753845214844,23.638790130615234
run_1780053655_f25b4c52,1780055156.0452788,1.0,495.0,3.0,-0.12648344039916992,0.0,-6.642293930053711,14.767495155334473,12.648344039916992,-0.03913844749331474,2.1582882404327393,0.01599806069521037,0.12648344039916992,23.638790130615234
run_1780053655_f25b4c52,1780055158.0572789,1.0,495.0,3.0,-0.170562744140625,0.0,-6.691883087158203,19.683303833007812,17.0562744140625,0.05514154210686684,2.571887969970703,0.029091649688780308,0.170562744140625,23.638790130615234
run_1780053655_f25b4c52,1780055160.0535762,1.0,495.0,3.0,-0.25869035720825195,0.0,-6.791026592254639,29.592567443847656,25.869035720825195,0.14542359113693237,3.578108072280884,0.066920700912533,0.25869035720825195,23.638790130615234
run_1780053655_f25b4c52,1780055162.0515742,1.0,495.0,3.0,-0.25869035720825195,0.0,-6.791026592254639,29.355775833129883,25.869035720825195,0.2499449998140335,3.236793279647827,0.066920700912533,0.25869035720825195,23.638790130615234
run_1780053655_f25b4c52,1780055164.0485737,1.0,495.0,3.0,-0.3468303680419922,0.0,-6.89018440246582,39.23863983154297,34.68303680419922,0.37583550810813904,4.179770469665527,0.12029130419614376,0.3468303680419922,23.638790130615234
run_1780053655_f25b4c52,1780055166.048573,1.0,495.0,3.0,-0.39092063903808594,0.0,-6.939785957336426,44.021202087402344,39.092063903808594,0.5284388661384583,4.400696277618408,0.15281894602594548,0.39092063903808594,23.638790130615234
run_1780053655_f25b4c52,1780055168.0445747,1.0,495.0,3.0,-0.39092063903808594,0.0,-6.939785957336426,43.75936508178711,39.092063903808594,0.6863865256309509,3.980917453765869,0.15281894602594548,0.39092063903808594,23.638790130615234
run_1780053655_f25b4c52,1780055170.0544293,1.0,495.0,3.0,-0.39092063903808594,0.0,-6.939785957336426,43.53757858276367,39.092063903808594,0.8443345427513123,3.6011788845062256,0.15281894602594548,0.39092063903808594,23.638790130615234
run_1780053655_f25b4c52,1780055172.0574465,1.0,495.0,3.0,-0.3468303680419922,0.0,-6.89018440246582,38.29265594482422,34.68303680419922,0.9969388246536255,2.612680196762085,0.12029130419614376,0.3468303680419922,23.638790130615234
run_1780053655_f25b4c52,1780055174.0564291,1.0,495.0,3.0,-0.3468303680419922,0.0,-6.89018440246582,38.18356704711914,34.68303680419922,1.137073040008545,2.3634581565856934,0.12029130419614376,0.3468303680419922,23.638790130615234
run_1780053655_f25b4c52,1780055176.0544462,1.0,495.0,3.0,-0.25869035720825195,0.0,-6.791026592254639,28.011137008666992,25.869035720825195,1.2558412551879883,0.8862624764442444,0.066920700912533,0.25869035720825195,23.638790130615234
run_1780053655_f25b4c52,1780055178.053447,1.0,495.0,3.0,-0.21464109420776367,0.0,-6.741471290588379,22.985700607299805,21.464109420776367,1.351462960243225,0.1701294630765915,0.04607079932270608,0.21464109420776367,23.638790130615234
run_1780053655_f25b4c52,1780055180.0514462,1.0,495.0,3.0,-0.12648344039916992,0.0,-6.642293930053711,12.96706771850586,12.648344039916992,1.4168148040771484,-1.098090410232544,0.01599806069521037,0.12648344039916992,23.638790130615234
run_1780053655_f25b4c52,1780055182.047429,1.0,495.0,3.0,-0.038336753845214844,0.0,-6.543128967285156,3.0265660285949707,3.8336753845214844,1.4501113891601562,-2.25722074508667,0.001469706695388595,0.038336753845214844,23.638790130615234
run_1780053655_f25b4c52,1780055184.0465615,1.0,495.0,3.0,0.04982709884643555,0.0,-6.443944454193115,-6.847353935241699,-4.982709884643555,1.4293410778045654,-3.29398512840271,0.0024827397794524586,0.04982709884643555,23.638790130615234
run_1780053655_f25b4c52,1780055186.0572858,1.0,495.0,3.0,0.09392404556274414,0.0,-6.3943352699279785,-11.662323951721191,-9.392404556274414,1.3421319723129272,-3.612051248550415,0.008821726334872437,0.09392404556274414,23.638790130615234
run_1780053655_f25b4c52,1780055188.0532684,1.0,495.0,3.0,0.18207740783691406,0.0,-6.295163154602051,-21.563175201416016,-18.207740783691406,1.1640008687973022,-4.519435405731201,0.033152182444609934,0.18207740783691406,23.638790130615234
run_1780053655_f25b4c52,1780055190.052286,1.0,495.0,3.0,0.18207740783691406,0.0,-6.295163154602051,-21.352989196777344,-18.207740783691406,0.943079948425293,-4.088328838348389,0.033152182444609934,0.18207740783691406,23.638790130615234
run_1780053655_f25b4c52,1780055192.0512862,1.0,495.0,3.0,0.18207740783691406,0.0,-6.295163154602051,-21.18392562866211,-18.207740783691406,0.7221590876579285,-3.6983449459075928,0.033152182444609934,0.18207740783691406,23.638790130615234
run_1780053655_f25b4c52,1780055194.0512683,1.0,495.0,3.0,0.18207740783691406,0.0,-6.295163154602051,-21.052064895629883,-18.207740783691406,0.5012381672859192,-3.34556245803833,0.033152182444609934,0.18207740783691406,23.638790130615234
run_1780053655_f25b4c52,1780055196.0502858,1.0,495.0,3.0,0.13799333572387695,0.0,-6.344757556915283,-15.88450813293457,-13.799333572387695,0.296363890171051,-2.3815383911132812,0.019042160704202615,0.13799333572387695,23.638790130615234
run_1780053655_f25b4c52,1780055198.0479333,1.0,495.0,3.0,0.09392404556274414,0.0,-6.3943352699279785,-10.759222030639648,-9.392404556274414,0.15566712617874146,-1.5224846601486206,0.008821726334872437,0.09392404556274414,23.638790130615234
run_1780053655_f25b4c52,1780055200.0439482,1.0,495.0,3.0,0.04982709884643555,0.0,-6.443944454193115,-5.654763221740723,-4.982709884643555,0.04705627262592316,-0.7191095948219299,0.0024827397794524586,0.04982709884643555,23.638790130615234
run_1780053655_f25b4c52,1780055202.0549307,1.0,495.0,3.0,0.005744457244873047,0.0,-6.493537425994873,-0.5795454978942871,-0.5744457244873047,0.013342827558517456,-0.018442604690790176,3.2998789038174436e-05,0.005744457244873047,23.638790130615234
run_1780053655_f25b4c52,1780055204.0530658,1.0,495.0,3.0,-0.08241701126098633,0.0,-6.592719078063965,9.518488883972168,8.241701126098633,0.02836749702692032,1.2484207153320312,0.006792563745193547,0.08241701126098633,23.638790130615234
run_1780053655_f25b4c52,1780055206.0492544,1.0,495.0,3.0,-0.12648344039916992,0.0,-6.642293930053711,14.480087280273438,12.648344039916992,0.07056961953639984,1.7611734867095947,0.01599806069521037,0.12648344039916992,23.638790130615234
run_1780053655_f25b4c52,1780055208.0483427,1.0,495.0,3.0,-0.21464109420776367,0.0,-6.741471290588379,24.46181869506836,21.464109420776367,0.13948377966880798,2.8582255840301514,0.04607079932270608,0.21464109420776367,23.638790130615234
run_1780053655_f25b4c52,1780055210.0443444,1.0,495.0,3.0,-0.25869035720825195,0.0,-6.791026592254639,29.321319580078125,25.869035720825195,0.23510625958442688,3.2171740531921387,0.066920700912533,0.25869035720825195,23.638790130615234
run_1780053655_f25b4c52,1780055212.0583258,1.0,495.0,3.0,-0.3027677536010742,0.0,-6.84061336517334,34.18632888793945,30.276775360107422,0.3414085805416107,3.5681440830230713,0.09166831262064079,0.3027677536010742,23.638790130615234
run_1780053655_f25b4c52,1780055214.056326,1.0,495.0,3.0,-0.3468303680419922,0.0,-6.89018440246582,39.01524353027344,34.68303680419922,0.4726405143737793,3.8595657348632812,0.12029130419614376,0.3468303680419922,23.638790130615234
run_1780053655_f25b4c52,1780055216.0543432,1.0,495.0,3.0,-0.39092063903808594,0.0,-6.939785957336426,43.85607147216797,39.092063903808594,0.614555299282074,4.14945125579834,0.15281894602594548,0.39092063903808594,23.638790130615234
run_1780053655_f25b4c52,1780055218.052327,1.0,495.0,3.0,-0.39092063903808594,0.0,-6.939785957336426,43.61820602416992,39.092063903808594,0.7725028991699219,3.7536375522613525,0.15281894602594548,0.39092063903808594,23.638790130615234
run_1780053655_f25b4c52,1780055220.0523336,1.0,495.0,3.0,-0.39092063903808594,0.0,-6.939785957336426,43.38164520263672,39.092063903808594,0.9446969032287598,3.344883680343628,0.15281894602594548,0.39092063903808594,23.638790130615234
run_1780053655_f25b4c52,1780055222.047343,1.0,495.0,3.0,-0.39092063903808594,0.0,-6.939785957336426,43.22052764892578,39.092063903808594,1.1026455163955688,3.0258166790008545,0.15281894602594548,0.39092063903808594,23.638790130615234
run_1780053655_f25b4c52,1780055224.0583434,1.0,495.0,3.0,-0.3468303680419922,0.0,-6.89018440246582,38.05745315551758,34.68303680419922,1.2445611953735352,2.129854202270508,0.12029130419614376,0.3468303680419922,23.638790130615234
run_1780053655_f25b4c52,1780055226.0563734,1.0,495.0,3.0,-0.3027677536010742,0.0,-6.84061336517334,32.94747543334961,30.276775360107422,1.3757938146591187,1.2949045896530151,0.09166831262064079,0.3027677536010742,23.638790130615234
run_1780053655_f25b4c52,1780055228.0535865,1.0,495.0,3.0,-0.21464109420776367,0.0,-6.741471290588379,22.842485427856445,21.464109420776367,1.4838777780532837,-0.10550113767385483,0.04607079932270608,0.21464109420776367,23.638790130615234
run_1780053655_f25b4c52,1780055230.0525866,1.0,495.0,3.0,-0.170562744140625,0.0,-6.691883087158203,17.89052391052246,17.0562744140625,1.5616962909698486,-0.7274473905563354,0.029091649688780308,0.170562744140625,23.638790130615234
run_1780053655_f25b4c52,1780055232.0515869,1.0,495.0,3.0,-0.038336753845214844,0.0,-6.543128967285156,2.8828468322753906,3.8336753845214844,1.6038997173309326,-2.5547285079956055,0.001469706695388595,0.038336753845214844,23.638790130615234
run_1780053655_f25b4c52,1780055234.0505695,1.0,495.0,3.0,0.005744457244873047,0.0,-6.493537425994873,-1.9093718528747559,-0.5744457244873047,1.6081595420837402,-2.9430856704711914,3.2998789038174436e-05,0.005744457244873047,23.638790130615234
run_1780053655_f25b4c52,1780055236.0505874,1.0,495.0,3.0,0.13799333572387695,0.0,-6.344757556915283,-16.83771324157715,-13.799333572387695,1.5209492444992065,-4.559329509735107,0.019042160704202615,0.13799333572387695,23.638790130615234
run_1780053655_f25b4c52,1780055238.0495872,1.0,495.0,3.0,0.18207740783691406,0.0,-6.295163154602051,-21.63747787475586,-18.207740783691406,1.3267731666564941,-4.756509304046631,0.033152182444609934,0.18207740783691406,23.638790130615234
run_1780053655_f25b4c52,1780055240.0455873,1.0,495.0,3.0,0.22616147994995117,0.0,-6.24556827545166,-26.476388931274414,-22.616147994995117,1.1005034446716309,-4.960742473602295,0.051149015013152166,0.22616147994995117,23.638790130615234
run_1780053655_f25b4c52,1780055242.0445879,1.0,495.0,3.0,0.22616147994995117,0.0,-6.24556827545166,-26.2775936126709,-22.616147994995117,0.8260948657989502,-4.487539768218994,0.051149015013152166,0.22616147994995117,23.638790130615234
run_1780053655_f25b4c52,1780055244.0579238,1.0,495.0,3.0,0.22616147994995117,0.0,-6.24556827545166,-26.123937606811523,-22.616147994995117,0.5516854524612427,-4.059475898742676,0.051149015013152166,0.22616147994995117,23.638790130615234
run_1780053655_f25b4c52,1780055246.0569057,1.0,495.0,3.0,0.22616147994995117,0.0,-6.24556827545166,-26.01111602783203,-22.616147994995117,0.2772759199142456,-3.6722443103790283,0.051149015013152166,0.22616147994995117,23.638790130615234
run_1780053655_f25b4c52,1780055248.0520713,1.0,495.0,3.0,0.13799333572387695,0.0,-6.344757556915283,-15.798129081726074,-13.799333572387695,0.045657336711883545,-2.044452667236328,0.019042160704202615,0.13799333572387695,23.638790130615234
run_1780053655_f25b4c52,1780055250.051071,1.0,495.0,3.0,0.13799333572387695,0.0,-6.344757556915283,-15.692368507385254,-13.799333572387695,-0.04360071197152138,-1.849433422088623,0.019042160704202615,0.13799333572387695,23.638790130615234
run_1780053655_f25b4c52,1780055252.0500708,1.0,495.0,3.0,0.04982709884643555,0.0,-6.443944454193115,-5.463353633880615,-4.982709884643555,-0.08510983735322952,-0.3955337107181549,0.0024827397794524586,0.04982709884643555,23.638790130615234
run_1780053655_f25b4c52,1780055254.0475996,1.0,495.0,3.0,0.005744457244873047,0.0,-6.493537425994873,-0.38727590441703796,-0.5744457244873047,-0.09989867359399796,0.2870684862136841,3.2998789038174436e-05,0.005744457244873047,23.638790130615234
run_1780053655_f25b4c52,1780055256.0589206,1.0,495.0,3.0,-0.038336753845214844,0.0,-6.543128967285156,4.65393590927124,3.8336753845214844,-0.09733612835407257,0.9175967574119568,0.001469706695388595,0.038336753845214844,23.638790130615234
run_1780053655_f25b4c52,1780055258.0549195,1.0,495.0,3.0,-0.08241701126098633,0.0,-6.592719078063965,9.681831359863281,8.241701126098633,-0.03477562963962555,1.4749056100845337,0.006792563745193547,0.08241701126098633,23.638790130615234
run_1780053655_f25b4c52,1780055260.0519207,1.0,495.0,3.0,-0.170562744140625,0.0,-6.691883087158203,19.705564498901367,17.0562744140625,0.03789638355374336,2.6113946437835693,0.029091649688780308,0.170562744140625,23.638790130615234
run_1780053655_f25b4c52,1780055262.0509028,1.0,495.0,3.0,-0.25869035720825195,0.0,-6.791026592254639,29.638019561767578,25.869035720825195,0.11749278008937836,3.651489734649658,0.066920700912533,0.25869035720825195,23.638790130615234
run_1780053655_f25b4c52,1780055264.04592,1.0,495.0,3.0,-0.3027677536010742,0.0,-6.84061336517334,34.46160125732422,30.276775360107422,0.223795086145401,3.9610307216644287,0.09166831262064079,0.3027677536010742,23.638790130615234
run_1780053655_f25b4c52,1780055266.0449207,1.0,495.0,3.0,-0.3468303680419922,0.0,-6.89018440246582,39.26227569580078,34.68303680419922,0.35146650671958923,4.227769374847412,0.12029130419614376,0.3468303680419922,23.638790130615234
run_1780053655_f25b4c52,1780055268.0439212,1.0,495.0,3.0,-0.4349956512451172,0.0,-6.989370346069336,49.10735321044922,43.49956512451172,0.5058506727218628,5.101936340332031,0.18922121660216362,0.4349956512451172,23.638790130615234
run_1780053655_f25b4c52,1780055270.04392,1.0,495.0,3.0,-0.4349956512451172,0.0,-6.989370346069336,48.79643630981445,43.49956512451172,0.681606113910675,4.615264892578125,0.18922121660216362,0.4349956512451172,23.638790130615234
run_1780053655_f25b4c52,1780055272.0579026,1.0,495.0,3.0,-0.4349956512451172,0.0,-6.989370346069336,48.53194808959961,43.49956512451172,0.8573616147041321,4.175018310546875,0.18922121660216362,0.4349956512451172,23.638790130615234
run_1780053655_f25b4c52,1780055274.0569205,1.0,495.0,3.0,-0.39092063903808594,0.0,-6.939785957336426,43.2518424987793,39.092063903808594,1.0277750492095947,3.132004976272583,0.15281894602594548,0.39092063903808594,23.638790130615234
run_1780053655_f25b4c52,1780055276.0539198,1.0,495.0,3.0,-0.3468303680419922,0.0,-6.89018440246582,38.04217529296875,34.68303680419922,1.183942198753357,2.175198554992676,0.12029130419614376,0.3468303680419922,23.638790130615234
run_1780053655_f25b4c52,1780055278.052921,1.0,495.0,3.0,-0.3027677536010742,0.0,-6.84061336517334,32.918636322021484,30.276775360107422,1.3187354803085327,1.3231281042099,0.09166831262064079,0.3027677536010742,23.638790130615234
run_1780053655_f25b4c52,1780055280.0519197,1.0,495.0,3.0,-0.25869035720825195,0.0,-6.791026592254639,27.875099182128906,25.869035720825195,1.4285991191864014,0.577464759349823,0.066920700912533,0.25869035720825195,23.638790130615234
run_1780053655_f25b4c52,1780055282.049099,1.0,495.0,3.0,-0.12648344039916992,0.0,-6.642293930053711,12.780740737915039,12.648344039916992,1.5064159631729126,-1.3740196228027344,0.01599806069521037,0.12648344039916992,23.638790130615234
run_1780053655_f25b4c52,1780055284.046306,1.0,495.0,3.0,-0.08241701126098633,0.0,-6.592719078063965,7.924509048461914,8.241701126098633,1.5450572967529297,-1.8622491359710693,0.006792563745193547,0.08241701126098633,23.638790130615234
run_1780053655_f25b4c52,1780055286.0593078,1.0,495.0,3.0,0.005744457244873047,0.0,-6.493537425994873,-1.9313427209854126,-0.5744457244873047,1.5421142578125,-2.8990111351013184,3.2998789038174436e-05,0.005744457244873047,23.638790130615234
run_1780053655_f25b4c52,1780055288.0562882,1.0,495.0,3.0,0.09392404556274414,0.0,-6.3943352699279785,-11.793878555297852,-9.392404556274414,1.460250973701477,-3.8617258071899414,0.008821726334872437,0.09392404556274414,23.638790130615234
run_1780053655_f25b4c52,1780055290.0533051,1.0,495.0,3.0,0.18207740783691406,0.0,-6.295163154602051,-21.670915603637695,-18.207740783691406,1.2821199893951416,-4.745294094085693,0.033152182444609934,0.18207740783691406,23.638790130615234
run_1780053655_f25b4c52,1780055292.048306,1.0,495.0,3.0,0.22616147994995117,0.0,-6.24556827545166,-26.504579544067383,-22.616147994995117,1.0237576961517334,-4.9121880531311035,0.051149015013152166,0.22616147994995117,23.638790130615234
run_1780053655_f25b4c52,1780055294.0453055,1.0,495.0,3.0,0.22616147994995117,0.0,-6.24556827545166,-26.310413360595703,-22.616147994995117,0.7493488788604736,-4.443617343902588,0.051149015013152166,0.22616147994995117,23.638790130615234
run_1780053655_f25b4c52,1780055296.0583053,1.0,495.0,3.0,0.22616147994995117,0.0,-6.24556827545166,-26.160951614379883,-22.616147994995117,0.47493934631347656,-4.019742965698242,0.051149015013152166,0.22616147994995117,23.638790130615234
run_1780053655_f25b4c52,1780055298.057305,1.0,495.0,3.0,0.18207740783691406,0.0,-6.295163154602051,-20.982572555541992,-18.207740783691406,0.21657641232013702,-2.991408586502075,0.033152182444609934,0.18207740783691406,23.638790130615234
run_1780053655_f25b4c52,1780055300.0542881,1.0,495.0,3.0,0.18207740783691406,0.0,-6.295163154602051,-20.91814613342285,-18.207740783691406,-0.004344434943050146,-2.7060599327087402,0.033152182444609934,0.18207740783691406,23.638790130615234
run_1780053655_f25b4c52,1780055302.0542881,1.0,495.0,3.0,0.09392404556274414,0.0,-6.3943352699279785,-10.644949913024902,-9.392404556274414,-0.05653876066207886,-1.1960065364837646,0.008821726334872437,0.09392404556274414,23.638790130615234
run_1780053655_f25b4c52,1780055304.052306,1.0,495.0,3.0,0.09392404556274414,0.0,-6.3943352699279785,-10.568812370300293,-9.392404556274414,-0.09448782354593277,-1.0819200277328491,0.008821726334872437,0.09392404556274414,23.638790130615234
run_1780053655_f25b4c52,1780055306.0513055,1.0,495.0,3.0,0.005744457244873047,0.0,-6.493537425994873,-0.4119241237640381,-0.5744457244873047,-0.11105836927890778,0.2735799551010132,3.2998789038174436e-05,0.005744457244873047,23.638790130615234
run_1780053655_f25b4c52,1780055308.0484293,1.0,495.0,3.0,-0.038336753845214844,0.0,-6.543128967285156,4.624248504638672,3.8336753845214844,-0.08896125108003616,0.879534125328064,0.001469706695388595,0.038336753845214844,23.638790130615234
run_1780053655_f25b4c52,1780055310.0484288,1.0,495.0,3.0,-0.12648344039916992,0.0,-6.642293930053711,14.707303047180176,12.648344039916992,0.011493696831166744,2.0474650859832764,0.01599806069521037,0.12648344039916992,23.638790130615234
run_1780053655_f25b4c52,1780055312.0443377,1.0,495.0,3.0,-0.170562744140625,0.0,-6.691883087158203,19.611961364746094,17.0562744140625,0.07150302827358246,2.484182596206665,0.029091649688780308,0.170562744140625,23.638790130615234
run_1780053655_f25b4c52,1780055314.057339,1.0,495.0,3.0,-0.25869035720825195,0.0,-6.791026592254639,29.52958869934082,25.869035720825195,0.1617850661277771,3.498769521713257,0.066920700912533,0.25869035720825195,23.638790130615234
run_1780053655_f25b4c52,1780055316.0533376,1.0,495.0,3.0,-0.3027677536010742,0.0,-6.84061336517334,34.3490104675293,30.276775360107422,0.27521106600761414,3.797020673751831,0.09166831262064079,0.3027677536010742,23.638790130615234
run_1780053655_f25b4c52,1780055318.0455062,1.0,495.0,3.0,-0.39092063903808594,0.0,-6.939785957336426,44.197731018066406,39.092063903808594,0.41890841722488403,4.686760425567627,0.15281894602594548,0.39092063903808594,23.638790130615234
run_1780053655_f25b4c52,1780055320.0585241,1.0,495.0,3.0,-0.4349956512451172,0.0,-6.989370346069336,48.95697784423828,43.49956512451172,0.5857599973678589,4.871654987335205,0.18922121660216362,0.4349956512451172,23.638790130615234
run_1780053655_f25b4c52,1780055322.0546112,1.0,495.0,3.0,-0.4349956512451172,0.0,-6.989370346069336,48.66802978515625,43.49956512451172,0.7615154385566711,4.4069504737854,0.18922121660216362,0.4349956512451172,23.638790130615234
run_1780053655_f25b4c52,1780055324.0509152,1.0,495.0,3.0,-0.4349956512451172,0.0,-6.989370346069336,48.42340850830078,43.49956512451172,0.9372709393501282,3.9865732192993164,0.18922121660216362,0.4349956512451172,23.638790130615234
run_1780053655_f25b4c52,1780055326.0488367,1.0,495.0,3.0,-0.4349956512451172,0.0,-6.989370346069336,48.21888732910156,43.49956512451172,1.1130263805389404,3.6062963008880615,0.18922121660216362,0.4349956512451172,23.638790130615234
run_1780053655_f25b4c52,1780055328.0478358,1.0,495.0,3.0,-0.39092063903808594,0.0,-6.939785957336426,43.00227355957031,39.092063903808594,1.2798783779144287,2.63033127784729,0.15281894602594548,0.39092063903808594,23.638790130615234
run_1780053655_f25b4c52,1780055330.0588362,1.0,495.0,3.0,-0.3027677536010742,0.0,-6.84061336517334,32.820743560791016,30.276775360107422,1.4164531230926514,1.1275136470794678,0.09166831262064079,0.3027677536010742,23.638790130615234
run_1780053655_f25b4c52,1780055332.0538213,1.0,495.0,3.0,-0.21464109420776367,0.0,-6.741471290588379,22.7414608001709,21.464109420776367,1.5209801197052002,-0.24362823367118835,0.04607079932270608,0.21464109420776367,23.638790130615234
run_1780053655_f25b4c52,1780055334.050836,1.0,495.0,3.0,-0.12648344039916992,0.0,-6.642293930053711,12.752798080444336,12.648344039916992,1.5898940563201904,-1.4854395389556885,0.01599806069521037,0.12648344039916992,23.638790130615234
run_1780053655_f25b4c52,1780055336.048835,nan,nan,nan,-0.038336753845214844,nan,-6.543128967285156,nan,nan,nan,nan,nan,nan,23.638790130615234
