step,decision_idx,elapsed_s,temp,temp_ref,error,abs_error,kp,ki,kd,u,u_p,u_i,u_d,diff_out,pred_delta,valid
1,1,2.0,26.8239843249321,0.0,-26.8239843249321,26.8239843249321,50.0,508.0,1.0,-54.21259842519686,-54.0,-0.21259842519685038,-0.0,0.0,-0.1760156750679016,True
2,1,4.0,26.67390137910843,0.0,-26.67390137910843,26.67390137910843,50.0,508.0,1.0,-54.05577697474805,-53.6479686498642,-0.423810900196316,0.0160025753124659,-0.00800128765623295,-0.15008294582366943,True
3,1,6.0,26.51655685901642,0.0,-26.51655685901642,26.51655685901642,50.0,508.0,1.0,-53.95352339559943,-53.34780275821686,-0.6338416197168546,0.028120982334274597,-0.014060491167137298,-0.1573445200920105,True
4,1,8.0,26.346972793340683,0.0,-26.346972793340683,26.346972793340683,50.0,508.0,1.0,-53.83600351313923,-53.033113718032844,-0.8426334060083226,0.03974361090193715,-0.019871805450968574,-0.16958406567573547,True
5,1,10.0,26.143534645438194,0.0,-26.143534645438194,26.143534645438194,50.0,508.0,1.0,-53.692665142914194,-52.693945586681366,-1.0500898846960456,0.051370328463220684,-0.025685164231610342,-0.2034381479024887,True
6,2,12.0,25.91000159084797,0.0,-25.91000159084797,25.91000159084797,50.0,327.0,1.0,-53.59199192040346,-52.28706929087639,-1.369888473631071,0.06496584410400898,-0.03248292205200449,-0.23353305459022522,True
7,2,14.0,25.664322689175606,0.0,-25.664322689175606,25.664322689175606,50.0,327.0,1.0,-53.426832983488296,-51.82000318169594,-1.6868303891154501,0.08000058732309331,-0.04000029366154666,-0.24567890167236328,True
8,2,16.0,25.438475340604782,0.0,-25.438475340604782,25.438475340604782,50.0,327.0,1.0,-53.234707015547386,-51.32864537835121,-2.00076705809619,0.09470542090000976,-0.04735271045000488,-0.22584734857082367,True
9,2,18.0,25.24289843440056,0.0,-25.24289843440056,25.24289843440056,50.0,327.0,1.0,-53.082687180191925,-50.876950681209564,-2.311941068378816,0.10620456939646533,-0.053102284698232666,-0.19557690620422363,True
10,2,20.0,25.04732248187065,0.0,-25.04732248187065,25.04732248187065,50.0,327.0,1.0,-52.99266480598628,-50.48579686880112,-2.620722700603902,0.11385476341874634,-0.05692738170937317,-0.19557595252990723,True
11,3,22.0,24.898217514157295,0.0,-24.898217514157295,24.898217514157295,50.0,674.0,1.0,-52.74324134005367,-50.09464496374131,-2.769371498715896,0.12077512240353842,-0.060387561201769205,-0.14910496771335602,True
12,3,24.0,24.731566980481148,0.0,-24.731566980481148,24.731566980481148,50.0,674.0,1.0,-52.590760016206005,-49.79643502831459,-2.9171354008770707,0.12281041298565648,-0.06140520649282824,-0.16665053367614746,True
13,3,26.0,24.56466268002987,0.0,-24.56466268002987,24.56466268002987,50.0,674.0,1.0,-52.40079751576935,-49.463133960962296,-3.0639102790995123,0.12624672429245284,-0.06312336214622642,-0.1669043004512787,True
14,3,28.0,24.438891172409058,0.0,-24.438891172409058,24.438891172409058,50.0,674.0,1.0,-52.20964166852936,-49.12932536005974,-3.209694627348948,0.12937831887932622,-0.06468915943966311,-0.12577150762081146,True
15,3,30.0,24.312908872961998,0.0,-24.312908872961998,24.312908872961998,50.0,674.0,1.0,-52.104043323426886,-48.877782344818115,-3.3547325571555278,0.1284715785467635,-0.06423578927338175,-0.12598229944705963,True
16,4,32.0,24.218918062746525,0.0,-24.218918062746525,24.218918062746525,50.0,1000.0,1.0,-51.950131442561464,-48.625817745923996,-3.451984192647374,0.1276704960099119,-0.06383524800495595,-0.09399081021547318,True
17,4,34.0,24.04755526036024,0.0,-24.04755526036024,24.04755526036024,50.0,1000.0,1.0,-51.86265868831512,-48.43783612549305,-3.548859864898361,0.12403730207628635,-0.06201865103814318,-0.17136280238628387,True
18,4,36.0,23.911935441195965,0.0,-23.911935441195965,23.911935441195965,50.0,1000.0,1.0,-51.61237560677792,-48.09511052072048,-3.6450500859398063,0.12778499988237918,-0.06389249994118959,-0.13561981916427612,True
19,4,38.0,23.767665944993496,0.0,-23.767665944993496,23.767665944993496,50.0,1000.0,1.0,-51.43664309920224,-47.82387088239193,-3.7406978277045853,0.12792561089428017,-0.06396280544714009,-0.14426949620246887,True
20,4,40.0,23.605216033756733,0.0,-23.605216033756733,23.605216033756733,50.0,1000.0,1.0,-51.24226118157827,-47.53533188998699,-3.835768491484563,0.12883919989328182,-0.06441959994664091,-0.162449911236763,True
21,5,42.0,23.42510411888361,0.0,-23.42510411888361,23.42510411888361,50.0,1000.0,1.0,-51.00930289723996,-47.210432067513466,-3.9301893556195884,0.1313185258931021,-0.06565926294655106,-0.18011191487312317,True
22,5,44.0,23.286913640797138,0.0,-23.286913640797138,23.286913640797138,50.0,1000.0,1.0,-50.73893090756598,-46.85020823776722,-4.023889772095125,0.13516710229636592,-0.06758355114818296,-0.13819047808647156,True
23,5,46.0,23.144742630422115,0.0,-23.144742630422115,23.144742630422115,50.0,1000.0,1.0,-50.5560274570826,-46.573827281594276,-4.1170374266583085,0.13483725116998385,-0.06741862558499193,-0.1421710103750229,True
24,5,48.0,22.987551115453243,0.0,-22.987551115453243,22.987551115453243,50.0,1000.0,1.0,-50.364200901054645,-46.28948526084423,-4.209616397179995,0.13490075696958503,-0.06745037848479252,-0.15719151496887207,True
25,5,50.0,22.821811996400356,0.0,-22.821811996400356,22.821811996400356,50.0,1000.0,1.0,-50.140345028986474,-45.97510223090649,-4.301566601641811,0.1363238035618252,-0.0681619017809126,-0.16573911905288696,True
26,6,52.0,22.6946856752038,0.0,-22.6946856752038,22.6946856752038,50.0,1000.0,1.0,-49.89808962522759,-45.64362399280071,-4.392853849627411,0.13838821720053576,-0.06919410860026788,-0.1271263211965561,True
27,6,54.0,22.549237065017223,0.0,-22.549237065017223,22.549237065017223,50.0,1000.0,1.0,-49.73625874201693,-45.3893713504076,-4.483632592328228,0.13674520071890486,-0.06837260035945243,-0.14544861018657684,True
28,6,56.0,22.400214068591595,0.0,-22.400214068591595,22.400214068591595,50.0,1000.0,1.0,-49.535378977456205,-45.09847413003445,-4.573829540588297,0.13692469316653777,-0.06846234658326888,-0.14902299642562866,True
29,6,58.0,22.247320525348186,0.0,-22.247320525348186,22.247320525348186,50.0,1000.0,1.0,-49.326446502567,-44.80042813718319,-4.663430396862663,0.13741203147885153,-0.06870601573942577,-0.1528935432434082,True
30,6,60.0,22.132635056972504,0.0,-22.132635056972504,22.132635056972504,50.0,1000.0,1.0,-49.10885595364931,-44.49464105069637,-4.752419678964058,0.13820477601112321,-0.06910238800556161,-0.11468546837568283,True
31,7,62.0,21.98400241136551,0.0,-21.98400241136551,21.98400241136551,50.0,1000.0,1.0,-48.970772143164666,-44.26527011394501,-4.840950219191951,0.13544818997229585,-0.06772409498614793,-0.14863264560699463,True
32,7,64.0,21.84734934568405,0.0,-21.84734934568405,21.84734934568405,50.0,1000.0,1.0,-48.76085016934235,-43.96800482273102,-4.928886228837413,0.13604088222608385,-0.06802044111304192,-0.13665306568145752,True
33,7,66.0,21.70105902850628,0.0,-21.70105902850628,21.70105902850628,50.0,1000.0,1.0,-48.57548641074786,-43.6946986913681,-5.0162756262201444,0.135487906840395,-0.0677439534201975,-0.14629031717777252,True
34,7,68.0,21.59699337184429,0.0,-21.59699337184429,21.59699337184429,50.0,1000.0,1.0,-48.369334063081325,-43.40211805701256,-5.103079862334171,0.13586385626539899,-0.06793192813269949,-0.1040656566619873,True
35,7,70.0,21.44214180111885,0.0,-21.44214180111885,21.44214180111885,50.0,1000.0,1.0,-48.25108951690494,-43.19398674368858,-5.189467835821553,0.13236506260519856,-0.06618253130259928,-0.15485157072544098,True
36,8,72.0,21.315092027187347,0.0,-21.315092027187347,21.315092027187347,50.0,993.0,4.0,-47.62485561604411,-42.8842836022377,-5.27584101528225,0.5352690014758439,-0.06690862518448049,-0.1270497739315033,True
37,8,74.0,21.166585013270378,0.0,-21.166585013270378,21.166585013270378,50.0,993.0,4.0,-47.461473280048786,-42.630184054374695,-5.361702413176252,0.5304131875021665,-0.06630164843777081,-0.1485070139169693,True
38,8,76.0,21.078168109059334,0.0,-21.078168109059334,21.078168109059334,50.0,993.0,4.0,-47.24631186111946,-42.333170026540756,-5.446965595505642,0.5338237609269404,-0.06672797011586755,-0.08841690421104431,True
39,8,78.0,20.921392038464546,0.0,-20.921392038464546,20.921392038464546,50.0,993.0,4.0,-47.17315235362025,-42.15633621811867,-5.5318726170929935,0.5150564815914078,-0.06438206019892598,-0.1567760705947876,True
40,8,80.0,20.833055272698402,0.0,-20.833055272698402,20.833055272698402,50.0,993.0,4.0,-46.935993120972384,-41.84278407692909,-5.616148113723267,0.5229390696799806,-0.06536738370999758,-0.0883367657661438,True
41,9,82.0,20.63851772248745,0.0,-20.63851772248745,20.63851772248745,50.0,1000.0,19.0,-44.96598145099136,-41.666110545396805,-5.699480334814057,2.3996094292195056,-0.06314761655840805,-0.19453755021095276,True
42,9,84.0,20.551566794514656,0.0,-20.551566794514656,20.551566794514656,50.0,1000.0,19.0,-44.55231445185544,-41.2770354449749,-5.782034405704002,2.506755398823464,-0.06596724733745958,-0.08695092797279358,True
43,9,86.0,20.38868974149227,0.0,-20.38868974149227,20.38868974149227,50.0,1000.0,19.0,-44.54953829347862,-41.10313358902931,-5.864240672882061,2.4178359684327506,-0.06362726232717765,-0.16287705302238464,True
44,9,88.0,20.349136501550674,0.0,-20.349136501550674,20.349136501550674,50.0,1000.0,19.0,-44.2546218422189,-40.77737948298454,-5.9457954318480315,2.4685530726136764,-0.0649619229635178,-0.039553239941596985,True
45,9,90.0,20.181474536657333,0.0,-20.181474536657333,20.181474536657333,50.0,1000.0,19.0,-44.42406185641345,-40.69827300310135,-6.027191977854228,2.301403124542121,-0.0605632401195295,-0.16766196489334106,True
46,10,92.0,20.159857984632254,0.0,-20.159857984632254,20.159857984632254,50.0,1000.0,1.0,-46.346051573331295,-40.36294907331467,-6.107917876000858,0.12481537598423023,-0.062407687992115116,-0.021616552025079727,True
47,10,94.0,19.94995976611972,0.0,-19.94995976611972,19.94995976611972,50.0,1000.0,1.0,-46.3933986976264,-40.31971596926451,-6.1885573079393925,0.11487457957749406,-0.05743728978874703,-0.2098982185125351,True
48,10,96.0,19.907142631709576,0.0,-19.907142631709576,19.907142631709576,50.0,1000.0,1.0,-46.04527690267479,-39.89991953223944,-6.268357147003869,0.12299977656851063,-0.06149988828425531,-0.0428171344101429,True
49,10,98.0,19.658305399119854,0.0,-19.658305399119854,19.658305399119854,50.0,1000.0,1.0,-46.047111347409356,-39.81428526341915,-6.347985717530714,0.11515963354051131,-0.05757981677025566,-0.24883723258972168,True
50,10,100.0,19.60580537840724,0.0,-19.60580537840724,19.60580537840724,50.0,1000.0,1.0,-45.6164319331492,-39.31661079823971,-6.4266189391272,0.1267978042177123,-0.06339890210885615,-0.05250002071261406,True
51,11,102.0,19.36914260312915,0.0,-19.36914260312915,19.36914260312915,50.0,453.0,20.0,-43.421835493681044,-39.21161075681448,-6.599738633417769,2.389513896551204,-0.059737847413780104,-0.23666277527809143,True
52,11,104.0,19.248507995158434,0.0,-19.248507995158434,19.248507995158434,50.0,453.0,20.0,-42.917147594799374,-38.7382852062583,-6.770768590178291,2.5919062016372107,-0.06479765504093027,-0.12063460797071457,True
53,11,106.0,19.197869047522545,0.0,-19.197869047522545,19.197869047522545,50.0,453.0,20.0,-42.873732398714225,-38.49701599031687,-6.940733340687412,2.5640169322900555,-0.06410042330725138,-0.05063894763588905,True
54,11,108.0,19.067153304815292,0.0,-19.067153304815292,19.067153304815292,50.0,453.0,20.0,-43.094475022018756,-38.39573809504509,-7.110250948171067,2.411514021197395,-0.06028785052993487,-0.1307157427072525,True
55,11,110.0,19.002440936863422,0.0,-19.002440936863422,19.002440936863422,50.0,453.0,20.0,-42.993758013547854,-38.134306609630585,-7.278614332761042,2.4191629288437695,-0.060479073221094234,-0.06471236795186996,True
56,12,112.0,18.87370627373457,0.0,-18.87370627373457,18.87370627373457,50.0,752.0,20.0,-43.07850557200737,-38.004881873726845,-7.379691146254987,2.3060674479744634,-0.05765168619936158,-0.12873466312885284,True
57,12,114.0,18.70965827256441,0.0,-18.70965827256441,18.70965827256441,50.0,752.0,20.0,-42.90732311658117,-37.74741254746914,-7.4800832009025005,2.3201726317904696,-0.05800431579476174,-0.1640480011701584,True
58,12,116.0,18.714217563159764,0.0,-18.714217563159764,18.714217563159764,50.0,752.0,20.0,-42.60177619123603,-37.41931654512882,-7.579602659799107,2.3971430136918963,-0.05992857534229741,0.00455929059535265,True
59,12,118.0,18.514266242273152,0.0,-18.514266242273152,18.514266242273152,50.0,752.0,20.0,-42.94739101884449,-37.42843512631953,-7.679146370241459,2.160190477716492,-0.05400476194291231,-0.19995132088661194,True
60,12,120.0,18.3294995771721,0.0,-18.3294995771721,18.3294995771721,50.0,752.0,20.0,-42.48845405805102,-37.028532484546304,-7.777626509828008,2.317704936323293,-0.05794262340808233,-0.18476666510105133,True
61,13,122.0,18.092216809280217,0.0,-18.092216809280217,18.092216809280217,50.0,1.0,20.0,-100.0,-36.6589991543442,-81.09562481851646,2.4325837165989523,-0.060814592914973806,-0.23728276789188385,True
62,13,124.0,18.065655347891152,0.0,-18.065655347891152,18.065655347891152,50.0,1.0,20.0,-100.0,-36.18443361856043,-100.0,2.631994952569874,-0.06579987381424685,-0.02656146138906479,True
63,13,126.0,17.982901913113892,0.0,-17.982901913113892,17.982901913113892,50.0,1.0,20.0,-100.0,-36.131310695782304,-100.0,2.429227256001905,-0.06073068140004763,-0.08275343477725983,True
64,13,128.0,17.95838705357164,0.0,-17.95838705357164,17.95838705357164,50.0,1.0,20.0,-100.0,-35.965803826227784,-100.0,2.3479760415384887,-0.05869940103846222,-0.024514859542250633,True
65,13,130.0,17.85477092023939,0.0,-17.85477092023939,17.85477092023939,50.0,1.0,20.0,-100.0,-35.91677410714328,-100.0,2.1685794107187353,-0.05421448526796838,-0.1036161333322525,True
66,14,132.0,17.74595885630697,0.0,-17.74595885630697,17.74595885630697,16.0,1000.0,19.0,-100.0,-100.0,-100.0,6.3831870822803225,-0.053753154377097455,-0.10881206393241882,True
67,14,134.0,17.561400941573083,0.0,-17.561400941573083,17.561400941573083,16.0,1000.0,19.0,-100.0,-100.0,-100.0,6.361677999664858,-0.05357202526033565,-0.18455791473388672,True
68,14,136.0,17.295337460003793,0.0,-17.295337460003793,17.295337460003793,16.0,1000.0,19.0,-100.0,-100.0,-100.0,6.751105494471053,-0.056851414690282556,-0.26606348156929016,True
69,14,138.0,17.08813004847616,0.0,-17.08813004847616,17.08813004847616,16.0,1000.0,19.0,-100.0,-100.0,-100.0,7.543362135205635,-0.0635230495596264,-0.20720741152763367,True
70,14,140.0,16.895530587993562,0.0,-16.895530587993562,16.895530587993562,16.0,1000.0,19.0,-100.0,-100.0,-100.0,7.942333943106382,-0.0668828121524748,-0.19259946048259735,True
71,15,142.0,16.676911449991167,0.0,-16.676911449991167,16.676911449991167,16.0,994.0,15.0,-100.0,-100.0,-100.0,6.492941540355543,-0.0692580430971258,-0.21861913800239563,True
72,15,144.0,16.526603809557855,0.0,-16.526603809557855,16.526603809557855,16.0,994.0,15.0,-100.0,-100.0,-100.0,6.805265581856605,-0.07258949953980379,-0.15030764043331146,True
73,15,146.0,16.361077732406557,0.0,-16.361077732406557,16.361077732406557,16.0,994.0,15.0,-100.0,-100.0,-100.0,6.7966761248229455,-0.07249787866477808,-0.16552607715129852,True
74,15,148.0,16.25215113069862,0.0,-16.25215113069862,16.25215113069862,16.0,994.0,15.0,-100.0,-100.0,-100.0,6.853761966815686,-0.07310679431270065,-0.10892660170793533,True
75,15,150.0,16.099426268599927,0.0,-16.099426268599927,16.099426268599927,16.0,994.0,15.0,-100.0,-100.0,-100.0,6.664194132593777,-0.07108473741433362,-0.15272486209869385,True
76,16,152.0,15.91171198990196,0.0,-15.91171198990196,15.91171198990196,50.0,925.0,2.0,-100.0,-32.198852537199855,-100.0,0.2849861467455728,-0.0712465366863932,-0.18771427869796753,True
77,16,154.0,15.71954797115177,0.0,-15.71954797115177,15.71954797115177,50.0,925.0,2.0,-100.0,-31.823423979803923,-100.0,0.2919337774524664,-0.0729834443631166,-0.19216401875019073,True
78,16,156.0,15.484282626770437,0.0,-15.484282626770437,15.484282626770437,50.0,925.0,2.0,-100.0,-31.439095942303542,-100.0,0.29902777880917875,-0.07475694470229469,-0.2352653443813324,True
79,16,158.0,15.321764110587537,0.0,-15.321764110587537,15.321764110587537,50.0,925.0,2.0,-100.0,-30.968565253540874,-100.0,0.313282254799555,-0.07832056369988875,-0.16251851618289948,True
80,16,160.0,15.195428415201604,0.0,-15.195428415201604,15.195428415201604,50.0,925.0,2.0,-100.0,-30.643528221175075,-100.0,0.31294935629789744,-0.07823733907447436,-0.12633569538593292,True
81,17,162.0,15.069483934901655,0.0,-15.069483934901655,15.069483934901655,14.0,1000.0,7.0,-100.0,-100.0,-100.0,3.8258630650821774,-0.07651726130164356,-0.12594448029994965,True
82,17,164.0,14.809722422622144,0.0,-14.809722422622144,14.809722422622144,14.0,1000.0,7.0,-100.0,-100.0,-100.0,3.747173856960051,-0.07494347713920102,-0.2597615122795105,True
83,17,166.0,14.58333922829479,0.0,-14.58333922829479,14.58333922829479,14.0,1000.0,7.0,-100.0,-100.0,-100.0,3.9801422559347848,-0.0796028451186957,-0.22638319432735443,True
84,17,168.0,14.403499363921583,0.0,-14.403499363921583,14.403499363921583,14.0,1000.0,7.0,-100.0,-100.0,-100.0,4.115022644301887,-0.08230045288603774,-0.1798398643732071,True
85,17,170.0,14.237226604484022,0.0,-14.237226604484022,14.237226604484022,14.0,1000.0,7.0,-100.0,-100.0,-100.0,4.131248957545492,-0.08262497915090984,-0.16627275943756104,True
86,18,172.0,14.067748694680631,0.0,-14.067748694680631,14.067748694680631,50.0,350.0,1.0,-100.0,-28.474453208968043,-100.0,0.16460363618209606,-0.08230181809104803,-0.1694779098033905,True
87,18,174.0,13.83543151523918,0.0,-13.83543151523918,13.83543151523918,50.0,350.0,1.0,-100.0,-28.135497389361262,-100.0,0.16431036467140142,-0.08215518233570071,-0.23231717944145203,True
88,18,176.0,13.539828925393522,0.0,-13.539828925393522,13.539828925393522,50.0,350.0,1.0,-100.0,-27.67086303047836,-100.0,0.1697581397357329,-0.08487906986786645,-0.29560258984565735,True
89,18,178.0,13.162914871238172,0.0,-13.162914871238172,13.162914871238172,50.0,350.0,1.0,-100.0,-27.079657850787044,-100.0,0.18043988686668622,-0.09021994343334311,-0.37691405415534973,True
90,18,180.0,12.992913140915334,0.0,-12.992913140915334,12.992913140915334,50.0,350.0,1.0,-100.0,-26.32582974247634,-100.0,0.19749518996054993,-0.09874759498027498,-0.17000173032283783,True
91,19,182.0,12.850275783799589,0.0,-12.850275783799589,12.850275783799589,11.0,440.0,17.0,-100.0,-100.0,-100.0,14.99956614018755,-0.09705601620121357,-0.14263735711574554,True
92,19,184.0,12.633978738449514,0.0,-12.633978738449514,12.633978738449514,11.0,440.0,17.0,-100.0,-100.0,-100.0,14.570834724565588,-0.09428187174718908,-0.21629704535007477,True
93,19,186.0,12.40998166706413,0.0,-12.40998166706413,12.40998166706413,11.0,440.0,17.0,-100.0,-100.0,-100.0,14.700481081559966,-0.09512075993950567,-0.2239970713853836,True
94,19,188.0,12.2062619170174,0.0,-12.2062619170174,12.2062619170174,11.0,440.0,17.0,-100.0,-100.0,-100.0,14.871855515296478,-0.09622965333427133,-0.20371975004673004,True
95,19,190.0,12.016435115598142,0.0,-12.016435115598142,12.016435115598142,11.0,440.0,17.0,-100.0,-100.0,-100.0,14.884428391253982,-0.09631100723752577,-0.18982680141925812,True
96,20,192.0,11.811099513433874,0.0,-11.811099513433874,11.811099513433874,50.0,159.0,2.0,-100.0,-24.032870231196284,-100.0,0.3830122310767819,-0.09575305776919547,-0.2053356021642685,True
97,20,194.0,11.569974198006094,0.0,-11.569974198006094,11.569974198006094,50.0,159.0,2.0,-100.0,-23.622199026867747,-100.0,0.3838133079921132,-0.0959533269980283,-0.24112531542778015,True
98,20,196.0,11.185124351643026,0.0,-11.185124351643026,11.185124351643026,50.0,159.0,2.0,-100.0,-23.139948396012187,-100.0,0.391045658947981,-0.09776141473699526,-0.3848498463630676,True
99,20,198.0,10.792677029035985,0.0,-10.792677029035985,10.792677029035985,50.0,159.0,2.0,-100.0,-22.37024870328605,-100.0,0.4237217308682489,-0.10593043271706222,-0.3924473226070404,True
100,20,200.0,10.495277925394475,0.0,-10.495277925394475,10.495277925394475,50.0,159.0,2.0,-100.0,-21.58535405807197,-100.0,0.45466230660141693,-0.11366557665035423,-0.29739910364151,True
101,21,202.0,10.189935131929815,0.0,-10.189935131929815,10.189935131929815,50.0,303.0,1.0,-100.0,-20.99055585078895,-100.0,0.2326843694952077,-0.11634218474760386,-0.30534279346466064,True
102,21,204.0,9.962876572273672,0.0,-9.962876572273672,9.962876572273672,50.0,303.0,1.0,-100.0,-20.37987026385963,-100.0,0.23824915050220616,-0.11912457525110307,-0.2270585596561432,True
103,21,206.0,9.671622379682958,0.0,-9.671622379682958,9.671622379682958,50.0,303.0,1.0,-100.0,-19.925753144547343,-100.0,0.23616584958654965,-0.11808292479327484,-0.2912541925907135,True
104,21,208.0,9.428423537872732,0.0,-9.428423537872732,9.428423537872732,50.0,303.0,1.0,-100.0,-19.343244759365916,-100.0,0.24011765990955294,-0.12005882995477646,-0.24319884181022644,True
105,21,210.0,9.168905450962484,0.0,-9.168905450962484,9.168905450962484,50.0,303.0,1.0,-100.0,-18.856847075745463,-100.0,0.23932352663733666,-0.11966176331866832,-0.2595180869102478,True
106,22,212.0,8.871619864366949,0.0,-8.871619864366949,8.871619864366949,50.0,601.0,1.0,-100.0,-18.337810901924968,-100.0,0.24008881974325338,-0.12004440987162668,-0.2972855865955353,True
107,22,214.0,8.599196179769933,0.0,-8.599196179769933,8.599196179769933,50.0,601.0,1.0,-100.0,-17.743239728733897,-100.0,0.24421476778966716,-0.12210738389483358,-0.2724236845970154,True
108,22,216.0,8.329370751045644,0.0,-8.329370751045644,8.329370751045644,50.0,601.0,1.0,-100.0,-17.198392359539866,-100.0,0.24568680824584113,-0.12284340412292055,-0.26982542872428894,True
109,22,218.0,8.096180065535009,0.0,-8.096180065535009,8.096180065535009,50.0,601.0,1.0,-100.0,-16.65874150209129,-100.0,0.24678220941029605,-0.12339110470514801,-0.23319068551063538,True
110,22,220.0,7.834875031374395,0.0,-7.834875031374395,7.834875031374395,50.0,601.0,1.0,-100.0,-16.192360131070018,-100.0,0.24444245016535085,-0.12222122508267541,-0.261305034160614,True
111,23,222.0,7.570938422344625,0.0,-7.570938422344625,7.570938422344625,50.0,794.0,1.0,-100.0,-15.669750062748792,-100.0,0.2448819130425982,-0.1224409565212991,-0.2639366090297699,True
112,23,224.0,7.335458277724683,0.0,-7.335458277724683,7.335458277724683,50.0,794.0,1.0,-100.0,-15.14187684468925,-100.0,0.24551870704405948,-0.12275935352202975,-0.2354801446199417,True
113,23,226.0,7.099894746206701,0.0,-7.099894746206701,7.099894746206701,50.0,794.0,1.0,-100.0,-14.670916555449368,-100.0,0.24350762029148781,-0.1217538101457439,-0.23556353151798248,True
114,23,228.0,6.87937784101814,0.0,-6.87937784101814,6.87937784101814,50.0,794.0,1.0,-100.0,-14.199789492413403,-100.0,0.24169595131041874,-0.12084797565520937,-0.22051690518856049,True
115,23,230.0,6.654376997612417,0.0,-6.654376997612417,6.654376997612417,50.0,794.0,1.0,-100.0,-13.75875568203628,-100.0,0.2386891231090466,-0.1193445615545233,-0.22500084340572357,True
116,24,232.0,6.528560205362737,0.0,-6.528560205362737,6.528560205362737,3.0,987.0,1.0,-100.0,-100.0,-100.0,3.9396129142728062,-0.11818838742818419,-0.12581679224967957,True
117,24,234.0,6.258710189722478,0.0,-6.258710189722478,6.258710189722478,3.0,987.0,1.0,-100.0,-100.0,-100.0,3.7544603379531165,-0.1126338101385935,-0.2698500156402588,True
118,24,236.0,6.069130538962781,0.0,-6.069130538962781,6.069130538962781,3.0,987.0,1.0,-100.0,-100.0,-100.0,3.805217221833581,-0.11415651665500744,-0.18957965075969696,True
119,24,238.0,5.837329565547407,0.0,-5.837329565547407,5.837329565547407,3.0,987.0,1.0,-100.0,-100.0,-100.0,3.7295019228534683,-0.11188505768560406,-0.23180097341537476,True
120,24,240.0,5.651202066801488,0.0,-5.651202066801488,5.651202066801488,3.0,987.0,1.0,-100.0,-100.0,-100.0,3.7249853696534414,-0.11174956108960325,-0.18612749874591827,True
121,25,242.0,5.492552577517927,0.0,-5.492552577517927,5.492552577517927,47.0,966.0,1.0,-100.0,-12.023834184684018,-100.0,0.2330867514353638,-0.109550773174621,-0.1586494892835617,True
122,25,244.0,5.1767397513613105,0.0,-5.1767397513613105,5.1767397513613105,47.0,966.0,1.0,-100.0,-11.686282079825377,-100.0,0.22619709864872475,-0.10631263636490064,-0.3158128261566162,True
123,25,246.0,4.910050361417234,0.0,-4.910050361417234,4.910050361417234,47.0,966.0,1.0,-100.0,-11.014339896513427,-100.0,0.23516528821432275,-0.11052768546073169,-0.26668938994407654,True
124,25,248.0,4.581018625758588,0.0,-4.581018625758588,4.581018625758588,47.0,966.0,1.0,-100.0,-10.44691566258986,-100.0,0.23852684907774152,-0.1121076190665385,-0.32903173565864563,True
125,25,250.0,4.259088485501707,0.0,-4.259088485501707,4.259088485501707,47.0,966.0,1.0,-100.0,-9.74684813991189,-100.0,0.24759742609126936,-0.1163707902628966,-0.3219301402568817,True
126,26,252.0,3.9967729141935706,0.0,-3.9967729141935706,3.9967729141935706,44.0,1000.0,5.0,-100.0,-9.679746557958424,-100.0,1.3625508705680678,-0.11990447660998996,-0.262315571308136,True
127,26,254.0,3.688216953538358,0.0,-3.688216953538358,3.688216953538358,44.0,1000.0,5.0,-100.0,-9.083574804985387,-100.0,1.368081117971696,-0.12039113838150925,-0.3085559606552124,True
128,26,256.0,3.438890784047544,0.0,-3.438890784047544,3.438890784047544,44.0,1000.0,5.0,-100.0,-8.382311258041723,-100.0,1.3969700533638636,-0.12293336469601998,-0.2493261694908142,True
129,26,258.0,3.181041388772428,0.0,-3.181041388772428,3.181041388772428,44.0,1000.0,5.0,-100.0,-7.815660872835327,-100.0,1.3925071873623793,-0.12254063248788938,-0.25784939527511597,True
130,26,260.0,2.931167929433286,0.0,-2.931167929433286,2.931167929433286,44.0,1000.0,5.0,-100.0,-7.2296395199373364,-100.0,1.3928728411478073,-0.12257281002100705,-0.24987345933914185,True
131,27,262.0,2.71756315138191,0.0,-2.71756315138191,2.71756315138191,45.0,1000.0,18.0,-100.0,-6.513706509851748,-100.0,4.889573981991443,-0.12223934954978607,-0.21360477805137634,True
132,27,264.0,2.537415890954435,0.0,-2.537415890954435,2.537415890954435,45.0,1000.0,18.0,-100.0,-6.039029225293134,-100.0,4.811560111126266,-0.12028900277815663,-0.18014726042747498,True
133,27,266.0,2.3426585188135505,0.0,-2.3426585188135505,2.3426585188135505,45.0,1000.0,18.0,-100.0,-5.6387019798987446,-100.0,4.6801517226452765,-0.11700379306613193,-0.1947573721408844,True
134,27,268.0,2.1790249785408378,0.0,-2.1790249785408378,2.1790249785408378,45.0,1000.0,18.0,-100.0,-5.205907819585668,-100.0,4.587844066322713,-0.11469610165806783,-0.1636335402727127,True
135,27,270.0,2.0118345161899924,0.0,-2.0118345161899924,2.0118345161899924,45.0,1000.0,18.0,-100.0,-4.842277730090751,-100.0,4.44774873974895,-0.11119371849372375,-0.16719046235084534,True
136,28,272.0,1.8718965342268348,0.0,-1.8718965342268348,1.8718965342268348,43.0,454.0,20.0,-99.6467260434053,-4.678684921372075,-100.0,5.031958877966771,-0.10818711587628557,-0.13993798196315765,True
137,28,274.0,1.7792598521336913,0.0,-1.7792598521336913,1.7792598521336913,43.0,454.0,20.0,-99.50541177824269,-4.353247754015895,-100.0,4.847835975773199,-0.10422847347912378,-0.09263668209314346,True
138,28,276.0,1.6377206509932876,0.0,-1.6377206509932876,1.6377206509932876,43.0,454.0,20.0,-99.55654707793411,-4.137813609613236,-100.0,4.581266531679115,-0.09849723043110098,-0.14153920114040375,True
139,28,278.0,1.4880364602431655,0.0,-1.4880364602431655,1.4880364602431655,43.0,454.0,20.0,-99.36513223603988,-3.8086526767285758,-100.0,4.4435204406887125,-0.09553568947480733,-0.14968419075012207,True
140,28,280.0,1.3587504094466567,0.0,-1.3587504094466567,1.3587504094466567,43.0,454.0,20.0,-99.12441493530079,-3.4605499075422452,-100.0,4.336134972241467,-0.09322690190319155,-0.1292860507965088,True
141,29,282.0,1.2353332405909896,0.0,-1.2353332405909896,1.2353332405909896,1.0,1.0,12.0,-100.0,-100.0,-100.0,40.0,-0.09021109363600689,-0.12341716885566711,True
142,29,284.0,1.0460496312007308,0.0,-1.0460496312007308,1.0460496312007308,1.0,1.0,12.0,-100.0,-100.0,-100.0,40.0,-0.08721617533276259,-0.1892836093902588,True
143,29,286.0,0.8679462289437652,0.0,-0.8679462289437652,0.8679462289437652,1.0,1.0,12.0,-100.0,-100.0,-100.0,40.0,-0.08750108519009042,-0.17810340225696564,True
144,29,288.0,0.7817620104178786,0.0,-0.7817620104178786,0.7817620104178786,1.0,1.0,12.0,-100.0,-86.79462289437652,-100.0,40.0,-0.08725058986691152,-0.08618421852588654,True
145,29,290.0,0.6092296158894897,0.0,-0.6092296158894897,0.6092296158894897,1.0,1.0,12.0,-100.0,-78.17620104178786,-100.0,40.0,-0.08284554409987084,-0.17253239452838898,True
146,30,292.0,0.5344710117205977,0.0,-0.5344710117205977,0.5344710117205977,2.0,1.0,20.0,-90.46148079447448,-30.461480794474483,-100.0,40.0,-0.08278589277736176,-0.0747586041688919,True
147,30,294.0,0.36020185705274343,0.0,-0.36020185705274343,0.36020185705274343,2.0,1.0,20.0,-86.72355058602989,-26.723550586029887,-100.0,40.0,-0.07828734887965808,-0.1742691546678543,True
148,30,296.0,0.2629896542057395,0.0,-0.2629896542057395,0.2629896542057395,2.0,1.0,20.0,-78.01009285263717,-18.01009285263717,-100.0,40.0,-0.07874145092780271,-0.09721220284700394,True
149,30,298.0,0.09989246632903814,0.0,-0.09989246632903814,0.09989246632903814,2.0,1.0,20.0,-73.14948271028697,-13.149482710286975,-100.0,40.0,-0.0756493958873491,-0.16309718787670135,True
150,30,300.0,0.010825513862073421,0.0,-0.010825513862073421,0.010825513862073421,2.0,1.0,20.0,-64.99462331645191,-4.994623316451907,-100.0,40.0,-0.07584727782636981,-0.08906695246696472,True
151,31,302.0,-0.1138399550691247,0.0,0.1138399550691247,0.1138399550691247,1.0,1.0,8.0,-61.08255138620734,-1.0825513862073421,-100.0,40.0,-0.07266103129880548,-0.12466546893119812,True
152,31,304.0,-0.2051349813118577,0.0,0.2051349813118577,0.2051349813118577,1.0,1.0,8.0,19.756340893774126,11.38399550691247,-31.627654613138347,40.0,-0.07139695000455751,-0.091295026242733,True
153,31,306.0,-0.30850133392959833,0.0,0.30850133392959833,0.30850133392959833,1.0,1.0,8.0,94.56599879573592,20.51349813118577,34.05250066455014,40.0,-0.06873650147176173,-0.10336635261774063,True
154,31,308.0,-0.33840141724795103,0.0,0.33840141724795103,0.33840141724795103,1.0,1.0,8.0,100.0,30.850133392959833,95.7527674504698,40.0,-0.06687856794473565,-0.0299000833183527,True
155,31,310.0,-0.3360185828059912,0.0,0.3360185828059912,0.3360185828059912,1.0,1.0,8.0,100.0,33.8401417247951,100.0,40.0,-0.06185824586710195,0.002382834441959858,True
156,32,312.0,-0.2632720973342657,0.0,0.2632720973342657,0.2632720973342657,1.0,1.0,1.0,100.0,33.60185828059912,100.0,5.584929906012334,-0.05584929906012334,0.07274648547172546,True
157,32,314.0,-0.1499829050153494,0.0,0.1499829050153494,0.1499829050153494,1.0,1.0,1.0,100.0,26.32720973342657,100.0,4.721496510704182,-0.047214965107041824,0.11328919231891632,True
158,32,316.0,-0.026311537250876427,0.0,0.026311537250876427,0.026311537250876427,1.0,1.0,1.0,100.0,14.998290501534939,100.0,3.756127333331189,-0.03756127333331189,0.12367136776447296,True
159,32,318.0,0.11633356846868992,0.0,-0.11633356846868992,0.11633356846868992,1.0,1.0,1.0,100.0,2.6311537250876427,100.0,2.8356491590696136,-0.028356491590696135,0.14264510571956635,True
160,32,320.0,0.14484970085322857,0.0,-0.14484970085322857,0.14484970085322857,1.0,1.0,1.0,20.413356553255774,-11.633356846868992,30.129988907693715,1.916724492431049,-0.01916724492431049,0.02851613238453865,True
161,33,322.0,0.2633096855133772,0.0,-0.2633096855133772,0.2633096855133772,45.0,1.0,5.0,28.053089294267753,-0.3218882241182857,28.19672630037664,0.17825121800939725,-0.016042609620845753,0.11845998466014862,True
162,33,324.0,0.3465672414749861,0.0,-0.3465672414749861,0.3465672414749861,45.0,1.0,5.0,24.198698892873054,-0.5851326344741715,24.682416183414624,0.10141534393260268,-0.009127380953934242,0.08325755596160889,True
163,33,326.0,0.31612179428339005,0.0,-0.31612179428339005,0.31612179428339005,45.0,1.0,5.0,19.336433772307103,-0.7701494254999691,20.05689410833974,0.04968908946733461,-0.004472018052060115,-0.03044544719159603,True
164,33,328.0,0.370849784463644,0.0,-0.370849784463644,0.370849784463644,45.0,1.0,5.0,15.19555166355809,-0.7024928761853112,15.837717674794327,0.06032686494907613,-0.005429417845416852,0.05472799018025398,True
165,33,330.0,0.3953974172472954,0.0,-0.3953974172472954,0.3953974172472954,45.0,1.0,5.0,10.090923564586324,-0.8241106321414312,10.888104268539491,0.026929928188265097,-0.002423693536943859,0.024547632783651352,True
166,34,332.0,0.4182606004178524,0.0,-0.4182606004178524,0.4182606004178524,30.0,15.0,16.0,9.099808163605038,-1.317991390824318,10.360379987929143,0.0574195665002138,-0.0010766168718790087,0.022863183170557022,True
167,34,334.0,0.5036893151700497,0.0,-0.5036893151700497,0.5036893151700497,30.0,15.0,16.0,8.404451405530569,-1.3942020013928413,9.802140948332411,-0.0034875414090019545,6.539140141878665e-05,0.08542871475219727,True
168,34,336.0,0.5583832114934921,0.0,-0.5583832114934921,0.5583832114934921,30.0,15.0,16.0,7.240648883855876,-1.6789643839001656,9.12988293676077,-0.21026966900472974,0.003942556293838682,0.05469389632344246,True
169,34,338.0,0.4830322116613388,0.0,-0.4830322116613388,0.4830322116613388,30.0,15.0,16.0,6.2005364184865845,-1.861277371644974,8.384626731897923,-0.3228129417663627,0.006052742658119301,-0.07535099983215332,True
170,34,340.0,0.4217022471129894,0.0,-0.4217022471129894,0.4217022471129894,30.0,15.0,16.0,6.02049397505543,-1.6101073722044625,7.739939095379607,-0.10933774811971438,0.0020500827772446445,-0.06132996454834938,True
171,35,342.0,0.4303387673571706,0.0,-0.4303387673571706,0.4303387673571706,41.0,560.0,7.0,6.716301996979601,-1.0285420661292426,7.728907970689243,0.015936092419600666,-0.0009333996988623247,0.008636520244181156,True
172,35,344.0,0.3423846634104848,0.0,-0.3423846634104848,0.3423846634104848,41.0,560.0,7.0,6.675757252485035,-1.0496067496516355,7.7176509270421985,0.007713075094472341,-0.0004517658269619514,-0.08795410394668579,True
173,35,346.0,0.223681447096169,0.0,-0.223681447096169,0.223681447096169,41.0,560.0,7.0,6.948849391997097,-0.8350845449036215,7.708694636341813,0.0752393005589062,-0.00440687331845022,-0.1187032163143158,True
174,35,348.0,0.21804980002343655,0.0,-0.21804980002343655,0.21804980002343655,41.0,560.0,7.0,7.317467840835172,-0.5455645051126073,7.702843451173293,0.1601888947744869,-0.009382492408219947,-0.005631647072732449,True
175,35,350.0,0.19494889862835407,0.0,-0.19494889862835407,0.19494889862835407,41.0,560.0,7.0,7.314590126289043,-0.5318287805449672,7.697139581798086,0.14927932503592384,-0.008743503323532681,-0.023100901395082474,True
176,36,352.0,0.08773973025381565,0.0,-0.08773973025381565,0.08773973025381565,38.0,829.0,5.0,7.298288597251933,-0.513023417443037,7.693422788400752,0.1178892262942185,-0.008959581198360605,-0.10720916837453842,True
177,36,354.0,0.004235835745930672,0.0,-0.004235835745930672,0.004235835745930672,38.0,829.0,5.0,7.631624716858805,-0.23089402698372538,7.691749988747178,0.17076875509535255,-0.012978425387246795,-0.08350389450788498,True
178,36,356.0,0.04012752138078213,0.0,-0.04012752138078213,0.04012752138078213,38.0,829.0,5.0,7.884947610808575,-0.011146936173501766,7.691669230525706,0.20442531645637033,-0.015536324050684145,0.035891685634851456,True
179,36,358.0,0.041457741404883564,0.0,-0.041457741404883564,0.041457741404883564,38.0,829.0,5.0,7.748762861160258,-0.10559874047574244,7.6909041802609,0.16345742137510028,-0.012422764024507621,0.0013302200241014361,True
180,36,360.0,0.0036876414669677615,0.0,-0.0036876414669677615,0.0036876414669677615,38.0,829.0,5.0,7.7280841023555205,-0.10909931948653569,7.690113768719183,0.1470696531228732,-0.011177293637338364,-0.0377700999379158,True
181,37,362.0,0.023518922622315586,0.0,-0.023518922622315586,0.023518922622315586,33.0,957.0,2.0,7.750554076590347,-0.01117467111202352,7.690043637954487,0.07168510974788357,-0.011828043108400788,0.019831281155347824,True
182,37,364.0,0.006347886170260608,0.0,-0.006347886170260608,0.006347886170260608,33.0,957.0,2.0,7.67771044366944,-0.07126946249186542,7.689596360190882,0.0593835459704237,-0.009798285085119911,-0.017171036452054977,True
183,37,366.0,0.026687185163609684,0.0,-0.026687185163609684,0.026687185163609684,33.0,957.0,2.0,7.728689249936729,-0.01923601869775942,7.689475637470062,0.058449631164426204,-0.009644189142130324,0.020339298993349075,True
184,37,368.0,0.05049450590740889,0.0,-0.05049450590740889,0.05049450590740889,33.0,957.0,2.0,7.655368481759909,-0.08087025807154449,7.6889681063773825,0.04727063345407051,-0.007799654519921634,0.02380732074379921,True
185,37,370.0,0.06581335130613297,0.0,-0.06581335130613297,0.06581335130613297,33.0,957.0,2.0,7.571196706957055,-0.15301365426487543,7.688007812828259,0.03620254839367251,-0.0059734204849559635,0.015318845398724079,True
186,38,372.0,0.030212435754947364,0.0,-0.030212435754947364,0.030212435754947364,33.0,957.0,2.0,7.515850624621725,-0.19943439789737263,7.6867561888036136,0.028528833715484946,-0.004707257563055016,-0.03560091555118561,True
187,38,374.0,0.027524624834768474,0.0,-0.027524624834768474,0.027524624834768474,33.0,957.0,2.0,7.630244381393915,-0.09155283562105263,7.686181615260647,0.03561560175432175,-0.005876574289463088,-0.0026878109201788902,True
188,38,376.0,0.051009059767238796,0.0,-0.051009059767238796,0.051009059767238796,33.0,957.0,2.0,7.635208947494131,-0.08340795404475296,7.685658157922144,0.03295874361674063,-0.005438192696762203,0.02348443493247032,True
189,38,378.0,0.06596360902767628,0.0,-0.06596360902767628,0.06596360902767628,33.0,957.0,2.0,7.55345998882184,-0.1545729083855721,7.684688078699444,0.02334481850796866,-0.003851895053814829,0.014954549260437489,True
190,38,380.0,0.03203769575338811,0.0,-0.03203769575338811,0.03203769575338811,33.0,957.0,2.0,7.500541833565465,-0.1998897243262918,7.683433597106089,0.016997960785668478,-0.002804663529635299,-0.03392591327428818,True
191,39,382.0,0.04624598368536681,0.0,-0.04624598368536681,0.04624598368536681,40.0,968.0,2.0,7.623239038110334,-0.08009423938347027,7.682936648260237,0.020396629233566704,-0.004079325846713341,0.014208287931978703,True
192,39,384.0,0.061327528092078865,0.0,-0.061327528092078865,0.061327528092078865,40.0,968.0,2.0,7.581825966141833,-0.11561495921341702,7.682219309273221,0.015221616082028596,-0.0030443232164057187,0.015081544406712055,True
193,39,386.0,0.0020176059333607554,0.0,-0.0020176059333607554,0.0020176059333607554,40.0,968.0,2.0,7.538290977804202,-0.15331882023019716,7.6812680347328035,0.010341763301595412,-0.0020683526603190823,-0.05930992215871811,True
194,39,388.0,0.018570437910966575,0.0,-0.018570437910966575,0.018570437910966575,40.0,968.0,2.0,7.699028488292081,-0.005044014833401889,7.681236738882198,0.022835764243285407,-0.004567152848657081,0.01655283197760582,True
195,39,390.0,0.02055252797435969,0.0,-0.02055252797435969,0.02055252797435969,40.0,968.0,2.0,7.651417784951127,-0.04642609477741644,7.680948685778828,0.01689519394971538,-0.0033790387899430754,0.001982090063393116,True
196,40,392.0,0.04628868482541293,0.0,-0.04628868482541293,0.04628868482541293,37.0,1000.0,1.0,7.6330855664334605,-0.05554737290367484,7.680615067923542,0.008017871413592566,-0.0029666124230292488,0.025736156851053238,True
197,40,394.0,0.034592991578392684,0.0,-0.034592991578392684,0.034592991578392684,37.0,1000.0,1.0,7.558850268833776,-0.1251045535821971,7.679863689223339,0.004091133192634799,-0.0015137192812748755,-0.011695693247020245,True
198,40,396.0,0.04575136199127883,0.0,-0.04575136199127883,0.04575136199127883,37.0,1000.0,1.0,7.5909453910339,-0.09349457183349374,7.6793021602633695,0.005137802604023954,-0.0019009869634888628,0.011158370412886143,True
199,40,398.0,0.03988729405682534,0.0,-0.03988729405682534,0.03988729405682534,37.0,1000.0,1.0,7.558183978283249,-0.123652329706159,7.678559503628486,0.0032768043609211167,-0.0012124176135408131,-0.005864067934453487,True
200,40,400.0,0.0587666294304654,0.0,-0.0587666294304654,0.0587666294304654,37.0,1000.0,1.0,7.57379322254533,-0.10780349745087929,7.6779120351753285,0.0036846848208817473,-0.0013633333837262465,0.01887933537364006,True
201,41,402.0,-0.11686805274803191,0.0,0.11686805274803191,0.11686805274803191,1.0,773.0,15.0,2.3181975247382356,-5.87666294304654,7.632251914953854,0.5626085528309215,-0.0003750723685539476,-0.17563468217849731,True
202,41,404.0,-0.04168009397108108,0.0,0.04168009397108108,0.04168009397108108,1.0,773.0,15.0,31.834189141781298,11.686805274803191,7.662489444772226,12.48489442220588,-0.008323262948137254,0.07518795877695084,True
203,41,406.0,-0.09023849305231124,0.0,0.09023849305231124,0.09023849305231124,1.0,773.0,15.0,18.008428900420515,4.168009397108108,7.673273427688406,6.167146075624003,-0.0041114307170826685,-0.048558399081230164,True
204,41,408.0,-0.08899794076569378,0.0,0.08899794076569378,0.08899794076569378,1.0,773.0,15.0,25.610373254527214,9.023849305231124,7.696621032617852,8.88990291667824,-0.00592660194445216,0.0012405522866174579,True
205,41,410.0,-0.11133630317635834,0.0,0.11133630317635834,0.11133630317635834,1.0,773.0,15.0,24.576751899390384,8.899794076569378,7.71964766670989,7.957310156111117,-0.005304873437407411,-0.02233836241066456,True
206,42,412.0,-0.10531756677664816,0.0,0.10531756677664816,0.10531756677664816,1.0,989.0,11.0,25.271519841217525,11.133630317635834,7.7421625915180385,6.395726932063653,-0.005814297210966957,0.006018736399710178,True
207,42,414.0,-0.0859204160515219,0.0,0.0859204160515219,0.0859204160515219,1.0,989.0,11.0,23.779900216283345,10.531756677664816,7.763460380552741,5.48468315806579,-0.004986075598241628,0.019397150725126266,True
208,42,416.0,-0.05429139384068549,0.0,0.05429139384068549,0.05429139384068549,1.0,989.0,11.0,20.364451804879536,8.59204160515219,7.780835591078823,3.9915746086485244,-0.003628704189680477,0.03162902221083641,True
209,42,418.0,-0.03583256923593581,0.0,0.03583256923593581,0.03583256923593581,1.0,989.0,11.0,15.250209449739005,5.429139384068549,7.7918146393782655,2.0292554262921927,-0.0018447776602656296,0.01845882460474968,True
210,42,420.0,-0.002912696683779359,0.0,0.002912696683779359,0.002912696683779359,1.0,989.0,11.0,12.294995932644893,3.5832569235935807,7.799060861670661,0.9126781473806522,-0.0008297074067096838,0.03291987255215645,True
211,43,422.0,-0.016250516520813107,0.0,0.016250516520813107,0.016250516520813107,13.0,1000.0,16.0,7.729707536431055,0.02240535910599507,7.79910567238888,-0.09180349506382057,0.0007459033973935421,-0.013337819837033749,True
212,43,424.0,0.07478601182810962,0.0,-0.07478601182810962,0.07478601182810962,13.0,1000.0,16.0,7.915935787785348,0.12500397323702392,7.799355680335364,-0.008423865787039374,6.84439095196949e-05,0.09103652834892273,True
213,43,426.0,0.14382423157803714,0.0,-0.14382423157803714,0.14382423157803714,13.0,1000.0,16.0,6.703671356219671,-0.5752770140623817,7.795900563133797,-0.5169521928517438,0.004200236566920417,0.06903821974992752,True
214,43,428.0,0.14537800999823958,0.0,-0.14537800999823958,0.14537800999823958,13.0,1000.0,16.0,5.829019694786631,-1.106340242907978,7.78925587699021,-0.853895939295601,0.0069379045067767585,0.001553778420202434,True
215,43,430.0,0.1406188482651487,0.0,-0.1406188482651487,0.1406188482651487,13.0,1000.0,16.0,5.88311071429101,-1.1182923846018429,7.782539406211832,-0.7811363073189787,0.006346732496966701,-0.0047591617330908775,True
216,44,432.0,-0.03383704775478691,0.0,0.03383704775478691,0.03383704775478691,2.0,1000.0,20.0,-4.815610537186908,-7.030942413257435,7.74031152384992,-5.524979647779393,0.005524979647779394,-0.1744558960199356,True
217,44,434.0,0.02314278355333954,0.0,-0.02314278355333954,0.02314278355333954,2.0,1000.0,20.0,12.367976635505313,1.6918523877393454,7.743695228625404,2.9324290191405646,-0.002932429019140565,0.05697983130812645,True
218,44,436.0,0.0040288238087669015,0.0,-0.0040288238087669015,0.0040288238087669015,2.0,1000.0,20.0,6.642133768598566,-1.157139177666977,7.736745443774547,0.06252750249099712,-6.252750249099713e-05,-0.01911395974457264,True
219,44,438.0,-0.02546186128165573,0.0,0.02546186128165573,0.02546186128165573,2.0,1000.0,20.0,8.459536239666047,-0.20144119043834507,7.7355355867749065,0.9254418433294859,-0.0009254418433294858,-0.02949068509042263,True
220,44,440.0,-0.03932603483553976,0.0,0.03932603483553976,0.03932603483553976,2.0,1000.0,20.0,11.188921277762184,1.2730930640827864,7.738081772903067,2.1777464407763296,-0.0021777464407763294,-0.01386417355388403,True
221,45,442.0,-0.029162711813114583,0.0,0.029162711813114583,0.029162711813114583,1.0,1000.0,7.0,13.498723547955379,3.932603483553976,7.745946979870173,1.8201730845312312,-0.0026002472636160448,0.010163323022425175,True
222,45,444.0,-0.045077040209434927,0.0,0.045077040209434927,0.045077040209434927,1.0,1000.0,7.0,11.991196644973641,2.9162711813114583,7.751779522232784,1.3231459414293985,-0.0018902084877562837,-0.015914328396320343,True
223,45,446.0,-0.04603484499966726,0.0,0.04603484499966726,0.04603484499966726,1.0,1000.0,7.0,13.97183203263185,4.507704020943493,7.760794930274663,1.703333081413695,-0.002433332973448136,-0.0009578047902323306,True
224,45,448.0,-0.05981442838674411,0.0,0.05981442838674411,0.05981442838674411,1.0,1000.0,7.0,13.944817153871067,4.603484499966726,7.7700018992745825,1.5713307546297584,-0.002244758220899655,-0.013779583387076855,True
225,45,450.0,-0.0601581787050236,0.0,0.0601581787050236,0.0601581787050236,1.0,1000.0,7.0,15.62332270038482,5.981442838674411,7.781964784951924,1.8599150767584862,-0.002657021538226409,-0.0003437503182794899,True
226,46,452.0,-0.05330355421756394,0.0,0.05330355421756394,0.05330355421756394,1.0,876.0,12.0,16.714552200461938,6.01581787050236,7.795699528948498,2.9030348010110805,-0.002419195667509234,0.00685462448745966,True
227,46,454.0,-0.05283044895622879,0.0,0.05283044895622879,0.05283044895622879,1.0,876.0,12.0,15.390424931124086,5.330355421756394,7.8078692901853834,2.2522002191823094,-0.0018768335159852578,0.0004731052613351494,True
228,46,456.0,-0.05253761794301681,0.0,0.05253761794301681,0.05253761794301681,1.0,876.0,12.0,15.114532257450566,5.283044895622879,7.819931036522411,2.0115563253052784,-0.0016762969377543985,0.00029283101321198046,True
229,46,458.0,-0.04894854195299558,0.0,0.04894854195299558,0.04894854195299558,1.0,876.0,12.0,14.88938890534444,5.253761794301681,7.831925926463741,1.803701184579018,-0.0015030843204825151,0.003589075990021229,True
230,46,460.0,-0.04137661654385738,0.0,0.04137661654385738,0.04137661654385738,1.0,876.0,12.0,14.173820728239125,4.894854195299558,7.843101392663045,1.4358651402765235,-0.0011965542835637695,0.007571925409138203,True
231,47,462.0,-0.05319918572786264,0.0,0.05319918572786264,0.05319918572786264,2.0,7.0,11.0,10.90904354828839,2.068830827192869,8.434195914718153,0.40601680637736853,-0.0007382123752315791,-0.01182256918400526,True
232,47,464.0,-0.028876813797978684,0.0,0.028876813797978684,0.028876813797978684,2.0,7.0,11.0,12.517016103913639,2.659959286393132,9.194184282259057,0.6628725352614517,-0.0012052227913844577,0.024322371929883957,True
233,47,466.0,-0.05702139876666479,0.0,0.05702139876666479,0.05702139876666479,2.0,7.0,11.0,11.042089315785097,1.4438406898989342,9.606710193658758,-0.008461567772597458,1.5384668677449922e-05,-0.028144584968686104,True
234,47,468.0,-0.0559107324515935,0.0,0.0559107324515935,0.0559107324515935,2.0,7.0,11.0,13.96838232554058,2.8510699383332394,10.421301604611118,0.6960107825962246,-0.001265474150174954,0.0011106663150712848,True
235,47,470.0,-0.047526082809781656,0.0,0.047526082809781656,0.047526082809781656,2.0,7.0,11.0,14.617412970860865,2.795536622579675,11.220026353919595,0.6018499943615974,-0.001094272717021086,0.008384649641811848,True
236,48,472.0,-0.0038330953975673765,0.0,0.0038330953975673765,0.0038330953975673765,2.0,3.0,6.0,15.363156074318058,2.376304140489083,12.804229114245652,0.18262281958332213,-0.0006087427319444071,0.04369298741221428,True
237,48,474.0,-0.015749329555546865,0.0,0.015749329555546865,0.015749329555546865,2.0,3.0,6.0,12.692999950846055,0.19165476987836882,12.931998960831232,-0.4306537798635459,0.001435512599545153,-0.011916234157979488,True
238,48,476.0,0.01484145424910821,0.0,-0.01484145424910821,0.01484145424910821,2.0,3.0,6.0,14.01737495131385,0.7874664777773432,13.456976612682785,-0.22706813914628132,0.0007568937971542711,0.030590783804655075,True
239,48,478.0,-0.008363220695173368,0.0,0.008363220695173368,0.008363220695173368,2.0,3.0,6.0,10.606687586211626,-0.7420727124554105,11.971345556716011,-0.6225852580489758,0.002075284193496586,-0.023204674944281578,True
240,48,480.0,-0.012224151607370004,0.0,0.012224151607370004,0.012224151607370004,2.0,3.0,6.0,12.421533598205258,0.4181610347586684,12.250119579888457,-0.24674701644186778,0.0008224900548062259,-0.003860930912196636,True
241,49,482.0,-0.01768134333542548,0.0,0.01768134333542548,0.01768134333542548,1.0,553.0,8.0,13.022136853723145,1.2224151607370004,12.254540611211183,-0.4548189182250402,0.0005685236477813003,-0.005457191728055477,True
242,49,484.0,-0.007513371150707826,0.0,0.007513371150707826,0.007513371150707826,1.0,553.0,8.0,13.816093285126065,1.7681343335425481,12.260935310428334,-0.2129763588448145,0.00026622044855601813,0.010167972184717655,True
243,49,486.0,-0.0022856554423924536,0.0,0.0022856554423924536,0.0022856554423924536,1.0,553.0,8.0,12.452558069319288,0.7513371150707826,12.263652623683575,-0.5624316694350695,0.0007030395867938369,0.0052277157083153725,True
244,49,488.0,0.001353905681753531,0.0,-0.001353905681753531,0.001353905681753531,1.0,553.0,8.0,11.794150805010323,0.22856554423924536,12.264479262179922,-0.6988940014088442,0.0008736175017610552,0.0036395611241459846,True
245,49,490.0,-0.005368677753722295,0.0,0.005368677753722295,0.005368677753722295,1.0,553.0,8.0,11.363034218442754,-0.1353905681753531,12.2630088163108,-0.7645840296926909,0.0009557300371158637,-0.006722583435475826,True
246,50,492.0,0.012150509428465739,0.0,-0.012150509428465739,0.012150509428465739,2.0,863.0,9.0,12.280528538752707,0.26843388768611476,12.263630911067896,-0.25153626000130513,0.0005589694666695669,0.017519187182188034,True
247,50,494.0,0.004014565754914656,0.0,-0.004014565754914656,0.004014565754914656,2.0,863.0,9.0,11.065962287772695,-0.607525471423287,12.259402867464003,-0.5859151082680216,0.001302033573928937,-0.008135943673551083,True
248,50,496.0,0.004166096521657892,0.0,-0.004166096521657892,0.004166096521657892,2.0,863.0,9.0,11.693681666623604,-0.20072828774573281,12.258005908829261,-0.36359595445992515,0.0008079910099109448,0.0001515307667432353,True
249,50,498.0,0.008696706107002683,0.0,-0.008696706107002683,0.008696706107002683,2.0,863.0,9.0,11.716238968804591,-0.20830482608289458,12.256556221649046,-0.3320124267615586,0.0007378053928034636,0.004530609585344791,True
250,50,500.0,0.0049077440780820325,0.0,-0.0049077440780820325,0.0049077440780820325,2.0,863.0,9.0,11.425674558923332,-0.43483530535013415,12.253530006752678,-0.39302014247921097,0.0008733780943982467,-0.0037889620289206505,True
251,51,502.0,0.028256235716980882,0.0,-0.028256235716980882,0.028256235716980882,2.0,781.0,7.0,11.790015571385792,-0.24538720390410163,12.251642942706015,-0.2162401674161208,0.0006178290497603451,0.02334849163889885,True
252,51,504.0,0.02152412671421189,0.0,-0.02152412671421189,0.02152412671421189,2.0,781.0,7.0,10.260873323660306,-1.412811785849044,12.240778210220526,-0.5670931007111755,0.0016202660020319297,-0.006732109002768993,True
253,51,506.0,0.014822825862211175,0.0,-0.014822825862211175,0.014822825862211175,2.0,781.0,7.0,10.75040675917569,-1.0762063357105944,12.23250202364438,-0.40588892875809623,0.0011596826535945606,-0.006701300852000713,True
254,51,508.0,0.01002144168887753,0.0,-0.01002144168887753,0.01002144168887753,2.0,781.0,7.0,11.22510913365325,-0.7411412931105588,12.226802537014786,-0.26055211025097746,0.0007444346007170785,-0.004801384173333645,True
255,51,510.0,0.011600883633946069,0.0,-0.011600883633946069,0.011600883633946069,2.0,781.0,7.0,11.56257011271936,-0.5010720844438765,12.222949218258572,-0.15930702109533476,0.0004551629174152422,0.0015794419450685382,True
256,52,512.0,0.00410839072719682,0.0,-0.00410839072719682,0.00410839072719682,2.0,781.0,7.0,11.46920431793496,-0.5800441816973034,12.218488592344324,-0.1692400927120596,0.00048354312203445596,-0.0074924929067492485,True
257,52,514.0,0.006322443441604264,0.0,-0.006322443441604264,0.006322443441604264,2.0,781.0,7.0,11.977600307405961,-0.205419536359841,12.216908885597688,-0.033889041831885916,9.682583380538832e-05,0.002214052714407444,True
258,52,516.0,0.005807072753668763,0.0,-0.005807072753668763,0.005807072753668763,2.0,781.0,7.0,11.832473206597701,-0.3161221720802132,12.214477859139105,-0.06588248046119213,0.00018823565846054897,-0.0005153706879355013,True
259,52,518.0,0.00185145613795612,0.0,-0.00185145613795612,0.00185145613795612,2.0,781.0,7.0,11.87049304510197,-0.29035363768343814,12.212244996537569,-0.051398313752160606,0.00014685232500617315,-0.003955616615712643,True
260,52,520.0,0.010447352091432549,0.0,-0.010447352091432549,0.010447352091432549,2.0,781.0,7.0,12.135399625971154,-0.092572806897806,12.211533097902194,0.016439334966765876,-4.696952847647394e-05,0.008595895953476429,True
261,53,522.0,0.0004947743291268125,0.0,-0.0004947743291268125,0.0004947743291268125,1.0,934.0,8.0,10.88147060656329,-1.044735209143255,12.204815018736447,-0.27860920302990105,0.00034826150378737634,-0.009952577762305737,True
262,53,524.0,0.007449881071806885,0.0,-0.007449881071806885,0.007449881071806885,1.0,934.0,8.0,12.264924556179658,-0.04947743291268125,12.204496858394654,0.10990513069768536,-0.0001373814133721067,0.006955106742680073,True
263,53,526.0,0.0076014192891307175,0.0,-0.0076014192891307175,0.0076014192891307175,1.0,934.0,8.0,11.30120834905591,-0.7449881071806885,12.199706276974819,-0.15350982073822106,0.00019188727592277634,0.00015153821732383221,True
264,53,528.0,0.00730021923664026,0.0,-0.00730021923664026,0.00730021923664026,1.0,934.0,8.0,11.290298851874532,-0.7601419289130718,12.194818250218436,-0.14437746943083324,0.00018047183678854154,-0.0003012000524904579,True
265,53,530.0,0.007810201175743714,0.0,-0.007810201175743714,0.007810201175743714,1.0,934.0,8.0,11.340450128465623,-0.730021923664026,12.190123907543882,-0.11965185541423248,0.0001495648192677906,0.0005099819391034544,True
266,54,532.0,0.002868302777642384,0.0,-0.002868302777642384,0.002868302777642384,1.0,892.0,10.0,11.24536446601199,-0.7810201175743714,12.184865150237878,-0.1584805666515178,0.0001584805666515178,-0.00494189839810133,True
267,54,534.0,0.0004065312969032675,0.0,-0.0004065312969032675,0.0004065312969032675,1.0,892.0,10.0,11.977388301670661,-0.2868302777642384,12.182933867310798,0.08128471212410215,-8.128471212410216e-05,-0.0024617714807391167,True
268,54,536.0,0.003503507614368573,0.0,-0.003503507614368573,0.003503507614368573,1.0,892.0,10.0,12.327444762638716,-0.04065312969032675,12.182660142040513,0.18543775028853138,-0.00018543775028853138,0.0030969763174653053,True
269,54,538.0,0.00016277251415885985,0.0,-0.00016277251415885985,0.00016277251415885985,1.0,892.0,10.0,11.856917563953393,-0.3503507614368573,12.180301163590517,0.02696716179973346,-2.6967161799733457e-05,-0.003340735100209713,True
270,54,540.0,0.0018692431331146508,0.0,-0.0018692431331146508,0.0018692431331146508,1.0,892.0,10.0,12.340171603258087,-0.016277251415885985,12.18019156575446,0.17625728891951048,-0.0001762572889195105,0.001706470618955791,True
271,55,542.0,-0.0016522542282473296,0.0,0.0016522542282473296,0.0016522542282473296,1.0,947.0,12.0,12.09032787442371,-0.18692431331146508,12.179006065703335,0.09824612203184005,-8.18717683598667e-05,-0.0035214973613619804,True
272,55,544.0,-0.002795187378069386,0.0,0.002795187378069386,0.002795187378069386,1.0,947.0,12.0,12.625550387664886,0.16522542282473296,12.179355010630093,0.2809699542100578,-0.0002341416285083815,-0.0011429331498220563,True
273,55,546.0,0.0003888936771545559,0.0,-0.0003888936771545559,0.0003888936771545559,1.0,947.0,12.0,12.775978728125445,0.2795187378069386,12.179945335313953,0.3165146550045557,-0.0002637622125037964,0.003184081055223942,True
274,55,548.0,-0.0005729493277613074,0.0,0.0005729493277613074,0.0005729493277613074,1.0,947.0,12.0,12.253442166160543,-0.03888936771545559,12.179698693522962,0.11263284035303651,-9.386070029419709e-05,-0.0009618430049158633,True
275,55,550.0,-0.0014788869011681527,0.0,0.0014788869011681527,0.0014788869011681527,1.0,947.0,12.0,12.391471412566196,0.057294932776130736,12.179819696548893,0.1543567832411715,-0.00012863065270097624,-0.0009059375734068453,True
276,56,552.0,0.005682541319401935,0.0,-0.005682541319401935,0.005682541319401935,1.0,924.0,12.0,12.517079584924955,0.14788869011681527,12.180139801938756,0.1890510928693843,-0.00015754257739115357,0.007161428220570087,True
277,56,554.0,0.0015188672405201942,0.0,-0.0015188672405201942,0.0015188672405201942,1.0,924.0,12.0,11.388558175847988,-0.5682541319401935,12.176446146387477,-0.21963383859929334,0.00018302819883274444,-0.004163674078881741,True
278,56,556.0,0.0016796069248812273,0.0,-0.0016796069248812273,0.0016796069248812273,1.0,924.0,12.0,12.052014907022237,-0.15188672405201942,12.175458881693867,0.0284427493803881,-2.370229115032342e-05,0.00016073968436103314,True
279,56,558.0,0.007930849867989309,0.0,-0.007930849867989309,0.007930849867989309,1.0,924.0,12.0,12.023367803358841,-0.16796069248812273,12.174367136100939,0.016961359746025487,-1.413446645502124e-05,0.006251242943108082,True
280,56,560.0,0.0028772300138371065,0.0,-0.0028772300138371065,0.0028772300138371065,1.0,924.0,12.0,11.05046911565469,-0.7930849867989309,12.169212078531677,-0.3256579760780566,0.0002713816467317138,-0.005053619854152203,True
281,57,562.0,-0.0018993288249475881,0.0,0.0018993288249475881,0.0018993288249475881,1.0,1000.0,15.0,11.856108748446575,-0.28772300138371065,12.167484012457303,-0.023652262627017986,1.5768175084678657e-05,-0.004776558838784695,True
282,57,564.0,0.009116560409893282,0.0,-0.009116560409893282,0.009116560409893282,1.0,1000.0,15.0,12.662098554344823,0.18993288249475881,12.167863878222285,0.3043017936277785,-0.000202867862418519,0.01101588923484087,True
283,57,566.0,-0.0008689861715538427,0.0,0.0008689861715538427,0.0008689861715538427,1.0,1000.0,15.0,10.774869666650769,-0.9116560409893282,12.162388466564684,-0.47586275892458585,0.00031724183928305723,-0.009985546581447124,True
284,57,568.0,0.0026038048818008974,0.0,-0.0026038048818008974,0.0026038048818008974,1.0,1000.0,15.0,12.499872107047294,0.08689861715538427,12.162562263798982,0.2504112260929276,-0.00016694081739528505,0.00347279105335474,True
285,57,570.0,0.004223848765832372,0.0,-0.004223848765832372,0.004223848765832372,1.0,1000.0,15.0,11.890344318495723,-0.26038048818008974,12.160998417023128,-0.010273610347315118,6.849073564876745e-06,0.0016200438840314746,True
286,58,572.0,0.0002431572211207822,0.0,-0.0002431572211207822,0.0002431572211207822,1.0,972.0,14.0,11.624228462360783,-0.4223848765832372,12.158388493046163,-0.11177515410214203,7.98393957872443e-05,-0.00398069154471159,True
287,58,574.0,-0.0006520179886138067,0.0,0.0006520179886138067,0.0006520179886138067,1.0,972.0,14.0,12.286144492832818,-0.02431572211207822,12.158238245748782,0.1522219691961145,-0.00010872997799722464,-0.0008951752097345889,True
288,58,576.0,0.003582960009225644,0.0,-0.003582960009225644,0.003582960009225644,1.0,972.0,14.0,12.418245583653025,0.06520179886138067,12.158372405828743,0.19467137896290113,-0.0001390509849735008,0.004234977997839451,True
289,58,578.0,-0.003411595695069991,0.0,0.003411595695069991,0.003411595695069991,1.0,972.0,14.0,11.704446283390501,-0.3582960009225644,12.156158488201713,-0.09341620388864699,6.672585992046214e-05,-0.006994555704295635,True
290,58,580.0,-0.004842903566895984,0.0,0.004842903566895984,0.004842903566895984,1.0,972.0,14.0,12.858654843154813,0.3411595695069991,12.15686046262458,0.36063481102323264,-0.0002575962935880233,-0.001431307871825993,True
291,59,582.0,0.004625123823643662,0.0,-0.004625123823643662,0.004625123823643662,1.0,965.0,13.0,13.029669492220494,0.4842903566895984,12.157864173208393,0.38751496232250304,-0.0002980884325557716,0.009468027390539646,True
292,59,584.0,-0.006414624032913707,0.0,0.006414624032913707,0.006414624032913707,1.0,965.0,13.0,11.483508718612372,-0.4625123823643662,12.15498556994794,-0.20896446897120213,0.00016074189920861702,-0.01103974785655737,True
293,59,586.0,-0.0033145147463073954,0.0,0.0033145147463073954,0.0033145147463073954,1.0,965.0,13.0,13.261141613216356,0.6414624032913707,12.15631502570606,0.46336418421892506,-0.0003564339878607116,0.003100109286606312,True
294,59,588.0,-0.002074491450912319,0.0,0.002074491450912319,0.002074491450912319,1.0,965.0,13.0,12.724416098608524,0.33145147463073954,12.157001971767484,0.2359626522102998,-0.00018150973246946139,0.0012400232953950763,True
295,59,590.0,-0.007222484084195457,0.0,0.007222484084195457,0.007222484084195457,1.0,965.0,13.0,12.50505598008766,0.2074491450912319,12.157431918182176,0.14017491681425043,-0.00010782685908788493,-0.005147992633283138,True
296,60,592.0,-0.008402349762036465,0.0,0.008402349762036465,0.008402349762036465,1.0,897.0,13.0,13.312315822681263,0.7222484084195457,12.159042282526467,0.43102513173525064,-0.0003315577936425005,-0.0011798656778410077,True
297,60,594.0,1.404680369887501e-05,0.0,-1.404680369887501e-05,1.404680369887501e-05,1.0,897.0,13.0,13.460784891248586,0.8402349762036465,12.16091571614118,0.4596341989037609,-0.0003535647683875084,0.00841639656573534,True
298,60,596.0,-0.010225393212749623,0.0,0.010225393212749623,0.010225393212749623,1.0,897.0,13.0,12.077923267481193,-0.001404680369887501,12.160906310880609,-0.08157836302952938,6.275258694579183e-05,-0.010239440016448498,True
299,60,598.0,-0.008028894066228531,0.0,0.008028894066228531,0.008028894066228531,1.0,897.0,13.0,13.717030214689341,1.0225393212749623,12.1631862201811,0.531304673233278,-0.0004086959024871369,0.0021964991465210915,True
300,60,600.0,-0.003566587678506039,0.0,0.003566587678506039,0.003566587678506039,1.0,897.0,13.0,13.31868710641038,0.8028894066228531,12.164976386082143,0.3508213137053825,-0.0002698625490041404,0.004462306387722492,True
301,61,602.0,-0.010222406461252831,0.0,0.010222406461252831,0.010222406461252831,1.0,1000.0,13.0,12.576004411972704,0.3566587678506039,12.165689703617849,0.05365594050425241,-4.127380038788647e-05,-0.006655818782746792,True
302,61,604.0,-0.010635126804118045,0.0,0.010635126804118045,0.010635126804118045,1.0,1000.0,13.0,13.631839213093569,1.022240646125283,12.167734184910111,0.4418643820581744,-0.000339895678506288,-0.00041272034286521375,True
303,61,606.0,-0.001990656790439971,0.0,0.001990656790439971,0.001990656790439971,1.0,1000.0,13.0,13.657478815012519,1.0635126804118045,12.169861210270927,0.42410492432978814,-0.0003262345571767601,0.008644470013678074,True
304,61,608.0,-0.010022549380664714,0.0,0.010022549380664714,0.010022549380664714,1.0,1000.0,13.0,12.24212846729294,0.19906567904399708,12.170259341629002,-0.12719655338006022,9.784350260004632e-05,-0.008031892590224743,True
305,61,610.0,-0.008829282203805633,0.0,0.008829282203805633,0.008829282203805633,1.0,1000.0,13.0,13.53410140797868,1.0022549380664714,12.172263851505145,0.3595826184070632,-0.00027660201415927936,0.0011932671768590808,True
306,62,612.0,-0.0040092883427860215,0.0,0.0040092883427860215,0.0040092883427860215,1.0,966.0,14.0,13.33138335105577,0.8829282203805633,12.174091860242997,0.27436327043220915,-0.00019597376459443513,0.004819993861019611,True
307,62,614.0,-0.009925227219355293,0.0,0.009925227219355293,0.009925227219355293,1.0,966.0,14.0,12.51729373279174,0.40092883427860215,12.174921940645216,-0.05855704213207824,4.1826458665770175e-05,-0.005915938876569271,True
308,62,616.0,-0.010854131207452156,0.0,0.010854131207452156,0.010854131207452156,1.0,966.0,14.0,13.493024162136027,0.9925227219355293,12.176976853112986,0.3235245870875131,-0.00023108899077679506,-0.000928903988096863,True
309,62,618.0,-0.0019546166440704837,0.0,0.0019546166440704837,0.0019546166440704837,1.0,966.0,14.0,13.616417259501237,1.0854131207452156,12.179224085247032,0.35178005350898983,-0.0002512714667921356,0.008899514563381672,True
310,62,620.0,-0.012129475027904846,0.0,0.012129475027904846,0.012129475027904846,1.0,966.0,14.0,12.126940898020852,0.19546166440704837,12.179628767782042,-0.24814953416823796,0.00017724966726302712,-0.010174858383834362,True
311,63,622.0,-0.0090040151408175,0.0,0.0090040151408175,0.0090040151408175,1.0,991.0,13.0,13.787864571969068,1.2129475027904846,12.1820766941247,0.392840375053884,-0.00030218490388760305,0.003125459887087345,True
312,63,624.0,-0.005733783022151329,0.0,0.005733783022151329,0.005733783022151329,1.0,991.0,13.0,13.254963343266807,0.9004015140817501,12.183893851569882,0.170667977615173,-0.00013128305970397922,0.003270232118666172,True
313,63,626.0,-0.011727841236279346,0.0,0.011727841236279346,0.011727841236279346,1.0,991.0,13.0,12.719562485639328,0.5733783022151329,12.185051022714621,-0.03886683929042834,2.9897568684944877e-05,-0.005994058214128017,True
314,63,628.0,-0.013135631350451149,0.0,0.013135631350451149,0.013135631350451149,1.0,991.0,13.0,13.679262477511447,1.1727841236279346,12.18741789279258,0.31906046109093417,-0.0002454311239161032,-0.001407790114171803,True
315,63,630.0,-0.004625335117452778,0.0,0.004625335117452778,0.004625335117452778,1.0,991.0,13.0,13.875451027742194,1.313563135045115,12.190068877928905,0.3718190147681743,-0.0002860146267447495,0.008510296232998371,True
316,64,632.0,-0.01270314936118666,0.0,0.01270314936118666,0.01270314936118666,1.0,1000.0,12.0,12.499774304846664,0.4625335117452778,12.190993944952389,-0.15375315185100186,0.00012812762654250154,-0.008077814243733883,True
317,64,634.0,-0.01273819976267987,0.0,0.01273819976267987,0.01273819976267987,1.0,1000.0,12.0,13.76540252237909,1.270314936118666,12.193534574824621,0.30155301143580204,-0.0002512941761965017,-3.505040149320848e-05,True
318,64,636.0,-0.006344863071717555,0.0,0.006344863071717555,0.006344863071717555,1.0,1000.0,12.0,13.744602183067645,1.273819976267987,12.19608221477715,0.27469999202251005,-0.00022891666001875839,0.006393336690962315,True
319,64,638.0,-0.013913668550230796,0.0,0.013913668550230796,0.013913668550230796,1.0,1000.0,12.0,12.731581461178546,0.6344863071717555,12.197351187391497,-0.10025603338470715,8.354669448725595e-05,-0.007568805478513241,True
320,64,640.0,-0.014398316798178712,0.0,0.014398316798178712,0.014398316798178712,1.0,1000.0,12.0,13.913681731223482,1.3913668550230796,12.200133921101541,0.32218095509886063,-0.0002684841292490505,-0.0004846482479479164,True
321,65,642.0,-0.006437664796976605,0.0,0.006437664796976605,0.006437664796976605,1.0,984.0,12.0,13.960777615958047,1.4398316798178712,12.20306040825565,0.31788552788452634,-0.0002649046065704386,0.007960652001202106,True
322,65,644.0,-0.015587766600219766,0.0,0.015587766600219766,0.015587766600219766,1.0,984.0,12.0,12.701449339669606,0.6437664796976605,12.20436887671032,-0.1466860167383724,0.00012223834728197698,-0.00915010180324316,True
323,65,646.0,-0.01521519202287891,0.0,0.01521519202287891,0.01521519202287891,1.0,984.0,12.0,14.13275241483713,1.5587766600219766,12.207537121954253,0.366438632860898,-0.00030536552738408165,0.0003725745773408562,True
324,65,648.0,-0.007972828145284439,0.0,0.007972828145284439,0.007972828145284439,1.0,984.0,12.0,14.043309360015702,1.521519202287891,12.210629640658095,0.3111605170697169,-0.00025930043089143073,0.007242363877594471,True
325,65,650.0,-0.016939038443524623,0.0,0.016939038443524623,0.016939038443524623,1.0,984.0,12.0,12.895945585422474,0.7972828145284439,12.212250134183545,-0.1135873632895142,9.465613607459518e-05,-0.008966210298240185,True
326,66,652.0,-0.009937149505276466,0.0,0.009937149505276466,0.009937149505276466,1.0,997.0,9.0,14.199313621374953,1.6939038443524623,12.215648135877345,0.28976164114514646,-0.0003219573790501627,0.0070018889382481575,True
327,66,654.0,-0.010963581651594723,0.0,0.010963581651594723,0.010963581651594723,1.0,997.0,9.0,13.187016411197805,0.9937149505276466,12.217641546008807,-0.024340085338647465,2.704453926516385e-05,-0.0010264321463182569,True
328,66,656.0,-0.014750215374078834,0.0,0.014750215374078834,0.014750215374078834,1.0,997.0,9.0,13.33617415373447,1.0963581651594723,12.21984086028195,0.01997512829304874,-2.2194586992276378e-05,-0.003786633722484112,True
329,66,658.0,-0.017399514243152225,0.0,0.017399514243152225,0.017399514243152225,1.0,997.0,9.0,13.870809907083093,1.4750215374078834,12.222799780116267,0.17298858955894178,-0.00019220954395437974,-0.002649298869073391,True
330,66,660.0,-0.008087047524895752,0.0,0.008087047524895752,0.008087047524895752,1.0,997.0,9.0,14.231117068987947,1.7399514243152225,12.226290154086811,0.2648754905859147,-0.0002943061006510163,0.009312466718256474,True
331,67,662.0,-0.016248159259703243,0.0,0.016248159259703243,0.016248159259703243,1.0,945.0,8.0,12.911032860364969,0.8087047524895752,12.228001698536534,-0.12567359066113923,0.00015709198832642403,-0.008161111734807491,True
332,67,664.0,-0.015495545438170666,0.0,0.015495545438170666,0.015495545438170666,1.0,945.0,8.0,14.039359774572539,1.6248159259703243,12.231440462401027,0.18310338620118724,-0.00022887923275148405,0.0007526138215325773,True
333,67,666.0,-0.012200823261082405,0.0,0.012200823261082405,0.012200823261082405,1.0,945.0,8.0,13.922541986129474,1.5495545438170666,12.234719942917039,0.13826749939536878,-0.00017283437424421097,0.0032947221770882607,True
334,67,668.0,-0.017455865836382145,0.0,0.017455865836382145,0.017455865836382145,1.0,945.0,8.0,13.462645990977872,1.2200823261082405,12.237302127734202,0.00526153713543009,-6.576921419287613e-06,-0.00525504257529974,True
335,67,670.0,-0.019784972279012436,0.0,0.019784972279012436,0.019784972279012436,1.0,945.0,8.0,14.182448910636131,1.7455865836382145,12.24099649087419,0.19586583612372604,-0.00024483229515465755,-0.002329106442630291,True
336,68,672.0,-0.014356269708514446,0.0,0.014356269708514446,0.014356269708514446,1.0,946.0,9.0,14.518295139054391,1.9784972279012436,12.245179360277787,0.29461855087536215,-0.0003273539454170691,0.00542870257049799,True
337,68,674.0,-0.021177834107220406,0.0,0.021177834107220406,0.021177834107220406,1.0,946.0,9.0,13.728257260051963,1.4356269708514446,12.248214512436029,0.04441577676448891,-4.935086307165434e-05,-0.006821564398705959,True
338,68,676.0,-0.021773648713860894,0.0,0.021773648713860894,0.021773648713860894,1.0,946.0,9.0,14.68973830308104,2.1177834107220406,12.252691855799064,0.3192630365599345,-0.0003547367072888161,-0.0005958146066404879,True
339,68,678.0,-0.01513023328516283,0.0,0.01513023328516283,0.01513023328516283,1.0,946.0,9.0,14.747844710534357,2.1773648713860894,12.257295164195225,0.31318467495304403,-0.00034798297217004893,0.006643415428698063,True
340,68,680.0,-0.021889607687626267,0.0,0.021889607687626267,0.021889607687626267,1.0,946.0,9.0,13.785031789668553,1.513023328516283,12.260493945016615,0.01151451613565542,-1.2793906817394911e-05,-0.006759374402463436,True
341,69,682.0,-0.022592040102608735,0.0,0.022592040102608735,0.022592040102608735,1.0,954.0,9.0,14.740999622344683,2.1889607687626267,12.265082961303337,0.28695589227871915,-0.00031883988030968795,-0.0007024324149824679,True
342,69,684.0,-0.015567397091217572,0.0,0.015567397091217572,0.015567397091217572,1.0,954.0,9.0,14.817344493126058,2.2592040102608735,12.269819238054408,0.28832124481077676,-0.00032035693867864083,0.007024643011391163,True
343,69,686.0,-0.02240891787005239,0.0,0.02240891787005239,0.02240891787005239,1.0,954.0,9.0,13.803248554114553,1.5567397091217572,12.273082843314615,-0.02657399832181857,2.9526664802020635e-05,-0.00684152077883482,True
344,69,688.0,-0.022661733852146426,0.0,0.022661733852146426,0.022661733852146426,1.0,954.0,9.0,14.774533914748158,2.240891787005239,12.277780729660526,0.2558613980823931,-0.0002842904423137701,-0.00025281598209403455,True
345,69,690.0,-0.015221620389638701,0.0,0.015221620389638701,0.015221620389638701,1.0,954.0,9.0,14.790503120169937,2.2661733852146426,12.282531617260545,0.24179811769475054,-0.0002686645752163895,0.007440113462507725,True
346,70,692.0,-0.018538979293225566,0.0,0.018538979293225566,0.018538979293225566,1.0,830.0,6.0,13.751256818571122,1.5221620389638701,12.286199477595389,-0.05710469798813699,9.517449664689499e-05,-0.0033173589035868645,True
347,70,694.0,-0.019343384079547832,0.0,0.019343384079547832,0.019343384079547832,1.0,830.0,6.0,14.183387051144416,1.8538979293225566,12.290666701521468,0.038822420300391125,-6.470403383398521e-05,-0.0008044047863222659,True
348,70,696.0,-0.015466685876162956,0.0,0.015466685876162956,0.015466685876162956,1.0,830.0,6.0,14.286725223604272,1.9343384079547832,12.295327757926172,0.05705905772331527,-9.509842953885878e-05,0.0038766982033848763,True
349,70,698.0,-0.021716768391343066,0.0,0.021716768391343066,0.021716768391343066,1.0,830.0,6.0,13.791603746036685,1.5466685876162956,12.299054670185477,-0.054119511765087905,9.01991862751465e-05,-0.006250082515180111,True
350,70,700.0,-0.022941471663216362,0.0,0.022941471663216362,0.022941471663216362,1.0,830.0,6.0,14.597476437651133,2.1716768391343066,12.304287626424365,0.12151197209246076,-0.0002025199534874346,-0.0012247032718732953,True
351,71,702.0,-0.018970508714119205,0.0,0.018970508714119205,0.018970508714119205,1.0,840.0,7.0,14.771108851263678,2.294147166321636,12.309749881582272,0.16721180335977065,-0.00023887400479967235,0.0039709629490971565,True
352,71,704.0,-0.024167734783986816,0.0,0.024167734783986816,0.024167734783986816,1.0,840.0,7.0,14.236221186489187,1.8970508714119205,12.314266669371337,0.024903645705930073,-3.557663672275725e-05,-0.005197226069867611,True
353,71,706.0,-0.02333400649149553,0.0,0.02333400649149553,0.02333400649149553,1.0,840.0,7.0,14.92470064109008,2.4167734783986816,12.320020891938965,0.1879062707524341,-0.00026843752964633445,0.000833728292491287,True
354,71,708.0,-0.01878384285737411,0.0,0.01878384285737411,0.01878384285737411,1.0,840.0,7.0,14.8024296133366,2.333400649149553,12.325576607770266,0.14345235641677795,-0.00020493193773825423,0.004550163634121418,True
355,71,710.0,-0.024635956335259834,0.0,0.024635956335259834,0.024635956335259834,1.0,840.0,7.0,14.193413400508334,1.8783842857374111,12.330048951307749,-0.015019836536824292,2.1456909338320415e-05,-0.005852113477885723,True
356,72,712.0,-0.025345962265419075,0.0,0.025345962265419075,0.025345962265419075,1.0,867.0,7.0,14.971957514617488,2.4635956335259834,12.33573198621783,0.1726298948736736,-0.00024661413553381945,-0.000710005930159241,True
357,72,714.0,-0.01842125389157445,0.0,0.01842125389157445,0.01842125389157445,1.0,867.0,7.0,15.054930566110325,2.5345962265419075,12.341578805656212,0.17875553391220575,-0.0002553650484460082,0.0069247083738446236,True
358,72,716.0,-0.0252869294527045,0.0,0.0252869294527045,0.0252869294527045,1.0,867.0,7.0,14.12931027917418,1.8421253891574452,12.345828229852652,-0.05864333983591777,8.377619976559681e-05,-0.006865675561130047,True
359,72,718.0,-0.025206942893419182,0.0,0.025206942893419182,0.025206942893419182,1.0,867.0,7.0,15.045774014452249,2.52869294527045,12.35166143157183,0.16541963760996664,-0.00023631376801423807,7.998655928531662e-05,True
360,72,720.0,-0.018039174228761112,0.0,0.018039174228761112,0.018039174228761112,1.0,867.0,7.0,15.025265599275484,2.520694289341918,12.357476181950943,0.14709512798262103,-0.00021013589711803003,0.00716776866465807,True
361,73,722.0,-0.02234197299912921,0.0,0.02234197299912921,0.02234197299912921,1.0,838.0,5.0,14.09782892033698,1.8039174228761112,12.361781474129652,-0.06786997666878417,0.00013573995333756832,-0.004302798770368099,True
362,73,724.0,-0.023664990407269215,0.0,0.023664990407269215,0.023664990407269215,1.0,838.0,5.0,14.637713006088532,2.234197299912921,12.367113687255943,0.0364020189196684,-7.28040378393368e-05,-0.0013230174081400037,True
363,73,726.0,-0.01659666091654799,0.0,0.01659666091654799,0.01659666091654799,1.0,838.0,5.0,14.80226108389154,2.3664990407269215,12.372761656326903,0.06300038683771633,-0.00012600077367543267,0.007068329490721226,True
364,73,728.0,-0.02431192990843556,0.0,0.02431192990843556,0.02431192990843556,1.0,838.0,5.0,13.932724174716194,1.659666091654799,12.376722673252083,-0.10366459019068837,0.00020732918038137674,-0.007715268991887569,True
365,73,730.0,-0.025103732037678128,0.0,0.025103732037678128,0.025103732037678128,1.0,838.0,5.0,14.895301587126522,2.431192990843556,12.382525043158632,0.08158355312433317,-0.00016316710624866634,-0.0007918021292425692,True
366,74,732.0,-0.01729969124062336,0.0,0.01729969124062336,0.01729969124062336,1.0,890.0,5.0,14.990337668792492,2.510373203767813,12.388166331256983,0.09179813376769437,-0.00018359626753538874,0.007804040797054768,True
367,74,734.0,-0.024922062668338185,0.0,0.024922062668338185,0.024922062668338185,1.0,890.0,5.0,14.027687266353345,1.729969124062336,12.392053902322298,-0.09433576003128913,0.00018867152006257824,-0.007622371427714825,True
368,74,736.0,-0.024794597276923014,0.0,0.024794597276923014,0.024794597276923014,1.0,890.0,5.0,14.977771683278473,2.4922062668338185,12.397654365843264,0.08791105060139222,-0.00017582210120278445,0.00012746539141517133,True
369,74,738.0,-0.016146778227266623,0.0,0.016146778227266623,0.016146778227266623,1.0,890.0,5.0,14.959314021885836,2.4794597276923014,12.403226185456068,0.0766281087374673,-0.0001532562174749346,0.008647819049656391,True
370,74,740.0,-0.024538604640838457,0.0,0.024538604640838457,0.024538604640838457,1.0,890.0,5.0,13.89429561696883,1.6146778227266623,12.406854674945327,-0.1272368807031591,0.0002544737614063182,-0.008391826413571835,True
371,75,742.0,-0.02562445889270748,0.0,0.02562445889270748,0.02562445889270748,1.0,910.0,5.0,14.941745461439021,2.4538604640838457,12.412247774866392,0.07563722248878373,-0.00015127444497756745,-0.0010858542518690228,True
372,75,744.0,-0.015356283849541796,0.0,0.015356283849541796,0.015356283849541796,1.0,910.0,5.0,15.073427917312877,2.562445889270748,12.417879524073594,0.09310250396853519,-0.00018620500793707038,0.010268175043165684,True
373,75,746.0,-0.02491434591865982,0.0,0.02491434591865982,0.02491434591865982,1.0,910.0,5.0,13.807720026408996,1.5356283849541796,12.42125453151306,-0.14916289005824285,0.00029832578011648573,-0.009558062069118023,True
374,75,748.0,-0.026207907456409885,0.0,0.026207907456409885,0.026207907456409885,1.0,910.0,5.0,15.000474789654328,2.491434591865982,12.426730211934755,0.08230998585359126,-0.0001646199717071825,-0.0012935615377500653,True
375,75,750.0,-0.014813759695243789,0.0,0.014813759695243789,0.014813759695243789,1.0,910.0,5.0,15.157140652365616,2.6207907456409885,12.43249019159552,0.10385971512910913,-0.00020771943025821825,0.011394147761166096,True
376,76,752.0,-0.02345152604902978,0.0,0.02345152604902978,0.02345152604902978,1.0,931.0,4.0,13.785029347807814,1.4813759695243789,12.435672524505348,-0.132019146221912,0.00033004786555477996,-0.008637766353785992,True
377,76,754.0,-0.025906040664267493,0.0,0.025906040664267493,0.025906040664267493,1.0,931.0,4.0,14.82349873528676,2.345152604902978,12.440710446320402,0.0376356840633801,-9.408921015845025e-05,-0.002454514615237713,True
378,76,756.0,-0.013278065580379916,0.0,0.013278065580379916,0.013278065580379916,1.0,931.0,4.0,15.115556101061658,2.5906040664267493,12.446275653767087,0.07867638086782211,-0.00019669095216955527,0.012627975083887577,True
379,76,758.0,-0.023955502878379775,0.0,0.023955502878379775,0.023955502878379775,1.0,931.0,4.0,13.618490068960027,1.3278065580379916,12.449128084611417,-0.15844457368938233,0.00039611143422345585,-0.010677437297999859,True
380,76,760.0,-0.026246685865771724,0.0,0.026246685865771724,0.026246685865771724,1.0,931.0,4.0,14.900643117604117,2.3955502878379775,12.45427427212557,0.05081855764056947,-0.00012704639410142369,-0.0022911829873919487,True
381,77,762.0,-0.01304996326143737,0.0,0.01304996326143737,0.01304996326143737,1.0,961.0,4.0,15.172037095312257,2.6246685865771724,12.45973664171261,0.08763186702247408,-0.0002190796675561852,0.013196722604334354,True
382,77,764.0,-0.024341537016880466,0.0,0.024341537016880466,0.024341537016880466,1.0,961.0,4.0,13.60676392667875,1.304996326143737,12.462452554982416,-0.1606849544474044,0.000401712386118511,-0.011291573755443096,True
383,77,766.0,-0.026511055748414947,0.0,0.026511055748414947,0.026511055748414947,1.0,961.0,4.0,14.961630939102943,2.4341537016880466,12.467518431572827,0.05995880584206974,-0.00014989701460517435,-0.002169518731534481,True
384,77,768.0,-0.012312937858951045,0.0,0.012312937858951045,0.012312937858951045,1.0,961.0,4.0,15.2178293906854,2.6511055748414947,12.473035820906514,0.09368799493739055,-0.00023421998734347637,0.014198117889463902,True
385,77,770.0,-0.024072504933428718,0.0,0.024072504933428718,0.024072504933428718,1.0,961.0,4.0,13.533477119349302,1.2312937858951045,12.475598346995781,-0.17341501354158234,0.00043353753385395584,-0.011759567074477673,True
386,78,772.0,-0.026559798378002597,0.0,0.026559798378002597,0.026559798378002597,1.0,975.0,4.0,14.94473943216714,2.4072504933428718,12.480536296725726,0.05695264209854273,-0.00014238160524635682,-0.0024872934445738792,True
387,78,774.0,-0.012053088616085006,0.0,0.012053088616085006,0.012053088616085006,1.0,975.0,4.0,15.238711023408055,2.6559798378002597,12.485984460495574,0.09674672511222164,-0.0002418668127805541,0.014506709761917591,True
388,78,776.0,-0.024127971712005092,0.0,0.024127971712005092,0.024127971712005092,1.0,975.0,4.0,13.517506531706752,1.2053088616085006,12.488456888929644,-0.1762592188313929,0.00044064804707848225,-0.012074883095920086,True
389,78,778.0,-0.026750966306281043,0.0,0.026750966306281043,0.026750966306281043,1.0,975.0,4.0,14.966316562551588,2.412797171200509,12.493406216460318,0.06011317489076081,-0.00015028293722690203,-0.0026229945942759514,True
390,78,780.0,-0.011627136129391147,0.0,0.011627136129391147,0.011627136129391147,1.0,975.0,4.0,15.276063471990685,2.6750966306281043,12.498893594164157,0.10207324719842545,-0.00025518311799606363,0.015123830176889896,True
391,79,782.0,-0.021608603517961456,0.0,0.021608603517961456,0.021608603517961456,1.0,959.0,3.0,13.527035576323456,1.1627136129391147,12.501318440072279,-0.13699647668793616,0.0004566549222931206,-0.009981467388570309,True
392,79,784.0,-0.025547758075845195,0.0,0.025547758075845195,0.025547758075845195,1.0,959.0,3.0,14.678877533593838,2.1608603517961456,12.505824926728787,0.01219225506890357,-4.064085022967856e-05,-0.0039391545578837395,True
393,79,786.0,-0.011210254724574042,0.0,0.011210254724574042,0.011210254724574042,1.0,959.0,3.0,15.130677581100175,2.5547758075845195,12.511152926327524,0.06474884718813204,-0.00021582949062710677,0.014337503351271152,True
394,79,788.0,-0.022599468338739825,0.0,0.022599468338739825,0.022599468338739825,1.0,959.0,3.0,13.497563325380032,1.1210254724574042,12.513490831379576,-0.13695297845694643,0.0004565099281898214,-0.011389213614165783,True
395,79,790.0,-0.026425858359289123,0.0,0.026425858359289123,0.026425858359289123,1.0,959.0,3.0,14.809580320797044,2.2599468338739825,12.518203963462742,0.03142952346031979,-0.00010476507820106597,-0.0038263900205492973,True
396,80,792.0,-0.004013010631751968,0.0,0.004013010631751968,0.004013010631751968,1.0,932.0,2.0,15.22020276645319,2.6425858359289123,12.523874748518388,0.05374218200588787,-0.00026871091002943936,0.022412847727537155,True
397,80,794.0,-0.021384344767284347,0.0,0.021384344767284347,0.021384344767284347,1.0,932.0,2.0,12.770884905334853,0.40130106317519676,12.524735909598167,-0.15515206743850996,0.0007757603371925497,-0.01737133413553238,True
398,80,796.0,-0.02410157430495019,0.0,0.02410157430495019,0.02410157430495019,1.0,932.0,2.0,14.68533968728519,2.1384344767284347,12.529324824784288,0.017580385772465935,-8.790192886232967e-05,-0.002717229537665844,True
399,80,798.0,-0.0073814320894598495,0.0,0.0073814320894598495,0.0073814320894598495,1.0,932.0,2.0,14.985261530633007,2.410157430495019,12.534496836437686,0.040607263700302536,-0.00020303631850151268,0.01672014221549034,True
400,80,800.0,-0.0197128908293962,0.0,0.0197128908293962,0.0197128908293962,1.0,932.0,2.0,13.158945580107073,0.738143208945985,12.536080834740154,-0.11527846357906589,0.0005763923178953294,-0.012331458739936352,True
401,81,802.0,-0.02527545984412427,0.0,0.02527545984412427,0.02527545984412427,1.0,948.0,2.0,14.51935887838249,1.9712890829396201,12.540239672467852,0.007830122975018826,-3.915061487509413e-05,-0.005562569014728069,True
402,81,804.0,-0.004631819534552051,0.0,0.004631819534552051,0.004631819534552051,1.0,948.0,2.0,15.130773688182117,2.527545984412427,12.5455720479624,0.05765565580729107,-0.00028827827903645534,0.02064364030957222,True
403,81,806.0,-0.022466836828243686,0.0,0.022466836828243686,0.022466836828243686,1.0,948.0,2.0,12.874204140531937,0.4631819534552051,12.546549225079401,-0.13552703800266963,0.0006776351900133482,-0.017835017293691635,True
404,81,808.0,-0.025131517420959426,0.0,0.025131517420959426,0.025131517420959426,1.0,948.0,2.0,14.837521744439197,2.2466836828243686,12.551289064072696,0.03954899754213348,-0.0001977449877106674,-0.00266468059271574,True
405,81,810.0,-0.0046771218585490715,0.0,0.0046771218585490715,0.0046771218585490715,1.0,948.0,2.0,15.129745362184183,2.5131517420959426,12.556591071967421,0.060002548120818684,-0.0003000127406040934,0.020454395562410355,True
406,82,812.0,-0.016742654475820018,0.0,0.016742654475820018,0.016742654475820018,1.0,903.0,1.0,12.959497423135078,0.46771218585490715,12.55762697935579,-0.06584174207561924,0.0006584174207561924,-0.012065532617270947,True
407,82,814.0,-0.022987823333096458,0.0,0.022987823333096458,0.022987823333096458,1.0,903.0,1.0,14.23088679877802,1.6742654475820018,12.56133520847556,-0.004713857279542687,4.713857279542687e-05,-0.00624516885727644,True
408,82,816.0,-0.005782253439974738,0.0,0.005782253439974738,0.005782253439974738,1.0,903.0,1.0,14.889333942683114,2.2987823333096458,12.566426642214894,0.024124967158572364,-0.00024124967158572363,0.01720556989312172,True
409,82,818.0,-0.0189885258259892,0.0,0.0189885258259892,0.0189885258259892,1.0,903.0,1.0,13.089543602616063,0.5782253439974738,12.567707318502801,-0.05638905988421193,0.0005638905988421193,-0.013206272386014462,True
410,82,820.0,-0.025050350795936538,0.0,0.025050350795936538,0.025050350795936538,1.0,903.0,1.0,14.479788246277753,1.89885258259892,12.571912972063377,0.00902269161545648,-9.022691615456481e-05,-0.006061824969947338,True
411,83,822.0,-0.007249673228216125,0.0,0.007249673228216125,0.007249673228216125,1.0,949.0,1.0,15.117945118929132,2.505035079593654,12.577192287299626,0.035717752035852667,-0.00035717752035852664,0.017800677567720413,True
412,83,824.0,-0.020279672327887965,0.0,0.020279672327887965,0.020279672327887965,1.0,949.0,1.0,13.255080130853337,0.7249673228216125,12.578720142563766,-0.048607334532041205,0.0004860733453204121,-0.01302999909967184,True
413,83,826.0,-0.02494452833707328,0.0,0.02494452833707328,0.02494452833707328,1.0,949.0,1.0,14.626222101012528,2.0279672327887965,12.582994046110224,0.015260822113508186,-0.00015260822113508186,-0.004664856009185314,True
414,83,828.0,-0.007210987951111747,0.0,0.007210987951111747,0.007210987951111747,1.0,949.0,1.0,15.11771440803789,2.494452833707328,12.588251059458416,0.03501051487214476,-0.0003501051487214476,0.017733540385961533,True
415,83,830.0,-0.019196687597286655,0.0,0.019196687597286655,0.019196687597286655,1.0,949.0,1.0,13.261927639246423,0.7210987951111747,12.589770761871716,-0.04894191773646559,0.0004894191773646559,-0.011985699646174908,True
416,84,832.0,-0.024680224578332854,0.0,0.024680224578332854,0.024680224578332854,1.0,974.0,1.0,14.52359234427373,1.9196687597286655,12.593712586840372,0.010210997704692264,-0.00010210997704692264,-0.0054835369810462,True
417,84,834.0,-0.008714669715118362,0.0,0.008714669715118362,0.008714669715118362,1.0,974.0,1.0,15.100966788042713,2.4680224578332854,12.598780394762016,0.03416393544741228,-0.0003416393544741228,0.015965554863214493,True
418,84,836.0,-0.01927011120642419,0.0,0.01927011120642419,0.01927011120642419,1.0,974.0,1.0,13.430365959359778,0.8714669715118362,12.60056985466244,-0.04167086681449977,0.00041670866814499767,-0.010555441491305828,True
419,84,838.0,-0.02481797650034423,0.0,0.02481797650034423,0.02481797650034423,1.0,974.0,1.0,14.541824702775367,1.927011120642419,12.604526756347529,0.01028682578541946,-0.0001028682578541946,-0.00554786529392004,True
420,84,840.0,-0.009086593385291053,0.0,0.009086593385291053,0.009086593385291053,1.0,974.0,1.0,15.125945452885341,2.481797650034423,12.609622850084751,0.03452495276616869,-0.00034524952766168686,0.015731383115053177,True
421,85,842.0,-0.019011626351129962,0.0,0.019011626351129962,0.019011626351129962,1.0,982.0,1.0,13.479853025422495,0.9086593385291053,12.611473480102148,-0.040279793208759136,0.0004027979320875914,-0.00992503296583891,True
422,85,844.0,-0.024698683391761733,0.0,0.024698683391761733,0.024698683391761733,1.0,982.0,1.0,14.525187643131868,1.9011626351129962,12.615345501762281,0.008679506256589536,-8.679506256589536e-05,-0.005687057040631771,True
423,85,846.0,-0.010768644842755748,0.0,0.010768644842755748,0.010768644842755748,1.0,982.0,1.0,15.123947812603975,2.4698683391761733,12.620375783512145,0.03370368991565697,-0.0003370368991565697,0.013930038549005985,True
424,85,848.0,-0.01902525811965461,0.0,0.01902525811965461,0.01902525811965461,1.0,982.0,1.0,13.666599276743701,1.0768644842755748,12.622568990201072,-0.0328341977329449,0.00032834197732944904,-0.008256613276898861,True
425,85,850.0,-0.024697920638573123,0.0,0.024697920638573123,0.024697920638573123,1.0,982.0,1.0,14.536800199074381,1.902525811965461,12.626443788188762,0.007830598920159245,-7.830598920159245e-05,-0.005672662518918514,True
426,86,852.0,-0.009936043392372085,0.0,0.009936043392372085,0.009936043392372085,1.0,948.0,1.0,15.13431670892094,2.4697920638573123,12.631654319969027,0.03287032509459967,-0.0003287032509459967,0.014761877246201038,True
427,86,854.0,-0.018289488139998866,0.0,0.018289488139998866,0.018289488139998866,1.0,948.0,1.0,13.589985445807537,0.9936043392372085,12.633750531655203,-0.03736942508487321,0.0003736942508487321,-0.008353444747626781,True
428,86,856.0,-0.024271502490591956,0.0,0.024271502490591956,0.024271502490591956,1.0,948.0,1.0,14.4707260468736,1.8289488139998866,12.637609073456884,0.004168159416829481,-4.168159416829481e-05,-0.00598201435059309,True
429,86,858.0,-0.011464001941931201,0.0,0.011464001941931201,0.011464001941931201,1.0,948.0,1.0,15.10084338237227,2.4271502490591956,12.642729643602562,0.030963489710510623,-0.0003096348971051062,0.012807500548660755,True
430,86,860.0,-0.018836525599908782,0.0,0.018836525599908782,0.018836525599908782,1.0,948.0,1.0,13.761338204309018,1.1464001941931201,12.645148209413076,-0.030210199297179954,0.00030210199297179955,-0.007372523657977581,True
431,87,862.0,-0.02413347024048562,0.0,0.02413347024048562,0.02413347024048562,1.0,887.0,1.0,14.539233430397841,1.8836525599908782,12.649395453065798,0.006185417341164448,-6.185417341164448e-05,-0.0052969446405768394,True
432,87,864.0,-0.008838418270897819,0.0,0.008838418270897819,0.008838418270897819,1.0,887.0,1.0,15.097858216593979,2.413347024048562,12.654837047257544,0.02967414528787203,-0.0002967414528787203,0.015295051969587803,True
433,87,866.0,-0.017636398184549762,0.0,0.017636398184549762,0.017636398184549762,1.0,887.0,1.0,13.497987334799808,0.8838418270897819,12.656829926236329,-0.042684418526304176,0.0004268441852630418,-0.008797979913651943,True
434,87,868.0,-0.02306484184737201,0.0,0.02306484184737201,0.02306484184737201,1.0,887.0,1.0,14.425827304938293,1.7636398184549762,12.660806566187771,0.0013809202955471964,-1.3809202955471964e-05,-0.0054284436628222466,True
435,87,870.0,-0.009252816769730998,0.0,0.009252816769730998,0.009252816769730998,1.0,887.0,1.0,14.998417104407565,2.306484184737201,12.666007206965075,0.025925712705290187,-0.0002592571270529019,0.01381202507764101,True
436,88,872.0,-0.017304907883954,0.0,0.017304907883954,0.017304907883954,1.0,828.0,1.0,13.55419008983365,0.9252816769730998,12.668242186861118,-0.039333774000567034,0.00039333774000567035,-0.008052091114223003,True
437,88,874.0,-0.02154602329756017,0.0,0.02154602329756017,0.02154602329756017,1.0,828.0,1.0,14.403934205784068,1.7304907883954002,12.672422116301691,0.0010213010869783035,-1.0213010869783035e-05,-0.004241115413606167,True
438,88,876.0,-0.008491826574754668,0.0,0.008491826574754668,0.008491826574754668,1.0,828.0,1.0,14.8524318623499,2.154602329756017,12.677626469755216,0.02020306283866759,-0.0002020306283866759,0.0130541967228055,True
439,88,878.0,-0.016656030300509883,0.0,0.016656030300509883,0.016656030300509883,1.0,828.0,1.0,13.487794671995134,0.8491826574754668,12.679677635594505,-0.0410656210748385,0.000410656210748385,-0.008164203725755215,True
440,88,880.0,-0.021491236384463264,0.0,0.021491236384463264,0.021491236384463264,1.0,828.0,1.0,14.349268154857473,1.6656030300509883,12.68370083131924,-3.5706512756207346e-05,3.5706512756207345e-07,-0.004835206083953381,True
441,89,882.0,-0.00859443317676778,0.0,0.00859443317676778,0.00859443317676778,1.0,841.0,1.0,14.859882835383189,2.1491236384463264,12.688811707986176,0.021947488950687506,-0.00021947488950687505,0.012896803207695484,True
442,89,884.0,-0.01637129239315982,0.0,0.01637129239315982,0.01637129239315982,1.0,841.0,1.0,13.511526767676418,0.859443317676778,12.690855568432507,-0.03877211843286682,0.0003877211843286682,-0.00777685921639204,True
443,89,886.0,-0.020212263199937297,0.0,0.020212263199937297,0.020212263199937297,1.0,841.0,1.0,14.332156336220802,1.637129239315982,12.694748860321498,0.00027823658332318767,-2.782365833231877e-06,-0.0038409708067774773,True
444,89,888.0,-0.004765789355587913,0.0,0.004765789355587913,0.004765789355587913,1.0,841.0,1.0,14.738493810673925,2.0212263199937297,12.699555581653238,0.017711909026957205,-0.00017711909026957206,0.015446473844349384,True
445,89,890.0,-0.013771573412668658,0.0,0.013771573412668658,0.013771573412668658,1.0,841.0,1.0,13.12307396617891,0.4765789355587913,12.700688944163469,-0.05419391354334908,0.0005419391354334908,-0.009005784057080746,True
446,90,892.0,-0.018341047089052154,0.0,0.018341047089052154,0.018341047089052154,1.0,788.0,1.0,14.073255551302907,1.3771573412668658,12.704184267364676,-0.008086057328634662,8.086057328634661e-05,-0.004569473676383495,True
447,90,894.0,-0.002966750744235469,0.0,0.002966750744235469,0.002966750744235469,1.0,788.0,1.0,14.556401160185073,1.8341047089052154,12.70883935545834,0.013457095821518722,-0.00013457095821518722,0.015374296344816685,True
448,90,896.0,-0.01348011508162017,0.0,0.01348011508162017,0.01348011508162017,1.0,788.0,1.0,12.94855265327193,0.2966750744235469,12.709592337880753,-0.05771475903237192,0.0005771475903237192,-0.0105133643373847,True
449,90,898.0,-0.0188984222295403,0.0,0.0188984222295403,0.0188984222295403,1.0,788.0,1.0,14.056607274249217,1.348011508162017,12.71301368688625,-0.004417920799048894,4.4179207990488946e-05,-0.005418307147920132,True
450,90,900.0,-0.002941822964203311,0.0,0.002941822964203311,0.002941822964203311,1.0,788.0,1.0,14.628286405603353,1.8898422229540301,12.71781024075162,0.02063394189770202,-0.0002063394189770202,0.01595659926533699,True
451,91,902.0,-0.01420212290759082,0.0,0.01420212290759082,0.01420212290759082,1.0,820.0,1.0,12.958840524379891,0.2941822964203311,12.718527758547744,-0.05386953058818289,0.0005386953058818289,-0.011260299943387508,True
452,91,904.0,-0.01933399993504281,0.0,0.01933399993504281,0.01933399993504281,1.0,820.0,1.0,14.144659900789879,1.420212290759082,12.721991690964202,0.002455919066596531,-2.455919066596531e-05,-0.005131877027451992,True
453,91,906.0,0.0004343014625192154,0.0,-0.0004343014625192154,0.0004343014625192154,1.0,820.0,1.0,14.685657335000975,1.9333999935042812,12.726707300704449,0.025550040792247104,-0.00025550040792247106,0.019768301397562027,True
454,91,908.0,-0.012294548894715263,0.0,0.012294548894715263,0.012294548894715263,1.0,820.0,1.0,12.616209514484803,-0.04343014625192154,12.726389201046834,-0.06674954031011035,0.0006674954031011035,-0.012728850357234478,True
455,91,910.0,-0.017653955477726413,0.0,0.017653955477726413,0.017653955477726413,1.0,820.0,1.0,13.956322997287563,1.2294548894715263,12.72938787150894,-0.00251976369290507,2.51976369290507e-05,-0.00535940658301115,True
456,92,912.0,0.00010859001849894412,0.0,-0.00010859001849894412,0.00010859001849894412,1.0,846.0,1.0,14.521040216836989,1.7653955477726413,12.73356138344221,0.022083285622138717,-0.00022083285622138718,0.017762545496225357,True
457,92,914.0,-0.012161114584159805,0.0,0.012161114584159805,0.012161114584159805,1.0,846.0,1.0,12.661857414618513,-0.010859001849894412,12.733484292153413,-0.06076787568500491,0.0006076787568500492,-0.012269704602658749,True
458,92,916.0,-0.017594464454305125,0.0,0.017594464454305125,0.017594464454305125,1.0,846.0,1.0,13.953274855183878,1.2161114584159805,12.736359260140201,0.0008041366276954648,-8.041366276954648e-06,-0.005433349870145321,True
459,92,918.0,0.0014170293179631699,0.0,-0.0014170293179631699,0.0014170293179631699,1.0,846.0,1.0,14.525391404132284,1.7594464454305125,12.74051870800173,0.025426250700042265,-0.00025426250700042266,0.019011493772268295,True
460,92,920.0,-0.011626634146523429,0.0,0.011626634146523429,0.011626634146523429,1.0,846.0,1.0,12.534388544714098,-0.141702931796317,12.739512716678542,-0.063421240168127,0.00063421240168127,-0.013043663464486599,True
461,93,922.0,-0.017445730376493884,0.0,0.017445730376493884,0.017445730376493884,1.0,856.0,1.0,13.906814757671594,1.162663414652343,12.742229219983786,0.0019221230354651722,-1.9221230354651723e-05,-0.005819096229970455,True
462,93,924.0,0.00035269711588625796,0.0,-0.00035269711588625796,0.00035269711588625796,1.0,856.0,1.0,14.519069474374756,1.7445730376493884,12.746305325211965,0.02819111151340374,-0.00028191111513403743,0.017798427492380142,True
463,93,926.0,-0.011946288268518401,0.0,0.011946288268518401,0.011946288268518401,1.0,856.0,1.0,12.655382364474196,-0.035269711588625796,12.746057860142306,-0.055405784079484904,0.000554057840794849,-0.01229898538440466,True
464,93,928.0,-0.018037062469375087,0.0,0.018037062469375087,0.018037062469375087,1.0,856.0,1.0,13.949265720762503,1.1946288268518401,12.74884904899008,0.005787844920583048,-5.7878449205830475e-05,-0.006090774200856686,True
465,93,930.0,-0.00010062787259812467,0.0,0.00010062787259812467,0.00010062787259812467,1.0,856.0,1.0,14.589692635546012,1.8037062469375087,12.75306331592217,0.0329230726863346,-0.000329230726863346,0.017936434596776962,True
466,94,932.0,-0.012271724041056586,0.0,0.012271724041056586,0.012271724041056586,1.0,857.0,1.0,12.711397034407145,0.010062787259812467,12.753086799673058,-0.05175255252572528,0.0005175255252572529,-0.012171096168458462,True
467,94,934.0,-0.018400037992250873,0.0,0.018400037992250873,0.018400037992250873,1.0,857.0,1.0,13.991634323431901,1.2271724041056586,12.75595067926259,0.008511240063652089,-8.511240063652089e-05,-0.006128313951194286,True
468,94,936.0,-0.0011852740826725494,0.0,0.0011852740826725494,0.0011852740826725494,1.0,857.0,1.0,14.63580586833225,1.8400037992250873,12.76024473713709,0.03555733197007222,-0.0003555733197007222,0.017214763909578323,True
469,94,938.0,-0.012390871863317443,0.0,0.012390871863317443,0.012390871863317443,1.0,857.0,1.0,12.83295973860909,0.11852740826725494,12.760521347191395,-0.04608901684955948,0.00046089016849559485,-0.011205597780644894,True
470,94,940.0,-0.018361091944825603,0.0,0.018361091944825603,0.018361091944825603,1.0,857.0,1.0,14.011745808173028,1.2390871863317443,12.763413032573705,0.009245589267578137,-9.245589267578137e-05,-0.00597022008150816,True
471,95,942.0,-0.004005789156508399,0.0,0.004005789156508399,0.004005789156508399,1.0,951.0,1.0,14.638886627234223,1.8361091944825603,12.767274460953255,0.03550297179841026,-0.0003550297179841026,0.014355302788317204,True
472,95,944.0,-0.013224659818661166,0.0,0.013224659818661166,0.013224659818661166,1.0,951.0,1.0,13.13555610714617,0.4005789156508399,12.768116898210152,-0.03313970671482264,0.0003313970671482264,-0.009218870662152767,True
473,95,946.0,-0.017289233725023223,0.0,0.017289233725023223,0.017289233725023223,1.0,951.0,1.0,14.105292535323194,1.3224659818661166,12.770898109528456,0.011928443928622726,-0.00011928443928622726,-0.004064573906362057,True
474,95,948.0,-0.000713841389369918,0.0,0.000713841389369918,0.000713841389369918,1.0,951.0,1.0,14.532724752808807,1.7289233725023223,12.774534120827113,0.029267259479370415,-0.00029267259479370415,0.016575392335653305,True
475,95,950.0,-0.009956594887626125,0.0,0.009956594887626125,0.009956594887626125,1.0,951.0,1.0,12.797195745139428,0.0713841389369918,12.774684245199214,-0.04887263899677636,0.0004887263899677636,-0.009242753498256207,True
476,96,952.0,-0.014499663706374122,0.0,0.014499663706374122,0.014499663706374122,1.0,898.0,1.0,13.770366073041984,0.9956594887626125,12.776901749628516,-0.0021951653491445013,2.1951653491445013e-05,-0.004543068818747997,True
477,96,954.0,0.0009547599074721802,0.0,-0.0009547599074721802,0.0009547599074721802,1.0,898.0,1.0,14.248763471767322,1.4499663706374122,12.780131073393857,0.018666027736053668,-0.00018666027736053667,0.015454423613846302,True
478,96,956.0,-0.009337735693407012,0.0,0.009337735693407012,0.009337735693407012,1.0,898.0,1.0,12.630649574196283,-0.09547599074721802,12.779492510616757,-0.053366945673255624,0.0005336694567325563,-0.010292495600879192,True
479,96,958.0,-0.014979202631366206,0.0,0.014979202631366206,0.014979202631366206,1.0,898.0,1.0,13.713856889589268,0.9337735693407012,12.781572184490592,-0.0014888642420233344,1.4888642420233343e-05,-0.005641466937959194,True
480,96,960.0,1.4205132174538448e-05,0.0,-1.4205132174538448e-05,1.4205132174538448e-05,1.0,898.0,1.0,14.307126605693627,1.4979202631366206,12.784908309798265,0.024298032758741723,-0.00024298032758741722,0.014993407763540745,True
481,97,962.0,-0.00963212769056554,0.0,0.00963212769056554,0.00963212769056554,1.0,879.0,1.0,12.737301592869038,-0.0014205132174538448,12.784898603756295,-0.04617649766980226,0.0004617649766980226,-0.009646332822740078,True
482,97,964.0,-0.01510774097914691,0.0,0.01510774097914691,0.01510774097914691,1.0,879.0,1.0,13.752381358909938,0.963212769056554,12.787090214152347,0.0020783757010365894,-2.0783757010365892e-05,-0.005475613288581371,True
483,97,966.0,0.0005342724216461647,0.0,-0.0005342724216461647,0.0005342724216461647,1.0,879.0,1.0,14.328072856771513,1.510774097914691,12.790527697879122,0.026771060977697148,-0.0002677106097769715,0.015642013400793076,True
484,97,968.0,-0.009286254975449992,0.0,0.009286254975449992,0.009286254975449992,1.0,879.0,1.0,12.68984760977862,-0.05342724216461647,12.790162641750186,-0.04688778980694873,0.0004688778980694873,-0.009820527397096157,True
485,97,970.0,-0.01509899958546157,0.0,0.01509899958546157,0.01509899958546157,1.0,879.0,1.0,13.723127836646995,0.9286254975449992,12.792275555282712,0.00222678381928462,-2.22678381928462e-05,-0.005812744610011578,True
486,98,972.0,-0.0004305339934944641,0.0,0.0004305339934944641,0.0004305339934944641,1.0,880.0,1.0,14.334044942419855,1.509899958546157,12.795707146097607,0.02843783777609148,-0.0002843783777609148,0.014668465591967106,True
487,98,974.0,-0.009427690278243972,0.0,0.009427690278243972,0.009427690278243972,1.0,880.0,1.0,12.79790392346679,0.04305339934944641,12.795804994732467,-0.040954470615122245,0.0004095447061512224,-0.008997156284749508,True
488,98,976.0,-0.015119642350327922,0.0,0.015119642350327922,0.015119642350327922,1.0,880.0,1.0,13.744567940969333,0.9427690278243972,12.797947651613889,0.0038512615310447385,-3.851261531044738e-05,-0.00569195207208395,True
489,98,978.0,3.1617139029549435e-05,0.0,-3.1617139029549435e-05,3.1617139029549435e-05,1.0,880.0,1.0,14.342706429877088,1.5119642350327922,12.801383933966221,0.029358260878075467,-0.00029358260878075467,0.015151259489357471,True
490,98,980.0,-0.009132257062447025,0.0,0.009132257062447025,0.009132257062447025,1.0,880.0,1.0,12.755884119639175,-0.0031617139029549435,12.801362355247242,-0.042316521705112076,0.00042316521705112076,-0.009163874201476574,True
491,99,982.0,-0.014950354914617492,0.0,0.014950354914617492,0.014950354914617492,1.0,880.0,1.0,13.72004057349058,0.9132257062447025,12.803437868215955,0.0033769990299225092,-3.376999029922509e-05,-0.005818097852170467,True
492,99,984.0,-0.0004996586176275741,0.0,0.0004996586176275741,0.0004996586176275741,1.0,880.0,1.0,14.331373836791178,1.4950354914617492,12.80683567615108,0.029502669178348404,-0.00029502669178348406,0.014450696296989918,True
493,99,986.0,-0.009242083277058555,0.0,0.009242083277058555,0.009242083277058555,1.0,880.0,1.0,12.817913815312181,0.04996586176275741,12.806949234927794,-0.03900128137837047,0.0003900128137837047,-0.00874242465943098,True
494,99,988.0,-0.015007900405180408,0.0,0.015007900405180408,0.015007900405180408,1.0,880.0,1.0,13.737718218829356,0.9242083277058555,12.809049708399838,0.004460182723662795,-4.460182723662795e-05,-0.005765817128121853,True
495,99,990.0,-0.0008087282585620414,0.0,0.0008087282585620414,0.0008087282585620414,1.0,880.0,1.0,14.343495507135229,1.5007900405180408,12.812460594855562,0.03024487176162411,-0.0003024487176162411,0.014199172146618366,True
496,100,992.0,-0.009367164555442287,0.0,0.009367164555442287,0.009367164555442287,1.0,893.0,1.0,12.856328043499706,0.08087282585620414,12.812641721005308,-0.03718650336180479,0.0003718650336180479,-0.008558436296880245,True
497,100,994.0,-0.015123277302336646,0.0,0.015123277302336646,0.015123277302336646,1.0,893.0,1.0,13.75672156482192,0.9367164555442287,12.814739630200227,0.005265479077463512,-5.2654790774635126e-05,-0.00575611274689436,True
498,100,996.0,-0.0005979112866043579,0.0,0.0005979112866043579,0.0005979112866043579,1.0,893.0,1.0,14.361383669906273,1.5123277302336646,12.818126702384397,0.030929237288210367,-0.0003092923728821037,0.014525366015732288,True
499,100,998.0,-0.009068415831279708,0.0,0.009068415831279708,0.009068415831279708,1.0,893.0,1.0,12.840001516620214,0.05979112866043579,12.818260613086869,-0.038050225127089964,0.00038050225127089966,-0.00847050454467535,True
500,100,1000.0,-0.014602501276385738,0.0,0.014602501276385738,0.014602501276385738,1.0,893.0,1.0,13.731217625202035,0.9068415831279708,12.820291613273065,0.004084428801000222,-4.084428801000222e-05,-0.0055340854451060295,True
501,101,1002.0,-0.0004599870699166786,0.0,0.0004599870699166786,0.0004599870699166786,1.0,891.0,1.0,14.312671078248018,1.4602501276385738,12.823569391337369,0.028851559272074775,-0.00028851559272074774,0.014142514206469059,True
502,101,1004.0,-0.008846046734106494,0.0,0.008846046734106494,0.008846046734106494,1.0,891.0,1.0,12.83148199635972,0.04599870699166786,12.823672643204926,-0.03818935383687309,0.0003818935383687309,-0.008386059664189816,True
503,101,1006.0,-0.014537291001033736,0.0,0.014537291001033736,0.014537291001033736,1.0,891.0,1.0,13.713837664777575,0.8846046734106494,12.825658287814163,0.003574703552763265,-3.574703552763265e-05,-0.005691244266927242,True
504,101,1008.0,-0.001333091739070369,0.0,0.001333091739070369,0.001333091739070369,1.0,891.0,1.0,14.311755394539121,1.4537291001033736,12.82892142833068,0.029104866105067472,-0.0002910486610506747,0.013204199261963367,True
505,101,1010.0,-0.00937101929957862,0.0,0.00937101929957862,0.00937101929957862,1.0,891.0,1.0,12.92883500191062,0.1333091739070369,12.829220663288938,-0.03369483528535363,0.00033694835285353627,-0.008037927560508251,True
506,102,1012.0,-0.014905264932167483,0.0,0.014905264932167483,0.014905264932167483,1.0,897.0,1.0,13.774469966420162,0.937101929957862,12.831310076733644,0.0060579597286565074,-6.057959728656507e-05,-0.005534245632588863,True
507,102,1014.0,-0.0020295021640777122,0.0,0.0020295021640777122,0.0020295021640777122,1.0,897.0,1.0,14.355797493119285,1.4905264932167483,12.834633435692893,0.03063756420964395,-0.0003063756420964395,0.012875762768089771,True
508,102,1016.0,-0.009676017198216869,0.0,0.009676017198216869,0.009676017198216869,1.0,897.0,1.0,13.007220820902225,0.20295021640777122,12.835085944536623,-0.030815340042169747,0.00030815340042169746,-0.007646515034139156,True
509,102,1018.0,-0.01490727006967063,0.0,0.01490727006967063,0.01490727006967063,1.0,897.0,1.0,13.811728587351277,0.9676017198216869,12.837243361972101,0.006883505557490053,-6.883505557490053e-05,-0.005231252871453762,True
510,102,1020.0,-0.00248856689358945,0.0,0.00248856689358945,0.00248856689358945,1.0,897.0,1.0,14.361301197763144,1.490727006967063,12.840567168007727,0.030007022788352992,-0.0003000702278835299,0.01241870317608118,True
511,103,1022.0,-0.009862290095043136,0.0,0.009862290095043136,0.009862290095043136,1.0,894.0,1.0,13.0606725422709,0.248856689358945,12.841123894382116,-0.029308041470161954,0.00029308041470161954,-0.007373723201453686,True
512,103,1024.0,-0.014852039847028209,0.0,0.014852039847028209,0.014852039847028209,1.0,894.0,1.0,13.836566204395407,0.9862290095043136,12.843330223262434,0.007006971628658416,-7.006971628658416e-05,-0.004989749751985073,True
513,103,1026.0,-0.0031778582888364326,0.0,0.0031778582888364326,0.0031778582888364326,1.0,894.0,1.0,14.360877703081867,1.485203984702821,12.84665282725504,0.029020891124006857,-0.00029020891124006856,0.011674181558191776,True
514,103,1028.0,-0.010171981859457446,0.0,0.010171981859457446,0.010171981859457446,1.0,894.0,1.0,13.138333912349895,0.31778582888364326,12.847363757520974,-0.026815674054721576,0.00026815674054721575,-0.006994123570621014,True
515,103,1030.0,-0.014856611709546996,0.0,0.014856611709546996,0.014856611709546996,1.0,894.0,1.0,13.874373571027984,1.0171981859457446,12.84963936867521,0.007536016407031032,-7.536016407031031e-05,-0.00468462985008955,True
516,104,1032.0,-0.0028097968133806717,0.0,0.0028097968133806717,0.0028097968133806717,1.0,879.0,1.0,14.366793345819447,1.4856611709546996,12.8530197126364,0.028112462228348484,-0.00028112462228348483,0.012046814896166325,True
517,104,1034.0,-0.009914133097481681,0.0,0.009914133097481681,0.009914133097481681,1.0,879.0,1.0,13.105307352638773,0.28097968133806717,12.853659029317493,-0.02933135801678825,0.0002933135801678825,-0.007104336284101009,True
518,104,1036.0,-0.014616636890423251,0.0,0.014616636890423251,0.014616636890423251,1.0,879.0,1.0,13.853089419737202,0.9914133097481681,12.855914804766316,0.0057613052227184465,-5.761305222718446e-05,-0.00470250379294157,True
519,104,1038.0,-0.003441431890678359,0.0,0.003441431890678359,0.003441431890678359,1.0,879.0,1.0,14.347492526917662,1.4616636890423251,12.859240546948463,0.02658829092687415,-0.0002658829092687415,0.011175204999744892,True
520,104,1040.0,-0.010222960594546748,0.0,0.010222960594546748,0.010222960594546748,1.0,879.0,1.0,13.177418778063622,0.3441431890678359,12.860023580370678,-0.02674799137489149,0.0002674799137489149,-0.006781528703868389,True
521,105,1042.0,-0.01451088055546279,0.0,0.01451088055546279,0.01451088055546279,1.0,848.0,1.0,13.89136154853439,1.0222960594546748,12.862434655982618,0.006630833097096138,-6.630833097096137e-05,-0.004287919960916042,True
522,105,1044.0,-0.0023659750404476654,0.0,0.0023659750404476654,0.0023659750404476654,1.0,848.0,1.0,14.342435356539154,1.451088055546279,12.865857033472134,0.025490267520742675,-0.00025490267520742675,0.012144905515015125,True
523,105,1046.0,-0.010019545774412109,0.0,0.010019545774412109,0.010019545774412109,1.0,848.0,1.0,13.070863229165857,0.23659750404476654,12.866415046453344,-0.032149321332253566,0.00032149321332253564,-0.007653570733964443,True
524,105,1048.0,-0.01450743186796899,0.0,0.01450743186796899,0.01450743186796899,1.0,848.0,1.0,13.876441570083436,1.0019545774412109,12.868778146871856,0.005708845770369999,-5.708845770369999e-05,-0.004487886093556881,True
525,105,1050.0,-0.003034266974282218,0.0,0.003034266974282218,0.003034266974282218,1.0,848.0,1.0,14.348508128218846,1.450743186796899,12.872199710991666,0.025565230430280136,-0.00025565230430280137,0.011473164893686771,True
526,106,1052.0,-0.010321492660295917,0.0,0.010321492660295917,0.010321492660295917,1.0,828.0,1.0,13.14733140000951,0.3034266974282218,12.872932625719741,-0.029027923138454027,0.0002902792313845403,-0.007287225686013699,True
527,106,1054.0,-0.014254247169446899,0.0,0.014254247169446899,0.014254247169446899,1.0,828.0,1.0,13.914442176736868,1.0321492660295917,12.875425739888907,0.00686717081837046,-6.86717081837046e-05,-0.003932754509150982,True
528,106,1056.0,-0.0027607608171820175,0.0,0.0027607608171820175,0.0027607608171820175,1.0,828.0,1.0,14.32838306833386,1.4254247169446899,12.878868794760729,0.024089556628441682,-0.00024089556628441682,0.011493486352264881,True
529,106,1058.0,-0.010160151268792106,0.0,0.010160151268792106,0.010160151268792106,1.0,828.0,1.0,13.125156516886236,0.27607608171820175,12.879535645199653,-0.030455210031617674,0.00030455210031617673,-0.007399390451610088,True
530,106,1060.0,-0.014227459538233234,0.0,0.014227459538233234,0.014227459538233234,1.0,828.0,1.0,13.904090823528747,1.0160151268792106,12.881989788018227,0.006085908631310501,-6.0859086313105014e-05,-0.004067308269441128,True
531,107,1062.0,-0.001957358192157699,0.0,0.001957358192157699,0.001957358192157699,1.0,815.0,1.0,14.332221613589837,1.4227459538233234,12.885481189131893,0.023994470634621283,-0.00023994470634621282,0.012270101346075535,True
532,107,1064.0,-0.009712454262626125,0.0,0.009712454262626125,0.009712454262626125,1.0,815.0,1.0,13.04762579390589,0.19573581921576988,12.885961522430584,-0.034071547740464114,0.0003407154774046411,-0.007755096070468426,True
533,107,1066.0,-0.013936541374278022,0.0,0.013936541374278022,0.013936541374278022,1.0,815.0,1.0,13.86402186464513,0.9712454262626125,12.888344946789514,0.004431491593001458,-4.431491593001458e-05,-0.004224087111651897,True
534,107,1068.0,-0.001736594695103122,0.0,0.001736594695103122,0.001736594695103122,1.0,815.0,1.0,14.308629644343926,1.3936541374278022,12.891764956942703,0.023210549973419932,-0.00023210549973419934,0.0121999466791749,True
535,107,1070.0,-0.009666317473602248,0.0,0.009666317473602248,0.009666317473602248,1.0,815.0,1.0,13.031388801847573,0.1736594695103122,12.892191115150093,-0.034461782812830924,0.0003446178281283092,-0.007929722778499126,True
536,108,1072.0,-0.013996448698890163,0.0,0.013996448698890163,0.013996448698890163,1.0,812.0,1.0,13.866076024565144,0.9666317473602248,12.894571981522922,0.004872295681995987,-4.872295681995987e-05,-0.004330131225287914,True
537,108,1074.0,-0.0011572533803700935,0.0,0.0011572533803700935,0.0011572533803700935,1.0,812.0,1.0,14.321755611890968,1.3996448698890163,12.898019382680298,0.024091359321653048,-0.00024091359321653047,0.012839195318520069,True
538,108,1076.0,-0.009452132839214755,0.0,0.009452132839214755,0.009452132839214755,1.0,812.0,1.0,12.977458880534604,0.11572533803700935,12.898304420458734,-0.03657087796113925,0.00036570877961139255,-0.008294879458844662,True
539,108,1078.0,-0.013910157005739165,0.0,0.013910157005739165,0.013910157005739165,1.0,812.0,1.0,13.850470124435898,0.9452132839214755,12.900632531995509,0.004624308518914098,-4.624308518914098e-05,-0.00445802416652441,True
540,108,1080.0,-0.0009160976442217361,0.0,0.0009160976442217361,0.0009160976442217361,1.0,812.0,1.0,14.319522780491805,1.3910157005739165,12.904058679041247,0.024448400876642445,-0.00024448400876642443,0.01299405936151743,True
541,109,1082.0,-0.009385953988385154,0.0,0.009385953988385154,0.009385953988385154,1.0,813.0,1.0,12.958941933237014,0.09160976442217361,12.904284041315368,-0.03695187250052746,0.00036951872500527467,-0.008469856344163418,True
542,109,1084.0,-0.013980085361254169,0.0,0.013980085361254169,0.013980085361254169,1.0,813.0,1.0,13.85026347144495,0.9385953988385154,12.906593009086182,0.005075063520254897,-5.075063520254897e-05,-0.004594131372869015,True
543,109,1086.0,-0.0002895159232139122,0.0,0.0002895159232139122,0.0002895159232139122,1.0,813.0,1.0,14.333515552771212,1.3980085361254169,12.91003214447643,0.02547487216936505,-0.0002547487216936505,0.013690569438040257,True
544,109,1088.0,-0.009135131123912288,0.0,0.009135131123912288,0.009135131123912288,1.0,813.0,1.0,12.899865460129078,0.028951592321391217,12.910103366105746,-0.039189498298059865,0.00039189498298059866,-0.008845615200698376,True
545,109,1090.0,-0.013944301153969718,0.0,0.013944301153969718,0.013944301153969718,1.0,813.0,1.0,13.830622744585309,0.9135131123912288,12.912350630834885,0.004759001359193479,-4.759001359193479e-05,-0.00480917003005743,True
546,110,1092.0,-0.0010992236020683777,0.0,0.0010992236020683777,0.0010992236020683777,1.0,849.0,1.0,14.336232100563187,1.3944301153969718,12.915635507431839,0.02616647773437637,-0.0002616647773437637,0.01284507755190134,True
547,110,1094.0,-0.00954802088017459,0.0,0.00954802088017459,0.00954802088017459,1.0,849.0,1.0,12.991096369684218,0.10992236020683777,12.915894452921112,-0.03472044344373225,0.0003472044344373225,-0.008448797278106213,True
548,110,1096.0,-0.01365841213191743,0.0,0.01365841213191743,0.01365841213191743,1.0,849.0,1.0,13.879943687972936,0.954802088017459,12.918143692233302,0.006997907722176211,-6.997907722176211e-05,-0.00411039125174284,True
549,110,1098.0,0.0011694549066305626,0.0,-0.0011694549066305626,0.0011694549066305626,1.0,849.0,1.0,14.312217755170623,1.365841213191743,12.921361221593026,0.025015320385855584,-0.0002501532038585558,0.014827867038547993,True
550,110,1100.0,-0.007998170662176562,0.0,0.007998170662176562,0.007998170662176562,1.0,849.0,1.0,12.758813313902536,-0.11694549066305626,12.920533924397166,-0.044775119831573396,0.000447751198315734,-0.009167625568807125,True
551,111,1102.0,-0.012667411338043166,0.0,0.012667411338043166,0.012667411338043166,1.0,835.0,1.0,13.723436698408179,0.7998170662176562,12.92244965389709,0.0011699782934323844,-1.1699782934323845e-05,-0.004669240675866604,True
552,111,1104.0,0.0012473721471906174,0.0,-0.0012473721471906174,0.0012473721471906174,1.0,835.0,1.0,14.214508619813959,1.2667411338043166,12.92548376439721,0.022283721612432604,-0.00022283721612432604,0.013914783485233784,True
553,111,1106.0,-0.008078228082013084,0.0,0.008078228082013084,0.008078228082013084,1.0,835.0,1.0,12.756753862589568,-0.12473721471906174,12.924586551869327,-0.0430954745606989,0.000430954745606989,-0.009325600229203701,True
554,111,1108.0,-0.013272440392029239,0.0,0.013272440392029239,0.013272440392029239,1.0,835.0,1.0,13.737751786267433,0.8078228082013084,12.926521456799161,0.003407521266963754,-3.4075212669637544e-05,-0.005194212310016155,True
555,111,1110.0,0.0014195690346241463,0.0,-0.0014195690346241463,0.0014195690346241463,1.0,835.0,1.0,14.28363875631894,1.3272440392029239,12.929700484437962,0.02669423267805531,-0.00026694232678055313,0.014692009426653385,True
556,112,1112.0,-0.008162401947629405,0.0,0.008162401947629405,0.008162401947629405,1.0,863.0,1.0,12.744116859711948,-0.14195690346241463,12.928712542358262,-0.04263877918389948,0.0004263877918389948,-0.009581970982253551,True
557,112,1114.0,-0.013444665219140006,0.0,0.013444665219140006,0.013444665219140006,1.0,863.0,1.0,13.751830429476241,0.8162401947629405,12.930604176645083,0.004986058068218984,-4.986058068218984e-05,-0.005282263271510601,True
558,112,1116.0,0.002967931930470513,0.0,-0.002967931930470513,0.002967931930470513,1.0,863.0,1.0,14.306708949855762,1.3444665219140006,12.933719973914886,0.02852245402687514,-0.0002852245402687514,0.01641259714961052,True
559,112,1118.0,-0.006893156427395297,0.0,0.006893156427395297,0.006893156427395297,1.0,863.0,1.0,12.586054896753748,-0.2967931930470513,12.931654456301938,-0.048806366501137816,0.00048806366501137816,-0.00986108835786581,True
560,112,1120.0,-0.012239997606229736,0.0,0.012239997606229736,0.012239997606229736,1.0,863.0,1.0,13.623243186538456,0.6893156427395297,12.933251943307116,0.0006756004918082117,-6.756004918082117e-06,-0.005346841178834438,True
561,113,1122.0,0.004245928157615708,0.0,-0.004245928157615708,0.004245928157615708,1.0,847.0,1.0,14.185058630045738,1.2239997606229736,12.936142143450274,0.024916725972491643,-0.00024916725972491644,0.016485925763845444,True
562,113,1124.0,-0.005912561300647212,0.0,0.005912561300647212,0.005912561300647212,1.0,847.0,1.0,12.456137093888637,-0.4245928157615708,12.933131391382286,-0.052401481732077565,0.0005240148173207757,-0.01015848945826292,True
563,113,1126.0,-0.012164439405751182,0.0,0.012164439405751182,0.012164439405751182,1.0,847.0,1.0,13.524558981757103,0.5912561300647212,12.93452750975314,-0.001224658060756945,1.2246580607569451e-05,-0.00625187810510397,True
564,113,1128.0,0.0032443792042613495,0.0,-0.0032443792042613495,0.0032443792042613495,1.0,847.0,1.0,14.181155641214774,1.2164439405751182,12.937399868526638,0.027311832113016486,-0.00027311832113016487,0.015408818610012531,True
565,113,1130.0,-0.006624681274843169,0.0,0.006624681274843169,0.006624681274843169,1.0,847.0,1.0,12.565322835951095,-0.32443792042613495,12.935099306426705,-0.04533855004947605,0.0004533855004947605,-0.009869060479104519,True
566,114,1132.0,-0.012801088723790599,0.0,0.012801088723790599,0.012801088723790599,1.0,847.0,1.0,13.602980566514772,0.6624681274843169,12.936663575913093,0.0038488631173615178,-3.848863117361518e-05,-0.00617640744894743,True
567,114,1134.0,0.003126684245216893,0.0,-0.003126684245216893,0.003126684245216893,1.0,847.0,1.0,14.25135345692774,1.28010887237906,12.939686265104095,0.03155831944458537,-0.0003155831944458537,0.015927772969007492,True
568,114,1136.0,-0.0068112233238935005,0.0,0.0068112233238935005,0.0068112233238935005,1.0,847.0,1.0,12.580944548861634,-0.3126684245216893,12.937469159513087,-0.04385618612976454,0.00043856186129764536,-0.009937907569110394,True
569,114,1138.0,-0.012943679797899676,0.0,0.012943679797899676,0.012943679797899676,1.0,847.0,1.0,13.625702597967704,0.68112233238935,12.939077476708787,0.005502788869566404,-5.5027888695664035e-05,-0.006132456474006176,True
570,114,1140.0,0.002333691943931626,0.0,-0.002333691943931626,0.002333691943931626,1.0,847.0,1.0,14.269356501858132,1.2943679797899676,12.942133835574893,0.03285468649327352,-0.00032854686493273517,0.015277371741831303,True
571,115,1142.0,-0.007169556203734828,0.0,0.007169556203734828,0.007169556203734828,1.0,860.0,1.0,12.667407957054463,-0.23336919439316262,12.940504048617724,-0.039726897170097586,0.00039726897170097586,-0.009503248147666454,True
572,115,1144.0,-0.01320734560067649,0.0,0.01320734560067649,0.01320734560067649,1.0,860.0,1.0,13.666389327908496,0.7169556203734828,12.942171387269758,0.007262320265255412,-7.262320265255412e-05,-0.006037789396941662,True
573,115,1146.0,0.0028404189688444603,0.0,-0.0028404189688444603,0.0028404189688444603,1.0,860.0,1.0,14.299993464263292,1.320734560067649,12.945242862990852,0.03401604120479142,-0.0003401604120479142,0.01604776456952095,True
574,115,1148.0,-0.006750131356966449,0.0,0.006750131356966449,0.006750131356966449,1.0,860.0,1.0,12.617038933939822,-0.28404189688444603,12.943259191666872,-0.04217836084260377,0.0004217836084260377,-0.00959055032581091,True
575,115,1150.0,-0.01264199740762706,0.0,0.01264199740762706,0.01264199740762706,1.0,860.0,1.0,13.625283682498146,0.6750131356966449,12.944828989656859,0.005441557144642931,-5.4415571446429306e-05,-0.00589186605066061,True
576,116,1152.0,0.002286038961756276,0.0,-0.002286038961756276,0.002286038961756276,1.0,877.0,1.0,14.243617364274492,1.264199740762706,12.94771199932791,0.03170562418387538,-0.0003170562418387538,0.014928036369383335,True
577,116,1154.0,-0.006747315968823386,0.0,0.006747315968823386,0.006747315968823386,1.0,877.0,1.0,12.678364194091918,-0.2286038961756276,12.946146439038946,-0.039178348771401035,0.00039178348771401033,-0.009033354930579662,True
578,116,1156.0,-0.012310074973356677,0.0,0.012310074973356677,0.012310074973356677,1.0,877.0,1.0,13.628039273574716,0.6747315968823386,12.94768516559967,0.005622511092706092,-5.622511092706092e-05,-0.005562759004533291,True
579,116,1158.0,0.0029122556043148506,0.0,-0.0029122556043148506,0.0029122556043148506,1.0,877.0,1.0,14.211873246001636,1.2310074973356677,12.950492480302817,0.03037326836315248,-0.0003037326836315248,0.015222330577671528,True
580,116,1160.0,-0.006158300075185252,0.0,0.006158300075185252,0.006158300075185252,1.0,877.0,1.0,12.615551095368414,-0.29122556043148506,12.948498064721242,-0.04172140892134525,0.00041721408921345255,-0.009070555679500103,True
581,117,1162.0,-0.01182630598123069,0.0,0.01182630598123069,0.01182630598123069,1.0,870.0,1.0,13.569234912104633,0.6158300075185252,12.949913765887928,0.0034911386981807025,-3.4911386981807023e-05,-0.005668005906045437,True
582,117,1164.0,0.0028501689848781098,0.0,-0.0028501689848781098,0.0028501689848781098,1.0,870.0,1.0,14.164186690996491,1.182630598123069,12.952632456918117,0.02892363595530643,-0.0002892363595530643,0.014676474966108799,True
583,117,1166.0,-0.006166943680000259,0.0,0.006166943680000259,0.006166943680000259,1.0,870.0,1.0,12.625096535692093,-0.285016898487811,12.950664855534072,-0.040551421354167436,0.00040551421354167435,-0.009017112664878368,True
584,117,1168.0,-0.012006923887383891,0.0,0.012006923887383891,0.012006923887383891,1.0,870.0,1.0,13.573083493192708,0.6166943680000259,12.95208254373635,0.004306581456334771,-4.306581456334771e-05,-0.005839980207383633,True
585,117,1170.0,0.0023796229106665123,0.0,-0.0023796229106665123,0.0023796229106665123,1.0,870.0,1.0,14.185978196447529,1.2006923887383891,12.954842756124279,0.030443051584861144,-0.00030443051584861145,0.014386546798050404,True
586,118,1172.0,-0.006412906903278781,0.0,0.006412906903278781,0.006412906903278781,1.0,887.0,1.0,12.67741019577058,-0.23796229106665123,12.953231478842014,-0.03785899200478199,0.0003785899200478199,-0.008792529813945293,True
587,118,1174.0,-0.012176805506896926,0.0,0.012176805506896926,0.012176805506896926,1.0,887.0,1.0,13.601689422661064,0.6412906903278781,12.954677455595847,0.005721276737338504,-5.721276737338504e-05,-0.005763898603618145,True
588,118,1176.0,0.0030153129664540756,0.0,-0.0030153129664540756,0.0030153129664540756,1.0,887.0,1.0,14.206480571388092,1.2176805506896926,12.95742307126822,0.03137694943017898,-0.0003137694943017898,0.015192118473351002,True
589,118,1178.0,-0.005834344174218131,0.0,0.005834344174218131,0.005834344174218131,1.0,887.0,1.0,12.613173931468113,-0.30153129664540756,12.955381359003686,-0.040676130890166945,0.00040676130890166944,-0.008849657140672207,True
590,118,1180.0,-0.011485623526823474,0.0,0.011485623526823474,0.011485623526823474,1.0,887.0,1.0,13.543563851062162,0.5834344174218131,12.956696881929114,0.0034325517112363474,-3.4325517112363476e-05,-0.005651279352605343,True
591,119,1182.0,0.0032820130181789864,0.0,-0.0032820130181789864,0.0032820130181789864,1.0,881.0,1.0,14.136661242932377,1.1485623526823474,12.959304287951095,0.028794602298935063,-0.00028794602298935063,0.01476763654500246,True
592,119,1184.0,-0.00547921690667863,0.0,0.00547921690667863,0.00547921690667863,1.0,881.0,1.0,12.587783005393094,-0.32820130181789864,12.957066854364358,-0.04108254715336375,0.00041082547153363746,-0.008761229924857616,True
593,119,1186.0,-0.0114244663673162,0.0,0.0114244663673162,0.0114244663673162,1.0,881.0,1.0,13.508895340636574,0.547921690667863,12.958310717453275,0.0026629325154337454,-2.6629325154337454e-05,-0.005945249460637569,True
594,119,1188.0,0.0025700830337882508,0.0,-0.0025700830337882508,0.0025700830337882508,1.0,881.0,1.0,14.132785597160025,1.14244663673162,12.960904239897635,0.02943472053076947,-0.0002943472053076947,0.01399454940110445,True
595,119,1190.0,-0.005958990524959518,0.0,0.005958990524959518,0.005958990524959518,1.0,881.0,1.0,12.665154639704154,-0.2570083033788251,12.95915214748709,-0.03698920440411234,0.00036989204404112337,-0.008529073558747768,True
596,120,1192.0,-0.011791576031100703,0.0,0.011791576031100703,0.011791576031100703,1.0,883.0,1.0,13.561711395907436,0.5958990524959518,12.960501862215295,0.005310481196187616,-5.3104811961876165e-05,-0.005832585506141186,True
597,120,1194.0,0.00212652668778901,0.0,-0.00212652668778901,0.00212652668778901,1.0,883.0,1.0,14.173647839089377,1.1791576031100703,12.963172660863314,0.031317575115991474,-0.00031317575115991477,0.013918102718889713,True
598,120,1196.0,-0.006226750421774341,0.0,0.006226750421774341,0.006226750421774341,1.0,883.0,1.0,12.714135122648266,-0.212652668778901,12.96172623594159,-0.034938444514423704,0.000349384445144237,-0.00835327710956335,True
599,120,1198.0,-0.011907791118574096,0.0,0.011907791118574096,0.011907791118574096,1.0,883.0,1.0,13.592178128487708,0.6226750421774341,12.963136598438046,0.006366487872226828,-6.366487872226828e-05,-0.005681040696799755,True
600,120,1200.0,0.0015081350175023545,0.0,-0.0015081350175023545,0.0015081350175023545,1.0,883.0,1.0,14.188196791987357,1.1907791118574096,12.965833719869185,0.03158396026076106,-0.0003158396026076106,0.01341592613607645,True
