run_id,timestamp,kp,ki,kd,temp,temp_ref,temp_raw,temp_u,temp_u_p,temp_u_i,temp_u_d,sq_error,mae,start_temp
run_1778853771_ef5ea5be,1778854258.4271772,7.0,966.0,1.0,27.10686492919922,0.0,23.995223999023438,-100.0,-100.0,0.0,0.04369695857167244,734.7821262898506,27.10686492919922,27.10686492919922
run_1778853771_ef5ea5be,1778854259.8259747,7.0,966.0,1.0,27.10686492919922,0.0,23.995223999023438,-100.0,-100.0,0.0,0.039528727531433105,734.7821262898506,27.10686492919922,27.10686492919922
run_1778853771_ef5ea5be,1778854261.8219059,7.0,966.0,1.0,27.10686492919922,0.0,23.995223999023438,-100.0,-100.0,0.0,0.03575810417532921,734.7821262898506,27.10686492919922,27.10686492919922
run_1778853771_ef5ea5be,1778854263.8158617,7.0,966.0,1.0,27.10686492919922,0.0,23.995223999023438,-100.0,-100.0,0.0,0.03234716132283211,734.7821262898506,27.10686492919922,27.10686492919922
run_1778853771_ef5ea5be,1778854265.8229668,7.0,966.0,1.0,27.06238555908203,0.0,23.94518280029297,-100.0,-100.0,0.0,0.059028249233961105,732.3727121484117,27.06238555908203,27.10686492919922
run_1778853771_ef5ea5be,1778854267.8110259,7.0,966.0,1.0,27.06238555908203,0.0,23.94518280029297,-100.0,-100.0,0.0,0.05339757725596428,732.3727121484117,27.06238555908203,27.10686492919922
run_1778853771_ef5ea5be,1778854269.8303018,7.0,966.0,1.0,27.017908096313477,0.0,23.8951473236084,-100.0,-100.0,0.0,0.07806939631700516,729.9673579008413,27.017908096313477,27.10686492919922
run_1778853771_ef5ea5be,1778854271.8209646,7.0,966.0,1.0,27.017908096313477,0.0,23.8951473236084,-100.0,-100.0,0.0,0.07062240689992905,729.9673579008413,27.017908096313477,27.10686492919922
run_1778853771_ef5ea5be,1778854273.8171551,7.0,966.0,1.0,26.97340202331543,0.0,23.845077514648438,-100.0,-100.0,0.0,0.0936703085899353,727.5644167113969,26.97340202331543,27.10686492919922
run_1778853771_ef5ea5be,1778854275.8140178,7.0,966.0,1.0,26.97340202331543,0.0,23.845077514648438,-100.0,-100.0,0.0,0.08473515510559082,727.5644167113969,26.97340202331543,27.10686492919922
run_1778853771_ef5ea5be,1778854277.8221083,7.0,966.0,1.0,26.928926467895508,0.0,23.795042037963867,-100.0,-100.0,0.0,0.10641644150018692,725.1670807133232,26.928926467895508,27.10686492919922
run_1778853771_ef5ea5be,1778854279.8211274,7.0,966.0,1.0,26.884422302246094,0.0,23.74497413635254,-100.0,-100.0,0.0,0.12726730108261108,722.7721625255072,26.884422302246094,27.10686492919922
run_1778853771_ef5ea5be,1778854281.829061,7.0,966.0,1.0,26.839948654174805,0.0,23.694942474365234,-100.0,-100.0,0.0,0.14673535525798798,720.3828437587399,26.839948654174805,27.10686492919922
run_1778853771_ef5ea5be,1778854285.2298553,7.0,966.0,1.0,26.79547119140625,0.0,23.64490509033203,-100.0,-100.0,0.0,0.15754419565200806,717.9972763694823,26.79547119140625,27.10686492919922
run_1778853771_ef5ea5be,1778854287.3562944,7.0,966.0,1.0,26.79547119140625,0.0,23.64490509033203,-100.0,-100.0,0.0,0.14251616597175598,717.9972763694823,26.79547119140625,27.10686492919922
run_1778853771_ef5ea5be,1778854288.8194144,7.0,966.0,1.0,26.75096893310547,0.0,23.594839096069336,-100.0,-100.0,0.0,0.1524006426334381,715.6143388599739,26.75096893310547,27.10686492919922
run_1778853771_ef5ea5be,1778854291.8165984,7.0,966.0,1.0,26.70649528503418,0.0,23.54480743408203,-100.0,-100.0,0.0,0.1688438057899475,713.2368904095529,26.70649528503418,27.10686492919922
run_1778853771_ef5ea5be,1778854293.8191938,7.0,966.0,1.0,26.66199493408203,0.0,23.49474334716797,-100.0,-100.0,0.0,0.184364914894104,710.8619738650159,26.66199493408203,27.10686492919922
run_1778853771_ef5ea5be,1778854295.826932,7.0,966.0,1.0,26.66199493408203,0.0,23.49474334716797,-100.0,-100.0,0.0,0.16677844524383545,710.8619738650159,26.66199493408203,27.10686492919922
run_1778853771_ef5ea5be,1778854297.8295135,7.0,966.0,1.0,26.66199493408203,0.0,23.49474334716797,-100.0,-100.0,0.0,0.15086954832077026,710.8619738650159,26.66199493408203,27.10686492919922
run_1778853771_ef5ea5be,1778854299.819993,7.0,966.0,1.0,26.617523193359375,0.0,23.444713592529297,-100.0,-100.0,0.0,0.16564896702766418,708.4925409490243,26.617523193359375,27.10686492919922
run_1778853771_ef5ea5be,1778854301.9853773,7.0,966.0,1.0,26.617523193359375,0.0,23.444713592529297,-100.0,-100.0,0.0,0.14984780550003052,708.4925409490243,26.617523193359375,27.10686492919922
run_1778853771_ef5ea5be,1778854303.837696,7.0,966.0,1.0,26.57305145263672,0.0,23.394681930541992,-100.0,-100.0,0.0,0.16472473740577698,706.1270635044784,26.57305145263672,27.10686492919922
run_1778853771_ef5ea5be,1778854305.8217664,7.0,966.0,1.0,26.57305145263672,0.0,23.394681930541992,-100.0,-100.0,0.0,0.1490117460489273,706.1270635044784,26.57305145263672,27.10686492919922
run_1778853771_ef5ea5be,1778854307.828764,7.0,966.0,1.0,26.528583526611328,0.0,23.344655990600586,-100.0,-100.0,0.0,0.1639658659696579,703.7657439283939,26.528583526611328,27.10686492919922
run_1778853771_ef5ea5be,1778854309.915951,7.0,966.0,1.0,26.48408317565918,0.0,23.294593811035156,-100.0,-100.0,0.0,0.17810599505901337,701.4066616552336,26.48408317565918,27.10686492919922
run_1778853771_ef5ea5be,1778854311.9085789,7.0,966.0,1.0,26.48408317565918,0.0,23.294593811035156,-100.0,-100.0,0.0,0.1611165553331375,701.4066616552336,26.48408317565918,27.10686492919922
run_1778853771_ef5ea5be,1778854313.8208385,7.0,966.0,1.0,26.439584732055664,0.0,23.24453353881836,-100.0,-100.0,0.0,0.17552722990512848,699.051640803551,26.439584732055664,27.10686492919922
run_1778853771_ef5ea5be,1778854315.825953,7.0,966.0,1.0,26.439584732055664,0.0,23.24453353881836,-100.0,-100.0,0.0,0.15878377854824066,699.051640803551,26.439584732055664,27.10686492919922
run_1778853771_ef5ea5be,1778854317.8156617,7.0,966.0,1.0,26.395118713378906,0.0,23.194509506225586,-100.0,-100.0,0.0,0.17339523136615753,696.7022918933653,26.395118713378906,27.10686492919922
run_1778853771_ef5ea5be,1778854319.8326,7.0,966.0,1.0,26.350648880004883,0.0,23.144479751586914,-100.0,-100.0,0.0,0.18783308565616608,694.3566963973026,26.350648880004883,27.10686492919922
run_1778853771_ef5ea5be,1778854321.855425,7.0,966.0,1.0,26.350648880004883,0.0,23.144479751586914,-100.0,-100.0,0.0,0.1699158102273941,694.3566963973026,26.350648880004883,27.10686492919922
run_1778853771_ef5ea5be,1778854323.8273215,7.0,966.0,1.0,26.306182861328125,0.0,23.09445571899414,-100.0,-100.0,0.0,0.1846829205751419,692.0152567336336,26.306182861328125,27.10686492919922
run_1778853771_ef5ea5be,1778854325.8172426,7.0,966.0,1.0,26.306182861328125,0.0,23.09445571899414,-100.0,-100.0,0.0,0.16706611216068268,692.0152567336336,26.306182861328125,27.10686492919922
run_1778853771_ef5ea5be,1778854327.8249938,7.0,966.0,1.0,26.261714935302734,0.0,23.044429779052734,-100.0,-100.0,0.0,0.18210642039775848,689.6776713431027,26.261714935302734,27.10686492919922
run_1778853771_ef5ea5be,1778854329.8177102,7.0,966.0,1.0,26.261714935302734,0.0,23.044429779052734,-100.0,-100.0,0.0,0.16473537683486938,689.6776713431027,26.261714935302734,27.10686492919922
run_1778853771_ef5ea5be,1778854331.8435354,7.0,966.0,1.0,26.261714935302734,0.0,23.044429779052734,-100.0,-100.0,0.0,0.14902135729789734,689.6776713431027,26.261714935302734,27.10686492919922
run_1778853771_ef5ea5be,1778854333.8183272,7.0,966.0,1.0,26.21722412109375,0.0,22.99437713623047,-100.0,-100.0,0.0,0.15710784494876862,687.34284061566,26.21722412109375,27.10686492919922
run_1778853771_ef5ea5be,1778854336.8521154,7.0,966.0,1.0,26.1727294921875,0.0,22.944320678710938,-100.0,-100.0,0.0,0.1716013103723526,685.0117690712214,26.1727294921875,27.10686492919922
run_1778853771_ef5ea5be,1778854338.862291,7.0,966.0,1.0,26.1727294921875,0.0,22.944320678710938,-100.0,-100.0,0.0,0.15523234009742737,685.0117690712214,26.1727294921875,27.10686492919922
run_1778853771_ef5ea5be,1778854340.824271,7.0,966.0,1.0,26.1727294921875,0.0,22.944320678710938,-100.0,-100.0,0.0,0.14042478799819946,685.0117690712214,26.1727294921875,27.10686492919922
run_1778853771_ef5ea5be,1778854342.8311143,7.0,966.0,1.0,26.128292083740234,0.0,22.894329071044922,-100.0,-100.0,0.0,0.15588724613189697,682.6876472132426,26.128292083740234,27.10686492919922
run_1778853771_ef5ea5be,1778854344.8178189,7.0,966.0,1.0,26.128292083740234,0.0,22.894329071044922,-100.0,-100.0,0.0,0.14101721346378326,682.6876472132426,26.128292083740234,27.10686492919922
run_1778853771_ef5ea5be,1778854346.8226016,7.0,966.0,1.0,26.083799362182617,0.0,22.844274520874023,-100.0,-100.0,0.0,0.15645907819271088,680.3645891665983,26.083799362182617,27.10686492919922
run_1778853771_ef5ea5be,1778854348.8263822,7.0,966.0,1.0,26.039339065551758,0.0,22.79425621032715,-100.0,-100.0,0.0,0.17099164426326752,678.0471789707699,26.039339065551758,27.10686492919922
run_1778853771_ef5ea5be,1778854350.8333895,7.0,966.0,1.0,26.039339065551758,0.0,22.79425621032715,-100.0,-100.0,0.0,0.15468086302280426,678.0471789707699,26.039339065551758,27.10686492919922
run_1778853771_ef5ea5be,1778854352.817797,7.0,966.0,1.0,26.039339065551758,0.0,22.79425621032715,-100.0,-100.0,0.0,0.13992592692375183,678.0471789707699,26.039339065551758,27.10686492919922
run_1778853771_ef5ea5be,1778854354.8266668,7.0,966.0,1.0,25.994848251342773,0.0,22.744203567504883,-100.0,-100.0,0.0,0.15547066926956177,675.7321356103384,25.994848251342773,27.10686492919922
run_1778853771_ef5ea5be,1778854356.8590448,7.0,966.0,1.0,25.994848251342773,0.0,22.744203567504883,-100.0,-100.0,0.0,0.14064040780067444,675.7321356103384,25.994848251342773,27.10686492919922
run_1778853771_ef5ea5be,1778854359.376128,7.0,966.0,1.0,25.950355529785156,0.0,22.694150924682617,-100.0,-100.0,0.0,0.156118243932724,673.420952122251,25.950355529785156,27.10686492919922
run_1778853771_ef5ea5be,1778854361.262563,7.0,966.0,1.0,25.950355529785156,0.0,22.694150924682617,-100.0,-100.0,0.0,0.1412261575460434,673.420952122251,25.950355529785156,27.10686492919922
run_1778853771_ef5ea5be,1778854362.8350794,7.0,966.0,1.0,25.905921936035156,0.0,22.644163131713867,-100.0,-100.0,0.0,0.1583986133337021,671.1167913559475,25.905921936035156,27.10686492919922
run_1778853771_ef5ea5be,1778854364.8528368,7.0,966.0,1.0,25.905921936035156,0.0,22.644163131713867,-100.0,-100.0,0.0,0.14328905940055847,671.1167913559475,25.905921936035156,27.10686492919922
run_1778853771_ef5ea5be,1778854366.824464,7.0,966.0,1.0,25.861433029174805,0.0,22.594112396240234,-100.0,-100.0,0.0,0.15246568620204926,668.8137183224935,25.861433029174805,27.10686492919922
run_1778853771_ef5ea5be,1778854369.826579,7.0,966.0,1.0,25.861433029174805,0.0,22.594112396240234,-100.0,-100.0,0.0,0.13792209327220917,668.8137183224935,25.861433029174805,27.10686492919922
run_1778853771_ef5ea5be,1778854371.8173983,7.0,966.0,1.0,25.81697654724121,0.0,22.544097900390625,-100.0,-100.0,0.0,0.15636159479618073,666.5162780408027,25.81697654724121,27.10686492919922
run_1778853771_ef5ea5be,1778854373.8228273,7.0,966.0,1.0,25.81697654724121,0.0,22.544097900390625,-100.0,-100.0,0.0,0.1414463371038437,666.5162780408027,25.81697654724121,27.10686492919922
run_1778853771_ef5ea5be,1778854375.8763216,7.0,966.0,1.0,25.77248764038086,0.0,22.494049072265625,-100.0,-100.0,0.0,0.15713591873645782,664.2211191735842,25.77248764038086,27.10686492919922
run_1778853771_ef5ea5be,1778854377.818201,7.0,966.0,1.0,25.77248764038086,0.0,22.494049072265625,-100.0,-100.0,0.0,0.1421467661857605,664.2211191735842,25.77248764038086,27.10686492919922
run_1778853771_ef5ea5be,1778854379.8192112,7.0,966.0,1.0,25.728031158447266,0.0,22.444034576416016,-100.0,-100.0,0.0,0.15833882987499237,661.9315872900333,25.728031158447266,27.10686492919922
run_1778853771_ef5ea5be,1778854381.821493,7.0,966.0,1.0,25.728031158447266,0.0,22.444034576416016,-100.0,-100.0,0.0,0.1432349979877472,661.9315872900333,25.728031158447266,27.10686492919922
run_1778853771_ef5ea5be,1778854383.8303003,7.0,966.0,1.0,25.63908576965332,0.0,22.343971252441406,-100.0,-100.0,0.0,0.19094207882881165,657.3627191036394,25.63908576965332,27.10686492919922
run_1778853771_ef5ea5be,1778854385.8231404,7.0,966.0,1.0,25.59463119506836,0.0,22.293960571289062,-100.0,-100.0,0.0,0.20308081805706024,655.0851460115664,25.59463119506836,27.10686492919922
run_1778853771_ef5ea5be,1778854387.8163967,7.0,966.0,1.0,25.55017852783203,0.0,22.24394989013672,-100.0,-100.0,0.0,0.21530216932296753,652.811622804089,25.55017852783203,27.10686492919922
run_1778853771_ef5ea5be,1778854389.8487926,7.0,966.0,1.0,25.505664825439453,0.0,22.193872451782227,-100.0,-100.0,0.0,0.22515758872032166,650.5389381876594,25.505664825439453,27.10686492919922
run_1778853771_ef5ea5be,1778854391.8933923,7.0,966.0,1.0,25.461238861083984,0.0,22.143892288208008,-100.0,-100.0,0.0,0.23341086506843567,648.2746843411733,25.461238861083984,27.10686492919922
run_1778853771_ef5ea5be,1778854393.8229508,7.0,966.0,1.0,25.416786193847656,0.0,22.093883514404297,-100.0,-100.0,0.0,0.2414972484111786,646.0130204237648,25.416786193847656,27.10686492919922
run_1778853771_ef5ea5be,1778854395.8345878,7.0,966.0,1.0,25.32785415649414,0.0,21.99383544921875,-100.0,-100.0,0.0,0.27982062101364136,641.5001961726375,25.32785415649414,27.10686492919922
run_1778853771_ef5ea5be,1778854397.8290017,7.0,966.0,1.0,25.283370971679688,0.0,21.94379234313965,-100.0,-100.0,0.0,0.2835008203983307,639.2488476915751,25.283370971679688,27.10686492919922
run_1778853771_ef5ea5be,1778854399.8363793,7.0,966.0,1.0,25.194469451904297,0.0,21.843778610229492,-100.0,-100.0,0.0,0.31779712438583374,634.7612909629388,25.194469451904297,27.10686492919922
run_1778853771_ef5ea5be,1778854401.8330808,7.0,966.0,1.0,25.150020599365234,0.0,21.793773651123047,-100.0,-100.0,0.0,0.3178313970565796,632.5235361484956,25.150020599365234,27.10686492919922
run_1778853771_ef5ea5be,1778854403.8273857,7.0,966.0,1.0,25.061067581176758,0.0,21.693700790405273,-100.0,-100.0,0.0,0.34888970851898193,628.0571083083087,25.061067581176758,27.10686492919922
run_1778853771_ef5ea5be,1778854405.8258576,7.0,966.0,1.0,25.01659393310547,0.0,21.643667221069336,-100.0,-100.0,0.0,0.3465898931026459,625.8299720138893,25.01659393310547,27.10686492919922
run_1778853771_ef5ea5be,1778854407.8248127,7.0,966.0,1.0,24.927698135375977,0.0,21.54366111755371,-100.0,-100.0,0.0,0.37486526370048523,621.3901343284269,24.927698135375977,27.10686492919922
run_1778853771_ef5ea5be,1778854409.837384,7.0,966.0,1.0,24.883251190185547,0.0,21.4936580657959,-100.0,-100.0,0.0,0.37006908655166626,619.1761897938704,24.883251190185547,27.10686492919922
run_1778853771_ef5ea5be,1778854411.8269224,7.0,966.0,1.0,24.749921798706055,0.0,21.34366226196289,-100.0,-100.0,0.0,0.42768359184265137,612.5586290420651,24.749921798706055,27.10686492919922
run_1778853771_ef5ea5be,1778854413.8474734,7.0,966.0,1.0,24.705448150634766,0.0,21.293630599975586,-100.0,-100.0,0.0,0.41786766052246094,610.3591683237028,24.705448150634766,27.10686492919922
run_1778853771_ef5ea5be,1778854415.824634,7.0,966.0,1.0,24.616539001464844,0.0,21.193607330322266,-100.0,-100.0,0.0,0.4393526315689087,605.9739924106398,24.616539001464844,27.10686492919922
run_1778853771_ef5ea5be,1778854417.8218577,7.0,966.0,1.0,24.57208251953125,0.0,21.143592834472656,-100.0,-100.0,0.0,0.42841169238090515,603.7872393466532,24.57208251953125,27.10686492919922
run_1778853771_ef5ea5be,1778854419.818852,7.0,966.0,1.0,24.438722610473633,0.0,20.993562698364258,-100.0,-100.0,0.0,0.4786379039287567,597.2511628316752,24.438722610473633,27.10686492919922
run_1778853771_ef5ea5be,1778854421.828767,7.0,966.0,1.0,24.394285202026367,0.0,20.943571090698242,-100.0,-100.0,0.0,0.4639362394809723,595.0811505178026,24.394285202026367,27.10686492919922
run_1778853771_ef5ea5be,1778854423.8457525,7.0,966.0,1.0,24.216514587402344,0.0,20.74357795715332,-100.0,-100.0,0.0,0.5423376560211182,586.4395787618705,24.216514587402344,27.10686492919922
run_1778853771_ef5ea5be,1778854425.8265116,7.0,966.0,1.0,24.172046661376953,0.0,20.693553924560547,-100.0,-100.0,0.0,0.5215810537338257,584.2878397997847,24.172046661376953,27.10686492919922
run_1778853771_ef5ea5be,1778854427.8224833,7.0,966.0,1.0,24.038734436035156,0.0,20.543577194213867,-100.0,-100.0,0.0,0.5628869533538818,577.8607532862225,24.038734436035156,27.10686492919922
run_1778853771_ef5ea5be,1778854429.8636603,7.0,966.0,1.0,23.949857711791992,0.0,20.44359016418457,-100.0,-100.0,0.0,0.571105420589447,573.5956844150824,23.949857711791992,27.10686492919922
run_1778853771_ef5ea5be,1778854431.827351,7.0,966.0,1.0,23.905399322509766,0.0,20.393573760986328,-100.0,-100.0,0.0,0.5463806390762329,571.4681167686504,23.905399322509766,27.10686492919922
run_1778853771_ef5ea5be,1778854433.8232915,7.0,966.0,1.0,23.72765350341797,0.0,20.19361114501953,-100.0,-100.0,0.0,0.6144662499427795,563.001540778263,23.72765350341797,27.10686492919922
run_1778853771_ef5ea5be,1778854435.8378193,7.0,966.0,1.0,23.683202743530273,0.0,20.14360237121582,-100.0,-100.0,0.0,0.5856001377105713,560.8940921911599,23.683202743530273,27.10686492919922
run_1778853771_ef5ea5be,1778854437.8661208,7.0,966.0,1.0,23.505470275878906,0.0,19.943653106689453,-100.0,-100.0,0.0,0.6499354243278503,552.5071328902268,23.505470275878906,27.10686492919922
run_1778853771_ef5ea5be,1778854439.8316154,7.0,966.0,1.0,23.46104621887207,0.0,19.8936767578125,-100.0,-100.0,0.0,0.6176681518554688,550.4206896840515,23.46104621887207,27.10686492919922
run_1778853771_ef5ea5be,1778854441.834535,7.0,966.0,1.0,23.283300399780273,0.0,19.69371223449707,-100.0,-100.0,0.0,0.6789541840553284,542.1120775064082,23.283300399780273,27.10686492919922
run_1778853771_ef5ea5be,1778854443.8325446,7.0,966.0,1.0,23.194446563720703,0.0,19.593751907348633,-100.0,-100.0,0.0,0.6736524701118469,537.9823513972951,23.194446563720703,27.10686492919922
run_1778853771_ef5ea5be,1778854446.053658,7.0,966.0,1.0,23.061176300048828,0.0,19.443824768066406,-100.0,-100.0,0.0,0.6986162662506104,531.8178523419338,23.061176300048828,27.10686492919922
run_1778853771_ef5ea5be,1778854447.8234754,7.0,966.0,1.0,22.97231674194336,0.0,19.343856811523438,-100.0,-100.0,0.0,0.6914425492286682,527.7273364921712,22.97231674194336,27.10686492919922
run_1778853771_ef5ea5be,1778854449.8471196,7.0,966.0,1.0,22.794599533081055,0.0,19.143924713134766,-100.0,-100.0,0.0,0.7456721663475037,519.593767873539,22.794599533081055,27.10686492919922
run_1778853771_ef5ea5be,1778854451.8243086,7.0,966.0,1.0,22.705760955810547,0.0,19.043981552124023,-100.0,-100.0,0.0,0.7339956760406494,515.5515805824107,22.705760955810547,27.10686492919922
run_1778853771_ef5ea5be,1778854453.8260443,7.0,966.0,1.0,22.528078079223633,0.0,18.844087600708008,-100.0,-100.0,0.0,0.7841426730155945,507.51430194359637,22.528078079223633,27.10686492919922
run_1778853771_ef5ea5be,1778854455.841962,7.0,966.0,1.0,22.439247131347656,0.0,18.744152069091797,-100.0,-100.0,0.0,0.7687916159629822,503.519811821694,22.439247131347656,27.10686492919922
run_1778853771_ef5ea5be,1778854457.8206239,7.0,966.0,1.0,22.261592864990234,0.0,18.54429054260254,-100.0,-100.0,0.0,0.8155996799468994,495.5785168865841,22.261592864990234,27.10686492919922
run_1778853771_ef5ea5be,1778854459.959379,7.0,966.0,1.0,22.172725677490234,0.0,18.44431495666504,-100.0,-100.0,0.0,0.7984766960144043,491.6297639692348,22.172725677490234,27.10686492919922
run_1778853771_ef5ea5be,1778854461.8952007,7.0,966.0,1.0,21.995086669921875,0.0,18.24447250366211,-100.0,-100.0,0.0,0.8424426317214966,483.78383761737496,21.995086669921875,27.10686492919922
run_1778853771_ef5ea5be,1778854463.8371437,7.0,966.0,1.0,21.90630340576172,0.0,18.144590377807617,-100.0,-100.0,0.0,0.8227016925811768,479.8861289052875,21.90630340576172,27.10686492919922
run_1778853771_ef5ea5be,1778854465.8288653,7.0,966.0,1.0,21.7286376953125,0.0,17.944717407226562,-100.0,-100.0,0.0,0.8643739223480225,472.1336960941553,21.7286376953125,27.10686492919922
run_1778853771_ef5ea5be,1778854467.8338528,7.0,966.0,1.0,21.639829635620117,0.0,17.84480857849121,-100.0,-100.0,0.0,0.8425580263137817,468.2822266586627,21.639829635620117,27.10686492919922
run_1778853771_ef5ea5be,1778854469.8436177,7.0,966.0,1.0,21.46221160888672,0.0,17.644987106323242,-100.0,-100.0,0.0,0.8823052048683167,460.62652714463184,21.46221160888672,27.10686492919922
run_1778853771_ef5ea5be,1778854471.8242095,7.0,966.0,1.0,21.373382568359375,0.0,17.545055389404297,-100.0,-100.0,0.0,0.8587931394577026,456.8214824134484,21.373382568359375,27.10686492919922
run_1778853771_ef5ea5be,1778854473.8285556,7.0,966.0,1.0,21.195819854736328,0.0,17.345298767089844,-100.0,-100.0,0.0,0.896953821182251,449.26277931443474,21.195819854736328,27.10686492919922
run_1778853771_ef5ea5be,1778854475.829195,7.0,966.0,1.0,21.107013702392578,0.0,17.245391845703125,-100.0,-100.0,0.0,0.8720287084579468,445.50602743298805,21.107013702392578,27.10686492919922
run_1778853771_ef5ea5be,1778854477.8333237,7.0,966.0,1.0,20.885013580322266,0.0,16.995641708374023,-100.0,-100.0,0.0,0.9398810863494873,436.18379225024546,20.885013580322266,27.10686492919922
run_1778853771_ef5ea5be,1778854479.8500278,7.0,966.0,1.0,20.796220779418945,0.0,16.895748138427734,-100.0,-100.0,0.0,0.910852313041687,432.4827987063363,20.796220779418945,27.10686492919922
run_1778853771_ef5ea5be,1778854481.8249555,7.0,966.0,1.0,20.618696212768555,0.0,16.696033477783203,-100.0,-100.0,0.0,0.9440210461616516,425.13063351443634,20.618696212768555,27.10686492919922
run_1778853771_ef5ea5be,1778854483.8496172,7.0,966.0,1.0,20.48548698425293,0.0,16.546173095703125,-100.0,-100.0,0.0,0.9449238181114197,419.6551769819962,20.48548698425293,27.10686492919922
run_1778853771_ef5ea5be,1778854485.8447506,7.0,966.0,1.0,20.307950973510742,0.0,16.346445083618164,-100.0,-100.0,0.0,0.9761030077934265,412.4128727425159,20.307950973510742,27.10686492919922
run_1778853771_ef5ea5be,1778854487.830507,7.0,966.0,1.0,20.219173431396484,0.0,16.246570587158203,-100.0,-100.0,0.0,0.943608283996582,408.8149742488895,20.219173431396484,27.10686492919922
run_1778853771_ef5ea5be,1778854489.893062,7.0,966.0,1.0,19.99725341796875,0.0,15.996910095214844,-100.0,-100.0,0.0,1.006457805633545,399.89014426246285,19.99725341796875,27.10686492919922
run_1778853771_ef5ea5be,1778854491.8360643,7.0,966.0,1.0,19.90850067138672,0.0,15.897062301635742,-100.0,-100.0,0.0,0.9710508584976196,396.34839898260543,19.90850067138672,27.10686492919922
run_1778853771_ef5ea5be,1778854493.8342526,7.0,966.0,1.0,19.730985641479492,0.0,15.697358131408691,-100.0,-100.0,0.0,0.9997238516807556,389.3117943842699,19.730985641479492,27.10686492919922
run_1778853771_ef5ea5be,1778854495.8258932,7.0,966.0,1.0,19.64223861694336,0.0,15.597518920898438,-100.0,-100.0,0.0,0.9649550318717957,385.817537884941,19.64223861694336,27.10686492919922
run_1778853771_ef5ea5be,1778854497.8478205,7.0,966.0,1.0,19.420364379882812,0.0,15.347909927368164,-100.0,-100.0,0.0,1.0257368087768555,377.15055264742114,19.420364379882812,27.10686492919922
run_1778853771_ef5ea5be,1778854499.8358212,7.0,966.0,1.0,19.331626892089844,0.0,15.24808120727539,-100.0,-100.0,0.0,0.988480269908905,373.71179829497123,19.331626892089844,27.10686492919922
run_1778853771_ef5ea5be,1778854501.8366659,7.0,966.0,1.0,19.10977554321289,0.0,14.998497009277344,-100.0,-100.0,0.0,1.0445724725723267,365.18352131197753,19.10977554321289,27.10686492919922
run_1778853771_ef5ea5be,1778854503.8293889,7.0,966.0,1.0,19.02104949951172,0.0,14.898679733276367,-100.0,-100.0,0.0,1.0055114030838013,361.800324062875,19.02104949951172,27.10686492919922
run_1778853771_ef5ea5be,1778854505.8295934,7.0,966.0,1.0,18.799236297607422,0.0,14.649140357971191,-100.0,-100.0,0.0,1.0599526166915894,353.4112853732804,18.799236297607422,27.10686492919922
run_1778853771_ef5ea5be,1778854507.825202,7.0,966.0,1.0,18.710519790649414,0.0,14.549334526062012,-100.0,-100.0,0.0,1.0194180011749268,350.0835508362834,18.710519790649414,27.10686492919922
run_1778853771_ef5ea5be,1778854509.8316214,7.0,966.0,1.0,18.48871612548828,0.0,14.2998046875,-100.0,-100.0,0.0,1.0725250244140625,341.8326239688904,18.48871612548828,27.10686492919922
run_1778853771_ef5ea5be,1778854511.8401098,7.0,966.0,1.0,18.400005340576172,0.0,14.200005531311035,-100.0,-100.0,0.0,1.0307872295379639,338.56019653323165,18.400005340576172,27.10686492919922
run_1778853771_ef5ea5be,1778854513.829479,7.0,966.0,1.0,18.17819595336914,0.0,13.950470924377441,-100.0,-100.0,0.0,1.0864237546920776,330.4468081190862,18.17819595336914,27.10686492919922
run_1778853771_ef5ea5be,1778854515.8602283,7.0,966.0,1.0,18.089496612548828,0.0,13.85068416595459,-100.0,-100.0,0.0,1.0433523654937744,327.2298876954155,18.089496612548828,27.10686492919922
run_1778853771_ef5ea5be,1778854517.830081,7.0,966.0,1.0,17.91212272644043,0.0,13.651138305664062,-100.0,-100.0,0.0,1.066210389137268,320.84414056706373,17.91212272644043,27.10686492919922
run_1778853771_ef5ea5be,1778854519.8352547,7.0,966.0,1.0,17.82343292236328,0.0,13.551361083984375,-100.0,-100.0,0.0,1.0250605344772339,317.6747611379833,17.82343292236328,27.10686492919922
run_1778853771_ef5ea5be,1778854521.831247,7.0,966.0,1.0,17.601665496826172,0.0,13.301875114440918,-100.0,-100.0,0.0,1.0812128782272339,309.8186282621609,17.601665496826172,27.10686492919922
run_1778853771_ef5ea5be,1778854523.8493273,7.0,966.0,1.0,17.512983322143555,0.0,13.202106475830078,-100.0,-100.0,0.0,1.0386269092559814,306.7045848416783,17.512983322143555,27.10686492919922
run_1778853771_ef5ea5be,1778854526.1210852,7.0,966.0,1.0,17.29129981994629,0.0,12.952713012695312,-100.0,-100.0,0.0,1.0915879011154175,298.98904946327457,17.29129981994629,27.10686492919922
run_1778853771_ef5ea5be,1778854527.8261921,7.0,966.0,1.0,17.202613830566406,0.0,12.852941513061523,-100.0,-100.0,0.0,1.0480146408081055,295.9299226035946,17.202613830566406,27.10686492919922
run_1778853771_ef5ea5be,1778854530.0428543,7.0,966.0,1.0,16.980924606323242,0.0,12.603540420532227,-100.0,-100.0,0.0,1.100083589553833,288.35180048563416,16.980924606323242,27.10686492919922
run_1778853771_ef5ea5be,1778854531.83174,7.0,966.0,1.0,16.892263412475586,0.0,12.503795623779297,-100.0,-100.0,0.0,1.055682897567749,285.3485631964613,16.892263412475586,27.10686492919922
run_1778853771_ef5ea5be,1778854533.83992,7.0,966.0,1.0,16.670597076416016,0.0,12.25442123413086,-100.0,-100.0,0.0,1.1070047616958618,277.9088068842102,16.670597076416016,27.10686492919922
run_1778853771_ef5ea5be,1778854535.8296952,7.0,966.0,1.0,16.58194351196289,0.0,12.154685974121094,-100.0,-100.0,0.0,1.0619386434555054,274.9608506339282,16.58194351196289,27.10686492919922
run_1778853771_ef5ea5be,1778854537.8304198,7.0,966.0,1.0,16.360301971435547,0.0,11.905338287353516,-100.0,-100.0,0.0,1.1126466989517212,267.65948059655784,16.360301971435547,27.10686492919922
run_1778853771_ef5ea5be,1778854539.8385293,7.0,966.0,1.0,16.22731590270996,0.0,11.755729675292969,-100.0,-100.0,0.0,1.0991508960723877,263.3257814063436,16.22731590270996,27.10686492919922
run_1778853771_ef5ea5be,1778854541.8246405,7.0,966.0,1.0,16.0500545501709,0.0,11.556310653686523,-100.0,-100.0,0.0,1.116608738899231,257.60425106346156,16.0500545501709,27.10686492919922
run_1778853771_ef5ea5be,1778854543.8360436,7.0,966.0,1.0,15.91706657409668,0.0,11.406699180603027,-100.0,-100.0,0.0,1.102736234664917,253.3530083242258,15.91706657409668,27.10686492919922
run_1778853771_ef5ea5be,1778854545.828594,7.0,966.0,1.0,15.695489883422852,0.0,11.157426834106445,-100.0,-100.0,0.0,1.1513465642929077,246.34840268062908,15.695489883422852,27.10686492919922
run_1778853771_ef5ea5be,1778854547.8356466,7.0,966.0,1.0,15.606865882873535,0.0,11.057723999023438,-100.0,-100.0,0.0,1.103256106376648,243.57426268600193,15.606865882873535,27.10686492919922
run_1778853771_ef5ea5be,1778854549.8690794,7.0,966.0,1.0,15.385299682617188,0.0,10.80846118927002,-100.0,-100.0,0.0,1.1499708890914917,236.70744632394053,15.385299682617188,27.10686492919922
run_1778853771_ef5ea5be,1778854551.8445284,7.0,966.0,1.0,15.296683311462402,0.0,10.708768844604492,-100.0,-100.0,0.0,1.1020066738128662,233.98852033117237,15.296683311462402,27.10686492919922
run_1778853771_ef5ea5be,1778854553.8340378,7.0,966.0,1.0,15.075139045715332,0.0,10.459531784057617,-100.0,-100.0,0.0,1.1488256454467773,227.25981724765097,15.075139045715332,27.10686492919922
run_1778853771_ef5ea5be,1778854555.8420265,7.0,966.0,1.0,14.98652172088623,0.0,10.35983657836914,-100.0,-100.0,0.0,1.1009711027145386,224.59583329059478,14.98652172088623,27.10686492919922
run_1778853771_ef5ea5be,1778854557.858315,7.0,966.0,1.0,14.764999389648438,0.0,10.110624313354492,-100.0,-100.0,0.0,1.1497130393981934,218.00520697631873,14.764999389648438,27.10686492919922
run_1778853771_ef5ea5be,1778854559.8477135,7.0,966.0,1.0,14.676403999328613,0.0,10.010954856872559,-100.0,-100.0,0.0,1.1017587184906006,215.39683435150891,14.676403999328613,27.10686492919922
run_1778853771_ef5ea5be,1778854561.854304,7.0,966.0,1.0,14.454906463623047,0.0,9.761770248413086,-100.0,-100.0,0.0,1.1504079103469849,208.94432087209134,14.454906463623047,27.10686492919922
run_1778853771_ef5ea5be,1778854563.8323982,7.0,966.0,1.0,14.366349220275879,0.0,9.662142753601074,-100.0,-100.0,0.0,1.1023608446121216,206.39198991892135,14.366349220275879,27.10686492919922
run_1778853771_ef5ea5be,1778854565.8360493,7.0,966.0,1.0,14.277765274047852,0.0,9.56248664855957,-100.0,-100.0,0.0,1.0564898252487183,203.85458122080672,14.277765274047852,27.10686492919922
run_1778853771_ef5ea5be,1778854567.8426223,7.0,966.0,1.0,14.100564956665039,0.0,9.36313533782959,-100.0,-100.0,0.0,1.0755468606948853,198.82593209713013,14.100564956665039,27.10686492919922
run_1778853771_ef5ea5be,1778854569.8350248,7.0,966.0,1.0,13.967681884765625,0.0,9.213642120361328,-100.0,-100.0,0.0,1.0618796348571777,195.0961372340098,13.967681884765625,27.10686492919922
run_1778853771_ef5ea5be,1778854571.8299174,7.0,966.0,1.0,13.74626636505127,0.0,8.964550018310547,-100.0,-100.0,0.0,1.1094245910644531,188.95983897893984,13.74626636505127,27.10686492919922
run_1778853771_ef5ea5be,1778854573.840901,7.0,966.0,1.0,13.657672882080078,0.0,8.864882469177246,-100.0,-100.0,0.0,1.062886118888855,186.53202855390555,13.657672882080078,27.10686492919922
run_1778853771_ef5ea5be,1778854575.8287368,7.0,966.0,1.0,13.436283111572266,0.0,8.61581802368164,-100.0,-100.0,0.0,1.112118124961853,180.53370385432208,13.436283111572266,27.10686492919922
run_1778853771_ef5ea5be,1778854577.839167,7.0,966.0,1.0,13.347726821899414,0.0,8.516192436218262,-100.0,-100.0,0.0,1.0652978420257568,178.16181131205303,13.347726821899414,27.10686492919922
run_1778853771_ef5ea5be,1778854579.8470309,7.0,966.0,1.0,13.126331329345703,0.0,8.267122268676758,-100.0,-100.0,0.0,1.114303469657898,172.30057416776253,13.126331329345703,27.10686492919922
run_1778853771_ef5ea5be,1778854581.8280694,7.0,966.0,1.0,13.037742614746094,0.0,8.167460441589355,-100.0,-100.0,0.0,1.0672962665557861,169.9827324883663,13.037742614746094,27.10686492919922
run_1778853771_ef5ea5be,1778854583.8372936,7.0,966.0,1.0,12.860688209533691,0.0,7.968274116516113,-100.0,-100.0,0.0,1.0852251052856445,165.3973012228389,12.860688209533691,27.10686492919922
run_1778853771_ef5ea5be,1778854585.8682613,7.0,966.0,1.0,12.727863311767578,0.0,7.818845272064209,-100.0,-100.0,0.0,1.0705958604812622,161.99850448303914,12.727863311767578,27.10686492919922
run_1778853771_ef5ea5be,1778854587.836946,7.0,966.0,1.0,12.550798416137695,0.0,7.61964750289917,-100.0,-100.0,0.0,1.0882163047790527,157.52254088252448,12.550798416137695,27.10686492919922
run_1778853771_ef5ea5be,1778854589.9399638,7.0,966.0,1.0,12.462226867675781,0.0,7.520005702972412,-100.0,-100.0,0.0,1.0436861515045166,155.3070985014201,12.462226867675781,27.10686492919922
run_1778853771_ef5ea5be,1778854591.835249,7.0,966.0,1.0,12.240926742553711,0.0,7.271042346954346,-100.0,-100.0,0.0,1.0928890705108643,149.8402875165666,12.240926742553711,27.10686492919922
run_1778853771_ef5ea5be,1778854593.8447015,7.0,966.0,1.0,12.152406692504883,0.0,7.171457767486572,-100.0,-100.0,0.0,1.0490785837173462,147.68098842003747,12.152406692504883,27.10686492919922
run_1778853771_ef5ea5be,1778854595.852138,7.0,966.0,1.0,11.931102752685547,0.0,6.922489643096924,-100.0,-100.0,0.0,1.097768783569336,142.35121289514063,11.931102752685547,27.10686492919922
run_1778853771_ef5ea5be,1778854597.8465621,7.0,966.0,1.0,11.84256362915039,0.0,6.8228840827941895,-100.0,-100.0,0.0,1.0535060167312622,140.24631331047567,11.84256362915039,27.10686492919922
run_1778853771_ef5ea5be,1778854599.8364148,7.0,966.0,1.0,11.621309280395508,0.0,6.573972702026367,-100.0,-100.0,0.0,1.1017409563064575,135.05482939060676,11.621309280395508,27.10686492919922
run_1778853771_ef5ea5be,1778854602.1430764,7.0,966.0,1.0,11.532794952392578,0.0,6.474394798278809,-100.0,-100.0,0.0,1.057082176208496,133.00535941393173,11.532794952392578,27.10686492919922
run_1778853771_ef5ea5be,1778854603.8512456,7.0,966.0,1.0,11.355775833129883,0.0,6.275247097015381,-100.0,-100.0,0.0,1.0759615898132324,128.95364477229668,11.355775833129883,27.10686492919922
run_1778853771_ef5ea5be,1778854605.8309958,7.0,966.0,1.0,11.223047256469727,0.0,6.125927448272705,-100.0,-100.0,0.0,1.0639503002166748,125.95678972095266,11.223047256469727,27.10686492919922
run_1778853771_ef5ea5be,1778854608.0548916,7.0,966.0,1.0,11.046072959899902,0.0,5.92683219909668,-100.0,-100.0,0.0,1.0821434259414673,122.01572783543179,11.046072959899902,27.10686492919922
run_1778853771_ef5ea5be,1778854609.8434758,7.0,966.0,1.0,10.957576751708984,0.0,5.827274322509766,-100.0,-100.0,0.0,1.039341688156128,120.06848826959322,10.957576751708984,27.10686492919922
run_1778853771_ef5ea5be,1778854611.836433,7.0,966.0,1.0,10.73636245727539,0.0,5.578406810760498,-100.0,-100.0,0.0,1.0907005071640015,115.26947881399246,10.73636245727539,27.10686492919922
run_1778853771_ef5ea5be,1778854613.8325198,7.0,966.0,1.0,10.692117691040039,0.0,5.528631687164307,-100.0,-100.0,0.0,1.0168684720993042,114.32138071905138,10.692117691040039,27.10686492919922
run_1778853771_ef5ea5be,1778854615.8375256,7.0,966.0,1.0,10.470951080322266,0.0,5.279819488525391,-100.0,-100.0,0.0,1.0685395002365112,109.64081652650202,10.470951080322266,27.10686492919922
run_1778853771_ef5ea5be,1778854617.8396747,7.0,966.0,1.0,10.382472038269043,0.0,5.180280685424805,-100.0,-100.0,0.0,1.0270235538482666,107.79572562543854,10.382472038269043,27.10686492919922
run_1778853771_ef5ea5be,1778854619.8444812,7.0,966.0,1.0,10.205520629882812,0.0,4.981210231781006,-100.0,-100.0,0.0,1.0499728918075562,104.15265132696368,10.205520629882812,27.10686492919922
run_1778853771_ef5ea5be,1778854621.8354023,7.0,966.0,1.0,10.117063522338867,0.0,4.881697177886963,-100.0,-100.0,0.0,1.0102128982543945,102.35497431503973,10.117063522338867,27.10686492919922
run_1778853771_ef5ea5be,1778854623.8728375,7.0,966.0,1.0,9.895941734313965,0.0,4.6329345703125,-100.0,-100.0,0.0,1.0637348890304565,97.92966280893688,9.895941734313965,27.10686492919922
run_1778853771_ef5ea5be,1778854625.8337061,7.0,966.0,1.0,9.807479858398438,0.0,4.5334153175354,-100.0,-100.0,0.0,1.0226657390594482,96.18666117289104,9.807479858398438,27.10686492919922
run_1778853771_ef5ea5be,1778854627.8404682,7.0,966.0,1.0,9.586321830749512,0.0,4.28461217880249,-100.0,-100.0,0.0,1.077449917793274,91.89756624270467,9.586321830749512,27.10686492919922
run_1778853771_ef5ea5be,1778854629.8487515,7.0,966.0,1.0,9.497883796691895,0.0,4.185119152069092,-100.0,-100.0,0.0,1.0350559949874878,90.20979661546244,9.497883796691895,27.10686492919922
run_1778853771_ef5ea5be,1778854632.0724945,7.0,966.0,1.0,9.32103157043457,0.0,3.9861607551574707,-100.0,-100.0,0.0,1.0571699142456055,86.88162953703795,9.32103157043457,27.10686492919922
run_1778853771_ef5ea5be,1778854633.8315163,7.0,966.0,1.0,9.188379287719727,0.0,3.8369274139404297,-100.0,-100.0,0.0,1.0468991994857788,84.42631393499687,9.188379287719727,27.10686492919922
run_1778853771_ef5ea5be,1778854635.844687,7.0,966.0,1.0,9.01148796081543,0.0,3.6379237174987793,-100.0,-100.0,0.0,1.0703322887420654,81.20691526792143,9.01148796081543,27.10686492919922
run_1778853771_ef5ea5be,1778854637.8409512,7.0,966.0,1.0,8.923067092895508,0.0,3.538450241088867,-100.0,-100.0,0.0,1.0286056995391846,79.62112634431469,8.923067092895508,27.10686492919922
run_1778853771_ef5ea5be,1778854639.8469274,7.0,966.0,1.0,8.74625015258789,0.0,3.339531183242798,-100.0,-100.0,0.0,1.0513107776641846,76.4968917316437,8.74625015258789,27.10686492919922
run_1778853771_ef5ea5be,1778854641.8396974,7.0,966.0,1.0,8.657808303833008,0.0,3.2400341033935547,-100.0,-100.0,0.0,1.0114130973815918,74.95764462591978,8.657808303833008,27.10686492919922
run_1778853771_ef5ea5be,1778854643.839647,7.0,966.0,1.0,8.436765670776367,0.0,2.991361379623413,-100.0,-100.0,0.0,1.064768671989441,71.1790149835906,8.436765670776367,27.10686492919922
run_1778853771_ef5ea5be,1778854645.8391523,7.0,966.0,1.0,8.348362922668457,0.0,2.8919076919555664,-100.0,-100.0,-0.12345997244119644,1.0235604047775269,69.69516348858542,8.348362922668457,27.10686492919922
run_1778853771_ef5ea5be,1778854647.8944178,7.0,966.0,1.0,8.171565055847168,0.0,2.693010091781616,-100.0,-100.0,-0.3682883083820343,1.0479084253311157,66.77447546194253,8.171565055847168,27.10686492919922
run_1778853771_ef5ea5be,1778854649.8368204,7.0,966.0,1.0,8.083155632019043,0.0,2.59355092048645,-100.0,-100.0,-0.6086719036102295,1.0083129405975342,65.33740497144117,8.083155632019043,27.10686492919922
run_1778853771_ef5ea5be,1778854651.8595495,7.0,966.0,1.0,7.906372547149658,0.0,2.3946690559387207,-100.0,-100.0,-0.9625802636146545,0.9835480451583862,62.510726854321774,7.906372547149658,27.10686492919922
run_1778853771_ef5ea5be,1778854654.8512506,7.0,966.0,1.0,7.729557991027832,0.0,2.195753335952759,-100.0,-100.0,-1.1932897567749023,1.0093461275100708,59.746066736662215,7.729557991027832,27.10686492919922
run_1778853771_ef5ea5be,1778854656.8711178,7.0,966.0,1.0,7.597007751464844,0.0,2.04663348197937,-100.0,-100.0,-1.419554591178894,1.0026646852493286,57.71452677581692,7.597007751464844,27.10686492919922
run_1778853771_ef5ea5be,1778854658.838158,7.0,966.0,1.0,7.420241355895996,0.0,1.8477717638015747,-100.0,-100.0,-1.6421595811843872,1.0290008783340454,55.05998177974925,7.420241355895996,27.10686492919922
run_1778853771_ef5ea5be,1778854660.859072,7.0,966.0,1.0,7.331868648529053,0.0,1.7483525276184082,-100.0,-100.0,-1.860060691833496,0.9905820488929749,53.75629787928324,7.331868648529053,27.10686492919922
run_1778853771_ef5ea5be,1778854662.8376555,7.0,966.0,1.0,7.155088901519775,0.0,1.5494753122329712,-100.0,-100.0,-2.0737791061401367,1.015683889389038,51.195297188651466,7.155088901519775,27.10686492919922
run_1778853771_ef5ea5be,1778854664.842303,7.0,966.0,1.0,7.066725254058838,0.0,1.4500659704208374,-100.0,-100.0,-2.2838363647460938,0.9785292744636536,49.93860581635295,7.066725254058838,27.10686492919922
run_1778853771_ef5ea5be,1778854666.8463366,7.0,966.0,1.0,6.89003324508667,0.0,1.251287579536438,-99.9140396118164,-98.42904663085938,-2.489713668823242,1.0047210454940796,47.47255811839955,6.89003324508667,27.10686492919922
run_1778853771_ef5ea5be,1778854669.285427,14.0,600.0,24.0,6.713279724121094,0.0,1.0524399280548096,-38.931610107421875,-47.95199966430664,-2.7377490997314453,11.758138656616211,45.06812465429539,6.713279724121094,27.10686492919922
run_1778853771_ef5ea5be,1778854671.8395593,14.0,600.0,24.0,6.536581993103027,0.0,0.8536547422409058,-37.48625183105469,-46.68987274169922,-2.895906448364258,12.099529266357422,42.726904152558745,6.536581993103027,27.10686492919922
run_1778853771_ef5ea5be,1778854673.8432338,14.0,600.0,24.0,6.448222637176514,0.0,0.7542498707771301,-37.4256591796875,-46.05873489379883,-3.050907611846924,11.683982849121094,41.57957517859563,6.448222637176514,27.10686492919922
run_1778853771_ef5ea5be,1778854675.8694801,14.0,600.0,24.0,6.271509647369385,0.0,0.5554481148719788,-35.96669006347656,-44.79650115966797,-3.202754259109497,12.032562255859375,39.331833257047265,6.271509647369385,27.10686492919922
run_1778853771_ef5ea5be,1778854677.8439424,14.0,600.0,24.0,6.18317174911499,0.0,0.45606836676597595,-35.89373779296875,-44.1655158996582,-3.3514461517333984,11.623224258422852,38.23161287905373,6.18317174911499,27.10686492919922
run_1778853771_ef5ea5be,1778854679.8359444,14.0,600.0,24.0,6.006490707397461,0.0,0.257302463054657,-34.42314147949219,-42.903507232666016,-3.496981382369995,11.977348327636719,36.07793061805205,6.006490707397461,27.10686492919922
run_1778853771_ef5ea5be,1778854681.8438993,14.0,600.0,24.0,5.918161392211914,0.0,0.15793158113956451,-34.338741302490234,-42.2725830078125,-3.6393628120422363,11.573204040527344,35.02463426426766,5.918161392211914,27.10686492919922
run_1778853771_ef5ea5be,1778854683.852455,14.0,600.0,24.0,5.741509914398193,0.0,-0.04080131649971008,-32.85752487182617,-41.01078796386719,-3.7785873413085938,11.931848526000977,32.96493609713275,5.741509914398193,27.10686492919922
run_1778853771_ef5ea5be,1778854685.8507438,14.0,600.0,24.0,5.653160095214844,0.0,-0.14019477367401123,-32.76216125488281,-40.37971878051758,-3.9146602153778076,11.532217025756836,31.9582190621295,5.653160095214844,27.10686492919922
run_1778853771_ef5ea5be,1778854687.833483,14.0,600.0,24.0,5.520689487457275,0.0,-0.2892242670059204,-31.96319580078125,-39.43349838256836,-4.0476813316345215,11.517979621887207,30.478012416921274,5.520689487457275,27.10686492919922
run_1778853771_ef5ea5be,1778854689.8410683,14.0,600.0,24.0,5.432346343994141,0.0,-0.3886098265647888,-31.823200225830078,-38.80247497558594,-4.178494453430176,11.157769203186035,29.510386801106506,5.432346343994141,27.10686492919922
run_1778853771_ef5ea5be,1778854691.8443856,14.0,600.0,24.0,5.255739688873291,0.0,-0.5872930288314819,-30.291484832763672,-37.54100036621094,-4.306155204772949,11.555668830871582,27.622799677197918,5.255739688873291,27.10686492919922
run_1778853771_ef5ea5be,1778854693.8368201,14.0,600.0,24.0,5.1674323081970215,0.0,-0.6866382360458374,-30.14933204650879,-36.91023254394531,-4.430662631988525,11.191564559936523,26.702356659798397,5.1674323081970215,27.10686492919922
run_1778853771_ef5ea5be,1778854695.8462336,14.0,600.0,24.0,5.03494119644165,0.0,-0.8356907963752747,-29.28464126586914,-35.9638671875,-4.552748680114746,11.231974601745605,25.350632851625278,5.03494119644165,27.10686492919922
run_1778853771_ef5ea5be,1778854697.84756,14.0,600.0,24.0,4.94664192199707,0.0,-0.9350281953811646,-29.10647964477539,-35.333160400390625,-4.671998500823975,10.898679733276367,24.46926630445887,4.94664192199707,27.10686492919922
run_1778853771_ef5ea5be,1778854699.8397036,14.0,600.0,24.0,4.902484893798828,0.0,-0.9847038984298706,-29.593122482299805,-35.01774978637695,-4.789041519165039,10.21367073059082,24.034358133925707,4.902484893798828,27.10686492919922
run_1778853771_ef5ea5be,1778854701.8486662,14.0,600.0,24.0,4.725896835327148,0.0,-1.183365821838379,-27.987199783325195,-33.75640869140625,-4.9032464027404785,10.672454833984375,22.334100898155157,4.725896835327148,27.10686492919922
run_1778853771_ef5ea5be,1778854703.8326643,14.0,600.0,24.0,4.637606143951416,0.0,-1.2826933860778809,-27.776601791381836,-33.12575912475586,-5.014294624328613,10.363450050354004,21.507390746415922,4.637606143951416,27.10686492919922
run_1778853771_ef5ea5be,1778854705.8558493,14.0,600.0,24.0,4.505138397216797,0.0,-1.431719183921814,-26.842021942138672,-32.179561614990234,-5.123136043548584,10.460675239562988,20.29627197807713,4.505138397216797,27.10686492919922
run_1778853771_ef5ea5be,1778854707.838958,14.0,600.0,24.0,4.416855335235596,0.0,-1.5310379266738892,-26.606088638305664,-31.548967361450195,-5.228931427001953,10.1718111038208,19.508611052399147,4.416855335235596,27.10686492919922
run_1778853771_ef5ea5be,1778854709.8909721,14.0,600.0,24.0,4.284426689147949,0.0,-1.6800205707550049,-25.64857292175293,-30.60304832458496,-5.332520484924316,10.286994934082031,18.356312054683258,4.284426689147949,27.10686492919922
run_1778853771_ef5ea5be,1778854711.8560035,14.0,600.0,24.0,4.1961493492126465,0.0,-1.7793322801589966,-25.390901565551758,-29.972496032714844,-5.43305778503418,10.014652252197266,17.607669360897717,4.1961493492126465,27.10686492919922
run_1778853771_ef5ea5be,1778854713.8364403,14.0,600.0,24.0,4.063732147216797,0.0,-1.9283020496368408,-24.41331672668457,-29.026660919189453,-5.531386852264404,10.14472770690918,16.51391896432324,4.063732147216797,27.10686492919922
run_1778853771_ef5ea5be,1778854715.855399,14.0,600.0,24.0,4.0196027755737305,0.0,-1.9779469966888428,-24.80743980407715,-28.711450576782227,-5.627404689788818,9.531415939331055,16.157206473400038,4.0196027755737305,27.10686492919922
run_1778853771_ef5ea5be,1778854717.846156,14.0,600.0,24.0,3.8871779441833496,0.0,-2.126924991607666,-23.800350189208984,-27.76555633544922,-5.7209014892578125,9.686107635498047,15.110152369745492,3.8871779441833496,27.10686492919922
run_1778853771_ef5ea5be,1778854719.8527977,14.0,600.0,24.0,3.79891300201416,0.0,-2.2262229919433594,-23.476093292236328,-27.135095596313477,-5.811981678009033,9.470982551574707,14.431739996872238,3.79891300201416,27.10686492919922
run_1778853771_ef5ea5be,1778854721.833426,14.0,600.0,24.0,3.6664979457855225,0.0,-2.3751895427703857,-22.458133697509766,-26.189273834228516,-5.900225639343262,9.631366729736328,13.443207186449456,3.6664979457855225,27.10686492919922
run_1778853771_ef5ea5be,1778854723.847439,14.0,600.0,24.0,3.5782253742218018,0.0,-2.474496603012085,-22.12328338623047,-25.558753967285156,-5.986053466796875,9.421525001525879,12.803696828724753,3.5782253742218018,27.10686492919922
run_1778853771_ef5ea5be,1778854725.8536162,14.0,600.0,24.0,3.445863723754883,0.0,-2.623403549194336,-21.07526206970215,-24.613313674926758,-6.069674968719482,9.607725143432617,11.873976802689867,3.445863723754883,27.10686492919922
run_1778853771_ef5ea5be,1778854727.8589625,14.0,600.0,24.0,3.401700973510742,0.0,-2.673086166381836,-21.39596939086914,-24.29786491394043,-6.151195526123047,9.053089141845703,11.571569513183931,3.401700973510742,27.10686492919922
run_1778853771_ef5ea5be,1778854729.8506544,14.0,600.0,24.0,3.225202798843384,0.0,-2.8716466426849365,-19.644975662231445,-23.03716468811035,-6.229669570922852,9.621857643127441,10.401933093667196,3.225202798843384,27.10686492919922
run_1778853771_ef5ea5be,1778854731.8407092,14.0,600.0,24.0,3.181072950363159,0.0,-2.921293020248413,-19.9622802734375,-22.72195053100586,-6.305935859680176,9.065605163574219,10.119225115532174,3.181072950363159,27.10686492919922
run_1778853771_ef5ea5be,1778854733.839801,14.0,600.0,24.0,3.048701286315918,0.0,-3.070211410522461,-18.870698928833008,-21.776439666748047,-6.380095958709717,9.285836219787598,9.294579533184333,3.048701286315918,27.10686492919922
run_1778853771_ef5ea5be,1778854735.8573644,14.0,600.0,24.0,2.960460662841797,0.0,-3.1694817543029785,-18.474729537963867,-21.146148681640625,-6.451629161834717,9.12304973602295,8.764327336233691,2.960460662841797,27.10686492919922
run_1778853771_ef5ea5be,1778854737.8493571,14.0,600.0,24.0,2.8280842304229736,0.0,-3.3184049129486084,-17.38329315185547,-20.200603485107422,-6.520542621612549,9.337852478027344,7.998060414367103,2.8280842304229736,27.10686492919922
run_1778853771_ef5ea5be,1778854739.8558466,14.0,600.0,24.0,2.7398366928100586,0.0,-3.4176836013793945,-16.9869327545166,-19.570262908935547,-6.586830139160156,9.170159339904785,7.506705103268359,2.7398366928100586,27.10686492919922
run_1778853771_ef5ea5be,1778854741.8491042,14.0,600.0,24.0,2.607499599456787,0.0,-3.566563129425049,-15.895342826843262,-18.624998092651367,-6.650485038757324,9.380141258239746,6.799054161167305,2.607499599456787,27.10686492919922
run_1778853771_ef5ea5be,1778854743.8415725,14.0,600.0,24.0,2.5633790493011475,0.0,-3.616198778152466,-16.175024032592773,-18.309850692749023,-6.712041854858398,8.846868515014648,6.570912150396055,2.5633790493011475,27.10686492919922
run_1778853771_ef5ea5be,1778854745.8530824,14.0,600.0,24.0,2.431035280227661,0.0,-3.765084981918335,-15.04828929901123,-17.364540100097656,-6.771494388580322,9.08774471282959,5.909932533711583,2.431035280227661,27.10686492919922
run_1778853771_ef5ea5be,1778854747.8411515,14.0,600.0,24.0,2.386930227279663,0.0,-3.8147032260894775,-15.296110153198242,-17.049501419067383,-6.828848838806152,8.582239151000977,5.697435909901344,2.386930227279663,27.10686492919922
run_1778853771_ef5ea5be,1778854749.8514488,14.0,600.0,24.0,2.254566192626953,0.0,-3.9636125564575195,-14.160534858703613,-16.104045867919922,-6.883473873138428,8.826985359191895,5.0830687169363955,2.254566192626953,27.10686492919922
run_1778853771_ef5ea5be,1778854751.8521452,14.0,600.0,24.0,2.2104506492614746,0.0,-4.013243198394775,-14.379124641418457,-15.788933753967285,-6.936625957489014,8.346435546875,4.886092072820475,2.2104506492614746,27.10686492919922
run_1778853771_ef5ea5be,1778854753.8745682,14.0,600.0,24.0,2.0781373977661133,0.0,-4.162095546722412,-13.210355758666992,-14.843839645385742,-6.987261772155762,8.620743751525879,4.318655043994113,2.0781373977661133,27.10686492919922
run_1778853771_ef5ea5be,1778854755.9564502,14.0,600.0,24.0,2.0340394973754883,0.0,-4.211705684661865,-13.405346870422363,-14.528854370117188,-7.036219596862793,8.1597261428833,4.137316676883529,2.0340394973754883,27.10686492919922
run_1778853771_ef5ea5be,1778854757.850217,14.0,600.0,24.0,1.901719093322754,0.0,-4.360566139221191,-12.214461326599121,-13.583707809448242,-7.082653045654297,8.451899528503418,3.616535509908317,1.901719093322754,27.10686492919922
run_1778853771_ef5ea5be,1778854760.247656,16.0,105.0,56.0,1.8575944900512695,0.0,-4.410206317901611,-2.5411784648895264,-11.609965324401855,-7.279257297515869,16.348045349121094,3.450657289468836,1.8575944900512695,27.10686492919922
run_1778853771_ef5ea5be,1778854761.840757,16.0,105.0,56.0,1.7252821922302246,0.0,-4.559057712554932,-1.2993052005767822,-10.783013343811035,-7.490426063537598,16.97413444519043,2.9765986428267297,1.7252821922302246,27.10686492919922
run_1778853771_ef5ea5be,1778854763.837368,16.0,105.0,56.0,1.6811747550964355,0.0,-4.608678340911865,-2.107720136642456,-10.507342338562012,-7.6931939125061035,16.092815399169922,2.82634855717356,1.6811747550964355,27.10686492919922
run_1778853771_ef5ea5be,1778854765.862077,16.0,105.0,56.0,1.5488848686218262,0.0,-4.757504463195801,-0.8210256695747375,-9.680530548095703,-7.883363723754883,16.742868423461914,2.3990443362456517,1.5488848686218262,27.10686492919922
run_1778853771_ef5ea5be,1778854767.8560095,16.0,105.0,56.0,1.504781723022461,0.0,-4.8071208000183105,-1.5864789485931396,-9.404886245727539,-8.065128326416016,15.883535385131836,2.2643680339424463,1.504781723022461,27.10686492919922
run_1778853771_ef5ea5be,1778854769.8493552,16.0,105.0,56.0,1.3724846839904785,0.0,-4.9559550285339355,-0.258655846118927,-8.57802963256836,-8.234291076660156,16.553665161132812,1.8837142077884437,1.3724846839904785,27.10686492919922
run_1778853771_ef5ea5be,1778854771.854264,16.0,105.0,56.0,1.2842812538146973,0.0,-5.055183410644531,0.030900537967681885,-8.026758193969727,-8.39242935180664,16.450088500976562,1.6493783388998509,1.2842812538146973,27.10686492919922
run_1778853771_ef5ea5be,1778854773.8471813,16.0,105.0,56.0,1.1960945129394531,0.0,-5.154393672943115,0.3416478633880615,-7.475590705871582,-8.540069580078125,16.357309341430664,1.4306420838838676,1.1960945129394531,27.10686492919922
run_1778853771_ef5ea5be,1778854775.8414562,16.0,105.0,56.0,1.1078968048095703,0.0,-5.2536163330078125,0.6708025932312012,-6.9243550300598145,-8.677212715148926,16.272371292114258,1.2274353301072551,1.1078968048095703,27.10686492919922
run_1778853771_ef5ea5be,1778854777.8455944,16.0,105.0,56.0,1.0637993812561035,0.0,-5.303225994110107,-0.024300813674926758,-6.648746013641357,-8.80438232421875,15.428827285766602,1.1316691235608687,1.0637993812561035,27.10686492919922
run_1778853771_ef5ea5be,1778854779.8539543,16.0,105.0,56.0,1.0197148323059082,0.0,-5.352820873260498,-0.6070926785469055,-6.373217582702637,-8.928404808044434,14.69452953338623,1.0398183392246665,1.0197148323059082,27.10686492919922
run_1778853771_ef5ea5be,1778854781.8638666,16.0,105.0,56.0,0.9315223693847656,0.0,-5.452037334442139,-0.08397400379180908,-5.822014808654785,-9.045598030090332,14.783638954162598,0.8677339246642077,0.9315223693847656,27.10686492919922
run_1778853771_ef5ea5be,1778854783.8594565,16.0,105.0,56.0,0.9315223693847656,0.0,-5.452037334442139,-1.6050726175308228,-5.822014808654785,-9.156492233276367,13.373434066772461,0.8677339246642077,0.9315223693847656,27.10686492919922
run_1778853771_ef5ea5be,1778854785.8603985,16.0,105.0,56.0,0.8874416351318359,0.0,-5.501628398895264,-1.9897282123565674,-5.546510219573975,-9.263714790344238,12.820497512817383,0.7875526557654666,0.8874416351318359,27.10686492919922
run_1778853771_ef5ea5be,1778854787.852164,16.0,105.0,56.0,0.8433465957641602,0.0,-5.551235198974609,-2.3024744987487793,-5.270915985107422,-9.366742134094238,12.335183143615723,0.7112334805869978,0.8433465957641602,27.10686492919922
run_1778853771_ef5ea5be,1778854789.8723292,16.0,105.0,56.0,0.7551732063293457,0.0,-5.650430202484131,-1.533724308013916,-4.719832420349121,-9.462939262390137,12.6490478515625,0.5702865715577445,0.7551732063293457,27.10686492919922
run_1778853771_ef5ea5be,1778854791.8924615,16.0,105.0,56.0,0.7551732063293457,0.0,-5.650430202484131,-2.830209493637085,-4.719832420349121,-9.552838325500488,11.442461013793945,0.5702865715577445,0.7551732063293457,27.10686492919922
run_1778853771_ef5ea5be,1778854793.8351011,16.0,105.0,56.0,0.6670031547546387,0.0,-5.749621391296387,-1.9658968448638916,-4.168769836425781,-9.638540267944336,11.841413497924805,0.44489320845264047,0.6670031547546387,27.10686492919922
run_1778853771_ef5ea5be,1778854795.8769321,16.0,105.0,56.0,0.6229124069213867,0.0,-5.79922342300415,-2.159108877182007,-3.893202543258667,-9.715326309204102,11.449419975280762,0.3880198666965953,0.6229124069213867,27.10686492919922
run_1778853771_ef5ea5be,1778854797.8667753,16.0,105.0,56.0,0.5347304344177246,0.0,-5.898428440093994,-1.279433012008667,-3.3420653343200684,-9.785282135009766,11.847914695739746,0.2859366374925685,0.5347304344177246,27.10686492919922
run_1778853771_ef5ea5be,1778854800.00961,16.0,105.0,56.0,0.49062681198120117,0.0,-5.948044776916504,-1.457218885421753,-3.066417694091797,-9.846317291259766,11.455516815185547,0.24071466863483693,0.49062681198120117,27.10686492919922
run_1778853771_ef5ea5be,1778854801.8509583,16.0,105.0,56.0,0.4024643898010254,0.0,-6.047227382659912,-0.562828779220581,-2.515402317047119,-9.900532722473145,11.853106498718262,0.1619775850579117,0.4024643898010254,27.10686492919922
run_1778853771_ef5ea5be,1778854803.8417857,16.0,105.0,56.0,0.35839080810546875,0.0,-6.096810340881348,-0.7260501384735107,-2.2399425506591797,-9.945816993713379,11.459710121154785,0.12844397133449093,0.35839080810546875,27.10686492919922
run_1778853771_ef5ea5be,1778854805.8791487,16.0,105.0,56.0,0.2702336311340332,0.0,-6.195987224578857,0.18356889486312866,-1.6889601945877075,-9.984283447265625,11.856812477111816,0.07302621539588472,0.2702336311340332,27.10686492919922
run_1778853771_ef5ea5be,1778854807.8418748,16.0,105.0,56.0,0.22616147994995117,0.0,-6.24556827545166,0.04957839846611023,-1.4135092496871948,-10.014881134033203,11.4779691696167,0.051149015013152166,0.22616147994995117,27.10686492919922
run_1778853771_ef5ea5be,1778854809.8592737,16.0,105.0,56.0,0.13799333572387695,0.0,-6.344757556915283,0.9734377264976501,-0.862458348274231,-10.037610054016113,11.873505592346191,0.019042160704202615,0.13799333572387695,27.10686492919922
run_1778853771_ef5ea5be,1778854811.8558166,16.0,105.0,56.0,0.09392404556274414,0.0,-6.3943352699279785,0.8535400032997131,-0.5870252847671509,-10.052457809448242,11.493022918701172,0.008821726334872437,0.09392404556274414,27.10686492919922
run_1778853771_ef5ea5be,1778854813.851062,16.0,105.0,56.0,0.04982709884643555,0.0,-6.443944454193115,0.7483422756195068,-0.31141936779022217,-10.059961318969727,11.119723320007324,0.0024827397794524586,0.04982709884643555,27.10686492919922
run_1778853771_ef5ea5be,1778854815.8367653,16.0,105.0,56.0,0.005744457244873047,0.0,-6.493537425994873,0.7111504673957825,-0.03590285778045654,-10.064318656921387,10.811371803283691,3.2998789038174436e-05,0.005744457244873047,27.10686492919922
run_1778853771_ef5ea5be,1778854817.8535101,16.0,105.0,56.0,-0.038336753845214844,0.0,-6.543128967285156,0.7236853241920471,0.23960471153259277,-10.06356430053711,10.547645568847656,0.001469706695388595,0.038336753845214844,27.10686492919922
run_1778853771_ef5ea5be,1778854819.8522513,16.0,105.0,56.0,-0.038336753845214844,0.0,-6.543128967285156,-0.2687379717826843,0.23960471153259277,-10.049856185913086,9.541513442993164,0.001469706695388595,0.038336753845214844,27.10686492919922
run_1778853771_ef5ea5be,1778854821.8519742,16.0,105.0,56.0,-0.12648344039916992,0.0,-6.642293930053711,0.8883737325668335,0.790521502494812,-10.023544311523438,10.121397018432617,0.01599806069521037,0.12648344039916992,27.10686492919922
run_1778853771_ef5ea5be,1778854823.8422866,16.0,105.0,56.0,-0.12648344039916992,0.0,-6.642293930053711,-0.03187432885169983,0.790521502494812,-9.978320121765137,9.155923843383789,0.01599806069521037,0.12648344039916992,27.10686492919922
run_1778853771_ef5ea5be,1778854825.8842418,16.0,105.0,56.0,-0.170562744140625,0.0,-6.691883087158203,0.184573233127594,1.0660171508789062,-9.931519508361816,9.05007553100586,0.029091649688780308,0.170562744140625,27.10686492919922
run_1778853771_ef5ea5be,1778854827.8551364,16.0,105.0,56.0,-0.170562744140625,0.0,-6.691883087158203,-0.6177335977554321,1.0660171508789062,-9.87054443359375,8.186793327331543,0.029091649688780308,0.170562744140625,27.10686492919922
run_1778853771_ef5ea5be,1778854829.8491626,16.0,105.0,56.0,-0.170562744140625,0.0,-6.691883087158203,-1.3376905918121338,1.0660171508789062,-9.809568405151367,7.405860900878906,0.029091649688780308,0.170562744140625,27.10686492919922
run_1778853771_ef5ea5be,1778854831.8423116,16.0,105.0,56.0,-0.170562744140625,0.0,-6.691883087158203,-1.9831552505493164,1.0660171508789062,-9.7485933303833,6.69942045211792,0.029091649688780308,0.170562744140625,27.10686492919922
run_1778853771_ef5ea5be,1778854833.8674755,16.0,105.0,56.0,-0.170562744140625,0.0,-6.691883087158203,-2.5612335205078125,1.0660171508789062,-9.687617301940918,6.060366630554199,0.029091649688780308,0.170562744140625,27.10686492919922
run_1778853771_ef5ea5be,1778854835.8513653,16.0,105.0,56.0,-0.21464109420776367,0.0,-6.741471290588379,-2.045855760574341,1.341506838798523,-9.621912002563477,6.234549522399902,0.04607079932270608,0.21464109420776367,27.10686492919922
run_1778853771_ef5ea5be,1778854837.8464582,16.0,105.0,56.0,-0.21464109420776367,0.0,-6.741471290588379,-2.5638248920440674,1.341506838798523,-9.545171737670898,5.6398396492004395,0.04607079932270608,0.21464109420776367,27.10686492919922
run_1778853771_ef5ea5be,1778854839.8444636,16.0,105.0,56.0,-0.25869035720825195,0.0,-6.791026592254639,-1.993254542350769,1.6168147325515747,-9.463709831237793,5.853640079498291,0.066920700912533,0.25869035720825195,27.10686492919922
run_1778853771_ef5ea5be,1778854841.8431516,16.0,105.0,56.0,-0.25869035720825195,0.0,-6.791026592254639,-2.4591524600982666,1.6168147325515747,-9.371232986450195,5.2952656745910645,0.066920700912533,0.25869035720825195,27.10686492919922
run_1778853771_ef5ea5be,1778854843.8498898,16.0,105.0,56.0,-0.3468303680419922,0.0,-6.89018440246582,-0.8416429162025452,2.167689800262451,-9.259841918945312,6.250509738922119,0.12029130419614376,0.3468303680419922,27.10686492919922
run_1778853771_ef5ea5be,1778854845.883429,16.0,105.0,56.0,-0.39092063903808594,0.0,-6.939785957336426,-0.30438005924224854,2.443253993988037,-9.1248140335083,6.377180099487305,0.15281894602594548,0.39092063903808594,27.10686492919922
run_1778853771_ef5ea5be,1778854847.8522537,16.0,105.0,56.0,-0.4349956512451172,0.0,-6.989370346069336,0.2594783902168274,2.7187228202819824,-8.980330467224121,6.5210862159729,0.18922121660216362,0.4349956512451172,27.10686492919922
run_1778853771_ef5ea5be,1778854849.8435273,16.0,105.0,56.0,-0.47905588150024414,0.0,-7.038938045501709,0.8017569780349731,2.9940991401672363,-8.813796997070312,6.62145471572876,0.22949453759997596,0.47905588150024414,27.10686492919922
run_1778853771_ef5ea5be,1778854851.8530624,16.0,105.0,56.0,-0.5231304168701172,0.0,-7.088521957397461,1.3738073110580444,3.2695651054382324,-8.637807846069336,6.742050647735596,0.2736654330547026,0.5231304168701172,27.10686492919922
run_1778853771_ef5ea5be,1778854853.8437803,16.0,105.0,56.0,-0.567204475402832,0.0,-7.1381049156188965,1.9268379211425781,3.5450279712677,-8.43975830078125,6.821568489074707,0.3217209169170019,0.567204475402832,27.10686492919922
run_1778853771_ef5ea5be,1778854855.8693254,16.0,105.0,56.0,-0.6112766265869141,0.0,-7.187685966491699,2.476794958114624,3.820478916168213,-8.222807884216309,6.879124164581299,0.37365911421147757,0.6112766265869141,27.10686492919922
run_1778853771_ef5ea5be,1778854858.2388709,16.0,105.0,56.0,-0.6553487777709961,0.0,-7.23726749420166,3.048217296600342,4.095930099487305,-7.993246555328369,6.9455342292785645,0.4294820205259384,0.6553487777709961,27.10686492919922
run_1778853771_ef5ea5be,1778854859.8594925,16.0,105.0,56.0,-0.6994061470031738,0.0,-7.286831855773926,3.651982545852661,4.371288299560547,-7.754230499267578,7.034924507141113,0.4891689584658252,0.6994061470031738,27.10686492919922
run_1778853771_ef5ea5be,1778854861.853857,16.0,105.0,56.0,-0.7434768676757812,0.0,-7.336411476135254,4.251501560211182,4.646730422973633,-7.496313571929932,7.101085186004639,0.5527578527689911,0.7434768676757812,27.10686492919922
run_1778853771_ef5ea5be,1778854863.8500638,16.0,105.0,56.0,-0.8316159248352051,0.0,-7.435567855834961,5.904504776000977,5.197599411010742,-7.221066951751709,7.927971839904785,0.6915850464395135,0.8316159248352051,27.10686492919922
run_1778853771_ef5ea5be,1778854865.8458612,16.0,105.0,56.0,-0.8316159248352051,0.0,-7.435567855834961,5.445569038391113,5.197599411010742,-6.9237589836120605,7.171728610992432,0.6915850464395135,0.8316159248352051,27.10686492919922
run_1778853771_ef5ea5be,1778854867.8549528,16.0,105.0,56.0,-0.9197392463684082,0.0,-7.5347065925598145,7.088521957397461,5.748370170593262,-6.607550621032715,7.947701930999756,0.8459202813103275,0.9197392463684082,27.10686492919922
run_1778853771_ef5ea5be,1778854869.8675895,16.0,105.0,56.0,-0.9637908935546875,0.0,-7.584264755249023,7.679300785064697,6.023693084716797,-6.2708659172058105,7.926473617553711,0.928892886498943,0.9637908935546875,27.10686492919922
run_1778853771_ef5ea5be,1778854871.8521786,16.0,105.0,56.0,-1.0078577995300293,0.0,-7.633840084075928,8.265531539916992,6.299111366271973,-5.912131309509277,7.878551006317139,1.0157773440735127,1.0078577995300293,27.10686492919922
run_1778853771_ef5ea5be,1778854873.8482873,16.0,105.0,56.0,-1.0519099235534668,0.0,-7.683398723602295,8.894416809082031,6.574437141418457,-5.543946266174316,7.863925457000732,1.1065144872702604,1.0519099235534668,27.10686492919922
run_1778853771_ef5ea5be,1778854875.8460095,16.0,105.0,56.0,-1.09598970413208,0.0,-7.732988357543945,9.51840877532959,6.849935531616211,-5.153703212738037,7.822175979614258,1.2011934315635244,1.09598970413208,27.10686492919922
run_1778853771_ef5ea5be,1778854877.8467846,16.0,105.0,56.0,-1.1400408744812012,0.0,-7.782545566558838,10.18415641784668,7.125255584716797,-4.7540130615234375,7.8129143714904785,1.2996931954878619,1.1400408744812012,27.10686492919922
run_1778853771_ef5ea5be,1778854879.8550487,16.0,105.0,56.0,-1.1841039657592773,0.0,-7.832117080688477,10.844143867492676,7.4006500244140625,-4.332269191741943,7.775763511657715,1.4021022017268479,1.1841039657592773,27.10686492919922
run_1778853771_ef5ea5be,1778854881.8489747,16.0,105.0,56.0,-1.1841039657592773,0.0,-7.832117080688477,10.525739669799805,7.4006500244140625,-3.908949613571167,7.034038543701172,1.4021022017268479,1.1841039657592773,27.10686492919922
run_1778853771_ef5ea5be,1778854883.8643835,16.0,105.0,56.0,-1.22816801071167,0.0,-7.881689071655273,11.275792121887207,7.676050186157227,-3.471454620361328,7.071197032928467,1.5083966625354606,1.22816801071167,27.10686492919922
run_1778853771_ef5ea5be,1778854885.8505733,16.0,105.0,56.0,-1.2722172737121582,0.0,-7.931244373321533,12.060384750366211,7.951357841491699,-3.024510145187378,7.133537292480469,1.6185367915315965,1.2722172737121582,27.10686492919922
run_1778853771_ef5ea5be,1778854887.8480945,16.0,105.0,56.0,-1.316293716430664,0.0,-7.980830192565918,12.879271507263184,8.226835250854492,-2.568117380142212,7.220553398132324,1.7326291479148495,1.316293716430664,27.10686492919922
run_1778853771_ef5ea5be,1778854889.8573496,16.0,105.0,56.0,-1.316293716430664,0.0,-7.980830192565918,12.661084175109863,8.226835250854492,-2.0975422859191895,6.531790733337402,1.7326291479148495,1.316293716430664,27.10686492919922
run_1778853771_ef5ea5be,1778854892.1711922,16.0,105.0,56.0,-1.3603544235229492,0.0,-8.03039836883545,13.552755355834961,8.502215385437012,-1.6253924369812012,6.675933361053467,1.8505641575984555,1.3603544235229492,27.10686492919922
run_1778853771_ef5ea5be,1778854893.8516018,16.0,105.0,56.0,-1.3603544235229492,0.0,-8.03039836883545,13.40226936340332,8.502215385437012,-1.1390652656555176,6.039119720458984,1.8505641575984555,1.3603544235229492,27.10686492919922
run_1778853771_ef5ea5be,1778854895.8450727,16.0,105.0,56.0,-1.3603544235229492,0.0,-8.03039836883545,13.312528610229492,8.502215385437012,-0.6527379155158997,5.4630513191223145,1.8505641575984555,1.3603544235229492,27.10686492919922
run_1778853771_ef5ea5be,1778854897.8541234,16.0,105.0,56.0,-1.3603544235229492,0.0,-8.03039836883545,13.277737617492676,8.502215385437012,-0.16641061007976532,4.941933631896973,1.8505641575984555,1.3603544235229492,27.10686492919922
run_1778853771_ef5ea5be,1778854899.8450415,16.0,105.0,56.0,-1.3603544235229492,0.0,-8.03039836883545,13.029521942138672,8.502215385437012,0.1158900111913681,4.411417007446289,1.8505641575984555,1.3603544235229492,27.10686492919922
run_1778853771_ef5ea5be,1778854901.8520544,16.0,105.0,56.0,-1.3603544235229492,0.0,-8.03039836883545,12.770668029785156,8.502215385437012,0.2778368890285492,3.990615129470825,1.8505641575984555,1.3603544235229492,27.10686492919922
run_1778853771_ef5ea5be,1778854903.8664622,16.0,105.0,56.0,-1.3603544235229492,0.0,-8.03039836883545,12.55195140838623,8.502215385437012,0.43978366255760193,3.6099531650543213,1.8505641575984555,1.3603544235229492,27.10686492919922
run_1778853771_ef5ea5be,1778854905.8520594,16.0,105.0,56.0,-1.3603544235229492,0.0,-8.03039836883545,12.369546890258789,8.502215385437012,0.6017304062843323,3.265601396560669,1.8505641575984555,1.3603544235229492,27.10686492919922
run_1778853771_ef5ea5be,1778854913.4494698,16.0,105.0,56.0,-1.3603544235229492,0.0,-8.03039836883545,11.938538551330566,8.502215385437012,1.2495200634002686,2.186802864074707,1.8505641575984555,1.3603544235229492,27.10686492919922
run_1778853771_ef5ea5be,1778854915.8507051,16.0,105.0,56.0,-1.3603544235229492,0.0,-8.03039836883545,11.891887664794922,8.502215385437012,1.4114677906036377,1.978204369544983,1.8505641575984555,1.3603544235229492,27.10686492919922
run_1778853771_ef5ea5be,1778854917.8545868,16.0,105.0,56.0,-1.3603544235229492,0.0,-8.03039836883545,11.865134239196777,8.502215385437012,1.5734152793884277,1.7895039319992065,1.8505641575984555,1.3603544235229492,27.10686492919922
run_1778853771_ef5ea5be,1778854919.8541346,16.0,105.0,56.0,-1.3603544235229492,0.0,-8.03039836883545,11.856380462646484,8.502215385437012,1.735361099243164,1.6188039779663086,1.8505641575984555,1.3603544235229492,27.10686492919922
run_1778853771_ef5ea5be,1778854921.8578827,16.0,105.0,56.0,-1.3603544235229492,0.0,-8.03039836883545,11.863908767700195,8.502215385437012,1.8973069190979004,1.464387059211731,1.8505641575984555,1.3603544235229492,27.10686492919922
run_1778853771_ef5ea5be,1778854923.8584726,16.0,105.0,56.0,-1.3603544235229492,0.0,-8.03039836883545,11.886167526245117,8.502215385437012,2.0592527389526367,1.324700117111206,1.8505641575984555,1.3603544235229492,27.10686492919922
run_1778853771_ef5ea5be,1778854926.0343482,16.0,105.0,56.0,-1.3603544235229492,0.0,-8.03039836883545,11.921751022338867,8.502215385437012,2.221198558807373,1.1983377933502197,1.8505641575984555,1.3603544235229492,27.10686492919922
run_1778853771_ef5ea5be,1778854927.8695977,16.0,105.0,56.0,-1.3603544235229492,0.0,-8.03039836883545,11.969388008117676,8.502215385437012,2.3831443786621094,1.0840290784835815,1.8505641575984555,1.3603544235229492,27.10686492919922
run_1778853771_ef5ea5be,1778854929.858225,16.0,105.0,56.0,-1.3603544235229492,0.0,-8.03039836883545,12.027929306030273,8.502215385437012,2.5450901985168457,0.9806241989135742,1.8505641575984555,1.3603544235229492,27.10686492919922
run_1778853771_ef5ea5be,1778854931.847465,16.0,105.0,56.0,-1.3603544235229492,0.0,-8.03039836883545,12.096333503723145,8.502215385437012,2.707036018371582,0.8870828747749329,1.8505641575984555,1.3603544235229492,27.10686492919922
run_1778853771_ef5ea5be,1778854933.8537061,16.0,105.0,56.0,-1.3603544235229492,0.0,-8.03039836883545,12.173661231994629,8.502215385437012,2.8689818382263184,0.802464485168457,1.8505641575984555,1.3603544235229492,27.10686492919922
run_1778853771_ef5ea5be,1778854935.8562388,16.0,105.0,56.0,-1.3603544235229492,0.0,-8.03039836883545,12.25905990600586,8.502215385437012,3.0309276580810547,0.7259177565574646,1.8505641575984555,1.3603544235229492,27.10686492919922
run_1778853771_ef5ea5be,1778854938.1344728,16.0,105.0,56.0,-1.3603544235229492,0.0,-8.03039836883545,12.351760864257812,8.502215385437012,3.19287371635437,0.6566728353500366,1.8505641575984555,1.3603544235229492,27.10686492919922
run_1778853771_ef5ea5be,1778854939.8510826,16.0,105.0,56.0,-1.3603544235229492,0.0,-8.03039836883545,12.451067924499512,8.502215385437012,3.3548195362091064,0.5940331816673279,1.8505641575984555,1.3603544235229492,27.10686492919922
run_1778853771_ef5ea5be,1778854941.8591993,16.0,105.0,56.0,-1.3603544235229492,0.0,-8.03039836883545,12.55634880065918,8.502215385437012,3.5167653560638428,0.5373687744140625,1.8505641575984555,1.3603544235229492,27.10686492919922
run_1778853771_ef5ea5be,1778854943.8663418,16.0,105.0,56.0,-1.3603544235229492,0.0,-8.03039836883545,12.667034149169922,8.502215385437012,3.678711175918579,0.48610934615135193,1.8505641575984555,1.3603544235229492,27.10686492919922
run_1778853771_ef5ea5be,1778854945.857624,16.0,105.0,56.0,-1.3603544235229492,0.0,-8.03039836883545,12.782610893249512,8.502215385437012,3.8406569957733154,0.4397396445274353,1.8505641575984555,1.3603544235229492,27.10686492919922
run_1778853771_ef5ea5be,1778854947.851859,16.0,105.0,56.0,-1.3603544235229492,0.0,-8.03039836883545,12.902609825134277,8.502215385437012,4.002602577209473,0.39779311418533325,1.8505641575984555,1.3603544235229492,27.10686492919922
run_1778853771_ef5ea5be,1778854949.8914435,16.0,105.0,56.0,-1.3603544235229492,0.0,-8.03039836883545,13.026611328125,8.502215385437012,4.164548397064209,0.35984787344932556,1.8505641575984555,1.3603544235229492,27.10686492919922
run_1778853771_ef5ea5be,1778854951.8492484,16.0,105.0,56.0,-1.3603544235229492,0.0,-8.03039836883545,13.154231071472168,8.502215385437012,4.326494216918945,0.32552218437194824,1.8505641575984555,1.3603544235229492,27.10686492919922
run_1778853771_ef5ea5be,1778854953.8457434,16.0,105.0,56.0,-1.3603544235229492,0.0,-8.03039836883545,13.285125732421875,8.502215385437012,4.488440036773682,0.2944708466529846,1.8505641575984555,1.3603544235229492,27.10686492919922
run_1778853771_ef5ea5be,1778854955.8561206,16.0,105.0,56.0,-1.3603544235229492,0.0,-8.03039836883545,13.41898250579834,8.502215385437012,4.650385856628418,0.2663814127445221,1.8505641575984555,1.3603544235229492,27.10686492919922
run_1778853771_ef5ea5be,1778854957.8722246,16.0,105.0,56.0,-1.3603544235229492,0.0,-8.03039836883545,13.55551815032959,8.502215385437012,4.812331676483154,0.24097149074077606,1.8505641575984555,1.3603544235229492,27.10686492919922
run_1778853771_ef5ea5be,1778854959.853276,16.0,105.0,56.0,-1.3603544235229492,0.0,-8.03039836883545,13.73611831665039,8.502215385437012,4.97113037109375,0.26277270913124084,1.8505641575984555,1.3603544235229492,27.10686492919922
run_1778853771_ef5ea5be,1778854961.8742342,16.0,105.0,56.0,-1.316293716430664,0.0,-7.980830192565918,12.844067573547363,8.226835250854492,5.131502628326416,-0.5142699480056763,1.7326291479148495,1.316293716430664,27.10686492919922
run_1778853771_ef5ea5be,1778854963.8569913,16.0,105.0,56.0,-1.316293716430664,0.0,-7.980830192565918,13.008184432983398,8.226835250854492,5.291350364685059,-0.5100013017654419,1.7326291479148495,1.316293716430664,27.10686492919922
run_1778853771_ef5ea5be,1778854965.8521411,16.0,105.0,56.0,-1.316293716430664,0.0,-7.980830192565918,13.213534355163574,8.226835250854492,5.4480509757995605,-0.46135246753692627,1.7326291479148495,1.316293716430664,27.10686492919922
run_1778853771_ef5ea5be,1778854967.8627248,16.0,105.0,56.0,-1.316293716430664,0.0,-7.980830192565918,13.4142427444458,8.226835250854492,5.6047515869140625,-0.41734442114830017,1.7326291479148495,1.316293716430664,27.10686492919922
run_1778853771_ef5ea5be,1778854969.8536277,16.0,105.0,56.0,-1.316293716430664,0.0,-7.980830192565918,13.610753059387207,8.226835250854492,5.7614521980285645,-0.3775341510772705,1.7326291479148495,1.316293716430664,27.10686492919922
run_1778853771_ef5ea5be,1778854971.8624907,16.0,105.0,56.0,-1.316293716430664,0.0,-7.980830192565918,13.803466796875,8.226835250854492,5.918152809143066,-0.34152135252952576,1.7326291479148495,1.316293716430664,27.10686492919922
run_1778853771_ef5ea5be,1778854973.9634602,16.0,105.0,56.0,-1.316293716430664,0.0,-7.980830192565918,13.992744445800781,8.226835250854492,6.074853420257568,-0.30894380807876587,1.7326291479148495,1.316293716430664,27.10686492919922
run_1778853771_ef5ea5be,1778854976.2520514,16.0,105.0,56.0,-1.2722172737121582,0.0,-7.931244373321533,13.17708969116211,7.951357841491699,6.227882385253906,-1.0021510124206543,1.6185367915315965,1.2722172737121582,27.10686492919922
run_1778853771_ef5ea5be,1778854978.1073787,16.0,105.0,56.0,-1.2722172737121582,0.0,-7.931244373321533,13.424139022827148,7.951357841491699,6.379337787628174,-0.9065564870834351,1.6185367915315965,1.2722172737121582,27.10686492919922
run_1778853771_ef5ea5be,1778854979.8512435,16.0,105.0,56.0,-1.2722172737121582,0.0,-7.931244373321533,13.662070274353027,7.951357841491699,6.530793190002441,-0.820080578327179,1.6185367915315965,1.2722172737121582,27.10686492919922
run_1778853771_ef5ea5be,1778854981.8624136,16.0,105.0,56.0,-1.2722172737121582,0.0,-7.931244373321533,13.891753196716309,7.951357841491699,6.682248592376709,-0.7418534159660339,1.6185367915315965,1.2722172737121582,27.10686492919922
run_1778853771_ef5ea5be,1778854983.85441,16.0,105.0,56.0,-1.2722172737121582,0.0,-7.931244373321533,14.113972663879395,7.951357841491699,6.833703994750977,-0.6710883975028992,1.6185367915315965,1.2722172737121582,27.10686492919922
run_1778853771_ef5ea5be,1778854985.8630953,16.0,105.0,56.0,-1.22816801071167,0.0,-7.881689071655273,13.30078125,7.676050186157227,6.983585834503174,-1.3588553667068481,1.5083966625354606,1.22816801071167,27.10686492919922
run_1778853771_ef5ea5be,1778854987.8544226,16.0,105.0,56.0,-1.22816801071167,0.0,-7.881689071655273,13.576611518859863,7.676050186157227,7.129796028137207,-1.2292346954345703,1.5083966625354606,1.22816801071167,27.10686492919922
run_1778853771_ef5ea5be,1778854989.858773,16.0,105.0,56.0,-1.22816801071167,0.0,-7.881689071655273,13.84007740020752,7.676050186157227,7.27600622177124,-1.111978530883789,1.5083966625354606,1.22816801071167,27.10686492919922
run_1778853771_ef5ea5be,1778854991.8720148,16.0,105.0,56.0,-1.22816801071167,0.0,-7.881689071655273,14.092358589172363,7.676050186157227,7.422216415405273,-1.0059077739715576,1.5083966625354606,1.22816801071167,27.10686492919922
run_1778853771_ef5ea5be,1778854993.85195,16.0,105.0,56.0,-1.1841039657592773,0.0,-7.832117080688477,13.305513381958008,7.4006500244140625,7.566853046417236,-1.6619890928268433,1.4021022017268479,1.1841039657592773,27.10686492919922
run_1778853771_ef5ea5be,1778854995.8732054,16.0,105.0,56.0,-1.1841039657592773,0.0,-7.832117080688477,13.60501480102539,7.4006500244140625,7.707818031311035,-1.5034528970718384,1.4021022017268479,1.1841039657592773,27.10686492919922
run_1778853771_ef5ea5be,1778854997.8642035,16.0,105.0,56.0,-1.1841039657592773,0.0,-7.832117080688477,13.889392852783203,7.4006500244140625,7.848783016204834,-1.360039472579956,1.4021022017268479,1.1841039657592773,27.10686492919922
run_1778853771_ef5ea5be,1778854999.861209,16.0,105.0,56.0,-1.1841039657592773,0.0,-7.832117080688477,14.1600923538208,7.4006500244140625,7.989748001098633,-1.2303060293197632,1.4021022017268479,1.1841039657592773,27.10686492919922
run_1778853771_ef5ea5be,1778855001.8687677,16.0,105.0,56.0,-1.1841039657592773,0.0,-7.832117080688477,14.418414115905762,7.4006500244140625,8.130712509155273,-1.1129478216171265,1.4021022017268479,1.1841039657592773,27.10686492919922
run_1778853771_ef5ea5be,1778855003.862983,16.0,105.0,56.0,-1.1841039657592773,0.0,-7.832117080688477,14.665544509887695,7.4006500244140625,8.27167797088623,-1.0067843198776245,1.4021022017268479,1.1841039657592773,27.10686492919922
run_1778853771_ef5ea5be,1778855005.8530886,16.0,105.0,56.0,-1.1400408744812012,0.0,-7.782545566558838,13.914312362670898,7.125255584716797,8.40792179107666,-1.6188647747039795,1.2996931954878619,1.1400408744812012,27.10686492919922
run_1778853771_ef5ea5be,1778855007.8653045,16.0,105.0,56.0,-1.1400408744812012,0.0,-7.782545566558838,14.20445442199707,7.125255584716797,8.543642044067383,-1.4644421339035034,1.2996931954878619,1.1400408744812012,27.10686492919922
run_1778853771_ef5ea5be,1778855009.8574421,16.0,105.0,56.0,-1.1400408744812012,0.0,-7.782545566558838,14.479866981506348,7.125255584716797,8.679361343383789,-1.3247498273849487,1.2996931954878619,1.1400408744812012,27.10686492919922
run_1778853771_ef5ea5be,1778855011.8510725,16.0,105.0,56.0,-1.1400408744812012,0.0,-7.782545566558838,14.74195384979248,7.125255584716797,8.815081596374512,-1.1983826160430908,1.2996931954878619,1.1400408744812012,27.10686492919922
run_1778853771_ef5ea5be,1778855013.8491108,16.0,105.0,56.0,-1.09598970413208,0.0,-7.732988357543945,14.004021644592285,6.849935531616211,8.946080207824707,-1.7919946908950806,1.2011934315635244,1.09598970413208,27.10686492919922
run_1778853771_ef5ea5be,1778855015.8536758,16.0,105.0,56.0,-1.09598970413208,0.0,-7.732988357543945,14.30543327331543,6.849935531616211,9.076555252075195,-1.6210570335388184,1.2011934315635244,1.09598970413208,27.10686492919922
run_1778853771_ef5ea5be,1778855017.8578277,16.0,105.0,56.0,-1.09598970413208,0.0,-7.732988357543945,14.590540885925293,6.849935531616211,9.207029342651367,-1.4664252996444702,1.2011934315635244,1.09598970413208,27.10686492919922
run_1778853771_ef5ea5be,1778855019.8517394,16.0,105.0,56.0,-1.09598970413208,0.0,-7.732988357543945,14.860897064208984,6.849935531616211,9.337504386901855,-1.3265435695648193,1.2011934315635244,1.09598970413208,27.10686492919922
run_1778853771_ef5ea5be,1778855021.8555396,16.0,105.0,56.0,-1.0519099235534668,0.0,-7.683398723602295,14.129304885864258,6.574437141418457,9.463257789611816,-1.9083902835845947,1.1065144872702604,1.0519099235534668,27.10686492919922
run_1778853771_ef5ea5be,1778855023.8622818,16.0,105.0,56.0,-1.0519099235534668,0.0,-7.683398723602295,14.43657398223877,6.574437141418457,9.58848762512207,-1.726349949836731,1.1065144872702604,1.0519099235534668,27.10686492919922
run_1778853771_ef5ea5be,1778855025.851237,16.0,105.0,56.0,-1.0519099235534668,0.0,-7.683398723602295,14.726479530334473,6.574437141418457,9.713716506958008,-1.5616742372512817,1.1065144872702604,1.0519099235534668,27.10686492919922
run_1778853771_ef5ea5be,1778855027.8574698,16.0,105.0,56.0,-1.0078577995300293,0.0,-7.633840084075928,13.985821723937988,6.299111366271973,9.836323738098145,-2.1496129035949707,1.0157773440735127,1.0078577995300293,27.10686492919922
run_1778853771_ef5ea5be,1778855029.8664665,16.0,105.0,56.0,-1.0078577995300293,0.0,-7.633840084075928,14.310855865478516,6.299111366271973,9.956307411193848,-1.9445627927780151,1.0157773440735127,1.0078577995300293,27.10686492919922
run_1778853771_ef5ea5be,1778855031.8723743,16.0,105.0,56.0,-1.0078577995300293,0.0,-7.633840084075928,14.616331100463867,6.299111366271973,10.076292037963867,-1.759072184562683,1.0157773440735127,1.0078577995300293,27.10686492919922
run_1778853771_ef5ea5be,1778855033.853032,16.0,105.0,56.0,-1.0078577995300293,0.0,-7.633840084075928,14.904111862182617,6.299111366271973,10.19627571105957,-1.5912754535675049,1.0157773440735127,1.0078577995300293,27.10686492919922
run_1778853771_ef5ea5be,1778855035.905013,16.0,105.0,56.0,-1.0078577995300293,0.0,-7.633840084075928,15.175886154174805,6.299111366271973,10.31626033782959,-1.4394843578338623,1.0157773440735127,1.0078577995300293,27.10686492919922
run_1778853771_ef5ea5be,1778855037.8756487,16.0,105.0,56.0,-0.9637908935546875,0.0,-7.584264755249023,14.444865226745605,6.023693084716797,10.431523323059082,-2.0103509426116943,0.928892886498943,0.9637908935546875,27.10686492919922
run_1778853771_ef5ea5be,1778855039.8622437,16.0,105.0,56.0,-0.9637908935546875,0.0,-7.584264755249023,14.751371383666992,6.023693084716797,10.546262741088867,-1.8185844421386719,0.928892886498943,0.9637908935546875,27.10686492919922
run_1778853771_ef5ea5be,1778855041.8729432,16.0,105.0,56.0,-0.9637908935546875,0.0,-7.584264755249023,15.039584159851074,6.023693084716797,10.661001205444336,-1.6451106071472168,0.928892886498943,0.9637908935546875,27.10686492919922
run_1778853771_ef5ea5be,1778855043.9012108,16.0,105.0,56.0,-0.9637908935546875,0.0,-7.584264755249023,15.311249732971191,6.023693084716797,10.775740623474121,-1.4881840944290161,0.928892886498943,0.9637908935546875,27.10686492919922
run_1778853771_ef5ea5be,1778855045.8523533,16.0,105.0,56.0,-0.9197392463684082,0.0,-7.5347065925598145,14.579968452453613,5.748370170593262,10.885758399963379,-2.0541603565216064,0.8459202813103275,0.9197392463684082,27.10686492919922
run_1778853771_ef5ea5be,1778855047.8566642,16.0,105.0,56.0,-0.9197392463684082,0.0,-7.5347065925598145,14.885407447814941,5.748370170593262,10.99525260925293,-1.858215093612671,0.8459202813103275,0.9197392463684082,27.10686492919922
run_1778853771_ef5ea5be,1778855049.8717809,16.0,105.0,56.0,-0.9197392463684082,0.0,-7.5347065925598145,15.172155380249023,5.748370170593262,11.104745864868164,-1.680961012840271,0.8459202813103275,0.9197392463684082,27.10686492919922
run_1778853771_ef5ea5be,1778855051.8626564,16.0,105.0,56.0,-0.8756842613220215,0.0,-7.485145092010498,14.427074432373047,5.473026752471924,11.211617469787598,-2.2575690746307373,0.7668229255270944,0.8756842613220215,27.10686492919922
run_1778853771_ef5ea5be,1778855053.853042,16.0,105.0,56.0,-0.8756842613220215,0.0,-7.485145092010498,14.746671676635742,5.473026752471924,11.315865516662598,-2.0422208309173584,0.7668229255270944,0.8756842613220215,27.10686492919922
run_1778853771_ef5ea5be,1778855055.8571377,16.0,105.0,56.0,-0.8756842613220215,0.0,-7.485145092010498,15.045726776123047,5.473026752471924,11.420114517211914,-1.8474141359329224,0.7668229255270944,0.8756842613220215,27.10686492919922
run_1778853771_ef5ea5be,1778855057.877222,16.0,105.0,56.0,-0.8316159248352051,0.0,-7.435567855834961,14.282907485961914,5.197599411010742,11.52383804321289,-2.4385297298431396,0.6915850464395135,0.8316159248352051,27.10686492919922
run_1778853771_ef5ea5be,1778855059.867136,16.0,105.0,56.0,-0.8316159248352051,0.0,-7.435567855834961,14.614521026611328,5.197599411010742,11.622841835021973,-2.2059197425842285,0.6915850464395135,0.8316159248352051,27.10686492919922
run_1778853771_ef5ea5be,1778855061.8593702,16.0,105.0,56.0,-0.8316159248352051,0.0,-7.435567855834961,14.923946380615234,5.197599411010742,11.721844673156738,-1.995498538017273,0.6915850464395135,0.8316159248352051,27.10686492919922
run_1778853771_ef5ea5be,1778855063.862841,16.0,105.0,56.0,-0.8316159248352051,0.0,-7.435567855834961,15.213298797607422,5.197599411010742,11.82084846496582,-1.8051484823226929,0.6915850464395135,0.8316159248352051,27.10686492919922
run_1778853771_ef5ea5be,1778855065.8692667,16.0,105.0,56.0,-0.7875461578369141,0.0,-7.385989189147949,14.441169738769531,4.922163486480713,11.919326782226562,-2.400320291519165,0.6202289507236856,0.7875461578369141,27.10686492919922
run_1778853771_ef5ea5be,1778855067.8633134,16.0,105.0,56.0,-0.7875461578369141,0.0,-7.385989189147949,14.763895034790039,4.922163486480713,12.01308536529541,-2.1713547706604004,0.6202289507236856,0.7875461578369141,27.10686492919922
run_1778853771_ef5ea5be,1778855069.930004,16.0,105.0,56.0,-0.7434768676757812,0.0,-7.336411476135254,14.021462440490723,4.646730422973633,12.106318473815918,-2.731586456298828,0.5527578527689911,0.7434768676757812,27.10686492919922
run_1778853771_ef5ea5be,1778855071.8615777,16.0,105.0,56.0,-0.7434768676757812,0.0,-7.336411476135254,14.370539665222168,4.646730422973633,12.194831848144531,-2.471021890640259,0.5527578527689911,0.7434768676757812,27.10686492919922
run_1778853771_ef5ea5be,1778855073.8721757,16.0,105.0,56.0,-0.7434768676757812,0.0,-7.336411476135254,14.694762229919434,4.646730422973633,12.283344268798828,-2.2353127002716064,0.5527578527689911,0.7434768676757812,27.10686492919922
run_1778853771_ef5ea5be,1778855075.8537283,16.0,105.0,56.0,-0.7434768676757812,0.0,-7.336411476135254,14.996500015258789,4.646730422973633,12.371857643127441,-2.022088050842285,0.5527578527689911,0.7434768676757812,27.10686492919922
run_1778853771_ef5ea5be,1778855077.859162,16.0,105.0,56.0,-0.7434768676757812,0.0,-7.336411476135254,15.319549560546875,4.646730422973633,12.457222938537598,-1.7844043970108032,0.5527578527689911,0.7434768676757812,27.10686492919922
run_1778853771_ef5ea5be,1778855079.8846285,16.0,105.0,56.0,-0.6994061470031738,0.0,-7.286831855773926,14.549112319946289,4.371288299560547,12.54416275024414,-2.3663392066955566,0.4891689584658252,0.6994061470031738,27.10686492919922
run_1778853771_ef5ea5be,1778855081.8882732,16.0,105.0,56.0,-0.6994061470031738,0.0,-7.286831855773926,14.858102798461914,4.371288299560547,12.627429962158203,-2.140615940093994,0.4891689584658252,0.6994061470031738,27.10686492919922
run_1778853771_ef5ea5be,1778855083.8606312,16.0,105.0,56.0,-0.6553487777709961,0.0,-7.23726749420166,14.116710662841797,4.095930099487305,12.709124565124512,-2.6883437633514404,0.4294820205259384,0.6553487777709961,27.10686492919922
run_1778853771_ef5ea5be,1778855085.8773212,16.0,105.0,56.0,-0.6994061470031738,0.0,-7.286831855773926,15.452567100524902,4.371288299560547,12.790818214416504,-1.709540605545044,0.4891689584658252,0.6994061470031738,27.10686492919922
run_1778853771_ef5ea5be,1778855087.8630056,16.0,105.0,56.0,-0.6553487777709961,0.0,-7.23726749420166,14.67005443572998,4.095930099487305,12.872512817382812,-2.2983882427215576,0.4294820205259384,0.6553487777709961,27.10686492919922
run_1778853771_ef5ea5be,1778855089.8549063,16.0,105.0,56.0,-0.6553487777709961,0.0,-7.23726749420166,14.96731948852539,4.095930099487305,12.95053482055664,-2.079146146774292,0.4294820205259384,0.6553487777709961,27.10686492919922
run_1778853771_ef5ea5be,1778855091.8817317,16.0,105.0,56.0,-0.6553487777709961,0.0,-7.23726749420166,15.243670463562012,4.095930099487305,13.028557777404785,-1.8808172941207886,0.4294820205259384,0.6553487777709961,27.10686492919922
run_1778853771_ef5ea5be,1778855093.859377,16.0,105.0,56.0,-0.6553487777709961,0.0,-7.23726749420166,15.501102447509766,4.095930099487305,13.106579780578613,-1.7014071941375732,0.4294820205259384,0.6553487777709961,27.10686492919922
run_1778853771_ef5ea5be,1778855095.8800159,16.0,105.0,56.0,-0.6112766265869141,0.0,-7.187685966491699,14.712224960327148,3.820478916168213,13.183029174804688,-2.291282892227173,0.37365911421147757,0.6112766265869141,27.10686492919922
run_1778853771_ef5ea5be,1778855097.869196,16.0,105.0,56.0,-0.6112766265869141,0.0,-7.187685966491699,15.00356674194336,3.820478916168213,13.255805969238281,-2.072718620300293,0.37365911421147757,0.6112766265869141,27.10686492919922
run_1778853771_ef5ea5be,1778855099.8914583,16.0,105.0,56.0,-0.6112766265869141,0.0,-7.187685966491699,15.274059295654297,3.820478916168213,13.328583717346191,-1.8750030994415283,0.37365911421147757,0.6112766265869141,27.10686492919922
run_1778853771_ef5ea5be,1778855101.8605843,16.0,105.0,56.0,-0.567204475402832,0.0,-7.1381049156188965,14.523963928222656,3.5450279712677,13.397688865661621,-2.4187538623809814,0.3217209169170019,0.567204475402832,27.10686492919922
run_1778853771_ef5ea5be,1778855103.8632872,16.0,105.0,56.0,-0.567204475402832,0.0,-7.1381049156188965,14.78145694732666,3.5450279712677,13.468368530273438,-2.2319397926330566,0.3217209169170019,0.567204475402832,27.10686492919922
run_1778853771_ef5ea5be,1778855105.8779476,16.0,105.0,56.0,-0.567204475402832,0.0,-7.1381049156188965,15.06189250946045,3.5450279712677,13.535900115966797,-2.019036293029785,0.3217209169170019,0.567204475402832,27.10686492919922
run_1778853771_ef5ea5be,1778855107.858029,16.0,105.0,56.0,-0.567204475402832,0.0,-7.1381049156188965,15.322019577026367,3.5450279712677,13.603432655334473,-1.8264416456222534,0.3217209169170019,0.567204475402832,27.10686492919922
run_1778853771_ef5ea5be,1778855109.870734,16.0,105.0,56.0,-0.567204475402832,0.0,-7.1381049156188965,15.563774108886719,3.5450279712677,13.670964241027832,-1.652217984199524,0.3217209169170019,0.567204475402832,27.10686492919922
run_1778853771_ef5ea5be,1778855111.8526556,16.0,105.0,56.0,-0.5231304168701172,0.0,-7.088521957397461,14.800434112548828,3.2695651054382324,13.733776092529297,-2.202907085418701,0.2736654330547026,0.5231304168701172,27.10686492919922
run_1778853771_ef5ea5be,1778855113.8681676,16.0,105.0,56.0,-0.5231304168701172,0.0,-7.088521957397461,15.072854042053223,3.2695651054382324,13.796062469482422,-1.992773413658142,0.2736654330547026,0.5231304168701172,27.10686492919922
run_1778853771_ef5ea5be,1778855115.9192777,16.0,105.0,56.0,-0.5231304168701172,0.0,-7.088521957397461,15.325230598449707,3.2695651054382324,13.858349800109863,-1.8026838302612305,0.2736654330547026,0.5231304168701172,27.10686492919922
run_1778853771_ef5ea5be,1778855117.8528404,16.0,105.0,56.0,-0.5231304168701172,0.0,-7.088521957397461,15.55947494506836,3.2695651054382324,13.920636177062988,-1.6307270526885986,0.2736654330547026,0.5231304168701172,27.10686492919922
run_1778853771_ef5ea5be,1778855119.8548615,16.0,105.0,56.0,-0.47905588150024414,0.0,-7.038938045501709,14.78882884979248,2.9940991401672363,13.978202819824219,-2.183473587036133,0.22949453759997596,0.47905588150024414,27.10686492919922
run_1778853771_ef5ea5be,1778855121.862617,16.0,105.0,56.0,-0.47905588150024414,0.0,-7.038938045501709,15.054149627685547,2.9940991401672363,14.03524398803711,-1.9751933813095093,0.22949453759997596,0.47905588150024414,27.10686492919922
run_1778853771_ef5ea5be,1778855123.8676517,16.0,105.0,56.0,-0.47905588150024414,0.0,-7.038938045501709,15.299603462219238,2.9940991401672363,14.092286109924316,-1.7867810726165771,0.22949453759997596,0.47905588150024414,27.10686492919922
run_1778853771_ef5ea5be,1778855125.8538554,16.0,105.0,56.0,-0.47905588150024414,0.0,-7.038938045501709,15.52708625793457,2.9940991401672363,14.149327278137207,-1.616341233253479,0.22949453759997596,0.47905588150024414,27.10686492919922
run_1778853771_ef5ea5be,1778855127.8577065,16.0,105.0,56.0,-0.4349956512451172,0.0,-6.989370346069336,14.709390640258789,2.7187228202819824,14.204795837402344,-2.214127779006958,0.18922121660216362,0.4349956512451172,27.10686492919922
run_1778853771_ef5ea5be,1778855129.8635297,16.0,105.0,56.0,-0.4349956512451172,0.0,-6.989370346069336,14.972392082214355,2.7187228202819824,14.256591796875,-2.002922773361206,0.18922121660216362,0.4349956512451172,27.10686492919922
run_1778853771_ef5ea5be,1778855131.8629627,16.0,105.0,56.0,-0.4349956512451172,0.0,-6.989370346069336,15.215246200561523,2.7187228202819824,14.308388710021973,-1.811864972114563,0.18922121660216362,0.4349956512451172,27.10686492919922
run_1778853771_ef5ea5be,1778855133.865098,16.0,105.0,56.0,-0.4349956512451172,0.0,-6.989370346069336,15.439875602722168,2.7187228202819824,14.360184669494629,-1.6390326023101807,0.18922121660216362,0.4349956512451172,27.10686492919922
run_1778853771_ef5ea5be,1778855135.8596373,16.0,105.0,56.0,-0.39092063903808594,0.0,-6.939785957336426,14.618754386901855,2.443253993988037,14.410408020019531,-2.234907388687134,0.15281894602594548,0.39092063903808594,27.10686492919922
run_1778853771_ef5ea5be,1778855138.0811172,16.0,105.0,56.0,-0.39092063903808594,0.0,-6.939785957336426,14.87849235534668,2.443253993988037,14.456958770751953,-2.0217208862304688,0.15281894602594548,0.39092063903808594,27.10686492919922
run_1778853771_ef5ea5be,1778855139.8537564,16.0,105.0,56.0,-0.39092063903808594,0.0,-6.939785957336426,15.117894172668457,2.443253993988037,14.503510475158691,-1.828870177268982,0.15281894602594548,0.39092063903808594,27.10686492919922
run_1778853771_ef5ea5be,1778855141.8636727,16.0,105.0,56.0,-0.39092063903808594,0.0,-6.939785957336426,15.338899612426758,2.443253993988037,14.550061225891113,-1.6544157266616821,0.15281894602594548,0.39092063903808594,27.10686492919922
run_1778853771_ef5ea5be,1778855143.855699,16.0,105.0,56.0,-0.3468303680419922,0.0,-6.89018440246582,14.554399490356445,2.167689800262451,14.591865539550781,-2.205156087875366,0.12029130419614376,0.3468303680419922,27.10686492919922
run_1778853771_ef5ea5be,1778855145.854261,16.0,105.0,56.0,-0.3468303680419922,0.0,-6.89018440246582,14.806023597717285,2.167689800262451,14.63314151763916,-1.994807481765747,0.12029130419614376,0.3468303680419922,27.10686492919922
run_1778853771_ef5ea5be,1778855147.8578827,16.0,105.0,56.0,-0.3468303680419922,0.0,-6.89018440246582,15.037582397460938,2.167689800262451,14.674417495727539,-1.8045240640640259,0.12029130419614376,0.3468303680419922,27.10686492919922
run_1778853771_ef5ea5be,1778855150.093509,16.0,105.0,56.0,-0.3468303680419922,0.0,-6.89018440246582,15.250992774963379,2.167689800262451,14.715693473815918,-1.6323914527893066,0.12029130419614376,0.3468303680419922,27.10686492919922
run_1778853771_ef5ea5be,1778855151.872268,16.0,105.0,56.0,-0.3468303680419922,0.0,-6.89018440246582,15.447981834411621,2.167689800262451,14.756970405578613,-1.476678490638733,0.12029130419614376,0.3468303680419922,27.10686492919922
run_1778853771_ef5ea5be,1778855153.876773,16.0,105.0,56.0,-0.3468303680419922,0.0,-6.89018440246582,15.630117416381836,2.167689800262451,14.798246383666992,-1.3358187675476074,0.12029130419614376,0.3468303680419922,27.10686492919922
run_1778853771_ef5ea5be,1778855155.8687482,16.0,105.0,56.0,-0.3027677536010742,0.0,-6.84061336517334,14.81059455871582,1.8922984600067139,14.83480167388916,-1.916505217552185,0.09166831262064079,0.3027677536010742,27.10686492919922
run_1778853771_ef5ea5be,1778855157.8718715,16.0,105.0,56.0,-0.3027677536010742,0.0,-6.84061336517334,15.029440879821777,1.8922984600067139,14.870832443237305,-1.7336910963058472,0.09166831262064079,0.3027677536010742,27.10686492919922
run_1778853771_ef5ea5be,1778855159.8578827,16.0,105.0,56.0,-0.3027677536010742,0.0,-6.84061336517334,15.230846405029297,1.8922984600067139,14.906864166259766,-1.5683151483535767,0.09166831262064079,0.3027677536010742,27.10686492919922
run_1778853771_ef5ea5be,1778855161.937352,16.0,105.0,56.0,-0.3027677536010742,0.0,-6.84061336517334,15.416479110717773,1.8922984600067139,14.94289493560791,-1.4187147617340088,0.09166831262064079,0.3027677536010742,27.10686492919922
run_1778853771_ef5ea5be,1778855163.8657765,16.0,105.0,56.0,-0.25869035720825195,0.0,-6.791026592254639,14.54433536529541,1.6168147325515747,14.978401184082031,-2.0508813858032227,0.066920700912533,0.25869035720825195,27.10686492919922
run_1778853771_ef5ea5be,1778855165.9960923,16.0,105.0,56.0,-0.25869035720825195,0.0,-6.791026592254639,14.770753860473633,1.6168147325515747,15.009186744689941,-1.8552485704421997,0.066920700912533,0.25869035720825195,27.10686492919922
run_1778853771_ef5ea5be,1778855167.8763976,16.0,105.0,56.0,-0.25869035720825195,0.0,-6.791026592254639,14.978509902954102,1.6168147325515747,15.039973258972168,-1.6782770156860352,0.066920700912533,0.25869035720825195,27.10686492919922
run_1778853771_ef5ea5be,1778855169.8658895,16.0,105.0,56.0,-0.25869035720825195,0.0,-6.791026592254639,15.169386863708496,1.6168147325515747,15.070758819580078,-1.518187165260315,0.066920700912533,0.25869035720825195,27.10686492919922
run_1778853771_ef5ea5be,1778855171.9097528,16.0,105.0,56.0,-0.25869035720825195,0.0,-6.791026592254639,15.344990730285645,1.6168147325515747,15.101544380187988,-1.3733683824539185,0.066920700912533,0.25869035720825195,27.10686492919922
run_1778853771_ef5ea5be,1778855173.8668694,16.0,105.0,56.0,-0.21464109420776367,0.0,-6.741471290588379,14.491992950439453,1.341506838798523,15.129707336425781,-1.9792221784591675,0.04607079932270608,0.21464109420776367,27.10686492919922
run_1778853771_ef5ea5be,1778855175.8598952,16.0,105.0,56.0,-0.21464109420776367,0.0,-6.741471290588379,14.706330299377441,1.341506838798523,15.155248641967773,-1.7904248237609863,0.04607079932270608,0.21464109420776367,27.10686492919922
run_1778853771_ef5ea5be,1778855177.861667,16.0,105.0,56.0,-0.21464109420776367,0.0,-6.741471290588379,14.902658462524414,1.341506838798523,15.18078899383545,-1.619637370109558,0.04607079932270608,0.21464109420776367,27.10686492919922
run_1778853771_ef5ea5be,1778855179.884799,16.0,105.0,56.0,-0.21464109420776367,0.0,-6.741471290588379,15.082695960998535,1.341506838798523,15.206329345703125,-1.4651410579681396,0.04607079932270608,0.21464109420776367,27.10686492919922
run_1778853771_ef5ea5be,1778855181.8637028,16.0,105.0,56.0,-0.21464109420776367,0.0,-6.741471290588379,15.247994422912598,1.341506838798523,15.2318696975708,-1.325381875038147,0.04607079932270608,0.21464109420776367,27.10686492919922
run_1778853771_ef5ea5be,1778855183.8694506,16.0,105.0,56.0,-0.21464109420776367,0.0,-6.741471290588379,15.399962425231934,1.341506838798523,15.257411003112793,-1.1989543437957764,0.04607079932270608,0.21464109420776367,27.10686492919922
run_1778853771_ef5ea5be,1778855185.882335,16.0,105.0,56.0,-0.170562744140625,0.0,-6.691883087158203,14.524415016174316,1.0660171508789062,15.280328750610352,-1.82193124294281,0.029091649688780308,0.170562744140625,27.10686492919922
run_1778853771_ef5ea5be,1778855187.8687336,16.0,105.0,56.0,-0.21464109420776367,0.0,-6.741471290588379,15.762031555175781,1.341506838798523,15.301148414611816,-0.8806251287460327,0.04607079932270608,0.21464109420776367,27.10686492919922
run_1778853771_ef5ea5be,1778855189.874598,16.0,105.0,56.0,-0.170562744140625,0.0,-6.691883087158203,14.85611629486084,1.0660171508789062,15.324066162109375,-1.5339674949645996,0.029091649688780308,0.170562744140625,27.10686492919922
run_1778853771_ef5ea5be,1778855191.869081,16.0,105.0,56.0,-0.170562744140625,0.0,-6.691883087158203,15.022735595703125,1.0660171508789062,15.344362258911133,-1.3876432180404663,0.029091649688780308,0.170562744140625,27.10686492919922
run_1778853771_ef5ea5be,1778855193.8723845,16.0,105.0,56.0,-0.170562744140625,0.0,-6.691883087158203,15.175397872924805,1.0660171508789062,15.364657402038574,-1.2552767992019653,0.029091649688780308,0.170562744140625,27.10686492919922
run_1778853771_ef5ea5be,1778855195.8675056,16.0,105.0,56.0,-0.170562744140625,0.0,-6.691883087158203,15.31543254852295,1.0660171508789062,15.384952545166016,-1.1355364322662354,0.029091649688780308,0.170562744140625,27.10686492919922
run_1778853771_ef5ea5be,1778855197.860529,16.0,105.0,56.0,-0.170562744140625,0.0,-6.691883087158203,15.444046020507812,1.0660171508789062,15.405247688293457,-1.027218222618103,0.029091649688780308,0.170562744140625,27.10686492919922
run_1778853771_ef5ea5be,1778855199.8601227,16.0,105.0,56.0,-0.12648344039916992,0.0,-6.642293930053711,14.560437202453613,0.790521502494812,15.42187213897705,-1.6519569158554077,0.01599806069521037,0.12648344039916992,27.10686492919922
run_1778853771_ef5ea5be,1778855201.8678417,16.0,105.0,56.0,-0.12648344039916992,0.0,-6.642293930053711,14.733065605163574,0.790521502494812,15.436922073364258,-1.4943773746490479,0.01599806069521037,0.12648344039916992,27.10686492919922
run_1778853771_ef5ea5be,1778855203.8690205,16.0,105.0,56.0,-0.12648344039916992,0.0,-6.642293930053711,14.890665054321289,0.790521502494812,15.451972007751465,-1.3518296480178833,0.01599806069521037,0.12648344039916992,27.10686492919922
run_1778853771_ef5ea5be,1778855205.8674428,16.0,105.0,56.0,-0.12648344039916992,0.0,-6.642293930053711,15.03466510772705,0.790521502494812,15.467021942138672,-1.2228792905807495,0.01599806069521037,0.12648344039916992,27.10686492919922
run_1778853771_ef5ea5be,1778855207.8721085,16.0,105.0,56.0,-0.12648344039916992,0.0,-6.642293930053711,15.166364669799805,0.790521502494812,15.482072830200195,-1.1062294244766235,0.01599806069521037,0.12648344039916992,27.10686492919922
run_1778853771_ef5ea5be,1778855209.8888304,16.0,105.0,56.0,-0.08241701126098633,0.0,-6.592719078063965,14.25787353515625,0.5151063203811646,15.495549201965332,-1.7527815103530884,0.006792563745193547,0.08241701126098633,27.10686492919922
run_1778853771_ef5ea5be,1778855211.8584707,16.0,105.0,56.0,-0.08241701126098633,0.0,-6.592719078063965,14.43487548828125,0.5151063203811646,15.505353927612305,-1.5855845212936401,0.006792563745193547,0.08241701126098633,27.10686492919922
run_1778853771_ef5ea5be,1778855213.865177,16.0,105.0,56.0,-0.08241701126098633,0.0,-6.592719078063965,14.595929145812988,0.5151063203811646,15.515158653259277,-1.4343363046646118,0.006792563745193547,0.08241701126098633,27.10686492919922
run_1778853771_ef5ea5be,1778855215.8641047,16.0,105.0,56.0,-0.08241701126098633,0.0,-6.592719078063965,14.742554664611816,0.5151063203811646,15.524964332580566,-1.297515869140625,0.006792563745193547,0.08241701126098633,27.10686492919922
run_1778853771_ef5ea5be,1778855217.884982,16.0,105.0,56.0,-0.08241701126098633,0.0,-6.592719078063965,14.876129150390625,0.5151063203811646,15.534769058227539,-1.1737463474273682,0.006792563745193547,0.08241701126098633,27.10686492919922
run_1778853771_ef5ea5be,1778855220.1408415,16.0,105.0,56.0,-0.08241701126098633,0.0,-6.592719078063965,14.997896194458008,0.5151063203811646,15.544573783874512,-1.0617833137512207,0.006792563745193547,0.08241701126098633,27.10686492919922
run_1778853771_ef5ea5be,1778855221.8690808,16.0,105.0,56.0,-0.08241701126098633,0.0,-6.592719078063965,15.10898494720459,0.5151063203811646,15.554378509521484,-0.9605006575584412,0.006792563745193547,0.08241701126098633,27.10686492919922
run_1778853771_ef5ea5be,1778855223.8698988,16.0,105.0,56.0,-0.08241701126098633,0.0,-6.592719078063965,15.210411071777344,0.5151063203811646,15.564184188842773,-0.8688790798187256,0.006792563745193547,0.08241701126098633,27.10686492919922
run_1778853771_ef5ea5be,1778855225.870951,16.0,105.0,56.0,-0.08241701126098633,0.0,-6.592719078063965,15.30309772491455,0.5151063203811646,15.573988914489746,-0.7859971523284912,0.006792563745193547,0.08241701126098633,27.10686492919922
run_1778853771_ef5ea5be,1778855227.8666437,16.0,105.0,56.0,-0.038336753845214844,0.0,-6.543128967285156,14.344305992126465,0.23960471153259277,15.583269119262695,-1.4785680770874023,0.001469706695388595,0.038336753845214844,27.10686492919922
run_1778853771_ef5ea5be,1778855229.8889108,16.0,105.0,56.0,-0.08241701126098633,0.0,-6.592719078063965,15.519290924072266,0.5151063203811646,15.589402198791504,-0.5852175354957581,0.006792563745193547,0.08241701126098633,27.10686492919922
run_1778853771_ef5ea5be,1778855231.9078934,16.0,105.0,56.0,-0.038336753845214844,0.0,-6.543128967285156,14.583006858825684,0.23960471153259277,15.595536231994629,-1.2521333694458008,0.001469706695388595,0.038336753845214844,27.10686492919922
run_1778853771_ef5ea5be,1778855233.8738232,16.0,105.0,56.0,-0.038336753845214844,0.0,-6.543128967285156,14.666236877441406,0.23960471153259277,15.603242874145508,-1.1766109466552734,0.001469706695388595,0.038336753845214844,27.10686492919922
run_1778853771_ef5ea5be,1778855235.8892224,16.0,105.0,56.0,-0.038336753845214844,0.0,-6.543128967285156,14.783032417297363,0.23960471153259277,15.607802391052246,-1.0643746852874756,0.001469706695388595,0.038336753845214844,27.10686492919922
run_1778853771_ef5ea5be,1778855237.8668292,16.0,105.0,56.0,-0.038336753845214844,0.0,-6.543128967285156,14.88912296295166,0.23960471153259277,15.612361907958984,-0.9628444910049438,0.001469706695388595,0.038336753845214844,27.10686492919922
run_1778853771_ef5ea5be,1778855239.871371,16.0,105.0,56.0,-0.038336753845214844,0.0,-6.543128967285156,14.985527038574219,0.23960471153259277,15.616922378540039,-0.8709993362426758,0.001469706695388595,0.038336753845214844,27.10686492919922
run_1778853771_ef5ea5be,1778855241.871027,16.0,105.0,56.0,-0.038336753845214844,0.0,-6.543128967285156,15.073171615600586,0.23960471153259277,15.621481895446777,-0.7879152894020081,0.001469706695388595,0.038336753845214844,27.10686492919922
run_1778853771_ef5ea5be,1778855243.8657687,16.0,105.0,56.0,-0.038336753845214844,0.0,-6.543128967285156,15.152889251708984,0.23960471153259277,15.626041412353516,-0.712756335735321,0.001469706695388595,0.038336753845214844,27.10686492919922
run_1778853771_ef5ea5be,1778855245.8702514,16.0,105.0,56.0,-0.038336753845214844,0.0,-6.543128967285156,15.225439071655273,0.23960471153259277,15.630600929260254,-0.6447668671607971,0.001469706695388595,0.038336753845214844,27.10686492919922
run_1778853771_ef5ea5be,1778855247.8686628,16.0,105.0,56.0,0.005744457244873047,0.0,-6.493537425994873,14.28860855102539,-0.03590285778045654,15.630529403686523,-1.3060179948806763,3.2998789038174436e-05,0.005744457244873047,27.10686492919922
run_1778853771_ef5ea5be,1778855249.8703203,16.0,105.0,56.0,-0.038336753845214844,0.0,-6.543128967285156,15.44095230102539,0.23960471153259277,15.630457878112793,-0.4291107952594757,0.001469706695388595,0.038336753845214844,27.10686492919922
run_1778853771_ef5ea5be,1778855251.87017,16.0,105.0,56.0,0.005744457244873047,0.0,-6.493537425994873,14.483550071716309,-0.03590285778045654,15.630386352539062,-1.1109333038330078,3.2998789038174436e-05,0.005744457244873047,27.10686492919922
run_1778853771_ef5ea5be,1778855253.9248085,16.0,105.0,56.0,0.005744457244873047,0.0,-6.493537425994873,14.587465286254883,-0.03590285778045654,15.62833023071289,-1.0049619674682617,3.2998789038174436e-05,0.005744457244873047,27.10686492919922
run_1778853771_ef5ea5be,1778855255.8641326,16.0,105.0,56.0,0.005744457244873047,0.0,-6.493537425994873,14.681272506713867,-0.03590285778045654,15.626274108886719,-0.9090991616249084,3.2998789038174436e-05,0.005744457244873047,27.10686492919922
run_1778853771_ef5ea5be,1778855257.8931713,16.0,105.0,56.0,0.005744457244873047,0.0,-6.493537425994873,14.765934944152832,-0.03590285778045654,15.624217987060547,-0.8223806619644165,3.2998789038174436e-05,0.005744457244873047,27.10686492919922
run_1778853771_ef5ea5be,1778855259.8720937,16.0,105.0,56.0,0.005744457244873047,0.0,-6.493537425994873,14.842324256896973,-0.03590285778045654,15.622160911560059,-0.7439342141151428,3.2998789038174436e-05,0.005744457244873047,27.10686492919922
run_1778853771_ef5ea5be,1778855261.8663409,16.0,105.0,56.0,0.005744457244873047,0.0,-6.493537425994873,14.91123104095459,-0.03590285778045654,15.620104789733887,-0.6729707717895508,3.2998789038174436e-05,0.005744457244873047,27.10686492919922
run_1778853771_ef5ea5be,1778855263.8744369,16.0,105.0,56.0,0.005744457244873047,0.0,-6.493537425994873,14.973369598388672,-0.03590285778045654,15.618048667907715,-0.6087763905525208,3.2998789038174436e-05,0.005744457244873047,27.10686492919922
run_1778853771_ef5ea5be,1778855265.8632522,16.0,105.0,56.0,0.005744457244873047,0.0,-6.493537425994873,15.02938461303711,-0.03590285778045654,15.615992546081543,-0.5507054924964905,3.2998789038174436e-05,0.005744457244873047,27.10686492919922
run_1778853771_ef5ea5be,1778855267.8739753,16.0,105.0,56.0,0.005744457244873047,0.0,-6.493537425994873,15.079858779907227,-0.03590285778045654,15.613935470581055,-0.4981739819049835,3.2998789038174436e-05,0.005744457244873047,27.10686492919922
run_1778853771_ef5ea5be,1778855269.8725808,16.0,105.0,56.0,0.005744457244873047,0.0,-6.493537425994873,15.125324249267578,-0.03590285778045654,15.611879348754883,-0.45065340399742126,3.2998789038174436e-05,0.005744457244873047,27.10686492919922
run_1778853771_ef5ea5be,1778855271.8629959,16.0,105.0,56.0,0.005744457244873047,0.0,-6.493537425994873,15.166254043579102,-0.03590285778045654,15.609823226928711,-0.4076657295227051,3.2998789038174436e-05,0.005744457244873047,27.10686492919922
run_1778853771_ef5ea5be,1778855273.8786566,16.0,105.0,56.0,0.005744457244873047,0.0,-6.493537425994873,15.203085899353027,-0.03590285778045654,15.607767105102539,-0.3687787652015686,3.2998789038174436e-05,0.005744457244873047,27.10686492919922
run_1778853771_ef5ea5be,1778855275.871832,16.0,105.0,56.0,0.005744457244873047,0.0,-6.493537425994873,15.2362060546875,-0.03590285778045654,15.60571002960205,-0.333601176738739,3.2998789038174436e-05,0.005744457244873047,27.10686492919922
run_1778853771_ef5ea5be,1778855277.8776505,16.0,105.0,56.0,0.005744457244873047,0.0,-6.493537425994873,15.265971183776855,-0.03590285778045654,15.603653907775879,-0.30177921056747437,3.2998789038174436e-05,0.005744457244873047,27.10686492919922
run_1778853771_ef5ea5be,1778855279.8682845,16.0,105.0,56.0,0.005744457244873047,0.0,-6.493537425994873,15.292702674865723,-0.03590285778045654,15.601597785949707,-0.2729926109313965,3.2998789038174436e-05,0.005744457244873047,27.10686492919922
run_1778853771_ef5ea5be,1778855281.8954647,16.0,105.0,56.0,0.005744457244873047,0.0,-6.493537425994873,15.316685676574707,-0.03590285778045654,15.599541664123535,-0.24695201218128204,3.2998789038174436e-05,0.005744457244873047,27.10686492919922
run_1778853771_ef5ea5be,1778855283.878423,16.0,105.0,56.0,0.04982709884643555,0.0,-6.443944454193115,14.317371368408203,-0.31141936779022217,15.58960247039795,-0.9608121514320374,0.0024827397794524586,0.04982709884643555,27.10686492919922
run_1778853771_ef5ea5be,1778855285.8869693,16.0,105.0,56.0,0.04982709884643555,0.0,-6.443944454193115,14.34465503692627,-0.31141936779022217,15.584392547607422,-0.9283179640769958,0.0024827397794524586,0.04982709884643555,27.10686492919922
run_1778853771_ef5ea5be,1778855287.8604167,16.0,105.0,56.0,0.04982709884643555,0.0,-6.443944454193115,14.415386199951172,-0.31141936779022217,15.566571235656738,-0.8397661447525024,0.0024827397794524586,0.04982709884643555,27.10686492919922
run_1778853771_ef5ea5be,1778855289.8979087,16.0,105.0,56.0,0.04982709884643555,0.0,-6.443944454193115,14.477668762207031,-0.31141936779022217,15.548748970031738,-0.7596611976623535,0.0024827397794524586,0.04982709884643555,27.10686492919922
run_1778853771_ef5ea5be,1778855291.875468,16.0,105.0,56.0,0.04982709884643555,0.0,-6.443944454193115,14.53231143951416,-0.31141936779022217,15.530927658081055,-0.6871975064277649,0.0024827397794524586,0.04982709884643555,27.10686492919922
run_1778853771_ef5ea5be,1778855293.8689413,16.0,105.0,56.0,0.04982709884643555,0.0,-6.443944454193115,14.580039978027344,-0.31141936779022217,15.513105392456055,-0.6216460466384888,0.0024827397794524586,0.04982709884643555,27.10686492919922
run_1778853771_ef5ea5be,1778855295.8756268,16.0,105.0,56.0,0.04982709884643555,0.0,-6.443944454193115,14.621517181396484,-0.31141936779022217,15.495284080505371,-0.5623475909233093,0.0024827397794524586,0.04982709884643555,27.10686492919922
run_1778853771_ef5ea5be,1778855297.8710773,16.0,105.0,56.0,0.04982709884643555,0.0,-6.443944454193115,14.657336235046387,-0.31141936779022217,15.477461814880371,-0.5087056159973145,0.0024827397794524586,0.04982709884643555,27.10686492919922
run_1778853771_ef5ea5be,1778855299.8797717,16.0,105.0,56.0,0.04982709884643555,0.0,-6.443944454193115,14.688040733337402,-0.31141936779022217,15.459640502929688,-0.460180401802063,0.0024827397794524586,0.04982709884643555,27.10686492919922
run_1778853771_ef5ea5be,1778855302.206497,16.0,105.0,56.0,0.04982709884643555,0.0,-6.443944454193115,14.71411418914795,-0.31141936779022217,15.441818237304688,-0.41628411412239075,0.0024827397794524586,0.04982709884643555,27.10686492919922
run_1778853771_ef5ea5be,1778855303.8754203,16.0,105.0,56.0,0.04982709884643555,0.0,-6.443944454193115,14.736002922058105,-0.31141936779022217,15.423996925354004,-0.37657496333122253,0.0024827397794524586,0.04982709884643555,27.10686492919922
run_1778853771_ef5ea5be,1778855305.8658514,16.0,105.0,56.0,0.04982709884643555,0.0,-6.443944454193115,14.754101753234863,-0.31141936779022217,15.406174659729004,-0.3406536877155304,0.0024827397794524586,0.04982709884643555,27.10686492919922
run_1778853771_ef5ea5be,1778855307.8753557,16.0,105.0,56.0,0.04982709884643555,0.0,-6.443944454193115,14.76877498626709,-0.31141936779022217,15.38835334777832,-0.3081589341163635,0.0024827397794524586,0.04982709884643555,27.10686492919922
run_1778853771_ef5ea5be,1778855309.9083142,16.0,105.0,56.0,0.04982709884643555,0.0,-6.443944454193115,14.780348777770996,-0.31141936779022217,15.37053108215332,-0.27876386046409607,0.0024827397794524586,0.04982709884643555,27.10686492919922
run_1778853771_ef5ea5be,1778855311.8900678,16.0,105.0,56.0,0.04982709884643555,0.0,-6.443944454193115,14.789117813110352,-0.31141936779022217,15.352709770202637,-0.25217267870903015,0.0024827397794524586,0.04982709884643555,27.10686492919922
run_1778853771_ef5ea5be,1778855314.0098412,16.0,105.0,56.0,0.04982709884643555,0.0,-6.443944454193115,14.795351028442383,-0.31141936779022217,15.334887504577637,-0.22811807692050934,0.0024827397794524586,0.04982709884643555,27.10686492919922
run_1778853771_ef5ea5be,1778855315.8780484,16.0,105.0,56.0,0.04982709884643555,0.0,-6.443944454193115,14.799287796020508,-0.31141936779022217,15.317066192626953,-0.20635807514190674,0.0024827397794524586,0.04982709884643555,27.10686492919922
run_1778853771_ef5ea5be,1778855317.8704162,16.0,105.0,56.0,0.04982709884643555,0.0,-6.443944454193115,14.80115032196045,-0.31141936779022217,15.299243927001953,-0.18667368590831757,0.0024827397794524586,0.04982709884643555,27.10686492919922
run_1778853771_ef5ea5be,1778855319.8772397,16.0,105.0,56.0,0.04982709884643555,0.0,-6.443944454193115,14.801136016845703,-0.31141936779022217,15.28142261505127,-0.16886700689792633,0.0024827397794524586,0.04982709884643555,27.10686492919922
run_1778853771_ef5ea5be,1778855321.8695805,16.0,105.0,56.0,0.04982709884643555,0.0,-6.443944454193115,14.799422264099121,-0.31141936779022217,15.26360034942627,-0.1527588665485382,0.0024827397794524586,0.04982709884643555,27.10686492919922
run_1778853771_ef5ea5be,1778855323.8841088,16.0,105.0,56.0,0.04982709884643555,0.0,-6.443944454193115,14.796172142028809,-0.31141936779022217,15.245779037475586,-0.13818728923797607,0.0024827397794524586,0.04982709884643555,27.10686492919922
run_1778853771_ef5ea5be,1778855325.8759232,16.0,105.0,56.0,0.04982709884643555,0.0,-6.443944454193115,14.791531562805176,-0.31141936779022217,15.227956771850586,-0.12500569224357605,0.0024827397794524586,0.04982709884643555,27.10686492919922
run_1778853771_ef5ea5be,1778855328.0410492,16.0,105.0,56.0,0.04982709884643555,0.0,-6.443944454193115,14.78563404083252,-0.31141936779022217,15.210135459899902,-0.11308147013187408,0.0024827397794524586,0.04982709884643555,27.10686492919922
run_1778853771_ef5ea5be,1778855329.8794882,16.0,105.0,56.0,0.04982709884643555,0.0,-6.443944454193115,14.77859878540039,-0.31141936779022217,15.192313194274902,-0.10229469835758209,0.0024827397794524586,0.04982709884643555,27.10686492919922
run_1778853771_ef5ea5be,1778855331.8793173,16.0,105.0,56.0,0.04982709884643555,0.0,-6.443944454193115,14.770536422729492,-0.31141936779022217,15.174491882324219,-0.09253686666488647,0.0024827397794524586,0.04982709884643555,27.10686492919922
run_1778853771_ef5ea5be,1778855333.888035,16.0,105.0,56.0,0.04982709884643555,0.0,-6.443944454193115,14.761540412902832,-0.31141936779022217,15.156669616699219,-0.08370982855558395,0.0024827397794524586,0.04982709884643555,27.10686492919922
run_1778853771_ef5ea5be,1778855335.8637617,16.0,105.0,56.0,0.04982709884643555,0.0,-6.443944454193115,14.751704216003418,-0.31141936779022217,15.138848304748535,-0.07572478801012039,0.0024827397794524586,0.04982709884643555,27.10686492919922
run_1778853771_ef5ea5be,1778855337.8771267,16.0,105.0,56.0,0.04982709884643555,0.0,-6.443944454193115,14.741105079650879,-0.31141936779022217,15.121026039123535,-0.06850143522024155,0.0024827397794524586,0.04982709884643555,27.10686492919922
run_1778853771_ef5ea5be,1778855339.8665085,16.0,105.0,56.0,0.04982709884643555,0.0,-6.443944454193115,14.729818344116211,-0.31141936779022217,15.103204727172852,-0.06196710839867592,0.0024827397794524586,0.04982709884643555,27.10686492919922
run_1778853771_ef5ea5be,1778855341.8689141,16.0,105.0,56.0,0.04982709884643555,0.0,-6.443944454193115,14.717906951904297,-0.31141936779022217,15.085382461547852,-0.05605609714984894,0.0024827397794524586,0.04982709884643555,27.10686492919922
run_1778853771_ef5ea5be,1778855343.8648484,16.0,105.0,56.0,0.04982709884643555,0.0,-6.443944454193115,14.705432891845703,-0.31141936779022217,15.067561149597168,-0.050708938390016556,0.0024827397794524586,0.04982709884643555,27.10686492919922
run_1778853771_ef5ea5be,1778855345.8798695,16.0,105.0,56.0,0.04982709884643555,0.0,-6.443944454193115,14.692447662353516,-0.31141936779022217,15.049738883972168,-0.04587184637784958,0.0024827397794524586,0.04982709884643555,27.10686492919922
run_1778853771_ef5ea5be,1778855347.871382,16.0,105.0,56.0,0.04982709884643555,0.0,-6.443944454193115,14.679000854492188,-0.31141936779022217,15.031917572021484,-0.0414961501955986,0.0024827397794524586,0.04982709884643555,27.10686492919922
run_1778853771_ef5ea5be,1778855349.891472,16.0,105.0,56.0,0.04982709884643555,0.0,-6.443944454193115,14.665138244628906,-0.31141936779022217,15.014095306396484,-0.037537865340709686,0.0024827397794524586,0.04982709884643555,27.10686492919922
run_1778853771_ef5ea5be,1778855351.890485,16.0,105.0,56.0,0.04982709884643555,0.0,-6.443944454193115,14.650897979736328,-0.31141936779022217,14.9962739944458,-0.03395714610815048,0.0024827397794524586,0.04982709884643555,27.10686492919922
run_1778853771_ef5ea5be,1778855353.8799946,16.0,105.0,56.0,0.04982709884643555,0.0,-6.443944454193115,14.63631534576416,-0.31141936779022217,14.9784517288208,-0.030717995017766953,0.0024827397794524586,0.04982709884643555,27.10686492919922
run_1778853771_ef5ea5be,1778855355.8731403,16.0,105.0,56.0,0.04982709884643555,0.0,-6.443944454193115,14.62142276763916,-0.31141936779022217,14.960630416870117,-0.0277878288179636,0.0024827397794524586,0.04982709884643555,27.10686492919922
run_1778853771_ef5ea5be,1778855357.8803327,16.0,105.0,56.0,0.04982709884643555,0.0,-6.443944454193115,14.606252670288086,-0.31141936779022217,14.942808151245117,-0.0251371618360281,0.0024827397794524586,0.04982709884643555,27.10686492919922
run_1778853771_ef5ea5be,1778855359.8764315,16.0,105.0,56.0,0.04982709884643555,0.0,-6.443944454193115,14.590827941894531,-0.31141936779022217,14.924986839294434,-0.022739341482520103,0.0024827397794524586,0.04982709884643555,27.10686492919922
run_1778853771_ef5ea5be,1778855361.8720317,16.0,105.0,56.0,0.04982709884643555,0.0,-6.443944454193115,14.575176239013672,-0.31141936779022217,14.907164573669434,-0.020570240914821625,0.0024827397794524586,0.04982709884643555,27.10686492919922
run_1778853771_ef5ea5be,1778855363.869627,16.0,105.0,56.0,0.04982709884643555,0.0,-6.443944454193115,14.559314727783203,-0.31141936779022217,14.88934326171875,-0.018608061596751213,0.0024827397794524586,0.04982709884643555,27.10686492919922
run_1778853771_ef5ea5be,1778855365.8780959,16.0,105.0,56.0,0.04982709884643555,0.0,-6.443944454193115,14.543269157409668,-0.31141936779022217,14.87152099609375,-0.016833044588565826,0.0024827397794524586,0.04982709884643555,27.10686492919922
run_1778853771_ef5ea5be,1778855367.8757977,16.0,105.0,56.0,0.04982709884643555,0.0,-6.443944454193115,14.527052879333496,-0.31141936779022217,14.853699684143066,-0.01522735133767128,0.0024827397794524586,0.04982709884643555,27.10686492919922
run_1778853771_ef5ea5be,1778855369.878656,16.0,105.0,56.0,0.005744457244873047,0.0,-6.493537425994873,15.520013809204102,-0.03590285778045654,14.84691333770752,0.7090038657188416,3.2998789038174436e-05,0.005744457244873047,27.10686492919922
run_1778853771_ef5ea5be,1778855371.8705523,16.0,105.0,56.0,0.04982709884643555,0.0,-6.443944454193115,14.452190399169922,-0.31141936779022217,14.830668449401855,-0.06705872714519501,0.0024827397794524586,0.04982709884643555,27.10686492919922
run_1778853771_ef5ea5be,1778855373.8818164,16.0,105.0,56.0,0.04982709884643555,0.0,-6.443944454193115,14.440764427185059,-0.31141936779022217,14.812846183776855,-0.06066203489899635,0.0024827397794524586,0.04982709884643555,27.10686492919922
run_1778853771_ef5ea5be,1778855375.8661795,16.0,105.0,56.0,0.04982709884643555,0.0,-6.443944454193115,14.428730010986328,-0.31141936779022217,14.795024871826172,-0.05487550422549248,0.0024827397794524586,0.04982709884643555,27.10686492919922
run_1778853771_ef5ea5be,1778855377.8741467,16.0,105.0,56.0,0.04982709884643555,0.0,-6.443944454193115,14.416143417358398,-0.31141936779022217,14.777202606201172,-0.0496409609913826,0.0024827397794524586,0.04982709884643555,27.10686492919922
run_1778853771_ef5ea5be,1778855379.878826,16.0,105.0,56.0,0.005744457244873047,0.0,-6.493537425994873,15.401191711425781,-0.03590285778045654,14.77357006072998,0.663525402545929,3.2998789038174436e-05,0.005744457244873047,27.10686492919922
run_1778853771_ef5ea5be,1778855381.8802102,16.0,105.0,56.0,0.005744457244873047,0.0,-6.493537425994873,15.335843086242676,-0.03590285778045654,14.771513938903809,0.6002321243286133,3.2998789038174436e-05,0.005744457244873047,27.10686492919922
run_1778853771_ef5ea5be,1778855383.8798842,16.0,105.0,56.0,0.005744457244873047,0.0,-6.493537425994873,15.276530265808105,-0.03590285778045654,14.76945686340332,0.5429763793945312,3.2998789038174436e-05,0.005744457244873047,27.10686492919922
run_1778853771_ef5ea5be,1778855385.886945,16.0,105.0,56.0,0.005744457244873047,0.0,-6.493537425994873,15.222681045532227,-0.03590285778045654,14.767400741577148,0.4911821782588959,3.2998789038174436e-05,0.005744457244873047,27.10686492919922
run_1778853771_ef5ea5be,1778855387.8700178,16.0,105.0,56.0,0.005744457244873047,0.0,-6.493537425994873,15.173770904541016,-0.03590285778045654,14.765344619750977,0.4443286061286926,3.2998789038174436e-05,0.005744457244873047,27.10686492919922
run_1778853771_ef5ea5be,1778855389.8890843,16.0,105.0,56.0,0.005744457244873047,0.0,-6.493537425994873,15.129329681396484,-0.03590285778045654,14.763288497924805,0.4019443392753601,3.2998789038174436e-05,0.005744457244873047,27.10686492919922
run_1778853771_ef5ea5be,1778855391.872791,16.0,105.0,56.0,0.005744457244873047,0.0,-6.493537425994873,15.088932037353516,-0.03590285778045654,14.761231422424316,0.36360305547714233,3.2998789038174436e-05,0.005744457244873047,27.10686492919922
run_1778853771_ef5ea5be,1778855393.8712857,16.0,105.0,56.0,0.005744457244873047,0.0,-6.493537425994873,15.052191734313965,-0.03590285778045654,14.759175300598145,0.3289191722869873,3.2998789038174436e-05,0.005744457244873047,27.10686492919922
run_1778853771_ef5ea5be,1778855395.8843222,16.0,105.0,56.0,0.005744457244873047,0.0,-6.493537425994873,15.018759727478027,-0.03590285778045654,14.757119178771973,0.2975437641143799,3.2998789038174436e-05,0.005744457244873047,27.10686492919922
run_1778853771_ef5ea5be,1778855398.3159611,16.0,105.0,56.0,0.005744457244873047,0.0,-6.493537425994873,14.988321304321289,-0.03590285778045654,14.7550630569458,0.2691612243652344,3.2998789038174436e-05,0.005744457244873047,27.10686492919922
run_1778853771_ef5ea5be,1778855399.8727624,16.0,105.0,56.0,0.005744457244873047,0.0,-6.493537425994873,14.960590362548828,-0.03590285778045654,14.753005981445312,0.24348612129688263,3.2998789038174436e-05,0.005744457244873047,27.10686492919922
run_1778853771_ef5ea5be,1778855401.8994281,16.0,105.0,56.0,0.005744457244873047,0.0,-6.493537425994873,14.935307502746582,-0.03590285778045654,14.75094985961914,0.2202601432800293,3.2998789038174436e-05,0.005744457244873047,27.10686492919922
run_1778853771_ef5ea5be,1778855403.871994,16.0,105.0,56.0,0.005744457244873047,0.0,-6.493537425994873,14.912240028381348,-0.03590285778045654,14.748893737792969,0.19924962520599365,3.2998789038174436e-05,0.005744457244873047,27.10686492919922
run_1778853771_ef5ea5be,1778855405.8990674,16.0,105.0,56.0,0.005744457244873047,0.0,-6.493537425994873,14.8911771774292,-0.03590285778045654,14.746837615966797,0.18024329841136932,3.2998789038174436e-05,0.005744457244873047,27.10686492919922
run_1778853771_ef5ea5be,1778855407.8806937,16.0,105.0,56.0,0.04982709884643555,0.0,-6.443944454193115,13.83933162689209,-0.31141936779022217,14.74005126953125,-0.5893012285232544,0.0024827397794524586,0.04982709884643555,27.10686492919922
run_1778853771_ef5ea5be,1778855409.887973,16.0,105.0,56.0,0.005744457244873047,0.0,-6.493537425994873,14.898538589477539,-0.03590285778045654,14.730112075805664,0.20432862639427185,3.2998789038174436e-05,0.005744457244873047,27.10686492919922
run_1778853771_ef5ea5be,1778855411.885521,16.0,105.0,56.0,0.005744457244873047,0.0,-6.493537425994873,14.876991271972656,-0.03590285778045654,14.728055953979492,0.18483780324459076,3.2998789038174436e-05,0.005744457244873047,27.10686492919922
run_1778853771_ef5ea5be,1778855413.8819735,16.0,105.0,56.0,0.04982709884643555,0.0,-6.443944454193115,13.83648681640625,-0.31141936779022217,14.718116760253906,-0.5702105164527893,0.0024827397794524586,0.04982709884643555,27.10686492919922
run_1778853771_ef5ea5be,1778855415.8836079,16.0,105.0,56.0,0.005744457244873047,0.0,-6.493537425994873,14.905653953552246,-0.03590285778045654,14.705024719238281,0.2365328073501587,3.2998789038174436e-05,0.005744457244873047,27.10686492919922
run_1778853771_ef5ea5be,1778855417.8715177,16.0,105.0,56.0,0.04982709884643555,0.0,-6.443944454193115,13.860219955444336,-0.31141936779022217,14.695085525512695,-0.5234466791152954,0.0024827397794524586,0.04982709884643555,27.10686492919922
run_1778853771_ef5ea5be,1778855420.1142726,16.0,105.0,56.0,0.005744457244873047,0.0,-6.493537425994873,14.890464782714844,-0.03590285778045654,14.691452980041504,0.23491577804088593,3.2998789038174436e-05,0.005744457244873047,27.10686492919922
run_1778853771_ef5ea5be,1778855421.938148,16.0,105.0,56.0,0.005744457244873047,0.0,-6.493537425994873,14.866000175476074,-0.03590285778045654,14.689395904541016,0.21250727772712708,3.2998789038174436e-05,0.005744457244873047,27.10686492919922
run_1778853771_ef5ea5be,1778855423.875577,16.0,105.0,56.0,0.005744457244873047,0.0,-6.493537425994873,14.843673706054688,-0.03590285778045654,14.687339782714844,0.19223633408546448,3.2998789038174436e-05,0.005744457244873047,27.10686492919922
run_1778853771_ef5ea5be,1778855425.8847,16.0,105.0,56.0,0.005744457244873047,0.0,-6.493537425994873,14.823280334472656,-0.03590285778045654,14.685283660888672,0.17389902472496033,3.2998789038174436e-05,0.005744457244873047,27.10686492919922
run_1778853771_ef5ea5be,1778855427.874766,16.0,105.0,56.0,0.005744457244873047,0.0,-6.493537425994873,14.804636001586914,-0.03590285778045654,14.6832275390625,0.1573108732700348,3.2998789038174436e-05,0.005744457244873047,27.10686492919922
run_1778853771_ef5ea5be,1778855429.8801677,16.0,105.0,56.0,0.005744457244873047,0.0,-6.493537425994873,14.787572860717773,-0.03590285778045654,14.681170463562012,0.14230510592460632,3.2998789038174436e-05,0.005744457244873047,27.10686492919922
run_1778853771_ef5ea5be,1778855432.0379763,16.0,105.0,56.0,0.005744457244873047,0.0,-6.493537425994873,14.771943092346191,-0.03590285778045654,14.67911434173584,0.1287306845188141,3.2998789038174436e-05,0.005744457244873047,27.10686492919922
run_1778853771_ef5ea5be,1778855433.8783634,16.0,105.0,56.0,0.005744457244873047,0.0,-6.493537425994873,14.757606506347656,-0.03590285778045654,14.677058219909668,0.11645117402076721,3.2998789038174436e-05,0.005744457244873047,27.10686492919922
run_1778853771_ef5ea5be,1778855435.8721292,16.0,105.0,56.0,0.005744457244873047,0.0,-6.493537425994873,14.744441032409668,-0.03590285778045654,14.675002098083496,0.10534295439720154,3.2998789038174436e-05,0.005744457244873047,27.10686492919922
run_1778853771_ef5ea5be,1778855437.882379,16.0,105.0,56.0,0.005744457244873047,0.0,-6.493537425994873,14.73233699798584,-0.03590285778045654,14.672945022583008,0.09529435634613037,3.2998789038174436e-05,0.005744457244873047,27.10686492919922
run_1778853771_ef5ea5be,1778855439.8723037,16.0,105.0,56.0,0.005744457244873047,0.0,-6.493537425994873,14.72119140625,-0.03590285778045654,14.670888900756836,0.08620428293943405,3.2998789038174436e-05,0.005744457244873047,27.10686492919922
run_1778853771_ef5ea5be,1778855441.8964026,16.0,105.0,56.0,0.005744457244873047,0.0,-6.493537425994873,14.71091079711914,-0.03590285778045654,14.668832778930664,0.07798130065202713,3.2998789038174436e-05,0.005744457244873047,27.10686492919922
run_1778853771_ef5ea5be,1778855443.8765702,16.0,105.0,56.0,0.005744457244873047,0.0,-6.493537425994873,14.647553443908691,-0.03590285778045654,14.672069549560547,0.011387435719370842,3.2998789038174436e-05,0.005744457244873047,27.10686492919922
run_1778853771_ef5ea5be,1778855445.875947,16.0,105.0,56.0,0.005744457244873047,0.0,-6.493537425994873,14.644411087036133,-0.03590285778045654,14.670012474060059,0.010301195085048676,3.2998789038174436e-05,0.005744457244873047,27.10686492919922
run_1778853771_ef5ea5be,1778855447.880701,16.0,105.0,56.0,-0.038336753845214844,0.0,-6.543128967285156,15.644266128540039,0.23960471153259277,14.672587394714355,0.7320737242698669,0.001469706695388595,0.038336753845214844,27.10686492919922
run_1778853771_ef5ea5be,1778855449.889198,16.0,105.0,56.0,-0.038336753845214844,0.0,-6.543128967285156,15.578993797302246,0.23960471153259277,14.67714786529541,0.6622416973114014,0.001469706695388595,0.038336753845214844,27.10686492919922
run_1778853771_ef5ea5be,1778855451.8813667,16.0,105.0,56.0,-0.038336753845214844,0.0,-6.543128967285156,15.520383834838867,0.23960471153259277,14.681707382202148,0.5990708470344543,0.001469706695388595,0.038336753845214844,27.10686492919922
run_1778853771_ef5ea5be,1778855453.888806,16.0,105.0,56.0,-0.038336753845214844,0.0,-6.543128967285156,15.46779727935791,0.23960471153259277,14.686266899108887,0.5419259071350098,0.001469706695388595,0.038336753845214844,27.10686492919922
run_1778853771_ef5ea5be,1778855455.8879642,16.0,105.0,56.0,-0.038336753845214844,0.0,-6.543128967285156,15.420663833618164,0.23960471153259277,14.690826416015625,0.4902319610118866,0.001469706695388595,0.038336753845214844,27.10686492919922
run_1778853771_ef5ea5be,1778855457.886527,nan,nan,nan,-0.038336753845214844,nan,-6.543128967285156,nan,nan,nan,nan,nan,nan,27.10686492919922
