run_id,timestamp,kp,ki,kd,temp,temp_ref,temp_raw,temp_u,temp_u_p,temp_u_i,temp_u_d,sq_error,mae,start_temp
run_1779912341_31cb07a8,1779912822.478064,8.0,952.0,12.0,24.172046661376953,0.0,20.693553924560547,-100.0,-100.0,0.0,1.0788323879241943,584.2878397997847,24.172046661376953,24.172046661376953
run_1779912341_31cb07a8,1779912824.1743097,8.0,952.0,12.0,24.172046661376953,0.0,20.693553924560547,-100.0,-100.0,0.0,0.9759234189987183,584.2878397997847,24.172046661376953,24.172046661376953
run_1779912341_31cb07a8,1779912826.1883662,8.0,952.0,12.0,24.127613067626953,0.0,20.643566131591797,-100.0,-100.0,0.0,1.211108684539795,582.1417123411229,24.127613067626953,24.172046661376953
run_1779912341_31cb07a8,1779912828.1852758,8.0,952.0,12.0,24.083168029785156,0.0,20.593564987182617,-100.0,-100.0,0.0,1.4110369682312012,579.9989823508658,24.083168029785156,24.172046661376953
run_1779912341_31cb07a8,1779912830.1813796,8.0,952.0,12.0,23.949857711791992,0.0,20.44359016418457,-100.0,-100.0,0.0,2.2421789169311523,573.5956844150824,23.949857711791992,24.172046661376953
run_1779912341_31cb07a8,1779912832.1741977,8.0,952.0,12.0,23.905399322509766,0.0,20.393573760986328,-100.0,-100.0,0.0,2.343848943710327,571.4681167686504,23.905399322509766,24.172046661376953
run_1779912341_31cb07a8,1779912834.182586,8.0,952.0,12.0,23.772083282470703,0.0,20.243593215942383,-100.0,-100.0,0.0,3.0668859481811523,565.1119435887231,23.772083282470703,24.172046661376953
run_1779912341_31cb07a8,1779912836.1888416,8.0,952.0,12.0,23.683202743530273,0.0,20.14360237121582,-100.0,-100.0,0.0,3.405181407928467,560.8940921911599,23.683202743530273,24.172046661376953
run_1779912341_31cb07a8,1779912838.1794944,8.0,952.0,12.0,23.505470275878906,0.0,19.943653106689453,-100.0,-100.0,0.0,4.355130195617676,552.5071328902268,23.505470275878906,24.172046661376953
run_1779912341_31cb07a8,1779912840.174981,8.0,952.0,12.0,23.46104621887207,0.0,19.8936767578125,-100.0,-100.0,0.0,4.261388778686523,550.4206896840515,23.46104621887207,24.172046661376953
run_1779912341_31cb07a8,1779912842.1818516,8.0,952.0,12.0,23.283300399780273,0.0,19.69371223449707,-100.0,-100.0,0.0,5.129768371582031,542.1120775064082,23.283300399780273,24.172046661376953
run_1779912341_31cb07a8,1779912844.1767528,8.0,952.0,12.0,23.194446563720703,0.0,19.593751907348633,-100.0,-100.0,0.0,5.283868312835693,537.9823513972951,23.194446563720703,24.172046661376953
run_1779912341_31cb07a8,1779912846.1866252,8.0,952.0,12.0,23.01673126220703,0.0,19.393823623657227,-100.0,-100.0,0.0,6.054488658905029,529.7699179966585,23.01673126220703,24.172046661376953
run_1779912341_31cb07a8,1779912848.176095,8.0,952.0,12.0,22.97231674194336,0.0,19.343856811523438,-100.0,-100.0,0.0,5.798578262329102,527.7273364921712,22.97231674194336,24.172046661376953
run_1779912341_31cb07a8,1779912850.1786606,8.0,952.0,12.0,22.794599533081055,0.0,19.143924713134766,-100.0,-100.0,0.0,6.520120620727539,519.593767873539,22.794599533081055,24.172046661376953
run_1779912341_31cb07a8,1779912852.1864576,8.0,952.0,12.0,22.750158309936523,0.0,19.09392738342285,-100.0,-100.0,0.0,6.219987392425537,517.5697031271739,22.750158309936523,24.172046661376953
run_1779912341_31cb07a8,1779912854.1775236,8.0,952.0,12.0,22.61692237854004,0.0,18.94403839111328,-100.0,-100.0,0.0,6.59187126159668,511.5251778769052,22.61692237854004,24.172046661376953
run_1779912341_31cb07a8,1779912856.1848452,8.0,952.0,12.0,22.61692237854004,0.0,18.94403839111328,-100.0,-100.0,0.0,5.963077068328857,511.5251778769052,22.61692237854004,24.172046661376953
run_1779912341_31cb07a8,1779912858.1764493,8.0,952.0,12.0,22.439247131347656,0.0,18.744152069091797,-100.0,-100.0,0.0,6.649471282958984,503.519811821694,22.439247131347656,24.172046661376953
run_1779912341_31cb07a8,1779912860.1872258,8.0,952.0,12.0,22.350419998168945,0.0,18.644222259521484,-100.0,-100.0,0.0,6.658413887023926,499.5412740945503,22.350419998168945,24.172046661376953
run_1779912341_31cb07a8,1779912862.1827962,8.0,952.0,12.0,22.261592864990234,0.0,18.54429054260254,-100.0,-100.0,0.0,6.660366058349609,495.5785168865841,22.261592864990234,24.172046661376953
run_1779912341_31cb07a8,1779912864.1881638,8.0,952.0,12.0,22.217159271240234,0.0,18.49430274963379,-100.0,-100.0,0.0,6.346800327301025,493.6021660836559,22.217159271240234,24.172046661376953
run_1779912341_31cb07a8,1779912866.1769006,8.0,952.0,12.0,22.172725677490234,0.0,18.44431495666504,-100.0,-100.0,0.0,6.050498962402344,491.6297639692348,22.172725677490234,24.172046661376953
run_1779912341_31cb07a8,1779912868.180303,8.0,952.0,12.0,22.03950309753418,0.0,18.29444122314453,-100.0,-100.0,0.0,6.400515079498291,485.7396967862187,22.03950309753418,24.172046661376953
run_1779912341_31cb07a8,1779912870.1859949,8.0,952.0,12.0,21.995086669921875,0.0,18.24447250366211,-100.0,-100.0,0.0,6.098966598510742,483.78383761737496,21.995086669921875,24.172046661376953
run_1779912341_31cb07a8,1779912872.1806355,8.0,952.0,12.0,21.90630340576172,0.0,18.144590377807617,-100.0,-100.0,0.0,6.141336917877197,479.8861289052875,21.90630340576172,24.172046661376953
run_1779912341_31cb07a8,1779912874.1873507,8.0,952.0,12.0,21.86184310913086,0.0,18.094573974609375,-100.0,-100.0,0.0,5.8648176193237305,477.94018412825244,21.86184310913086,24.172046661376953
run_1779912341_31cb07a8,1779912876.1882079,8.0,952.0,12.0,21.77306365966797,0.0,17.99469566345215,-100.0,-100.0,0.0,5.929493427276611,474.0663011279539,21.77306365966797,24.172046661376953
run_1779912341_31cb07a8,1779912878.1888504,8.0,952.0,12.0,21.7286376953125,0.0,17.944717407226562,-100.0,-100.0,0.0,5.672943592071533,472.1336960941553,21.7286376953125,24.172046661376953
run_1779912341_31cb07a8,1779912880.1805327,8.0,952.0,12.0,21.639829635620117,0.0,17.84480857849121,-100.0,-100.0,0.0,5.756131649017334,468.2822266586627,21.639829635620117,24.172046661376953
run_1779912341_31cb07a8,1779912882.1752167,8.0,952.0,12.0,21.59540557861328,0.0,17.794830322265625,-100.0,-100.0,0.0,5.5161051750183105,466.36154210480163,21.59540557861328,24.172046661376953
run_1779912341_31cb07a8,1779912884.1883717,8.0,952.0,12.0,21.59540557861328,0.0,17.794830322265625,-100.0,-100.0,0.0,4.971166610717773,466.36154210480163,21.59540557861328,24.172046661376953
run_1779912341_31cb07a8,1779912886.18155,8.0,952.0,12.0,21.506603240966797,0.0,17.694929122924805,-100.0,-100.0,0.0,5.114747047424316,462.53398296436353,21.506603240966797,24.172046661376953
run_1779912341_31cb07a8,1779912888.1763072,8.0,952.0,12.0,21.417802810668945,0.0,17.595027923583984,-100.0,-100.0,0.0,5.251127243041992,458.7222772366986,21.417802810668945,24.172046661376953
run_1779912341_31cb07a8,1779912890.1868725,8.0,952.0,12.0,21.417802810668945,0.0,17.595027923583984,-100.0,-100.0,0.0,4.750224590301514,458.7222772366986,21.417802810668945,24.172046661376953
run_1779912341_31cb07a8,1779912892.185311,8.0,952.0,12.0,21.329004287719727,0.0,17.49513053894043,-100.0,-100.0,0.0,4.921351432800293,454.9264239055665,21.329004287719727,24.172046661376953
run_1779912341_31cb07a8,1779912894.180325,8.0,952.0,12.0,21.284587860107422,0.0,17.445159912109375,-100.0,-100.0,0.0,4.767159461975098,453.03368037463224,21.284587860107422,24.172046661376953
run_1779912341_31cb07a8,1779912896.1768606,8.0,952.0,12.0,21.240196228027344,0.0,17.395221710205078,-100.0,-100.0,0.0,4.615113735198975,451.145935805107,21.240196228027344,24.172046661376953
run_1779912341_31cb07a8,1779912898.17618,8.0,952.0,12.0,21.195819854736328,0.0,17.345298767089844,-100.0,-100.0,0.0,4.48984956741333,449.26277931443474,21.195819854736328,24.172046661376953
run_1779912341_31cb07a8,1779912900.188678,8.0,952.0,12.0,21.151405334472656,0.0,17.295330047607422,-100.0,-100.0,0.0,4.364413261413574,447.38194762315834,21.151405334472656,24.172046661376953
run_1779912341_31cb07a8,1779912902.1834064,8.0,952.0,12.0,21.107013702392578,0.0,17.245391845703125,-100.0,-100.0,0.0,4.26317024230957,445.50602743298805,21.107013702392578,24.172046661376953
run_1779912341_31cb07a8,1779912904.1825285,8.0,952.0,12.0,21.107013702392578,0.0,17.245391845703125,-100.0,-100.0,0.0,3.8377392292022705,445.50602743298805,21.107013702392578,24.172046661376953
run_1779912341_31cb07a8,1779912906.1809309,8.0,952.0,12.0,21.018199920654297,0.0,17.145475387573242,-100.0,-100.0,0.0,4.1020283699035645,441.7647279045923,21.018199920654297,24.172046661376953
run_1779912341_31cb07a8,1779912908.178122,8.0,952.0,12.0,20.973798751831055,0.0,17.095523834228516,-100.0,-100.0,0.0,4.0322651863098145,439.9002340823099,20.973798751831055,24.172046661376953
run_1779912341_31cb07a8,1779912910.1756504,8.0,952.0,12.0,20.929414749145508,0.0,17.045591354370117,-100.0,-100.0,0.0,3.9626519680023193,438.0404017417495,20.929414749145508,24.172046661376953
run_1779912341_31cb07a8,1779912912.1801403,8.0,952.0,12.0,20.885013580322266,0.0,16.995641708374023,-100.0,-100.0,0.0,3.9061832427978516,436.18379225024546,20.885013580322266,24.172046661376953
run_1779912341_31cb07a8,1779912914.1881554,8.0,952.0,12.0,20.885013580322266,0.0,16.995641708374023,-100.0,-100.0,0.0,3.5335757732391357,436.18379225024546,20.885013580322266,24.172046661376953
run_1779912341_31cb07a8,1779912916.1754463,8.0,952.0,12.0,20.840633392333984,0.0,16.945711135864258,-100.0,-100.0,0.0,3.4991238117218018,434.3320001936663,20.840633392333984,24.172046661376953
run_1779912341_31cb07a8,1779912918.1784558,8.0,952.0,12.0,20.796220779418945,0.0,16.895748138427734,-100.0,-100.0,0.0,3.480570077896118,432.4827987063363,20.796220779418945,24.172046661376953
run_1779912341_31cb07a8,1779912920.1768858,8.0,952.0,12.0,20.751853942871094,0.0,16.845834732055664,-100.0,-100.0,0.0,3.4763448238372803,430.63944206625456,20.751853942871094,24.172046661376953
run_1779912341_31cb07a8,1779912922.1747775,8.0,952.0,12.0,20.751853942871094,0.0,16.845834732055664,-100.0,-100.0,0.0,3.1447389125823975,430.63944206625456,20.751853942871094,24.172046661376953
run_1779912341_31cb07a8,1779912924.1794477,8.0,952.0,12.0,20.707443237304688,0.0,16.795873641967773,-100.0,-100.0,0.0,3.1475863456726074,428.79820542619564,20.707443237304688,24.172046661376953
run_1779912341_31cb07a8,1779912926.1761386,8.0,952.0,12.0,20.663061141967773,0.0,16.745943069458008,-100.0,-100.0,0.0,3.1623494625091553,426.96209575669855,20.663061141967773,24.172046661376953
run_1779912341_31cb07a8,1779912928.1888127,8.0,952.0,12.0,20.618696212768555,0.0,16.696033477783203,-100.0,-100.0,0.0,3.1884655952453613,425.13063351443634,20.618696212768555,24.172046661376953
run_1779912341_31cb07a8,1779912930.1768458,8.0,952.0,12.0,20.618696212768555,0.0,16.696033477783203,-100.0,-100.0,0.0,2.884319543838501,425.13063351443634,20.618696212768555,24.172046661376953
run_1779912341_31cb07a8,1779912932.1824253,8.0,952.0,12.0,20.57428741455078,0.0,16.646072387695312,-100.0,-100.0,0.0,2.9119954109191895,423.30130261654267,20.57428741455078,24.172046661376953
run_1779912341_31cb07a8,1779912934.1847541,8.0,952.0,12.0,20.529909133911133,0.0,16.596147537231445,-100.0,-100.0,0.0,2.9492027759552,421.47716904664776,20.529909133911133,24.172046661376953
run_1779912341_31cb07a8,1779912936.1887336,8.0,952.0,12.0,20.48548698425293,0.0,16.546173095703125,-100.0,-100.0,0.0,2.996072769165039,419.6551769819962,20.48548698425293,24.172046661376953
run_1779912341_31cb07a8,1779912938.1863267,8.0,952.0,12.0,20.48548698425293,0.0,16.546173095703125,-100.0,-100.0,0.0,2.7102789878845215,419.6551769819962,20.48548698425293,24.172046661376953
run_1779912341_31cb07a8,1779912940.1832805,8.0,952.0,12.0,20.396717071533203,0.0,16.446306228637695,-100.0,-100.0,0.0,3.082313299179077,416.026067296174,20.396717071533203,24.172046661376953
run_1779912341_31cb07a8,1779912942.1793623,8.0,952.0,12.0,20.35234260559082,0.0,16.396385192871094,-100.0,-100.0,0.0,3.10324764251709,414.21784953534734,20.35234260559082,24.172046661376953
run_1779912341_31cb07a8,1779912944.1818557,8.0,952.0,12.0,20.26357650756836,0.0,16.296524047851562,-100.0,-100.0,0.0,3.4630391597747803,410.6125328780763,20.26357650756836,24.172046661376953
run_1779912341_31cb07a8,1779912946.1742883,8.0,952.0,12.0,20.26357650756836,0.0,16.296524047851562,-100.0,-100.0,0.0,3.1327013969421387,410.6125328780763,20.26357650756836,24.172046661376953
run_1779912341_31cb07a8,1779912948.1822407,8.0,952.0,12.0,20.17481231689453,0.0,16.196664810180664,-100.0,-100.0,0.0,3.4705188274383545,407.0230520219193,20.17481231689453,24.172046661376953
run_1779912341_31cb07a8,1779912950.1803896,8.0,952.0,12.0,20.130413055419922,0.0,16.146713256835938,-100.0,-100.0,0.0,3.454598903656006,405.23352978182083,20.130413055419922,24.172046661376953
run_1779912341_31cb07a8,1779912952.1891403,8.0,952.0,12.0,19.99725341796875,0.0,15.996910095214844,-100.0,-100.0,0.0,4.089719772338867,399.89014426246285,19.99725341796875,24.172046661376953
run_1779912341_31cb07a8,1779912954.18369,8.0,952.0,12.0,19.99725341796875,0.0,15.996910095214844,-100.0,-100.0,0.0,3.699603319168091,399.89014426246285,19.99725341796875,24.172046661376953
run_1779912341_31cb07a8,1779912956.1811223,8.0,952.0,12.0,19.864131927490234,0.0,15.847146987915039,-100.0,-100.0,0.0,4.291930675506592,394.5837372327369,19.864131927490234,24.172046661376953
run_1779912341_31cb07a8,1779912958.1772392,8.0,952.0,12.0,19.819747924804688,0.0,15.797216415405273,-100.0,-100.0,0.0,4.1975483894348145,392.8224078027997,19.819747924804688,24.172046661376953
run_1779912341_31cb07a8,1779912960.1836996,8.0,952.0,12.0,19.686634063720703,0.0,15.647462844848633,-100.0,-100.0,0.0,4.7423176765441895,387.5635607588483,19.686634063720703,24.172046661376953
run_1779912341_31cb07a8,1779912962.1803172,8.0,952.0,12.0,19.597858428955078,0.0,15.547592163085938,-100.0,-100.0,0.0,4.920048713684082,384.0760550013656,19.597858428955078,24.172046661376953
run_1779912341_31cb07a8,1779912964.1824088,8.0,952.0,12.0,19.509103775024414,0.0,15.447741508483887,-100.0,-100.0,0.0,5.087318420410156,380.60513010467184,19.509103775024414,24.172046661376953
run_1779912341_31cb07a8,1779912966.1804047,8.0,952.0,12.0,19.420364379882812,0.0,15.347909927368164,-100.0,-100.0,0.0,5.231884002685547,377.15055264742114,19.420364379882812,24.172046661376953
run_1779912341_31cb07a8,1779912968.180574,8.0,952.0,12.0,19.331626892089844,0.0,15.24808120727539,-100.0,-100.0,0.0,5.3692827224731445,373.71179829497123,19.331626892089844,24.172046661376953
run_1779912341_31cb07a8,1779912970.1761444,8.0,952.0,12.0,19.198535919189453,0.0,15.098352432250977,-100.0,-100.0,0.0,5.801742076873779,368.5837814404076,19.198535919189453,24.172046661376953
run_1779912341_31cb07a8,1779912972.1817546,8.0,952.0,12.0,19.065420150756836,0.0,14.948596954345703,-100.0,-100.0,0.0,6.212638854980469,363.4902455248848,19.065420150756836,24.172046661376953
run_1779912341_31cb07a8,1779912974.184265,8.0,952.0,12.0,18.976694107055664,0.0,14.848780632019043,-100.0,-100.0,0.0,6.262519359588623,360.11491923276117,18.976694107055664,24.172046661376953
run_1779912341_31cb07a8,1779912976.1836793,8.0,952.0,12.0,18.887969970703125,0.0,14.748967170715332,-100.0,-100.0,0.0,6.301496982574463,356.755409614183,18.887969970703125,24.172046661376953
run_1779912341_31cb07a8,1779912978.1778286,8.0,952.0,12.0,18.754871368408203,0.0,14.599228858947754,-100.0,-100.0,0.0,6.664219379425049,351.7452000455378,18.754871368408203,24.172046661376953
run_1779912341_31cb07a8,1779912980.184911,8.0,952.0,12.0,18.621774673461914,0.0,14.449496269226074,-100.0,-100.0,0.0,6.973572254180908,346.7704919891876,18.621774673461914,24.172046661376953
run_1779912341_31cb07a8,1779912982.181664,8.0,952.0,12.0,18.533061981201172,0.0,14.349695205688477,-100.0,-100.0,0.0,6.950768947601318,343.4743863990443,18.533061981201172,24.172046661376953
run_1779912341_31cb07a8,1779912984.1744652,8.0,952.0,12.0,18.35563087463379,0.0,14.15008544921875,-100.0,-100.0,0.0,7.560349941253662,336.9291848058092,18.35563087463379,24.172046661376953
run_1779912341_31cb07a8,1779912986.1767406,8.0,952.0,12.0,18.26692771911621,0.0,14.05029296875,-100.0,-100.0,0.0,7.481507301330566,333.6806482954162,18.26692771911621,24.172046661376953
run_1779912341_31cb07a8,1779912988.185506,8.0,952.0,12.0,18.133853912353516,0.0,13.900585174560547,-100.0,-100.0,0.0,7.73187255859375,328.8366577145789,18.133853912353516,24.172046661376953
run_1779912341_31cb07a8,1779912990.178843,8.0,952.0,12.0,18.045156478881836,0.0,13.800801277160645,-100.0,-100.0,0.0,7.636628150939941,325.6276723473311,18.045156478881836,24.172046661376953
run_1779912341_31cb07a8,1779912992.1888647,8.0,952.0,12.0,17.867769241333008,0.0,13.601240158081055,-100.0,-100.0,0.0,8.180468559265137,319.25717766152593,17.867769241333008,24.172046661376953
run_1779912341_31cb07a8,1779912994.1818178,8.0,952.0,12.0,17.779064178466797,0.0,13.501448631286621,-100.0,-100.0,0.0,8.042486190795898,316.09512306204124,17.779064178466797,24.172046661376953
run_1779912341_31cb07a8,1779912996.1885755,8.0,952.0,12.0,17.601665496826172,0.0,13.301875114440918,-100.0,-100.0,0.0,8.547699928283691,309.8186282621609,17.601665496826172,24.172046661376953
run_1779912341_31cb07a8,1779912998.182116,8.0,952.0,12.0,17.512983322143555,0.0,13.202106475830078,-100.0,-100.0,0.0,8.374524116516113,306.7045848416783,17.512983322143555,24.172046661376953
run_1779912341_31cb07a8,1779913000.1885343,8.0,952.0,12.0,17.468652725219727,0.0,13.15223503112793,-100.0,-100.0,0.0,7.88408088684082,305.1538280343266,17.468652725219727,24.172046661376953
run_1779912341_31cb07a8,1779913002.190784,8.0,952.0,12.0,17.246944427490234,0.0,12.902811050415039,-100.0,-100.0,0.0,8.71876049041748,297.45709208493645,17.246944427490234,24.172046661376953
run_1779912341_31cb07a8,1779913004.1845903,8.0,952.0,12.0,17.15827178955078,0.0,12.803055763244629,-100.0,-100.0,0.0,8.503957748413086,294.40629080409417,17.15827178955078,24.172046661376953
run_1779912341_31cb07a8,1779913006.1782753,8.0,952.0,12.0,16.980924606323242,0.0,12.603540420532227,-100.0,-100.0,0.0,8.939522743225098,288.35180048563416,16.980924606323242,24.172046661376953
run_1779912341_31cb07a8,1779913008.190314,8.0,952.0,12.0,16.892263412475586,0.0,12.503795623779297,-100.0,-100.0,0.0,8.70357894897461,285.3485631964613,16.892263412475586,24.172046661376953
run_1779912341_31cb07a8,1779913010.1788208,8.0,952.0,12.0,16.71493148803711,0.0,12.304298400878906,-100.0,-100.0,0.0,9.119989395141602,279.38893464977446,16.71493148803711,24.172046661376953
run_1779912341_31cb07a8,1779913012.1874163,8.0,952.0,12.0,16.670597076416016,0.0,12.25442123413086,-100.0,-100.0,0.0,8.558462142944336,277.9088068842102,16.670597076416016,24.172046661376953
run_1779912341_31cb07a8,1779913014.1790035,8.0,952.0,12.0,16.44894790649414,0.0,12.005064964294434,-100.0,-100.0,0.0,9.290914535522461,270.567887230558,16.44894790649414,24.172046661376953
run_1779912341_31cb07a8,1779913016.185499,8.0,952.0,12.0,16.315956115722656,0.0,11.855451583862305,-100.0,-100.0,0.0,9.329851150512695,266.21042397018755,16.315956115722656,24.172046661376953
run_1779912341_31cb07a8,1779913018.1804872,8.0,952.0,12.0,16.138690948486328,0.0,11.656026840209961,-100.0,-100.0,0.0,9.68605899810791,260.45734553075454,16.138690948486328,24.172046661376953
run_1779912341_31cb07a8,1779913020.1893334,8.0,952.0,12.0,16.094364166259766,0.0,11.606159210205078,-100.0,-100.0,0.0,9.070481300354004,259.0285579161864,16.094364166259766,24.172046661376953
run_1779912341_31cb07a8,1779913022.1832907,8.0,952.0,12.0,15.91706657409668,0.0,11.406699180603027,-100.0,-100.0,0.0,9.414185523986816,253.3530083242258,15.91706657409668,24.172046661376953
run_1779912341_31cb07a8,1779913024.1882012,8.0,952.0,12.0,15.739794731140137,0.0,11.207268714904785,-100.0,-100.0,0.0,9.749410629272461,247.7411381784268,15.739794731140137,24.172046661376953
run_1779912341_31cb07a8,1779913026.1755493,8.0,952.0,12.0,15.5625638961792,0.0,11.00788402557373,-100.0,-100.0,0.0,10.065353393554688,242.1933950226603,15.5625638961792,24.172046661376953
run_1779912341_31cb07a8,1779913028.1812224,8.0,952.0,12.0,15.429627418518066,0.0,10.858330726623535,-100.0,-100.0,0.0,10.048762321472168,238.0734022742845,15.429627418518066,24.172046661376953
run_1779912341_31cb07a8,1779913030.1898174,8.0,952.0,12.0,15.25235652923584,0.0,10.65890121459961,-100.0,-100.0,0.0,10.336426734924316,232.63437969492315,15.25235652923584,24.172046661376953
run_1779912341_31cb07a8,1779913032.1813562,8.0,952.0,12.0,15.163745880126953,0.0,10.55921459197998,-100.0,-100.0,0.0,9.97936725616455,229.93918911706714,15.163745880126953,24.172046661376953
run_1779912341_31cb07a8,1779913034.1875055,8.0,952.0,12.0,14.942239761352539,0.0,10.310020446777344,-100.0,-100.0,0.0,10.575260162353516,223.27052908574478,14.942239761352539,24.172046661376953
run_1779912341_31cb07a8,1779913036.1885786,8.0,952.0,12.0,14.897917747497559,0.0,10.260157585144043,-100.0,-100.0,0.0,9.881075859069824,221.94795321120273,14.897917747497559,24.172046661376953
run_1779912341_31cb07a8,1779913038.1903572,8.0,952.0,12.0,14.632128715515137,0.0,9.96114444732666,-100.0,-100.0,0.0,10.807021141052246,214.09919074740264,14.632128715515137,24.172046661376953
run_1779912341_31cb07a8,1779913040.18167,8.0,952.0,12.0,14.54349422454834,0.0,9.861431121826172,-100.0,-100.0,0.0,10.405241012573242,211.51322425947092,14.54349422454834,24.172046661376953
run_1779912341_31cb07a8,1779913042.1883876,8.0,952.0,12.0,14.366349220275879,0.0,9.662142753601074,-100.0,-100.0,0.0,10.676753997802734,206.39198991892135,14.366349220275879,24.172046661376953
run_1779912341_31cb07a8,1779913044.183269,8.0,952.0,12.0,14.233454704284668,0.0,9.512636184692383,-100.0,-100.0,0.0,10.601541519165039,202.59123281892334,14.233454704284668,24.172046661376953
run_1779912341_31cb07a8,1779913046.1882923,8.0,952.0,12.0,14.056269645690918,0.0,9.313302993774414,-100.0,-100.0,0.0,10.854602813720703,197.57871635237188,14.056269645690918,24.172046661376953
run_1779912341_31cb07a8,1779913048.1840453,8.0,952.0,12.0,13.967681884765625,0.0,9.213642120361328,-100.0,-100.0,0.0,10.447953224182129,195.0961372340098,13.967681884765625,24.172046661376953
run_1779912341_31cb07a8,1779913050.1907835,8.0,952.0,12.0,13.834835052490234,0.0,9.064188957214355,-100.0,-100.0,0.0,10.375882148742676,191.40266092961247,13.834835052490234,24.172046661376953
run_1779912341_31cb07a8,1779913052.1810567,8.0,952.0,12.0,13.657672882080078,0.0,8.864882469177246,-100.0,-100.0,0.0,10.643568992614746,186.53202855390555,13.657672882080078,24.172046661376953
run_1779912341_31cb07a8,1779913054.1892,8.0,952.0,12.0,13.524840354919434,0.0,8.715445518493652,-100.0,-100.0,0.0,10.559235572814941,182.92130662605723,13.524840354919434,24.172046661376953
run_1779912341_31cb07a8,1779913056.17752,8.0,952.0,12.0,13.391983985900879,0.0,8.5659818649292,-100.0,-100.0,0.0,10.494963645935059,179.3452350786256,13.391983985900879,24.172046661376953
run_1779912341_31cb07a8,1779913058.1903248,8.0,952.0,12.0,13.17058277130127,0.0,8.316905975341797,-100.0,-100.0,0.0,11.053953170776367,173.46425053569783,13.17058277130127,24.172046661376953
run_1779912341_31cb07a8,1779913060.1787193,8.0,952.0,12.0,13.082035064697266,0.0,8.217289924621582,-100.0,-100.0,0.0,10.628003120422363,171.1396414339688,13.082035064697266,24.172046661376953
run_1779912341_31cb07a8,1779913062.1888545,8.0,952.0,12.0,12.860688209533691,0.0,7.968274116516113,-100.0,-100.0,0.0,11.173906326293945,165.3973012228389,12.860688209533691,24.172046661376953
run_1779912341_31cb07a8,1779913064.1827497,8.0,952.0,12.0,12.816398620605469,0.0,7.918447971343994,-100.0,-100.0,0.0,10.422384262084961,164.26007360225776,12.816398620605469,24.172046661376953
run_1779912341_31cb07a8,1779913066.1815784,8.0,952.0,12.0,12.595041275024414,0.0,7.669421195983887,-100.0,-100.0,0.0,11.013188362121582,158.63506471956862,12.595041275024414,24.172046661376953
run_1779912341_31cb07a8,1779913068.1857626,8.0,952.0,12.0,12.506511688232422,0.0,7.569826126098633,-100.0,-100.0,0.0,10.590998649597168,156.41283460789418,12.506511688232422,24.172046661376953
run_1779912341_31cb07a8,1779913070.1902802,8.0,952.0,12.0,12.285179138183594,0.0,7.320826053619385,-100.0,-100.0,0.0,11.140341758728027,150.9256264572614,12.285179138183594,24.172046661376953
run_1779912341_31cb07a8,1779913072.1784334,8.0,952.0,12.0,12.196659088134766,0.0,7.221240997314453,-100.0,-100.0,0.0,10.705955505371094,148.75849291218037,12.196659088134766,24.172046661376953
run_1779912341_31cb07a8,1779913074.1840487,8.0,952.0,12.0,11.975364685058594,0.0,6.972285270690918,-100.0,-100.0,0.0,11.294458389282227,143.4093593401485,11.975364685058594,24.172046661376953
run_1779912341_31cb07a8,1779913076.1760275,8.0,952.0,12.0,11.886825561523438,0.0,6.872678279876709,-100.0,-100.0,0.0,10.845507621765137,141.29662193008699,11.886825561523438,24.172046661376953
run_1779912341_31cb07a8,1779913078.1832454,8.0,952.0,12.0,11.70981216430664,0.0,6.6735382080078125,-100.0,-100.0,0.0,11.068347930908203,137.11970092334377,11.70981216430664,24.172046661376953
run_1779912341_31cb07a8,1779913080.1759772,8.0,952.0,12.0,11.621309280395508,0.0,6.573972702026367,-100.0,-100.0,0.0,10.640707969665527,135.05482939060676,11.621309280395508,24.172046661376953
run_1779912341_31cb07a8,1779913082.184839,8.0,952.0,12.0,11.488567352294922,0.0,6.424638748168945,-100.0,-100.0,0.0,10.587319374084473,131.98717980821675,11.488567352294922,24.172046661376953
run_1779912341_31cb07a8,1779913084.176676,8.0,952.0,12.0,11.400043487548828,0.0,6.325048923492432,-100.0,-100.0,0.0,10.205713272094727,129.96099151800445,11.400043487548828,24.172046661376953
run_1779912341_31cb07a8,1779913086.1890726,8.0,952.0,12.0,11.134557723999023,0.0,6.0263776779174805,-100.0,-100.0,0.0,11.11728286743164,123.97837570906631,11.134557723999023,24.172046661376953
run_1779912341_31cb07a8,1779913088.1904545,8.0,952.0,12.0,11.046072959899902,0.0,5.92683219909668,-100.0,-100.0,0.0,10.684844970703125,122.01572783543179,11.046072959899902,24.172046661376953
run_1779912341_31cb07a8,1779913090.179694,8.0,952.0,12.0,10.869097709655762,0.0,5.727734565734863,-100.0,-100.0,0.0,10.954048156738281,118.13728502204413,10.869097709655762,24.172046661376953
run_1779912341_31cb07a8,1779913092.185214,8.0,952.0,12.0,10.824850082397461,0.0,5.677956581115723,-100.0,-100.0,0.0,10.223200798034668,117.17737930638032,10.824850082397461,24.172046661376953
run_1779912341_31cb07a8,1779913094.1860077,8.0,952.0,12.0,10.559417724609375,0.0,5.379344940185547,-100.0,-100.0,0.0,11.151796340942383,111.50130268279463,10.559417724609375,24.172046661376953
run_1779912341_31cb07a8,1779913096.1874068,8.0,952.0,12.0,10.515192031860352,0.0,5.329590797424316,-100.0,-100.0,0.0,10.401931762695312,110.56926346689943,10.515192031860352,24.172046661376953
run_1779912341_31cb07a8,1779913098.190288,8.0,952.0,12.0,10.2940092086792,0.0,5.0807600021362305,-100.0,-100.0,0.0,10.986566543579102,105.96662558837215,10.2940092086792,24.172046661376953
run_1779912341_31cb07a8,1779913100.1863058,8.0,952.0,12.0,10.249772071838379,0.0,5.030993461608887,-100.0,-100.0,0.0,10.252544403076172,105.05782752463801,10.249772071838379,24.172046661376953
run_1779912341_31cb07a8,1779913102.1779184,8.0,952.0,12.0,10.072844505310059,0.0,4.8319501876831055,-100.0,-100.0,0.0,10.543553352355957,101.46219642815504,10.072844505310059,24.172046661376953
run_1779912341_31cb07a8,1779913104.1862035,8.0,952.0,12.0,9.895941734313965,0.0,4.6329345703125,-100.0,-100.0,0.0,10.793403625488281,97.92966280893688,9.895941734313965,24.172046661376953
run_1779912341_31cb07a8,1779913106.18702,8.0,952.0,12.0,9.719036102294922,0.0,4.433915138244629,-100.0,-100.0,0.0,11.05173397064209,94.45966275771207,9.719036102294922,24.172046661376953
run_1779912341_31cb07a8,1779913108.1820917,8.0,952.0,12.0,9.674793243408203,0.0,4.3841423988342285,-100.0,-100.0,0.0,10.317896842956543,93.60162430269702,9.674793243408203,24.172046661376953
run_1779912341_31cb07a8,1779913110.179425,8.0,952.0,12.0,9.497883796691895,0.0,4.185119152069092,-100.0,-100.0,-0.20092882215976715,10.602537155151367,90.20979661546244,9.497883796691895,24.172046661376953
run_1779912341_31cb07a8,1779913112.1897495,8.0,952.0,12.0,9.365240097045898,0.0,4.035895347595215,-100.0,-100.0,-0.44895485043525696,10.5516939163208,87.70772207531627,9.365240097045898,24.172046661376953
run_1779912341_31cb07a8,1779913114.1782186,8.0,952.0,12.0,9.232601165771484,0.0,3.8866770267486572,-100.0,-100.0,-0.6934975981712341,10.506050109863281,85.24092428620497,9.232601165771484,24.172046661376953
run_1779912341_31cb07a8,1779913116.1817617,8.0,952.0,12.0,9.144145965576172,0.0,3.787163496017456,-100.0,-100.0,-0.9350215792655945,10.144424438476562,83.61540543976298,9.144145965576172,24.172046661376953
run_1779912341_31cb07a8,1779913118.181109,8.0,952.0,12.0,8.923067092895508,0.0,3.538450241088867,-100.0,-100.0,-1.1718997955322266,10.752880096435547,79.62112634431469,8.923067092895508,24.172046661376953
run_1779912341_31cb07a8,1779913120.1882286,8.0,952.0,12.0,8.878865242004395,0.0,3.4887235164642334,-100.0,-100.0,-1.4057600498199463,10.047250747680664,78.83424798567376,8.878865242004395,24.172046661376953
run_1779912341_31cb07a8,1779913122.179604,8.0,952.0,12.0,8.702033996582031,0.0,3.289788246154785,-100.0,-100.0,-1.6359057426452637,10.338091850280762,75.72539567766944,8.702033996582031,24.172046661376953
run_1779912341_31cb07a8,1779913124.1884146,8.0,952.0,12.0,8.56939697265625,0.0,3.140571355819702,-98.66807556152344,-100.0,-1.8630329370498657,10.312424659729004,73.4345644749701,8.56939697265625,24.172046661376953
run_1779912341_31cb07a8,1779913126.183576,8.0,952.0,12.0,8.348362922668457,0.0,2.8919076919555664,-95.5348129272461,-100.0,-2.0848195552825928,10.904536247253418,69.69516348858542,8.348362922668457,24.172046661376953
run_1779912341_31cb07a8,1779913128.1852083,8.0,952.0,12.0,8.304170608520508,0.0,2.842191696166992,-95.92134857177734,-100.0,-2.3035879135131836,10.184372901916504,68.95924949541586,8.304170608520508,24.172046661376953
run_1779912341_31cb07a8,1779913130.1903074,8.0,952.0,12.0,8.083155632019043,0.0,2.59355092048645,-92.76927947998047,-100.0,-2.5184082984924316,10.78857135772705,65.33740497144117,8.083155632019043,24.172046661376953
run_1779912341_31cb07a8,1779913132.1794147,8.0,952.0,12.0,8.038980484008789,0.0,2.543853282928467,-93.13812255859375,-100.0,-2.7302119731903076,10.079344749450684,64.62520722227418,8.038980484008789,24.172046661376953
run_1779912341_31cb07a8,1779913134.1886656,8.0,952.0,12.0,7.906372547149658,0.0,2.3946690559387207,-91.72779083251953,-98.82965850830078,-2.9385340213775635,10.040404319763184,62.510726854321774,7.906372547149658,24.172046661376953
run_1779912341_31cb07a8,1779913136.17912,8.0,952.0,12.0,7.685389041900635,0.0,2.1460623741149902,-88.582275390625,-96.0673599243164,-3.1417477130889893,10.626832008361816,59.06520472536636,7.685389041900635,24.172046661376953
run_1779912341_31cb07a8,1779913138.1860223,8.0,952.0,12.0,7.597007751464844,0.0,2.04663348197937,-88.07632446289062,-94.96260070800781,-3.3417153358459473,10.227992057800293,57.71452677581692,7.597007751464844,24.172046661376953
run_1779912341_31cb07a8,1779913140.1889055,8.0,952.0,12.0,7.420241355895996,0.0,1.8477717638015747,-85.79596710205078,-92.75301361083984,-3.537968158721924,10.49501895904541,55.05998177974925,7.420241355895996,24.172046661376953
run_1779912341_31cb07a8,1779913142.1841435,8.0,952.0,12.0,7.331868648529053,0.0,1.7483525276184082,-85.27063751220703,-91.64836120605469,-3.730971097946167,10.108694076538086,53.75629787928324,7.331868648529053,24.172046661376953
run_1779912341_31cb07a8,1779913144.1777823,8.0,952.0,12.0,7.155088901519775,0.0,1.5494753122329712,-82.95368957519531,-89.43861389160156,-3.920954942703247,10.405876159667969,51.195297188651466,7.155088901519775,24.172046661376953
run_1779912341_31cb07a8,1779913146.1856873,8.0,952.0,12.0,7.110928535461426,0.0,1.4997944831848145,-83.2740478515625,-88.88660430908203,-4.107921123504639,9.720479011535645,50.56530463643958,7.110928535461426,24.172046661376953
run_1779912341_31cb07a8,1779913148.188698,8.0,952.0,12.0,6.89003324508667,0.0,1.251287579536438,-80.06088256835938,-86.12541198730469,-4.290946006774902,10.355477333068848,47.47255811839955,6.89003324508667,24.172046661376953
run_1779912341_31cb07a8,1779913150.3904727,8.0,952.0,12.0,6.801617622375488,0.0,1.1518203020095825,-79.50748443603516,-85.02021789550781,-4.470024108886719,9.982760429382324,46.26200228100879,6.801617622375488,24.172046661376953
run_1779912341_31cb07a8,1779913152.1775153,8.0,952.0,12.0,6.624929904937744,0.0,0.9530463218688965,-77.18437957763672,-82.8116226196289,-4.645389556884766,10.272634506225586,43.88969624533843,6.624929904937744,24.172046661376953
run_1779912341_31cb07a8,1779913154.1853952,8.0,952.0,12.0,6.536581993103027,0.0,0.8536547422409058,-76.61743927001953,-81.707275390625,-4.817507266998291,9.9073486328125,42.726904152558745,6.536581993103027,24.172046661376953
run_1779912341_31cb07a8,1779913156.1764646,8.0,952.0,12.0,6.315700531005859,0.0,0.6051628589630127,-73.42525482177734,-78.94625854492188,-4.9847517013549805,10.505753517150879,39.888073197347694,6.315700531005859,24.172046661376953
run_1779912341_31cb07a8,1779913158.1871686,8.0,952.0,12.0,6.271509647369385,0.0,0.5554481148719788,-73.73250579833984,-78.39386749267578,-5.149677753448486,9.811040878295898,39.331833257047265,6.271509647369385,24.172046661376953
run_1779912341_31cb07a8,1779913160.1771543,8.0,952.0,12.0,6.050678253173828,0.0,0.30701321363449097,-70.50717163085938,-75.63347625732422,-5.310656547546387,10.436955451965332,36.61070732343069,6.050678253173828,24.172046661376953
run_1779912341_31cb07a8,1779913162.1904802,8.0,952.0,12.0,6.006490707397461,0.0,0.257302463054657,-70.79498291015625,-75.08113098144531,-5.468854904174805,9.755008697509766,36.07793061805205,6.006490707397461,24.172046661376953
run_1779912341_31cb07a8,1779913164.1872232,8.0,952.0,12.0,5.829834461212158,0.0,0.058563634753227234,-68.42988586425781,-72.87293243408203,-5.623339653015137,10.066381454467773,33.986969845136855,5.829834461212158,24.172046661376953
run_1779912341_31cb07a8,1779913166.17601,8.0,952.0,12.0,5.697328090667725,0.0,-0.09050619602203369,-66.9443130493164,-71.21659851074219,-5.774346351623535,10.046640396118164,32.45954737271154,5.697328090667725,24.172046661376953
run_1779912341_31cb07a8,1779913168.1835635,8.0,952.0,12.0,5.5648417472839355,0.0,-0.23955287039279938,-65.47135925292969,-69.5605239868164,-5.921179294586182,10.010346412658691,30.967463672314125,5.5648417472839355,24.172046661376953
run_1779912341_31cb07a8,1779913170.1892693,8.0,952.0,12.0,5.432346343994141,0.0,-0.3886098265647888,-63.97368240356445,-67.90432739257812,-6.065227508544922,9.99587345123291,29.510386801106506,5.432346343994141,24.172046661376953
run_1779912341_31cb07a8,1779913172.1818976,8.0,952.0,12.0,5.299887657165527,0.0,-0.5376265048980713,-62.47149658203125,-66.24859619140625,-6.205794811248779,9.982893943786621,28.088809178575502,5.299887657165527,24.172046661376953
run_1779912341_31cb07a8,1779913174.176474,8.0,952.0,12.0,5.1674323081970215,0.0,-0.6866382360458374,-60.96503829956055,-64.59290313720703,-6.342888832092285,9.970754623413086,26.702356659798397,5.1674323081970215,24.172046661376953
run_1779912341_31cb07a8,1779913176.1879606,8.0,952.0,12.0,5.03494119644165,0.0,-0.8356907963752747,-59.45287322998047,-62.936763763427734,-6.47650146484375,9.960396766662598,25.350632851625278,5.03494119644165,24.172046661376953
run_1779912341_31cb07a8,1779913178.1844113,8.0,952.0,12.0,4.94664192199707,0.0,-0.9350281953811646,-58.80335998535156,-61.83302307128906,-6.607333660125732,9.636996269226074,24.46926630445887,4.94664192199707,24.172046661376953
run_1779912341_31cb07a8,1779913180.1907392,8.0,952.0,12.0,4.770035266876221,0.0,-1.133710265159607,-56.418121337890625,-59.62544250488281,-6.733290195465088,9.940613746643066,22.753236447242898,4.770035266876221,24.172046661376953
run_1779912341_31cb07a8,1779913182.181949,8.0,952.0,12.0,4.681757926940918,0.0,-1.2330224514007568,-55.76019287109375,-58.52197265625,-6.857163429260254,9.61894702911377,21.918857286474122,4.681757926940918,24.172046661376953
run_1779912341_31cb07a8,1779913184.1899188,8.0,952.0,12.0,4.461002826690674,0.0,-1.4813719987869263,-52.476287841796875,-55.762535095214844,-6.9763994216918945,10.26264762878418,19.900546219742182,4.461002826690674,24.172046661376953
run_1779912341_31cb07a8,1779913186.1833692,8.0,952.0,12.0,4.461002826690674,0.0,-1.4813719987869263,-53.572391510009766,-55.762535095214844,-7.093552589416504,9.283700942993164,19.900546219742182,4.461002826690674,24.172046661376953
run_1779912341_31cb07a8,1779913188.188577,8.0,952.0,12.0,4.240294933319092,0.0,-1.7296682596206665,-50.257110595703125,-53.003684997558594,-7.206756591796875,9.95333194732666,17.98010112153156,4.240294933319092,24.172046661376953
run_1779912341_31cb07a8,1779913190.1801577,8.0,952.0,12.0,4.152003765106201,0.0,-1.828996181488037,-49.586219787597656,-51.900047302246094,-7.316718101501465,9.630548477172852,17.23913526545607,4.152003765106201,24.172046661376953
run_1779912341_31cb07a8,1779913192.1891055,8.0,952.0,12.0,4.063732147216797,0.0,-1.9283020496368408,-48.90630340576172,-50.796653747558594,-7.423440456390381,9.313790321350098,16.51391896432324,4.063732147216797,24.172046661376953
run_1779912341_31cb07a8,1779913194.1825833,8.0,952.0,12.0,3.975431442260742,0.0,-2.027639389038086,-48.16958236694336,-49.692893981933594,-7.5287675857543945,9.052081108093262,15.804055152115325,3.975431442260742,24.172046661376953
run_1779912341_31cb07a8,1779913196.177387,8.0,952.0,12.0,3.843038320541382,0.0,-2.176582098007202,-46.55210494995117,-48.03797912597656,-7.630611419677734,9.116487503051758,14.768943533149525,3.843038320541382,24.172046661376953
run_1779912341_31cb07a8,1779913198.1850798,8.0,952.0,12.0,3.7547738552093506,0.0,-2.275879144668579,-45.79146957397461,-46.93467330932617,-7.730142116546631,8.873342514038086,14.09832670376369,3.7547738552093506,24.172046661376953
run_1779912341_31cb07a8,1779913200.1916754,8.0,952.0,12.0,3.5782253742218018,0.0,-2.474496603012085,-43.27278137207031,-44.72781753540039,-7.825968265533447,9.281004905700684,12.803696828724753,3.5782253742218018,24.172046661376953
run_1779912341_31cb07a8,1779913202.1849258,8.0,952.0,12.0,3.534104585647583,0.0,-2.524132490158081,-43.386695861816406,-44.176307678222656,-7.9192376136779785,8.70884895324707,12.489895222295274,3.534104585647583,24.172046661376953
run_1779912341_31cb07a8,1779913204.182411,8.0,952.0,12.0,3.313464879989624,0.0,-2.7723519802093506,-39.99359130859375,-41.418312072753906,-8.008105278015137,9.43282699584961,10.979049510924654,3.313464879989624,24.172046661376953
run_1779912341_31cb07a8,1779913206.184728,8.0,952.0,12.0,3.225202798843384,0.0,-2.8716466426849365,-39.24927520751953,-40.31503677368164,-8.093727111816406,9.1594877243042,10.401933093667196,3.225202798843384,24.172046661376953
run_1779912341_31cb07a8,1779913208.1805005,8.0,952.0,12.0,3.181072950363159,0.0,-2.921293020248413,-39.35399627685547,-39.76341247558594,-8.177263259887695,8.586677551269531,10.119225115532174,3.181072950363159,24.172046661376953
run_1779912341_31cb07a8,1779913210.1857345,8.0,952.0,12.0,3.0928285121917725,0.0,-3.0205681324005127,-38.525840759277344,-38.66035461425781,-8.259413719177246,8.393927574157715,9.565588205826373,3.0928285121917725,24.172046661376953
run_1779912341_31cb07a8,1779913212.1810327,8.0,952.0,12.0,2.960460662841797,0.0,-3.1694817543029785,-36.822914123535156,-37.005760192871094,-8.338082313537598,8.520925521850586,8.764327336233691,2.960460662841797,24.172046661376953
run_1779912341_31cb07a8,1779913214.1902566,8.0,952.0,12.0,2.8280842304229736,0.0,-3.3184049129486084,-35.11710739135742,-35.351051330566406,-8.413739204406738,8.647682189941406,7.998060414367103,2.8280842304229736,24.172046661376953
run_1779912341_31cb07a8,1779913216.1904576,8.0,952.0,12.0,2.651620626449585,0.0,-3.5169270038604736,-32.524169921875,-33.14525604248047,-8.486381530761719,9.107468605041504,7.031091946612889,2.651620626449585,24.172046661376953
run_1779912341_31cb07a8,1779913218.186395,8.0,952.0,12.0,2.607499599456787,0.0,-3.566563129425049,-32.59719467163086,-32.593746185302734,-8.555317878723145,8.551868438720703,6.799054161167305,2.607499599456787,24.172046661376953
run_1779912341_31cb07a8,1779913220.182127,8.0,952.0,12.0,2.4751534461975098,0.0,-3.715452194213867,-30.86695098876953,-30.93941879272461,-8.622396469116211,8.69486141204834,6.126384582223409,2.4751534461975098,24.172046661376953
run_1779912341_31cb07a8,1779913222.1762948,8.0,952.0,12.0,2.431035280227661,0.0,-3.765084981918335,-30.896038055419922,-30.387941360473633,-8.686697959899902,8.178600311279297,5.909932533711583,2.431035280227661,24.172046661376953
run_1779912341_31cb07a8,1779913224.1854072,8.0,952.0,12.0,2.254566192626953,0.0,-3.9636125564575195,-28.266132354736328,-28.182077407836914,-8.748222351074219,8.664168357849121,5.0830687169363955,2.254566192626953,24.172046661376953
run_1779912341_31cb07a8,1779913226.1899247,8.0,952.0,12.0,2.166349411010742,0.0,-4.062856674194336,-27.421573638916016,-27.079368591308594,-8.806038856506348,8.46383285522461,4.69306977058659,2.166349411010742,24.172046661376953
run_1779912341_31cb07a8,1779913228.181991,8.0,952.0,12.0,2.0781373977661133,0.0,-4.162095546722412,-26.53099250793457,-25.976716995239258,-8.862466812133789,8.308189392089844,4.318655043994113,2.0781373977661133,24.172046661376953
run_1779912341_31cb07a8,1779913230.1908226,8.0,952.0,12.0,2.0340394973754883,0.0,-4.211705684661865,-26.513172149658203,-25.425493240356445,-8.916345596313477,7.828667163848877,4.137316676883529,2.0340394973754883,24.172046661376953
run_1779912341_31cb07a8,1779913232.1811361,8.0,952.0,12.0,1.901719093322754,0.0,-4.360566139221191,-24.73604965209961,-23.771488189697266,-8.9669771194458,8.002415657043457,3.616535509908317,1.901719093322754,24.172046661376953
run_1779912341_31cb07a8,1779913234.3811593,8.0,952.0,12.0,1.8575944900512695,0.0,-4.410206317901611,-24.683902740478516,-23.21993064880371,-9.016222953796387,7.552249908447266,3.450657289468836,1.8575944900512695,24.172046661376953
run_1779912341_31cb07a8,1779913236.1853442,8.0,952.0,12.0,1.637068271636963,0.0,-4.658298015594482,-21.12107276916504,-20.463354110717773,-9.06175708770752,8.404037475585938,2.679992526000433,1.637068271636963,24.172046661376953
run_1779912341_31cb07a8,1779913238.177344,8.0,952.0,12.0,1.637068271636963,0.0,-4.658298015594482,-21.965717315673828,-20.463354110717773,-9.104747772216797,7.602383136749268,2.679992526000433,1.637068271636963,24.172046661376953
run_1779912341_31cb07a8,1779913240.187094,8.0,952.0,12.0,1.460690975189209,0.0,-4.856722354888916,-19.26181411743164,-18.258636474609375,-9.145424842834473,8.142248153686523,2.1336181249992023,1.460690975189209,24.172046661376953
run_1779912341_31cb07a8,1779913242.1780329,8.0,952.0,12.0,1.4165730476379395,0.0,-4.906355381011963,-19.2054386138916,-17.707162857055664,-9.18331527709961,7.6850385665893555,2.00667919929424,1.4165730476379395,24.172046661376953
run_1779912341_31cb07a8,1779913244.187341,8.0,952.0,12.0,1.240194320678711,0.0,-5.104781150817871,-16.48527717590332,-15.502429008483887,-9.21889591217041,8.236047744750977,1.5380819530437293,1.240194320678711,24.172046661376953
run_1779912341_31cb07a8,1779913246.1790395,8.0,952.0,12.0,1.1960945129394531,0.0,-5.154393672943115,-16.432424545288086,-14.951181411743164,-9.251005172729492,7.769760608673096,1.4306420838838676,1.1960945129394531,24.172046661376953
run_1779912341_31cb07a8,1779913248.1881804,8.0,952.0,12.0,1.1078968048095703,0.0,-5.2536163330078125,-15.487090110778809,-13.848710060119629,-9.280557632446289,7.642177581787109,1.2274353301072551,1.1078968048095703,24.172046661376953
run_1779912341_31cb07a8,1779913250.1836922,8.0,952.0,12.0,1.0197148323059082,0.0,-5.352820873260498,-14.503399848937988,-12.746435165405273,-9.308720588684082,7.551754951477051,1.0398183392246665,1.0197148323059082,24.172046661376953
run_1779912341_31cb07a8,1779913252.1792636,8.0,952.0,12.0,0.9315223693847656,0.0,-5.452037334442139,-13.514423370361328,-11.64402961730957,-9.334338188171387,7.463944911956787,0.8677339246642077,0.9315223693847656,24.172046661376953
run_1779912341_31cb07a8,1779913254.1880815,8.0,952.0,12.0,0.8433465957641602,0.0,-5.551235198974609,-12.50922966003418,-10.541831970214844,-9.357876777648926,7.390477657318115,0.7112334805869978,0.8433465957641602,24.172046661376953
run_1779912341_31cb07a8,1779913256.1809406,8.0,952.0,12.0,0.6670031547546387,0.0,-5.749621391296387,-9.746614456176758,-8.337539672851562,-9.37840461730957,7.969328880310059,0.44489320845264047,0.6670031547546387,24.172046661376953
run_1779912341_31cb07a8,1779913258.1858962,8.0,952.0,12.0,0.6670031547546387,0.0,-5.749621391296387,-10.524312019348145,-8.337539672851562,-9.395913124084473,7.209139823913574,0.44489320845264047,0.6670031547546387,24.172046661376953
run_1779912341_31cb07a8,1779913260.1789584,8.0,952.0,12.0,0.49062681198120117,0.0,-5.948044776916504,-7.739120006561279,-6.132835388183594,-9.411809921264648,7.805523872375488,0.24071466863483693,0.49062681198120117,24.172046661376953
run_1779912341_31cb07a8,1779913262.1873708,8.0,952.0,12.0,0.49062681198120117,0.0,-5.948044776916504,-8.496574401855469,-6.132835388183594,-9.424698829650879,7.060959339141846,0.24071466863483693,0.49062681198120117,24.172046661376953
run_1779912341_31cb07a8,1779913264.17805,8.0,952.0,12.0,0.35839080810546875,0.0,-6.096810340881348,-6.570704460144043,-4.479885101318359,-9.436197280883789,7.345376968383789,0.12844397133449093,0.35839080810546875,24.172046661376953
run_1779912341_31cb07a8,1779913266.187801,8.0,952.0,12.0,0.3143186569213867,0.0,-6.14639139175415,-6.410281181335449,-3.928983211517334,-9.445149421691895,6.963850498199463,0.09879621808886441,0.3143186569213867,24.172046661376953
run_1779912341_31cb07a8,1779913268.180561,8.0,952.0,12.0,0.22616147994995117,0.0,-6.24556827545166,-5.365713596343994,-2.8270184993743896,-9.451557159423828,6.9128618240356445,0.051149015013152166,0.22616147994995117,24.172046661376953
run_1779912341_31cb07a8,1779913270.1907148,8.0,952.0,12.0,0.13799333572387695,0.0,-6.344757556915283,-4.3075175285339355,-1.724916696548462,-9.455875396728516,6.873274803161621,0.019042160704202615,0.13799333572387695,24.172046661376953
run_1779912341_31cb07a8,1779913272.1785483,8.0,952.0,12.0,0.09392404556274414,0.0,-6.3943352699279785,-4.108412742614746,-1.1740505695343018,-9.458578109741211,6.524216175079346,0.008821726334872437,0.09392404556274414,24.172046661376953
run_1779912341_31cb07a8,1779913274.1874948,8.0,952.0,12.0,-0.038336753845214844,0.0,-6.543128967285156,-2.1726272106170654,0.47920942306518555,-9.45555305480957,6.803716659545898,0.001469706695388595,0.038336753845214844,24.172046661376953
run_1779912341_31cb07a8,1779913276.1781933,8.0,952.0,12.0,-0.12648344039916992,0.0,-6.642293930053711,-1.0980010032653809,1.581043004989624,-9.44697380065918,6.767929553985596,0.01599806069521037,0.12648344039916992,24.172046661376953
run_1779912341_31cb07a8,1779913278.1814692,8.0,952.0,12.0,-0.21464109420776367,0.0,-6.741471290588379,-0.007023662328720093,2.683013677597046,-9.43212890625,6.742091655731201,0.04607079932270608,0.21464109420776367,24.172046661376953
run_1779912341_31cb07a8,1779913280.188405,8.0,952.0,12.0,-0.25869035720825195,0.0,-6.791026592254639,0.2266131341457367,3.2336294651031494,-9.412423133850098,6.405406951904297,0.066920700912533,0.25869035720825195,24.172046661376953
run_1779912341_31cb07a8,1779913282.1833358,8.0,952.0,12.0,-0.39092063903808594,0.0,-6.939785957336426,2.20094633102417,4.886507987976074,-9.381592750549316,6.696031093597412,0.15281894602594548,0.39092063903808594,24.172046661376953
run_1779912341_31cb07a8,1779913284.1793988,8.0,952.0,12.0,-0.4349956512451172,0.0,-6.989370346069336,2.4533793926239014,5.437445640563965,-9.34798526763916,6.363918781280518,0.18922121660216362,0.4349956512451172,24.172046661376953
run_1779912341_31cb07a8,1779913286.1843572,8.0,952.0,12.0,-0.5231304168701172,0.0,-7.088521957397461,3.6067745685577393,6.539130210876465,-9.308815956115723,6.376460075378418,0.2736654330547026,0.5231304168701172,24.172046661376953
run_1779912341_31cb07a8,1779913288.181912,8.0,952.0,12.0,-0.5231304168701172,0.0,-7.088521957397461,3.039789915084839,6.539130210876465,-9.26755428314209,5.768214225769043,0.2736654330547026,0.5231304168701172,24.172046661376953
run_1779912341_31cb07a8,1779913290.1896608,8.0,952.0,12.0,-0.6112766265869141,0.0,-7.187685966491699,4.2571821212768555,7.640957832336426,-9.22143268585205,5.837656497955322,0.37365911421147757,0.6112766265869141,24.172046661376953
run_1779912341_31cb07a8,1779913292.1813672,8.0,952.0,12.0,-0.6994061470031738,0.0,-7.286831855773926,5.468807220458984,8.742576599121094,-9.167672157287598,5.89390230178833,0.4891689584658252,0.6994061470031738,24.172046661376953
run_1779912341_31cb07a8,1779913294.1823874,8.0,952.0,12.0,-0.8316159248352051,0.0,-7.435567855834961,7.559380531311035,10.395198822021484,-9.106258392333984,6.270440101623535,0.6915850464395135,0.8316159248352051,24.172046661376953
run_1779912341_31cb07a8,1779913296.1888576,8.0,952.0,12.0,-0.8316159248352051,0.0,-7.435567855834961,7.026824951171875,10.395198822021484,-9.040678024291992,5.672304153442383,0.6915850464395135,0.8316159248352051,24.172046661376953
run_1779912341_31cb07a8,1779913298.1831908,8.0,952.0,12.0,-0.9197392463684082,0.0,-7.5347065925598145,8.277236938476562,11.496740341186523,-8.970237731933594,5.750734329223633,0.8459202813103275,0.9197392463684082,24.172046661376953
run_1779912341_31cb07a8,1779913300.1807854,8.0,952.0,12.0,-0.9637908935546875,0.0,-7.584264755249023,8.666603088378906,12.047386169433594,-8.895621299743652,5.514838695526123,0.928892886498943,0.9637908935546875,24.172046661376953
run_1779912341_31cb07a8,1779913302.178905,8.0,952.0,12.0,-1.0078577995300293,0.0,-7.633840084075928,9.087888717651367,12.598222732543945,-8.818222045898438,5.307888031005859,1.0157773440735127,1.0078577995300293,24.172046661376953
run_1779912341_31cb07a8,1779913304.1874373,8.0,952.0,12.0,-1.0519099235534668,0.0,-7.683398723602295,9.52645492553711,13.148874282836914,-8.736656188964844,5.114237308502197,1.1065144872702604,1.0519099235534668,24.172046661376953
run_1779912341_31cb07a8,1779913306.182293,8.0,952.0,12.0,-1.1841039657592773,0.0,-7.832117080688477,11.718883514404297,14.801300048828125,-8.647445678710938,5.565029144287109,1.4021022017268479,1.1841039657592773,24.172046661376953
run_1779912341_31cb07a8,1779913308.178416,8.0,952.0,12.0,-1.1400408744812012,0.0,-7.782545566558838,10.41579818725586,14.250511169433594,-8.55615234375,4.721439838409424,1.2996931954878619,1.1400408744812012,24.172046661376953
run_1779912341_31cb07a8,1779913310.1863043,8.0,952.0,12.0,-1.22816801071167,0.0,-7.881689071655273,11.781322479248047,15.352100372314453,-8.46137809753418,4.890600681304932,1.5083966625354606,1.22816801071167,24.172046661376953
run_1779912341_31cb07a8,1779913312.181714,8.0,952.0,12.0,-1.22816801071167,0.0,-7.881689071655273,11.411669731140137,15.352100372314453,-8.364520072937012,4.4240899085998535,1.5083966625354606,1.22816801071167,24.172046661376953
run_1779912341_31cb07a8,1779913314.1898694,8.0,952.0,12.0,-1.2722172737121582,0.0,-7.931244373321533,11.957499504089355,15.902715682983398,-8.266273498535156,4.321056842803955,1.6185367915315965,1.2722172737121582,24.172046661376953
run_1779912341_31cb07a8,1779913316.185536,8.0,952.0,12.0,-1.2722172737121582,0.0,-7.931244373321533,11.645645141601562,15.902715682983398,-8.16594409942627,3.9088737964630127,1.6185367915315965,1.2722172737121582,24.172046661376953
run_1779912341_31cb07a8,1779913318.1802378,8.0,952.0,12.0,-1.316293716430664,0.0,-7.980830192565918,12.228078842163086,16.453670501708984,-8.062143325805664,3.83655047416687,1.7326291479148495,1.316293716430664,24.172046661376953
run_1779912341_31cb07a8,1779913320.189036,8.0,952.0,12.0,-1.3603544235229492,0.0,-8.03039836883545,12.831483840942383,17.004430770874023,-7.956258296966553,3.7833120822906494,1.8505641575984555,1.3603544235229492,24.172046661376953
run_1779912341_31cb07a8,1779913322.177787,8.0,952.0,12.0,-1.40440034866333,0.0,-8.079950332641602,13.454550743103027,17.555004119873047,-7.84829044342041,3.7478373050689697,1.972340339325683,1.40440034866333,24.172046661376953
run_1779912341_31cb07a8,1779913324.1885922,8.0,952.0,12.0,-1.40440034866333,0.0,-8.079950332641602,13.207793235778809,17.555004119873047,-7.737545013427734,3.3903331756591797,1.972340339325683,1.40440034866333,24.172046661376953
run_1779912341_31cb07a8,1779913326.1778903,8.0,952.0,12.0,-1.40440034866333,0.0,-8.079950332641602,12.995136260986328,17.555004119873047,-7.626799583435059,3.06693172454834,1.972340339325683,1.40440034866333,24.172046661376953
run_1779912341_31cb07a8,1779913328.1860125,8.0,952.0,12.0,-1.40440034866333,0.0,-8.079950332641602,12.813329696655273,17.555004119873047,-7.516054153442383,2.774379014968872,1.972340339325683,1.40440034866333,24.172046661376953
run_1779912341_31cb07a8,1779913330.1802247,8.0,952.0,12.0,-1.4484591484069824,0.0,-8.1295166015625,13.536369323730469,18.10573959350586,-7.404611110687256,2.8352408409118652,2.0980339046038807,1.4484591484069824,24.172046661376953
run_1779912341_31cb07a8,1779913332.1918983,8.0,952.0,12.0,-1.4484591484069824,0.0,-8.1295166015625,13.380148887634277,18.10573959350586,-7.290379047393799,2.564789056777954,2.0980339046038807,1.4484591484069824,24.172046661376953
run_1779912341_31cb07a8,1779913334.185528,8.0,952.0,12.0,-1.4484591484069824,0.0,-8.1295166015625,13.227425575256348,18.10573959350586,-7.17336893081665,2.295055866241455,2.0980339046038807,1.4484591484069824,24.172046661376953
run_1779912341_31cb07a8,1779913336.1802154,8.0,952.0,12.0,-1.4484591484069824,0.0,-8.1295166015625,13.122734069824219,18.10573959350586,-7.059136867523193,2.076131582260132,2.0980339046038807,1.4484591484069824,24.172046661376953
run_1779912341_31cb07a8,1779913338.1875954,8.0,952.0,12.0,-1.4925050735473633,0.0,-8.179068565368652,13.915607452392578,18.656312942504883,-6.944210052490234,2.2035040855407715,2.2275713945646203,1.4925050735473633,24.172046661376953
run_1779912341_31cb07a8,1779913340.184227,8.0,952.0,12.0,-1.4484591484069824,0.0,-8.1295166015625,12.957840919494629,18.10573959350586,-6.828588962554932,1.6806904077529907,2.0980339046038807,1.4484591484069824,24.172046661376953
run_1779912341_31cb07a8,1779913342.190258,8.0,952.0,12.0,-1.4925050735473633,0.0,-8.179068565368652,13.766134262084961,18.656312942504883,-6.7108845710754395,1.8207050561904907,2.2275713945646203,1.4925050735473633,24.172046661376953
run_1779912341_31cb07a8,1779913344.1839507,8.0,952.0,12.0,-1.4484591484069824,0.0,-8.1295166015625,12.84488296508789,18.10573959350586,-6.595263481140137,1.3344064950942993,2.0980339046038807,1.4484591484069824,24.172046661376953
run_1779912341_31cb07a8,1779913346.192178,8.0,952.0,12.0,-1.4925050735473633,0.0,-8.179068565368652,13.686206817626953,18.656312942504883,-6.477559566497803,1.5074528455734253,2.2275713945646203,1.4925050735473633,24.172046661376953
run_1779912341_31cb07a8,1779913348.1863337,8.0,952.0,12.0,-1.4925050735473633,0.0,-8.179068565368652,13.660116195678711,18.656312942504883,-6.3598551750183105,1.363657832145691,2.2275713945646203,1.4925050735473633,24.172046661376953
run_1779912341_31cb07a8,1779913350.1828692,8.0,952.0,12.0,-1.4925050735473633,0.0,-8.179068565368652,13.647741317749023,18.656312942504883,-6.242151737213135,1.233579158782959,2.2275713945646203,1.4925050735473633,24.172046661376953
run_1779912341_31cb07a8,1779913352.19058,8.0,952.0,12.0,-1.4925050735473633,0.0,-8.179068565368652,13.647768020629883,18.656312942504883,-6.124454498291016,1.1159087419509888,2.2275713945646203,1.4925050735473633,24.172046661376953
run_1779912341_31cb07a8,1779913354.1794024,8.0,952.0,12.0,-1.4925050735473633,0.0,-8.179068565368652,13.659018516540527,18.656312942504883,-6.006757736206055,1.0094629526138306,2.2275713945646203,1.4925050735473633,24.172046661376953
run_1779912341_31cb07a8,1779913356.189116,8.0,952.0,12.0,-1.4925050735473633,0.0,-8.179068565368652,13.680423736572266,18.656312942504883,-5.889060974121094,0.9131709337234497,2.2275713945646203,1.4925050735473633,24.172046661376953
run_1779912341_31cb07a8,1779913358.1906579,8.0,952.0,12.0,-1.4925050735473633,0.0,-8.179068565368652,13.711012840270996,18.656312942504883,-5.771364212036133,0.8260642290115356,2.2275713945646203,1.4925050735473633,24.172046661376953
run_1779912341_31cb07a8,1779913360.1847665,8.0,952.0,12.0,-1.4925050735473633,0.0,-8.179068565368652,13.74991226196289,18.656312942504883,-5.653667449951172,0.7472663521766663,2.2275713945646203,1.4925050735473633,24.172046661376953
run_1779912341_31cb07a8,1779913362.1881883,8.0,952.0,12.0,-1.4925050735473633,0.0,-8.179068565368652,13.796327590942383,18.656312942504883,-5.535970687866211,0.6759852170944214,2.2275713945646203,1.4925050735473633,24.172046661376953
run_1779912341_31cb07a8,1779913364.1805778,8.0,952.0,12.0,-1.4925050735473633,0.0,-8.179068565368652,13.849542617797852,18.656312942504883,-5.41827392578125,0.6115034222602844,2.2275713945646203,1.4925050735473633,24.172046661376953
run_1779912341_31cb07a8,1779913366.1900663,8.0,952.0,12.0,-1.5365495681762695,0.0,-8.228618621826172,14.785564422607422,19.20686912536621,-5.2998809814453125,0.8785756230354309,2.3609845754626804,1.5365495681762695,24.172046661376953
run_1779912341_31cb07a8,1779913368.18669,8.0,952.0,12.0,-1.4925050735473633,0.0,-8.179068565368652,13.95767593383789,18.656312942504883,-5.180792331695557,0.48215603828430176,2.2275713945646203,1.4925050735473633,24.172046661376953
run_1779912341_31cb07a8,1779913370.1815379,8.0,952.0,12.0,-1.4925050735473633,0.0,-8.179068565368652,14.012472152709961,18.656312942504883,-5.061007976531982,0.4171673655509949,2.2275713945646203,1.4925050735473633,24.172046661376953
run_1779912341_31cb07a8,1779913372.1770926,8.0,952.0,12.0,-1.4925050735473633,0.0,-8.179068565368652,14.090375900268555,18.656312942504883,-4.9433112144470215,0.37737396359443665,2.2275713945646203,1.4925050735473633,24.172046661376953
run_1779912341_31cb07a8,1779913374.185924,8.0,952.0,12.0,-1.4484591484069824,0.0,-8.1295166015625,13.295392990112305,18.10573959350586,-4.826308727264404,0.015962785109877586,2.0980339046038807,1.4484591484069824,24.172046661376953
run_1779912341_31cb07a8,1779913376.1899767,8.0,952.0,12.0,-1.4484591484069824,0.0,-8.1295166015625,13.408096313476562,18.10573959350586,-4.71208381652832,0.014440102502703667,2.0980339046038807,1.4484591484069824,24.172046661376953
run_1779912341_31cb07a8,1779913378.1818984,8.0,952.0,12.0,-1.4925050735473633,0.0,-8.179068565368652,14.397625923156738,18.656312942504883,-4.597164630889893,0.3384763300418854,2.2275713945646203,1.4925050735473633,24.172046661376953
run_1779912341_31cb07a8,1779913380.1835637,8.0,952.0,12.0,-1.4925050735473633,0.0,-8.179068565368652,14.483034133911133,18.656312942504883,-4.479467868804932,0.30618923902511597,2.2275713945646203,1.4925050735473633,24.172046661376953
run_1779912341_31cb07a8,1779913382.1833403,8.0,952.0,12.0,-1.4484591484069824,0.0,-8.1295166015625,13.711756706237793,18.10573959350586,-4.364548683166504,-0.029434947296977043,2.0980339046038807,1.4484591484069824,24.172046661376953
run_1779912341_31cb07a8,1779913384.1787987,8.0,952.0,12.0,-1.4484591484069824,0.0,-8.1295166015625,13.828788757324219,18.10573959350586,-4.25032377243042,-0.02662716805934906,2.0980339046038807,1.4484591484069824,24.172046661376953
run_1779912341_31cb07a8,1779913386.1803794,8.0,952.0,12.0,-1.4484591484069824,0.0,-8.1295166015625,13.945552825927734,18.10573959350586,-4.136098861694336,-0.024087218567728996,2.0980339046038807,1.4484591484069824,24.172046661376953
run_1779912341_31cb07a8,1779913388.1892538,8.0,952.0,12.0,-1.40440034866333,0.0,-8.079950332641602,13.19090461730957,17.555004119873047,-4.023262977600098,-0.34083688259124756,1.972340339325683,1.40440034866333,24.172046661376953
run_1779912341_31cb07a8,1779913390.1789303,8.0,952.0,12.0,-1.40440034866333,0.0,-8.079950332641602,13.3341703414917,17.555004119873047,-3.9125099182128906,-0.3083246052265167,1.972340339325683,1.40440034866333,24.172046661376953
run_1779912341_31cb07a8,1779913392.1840904,8.0,952.0,12.0,-1.40440034866333,0.0,-8.079950332641602,13.474332809448242,17.555004119873047,-3.8017570972442627,-0.2789137363433838,1.972340339325683,1.40440034866333,24.172046661376953
run_1779912341_31cb07a8,1779913394.1907487,8.0,952.0,12.0,-1.40440034866333,0.0,-8.079950332641602,13.611692428588867,17.555004119873047,-3.6910042762756348,-0.25230830907821655,1.972340339325683,1.40440034866333,24.172046661376953
run_1779912341_31cb07a8,1779913396.1831517,8.0,952.0,12.0,-1.40440034866333,0.0,-8.079950332641602,13.746511459350586,17.555004119873047,-3.5802512168884277,-0.2282407581806183,1.972340339325683,1.40440034866333,24.172046661376953
run_1779912341_31cb07a8,1779913398.1809437,8.0,952.0,12.0,-1.40440034866333,0.0,-8.079950332641602,13.879036903381348,17.555004119873047,-3.4694983959198,-0.20646899938583374,1.972340339325683,1.40440034866333,24.172046661376953
run_1779912341_31cb07a8,1779913400.1914341,8.0,952.0,12.0,-1.40440034866333,0.0,-8.079950332641602,14.00948429107666,17.555004119873047,-3.358745574951172,-0.18677398562431335,1.972340339325683,1.40440034866333,24.172046661376953
run_1779912341_31cb07a8,1779913402.1886022,8.0,952.0,12.0,-1.3603544235229492,0.0,-8.03039836883545,13.278285026550293,17.004430770874023,-3.250770330429077,-0.4753747880458832,1.8505641575984555,1.3603544235229492,24.172046661376953
run_1779912341_31cb07a8,1779913404.1784935,8.0,952.0,12.0,-1.3603544235229492,0.0,-8.03039836883545,13.43091106414795,17.004430770874023,-3.143489360809326,-0.430029034614563,1.8505641575984555,1.3603544235229492,24.172046661376953
run_1779912341_31cb07a8,1779913406.181108,8.0,952.0,12.0,-1.3603544235229492,0.0,-8.03039836883545,13.57921028137207,17.004430770874023,-3.0362117290496826,-0.38900887966156006,1.8505641575984555,1.3603544235229492,24.172046661376953
run_1779912341_31cb07a8,1779913408.1884053,8.0,952.0,12.0,-1.40440034866333,0.0,-8.079950332641602,14.594511985778809,17.555004119873047,-2.927544116973877,-0.03294746205210686,1.972340339325683,1.40440034866333,24.172046661376953
run_1779912341_31cb07a8,1779913410.183367,8.0,952.0,12.0,-1.3603544235229492,0.0,-8.03039836883545,13.84863567352295,17.004430770874023,-2.8195717334747314,-0.3362216651439667,1.8505641575984555,1.3603544235229492,24.172046661376953
run_1779912341_31cb07a8,1779913412.1840189,8.0,952.0,12.0,-1.3603544235229492,0.0,-8.03039836883545,13.98798656463623,17.004430770874023,-2.712294578552246,-0.30414965748786926,1.8505641575984555,1.3603544235229492,24.172046661376953
run_1779912341_31cb07a8,1779913414.191231,8.0,952.0,12.0,-1.316293716430664,0.0,-7.980830192565918,13.264219284057617,16.453670501708984,-2.607795000076294,-0.5816566944122314,1.7326291479148495,1.316293716430664,24.172046661376953
run_1779912341_31cb07a8,1779913416.1794415,8.0,952.0,12.0,-1.316293716430664,0.0,-7.980830192565918,13.423508644104004,16.453670501708984,-2.5039899349212646,-0.5261726975440979,1.7326291479148495,1.316293716430664,24.172046661376953
run_1779912341_31cb07a8,1779913418.1920574,8.0,952.0,12.0,-1.316293716430664,0.0,-7.980830192565918,13.57750415802002,16.453670501708984,-2.4001846313476562,-0.47598135471343994,1.7326291479148495,1.316293716430664,24.172046661376953
run_1779912341_31cb07a8,1779913420.1847582,8.0,952.0,12.0,-1.3603544235229492,0.0,-8.03039836883545,14.597922325134277,17.004430770874023,-2.2949905395507812,-0.11151660233736038,1.8505641575984555,1.3603544235229492,24.172046661376953
run_1779912341_31cb07a8,1779913422.1889153,8.0,952.0,12.0,-1.3603544235229492,0.0,-8.03039836883545,14.715836524963379,17.004430770874023,-2.187713384628296,-0.10087908804416656,1.8505641575984555,1.3603544235229492,24.172046661376953
run_1779912341_31cb07a8,1779913424.1858563,8.0,952.0,12.0,-1.316293716430664,0.0,-7.980830192565918,13.978071212768555,16.453670501708984,-2.0839083194732666,-0.39169156551361084,1.7326291479148495,1.316293716430664,24.172046661376953
run_1779912341_31cb07a8,1779913426.1923106,8.0,952.0,12.0,-1.2722172737121582,0.0,-7.931244373321533,13.258871078491211,15.902715682983398,-1.982886552810669,-0.6609576940536499,1.6185367915315965,1.2722172737121582,24.172046661376953
run_1779912341_31cb07a8,1779913428.1840122,8.0,952.0,12.0,-1.3603544235229492,0.0,-8.03039836883545,15.131889343261719,17.004430770874023,-1.8756093978881836,0.003068465506657958,1.8505641575984555,1.3603544235229492,24.172046661376953
run_1779912341_31cb07a8,1779913430.1787868,8.0,952.0,12.0,-1.316293716430664,0.0,-7.980830192565918,14.37330436706543,16.453670501708984,-1.7704153060913086,-0.3099518120288849,1.7326291479148495,1.316293716430664,24.172046661376953
run_1779912341_31cb07a8,1779913432.1868691,8.0,952.0,12.0,-1.2722172737121582,0.0,-7.931244373321533,13.65169906616211,15.902715682983398,-1.670089602470398,-0.5809283256530762,1.6185367915315965,1.2722172737121582,24.172046661376953
run_1779912341_31cb07a8,1779913434.1775463,8.0,952.0,12.0,-1.2722172737121582,0.0,-7.931244373321533,13.807437896728516,15.902715682983398,-1.5697637796401978,-0.5255139470100403,1.6185367915315965,1.2722172737121582,24.172046661376953
run_1779912341_31cb07a8,1779913436.1864376,8.0,952.0,12.0,-1.2722172737121582,0.0,-7.931244373321533,13.974430084228516,15.902715682983398,-1.4715204238891602,-0.4567646384239197,1.6185367915315965,1.2722172737121582,24.172046661376953
run_1779912341_31cb07a8,1779913438.1810849,8.0,952.0,12.0,-1.22816801071167,0.0,-7.881689071655273,13.252982139587402,15.352100372314453,-1.3732770681381226,-0.7258405685424805,1.5083966625354606,1.22816801071167,24.172046661376953
run_1779912341_31cb07a8,1779913440.1887288,8.0,952.0,12.0,-1.22816801071167,0.0,-7.881689071655273,13.419074058532715,15.352100372314453,-1.2764232158660889,-0.6566029787063599,1.5083966625354606,1.22816801071167,24.172046661376953
run_1779912341_31cb07a8,1779913442.1802223,8.0,952.0,12.0,-1.22816801071167,0.0,-7.881689071655273,13.578559875488281,15.352100372314453,-1.1795693635940552,-0.593970000743866,1.5083966625354606,1.22816801071167,24.172046661376953
run_1779912341_31cb07a8,1779913444.1889634,8.0,952.0,12.0,-1.22816801071167,0.0,-7.881689071655273,13.732072830200195,15.352100372314453,-1.082715630531311,-0.5373116731643677,1.5083966625354606,1.22816801071167,24.172046661376953
run_1779912341_31cb07a8,1779913446.181127,8.0,952.0,12.0,-1.22816801071167,0.0,-7.881689071655273,13.880179405212402,15.352100372314453,-0.9858617782592773,-0.4860578179359436,1.5083966625354606,1.22816801071167,24.172046661376953
run_1779912341_31cb07a8,1779913448.1912227,8.0,952.0,12.0,-1.22816801071167,0.0,-7.881689071655273,14.023399353027344,15.352100372314453,-0.8890079259872437,-0.43969303369522095,1.5083966625354606,1.22816801071167,24.172046661376953
run_1779912341_31cb07a8,1779913450.1842077,8.0,952.0,12.0,-1.1841039657592773,0.0,-7.832117080688477,13.296558380126953,14.801300048828125,-0.7942395210266113,-0.7105024456977844,1.4021022017268479,1.1841039657592773,24.172046661376953
run_1779912341_31cb07a8,1779913452.1927056,8.0,952.0,12.0,-1.1841039657592773,0.0,-7.832117080688477,13.457711219787598,14.801300048828125,-0.7008605599403381,-0.6427279710769653,1.4021022017268479,1.1841039657592773,24.172046661376953
run_1779912341_31cb07a8,1779913454.18631,8.0,952.0,12.0,-1.1841039657592773,0.0,-7.832117080688477,13.61240005493164,14.801300048828125,-0.6074814796447754,-0.5814186334609985,1.4021022017268479,1.1841039657592773,24.172046661376953
run_1779912341_31cb07a8,1779913456.1786377,8.0,952.0,12.0,-1.1841039657592773,0.0,-7.832117080688477,13.761240005493164,14.801300048828125,-0.5141024589538574,-0.525957465171814,1.4021022017268479,1.1841039657592773,24.172046661376953
run_1779912341_31cb07a8,1779913458.186834,8.0,952.0,12.0,-1.1841039657592773,0.0,-7.832117080688477,13.904788970947266,14.801300048828125,-0.4207233786582947,-0.4757866859436035,1.4021022017268479,1.1841039657592773,24.172046661376953
run_1779912341_31cb07a8,1779913460.1776383,8.0,952.0,12.0,-1.1841039657592773,0.0,-7.832117080688477,14.043553352355957,14.801300048828125,-0.3273443281650543,-0.43040165305137634,1.4021022017268479,1.1841039657592773,24.172046661376953
run_1779912341_31cb07a8,1779913462.1927466,8.0,952.0,12.0,-1.1400408744812012,0.0,-7.782545566558838,13.312369346618652,14.250511169433594,-0.23605041205883026,-0.7020904421806335,1.2996931954878619,1.1400408744812012,24.172046661376953
run_1779912341_31cb07a8,1779913464.1844022,8.0,952.0,12.0,-1.1400408744812012,0.0,-7.782545566558838,13.446935653686523,14.250511169433594,-0.14336644113063812,-0.6602074503898621,1.2996931954878619,1.1400408744812012,24.172046661376953
run_1779912341_31cb07a8,1779913466.1914954,8.0,952.0,12.0,-1.1400408744812012,0.0,-7.782545566558838,13.599817276000977,14.250511169433594,-0.05346238613128662,-0.5972305536270142,1.2996931954878619,1.1400408744812012,24.172046661376953
run_1779912341_31cb07a8,1779913468.1866112,8.0,952.0,12.0,-1.1841039657592773,0.0,-7.832117080688477,14.59926700592041,14.801300048828125,0.012686693109571934,-0.21472051739692688,1.4021022017268479,1.1841039657592773,24.172046661376953
run_1779912341_31cb07a8,1779913470.1807485,8.0,952.0,12.0,-1.1400408744812012,0.0,-7.782545566558838,13.786617279052734,14.250511169433594,0.04308759793639183,-0.5069828629493713,1.2996931954878619,1.1400408744812012,24.172046661376953
run_1779912341_31cb07a8,1779913472.1882489,8.0,952.0,12.0,-1.1400408744812012,0.0,-7.782545566558838,13.864914894104004,14.250511169433594,0.0730256587266922,-0.4586219787597656,1.2996931954878619,1.1400408744812012,24.172046661376953
run_1779912341_31cb07a8,1779913474.1920612,8.0,952.0,12.0,-1.1400408744812012,0.0,-7.782545566558838,13.938599586486816,14.250511169433594,0.10296371579170227,-0.41487446427345276,1.2996931954878619,1.1400408744812012,24.172046661376953
run_1779912341_31cb07a8,1779913476.1819673,8.0,952.0,12.0,-1.1400408744812012,0.0,-7.782545566558838,13.983949661254883,14.250511169433594,0.13382750749588013,-0.40038880705833435,1.2996931954878619,1.1400408744812012,24.172046661376953
run_1779912341_31cb07a8,1779913478.1885743,8.0,952.0,12.0,-1.1400408744812012,0.0,-7.782545566558838,14.052079200744629,14.250511169433594,0.1637655794620514,-0.3621959984302521,1.2996931954878619,1.1400408744812012,24.172046661376953
run_1779912341_31cb07a8,1779913480.180731,8.0,952.0,12.0,-1.09598970413208,0.0,-7.732988357543945,13.216081619262695,13.699871063232422,0.19439798593521118,-0.6781877875328064,1.2011934315635244,1.09598970413208,24.172046661376953
run_1779912341_31cb07a8,1779913482.1914327,8.0,952.0,12.0,-1.09598970413208,0.0,-7.732988357543945,13.309555053710938,13.699871063232422,0.22317911684513092,-0.613495945930481,1.2011934315635244,1.09598970413208,24.172046661376953
run_1779912341_31cb07a8,1779913484.1796234,8.0,952.0,12.0,-1.1400408744812012,0.0,-7.782545566558838,14.27318000793457,14.250511169433594,0.25219157338142395,-0.22952254116535187,1.2996931954878619,1.1400408744812012,24.172046661376953
run_1779912341_31cb07a8,1779913486.1775217,8.0,952.0,12.0,-1.09598970413208,0.0,-7.732988357543945,13.461017608642578,13.699871063232422,0.28143540024757385,-0.5202884078025818,1.2011934315635244,1.09598970413208,24.172046661376953
run_1779912341_31cb07a8,1779913488.1858876,8.0,952.0,12.0,-1.09598970413208,0.0,-7.732988357543945,13.521125793457031,13.699871063232422,0.31091055274009705,-0.48965737223625183,1.2011934315635244,1.09598970413208,24.172046661376953
run_1779912341_31cb07a8,1779913490.1906106,8.0,952.0,12.0,-1.09598970413208,0.0,-7.732988357543945,13.596613883972168,13.699871063232422,0.3396916687488556,-0.44294917583465576,1.2011934315635244,1.09598970413208,24.172046661376953
run_1779912341_31cb07a8,1779913492.188788,8.0,952.0,12.0,-1.09598970413208,0.0,-7.732988357543945,13.64934253692627,13.699871063232422,0.3691668212413788,-0.41969549655914307,1.2011934315635244,1.09598970413208,24.172046661376953
run_1779912341_31cb07a8,1779913494.1780748,8.0,952.0,12.0,-1.0519099235534668,0.0,-7.683398723602295,12.85360336303711,13.148874282836914,0.39725345373153687,-0.6925238966941833,1.1065144872702604,1.0519099235534668,24.172046661376953
run_1779912341_31cb07a8,1779913496.192006,8.0,952.0,12.0,-1.0519099235534668,0.0,-7.683398723602295,12.947286605834961,13.148874282836914,0.424877405166626,-0.6264644861221313,1.1065144872702604,1.0519099235534668,24.172046661376953
run_1779912341_31cb07a8,1779913498.1813743,8.0,952.0,12.0,-1.0519099235534668,0.0,-7.683398723602295,13.034669876098633,13.148874282836914,0.4525013864040375,-0.5667063593864441,1.1065144872702604,1.0519099235534668,24.172046661376953
run_1779912341_31cb07a8,1779913500.1935747,8.0,952.0,12.0,-1.09598970413208,0.0,-7.732988357543945,13.993244171142578,13.699871063232422,0.4803568720817566,-0.18698468804359436,1.2011934315635244,1.09598970413208,24.172046661376953
run_1779912341_31cb07a8,1779913502.184987,8.0,952.0,12.0,-1.0519099235534668,0.0,-7.683398723602295,13.175307273864746,13.148874282836914,0.5084438920021057,-0.4820114076137543,1.1065144872702604,1.0519099235534668,24.172046661376953
run_1779912341_31cb07a8,1779913504.177728,8.0,952.0,12.0,-1.0519099235534668,0.0,-7.683398723602295,13.248908996582031,13.148874282836914,0.5360678434371948,-0.43603265285491943,1.1065144872702604,1.0519099235534668,24.172046661376953
run_1779912341_31cb07a8,1779913506.1864238,8.0,952.0,12.0,-1.0519099235534668,0.0,-7.683398723602295,13.31812572479248,13.148874282836914,0.5636917948722839,-0.3944397568702698,1.1065144872702604,1.0519099235534668,24.172046661376953
run_1779912341_31cb07a8,1779913508.193388,8.0,952.0,12.0,-1.0519099235534668,0.0,-7.683398723602295,13.38337516784668,13.148874282836914,0.591315746307373,-0.356814444065094,1.1065144872702604,1.0519099235534668,24.172046661376953
run_1779912341_31cb07a8,1779913510.1829836,8.0,952.0,12.0,-1.0519099235534668,0.0,-7.683398723602295,13.445034980773926,13.148874282836914,0.6189396977424622,-0.3227781057357788,1.1065144872702604,1.0519099235534668,24.172046661376953
run_1779912341_31cb07a8,1779913512.1906705,8.0,952.0,12.0,-1.0519099235534668,0.0,-7.683398723602295,13.48513412475586,13.148874282836914,0.6472582221031189,-0.3109998404979706,1.1065144872702604,1.0519099235534668,24.172046661376953
run_1779912341_31cb07a8,1779913514.1942337,8.0,952.0,12.0,-1.0519099235534668,0.0,-7.683398723602295,13.5424222946167,13.148874282836914,0.6748822331428528,-0.2813337743282318,1.1065144872702604,1.0519099235534668,24.172046661376953
run_1779912341_31cb07a8,1779913516.1893194,8.0,952.0,12.0,-1.09598970413208,0.0,-7.732988357543945,14.473774909973145,13.699871063232422,0.7027376890182495,0.07116636633872986,1.2011934315635244,1.09598970413208,24.172046661376953
run_1779912341_31cb07a8,1779913518.178865,8.0,952.0,12.0,-1.0519099235534668,0.0,-7.683398723602295,13.62510871887207,13.148874282836914,0.7310562133789062,-0.25482138991355896,1.1065144872702604,1.0519099235534668,24.172046661376953
run_1779912341_31cb07a8,1779913520.1824107,8.0,952.0,12.0,-1.0519099235534668,0.0,-7.683398723602295,13.677041053771973,13.148874282836914,0.7586801648139954,-0.23051412403583527,1.1065144872702604,1.0519099235534668,24.172046661376953
run_1779912341_31cb07a8,1779913522.1900861,8.0,952.0,12.0,-1.0519099235534668,0.0,-7.683398723602295,13.726653099060059,13.148874282836914,0.7863039970397949,-0.20852549374103546,1.1065144872702604,1.0519099235534668,24.172046661376953
run_1779912341_31cb07a8,1779913524.1837435,8.0,952.0,12.0,-1.0519099235534668,0.0,-7.683398723602295,13.755850791931152,13.148874282836914,0.814622163772583,-0.20764568448066711,1.1065144872702604,1.0519099235534668,24.172046661376953
run_1779912341_31cb07a8,1779913526.1935525,8.0,952.0,12.0,-1.0519099235534668,0.0,-7.683398723602295,13.8032808303833,13.148874282836914,0.8422452211380005,-0.18783847987651825,1.1065144872702604,1.0519099235534668,24.172046661376953
run_1779912341_31cb07a8,1779913528.1818874,8.0,952.0,12.0,-1.0519099235534668,0.0,-7.683398723602295,13.83050537109375,13.148874282836914,0.8705633878707886,-0.18893200159072876,1.1065144872702604,1.0519099235534668,24.172046661376953
run_1779912341_31cb07a8,1779913530.1906524,8.0,952.0,12.0,-1.0519099235534668,0.0,-7.683398723602295,13.876150131225586,13.148874282836914,0.8981863856315613,-0.17090989649295807,1.1065144872702604,1.0519099235534668,24.172046661376953
run_1779912341_31cb07a8,1779913532.1849518,8.0,952.0,12.0,-1.0519099235534668,0.0,-7.683398723602295,13.920076370239258,13.148874282836914,0.9258094429969788,-0.154606893658638,1.1065144872702604,1.0519099235534668,24.172046661376953
run_1779912341_31cb07a8,1779913534.1822083,8.0,952.0,12.0,-1.0078577995300293,0.0,-7.633840084075928,13.092334747314453,12.598222732543945,0.9529697895050049,-0.4588579833507538,1.0157773440735127,1.0078577995300293,24.172046661376953
run_1779912341_31cb07a8,1779913536.192529,8.0,952.0,12.0,-1.0519099235534668,0.0,-7.683398723602295,14.020606994628906,13.148874282836914,0.9803614616394043,-0.10862764716148376,1.1065144872702604,1.0519099235534668,24.172046661376953
run_1779912341_31cb07a8,1779913538.1874588,8.0,952.0,12.0,-1.0078577995300293,0.0,-7.633840084075928,13.206408500671387,12.598222732543945,1.0068278312683105,-0.3986424207687378,1.0157773440735127,1.0078577995300293,24.172046661376953
run_1779912341_31cb07a8,1779913540.1892908,8.0,952.0,12.0,-1.0078577995300293,0.0,-7.633840084075928,13.270899772644043,12.598222732543945,1.0332940816879272,-0.3606162965297699,1.0157773440735127,1.0078577995300293,24.172046661376953
run_1779912341_31cb07a8,1779913542.1830747,8.0,952.0,12.0,-1.0078577995300293,0.0,-7.633840084075928,13.331765174865723,12.598222732543945,1.0597604513168335,-0.3262173533439636,1.0157773440735127,1.0078577995300293,24.172046661376953
run_1779912341_31cb07a8,1779913544.1923018,8.0,952.0,12.0,-1.0078577995300293,0.0,-7.633840084075928,13.389348983764648,12.598222732543945,1.0862267017364502,-0.2950996458530426,1.0157773440735127,1.0078577995300293,24.172046661376953
run_1779912341_31cb07a8,1779913546.1895576,8.0,952.0,12.0,-1.0519099235534668,0.0,-7.683398723602295,14.314077377319336,13.148874282836914,1.113155722618103,0.052048731595277786,1.1065144872702604,1.0519099235534668,24.172046661376953
run_1779912341_31cb07a8,1779913548.181547,8.0,952.0,12.0,-1.0519099235534668,0.0,-7.683398723602295,14.336736679077148,13.148874282836914,1.1407787799835205,0.04708382114768028,1.1065144872702604,1.0519099235534668,24.172046661376953
run_1779912341_31cb07a8,1779913550.1864977,8.0,952.0,12.0,-1.0078577995300293,0.0,-7.633840084075928,13.507683753967285,12.598222732543945,1.1672451496124268,-0.2577841877937317,1.0157773440735127,1.0078577995300293,24.172046661376953
run_1779912341_31cb07a8,1779913552.179037,8.0,952.0,12.0,-1.0078577995300293,0.0,-7.633840084075928,13.55873966217041,12.598222732543945,1.1937114000320435,-0.23319430649280548,1.0157773440735127,1.0078577995300293,24.172046661376953
run_1779912341_31cb07a8,1779913554.186506,8.0,952.0,12.0,-1.0078577995300293,0.0,-7.633840084075928,13.589522361755371,12.598222732543945,1.2208718061447144,-0.22957226634025574,1.0157773440735127,1.0078577995300293,24.172046661376953
run_1779912341_31cb07a8,1779913556.1795275,8.0,952.0,12.0,-1.0078577995300293,0.0,-7.633840084075928,13.637887001037598,12.598222732543945,1.247338056564331,-0.20767350494861603,1.0157773440735127,1.0078577995300293,24.172046661376953
run_1779912341_31cb07a8,1779913558.1847022,8.0,952.0,12.0,-1.0078577995300293,0.0,-7.633840084075928,13.684164047241211,12.598222732543945,1.2738044261932373,-0.18786363303661346,1.0157773440735127,1.0078577995300293,24.172046661376953
run_1779912341_31cb07a8,1779913560.1886983,8.0,952.0,12.0,-1.0519099235534668,0.0,-7.683398723602295,14.586586952209473,13.148874282836914,1.3011960983276367,0.13651669025421143,1.1065144872702604,1.0519099235534668,24.172046661376953
run_1779912341_31cb07a8,1779913562.1935155,8.0,952.0,12.0,-1.0519099235534668,0.0,-7.683398723602295,14.61911678314209,13.148874282836914,1.3281251192092896,0.14211666584014893,1.1065144872702604,1.0519099235534668,24.172046661376953
run_1779912341_31cb07a8,1779913564.1865997,8.0,952.0,12.0,-1.0519099235534668,0.0,-7.683398723602295,14.63318157196045,13.148874282836914,1.355748176574707,0.12856023013591766,1.1065144872702604,1.0519099235534668,24.172046661376953
run_1779912341_31cb07a8,1779913566.1776192,8.0,952.0,12.0,-1.0078577995300293,0.0,-7.633840084075928,13.796356201171875,12.598222732543945,1.3822144269943237,-0.18407976627349854,1.0157773440735127,1.0078577995300293,24.172046661376953
run_1779912341_31cb07a8,1779913568.188806,8.0,952.0,12.0,-1.0078577995300293,0.0,-7.633840084075928,13.840383529663086,12.598222732543945,1.40868079662323,-0.16652050614356995,1.0157773440735127,1.0078577995300293,24.172046661376953
run_1779912341_31cb07a8,1779913570.1870594,8.0,952.0,12.0,-1.0078577995300293,0.0,-7.633840084075928,13.882734298706055,12.598222732543945,1.4351471662521362,-0.1506362408399582,1.0157773440735127,1.0078577995300293,24.172046661376953
run_1779912341_31cb07a8,1779913572.1830518,8.0,952.0,12.0,-1.0078577995300293,0.0,-7.633840084075928,13.923568725585938,12.598222732543945,1.461613416671753,-0.13626714050769806,1.0157773440735127,1.0078577995300293,24.172046661376953
run_1779912341_31cb07a8,1779913574.193397,8.0,952.0,12.0,-1.0078577995300293,0.0,-7.633840084075928,13.963033676147461,12.598222732543945,1.4880797863006592,-0.12326867878437042,1.0157773440735127,1.0078577995300293,24.172046661376953
run_1779912341_31cb07a8,1779913576.1849105,8.0,952.0,12.0,-1.0078577995300293,0.0,-7.633840084075928,14.001258850097656,12.598222732543945,1.5145461559295654,-0.11151014268398285,1.0157773440735127,1.0078577995300293,24.172046661376953
run_1779912341_31cb07a8,1779913578.1911283,8.0,952.0,12.0,-1.0078577995300293,0.0,-7.633840084075928,14.038361549377441,12.598222732543945,1.5410124063491821,-0.10087323933839798,1.0157773440735127,1.0078577995300293,24.172046661376953
run_1779912341_31cb07a8,1779913580.181535,8.0,952.0,12.0,-1.0078577995300293,0.0,-7.633840084075928,14.074450492858887,12.598222732543945,1.5674790143966675,-0.09125097095966339,1.0157773440735127,1.0078577995300293,24.172046661376953
run_1779912341_31cb07a8,1779913582.19085,8.0,952.0,12.0,-1.0078577995300293,0.0,-7.633840084075928,14.109622955322266,12.598222732543945,1.593947172164917,-0.08254659175872803,1.0157773440735127,1.0078577995300293,24.172046661376953
run_1779912341_31cb07a8,1779913584.186577,8.0,952.0,12.0,-1.0078577995300293,0.0,-7.633840084075928,14.143964767456055,12.598222732543945,1.620415449142456,-0.07467251271009445,1.0157773440735127,1.0078577995300293,24.172046661376953
run_1779912341_31cb07a8,1779913586.1836643,8.0,952.0,12.0,-1.0078577995300293,0.0,-7.633840084075928,14.177556037902832,12.598222732543945,1.6468836069107056,-0.06754955649375916,1.0157773440735127,1.0078577995300293,24.172046661376953
run_1779912341_31cb07a8,1779913588.1935,8.0,952.0,12.0,-1.0078577995300293,0.0,-7.633840084075928,14.210467338562012,12.598222732543945,1.673351764678955,-0.06110604852437973,1.0157773440735127,1.0078577995300293,24.172046661376953
run_1779912341_31cb07a8,1779913590.1911352,8.0,952.0,12.0,-1.0519099235534668,0.0,-7.683398723602295,15.119107246398926,13.148874282836914,1.700050950050354,0.2701823115348816,1.1065144872702604,1.0519099235534668,24.172046661376953
run_1779912341_31cb07a8,1779913592.184624,8.0,952.0,12.0,-1.0078577995300293,0.0,-7.633840084075928,14.256946563720703,12.598222732543945,1.7269810438156128,-0.0682569369673729,1.0157773440735127,1.0078577995300293,24.172046661376953
run_1779912341_31cb07a8,1779913594.1920009,8.0,952.0,12.0,-1.0078577995300293,0.0,-7.633840084075928,14.265767097473145,12.598222732543945,1.7543730735778809,-0.08682867884635925,1.0157773440735127,1.0078577995300293,24.172046661376953
run_1779912341_31cb07a8,1779913596.1849256,8.0,952.0,12.0,-1.0078577995300293,0.0,-7.633840084075928,14.300518035888672,12.598222732543945,1.78084135055542,-0.07854615151882172,1.0157773440735127,1.0078577995300293,24.172046661376953
run_1779912341_31cb07a8,1779913598.1897814,8.0,952.0,12.0,-1.0078577995300293,0.0,-7.633840084075928,14.310319900512695,12.598222732543945,1.808233380317688,-0.09613650292158127,1.0157773440735127,1.0078577995300293,24.172046661376953
run_1779912341_31cb07a8,1779913600.1836853,8.0,952.0,12.0,-1.0078577995300293,0.0,-7.633840084075928,14.34595775604248,12.598222732543945,1.8347015380859375,-0.08696609735488892,1.0157773440735127,1.0078577995300293,24.172046661376953
run_1779912341_31cb07a8,1779913602.1933424,8.0,952.0,12.0,-1.0078577995300293,0.0,-7.633840084075928,14.380722045898438,12.598222732543945,1.861169695854187,-0.078670434653759,1.0157773440735127,1.0078577995300293,24.172046661376953
run_1779912341_31cb07a8,1779913604.1889079,8.0,952.0,12.0,-1.0519099235534668,0.0,-7.683398723602295,15.278704643249512,13.148874282836914,1.8883308172225952,0.241500586271286,1.1065144872702604,1.0519099235534668,24.172046661376953
run_1779912341_31cb07a8,1779913606.1824255,8.0,952.0,12.0,-1.0078577995300293,0.0,-7.633840084075928,14.431108474731445,12.598222732543945,1.9147989749908447,-0.08191275596618652,1.0157773440735127,1.0078577995300293,24.172046661376953
run_1779912341_31cb07a8,1779913608.1899922,8.0,952.0,12.0,-1.0078577995300293,0.0,-7.633840084075928,14.4653902053833,12.598222732543945,1.9412672519683838,-0.07409914582967758,1.0157773440735127,1.0078577995300293,24.172046661376953
run_1779912341_31cb07a8,1779913610.1824636,8.0,952.0,12.0,-1.0519099235534668,0.0,-7.683398723602295,15.375269889831543,13.148874282836914,1.9679663181304932,0.2584286630153656,1.1065144872702604,1.0519099235534668,24.172046661376953
run_1779912341_31cb07a8,1779913612.182123,8.0,952.0,12.0,-1.0078577995300293,0.0,-7.633840084075928,14.514228820800781,12.598222732543945,1.9948965311050415,-0.07888941466808319,1.0157773440735127,1.0078577995300293,24.172046661376953
run_1779912341_31cb07a8,1779913614.1800911,8.0,952.0,12.0,-1.0078577995300293,0.0,-7.633840084075928,14.5723876953125,12.598222732543945,2.020437717437744,-0.046273123472929,1.0157773440735127,1.0078577995300293,24.172046661376953
run_1779912341_31cb07a8,1779913616.1919656,8.0,952.0,12.0,-1.0078577995300293,0.0,-7.633840084075928,14.603269577026367,12.598222732543945,2.046905994415283,-0.04185915365815163,1.0157773440735127,1.0078577995300293,24.172046661376953
run_1779912341_31cb07a8,1779913618.190113,8.0,952.0,12.0,-0.9637908935546875,0.0,-7.584264755249023,13.775404930114746,12.047386169433594,2.0724472999572754,-0.3444291651248932,0.928892886498943,0.9637908935546875,24.172046661376953
run_1779912341_31cb07a8,1779913620.1838653,8.0,952.0,12.0,-1.0519099235534668,0.0,-7.683398723602295,15.561882972717285,13.148874282836914,2.09914493560791,0.3138640522956848,1.1065144872702604,1.0519099235534668,24.172046661376953
run_1779912341_31cb07a8,1779913622.193508,8.0,952.0,12.0,-1.0078577995300293,0.0,-7.633840084075928,14.701531410217285,12.598222732543945,2.1258442401885986,-0.022535383701324463,1.0157773440735127,1.0078577995300293,24.172046661376953
run_1779912341_31cb07a8,1779913624.1860855,8.0,952.0,12.0,-1.0519099235534668,0.0,-7.683398723602295,15.594159126281738,13.148874282836914,2.153005361557007,0.2922809422016144,1.1065144872702604,1.0519099235534668,24.172046661376953
run_1779912341_31cb07a8,1779913626.1839678,8.0,952.0,12.0,-1.0078577995300293,0.0,-7.633840084075928,14.754178047180176,12.598222732543945,2.179009199142456,-0.023053940385580063,1.0157773440735127,1.0078577995300293,24.172046661376953
run_1779912341_31cb07a8,1779913628.1935515,8.0,952.0,12.0,-1.0078577995300293,0.0,-7.633840084075928,14.782846450805664,12.598222732543945,2.205477476119995,-0.020854836329817772,1.0157773440735127,1.0078577995300293,24.172046661376953
run_1779912341_31cb07a8,1779913630.1892328,8.0,952.0,12.0,-0.9637908935546875,0.0,-7.584264755249023,13.95297622680664,12.047386169433594,2.2310187816619873,-0.32542842626571655,0.928892886498943,0.9637908935546875,24.172046661376953
run_1779912341_31cb07a8,1779913632.1840892,8.0,952.0,12.0,-0.9637908935546875,0.0,-7.584264755249023,14.00932788848877,12.047386169433594,2.2563283443450928,-0.29438602924346924,0.928892886498943,0.9637908935546875,24.172046661376953
run_1779912341_31cb07a8,1779913634.1790853,8.0,952.0,12.0,-0.9637908935546875,0.0,-7.584264755249023,14.062719345092773,12.047386169433594,2.2816381454467773,-0.26630473136901855,0.928892886498943,0.9637908935546875,24.172046661376953
run_1779912341_31cb07a8,1779913636.18879,8.0,952.0,12.0,-0.9637908935546875,0.0,-7.584264755249023,14.113430976867676,12.047386169433594,2.306947708129883,-0.24090202152729034,0.928892886498943,0.9637908935546875,24.172046661376953
run_1779912341_31cb07a8,1779913638.1795864,8.0,952.0,12.0,-1.0078577995300293,0.0,-7.633840084075928,15.038357734680176,12.598222732543945,2.332489013671875,0.1076461598277092,1.0157773440735127,1.0078577995300293,24.172046661376953
run_1779912341_31cb07a8,1779913640.1901064,8.0,952.0,12.0,-1.0078577995300293,0.0,-7.633840084075928,15.054556846618652,12.598222732543945,2.358957290649414,0.09737785160541534,1.0157773440735127,1.0078577995300293,24.172046661376953
run_1779912341_31cb07a8,1779913642.1822953,8.0,952.0,12.0,-1.0078577995300293,0.0,-7.633840084075928,15.090046882629395,12.598222732543945,2.384730339050293,0.10709478706121445,1.0157773440735127,1.0078577995300293,24.172046661376953
run_1779912341_31cb07a8,1779913644.1858819,8.0,952.0,12.0,-0.9637908935546875,0.0,-7.584264755249023,14.235894203186035,12.047386169433594,2.4107348918914795,-0.22222694754600525,0.928892886498943,0.9637908935546875,24.172046661376953
run_1779912341_31cb07a8,1779913646.1791983,8.0,952.0,12.0,-1.0078577995300293,0.0,-7.633840084075928,15.159037590026855,12.598222732543945,2.436276435852051,0.12453987449407578,1.0157773440735127,1.0078577995300293,24.172046661376953
run_1779912341_31cb07a8,1779913648.1899927,8.0,952.0,12.0,-0.9637908935546875,0.0,-7.584264755249023,14.303220748901367,12.047386169433594,2.4622809886932373,-0.20644594728946686,0.928892886498943,0.9637908935546875,24.172046661376953
run_1779912341_31cb07a8,1779913650.1863089,8.0,952.0,12.0,-0.9637908935546875,0.0,-7.584264755249023,14.348223686218262,12.047386169433594,2.487590789794922,-0.18675313889980316,0.928892886498943,0.9637908935546875,24.172046661376953
run_1779912341_31cb07a8,1779913652.1831782,8.0,952.0,12.0,-0.9637908935546875,0.0,-7.584264755249023,14.391347885131836,12.047386169433594,2.5129003524780273,-0.16893884539604187,0.928892886498943,0.9637908935546875,24.172046661376953
run_1779912341_31cb07a8,1779913654.187449,8.0,952.0,12.0,-0.9637908935546875,0.0,-7.584264755249023,14.432772636413574,12.047386169433594,2.538209915161133,-0.15282383561134338,0.928892886498943,0.9637908935546875,24.172046661376953
run_1779912341_31cb07a8,1779913656.181142,8.0,952.0,12.0,-1.0078577995300293,0.0,-7.633840084075928,15.34306526184082,12.598222732543945,2.5639829635620117,0.18085992336273193,1.0157773440735127,1.0078577995300293,24.172046661376953
run_1779912341_31cb07a8,1779913658.1845858,8.0,952.0,12.0,-0.9637908935546875,0.0,-7.584264755249023,14.493953704833984,12.047386169433594,2.589524269104004,-0.14295515418052673,0.928892886498943,0.9637908935546875,24.172046661376953
run_1779912341_31cb07a8,1779913660.1805844,8.0,952.0,12.0,-0.9637908935546875,0.0,-7.584264755249023,14.532901763916016,12.047386169433594,2.6148340702056885,-0.1293187290430069,0.928892886498943,0.9637908935546875,24.172046661376953
run_1779912341_31cb07a8,1779913662.1922648,8.0,952.0,12.0,-0.9637908935546875,0.0,-7.584264755249023,14.57054615020752,12.047386169433594,2.640143632888794,-0.11698310077190399,0.928892886498943,0.9637908935546875,24.172046661376953
run_1779912341_31cb07a8,1779913664.1831672,8.0,952.0,12.0,-0.9637908935546875,0.0,-7.584264755249023,14.607015609741211,12.047386169433594,2.6654531955718994,-0.10582413524389267,0.928892886498943,0.9637908935546875,24.172046661376953
run_1779912341_31cb07a8,1779913666.1873343,8.0,952.0,12.0,-0.9637908935546875,0.0,-7.584264755249023,14.64241886138916,12.047386169433594,2.690762758255005,-0.09572961181402206,0.928892886498943,0.9637908935546875,24.172046661376953
run_1779912341_31cb07a8,1779913668.184178,8.0,952.0,12.0,-0.9637908935546875,0.0,-7.584264755249023,14.676859855651855,12.047386169433594,2.7160725593566895,-0.08659801632165909,0.928892886498943,0.9637908935546875,24.172046661376953
run_1779912341_31cb07a8,1779913670.1933627,8.0,952.0,12.0,-0.9637908935546875,0.0,-7.584264755249023,14.710431098937988,12.047386169433594,2.741382122039795,-0.07833749055862427,0.928892886498943,0.9637908935546875,24.172046661376953
run_1779912341_31cb07a8,1779913672.1921284,8.0,952.0,12.0,-0.9637908935546875,0.0,-7.584264755249023,14.725279808044434,12.047386169433594,2.7673869132995605,-0.08949345350265503,0.928892886498943,0.9637908935546875,24.172046661376953
run_1779912341_31cb07a8,1779913674.1857321,8.0,952.0,12.0,-1.0078577995300293,0.0,-7.633840084075928,15.617452621459961,12.598222732543945,2.793623208999634,0.22560623288154602,1.0157773440735127,1.0078577995300293,24.172046661376953
run_1779912341_31cb07a8,1779913676.1842546,8.0,952.0,12.0,-0.9637908935546875,0.0,-7.584264755249023,14.751993179321289,12.047386169433594,2.8196280002593994,-0.11502022296190262,0.928892886498943,0.9637908935546875,24.172046661376953
run_1779912341_31cb07a8,1779913678.1919963,8.0,952.0,12.0,-1.0078577995300293,0.0,-7.633840084075928,15.646600723266602,12.598222732543945,2.8458645343780518,0.20251446962356567,1.0157773440735127,1.0078577995300293,24.172046661376953
run_1779912341_31cb07a8,1779913680.1845605,8.0,952.0,12.0,-0.9637908935546875,0.0,-7.584264755249023,14.801279067993164,12.047386169433594,2.8711740970611572,-0.11728079617023468,0.928892886498943,0.9637908935546875,24.172046661376953
run_1779912341_31cb07a8,1779913682.1862988,8.0,952.0,12.0,-1.0078577995300293,0.0,-7.633840084075928,15.696102142333984,12.598222732543945,2.8974106311798096,0.200469508767128,1.0157773440735127,1.0078577995300293,24.172046661376953
run_1779912341_31cb07a8,1779913684.19359,8.0,952.0,12.0,-1.0078577995300293,0.0,-7.633840084075928,15.721380233764648,12.598222732543945,2.9231836795806885,0.1999753713607788,1.0157773440735127,1.0078577995300293,24.172046661376953
run_1779912341_31cb07a8,1779913686.1869812,8.0,952.0,12.0,-1.0078577995300293,0.0,-7.633840084075928,15.728775024414062,12.598222732543945,2.9496519565582275,0.18089981377124786,1.0157773440735127,1.0078577995300293,24.172046661376953
run_1779912341_31cb07a8,1779913688.190083,8.0,952.0,12.0,-0.9637908935546875,0.0,-7.584264755249023,14.885515213012695,12.047386169433594,2.974961519241333,-0.13683362305164337,0.928892886498943,0.9637908935546875,24.172046661376953
run_1779912341_31cb07a8,1779913690.194415,8.0,952.0,12.0,-1.0078577995300293,0.0,-7.633840084075928,15.78220272064209,12.598222732543945,3.0011980533599854,0.18278178572654724,1.0157773440735127,1.0078577995300293,24.172046661376953
run_1779912341_31cb07a8,1779913692.1832592,8.0,952.0,12.0,-0.9637908935546875,0.0,-7.584264755249023,14.938762664794922,12.047386169433594,3.026507616043091,-0.13513116538524628,0.928892886498943,0.9637908935546875,24.172046661376953
run_1779912341_31cb07a8,1779913694.1894765,8.0,952.0,12.0,-0.9637908935546875,0.0,-7.584264755249023,14.976962089538574,12.047386169433594,3.0518171787261963,-0.1222410723567009,0.928892886498943,0.9637908935546875,24.172046661376953
run_1779912341_31cb07a8,1779913696.182312,8.0,952.0,12.0,-0.9637908935546875,0.0,-7.584264755249023,14.99599838256836,12.047386169433594,3.077821969985962,-0.12920904159545898,0.928892886498943,0.9637908935546875,24.172046661376953
run_1779912341_31cb07a8,1779913698.1783223,8.0,952.0,12.0,-0.9637908935546875,0.0,-7.584264755249023,15.033634185791016,12.047386169433594,3.1031315326690674,-0.11688390374183655,0.928892886498943,0.9637908935546875,24.172046661376953
run_1779912341_31cb07a8,1779913700.1854,8.0,952.0,12.0,-1.0078577995300293,0.0,-7.633840084075928,15.922564506530762,12.598222732543945,3.1295993328094482,0.1947430819272995,1.0157773440735127,1.0078577995300293,24.172046661376953
run_1779912341_31cb07a8,1779913702.1807723,8.0,952.0,12.0,-0.9637908935546875,0.0,-7.584264755249023,15.066152572631836,12.047386169433594,3.1553707122802734,-0.13660494983196259,0.928892886498943,0.9637908935546875,24.172046661376953
run_1779912341_31cb07a8,1779913704.1871514,8.0,952.0,12.0,-0.9197392463684082,0.0,-7.5347065925598145,14.21645450592041,11.496740341186523,3.1809113025665283,-0.4611983299255371,0.8459202813103275,0.9197392463684082,24.172046661376953
run_1779912341_31cb07a8,1779913706.1932473,8.0,952.0,12.0,-0.9197392463684082,0.0,-7.5347065925598145,14.284603118896484,11.496740341186523,3.205066204071045,-0.4172048568725586,0.8459202813103275,0.9197392463684082,24.172046661376953
run_1779912341_31cb07a8,1779913708.1864257,8.0,952.0,12.0,-0.9197392463684082,0.0,-7.5347065925598145,14.348554611206055,11.496740341186523,3.2292208671569824,-0.3774079382419586,0.8459202813103275,0.9197392463684082,24.172046661376953
run_1779912341_31cb07a8,1779913710.182852,8.0,952.0,12.0,-0.9197392463684082,0.0,-7.5347065925598145,14.408709526062012,11.496740341186523,3.253375768661499,-0.34140726923942566,0.8459202813103275,0.9197392463684082,24.172046661376953
run_1779912341_31cb07a8,1779913712.1838703,8.0,952.0,12.0,-0.9197392463684082,0.0,-7.5347065925598145,14.447501182556152,11.496740341186523,3.2782235145568848,-0.32746270298957825,0.8459202813103275,0.9197392463684082,24.172046661376953
run_1779912341_31cb07a8,1779913714.1920948,8.0,952.0,12.0,-0.9197392463684082,0.0,-7.5347065925598145,14.502891540527344,11.496740341186523,3.3023781776428223,-0.2962262034416199,0.8459202813103275,0.9197392463684082,24.172046661376953
run_1779912341_31cb07a8,1779913716.1937518,8.0,952.0,12.0,-0.9637908935546875,0.0,-7.584264755249023,15.425406455993652,12.047386169433594,3.3269948959350586,0.051026180386543274,0.928892886498943,0.9637908935546875,24.172046661376953
run_1779912341_31cb07a8,1779913718.1952877,8.0,952.0,12.0,-0.9197392463684082,0.0,-7.5347065925598145,14.581847190856934,11.496740341186523,3.351611614227295,-0.2665044367313385,0.8459202813103275,0.9197392463684082,24.172046661376953
run_1779912341_31cb07a8,1779913720.1828327,8.0,952.0,12.0,-0.9197392463684082,0.0,-7.5347065925598145,14.613495826721191,11.496740341186523,3.3764593601226807,-0.25970473885536194,0.8459202813103275,0.9197392463684082,24.172046661376953
run_1779912341_31cb07a8,1779913722.188436,8.0,952.0,12.0,-0.9197392463684082,0.0,-7.5347065925598145,14.662424087524414,11.496740341186523,3.400614023208618,-0.23493166267871857,0.8459202813103275,0.9197392463684082,24.172046661376953
run_1779912341_31cb07a8,1779913724.1791093,8.0,952.0,12.0,-0.9197392463684082,0.0,-7.5347065925598145,14.684830665588379,11.496740341186523,3.4256927967071533,-0.23760414123535156,0.8459202813103275,0.9197392463684082,24.172046661376953
run_1779912341_31cb07a8,1779913726.192321,8.0,952.0,12.0,-0.9197392463684082,0.0,-7.5347065925598145,14.731650352478027,11.496740341186523,3.449847459793091,-0.21493923664093018,0.8459202813103275,0.9197392463684082,24.172046661376953
run_1779912341_31cb07a8,1779913728.1876807,8.0,952.0,12.0,-0.9197392463684082,0.0,-7.5347065925598145,14.776307106018066,11.496740341186523,3.4740023612976074,-0.19443631172180176,0.8459202813103275,0.9197392463684082,24.172046661376953
run_1779912341_31cb07a8,1779913730.180539,8.0,952.0,12.0,-0.9197392463684082,0.0,-7.5347065925598145,14.819009780883789,11.496740341186523,3.498157024383545,-0.17588916420936584,0.8459202813103275,0.9197392463684082,24.172046661376953
run_1779912341_31cb07a8,1779913732.1883395,8.0,952.0,12.0,-0.9197392463684082,0.0,-7.5347065925598145,14.859941482543945,11.496740341186523,3.5223119258880615,-0.1591111719608307,0.8459202813103275,0.9197392463684082,24.172046661376953
run_1779912341_31cb07a8,1779913734.1953967,8.0,952.0,12.0,-0.9197392463684082,0.0,-7.5347065925598145,14.899274826049805,11.496740341186523,3.546466588973999,-0.14393362402915955,0.8459202813103275,0.9197392463684082,24.172046661376953
run_1779912341_31cb07a8,1779913736.183389,8.0,952.0,12.0,-1.0078577995300293,0.0,-7.633840084075928,16.66596794128418,12.598222732543945,3.572007179260254,0.49573829770088196,1.0157773440735127,1.0078577995300293,24.172046661376953
run_1779912341_31cb07a8,1779913738.1815646,8.0,952.0,12.0,-0.9197392463684082,0.0,-7.5347065925598145,14.91684341430664,11.496740341186523,3.597085952758789,-0.1769847869873047,0.8459202813103275,0.9197392463684082,24.172046661376953
run_1779912341_31cb07a8,1779913740.1867657,8.0,952.0,12.0,-0.9197392463684082,0.0,-7.5347065925598145,14.957879066467285,11.496740341186523,3.6212406158447266,-0.16010230779647827,0.8459202813103275,0.9197392463684082,24.172046661376953
run_1779912341_31cb07a8,1779913742.1803775,8.0,952.0,12.0,-0.9197392463684082,0.0,-7.5347065925598145,14.997306823730469,11.496740341186523,3.645395517349243,-0.14483021199703217,0.8459202813103275,0.9197392463684082,24.172046661376953
run_1779912341_31cb07a8,1779913744.1854587,8.0,952.0,12.0,-0.9197392463684082,0.0,-7.5347065925598145,15.035276412963867,11.496740341186523,3.6695501804351807,-0.13101495802402496,0.8459202813103275,0.9197392463684082,24.172046661376953
run_1779912341_31cb07a8,1779913746.1928065,8.0,952.0,12.0,-0.9637908935546875,0.0,-7.584264755249023,15.935929298400879,12.047386169433594,3.6943979263305664,0.19414576888084412,0.928892886498943,0.9637908935546875,24.172046661376953
run_1779912341_31cb07a8,1779913748.1832857,8.0,952.0,12.0,-0.9637908935546875,0.0,-7.584264755249023,15.942721366882324,12.047386169433594,3.719707489013672,0.17562632262706757,0.928892886498943,0.9637908935546875,24.172046661376953
run_1779912341_31cb07a8,1779913750.190565,8.0,952.0,12.0,-0.9197392463684082,0.0,-7.5347065925598145,15.087275505065918,11.496740341186523,3.744324207305908,-0.15378986299037933,0.8459202813103275,0.9197392463684082,24.172046661376953
run_1779912341_31cb07a8,1779913752.1871529,8.0,952.0,12.0,-0.9197392463684082,0.0,-7.5347065925598145,15.126100540161133,11.496740341186523,3.768479108810425,-0.1391199380159378,0.8459202813103275,0.9197392463684082,24.172046661376953
run_1779912341_31cb07a8,1779913754.1924162,8.0,952.0,12.0,-0.9197392463684082,0.0,-7.5347065925598145,15.163525581359863,11.496740341186523,3.7926337718963623,-0.12584935128688812,0.8459202813103275,0.9197392463684082,24.172046661376953
run_1779912341_31cb07a8,1779913756.1899023,8.0,952.0,12.0,-0.9637908935546875,0.0,-7.584264755249023,16.07601547241211,12.047386169433594,3.8170197010040283,0.2116113007068634,0.928892886498943,0.9637908935546875,24.172046661376953
run_1779912341_31cb07a8,1779913758.179918,8.0,952.0,12.0,-0.9197392463684082,0.0,-7.5347065925598145,15.21713924407959,11.496740341186523,3.8416364192962646,-0.12123745679855347,0.8459202813103275,0.9197392463684082,24.172046661376953
run_1779912341_31cb07a8,1779913760.1863391,8.0,952.0,12.0,-0.9197392463684082,0.0,-7.5347065925598145,15.25285816192627,11.496740341186523,3.865791082382202,-0.10967268794775009,0.8459202813103275,0.9197392463684082,24.172046661376953
run_1779912341_31cb07a8,1779913762.1949902,8.0,952.0,12.0,-0.9197392463684082,0.0,-7.5347065925598145,15.2874755859375,11.496740341186523,3.8899459838867188,-0.09921108186244965,0.8459202813103275,0.9197392463684082,24.172046661376953
run_1779912341_31cb07a8,1779913764.1863067,8.0,952.0,12.0,-0.9637908935546875,0.0,-7.584264755249023,16.197425842285156,12.047386169433594,3.9143316745758057,0.235708549618721,0.928892886498943,0.9637908935546875,24.172046661376953
run_1779912341_31cb07a8,1779913766.195085,8.0,952.0,12.0,-0.9197392463684082,0.0,-7.5347065925598145,15.336251258850098,11.496740341186523,3.938948392868042,-0.09943888336420059,0.8459202813103275,0.9197392463684082,24.172046661376953
run_1779912341_31cb07a8,1779913768.1869283,8.0,952.0,12.0,-0.8756842613220215,0.0,-7.485145092010498,14.493491172790527,10.946053504943848,3.9628705978393555,-0.4154340922832489,0.7668229255270944,0.8756842613220215,24.172046661376953
run_1779912341_31cb07a8,1779913770.1937342,8.0,952.0,12.0,-0.9637908935546875,0.0,-7.584264755249023,16.284183502197266,12.047386169433594,3.987253427505493,0.2495442032814026,0.928892886498943,0.9637908935546875,24.172046661376953
run_1779912341_31cb07a8,1779913772.1918378,8.0,952.0,12.0,-0.8756842613220215,0.0,-7.485145092010498,14.551263809204102,10.946053504943848,4.011406898498535,-0.40619713068008423,0.7668229255270944,0.8756842613220215,24.172046661376953
run_1779912341_31cb07a8,1779913774.185619,8.0,952.0,12.0,-0.8756842613220215,0.0,-7.485145092010498,14.61300277709961,10.946053504943848,4.034399032592773,-0.36745020747184753,0.7668229255270944,0.8756842613220215,24.172046661376953
run_1779912341_31cb07a8,1779913776.1815896,8.0,952.0,12.0,-0.9637908935546875,0.0,-7.584264755249023,16.405475616455078,12.047386169433594,4.0585527420043945,0.29953667521476746,0.928892886498943,0.9637908935546875,24.172046661376953
run_1779912341_31cb07a8,1779913778.189636,8.0,952.0,12.0,-0.9197392463684082,0.0,-7.5347065925598145,15.532110214233398,11.496740341186523,4.083400249481201,-0.04803147166967392,0.8459202813103275,0.9197392463684082,24.172046661376953
run_1779912341_31cb07a8,1779913780.182834,8.0,952.0,12.0,-0.8756842613220215,0.0,-7.485145092010498,14.702749252319336,10.946053504943848,4.106625080108643,-0.3499297797679901,0.7668229255270944,0.8756842613220215,24.172046661376953
run_1779912341_31cb07a8,1779913782.191762,8.0,952.0,12.0,-0.8756842613220215,0.0,-7.485145092010498,14.759121894836426,10.946053504943848,4.129617691040039,-0.3165501654148102,0.7668229255270944,0.8756842613220215,24.172046661376953
run_1779912341_31cb07a8,1779913784.1942484,8.0,952.0,12.0,-0.8756842613220215,0.0,-7.485145092010498,14.812310218811035,10.946053504943848,4.1526103019714355,-0.2863546311855316,0.7668229255270944,0.8756842613220215,24.172046661376953
run_1779912341_31cb07a8,1779913786.1894772,8.0,952.0,12.0,-0.8756842613220215,0.0,-7.485145092010498,14.862617492675781,10.946053504943848,4.175602436065674,-0.25903940200805664,0.7668229255270944,0.8756842613220215,24.172046661376953
run_1779912341_31cb07a8,1779913788.1826386,8.0,952.0,12.0,-0.8756842613220215,0.0,-7.485145092010498,14.910319328308105,10.946053504943848,4.19859504699707,-0.23432978987693787,0.7668229255270944,0.8756842613220215,24.172046661376953
run_1779912341_31cb07a8,1779913790.1915207,8.0,952.0,12.0,-0.8756842613220215,0.0,-7.485145092010498,14.955663681030273,10.946053504943848,4.221587657928467,-0.21197721362113953,0.7668229255270944,0.8756842613220215,24.172046661376953
run_1779912341_31cb07a8,1779913792.183818,8.0,952.0,12.0,-0.8756842613220215,0.0,-7.485145092010498,14.998876571655273,10.946053504943848,4.244580268859863,-0.19175682961940765,0.7668229255270944,0.8756842613220215,24.172046661376953
run_1779912341_31cb07a8,1779913794.1897151,8.0,952.0,12.0,-0.9197392463684082,0.0,-7.5347065925598145,15.910333633422852,11.496740341186523,4.26803731918335,0.14555443823337555,0.8459202813103275,0.9197392463684082,24.172046661376953
run_1779912341_31cb07a8,1779913796.1931734,8.0,952.0,12.0,-0.8756842613220215,0.0,-7.485145092010498,15.062506675720215,10.946053504943848,4.291262626647949,-0.17480993270874023,0.7668229255270944,0.8756842613220215,24.172046661376953
run_1779912341_31cb07a8,1779913798.1851914,8.0,952.0,12.0,-0.8756842613220215,0.0,-7.485145092010498,15.102173805236816,10.946053504943848,4.3142547607421875,-0.15813492238521576,0.7668229255270944,0.8756842613220215,24.172046661376953
run_1779912341_31cb07a8,1779913800.1821122,8.0,952.0,12.0,-0.8756842613220215,0.0,-7.485145092010498,15.121947288513184,10.946053504943848,4.337944984436035,-0.16205115616321564,0.7668229255270944,0.8756842613220215,24.172046661376953
run_1779912341_31cb07a8,1779913802.1880827,8.0,952.0,12.0,-0.8756842613220215,0.0,-7.485145092010498,15.160398483276367,10.946053504943848,4.360937118530273,-0.14659319818019867,0.7668229255270944,0.8756842613220215,24.172046661376953
run_1779912341_31cb07a8,1779913804.179083,8.0,952.0,12.0,-0.8756842613220215,0.0,-7.485145092010498,15.19737434387207,10.946053504943848,4.38392972946167,-0.1326097548007965,0.7668229255270944,0.8756842613220215,24.172046661376953
run_1779912341_31cb07a8,1779913806.185346,8.0,952.0,12.0,-0.8756842613220215,0.0,-7.485145092010498,15.233016014099121,10.946053504943848,4.406922340393066,-0.11996021866798401,0.7668229255270944,0.8756842613220215,24.172046661376953
run_1779912341_31cb07a8,1779913808.192449,8.0,952.0,12.0,-0.8756842613220215,0.0,-7.485145092010498,15.267451286315918,10.946053504943848,4.429914951324463,-0.10851727426052094,0.7668229255270944,0.8756842613220215,24.172046661376953
run_1779912341_31cb07a8,1779913810.1880283,8.0,952.0,12.0,-0.8756842613220215,0.0,-7.485145092010498,15.300795555114746,10.946053504943848,4.452907085418701,-0.09816588461399078,0.7668229255270944,0.8756842613220215,24.172046661376953
run_1779912341_31cb07a8,1779913812.1842322,8.0,952.0,12.0,-0.8756842613220215,0.0,-7.485145092010498,15.333151817321777,10.946053504943848,4.475899696350098,-0.08880189806222916,0.7668229255270944,0.8756842613220215,24.172046661376953
run_1779912341_31cb07a8,1779913814.1853626,8.0,952.0,12.0,-0.9197392463684082,0.0,-7.5347065925598145,16.234786987304688,11.496740341186523,4.499357223510742,0.23868857324123383,0.8459202813103275,0.9197392463684082,24.172046661376953
run_1779912341_31cb07a8,1779913816.190733,8.0,952.0,12.0,-0.9197392463684082,0.0,-7.5347065925598145,16.236173629760742,11.496740341186523,4.52351188659668,0.21592019498348236,0.8459202813103275,0.9197392463684082,24.172046661376953
run_1779912341_31cb07a8,1779913818.1820457,8.0,952.0,12.0,-0.8756842613220215,0.0,-7.485145092010498,15.369560241699219,10.946053504943848,4.547201633453369,-0.1236959844827652,0.7668229255270944,0.8756842613220215,24.172046661376953
run_1779912341_31cb07a8,1779913820.1940942,8.0,952.0,12.0,-0.8756842613220215,0.0,-7.485145092010498,15.404351234436035,10.946053504943848,4.570194244384766,-0.11189669370651245,0.7668229255270944,0.8756842613220215,24.172046661376953
run_1779912341_31cb07a8,1779913822.1912909,8.0,952.0,12.0,-0.8756842613220215,0.0,-7.485145092010498,15.438016891479492,10.946053504943848,4.593186855316162,-0.1012229323387146,0.7668229255270944,0.8756842613220215,24.172046661376953
run_1779912341_31cb07a8,1779913824.1945088,8.0,952.0,12.0,-0.8756842613220215,0.0,-7.485145092010498,15.47066593170166,10.946053504943848,4.616179466247559,-0.09156735241413116,0.7668229255270944,0.8756842613220215,24.172046661376953
run_1779912341_31cb07a8,1779913826.183508,8.0,952.0,12.0,-0.8756842613220215,0.0,-7.485145092010498,15.484467506408691,10.946053504943848,4.639869213104248,-0.10145629942417145,0.7668229255270944,0.8756842613220215,24.172046661376953
run_1779912341_31cb07a8,1779913828.1869326,8.0,952.0,12.0,-0.8756842613220215,0.0,-7.485145092010498,15.51713752746582,10.946053504943848,4.6628618240356445,-0.09177843481302261,0.7668229255270944,0.8756842613220215,24.172046661376953
run_1779912341_31cb07a8,1779913830.1903577,8.0,952.0,12.0,-0.8756842613220215,0.0,-7.485145092010498,15.548885345458984,10.946053504943848,4.685853958129883,-0.08302374184131622,0.7668229255270944,0.8756842613220215,24.172046661376953
run_1779912341_31cb07a8,1779913832.181179,8.0,952.0,12.0,-0.8756842613220215,0.0,-7.485145092010498,15.579795837402344,10.946053504943848,4.708846569061279,-0.07510416954755783,0.7668229255270944,0.8756842613220215,24.172046661376953
run_1779912341_31cb07a8,1779913834.1898844,8.0,952.0,12.0,-0.8756842613220215,0.0,-7.485145092010498,15.592026710510254,10.946053504943848,4.732536315917969,-0.08656347543001175,0.7668229255270944,0.8756842613220215,24.172046661376953
run_1779912341_31cb07a8,1779913836.1938953,8.0,952.0,12.0,-0.9197392463684082,0.0,-7.5347065925598145,16.487348556518555,11.496740341186523,4.756226539611816,0.23438073694705963,0.8459202813103275,0.9197392463684082,24.172046661376953
run_1779912341_31cb07a8,1779913838.1876023,8.0,952.0,12.0,-0.8756842613220215,0.0,-7.485145092010498,15.618973731994629,10.946053504943848,4.779916286468506,-0.10699640214443207,0.7668229255270944,0.8756842613220215,24.172046661376953
run_1779912341_31cb07a8,1779913840.1826282,8.0,952.0,12.0,-0.9197392463684082,0.0,-7.5347065925598145,16.516244888305664,11.496740341186523,4.803606033325195,0.21589693427085876,0.8459202813103275,0.9197392463684082,24.172046661376953
run_1779912341_31cb07a8,1779913842.192237,8.0,952.0,12.0,-0.8756842613220215,0.0,-7.485145092010498,15.649633407592773,10.946053504943848,4.827295780181885,-0.12371701002120972,0.7668229255270944,0.8756842613220215,24.172046661376953
run_1779912341_31cb07a8,1779913844.18793,8.0,952.0,12.0,-0.8756842613220215,0.0,-7.485145092010498,15.684427261352539,10.946053504943848,4.850288391113281,-0.11191572993993759,0.7668229255270944,0.8756842613220215,24.172046661376953
run_1779912341_31cb07a8,1779913846.193972,8.0,952.0,12.0,-0.8756842613220215,0.0,-7.485145092010498,15.718094825744629,10.946053504943848,4.873281002044678,-0.10124016553163528,0.7668229255270944,0.8756842613220215,24.172046661376953
run_1779912341_31cb07a8,1779913848.1835113,8.0,952.0,12.0,-0.8756842613220215,0.0,-7.485145092010498,15.750744819641113,10.946053504943848,4.896273612976074,-0.09158289432525635,0.7668229255270944,0.8756842613220215,24.172046661376953
run_1779912341_31cb07a8,1779913850.1926355,8.0,952.0,12.0,-0.8316159248352051,0.0,-7.435567855834961,14.912040710449219,10.395198822021484,4.918804168701172,-0.4019632935523987,0.6915850464395135,0.8316159248352051,24.172046661376953
run_1779912341_31cb07a8,1779913852.1834576,8.0,952.0,12.0,-0.8316159248352051,0.0,-7.435567855834961,14.972220420837402,10.395198822021484,4.9406418800354,-0.3636202812194824,0.6915850464395135,0.8316159248352051,24.172046661376953
run_1779912341_31cb07a8,1779913854.1927984,8.0,952.0,12.0,-0.8756842613220215,0.0,-7.485145092010498,15.899176597595215,10.946053504943848,4.9629411697387695,-0.009818353690207005,0.7668229255270944,0.8756842613220215,24.172046661376953
run_1779912341_31cb07a8,1779913856.1871269,8.0,952.0,12.0,-0.8316159248352051,0.0,-7.435567855834961,15.058774948120117,10.395198822021484,4.985240936279297,-0.3216635584831238,0.6915850464395135,0.8316159248352051,24.172046661376953
run_1779912341_31cb07a8,1779913858.1949537,8.0,952.0,12.0,-0.8316159248352051,0.0,-7.435567855834961,15.111297607421875,10.395198822021484,5.007078647613525,-0.2909802794456482,0.6915850464395135,0.8316159248352051,24.172046661376953
run_1779912341_31cb07a8,1779913860.1842039,8.0,952.0,12.0,-0.8316159248352051,0.0,-7.435567855834961,15.160889625549316,10.395198822021484,5.028916358947754,-0.2632238566875458,0.6915850464395135,0.8316159248352051,24.172046661376953
run_1779912341_31cb07a8,1779913862.1928194,8.0,952.0,12.0,-0.8316159248352051,0.0,-7.435567855834961,15.207839012145996,10.395198822021484,5.050753593444824,-0.2381151020526886,0.6915850464395135,0.8316159248352051,24.172046661376953
run_1779912341_31cb07a8,1779913864.1814656,8.0,952.0,12.0,-0.8316159248352051,0.0,-7.435567855834961,15.252388954162598,10.395198822021484,5.072591304779053,-0.21540142595767975,0.6915850464395135,0.8316159248352051,24.172046661376953
run_1779912341_31cb07a8,1779913866.1858788,8.0,952.0,12.0,-0.8316159248352051,0.0,-7.435567855834961,15.294774055480957,10.395198822021484,5.094429016113281,-0.19485442340373993,0.6915850464395135,0.8316159248352051,24.172046661376953
run_1779912341_31cb07a8,1779913868.1889157,8.0,952.0,12.0,-0.8316159248352051,0.0,-7.435567855834961,15.335197448730469,10.395198822021484,5.11626672744751,-0.1762673705816269,0.6915850464395135,0.8316159248352051,24.172046661376953
run_1779912341_31cb07a8,1779913870.1823406,8.0,952.0,12.0,-0.8316159248352051,0.0,-7.435567855834961,15.373851776123047,10.395198822021484,5.138104438781738,-0.15945331752300262,0.6915850464395135,0.8316159248352051,24.172046661376953
run_1779912341_31cb07a8,1779913872.1879797,8.0,952.0,12.0,-0.8316159248352051,0.0,-7.435567855834961,15.410897254943848,10.395198822021484,5.159942150115967,-0.14424316585063934,0.6915850464395135,0.8316159248352051,24.172046661376953
run_1779912341_31cb07a8,1779913874.1938815,8.0,952.0,12.0,-0.8316159248352051,0.0,-7.435567855834961,15.422327995300293,10.395198822021484,5.182703495025635,-0.1555759161710739,0.6915850464395135,0.8316159248352051,24.172046661376953
run_1779912341_31cb07a8,1779913876.1857653,8.0,952.0,12.0,-0.8316159248352051,0.0,-7.435567855834961,15.459004402160645,10.395198822021484,5.204541206359863,-0.14073562622070312,0.6915850464395135,0.8316159248352051,24.172046661376953
run_1779912341_31cb07a8,1779913878.1913564,8.0,952.0,12.0,-0.8756842613220215,0.0,-7.485145092010498,16.37093162536621,10.946053504943848,5.226609706878662,0.1982683539390564,0.7668229255270944,0.8756842613220215,24.172046661376953
run_1779912341_31cb07a8,1779913880.1807013,8.0,952.0,12.0,-0.8316159248352051,0.0,-7.435567855834961,15.510683059692383,10.395198822021484,5.2489094734191895,-0.13342610001564026,0.6915850464395135,0.8316159248352051,24.172046661376953
run_1779912341_31cb07a8,1779913882.1852868,8.0,952.0,12.0,-0.8756842613220215,0.0,-7.485145092010498,16.39774513244629,10.946053504943848,5.271902084350586,0.17978864908218384,0.7668229255270944,0.8756842613220215,24.172046661376953
run_1779912341_31cb07a8,1779913884.1890442,8.0,952.0,12.0,-0.8316159248352051,0.0,-7.435567855834961,15.539257049560547,10.395198822021484,5.294201374053955,-0.15014305710792542,0.6915850464395135,0.8316159248352051,24.172046661376953
run_1779912341_31cb07a8,1779913886.1807635,8.0,952.0,12.0,-0.8316159248352051,0.0,-7.435567855834961,15.575417518615723,10.395198822021484,5.316039085388184,-0.13582101464271545,0.6915850464395135,0.8316159248352051,24.172046661376953
run_1779912341_31cb07a8,1779913888.1905518,8.0,952.0,12.0,-0.8316159248352051,0.0,-7.435567855834961,15.610210418701172,10.395198822021484,5.337876796722412,-0.12286512553691864,0.6915850464395135,0.8316159248352051,24.172046661376953
run_1779912341_31cb07a8,1779913890.193571,8.0,952.0,12.0,-0.8316159248352051,0.0,-7.435567855834961,15.643769264221191,10.395198822021484,5.359714508056641,-0.11114509403705597,0.6915850464395135,0.8316159248352051,24.172046661376953
run_1779912341_31cb07a8,1779913892.1852973,8.0,952.0,12.0,-0.8756842613220215,0.0,-7.485145092010498,16.540536880493164,10.946053504943848,5.382245063781738,0.21223872900009155,0.7668229255270944,0.8756842613220215,24.172046661376953
run_1779912341_31cb07a8,1779913894.1900575,8.0,952.0,12.0,-0.8316159248352051,0.0,-7.435567855834961,15.68493366241455,10.395198822021484,5.404313564300537,-0.1145794615149498,0.6915850464395135,0.8316159248352051,24.172046661376953
run_1779912341_31cb07a8,1779913896.189457,8.0,952.0,12.0,-0.8316159248352051,0.0,-7.435567855834961,15.717700004577637,10.395198822021484,5.426151275634766,-0.10364978760480881,0.6915850464395135,0.8316159248352051,24.172046661376953
run_1779912341_31cb07a8,1779913898.1950216,8.0,952.0,12.0,-0.8316159248352051,0.0,-7.435567855834961,15.731111526489258,10.395198822021484,5.448681831359863,-0.11276911199092865,0.6915850464395135,0.8316159248352051,24.172046661376953
run_1779912341_31cb07a8,1779913900.1840699,8.0,952.0,12.0,-0.8756842613220215,0.0,-7.485145092010498,16.628034591674805,10.946053504943848,5.471212387084961,0.2107696533203125,0.7668229255270944,0.8756842613220215,24.172046661376953
run_1779912341_31cb07a8,1779913902.1931095,8.0,952.0,12.0,-0.8316159248352051,0.0,-7.435567855834961,15.75425910949707,10.395198822021484,5.493973731994629,-0.1349148005247116,0.6915850464395135,0.8316159248352051,24.172046661376953
run_1779912341_31cb07a8,1779913904.1841605,8.0,952.0,12.0,-0.8316159248352051,0.0,-7.435567855834961,15.788965225219727,10.395198822021484,5.515811443328857,-0.12204533070325851,0.6915850464395135,0.8316159248352051,24.172046661376953
run_1779912341_31cb07a8,1779913906.1809216,8.0,952.0,12.0,-0.7875461578369141,0.0,-7.385989189147949,14.964066505432129,9.844326972961426,5.5367255210876465,-0.4169863760471344,0.6202289507236856,0.7875461578369141,24.172046661376953
run_1779912341_31cb07a8,1779913908.1841292,8.0,952.0,12.0,-0.7875461578369141,0.0,-7.385989189147949,15.024524688720703,9.844326972961426,5.557408332824707,-0.3772102892398834,0.6202289507236856,0.7875461578369141,24.172046661376953
run_1779912341_31cb07a8,1779913910.194458,8.0,952.0,12.0,-0.7875461578369141,0.0,-7.385989189147949,15.044562339782715,9.844326972961426,5.579476833343506,-0.3792417347431183,0.6202289507236856,0.7875461578369141,24.172046661376953
run_1779912341_31cb07a8,1779913912.188828,8.0,952.0,12.0,-0.7875461578369141,0.0,-7.385989189147949,15.101421356201172,9.844326972961426,5.600159645080566,-0.34306612610816956,0.6202289507236856,0.7875461578369141,24.172046661376953
run_1779912341_31cb07a8,1779913914.1808786,8.0,952.0,12.0,-0.7875461578369141,0.0,-7.385989189147949,15.136512756347656,9.844326972961426,5.621535301208496,-0.32934829592704773,0.6202289507236856,0.7875461578369141,24.172046661376953
run_1779912341_31cb07a8,1779913916.186307,8.0,952.0,12.0,-0.8756842613220215,0.0,-7.485145092010498,16.929506301879883,10.946053504943848,5.643142223358154,0.3403111696243286,0.7668229255270944,0.8756842613220215,24.172046661376953
run_1779912341_31cb07a8,1779913918.1947243,8.0,952.0,12.0,-0.7875461578369141,0.0,-7.385989189147949,15.203306198120117,9.844326972961426,5.6642866134643555,-0.30530667304992676,0.6202289507236856,0.7875461578369141,24.172046661376953
run_1779912341_31cb07a8,1779913920.1814985,8.0,952.0,12.0,-0.7875461578369141,0.0,-7.385989189147949,15.253111839294434,9.844326972961426,5.684969425201416,-0.2761836349964142,0.6202289507236856,0.7875461578369141,24.172046661376953
run_1779912341_31cb07a8,1779913922.1842842,8.0,952.0,12.0,-0.8316159248352051,0.0,-7.435567855834961,16.176834106445312,10.395198822021484,5.705883502960205,0.07575123757123947,0.6915850464395135,0.8316159248352051,24.172046661376953
run_1779912341_31cb07a8,1779913924.1939127,8.0,952.0,12.0,-0.7875461578369141,0.0,-7.385989189147949,15.32098388671875,9.844326972961426,5.727259159088135,-0.2506013512611389,0.6202289507236856,0.7875461578369141,24.172046661376953
run_1779912341_31cb07a8,1779913926.186156,8.0,952.0,12.0,-0.8316159248352051,0.0,-7.435567855834961,16.22395133972168,10.395198822021484,5.748865604400635,0.07988619059324265,0.6915850464395135,0.8316159248352051,24.172046661376953
run_1779912341_31cb07a8,1779913928.193694,8.0,952.0,12.0,-0.8756842613220215,0.0,-7.485145092010498,17.108600616455078,10.946053504943848,5.771165370941162,0.39138221740722656,0.7668229255270944,0.8756842613220215,24.172046661376953
run_1779912341_31cb07a8,1779913930.1910338,8.0,952.0,12.0,-0.7875461578369141,0.0,-7.385989189147949,15.340903282165527,9.844326972961426,5.79369592666626,-0.2971205711364746,0.6202289507236856,0.7875461578369141,24.172046661376953
run_1779912341_31cb07a8,1779913932.1840565,8.0,952.0,12.0,-0.8316159248352051,0.0,-7.435567855834961,16.26038932800293,10.395198822021484,5.814840793609619,0.05034833401441574,0.6915850464395135,0.8316159248352051,24.172046661376953
run_1779912341_31cb07a8,1779913934.1933653,8.0,952.0,12.0,-0.7875461578369141,0.0,-7.385989189147949,15.41904354095459,9.844326972961426,5.83575439453125,-0.2610372006893158,0.6202289507236856,0.7875461578369141,24.172046661376953
run_1779912341_31cb07a8,1779913936.1873736,8.0,952.0,12.0,-0.7875461578369141,0.0,-7.385989189147949,15.46462631225586,9.844326972961426,5.8564372062683105,-0.2361370474100113,0.6202289507236856,0.7875461578369141,24.172046661376953
run_1779912341_31cb07a8,1779913938.1815872,8.0,952.0,12.0,-0.7875461578369141,0.0,-7.385989189147949,15.507833480834961,9.844326972961426,5.877120018005371,-0.21361204981803894,0.6202289507236856,0.7875461578369141,24.172046661376953
run_1779912341_31cb07a8,1779913940.1870453,8.0,952.0,12.0,-0.7875461578369141,0.0,-7.385989189147949,15.530959129333496,9.844326972961426,5.898495674133301,-0.2118653804063797,0.6202289507236856,0.7875461578369141,24.172046661376953
run_1779912341_31cb07a8,1779913942.1824982,8.0,952.0,12.0,-0.7875461578369141,0.0,-7.385989189147949,15.571850776672363,9.844326972961426,5.919178485870361,-0.19165563583374023,0.6202289507236856,0.7875461578369141,24.172046661376953
run_1779912341_31cb07a8,1779913944.193702,8.0,952.0,12.0,-0.7875461578369141,0.0,-7.385989189147949,15.61081600189209,9.844326972961426,5.939861297607422,-0.17337369918823242,0.6202289507236856,0.7875461578369141,24.172046661376953
run_1779912341_31cb07a8,1779913946.1945899,8.0,952.0,12.0,-0.7875461578369141,0.0,-7.385989189147949,15.648036003112793,9.844326972961426,5.960544109344482,-0.156835675239563,0.6202289507236856,0.7875461578369141,24.172046661376953
run_1779912341_31cb07a8,1779913948.1928039,8.0,952.0,12.0,-0.7875461578369141,0.0,-7.385989189147949,15.683679580688477,9.844326972961426,5.981226921081543,-0.14187519252300262,0.6202289507236856,0.7875461578369141,24.172046661376953
run_1779912341_31cb07a8,1779913950.1868253,8.0,952.0,12.0,-0.8316159248352051,0.0,-7.435567855834961,16.576274871826172,10.395198822021484,6.002833843231201,0.17824102938175201,0.6915850464395135,0.8316159248352051,24.172046661376953
run_1779912341_31cb07a8,1779913952.1934755,8.0,952.0,12.0,-0.7875461578369141,0.0,-7.385989189147949,15.728585243225098,9.844326972961426,6.023516654968262,-0.13925829529762268,0.6202289507236856,0.7875461578369141,24.172046661376953
run_1779912341_31cb07a8,1779913954.1803782,8.0,952.0,12.0,-0.7875461578369141,0.0,-7.385989189147949,15.762552261352539,9.844326972961426,6.044199466705322,-0.12597453594207764,0.6202289507236856,0.7875461578369141,24.172046661376953
run_1779912341_31cb07a8,1779913956.1911504,8.0,952.0,12.0,-0.7875461578369141,0.0,-7.385989189147949,15.795251846313477,9.844326972961426,6.064882278442383,-0.11395789682865143,0.6202289507236856,0.7875461578369141,24.172046661376953
run_1779912341_31cb07a8,1779913958.1848354,8.0,952.0,12.0,-0.8316159248352051,0.0,-7.435567855834961,16.685182571411133,10.395198822021484,6.086488723754883,0.20349529385566711,0.6915850464395135,0.8316159248352051,24.172046661376953
run_1779912341_31cb07a8,1779913960.1959126,8.0,952.0,12.0,-0.7875461578369141,0.0,-7.385989189147949,15.835086822509766,9.844326972961426,6.107171535491943,-0.11641306430101395,0.6202289507236856,0.7875461578369141,24.172046661376953
run_1779912341_31cb07a8,1779913962.1919,8.0,952.0,12.0,-0.7875461578369141,0.0,-7.385989189147949,15.866873741149902,9.844326972961426,6.127854347229004,-0.10530848801136017,0.6202289507236856,0.7875461578369141,24.172046661376953
run_1779912341_31cb07a8,1779913964.1843343,8.0,952.0,12.0,-0.8316159248352051,0.0,-7.435567855834961,16.750123977661133,10.395198822021484,6.149692058563232,0.2052338719367981,0.6915850464395135,0.8316159248352051,24.172046661376953
run_1779912341_31cb07a8,1779913966.1948822,8.0,952.0,12.0,-0.8316159248352051,0.0,-7.435567855834961,16.75238609313965,10.395198822021484,6.171529769897461,0.18565671145915985,0.6915850464395135,0.8316159248352051,24.172046661376953
run_1779912341_31cb07a8,1779913968.1836007,8.0,952.0,12.0,-0.7875461578369141,0.0,-7.385989189147949,15.903989791870117,9.844326972961426,6.1922125816345215,-0.13254998624324799,0.6202289507236856,0.7875461578369141,24.172046661376953
run_1779912341_31cb07a8,1779913970.193884,8.0,952.0,12.0,-0.7875461578369141,0.0,-7.385989189147949,15.93731689453125,9.844326972961426,6.212895393371582,-0.11990612745285034,0.6202289507236856,0.7875461578369141,24.172046661376953
run_1779912341_31cb07a8,1779913972.1836598,8.0,952.0,12.0,-0.7875461578369141,0.0,-7.385989189147949,15.969437599182129,9.844326972961426,6.233578205108643,-0.10846834629774094,0.6202289507236856,0.7875461578369141,24.172046661376953
run_1779912341_31cb07a8,1779913974.1813216,8.0,952.0,12.0,-0.7875461578369141,0.0,-7.385989189147949,16.00046730041504,9.844326972961426,6.254261016845703,-0.09812160581350327,0.6202289507236856,0.7875461578369141,24.172046661376953
run_1779912341_31cb07a8,1779913976.1912076,8.0,952.0,12.0,-0.8316159248352051,0.0,-7.435567855834961,16.900972366333008,10.395198822021484,6.275408744812012,0.2303648740053177,0.6915850464395135,0.8316159248352051,24.172046661376953
run_1779912341_31cb07a8,1779913978.1830738,8.0,952.0,12.0,-0.7875461578369141,0.0,-7.385989189147949,16.036481857299805,9.844326972961426,6.29655647277832,-0.10440140217542648,0.6202289507236856,0.7875461578369141,24.172046661376953
run_1779912341_31cb07a8,1779913980.1876683,8.0,952.0,12.0,-0.7434768676757812,0.0,-7.336411476135254,15.196670532226562,9.293460845947266,6.316774368286133,-0.41356584429740906,0.5527578527689911,0.7434768676757812,24.172046661376953
run_1779912341_31cb07a8,1779913982.1944795,8.0,952.0,12.0,-0.7434768676757812,0.0,-7.336411476135254,15.255640029907227,9.293460845947266,6.336294651031494,-0.3741159439086914,0.5527578527689911,0.7434768676757812,24.172046661376953
run_1779912341_31cb07a8,1779913984.1891785,8.0,952.0,12.0,-0.7434768676757812,0.0,-7.336411476135254,15.292915344238281,9.293460845947266,6.356512546539307,-0.35705873370170593,0.5527578527689911,0.7434768676757812,24.172046661376953
run_1779912341_31cb07a8,1779913986.18189,8.0,952.0,12.0,-0.7434768676757812,0.0,-7.336411476135254,15.346495628356934,9.293460845947266,6.376033306121826,-0.32299908995628357,0.5527578527689911,0.7434768676757812,24.172046661376953
run_1779912341_31cb07a8,1779913988.185661,8.0,952.0,12.0,-0.8316159248352051,0.0,-7.435567855834961,17.137744903564453,10.395198822021484,6.396483421325684,0.3460616171360016,0.6915850464395135,0.8316159248352051,24.172046661376953
run_1779912341_31cb07a8,1779913990.19457,8.0,952.0,12.0,-0.7434768676757812,0.0,-7.336411476135254,15.397866249084473,9.293460845947266,6.416934013366699,-0.31252941489219666,0.5527578527689911,0.7434768676757812,24.172046661376953
run_1779912341_31cb07a8,1779913992.1827235,8.0,952.0,12.0,-0.7875461578369141,0.0,-7.385989189147949,16.323883056640625,9.844326972961426,6.436686992645264,0.04286886751651764,0.6202289507236856,0.7875461578369141,24.172046661376953
run_1779912341_31cb07a8,1779913994.1933067,8.0,952.0,12.0,-0.7434768676757812,0.0,-7.336411476135254,15.476125717163086,9.293460845947266,6.456672191619873,-0.2740088701248169,0.5527578527689911,0.7434768676757812,24.172046661376953
run_1779912341_31cb07a8,1779913996.1927125,8.0,952.0,12.0,-0.7434768676757812,0.0,-7.336411476135254,15.521782875061035,9.293460845947266,6.476192951202393,-0.2478712946176529,0.5527578527689911,0.7434768676757812,24.172046661376953
run_1779912341_31cb07a8,1779913998.1862533,8.0,952.0,12.0,-0.7434768676757812,0.0,-7.336411476135254,15.564948081970215,9.293460845947266,6.495713233947754,-0.2242269515991211,0.5527578527689911,0.7434768676757812,24.172046661376953
run_1779912341_31cb07a8,1779914000.1924863,8.0,952.0,12.0,-0.7434768676757812,0.0,-7.336411476135254,15.581694602966309,9.293460845947266,6.5161638259887695,-0.22793063521385193,0.5527578527689911,0.7434768676757812,24.172046661376953
run_1779912341_31cb07a8,1779914002.1861372,8.0,952.0,12.0,-0.7434768676757812,0.0,-7.336411476135254,15.622957229614258,9.293460845947266,6.535684108734131,-0.20618844032287598,0.5527578527689911,0.7434768676757812,24.172046661376953
run_1779912341_31cb07a8,1779914004.1955426,8.0,952.0,12.0,-0.7434768676757812,0.0,-7.336411476135254,15.662145614624023,9.293460845947266,6.55520486831665,-0.18652023375034332,0.5527578527689911,0.7434768676757812,24.172046661376953
run_1779912341_31cb07a8,1779914006.1882665,8.0,952.0,12.0,-0.7875461578369141,0.0,-7.385989189147949,16.563810348510742,9.844326972961426,6.575422763824463,0.14406035840511322,0.6202289507236856,0.7875461578369141,24.172046661376953
run_1779912341_31cb07a8,1779914008.1820772,8.0,952.0,12.0,-0.7434768676757812,0.0,-7.336411476135254,15.694067001342773,9.293460845947266,6.59587287902832,-0.19526778161525726,0.5527578527689911,0.7434768676757812,24.172046661376953
run_1779912341_31cb07a8,1779914010.1927993,8.0,952.0,12.0,-0.7875461578369141,0.0,-7.385989189147949,16.59656524658203,9.844326972961426,6.616090774536133,0.13614726066589355,0.6202289507236856,0.7875461578369141,24.172046661376953
run_1779912341_31cb07a8,1779914012.1842542,8.0,952.0,12.0,-0.7434768676757812,0.0,-7.336411476135254,15.72757625579834,9.293460845947266,6.636541366577148,-0.2024260312318802,0.5527578527689911,0.7434768676757812,24.172046661376953
run_1779912341_31cb07a8,1779914014.1891074,8.0,952.0,12.0,-0.7875461578369141,0.0,-7.385989189147949,16.63075828552246,9.844326972961426,6.656759262084961,0.12967179715633392,0.6202289507236856,0.7875461578369141,24.172046661376953
run_1779912341_31cb07a8,1779914016.1810632,8.0,952.0,12.0,-0.7875461578369141,0.0,-7.385989189147949,16.63907241821289,9.844326972961426,6.6774420738220215,0.11730247735977173,0.6202289507236856,0.7875461578369141,24.172046661376953
run_1779912341_31cb07a8,1779914018.187711,8.0,952.0,12.0,-0.7875461578369141,0.0,-7.385989189147949,16.6485652923584,9.844326972961426,6.698124885559082,0.10611305385828018,0.6202289507236856,0.7875461578369141,24.172046661376953
run_1779912341_31cb07a8,1779914020.1964393,8.0,952.0,12.0,-0.7875461578369141,0.0,-7.385989189147949,16.67743682861328,9.844326972961426,6.718110084533691,0.11499772220849991,0.6202289507236856,0.7875461578369141,24.172046661376953
run_1779912341_31cb07a8,1779914022.1917207,nan,nan,nan,-0.7434768676757812,nan,-7.336411476135254,nan,nan,nan,nan,nan,nan,24.172046661376953
