run_id,timestamp,kp,ki,kd,temp,temp_ref,temp_raw,temp_u,temp_u_p,temp_u_i,temp_u_d,sq_error,mae,start_temp
run_1780085037_5232a092,1780085518.5378478,6.0,1000.0,49.0,28.957948684692383,0.0,25.99786376953125,-100.0,-100.0,0.0,5.965875625610352,838.5627920252773,28.957948684692383,28.957948684692383
run_1780085037_5232a092,1780085520.2461145,6.0,1000.0,49.0,28.957948684692383,0.0,25.99786376953125,-100.0,-100.0,0.0,5.396793365478516,838.5627920252773,28.957948684692383,28.957948684692383
run_1780085037_5232a092,1780085522.2503521,6.0,1000.0,49.0,28.90985107421875,0.0,25.94776153564453,-100.0,-100.0,0.0,6.759346961975098,835.779489133507,28.90985107421875,28.957948684692383
run_1780085037_5232a092,1780085524.2409656,6.0,1000.0,49.0,28.861785888671875,0.0,25.897693634033203,-100.0,-100.0,0.0,8.067422866821289,833.002684683539,28.861785888671875,28.957948684692383
run_1780085037_5232a092,1780085526.2415702,6.0,1000.0,49.0,28.813722610473633,0.0,25.847627639770508,-100.0,-100.0,0.0,9.21187973022461,830.2306106733195,28.813722610473633,28.957948684692383
run_1780085037_5232a092,1780085528.2504604,6.0,1000.0,49.0,28.66950225830078,0.0,25.697397232055664,-100.0,-100.0,0.0,13.964641571044922,821.9403597387136,28.66950225830078,28.957948684692383
run_1780085037_5232a092,1780085530.2391768,6.0,1000.0,49.0,28.621408462524414,0.0,25.647300720214844,-100.0,-100.0,0.0,14.547782897949219,819.1850223786641,28.621408462524414,28.957948684692383
run_1780085037_5232a092,1780085532.2457676,6.0,1000.0,49.0,28.429136276245117,0.0,25.447017669677734,-100.0,-100.0,0.0,20.743877410888672,808.2157894133161,28.429136276245117,28.957948684692383
run_1780085037_5232a092,1780085534.2505252,6.0,1000.0,49.0,28.38104820251465,0.0,25.39692497253418,-100.0,-100.0,0.0,20.68012809753418,805.48389707346,28.38104820251465,28.957948684692383
run_1780085037_5232a092,1780085536.2401335,6.0,1000.0,49.0,28.236846923828125,0.0,25.246715545654297,-100.0,-100.0,0.0,24.45226287841797,797.3195241997018,28.236846923828125,28.957948684692383
run_1780085037_5232a092,1780085538.2422378,6.0,1000.0,49.0,28.18879508972168,0.0,25.1966609954834,-100.0,-100.0,0.0,24.0333251953125,794.6081686103171,28.18879508972168,28.957948684692383
run_1780085037_5232a092,1780085540.2407115,6.0,1000.0,49.0,28.04460334777832,0.0,25.04646110534668,-100.0,-100.0,0.0,27.37116813659668,786.499776934219,28.04460334777832,28.957948684692383
run_1780085037_5232a092,1780085542.2470276,6.0,1000.0,49.0,27.952314376831055,0.0,24.946353912353516,-100.0,-100.0,0.0,28.43543243408203,781.3318790211961,27.952314376831055,28.957948684692383
run_1780085037_5232a092,1780085544.237995,6.0,1000.0,49.0,27.86327362060547,0.0,24.84618377685547,-100.0,-100.0,0.0,29.23504638671875,776.3620168567286,27.86327362060547,28.957948684692383
run_1780085037_5232a092,1780085546.2421353,6.0,1000.0,49.0,27.774295806884766,0.0,24.746082305908203,-100.0,-100.0,0.0,29.989656448364258,771.4115075683367,27.774295806884766,28.957948684692383
run_1780085037_5232a092,1780085548.242597,6.0,1000.0,49.0,27.640771865844727,0.0,24.595869064331055,-100.0,-100.0,0.0,32.448333740234375,764.0122693396734,27.640771865844727,28.957948684692383
run_1780085037_5232a092,1780085550.2467456,6.0,1000.0,49.0,27.59628677368164,0.0,24.545822143554688,-100.0,-100.0,0.0,31.124618530273438,761.5550436952763,27.59628677368164,28.957948684692383
run_1780085037_5232a092,1780085552.2370598,6.0,1000.0,49.0,27.551774978637695,0.0,24.495746612548828,-100.0,-100.0,0.0,29.858562469482422,759.1003044734862,27.551774978637695,28.957948684692383
run_1780085037_5232a092,1780085554.2429988,6.0,1000.0,49.0,27.418319702148438,0.0,24.345609664916992,-100.0,-100.0,0.0,32.2215576171875,751.7642552892212,27.418319702148438,28.957948684692383
run_1780085037_5232a092,1780085556.2438934,6.0,1000.0,49.0,27.373836517333984,0.0,24.295564651489258,-100.0,-100.0,0.0,30.849773406982422,749.3269256777276,27.373836517333984,28.957948684692383
run_1780085037_5232a092,1780085558.251007,6.0,1000.0,49.0,27.284839630126953,0.0,24.195446014404297,-100.0,-100.0,0.0,31.347566604614258,744.4624736417463,27.284839630126953,28.957948684692383
run_1780085037_5232a092,1780085560.2429235,6.0,1000.0,49.0,27.195850372314453,0.0,24.095333099365234,-100.0,-100.0,0.0,31.761831283569336,739.6142774733162,27.195850372314453,28.957948684692383
run_1780085037_5232a092,1780085562.2428043,6.0,1000.0,49.0,27.10686492919922,0.0,23.995223999023438,-100.0,-100.0,0.0,32.172264099121094,734.7821262898506,27.10686492919922,28.957948684692383
run_1780085037_5232a092,1780085564.2517257,6.0,1000.0,49.0,27.06238555908203,0.0,23.94518280029297,-100.0,-100.0,0.0,30.80502700805664,732.3727121484117,27.06238555908203,28.957948684692383
run_1780085037_5232a092,1780085566.2402828,6.0,1000.0,49.0,26.97340202331543,0.0,23.845077514648438,-100.0,-100.0,0.0,31.306720733642578,727.5644167113969,26.97340202331543,28.957948684692383
run_1780085037_5232a092,1780085568.2403667,6.0,1000.0,49.0,26.928926467895508,0.0,23.795042037963867,-100.0,-100.0,0.0,30.021900177001953,725.1670807133232,26.928926467895508,28.957948684692383
run_1780085037_5232a092,1780085570.2458837,6.0,1000.0,49.0,26.884422302246094,0.0,23.74497413635254,-100.0,-100.0,0.0,28.826946258544922,722.7721625255072,26.884422302246094,28.957948684692383
run_1780085037_5232a092,1780085572.250962,6.0,1000.0,49.0,26.839948654174805,0.0,23.694942474365234,-100.0,-100.0,0.0,27.77860450744629,720.3828437587399,26.839948654174805,28.957948684692383
run_1780085037_5232a092,1780085574.2416477,6.0,1000.0,49.0,26.70649528503418,0.0,23.54480743408203,-100.0,-100.0,0.0,30.339876174926758,713.2368904095529,26.70649528503418,28.957948684692383
run_1780085037_5232a092,1780085576.2506392,6.0,1000.0,49.0,26.70649528503418,0.0,23.54480743408203,-100.0,-100.0,0.0,27.445775985717773,713.2368904095529,26.70649528503418,28.957948684692383
run_1780085037_5232a092,1780085578.2483459,6.0,1000.0,49.0,26.617523193359375,0.0,23.444713592529297,-100.0,-100.0,0.0,28.267383575439453,708.4925409490243,26.617523193359375,28.957948684692383
run_1780085037_5232a092,1780085580.2371395,6.0,1000.0,49.0,26.57305145263672,0.0,23.394681930541992,-100.0,-100.0,0.0,27.306800842285156,706.1270635044784,26.57305145263672,28.957948684692383
run_1780085037_5232a092,1780085582.2405033,6.0,1000.0,49.0,26.528583526611328,0.0,23.344655990600586,-100.0,-100.0,0.0,26.369476318359375,703.7657439283939,26.528583526611328,28.957948684692383
run_1780085037_5232a092,1780085584.2473283,6.0,1000.0,49.0,26.48408317565918,0.0,23.294593811035156,-100.0,-100.0,0.0,25.59105110168457,701.4066616552336,26.48408317565918,28.957948684692383
run_1780085037_5232a092,1780085586.2392256,6.0,1000.0,49.0,26.395118713378906,0.0,23.194509506225586,-100.0,-100.0,0.0,26.58928680419922,696.7022918933653,26.395118713378906,28.957948684692383
run_1780085037_5232a092,1780085588.2390265,6.0,1000.0,49.0,26.350648880004883,0.0,23.144479751586914,-100.0,-100.0,0.0,25.788698196411133,694.3566963973026,26.350648880004883,28.957948684692383
run_1780085037_5232a092,1780085590.2442122,6.0,1000.0,49.0,26.306182861328125,0.0,23.09445571899414,-100.0,-100.0,0.0,25.099485397338867,692.0152567336336,26.306182861328125,28.957948684692383
run_1780085037_5232a092,1780085592.2483685,6.0,1000.0,49.0,26.261714935302734,0.0,23.044429779052734,-100.0,-100.0,0.0,24.440935134887695,689.6776713431027,26.261714935302734,28.957948684692383
run_1780085037_5232a092,1780085594.241729,6.0,1000.0,49.0,26.21722412109375,0.0,22.99437713623047,-100.0,-100.0,0.0,23.777835845947266,687.34284061566,26.21722412109375,28.957948684692383
run_1780085037_5232a092,1780085596.239715,6.0,1000.0,49.0,26.1727294921875,0.0,22.944320678710938,-100.0,-100.0,0.0,23.24640464782715,685.0117690712214,26.1727294921875,28.957948684692383
run_1780085037_5232a092,1780085598.2483723,6.0,1000.0,49.0,26.083799362182617,0.0,22.844274520874023,-100.0,-100.0,0.0,24.46706771850586,680.3645891665983,26.083799362182617,28.957948684692383
run_1780085037_5232a092,1780085600.2373059,6.0,1000.0,49.0,26.083799362182617,0.0,22.844274520874023,-100.0,-100.0,0.0,22.133169174194336,680.3645891665983,26.083799362182617,28.957948684692383
run_1780085037_5232a092,1780085602.2405105,6.0,1000.0,49.0,25.994848251342773,0.0,22.744203567504883,-100.0,-100.0,0.0,23.46080207824707,675.7321356103384,25.994848251342773,28.957948684692383
run_1780085037_5232a092,1780085604.2477179,6.0,1000.0,49.0,25.994848251342773,0.0,22.744203567504883,-100.0,-100.0,0.0,21.22289276123047,675.7321356103384,25.994848251342773,28.957948684692383
run_1780085037_5232a092,1780085606.2523413,6.0,1000.0,49.0,25.905921936035156,0.0,22.644163131713867,-100.0,-100.0,0.0,22.672134399414062,671.1167913559475,25.905921936035156,28.957948684692383
run_1780085037_5232a092,1780085608.2417548,6.0,1000.0,49.0,25.905921936035156,0.0,22.644163131713867,-100.0,-100.0,0.0,20.509450912475586,671.1167913559475,25.905921936035156,28.957948684692383
run_1780085037_5232a092,1780085610.2385714,6.0,1000.0,49.0,25.861433029174805,0.0,22.594112396240234,-100.0,-100.0,0.0,20.221303939819336,668.8137183224935,25.861433029174805,28.957948684692383
run_1780085037_5232a092,1780085612.2435696,6.0,1000.0,49.0,25.81697654724121,0.0,22.544097900390625,-100.0,-100.0,0.0,20.027633666992188,666.5162780408027,25.81697654724121,28.957948684692383
run_1780085037_5232a092,1780085614.2439895,6.0,1000.0,49.0,25.77248764038086,0.0,22.494049072265625,-100.0,-100.0,0.0,19.78544807434082,664.2211191735842,25.77248764038086,28.957948684692383
run_1780085037_5232a092,1780085616.2440724,6.0,1000.0,49.0,25.728031158447266,0.0,22.444034576416016,-100.0,-100.0,0.0,19.633358001708984,661.9315872900333,25.728031158447266,28.957948684692383
run_1780085037_5232a092,1780085618.2522845,6.0,1000.0,49.0,25.683574676513672,0.0,22.39402198791504,-100.0,-100.0,0.0,19.566774368286133,659.6460081640544,25.683574676513672,28.957948684692383
run_1780085037_5232a092,1780085620.238233,6.0,1000.0,49.0,25.683574676513672,0.0,22.39402198791504,-100.0,-100.0,0.0,17.7003116607666,659.6460081640544,25.683574676513672,28.957948684692383
run_1780085037_5232a092,1780085622.242902,6.0,1000.0,49.0,25.59463119506836,0.0,22.293960571289062,-100.0,-100.0,0.0,19.486278533935547,655.0851460115664,25.59463119506836,28.957948684692383
run_1780085037_5232a092,1780085624.2512338,6.0,1000.0,49.0,25.59463119506836,0.0,22.293960571289062,-100.0,-100.0,0.0,17.627498626708984,655.0851460115664,25.59463119506836,28.957948684692383
run_1780085037_5232a092,1780085626.2445276,6.0,1000.0,49.0,25.55017852783203,0.0,22.24394989013672,-100.0,-100.0,0.0,17.612903594970703,652.811622804089,25.55017852783203,28.957948684692383
run_1780085037_5232a092,1780085628.2478766,6.0,1000.0,49.0,25.505664825439453,0.0,22.193872451782227,-100.0,-100.0,0.0,17.6702880859375,650.5389381876594,25.505664825439453,28.957948684692383
run_1780085037_5232a092,1780085630.2383885,6.0,1000.0,49.0,25.461238861083984,0.0,22.143892288208008,-100.0,-100.0,0.0,17.65060806274414,648.2746843411733,25.461238861083984,28.957948684692383
run_1780085037_5232a092,1780085632.2450414,6.0,1000.0,49.0,25.416786193847656,0.0,22.093883514404297,-100.0,-100.0,0.0,17.702007293701172,646.0130204237648,25.416786193847656,28.957948684692383
run_1780085037_5232a092,1780085634.2452836,6.0,1000.0,49.0,25.32785415649414,0.0,21.99383544921875,-100.0,-100.0,0.0,19.521146774291992,641.5001961726375,25.32785415649414,28.957948684692383
run_1780085037_5232a092,1780085636.239167,6.0,1000.0,49.0,25.32785415649414,0.0,21.99383544921875,-100.0,-100.0,0.0,17.65903663635254,641.5001961726375,25.32785415649414,28.957948684692383
run_1780085037_5232a092,1780085638.2429132,6.0,1000.0,49.0,25.238922119140625,0.0,21.893787384033203,-100.0,-100.0,0.0,19.482276916503906,637.0031897360459,25.238922119140625,28.957948684692383
run_1780085037_5232a092,1780085640.246016,6.0,1000.0,49.0,25.194469451904297,0.0,21.843778610229492,-100.0,-100.0,0.0,19.35895538330078,634.7612909629388,25.194469451904297,28.957948684692383
run_1780085037_5232a092,1780085642.2380598,6.0,1000.0,49.0,25.105575561523438,0.0,21.743772506713867,-100.0,-100.0,0.0,21.018569946289062,630.2899242753629,25.105575561523438,28.957948684692383
run_1780085037_5232a092,1780085644.2387085,6.0,1000.0,49.0,25.061067581176758,0.0,21.693700790405273,-100.0,-100.0,0.0,20.7508602142334,628.0571083083087,25.061067581176758,28.957948684692383
run_1780085037_5232a092,1780085646.2427497,6.0,1000.0,49.0,24.972171783447266,0.0,21.59369468688965,-100.0,-100.0,0.0,22.277721405029297,623.6093635819998,24.972171783447266,28.957948684692383
run_1780085037_5232a092,1780085648.2412536,6.0,1000.0,49.0,24.927698135375977,0.0,21.54366111755371,-100.0,-100.0,0.0,21.88856315612793,621.3901343284269,24.927698135375977,28.957948684692383
run_1780085037_5232a092,1780085650.2475162,6.0,1000.0,49.0,24.838809967041016,0.0,21.443660736083984,-100.0,-100.0,0.0,23.30665397644043,616.9664805787761,24.838809967041016,28.957948684692383
run_1780085037_5232a092,1780085652.248972,6.0,1000.0,49.0,24.749921798706055,0.0,21.34366226196289,-100.0,-100.0,0.0,24.552940368652344,612.5586290420651,24.749921798706055,28.957948684692383
run_1780085037_5232a092,1780085654.238965,6.0,1000.0,49.0,24.661008834838867,0.0,21.243635177612305,-100.0,-100.0,0.0,25.71782112121582,608.1653567520007,24.661008834838867,28.957948684692383
run_1780085037_5232a092,1780085656.245555,6.0,1000.0,49.0,24.616539001464844,0.0,21.193607330322266,-100.0,-100.0,0.0,25.0003604888916,605.9739924106398,24.616539001464844,28.957948684692383
run_1780085037_5232a092,1780085658.250834,6.0,1000.0,49.0,24.483177185058594,0.0,21.0435733795166,-100.0,-100.0,0.0,27.823129653930664,599.4259650749736,24.483177185058594,28.957948684692383
run_1780085037_5232a092,1780085660.239695,6.0,1000.0,49.0,24.394285202026367,0.0,20.943571090698242,-100.0,-100.0,0.0,28.709007263183594,595.0811505178026,24.394285202026367,28.957948684692383
run_1780085037_5232a092,1780085662.2466307,6.0,1000.0,49.0,24.305397033691406,0.0,20.843570709228516,-100.0,-100.0,0.0,29.476484298706055,590.752324965375,24.305397033691406,28.957948684692383
run_1780085037_5232a092,1780085664.2516103,6.0,1000.0,49.0,24.216514587402344,0.0,20.74357795715332,-100.0,-100.0,0.0,30.204265594482422,586.4395787618705,24.216514587402344,28.957948684692383
run_1780085037_5232a092,1780085666.2447493,6.0,1000.0,49.0,24.083168029785156,0.0,20.593564987182617,-100.0,-100.0,0.0,32.63539123535156,579.9989823508658,24.083168029785156,28.957948684692383
run_1780085037_5232a092,1780085668.2509606,6.0,1000.0,49.0,24.038734436035156,0.0,20.543577194213867,-100.0,-100.0,0.0,31.29178237915039,577.8607532862225,24.038734436035156,28.957948684692383
run_1780085037_5232a092,1780085670.2511818,6.0,1000.0,49.0,23.905399322509766,0.0,20.393573760986328,-100.0,-100.0,0.0,33.51336669921875,571.4681167686504,23.905399322509766,28.957948684692383
run_1780085037_5232a092,1780085672.2420325,6.0,1000.0,49.0,23.816524505615234,0.0,20.293590545654297,-100.0,-100.0,0.0,33.85578155517578,567.226839526571,23.816524505615234,28.957948684692383
run_1780085037_5232a092,1780085674.247986,6.0,1000.0,49.0,23.683202743530273,0.0,20.14360237121582,-100.0,-100.0,0.0,35.83226013183594,560.8940921911599,23.683202743530273,28.957948684692383
run_1780085037_5232a092,1780085676.2408895,6.0,1000.0,49.0,23.59433364868164,0.0,20.043624877929688,-100.0,-100.0,0.0,35.953243255615234,556.6925803253107,23.59433364868164,28.957948684692383
run_1780085037_5232a092,1780085678.241031,6.0,1000.0,49.0,23.46104621887207,0.0,19.8936767578125,-100.0,-100.0,0.0,37.83367156982422,550.4206896840515,23.46104621887207,28.957948684692383
run_1780085037_5232a092,1780085680.2409506,6.0,1000.0,49.0,23.416608810424805,0.0,19.843685150146484,-100.0,-100.0,0.0,35.99435043334961,548.3375681804646,23.416608810424805,28.957948684692383
run_1780085037_5232a092,1780085682.2526953,6.0,1000.0,49.0,23.327735900878906,0.0,19.743703842163086,-100.0,-100.0,0.0,35.9609260559082,544.1832622611546,23.327735900878906,28.957948684692383
run_1780085037_5232a092,1780085684.2516325,6.0,1000.0,49.0,23.194446563720703,0.0,19.593751907348633,-100.0,-100.0,0.0,37.838565826416016,537.9823513972951,23.194446563720703,28.957948684692383
run_1780085037_5232a092,1780085686.24197,6.0,1000.0,49.0,23.10558319091797,0.0,19.4937801361084,-100.0,-100.0,0.0,37.628849029541016,533.867974592431,23.10558319091797,28.957948684692383
run_1780085037_5232a092,1780085688.2494895,6.0,1000.0,49.0,22.97231674194336,0.0,19.343856811523438,-100.0,-100.0,0.0,39.139915466308594,527.7273364921712,22.97231674194336,28.957948684692383
run_1780085037_5232a092,1780085690.2495716,6.0,1000.0,49.0,22.883472442626953,0.0,19.243906021118164,-100.0,-100.0,0.0,38.80532455444336,523.6533110324672,22.883472442626953,28.957948684692383
run_1780085037_5232a092,1780085692.2379076,6.0,1000.0,49.0,22.705760955810547,0.0,19.043981552124023,-100.0,-100.0,0.0,40.0,515.5515805824107,22.705760955810547,28.957948684692383
run_1780085037_5232a092,1780085694.245243,6.0,1000.0,49.0,22.61692237854004,0.0,18.94403839111328,-100.0,-100.0,0.0,40.0,511.5251778769052,22.61692237854004,28.957948684692383
run_1780085037_5232a092,1780085696.2494955,6.0,1000.0,49.0,22.439247131347656,0.0,18.744152069091797,-100.0,-100.0,0.0,40.0,503.519811821694,22.439247131347656,28.957948684692383
run_1780085037_5232a092,1780085698.2401488,6.0,1000.0,49.0,22.350419998168945,0.0,18.644222259521484,-100.0,-100.0,0.0,40.0,499.5412740945503,22.350419998168945,28.957948684692383
run_1780085037_5232a092,1780085700.251691,6.0,1000.0,49.0,22.217159271240234,0.0,18.49430274963379,-100.0,-100.0,0.0,40.0,493.6021660836559,22.217159271240234,28.957948684692383
run_1780085037_5232a092,1780085702.2426395,6.0,1000.0,49.0,22.083904266357422,0.0,18.344392776489258,-100.0,-100.0,0.0,40.0,487.69882764563954,22.083904266357422,28.957948684692383
run_1780085037_5232a092,1780085704.2475603,6.0,1000.0,49.0,21.950687408447266,0.0,18.194522857666016,-100.0,-100.0,0.0,40.0,481.83267770336533,21.950687408447266,28.957948684692383
run_1780085037_5232a092,1780085706.2478518,6.0,1000.0,49.0,21.817445755004883,0.0,18.044626235961914,-100.0,-100.0,0.0,40.0,476.0009392725806,21.817445755004883,28.957948684692383
run_1780085037_5232a092,1780085708.2501721,6.0,1000.0,49.0,21.684242248535156,0.0,17.894771575927734,-100.0,-100.0,0.0,40.0,470.206361893157,21.684242248535156,28.957948684692383
run_1780085037_5232a092,1780085710.236942,6.0,1000.0,49.0,21.551025390625,0.0,17.744903564453125,-100.0,-100.0,0.0,40.0,464.44669538736343,21.551025390625,28.957948684692383
run_1780085037_5232a092,1780085712.2405388,6.0,1000.0,49.0,21.373382568359375,0.0,17.545055389404297,-100.0,-100.0,0.0,40.0,456.8214824134484,21.373382568359375,28.957948684692383
run_1780085037_5232a092,1780085714.2499104,6.0,1000.0,49.0,21.284587860107422,0.0,17.445159912109375,-100.0,-100.0,0.0,40.0,453.03368037463224,21.284587860107422,28.957948684692383
run_1780085037_5232a092,1780085716.242226,6.0,1000.0,49.0,21.107013702392578,0.0,17.245391845703125,-100.0,-100.0,0.0,40.0,445.50602743298805,21.107013702392578,28.957948684692383
run_1780085037_5232a092,1780085718.2451768,6.0,1000.0,49.0,21.018199920654297,0.0,17.145475387573242,-100.0,-100.0,0.0,40.0,441.7647279045923,21.018199920654297,28.957948684692383
run_1780085037_5232a092,1780085720.2365663,6.0,1000.0,49.0,20.840633392333984,0.0,16.945711135864258,-100.0,-100.0,0.0,40.0,434.3320001936663,20.840633392333984,28.957948684692383
run_1780085037_5232a092,1780085722.2511103,6.0,1000.0,49.0,20.751853942871094,0.0,16.845834732055664,-100.0,-100.0,0.0,40.0,430.63944206625456,20.751853942871094,28.957948684692383
run_1780085037_5232a092,1780085724.2463262,6.0,1000.0,49.0,20.57428741455078,0.0,16.646072387695312,-100.0,-100.0,0.0,40.0,423.30130261654267,20.57428741455078,28.957948684692383
run_1780085037_5232a092,1780085726.248461,6.0,1000.0,49.0,20.48548698425293,0.0,16.546173095703125,-100.0,-100.0,0.0,40.0,419.6551769819962,20.48548698425293,28.957948684692383
run_1780085037_5232a092,1780085728.2461398,6.0,1000.0,49.0,20.307950973510742,0.0,16.346445083618164,-100.0,-100.0,0.0,40.0,412.4128727425159,20.307950973510742,28.957948684692383
run_1780085037_5232a092,1780085730.248518,6.0,1000.0,49.0,20.17481231689453,0.0,16.196664810180664,-100.0,-100.0,0.0,40.0,407.0230520219193,20.17481231689453,28.957948684692383
run_1780085037_5232a092,1780085732.2481892,6.0,1000.0,49.0,19.99725341796875,0.0,15.996910095214844,-100.0,-100.0,0.0,40.0,399.89014426246285,19.99725341796875,28.957948684692383
run_1780085037_5232a092,1780085734.2487695,6.0,1000.0,49.0,19.952898025512695,0.0,15.947010040283203,-100.0,-100.0,0.0,40.0,398.1181396165084,19.952898025512695,28.957948684692383
run_1780085037_5232a092,1780085736.2503464,6.0,1000.0,49.0,19.686634063720703,0.0,15.647462844848633,-100.0,-100.0,0.0,40.0,387.5635607588483,19.686634063720703,28.957948684692383
run_1780085037_5232a092,1780085738.2390718,6.0,1000.0,49.0,19.64223861694336,0.0,15.597518920898438,-100.0,-100.0,0.0,40.0,385.817537884941,19.64223861694336,28.957948684692383
run_1780085037_5232a092,1780085740.2451909,6.0,1000.0,49.0,19.420364379882812,0.0,15.347909927368164,-100.0,-100.0,0.0,40.0,377.15055264742114,19.420364379882812,28.957948684692383
run_1780085037_5232a092,1780085742.2518387,6.0,1000.0,49.0,19.331626892089844,0.0,15.24808120727539,-100.0,-100.0,0.0,40.0,373.71179829497123,19.331626892089844,28.957948684692383
run_1780085037_5232a092,1780085744.2445858,6.0,1000.0,49.0,19.10977554321289,0.0,14.998497009277344,-100.0,-100.0,0.0,40.0,365.18352131197753,19.10977554321289,28.957948684692383
run_1780085037_5232a092,1780085746.2458496,6.0,1000.0,49.0,19.02104949951172,0.0,14.898679733276367,-100.0,-100.0,0.0,40.0,361.800324062875,19.02104949951172,28.957948684692383
run_1780085037_5232a092,1780085748.238767,6.0,1000.0,49.0,18.843589782714844,0.0,14.699037551879883,-100.0,-100.0,0.0,40.0,355.08087589923525,18.843589782714844,28.957948684692383
run_1780085037_5232a092,1780085750.250268,6.0,1000.0,49.0,18.754871368408203,0.0,14.599228858947754,-100.0,-100.0,0.0,40.0,351.7452000455378,18.754871368408203,28.957948684692383
run_1780085037_5232a092,1780085752.2416353,6.0,1000.0,49.0,18.533061981201172,0.0,14.349695205688477,-100.0,-100.0,0.0,40.0,343.4743863990443,18.533061981201172,28.957948684692383
run_1780085037_5232a092,1780085754.2462752,6.0,1000.0,49.0,18.444351196289062,0.0,14.249896049499512,-100.0,-100.0,0.0,40.0,340.19409105204977,18.444351196289062,28.957948684692383
run_1780085037_5232a092,1780085756.2513492,6.0,1000.0,49.0,18.22256851196289,0.0,14.000389099121094,-100.0,-100.0,0.0,40.0,332.06200317318144,18.22256851196289,28.957948684692383
run_1780085037_5232a092,1780085758.2443404,6.0,1000.0,49.0,18.133853912353516,0.0,13.900585174560547,-100.0,-100.0,0.0,40.0,328.8366577145789,18.133853912353516,28.957948684692383
run_1780085037_5232a092,1780085760.2437482,6.0,1000.0,49.0,17.91212272644043,0.0,13.651138305664062,-100.0,-100.0,0.0,40.0,320.84414056706373,17.91212272644043,28.957948684692383
run_1780085037_5232a092,1780085762.2521546,6.0,1000.0,49.0,17.82343292236328,0.0,13.551361083984375,-100.0,-100.0,0.0,40.0,317.6747611379833,17.82343292236328,28.957948684692383
run_1780085037_5232a092,1780085764.237256,6.0,1000.0,49.0,17.601665496826172,0.0,13.301875114440918,-100.0,-100.0,0.0,40.0,309.8186282621609,17.601665496826172,28.957948684692383
run_1780085037_5232a092,1780085766.2531207,6.0,1000.0,49.0,17.512983322143555,0.0,13.202106475830078,-100.0,-100.0,0.0,40.0,306.7045848416783,17.512983322143555,28.957948684692383
run_1780085037_5232a092,1780085768.2428987,6.0,1000.0,49.0,17.29129981994629,0.0,12.952713012695312,-100.0,-100.0,0.0,40.0,298.98904946327457,17.29129981994629,28.957948684692383
run_1780085037_5232a092,1780085770.2455359,6.0,1000.0,49.0,17.202613830566406,0.0,12.852941513061523,-100.0,-100.0,0.0,40.0,295.9299226035946,17.202613830566406,28.957948684692383
run_1780085037_5232a092,1780085772.242325,6.0,1000.0,49.0,17.025249481201172,0.0,12.653407096862793,-100.0,-100.0,0.0,40.0,289.8591198971408,17.025249481201172,28.957948684692383
run_1780085037_5232a092,1780085774.25387,6.0,1000.0,49.0,16.892263412475586,0.0,12.503795623779297,-100.0,-100.0,0.0,40.0,285.3485631964613,16.892263412475586,28.957948684692383
run_1780085037_5232a092,1780085776.2438428,6.0,1000.0,49.0,16.71493148803711,0.0,12.304298400878906,-100.0,-100.0,0.0,40.0,279.38893464977446,16.71493148803711,28.957948684692383
run_1780085037_5232a092,1780085778.2487495,6.0,1000.0,49.0,16.58194351196289,0.0,12.154685974121094,-100.0,-100.0,0.0,40.0,274.9608506339282,16.58194351196289,28.957948684692383
run_1780085037_5232a092,1780085780.2396002,6.0,1000.0,49.0,16.40460205078125,0.0,11.955178260803223,-100.0,-100.0,0.0,40.0,269.1109684444964,16.40460205078125,28.957948684692383
run_1780085037_5232a092,1780085782.2456515,6.0,1000.0,49.0,16.271644592285156,0.0,11.8056001663208,-100.0,-100.0,0.0,40.0,264.76641773764277,16.271644592285156,28.957948684692383
run_1780085037_5232a092,1780085784.246309,6.0,1000.0,49.0,16.094364166259766,0.0,11.606159210205078,-100.0,-100.0,0.0,40.0,259.0285579161864,16.094364166259766,28.957948684692383
run_1780085037_5232a092,1780085786.2501,6.0,1000.0,49.0,15.96139144897461,0.0,11.456564903259277,-100.0,-100.0,0.0,40.0,254.76601698739978,15.96139144897461,28.957948684692383
run_1780085037_5232a092,1780085788.2407804,6.0,1000.0,49.0,15.784130096435547,0.0,11.257145881652832,-100.0,-100.0,0.0,40.0,249.13876290120243,15.784130096435547,28.957948684692383
run_1780085037_5232a092,1780085790.2483902,6.0,1000.0,49.0,15.651168823242188,0.0,11.107565879821777,-100.0,-100.0,0.0,40.0,244.95908553362824,15.651168823242188,28.957948684692383
run_1780085037_5232a092,1780085792.2406533,6.0,1000.0,49.0,15.473915100097656,0.0,10.908154487609863,-100.0,-100.0,0.0,40.0,239.44204852503026,15.473915100097656,28.957948684692383
run_1780085037_5232a092,1780085794.242052,6.0,1000.0,49.0,15.385299682617188,0.0,10.80846118927002,-100.0,-100.0,0.0,40.0,236.70744632394053,15.385299682617188,28.957948684692383
run_1780085037_5232a092,1780085796.2469757,6.0,1000.0,49.0,15.163745880126953,0.0,10.55921459197998,-100.0,-100.0,0.0,40.0,229.93918911706714,15.163745880126953,28.957948684692383
run_1780085037_5232a092,1780085798.2481327,6.0,1000.0,49.0,15.075139045715332,0.0,10.459531784057617,-100.0,-100.0,0.0,40.0,227.25981724765097,15.075139045715332,28.957948684692383
run_1780085037_5232a092,1780085800.237494,6.0,1000.0,49.0,14.853639602661133,0.0,10.210344314575195,-100.0,-100.0,0.0,40.0,220.63060944574318,14.853639602661133,28.957948684692383
run_1780085037_5232a092,1780085802.2480555,6.0,1000.0,49.0,14.764999389648438,0.0,10.110624313354492,-100.0,-100.0,0.0,40.0,218.00520697631873,14.764999389648438,28.957948684692383
run_1780085037_5232a092,1780085804.2425537,6.0,1000.0,49.0,14.587810516357422,0.0,9.911287307739258,-100.0,-100.0,0.0,40.0,212.8042156611482,14.587810516357422,28.957948684692383
run_1780085037_5232a092,1780085806.246488,6.0,1000.0,49.0,14.454906463623047,0.0,9.761770248413086,-100.0,-100.0,0.0,40.0,208.94432087209134,14.454906463623047,28.957948684692383
run_1780085037_5232a092,1780085808.238166,6.0,1000.0,49.0,14.277765274047852,0.0,9.56248664855957,-100.0,-100.0,0.0,40.0,203.85458122080672,14.277765274047852,28.957948684692383
run_1780085037_5232a092,1780085810.2438529,6.0,1000.0,49.0,14.14484691619873,0.0,9.412952423095703,-100.0,-100.0,0.0,40.0,200.07669428269674,14.14484691619873,28.957948684692383
run_1780085037_5232a092,1780085812.2491887,6.0,1000.0,49.0,13.967681884765625,0.0,9.213642120361328,-100.0,-100.0,0.0,40.0,195.0961372340098,13.967681884765625,28.957948684692383
run_1780085037_5232a092,1780085814.250911,6.0,1000.0,49.0,13.879110336303711,0.0,9.113999366760254,-100.0,-100.0,0.0,40.0,192.6297037272925,13.879110336303711,28.957948684692383
run_1780085037_5232a092,1780085816.240583,6.0,1000.0,49.0,13.657672882080078,0.0,8.864882469177246,-100.0,-100.0,0.0,40.0,186.53202855390555,13.657672882080078,28.957948684692383
run_1780085037_5232a092,1780085818.2477002,6.0,1000.0,49.0,13.524840354919434,0.0,8.715445518493652,-100.0,-100.0,0.0,40.0,182.92130662605723,13.524840354919434,28.957948684692383
run_1780085037_5232a092,1780085820.2521722,6.0,1000.0,49.0,13.436283111572266,0.0,8.61581802368164,-100.0,-100.0,0.0,40.0,180.53370385432208,13.436283111572266,28.957948684692383
run_1780085037_5232a092,1780085822.2380226,6.0,1000.0,49.0,13.21487808227539,0.0,8.366738319396973,-100.0,-100.0,0.0,40.0,174.6330027294025,13.21487808227539,28.957948684692383
run_1780085037_5232a092,1780085824.2407854,6.0,1000.0,49.0,13.17058277130127,0.0,8.316905975341797,-100.0,-100.0,0.0,40.0,173.46425053569783,13.17058277130127,28.957948684692383
run_1780085037_5232a092,1780085826.2391865,6.0,1000.0,49.0,12.904950141906738,0.0,8.01806926727295,-100.0,-100.0,0.0,40.0,166.53773816509874,12.904950141906738,28.957948684692383
run_1780085037_5232a092,1780085828.2396493,6.0,1000.0,49.0,12.816398620605469,0.0,7.918447971343994,-100.0,-100.0,0.0,40.0,164.26007360225776,12.816398620605469,28.957948684692383
run_1780085037_5232a092,1780085830.2494917,6.0,1000.0,49.0,12.639328002929688,0.0,7.719244480133057,-100.0,-100.0,0.0,40.0,159.75261236564256,12.639328002929688,28.957948684692383
run_1780085037_5232a092,1780085832.2458174,6.0,1000.0,49.0,12.506511688232422,0.0,7.569826126098633,-100.0,-100.0,0.0,40.0,156.41283460789418,12.506511688232422,28.957948684692383
run_1780085037_5232a092,1780085834.2490602,6.0,1000.0,49.0,12.373730659484863,0.0,7.420446872711182,-100.0,-100.0,0.0,40.0,153.1092104334757,12.373730659484863,28.957948684692383
run_1780085037_5232a092,1780085836.2529778,6.0,1000.0,49.0,12.240926742553711,0.0,7.271042346954346,-100.0,-100.0,0.0,40.0,149.8402875165666,12.240926742553711,28.957948684692383
run_1780085037_5232a092,1780085838.2428997,6.0,1000.0,49.0,12.10812759399414,0.0,7.121643543243408,-100.0,-100.0,0.0,40.0,146.60675383244234,12.10812759399414,28.957948684692383
run_1780085037_5232a092,1780085840.241663,6.0,1000.0,49.0,11.975364685058594,0.0,6.972285270690918,-100.0,-100.0,0.0,40.0,143.4093593401485,11.975364685058594,28.957948684692383
run_1780085037_5232a092,1780085842.2440817,6.0,1000.0,49.0,11.754071235656738,0.0,6.723330497741699,-100.0,-100.0,0.0,40.0,138.15819061289312,11.754071235656738,28.957948684692383
run_1780085037_5232a092,1780085844.2449782,6.0,1000.0,49.0,11.665567398071289,0.0,6.623763084411621,-100.0,-100.0,0.0,40.0,136.08546271894375,11.665567398071289,28.957948684692383
run_1780085037_5232a092,1780085846.2475078,6.0,1000.0,49.0,11.444299697875977,0.0,6.374836444854736,-100.0,-100.0,0.0,40.0,130.97199557480417,11.444299697875977,28.957948684692383
run_1780085037_5232a092,1780085848.252653,6.0,1000.0,49.0,11.400043487548828,0.0,6.325048923492432,-100.0,-100.0,0.0,40.0,129.96099151800445,11.400043487548828,28.957948684692383
run_1780085037_5232a092,1780085850.251824,6.0,1000.0,49.0,11.17880916595459,0.0,6.076160430908203,-100.0,-100.0,0.0,40.0,124.96577436883035,11.17880916595459,28.957948684692383
run_1780085037_5232a092,1780085852.2507951,6.0,1000.0,49.0,11.090322494506836,0.0,5.976613521575928,-100.0,-100.0,0.0,40.0,122.99525303216433,11.090322494506836,28.957948684692383
run_1780085037_5232a092,1780085854.2471337,6.0,1000.0,49.0,10.913329124450684,0.0,5.77749490737915,-100.0,-100.0,0.0,40.0,119.10075257858352,10.913329124450684,28.957948684692383
run_1780085037_5232a092,1780085856.2433107,6.0,1000.0,49.0,10.780590057373047,0.0,5.628164291381836,-100.0,-100.0,0.0,40.0,116.2211219851306,10.780590057373047,28.957948684692383
run_1780085037_5232a092,1780085858.2498355,6.0,1000.0,49.0,10.603660583496094,0.0,5.429118633270264,-100.0,-100.0,0.0,40.0,112.43761776998872,10.603660583496094,28.957948684692383
run_1780085037_5232a092,1780085860.2387934,6.0,1000.0,49.0,10.470951080322266,0.0,5.279819488525391,-100.0,-100.0,0.0,40.0,109.64081652650202,10.470951080322266,28.957948684692383
run_1780085037_5232a092,1780085862.2456002,6.0,1000.0,49.0,10.249772071838379,0.0,5.030993461608887,-100.0,-100.0,0.0,40.0,105.05782752463801,10.249772071838379,28.957948684692383
run_1780085037_5232a092,1780085864.2467453,6.0,1000.0,49.0,10.161300659179688,0.0,4.931462287902832,-100.0,-100.0,0.0,40.0,103.25203108624555,10.161300659179688,28.957948684692383
run_1780085037_5232a092,1780085866.249472,6.0,1000.0,49.0,10.028596878051758,0.0,4.782171249389648,-100.0,-100.0,0.0,40.0,100.57275534246946,10.028596878051758,28.957948684692383
run_1780085037_5232a092,1780085868.239859,6.0,1000.0,49.0,9.895941734313965,0.0,4.6329345703125,-100.0,-100.0,0.0,40.0,97.92966280893688,9.895941734313965,28.957948684692383
run_1780085037_5232a092,1780085870.2384055,6.0,1000.0,49.0,9.763250350952148,0.0,4.483656883239746,-100.0,-100.0,0.0,40.0,95.32105741536725,9.763250350952148,28.957948684692383
run_1780085037_5232a092,1780085872.242385,6.0,1000.0,49.0,9.586321830749512,0.0,4.28461217880249,-100.0,-100.0,0.0,40.0,91.89756624270467,9.586321830749512,28.957948684692383
run_1780085037_5232a092,1780085874.2529435,6.0,1000.0,49.0,9.409448623657227,0.0,4.085629940032959,-100.0,-100.0,0.0,40.0,88.53772340124488,9.409448623657227,28.957948684692383
run_1780085037_5232a092,1780085876.2471085,6.0,1000.0,49.0,9.32103157043457,0.0,3.9861607551574707,-100.0,-100.0,0.0,40.0,86.88162953703795,9.32103157043457,28.957948684692383
run_1780085037_5232a092,1780085878.2468145,6.0,1000.0,49.0,9.144145965576172,0.0,3.787163496017456,-100.0,-100.0,0.0,40.0,83.61540543976298,9.144145965576172,28.957948684692383
run_1780085037_5232a092,1780085880.253746,6.0,1000.0,49.0,9.055721282958984,0.0,3.68768572807312,-100.0,-100.0,0.0,40.0,82.00608795463631,9.055721282958984,28.957948684692383
run_1780085037_5232a092,1780085882.248822,6.0,1000.0,49.0,8.923067092895508,0.0,3.538450241088867,-100.0,-100.0,0.0,40.0,79.62112634431469,8.923067092895508,28.957948684692383
run_1780085037_5232a092,1780085884.2408059,6.0,1000.0,49.0,8.74625015258789,0.0,3.339531183242798,-100.0,-100.0,0.0,40.0,76.4968917316437,8.74625015258789,28.957948684692383
run_1780085037_5232a092,1780085886.2470582,6.0,1000.0,49.0,8.61362361907959,0.0,3.190326690673828,-100.0,-100.0,0.0,40.0,74.19451185116577,8.61362361907959,28.957948684692383
run_1780085037_5232a092,1780085888.2480927,6.0,1000.0,49.0,8.48099136352539,0.0,3.0411148071289062,-100.0,-100.0,0.0,40.0,71.92721450819226,8.48099136352539,28.957948684692383
run_1780085037_5232a092,1780085890.2523496,6.0,1000.0,49.0,8.304170608520508,0.0,2.842191696166992,-98.40284729003906,-100.0,0.0,40.0,68.95924949541586,8.304170608520508,28.957948684692383
run_1780085037_5232a092,1780085892.2433891,6.0,1000.0,49.0,8.25996208190918,0.0,2.7924578189849854,-97.6660385131836,-100.0,0.0,40.0,68.22697359457743,8.25996208190918,28.957948684692383
run_1780085037_5232a092,1780085894.252438,6.0,1000.0,49.0,8.083155632019043,0.0,2.59355092048645,-94.71926879882812,-100.0,0.0,40.0,65.33740497144117,8.083155632019043,28.957948684692383
run_1780085037_5232a092,1780085896.2435398,6.0,1000.0,49.0,7.994763374328613,0.0,2.4941089153289795,-93.24606323242188,-100.0,0.0,40.0,63.916241411506235,7.994763374328613,28.957948684692383
run_1780085037_5232a092,1780085898.2507734,6.0,1000.0,49.0,7.817986488342285,0.0,2.2952349185943604,-90.2997817993164,-100.0,0.0,40.0,61.120912731902536,7.817986488342285,28.957948684692383
run_1780085037_5232a092,1780085900.2410092,6.0,1000.0,49.0,7.685389041900635,0.0,2.1460623741149902,-88.0898208618164,-100.0,0.0,40.0,59.06520472536636,7.685389041900635,28.957948684692383
run_1780085037_5232a092,1780085902.2447495,6.0,1000.0,49.0,7.552798271179199,0.0,1.9968980550765991,-85.8799819946289,-100.0,0.0,40.0,57.0447617251275,7.552798271179199,28.957948684692383
run_1780085037_5232a092,1780085904.2484252,6.0,1000.0,49.0,7.420241355895996,0.0,1.8477717638015747,-83.67070007324219,-100.0,0.0,40.0,55.05998177974925,7.420241355895996,28.957948684692383
run_1780085037_5232a092,1780085906.2531388,6.0,1000.0,49.0,7.199294090270996,0.0,1.5992058515548706,-80.01223754882812,-100.0,-0.023997647687792778,40.0,51.82983539821089,7.199294090270996,28.957948684692383
run_1780085037_5232a092,1780085908.2535083,6.0,1000.0,49.0,7.199294090270996,0.0,1.5992058515548706,-80.2522201538086,-100.0,-0.2639741599559784,40.0,51.82983539821089,7.199294090270996,28.957948684692383
run_1780085037_5232a092,1780085910.242614,6.0,1000.0,49.0,6.93419075012207,0.0,1.3009644746780396,-76.07115173339844,-100.0,-0.5012996196746826,40.0,48.08300135907848,6.93419075012207,28.957948684692383
run_1780085037_5232a092,1780085912.4527647,20.0,457.0,14.0,6.89003324508667,0.0,1.251287579536438,-30.380035400390625,-34.45016860961914,-0.6604898571968079,4.730624675750732,47.47255811839955,6.89003324508667,28.957948684692383
run_1780085037_5232a092,1780085914.2523358,20.0,457.0,14.0,6.66909646987915,0.0,1.0027337074279785,-29.124282836914062,-33.345481872558594,-0.8096122145652771,5.030810356140137,44.476847724554545,6.66909646987915,28.957948684692383
run_1780085037_5232a092,1780085916.244754,20.0,457.0,14.0,6.5807342529296875,0.0,0.9033257961273193,-29.011699676513672,-32.90367126464844,-0.954578161239624,4.846548557281494,43.30606330768205,6.5807342529296875,28.957948684692383
run_1780085037_5232a092,1780085918.2436235,20.0,457.0,14.0,6.448222637176514,0.0,0.7542498707771301,-28.502086639404297,-32.24111557006836,-1.0977073907852173,4.836735248565674,41.57957517859563,6.448222637176514,28.957948684692383
run_1780085037_5232a092,1780085920.2428596,20.0,457.0,14.0,6.315700531005859,0.0,0.6051628589630127,-27.997129440307617,-31.578502655029297,-1.237356424331665,4.818729877471924,39.888073197347694,6.315700531005859,28.957948684692383
run_1780085037_5232a092,1780085922.2501652,20.0,457.0,14.0,6.139011383056641,0.0,0.4063880443572998,-27.10423469543457,-30.695056915283203,-1.3745886087417603,4.965409755706787,37.68746076129901,6.139011383056641,28.957948684692383
run_1780085037_5232a092,1780085924.2417302,20.0,457.0,14.0,6.050678253173828,0.0,0.30701321363449097,-26.974058151245117,-30.253393173217773,-1.5079549551010132,4.787290573120117,36.61070732343069,6.050678253173828,28.957948684692383
run_1780085037_5232a092,1780085926.2495677,20.0,457.0,14.0,5.918161392211914,0.0,0.15793158113956451,-26.4471492767334,-29.59080696105957,-1.6394844055175781,4.783140659332275,35.02463426426766,5.918161392211914,28.957948684692383
run_1780085037_5232a092,1780085928.2414281,20.0,457.0,14.0,5.873990535736084,0.0,0.10823900997638702,-26.660993576049805,-29.369953155517578,-1.7686935663223267,4.477651596069336,34.50376481391709,5.873990535736084,28.957948684692383
run_1780085037_5232a092,1780085930.2468128,20.0,457.0,14.0,5.653160095214844,0.0,-0.14019477367401123,-25.368165969848633,-28.26580047607422,-1.8950051069259644,4.792640209197998,31.9582190621295,5.653160095214844,28.957948684692383
run_1780085037_5232a092,1780085932.250402,20.0,457.0,14.0,5.653160095214844,0.0,-0.14019477367401123,-25.949037551879883,-28.26580047607422,-2.018707036972046,4.33547306060791,31.9582190621295,5.653160095214844,28.957948684692383
run_1780085037_5232a092,1780085934.2418242,20.0,457.0,14.0,5.476510524749756,0.0,-0.33892518281936646,-25.004270553588867,-27.382553100585938,-2.140862226486206,4.5191426277160645,29.992167527694846,5.476510524749756,28.957948684692383
run_1780085037_5232a092,1780085936.2501106,20.0,457.0,14.0,5.432346343994141,0.0,-0.3886098265647888,-25.18332862854004,-27.161731719970703,-2.2604079246520996,4.238812446594238,29.510386801106506,5.432346343994141,28.957948684692383
run_1780085037_5232a092,1780085938.242524,20.0,457.0,14.0,5.255739688873291,0.0,-0.5872930288314819,-24.233272552490234,-26.278697967529297,-2.377152681350708,4.42257833480835,27.622799677197918,5.255739688873291,28.957948684692383
run_1780085037_5232a092,1780085940.2501214,20.0,457.0,14.0,5.211578845977783,0.0,-0.6369737386703491,-24.3983154296875,-26.05789566040039,-2.4918665885925293,4.1514482498168945,27.160554067843123,5.211578845977783,28.957948684692383
run_1780085037_5232a092,1780085942.2401161,20.0,457.0,14.0,5.03494119644165,0.0,-0.8356907963752747,-23.434837341308594,-25.174707412719727,-2.6037800312042236,4.343650817871094,25.350632851625278,5.03494119644165,28.957948684692383
run_1780085037_5232a092,1780085944.2481709,20.0,457.0,14.0,4.990784645080566,0.0,-0.8853675723075867,-23.587553024291992,-24.95392417907715,-2.7136647701263428,4.080034255981445,24.907931373571955,4.990784645080566,28.957948684692383
run_1780085037_5232a092,1780085946.252535,20.0,457.0,14.0,4.858329772949219,0.0,-1.0343787670135498,-22.97890853881836,-24.291648864746094,-2.8214240074157715,4.1341657638549805,23.603368182724807,4.858329772949219,28.957948684692383
run_1780085037_5232a092,1780085948.2418363,20.0,457.0,14.0,4.770035266876221,0.0,-1.133710265159607,-22.73613739013672,-23.850177764892578,-2.9271538257598877,4.041191101074219,22.753236447242898,4.770035266876221,28.957948684692383
run_1780085037_5232a092,1780085950.2492583,20.0,457.0,14.0,4.637606143951416,0.0,-1.2826933860778809,-22.119171142578125,-23.188030242919922,-3.0300827026367188,4.098941802978516,21.507390746415922,4.637606143951416,28.957948684692383
run_1780085037_5232a092,1780085952.2402608,20.0,457.0,14.0,4.54927396774292,0.0,-1.3820666074752808,-21.867897033691406,-22.746370315551758,-3.1309831142425537,4.009457111358643,20.69589363358341,4.54927396774292,28.957948684692383
run_1780085037_5232a092,1780085954.2485356,20.0,457.0,14.0,4.461002826690674,0.0,-1.4813719987869263,-21.617738723754883,-22.305015563964844,-3.229179620742798,3.9164557456970215,19.900546219742182,4.461002826690674,28.957948684692383
run_1780085037_5232a092,1780085956.242011,20.0,457.0,14.0,4.372720718383789,0.0,-1.580689549446106,-21.345611572265625,-21.863603591918945,-3.326215982437134,3.8442070484161377,19.12068648098284,4.372720718383789,28.957948684692383
run_1780085037_5232a092,1780085958.2483735,20.0,457.0,14.0,4.284426689147949,0.0,-1.6800205707550049,-21.07563591003418,-21.422134399414062,-3.4205455780029297,3.767043352127075,18.356312054683258,4.284426689147949,28.957948684692383
run_1780085037_5232a092,1780085960.2470756,20.0,457.0,14.0,4.107860088348389,0.0,-1.8786572217941284,-20.050254821777344,-20.5393009185791,-3.5125553607940674,4.00160026550293,16.87451450544563,4.107860088348389,28.957948684692383
run_1780085037_5232a092,1780085962.2520893,20.0,457.0,14.0,4.063732147216797,0.0,-1.9283020496368408,-20.155834197998047,-20.318660736083984,-3.601766347885132,3.764594078063965,16.51391896432324,4.063732147216797,28.957948684692383
run_1780085037_5232a092,1780085964.2495873,20.0,457.0,14.0,3.8871779441833496,0.0,-2.126924991607666,-19.13372039794922,-19.435890197753906,-3.688371181488037,3.9905407428741455,15.110152369745492,3.8871779441833496,28.957948684692383
run_1780085037_5232a092,1780085966.247505,20.0,457.0,14.0,3.843038320541382,0.0,-2.176582098007202,-19.233318328857422,-19.215192794799805,-3.772754192352295,3.754628896713257,14.768943533149525,3.843038320541382,28.957948684692383
run_1780085037_5232a092,1780085968.2449577,20.0,457.0,14.0,3.7547738552093506,0.0,-2.275879144668579,-18.948814392089844,-18.77387046813965,-3.855112075805664,3.680168390274048,14.09832670376369,3.7547738552093506,28.957948684692383
run_1780085037_5232a092,1780085970.243889,20.0,457.0,14.0,3.622361421585083,0.0,-2.4248435497283936,-18.283729553222656,-18.111806869506836,-3.935248374938965,3.7633259296417236,13.121502268587903,3.622361421585083,28.957948684692383
run_1780085037_5232a092,1780085972.2497938,20.0,457.0,14.0,3.534104585647583,0.0,-2.524132490158081,-17.995281219482422,-17.670522689819336,-4.0127716064453125,3.688011646270752,12.489895222295274,3.534104585647583,28.957948684692383
run_1780085037_5232a092,1780085974.2401426,20.0,457.0,14.0,3.445863723754883,0.0,-2.623403549194336,-17.69249725341797,-17.229318618774414,-4.08875036239624,3.625572443008423,11.873976802689867,3.445863723754883,28.957948684692383
run_1780085037_5232a092,1780085976.2392366,20.0,457.0,14.0,3.313464879989624,0.0,-2.7723519802093506,-17.015378952026367,-16.567323684692383,-4.162123203277588,3.71406626701355,10.979049510924654,3.313464879989624,28.957948684692383
run_1780085037_5232a092,1780085978.2444859,20.0,457.0,14.0,3.225202798843384,0.0,-2.8716466426849365,-16.71007537841797,-16.126014709472656,-4.233273983001709,3.64921236038208,10.401933093667196,3.225202798843384,28.957948684692383
run_1780085037_5232a092,1780085980.2524502,20.0,457.0,14.0,3.0928285121917725,0.0,-3.0205681324005127,-16.030588150024414,-15.464143753051758,-4.301818370819092,3.7353715896606445,9.565588205826373,3.0928285121917725,28.957948684692383
run_1780085037_5232a092,1780085982.2457793,20.0,457.0,14.0,3.0928285121917725,0.0,-3.0205681324005127,-16.454578399658203,-15.464143753051758,-4.369492053985596,3.379056930541992,9.565588205826373,3.0928285121917725,28.957948684692383
run_1780085037_5232a092,1780085984.250098,20.0,457.0,14.0,2.960460662841797,0.0,-3.1694817543029785,-15.754693984985352,-14.8023042678833,-4.434564113616943,3.482175350189209,8.764327336233691,2.960460662841797,28.957948684692383
run_1780085037_5232a092,1780085986.2439978,20.0,457.0,14.0,2.916349172592163,0.0,-3.219106912612915,-15.783018112182617,-14.581746101379395,-4.498862266540527,3.2975919246673584,8.505092496478994,2.916349172592163,28.957948684692383
run_1780085037_5232a092,1780085988.2506618,20.0,457.0,14.0,2.7839462757110596,0.0,-3.368060350418091,-15.071207046508789,-13.919732093811035,-4.560068130493164,3.408592462539673,7.750356866045479,2.7839462757110596,28.957948684692383
run_1780085037_5232a092,1780085990.2426727,20.0,457.0,14.0,2.7398366928100586,0.0,-3.4176836013793945,-15.088665008544922,-13.69918441772461,-4.6205034255981445,3.231022596359253,7.506705103268359,2.7398366928100586,28.957948684692383
run_1780085037_5232a092,1780085992.2431674,20.0,457.0,14.0,2.607499599456787,0.0,-3.566563129425049,-14.358975410461426,-13.037498474121094,-4.678431034088135,3.3569540977478027,6.799054161167305,2.607499599456787,28.957948684692383
run_1780085037_5232a092,1780085994.2518375,20.0,457.0,14.0,2.4751534461975098,0.0,-3.715452194213867,-13.630290031433105,-12.375767707824707,-4.734038352966309,3.479515314102173,6.126384582223409,2.4751534461975098,28.957948684692383
run_1780085037_5232a092,1780085996.2408473,20.0,457.0,14.0,2.431035280227661,0.0,-3.765084981918335,-13.65310287475586,-12.155177116394043,-4.787331581115723,3.2894067764282227,5.909932533711583,2.431035280227661,28.957948684692383
run_1780085037_5232a092,1780085998.2413533,20.0,457.0,14.0,2.2986812591552734,0.0,-3.9139833450317383,-12.914048194885254,-11.493406295776367,-4.839079856872559,3.4184377193450928,5.283935531191673,2.2986812591552734,28.957948684692383
run_1780085037_5232a092,1780086000.2529247,20.0,457.0,14.0,2.166349411010742,0.0,-4.062856674194336,-12.184417724609375,-10.831747055053711,-4.887932777404785,3.535261392593384,4.69306977058659,2.166349411010742,28.957948684692383
run_1780085037_5232a092,1780086002.2393897,20.0,457.0,14.0,2.166349411010742,0.0,-4.062856674194336,-12.56904411315918,-10.831747055053711,-4.935333251953125,3.1980347633361816,4.69306977058659,2.166349411010742,28.957948684692383
run_1780085037_5232a092,1780086004.240124,20.0,457.0,14.0,2.0340394973754883,0.0,-4.211705684661865,-11.8320951461792,-10.170197486877441,-4.980132102966309,3.318234443664551,4.137316676883529,2.0340394973754883,28.957948684692383
run_1780085037_5232a092,1780086006.2469497,20.0,457.0,14.0,1.9458293914794922,0.0,-4.310941696166992,-11.4559965133667,-9.729146957397461,-5.023676872253418,3.2968263626098633,3.786252020745451,1.9458293914794922,28.957948684692383
run_1780085037_5232a092,1780086008.4482493,20.0,150.0,1.0,1.8575944900512695,0.0,-4.410206317901611,-14.195588111877441,-9.287972450256348,-5.141741752624512,0.23412732779979706,3.450657289468836,1.8575944900512695,28.957948684692383
run_1780085037_5232a092,1780086010.2433746,20.0,150.0,1.0,1.8134989738464355,0.0,-4.459813594818115,-14.109274864196777,-9.067495346069336,-5.264110088348389,0.2223316878080368,3.2887785281420747,1.8134989738464355,28.957948684692383
run_1780085037_5232a092,1780086012.2490065,20.0,150.0,1.0,1.6811747550964355,0.0,-4.608678340911865,-13.55445384979248,-8.405874252319336,-5.381773948669434,0.23319357633590698,2.82634855717356,1.6811747550964355,28.957948684692383
run_1780085037_5232a092,1780086014.2393646,20.0,150.0,1.0,1.637068271636963,0.0,-4.658298015594482,-13.456233024597168,-8.185340881347656,-5.492381572723389,0.22148960828781128,2.679992526000433,1.637068271636963,28.957948684692383
run_1780085037_5232a092,1780086016.243807,20.0,150.0,1.0,1.504781723022461,0.0,-4.8071208000183105,-12.888264656066895,-7.523908615112305,-5.595933437347412,0.2315775454044342,2.2643680339424463,1.504781723022461,28.957948684692383
run_1780085037_5232a092,1780086018.247824,20.0,150.0,1.0,1.460690975189209,0.0,-4.856722354888916,-12.778213500976562,-7.303454875946045,-5.694784164428711,0.22002393007278442,2.1336181249992023,1.460690975189209,28.957948684692383
run_1780085037_5232a092,1780086020.2492855,20.0,150.0,1.0,1.2842812538146973,0.0,-5.055183410644531,-11.96646499633789,-6.4214067459106445,-5.786284923553467,0.24122686684131622,1.6493783388998509,1.2842812538146973,28.957948684692383
run_1780085037_5232a092,1780086022.2512858,20.0,150.0,1.0,1.240194320678711,0.0,-5.104781150817871,-11.84265422821045,-6.200971603393555,-5.8704352378845215,0.22875191271305084,1.5380819530437293,1.240194320678711,28.957948684692383
run_1780085037_5232a092,1780086024.2404835,20.0,150.0,1.0,1.1519956588745117,0.0,-5.204005241394043,-11.482125282287598,-5.759978294372559,-5.950172424316406,0.2280253916978836,1.3270939980657204,1.1519956588745117,28.957948684692383
run_1780085037_5232a092,1780086026.2475996,20.0,150.0,1.0,1.1078968048095703,0.0,-5.2536163330078125,-11.348172187805176,-5.539484024047852,-6.025501251220703,0.21681255102157593,1.2274353301072551,1.1078968048095703,28.957948684692383
run_1780085037_5232a092,1780086028.2459922,20.0,150.0,1.0,0.9756040573120117,0.0,-5.4024457931518555,-10.745956420898438,-4.878020286560059,-6.096128940582275,0.2281932830810547,0.951803276643659,0.9756040573120117,28.957948684692383
run_1780085037_5232a092,1780086030.2519464,20.0,150.0,1.0,0.9315223693847656,0.0,-5.452037334442139,-10.600353240966797,-4.657611846923828,-6.159701347351074,0.21696040034294128,0.8677339246642077,0.9315223693847656,28.957948684692383
run_1780085037_5232a092,1780086032.2402081,20.0,150.0,1.0,0.8433465957641602,0.0,-5.551235198974609,-10.218245506286621,-4.216732978820801,-6.218865394592285,0.21735329926013947,0.7112334805869978,0.8433465957641602,28.957948684692383
run_1780085037_5232a092,1780086034.2446237,20.0,150.0,1.0,0.7551732063293457,0.0,-5.650430202484131,-9.830326080322266,-3.7758660316467285,-6.272151470184326,0.2176910638809204,0.5702865715577445,0.7551732063293457,28.957948684692383
run_1780085037_5232a092,1780086036.2523334,20.0,150.0,1.0,0.6229124069213867,0.0,-5.79922342300415,-9.20522689819336,-3.1145620346069336,-6.319849967956543,0.22918516397476196,0.3880198666965953,0.6229124069213867,28.957948684692383
run_1780085037_5232a092,1780086038.2401006,20.0,150.0,1.0,0.578819751739502,0.0,-5.848827838897705,-9.036150932312012,-2.8940987586975098,-6.359911918640137,0.21786023676395416,0.3350323050037787,0.578819751739502,28.957948684692383
run_1780085037_5232a092,1780086040.254736,20.0,150.0,1.0,0.49062681198120117,0.0,-5.948044776916504,-8.630904197692871,-2.453134059906006,-6.396146774291992,0.21837644279003143,0.24071466863483693,0.49062681198120117,28.957948684692383
run_1780085037_5232a092,1780086042.248002,20.0,150.0,1.0,0.4024643898010254,0.0,-6.047227382659912,-8.219627380371094,-2.012321949005127,-6.425919532775879,0.21861405670642853,0.1619775850579117,0.4024643898010254,28.957948684692383
run_1780085037_5232a092,1780086044.2543974,20.0,150.0,1.0,0.3143186569213867,0.0,-6.14639139175415,-7.801822662353516,-1.5715932846069336,-6.448636054992676,0.21840688586235046,0.09879621808886441,0.3143186569213867,28.957948684692383
run_1780085037_5232a092,1780086046.2401168,20.0,150.0,1.0,0.22616147994995117,0.0,-6.24556827545166,-7.378818988800049,-1.1308073997497559,-6.466651916503906,0.2186402976512909,0.051149015013152166,0.22616147994995117,28.957948684692383
run_1780085037_5232a092,1780086048.2437065,20.0,150.0,1.0,0.13799333572387695,0.0,-6.344757556915283,-6.950272560119629,-0.6899666786193848,-6.479381561279297,0.21907594799995422,0.019042160704202615,0.13799333572387695,28.957948684692383
run_1780085037_5232a092,1780086050.2500377,20.0,150.0,1.0,0.09392404556274414,0.0,-6.3943352699279785,-6.748019218444824,-0.4696202576160431,-6.48710823059082,0.2087097316980362,0.008821726334872437,0.09392404556274414,28.957948684692383
run_1780085037_5232a092,1780086052.2539423,20.0,150.0,1.0,0.005744457244873047,0.0,-6.493537425994873,-6.308523654937744,-0.028722288087010384,-6.489256858825684,0.2094552218914032,3.2998789038174436e-05,0.005744457244873047,28.957948684692383
run_1780085037_5232a092,1780086054.241932,20.0,150.0,1.0,-0.08241701126098633,0.0,-6.592719078063965,-5.858573913574219,0.41208505630493164,-6.481202602386475,0.21054360270500183,0.006792563745193547,0.08241701126098633,28.957948684692383
run_1780085037_5232a092,1780086056.243742,20.0,150.0,1.0,-0.170562744140625,0.0,-6.691883087158203,-5.388426780700684,0.8528137803077698,-6.4523468017578125,0.21110621094703674,0.029091649688780308,0.170562744140625,28.957948684692383
run_1780085037_5232a092,1780086058.2539537,20.0,150.0,1.0,-0.21464109420776367,0.0,-6.741471290588379,-5.139074325561523,1.0732054710388184,-6.413782596588135,0.20150235295295715,0.04607079932270608,0.21464109420776367,28.957948684692383
run_1780085037_5232a092,1780086060.2406216,20.0,150.0,1.0,-0.3468303680419922,0.0,-6.89018440246582,-4.414193153381348,1.734151840209961,-6.362868309020996,0.21452361345291138,0.12029130419614376,0.3468303680419922,28.957948684692383
run_1780085037_5232a092,1780086062.251873,20.0,150.0,1.0,-0.39092063903808594,0.0,-6.939785957336426,-4.131369113922119,1.9546031951904297,-6.290782451629639,0.20481005311012268,0.15281894602594548,0.39092063903808594,28.957948684692383
run_1780085037_5232a092,1780086064.2449641,20.0,150.0,1.0,-0.5231304168701172,0.0,-7.088521957397461,-3.366755723953247,2.615652084350586,-6.199288368225098,0.21688061952590942,0.2736654330547026,0.5231304168701172,28.957948684692383
run_1780085037_5232a092,1780086066.2522018,20.0,150.0,1.0,-0.5231304168701172,0.0,-7.088521957397461,-3.2827110290527344,2.615652084350586,-6.094555377960205,0.19619250297546387,0.2736654330547026,0.5231304168701172,28.957948684692383
run_1780085037_5232a092,1780086068.240101,20.0,150.0,1.0,-0.6112766265869141,0.0,-7.187685966491699,-2.7276182174682617,3.0563831329345703,-5.9827656745910645,0.1987641453742981,0.37365911421147757,0.6112766265869141,28.957948684692383
run_1780085037_5232a092,1780086070.251337,20.0,150.0,1.0,-0.7434768676757812,0.0,-7.336411476135254,-1.9230276346206665,3.7173845767974854,-5.852447986602783,0.2120361477136612,0.5527578527689911,0.7434768676757812,28.957948684692383
run_1780085037_5232a092,1780086072.2496476,20.0,150.0,1.0,-0.7875461578369141,0.0,-7.385989189147949,-1.562214970588684,3.9377310276031494,-5.702718257904053,0.2027723640203476,0.6202289507236856,0.7875461578369141,28.957948684692383
run_1780085037_5232a092,1780086074.255071,20.0,150.0,1.0,-0.8756842613220215,0.0,-7.485145092010498,-0.9564158320426941,4.378421306610107,-5.5397562980651855,0.20491915941238403,0.7668229255270944,0.8756842613220215,28.957948684692383
run_1780085037_5232a092,1780086076.2540016,20.0,150.0,1.0,-1.0078577995300293,0.0,-7.633840084075928,-0.104258231818676,5.0392889976501465,-5.36179780960083,0.21825020015239716,1.0157773440735127,1.0078577995300293,28.957948684692383
run_1780085037_5232a092,1780086078.2416437,20.0,150.0,1.0,-1.0078577995300293,0.0,-7.633840084075928,0.0766996517777443,5.0392889976501465,-5.16002082824707,0.19743147492408752,1.0157773440735127,1.0078577995300293,28.957948684692383
run_1780085037_5232a092,1780086080.2470763,20.0,150.0,1.0,-1.09598970413208,0.0,-7.732988357543945,0.7286386489868164,5.4799485206604,-4.9511919021606445,0.19988173246383667,1.2011934315635244,1.09598970413208,28.957948684692383
run_1780085037_5232a092,1780086082.2529328,20.0,150.0,1.0,-1.1400408744812012,0.0,-7.782545566558838,1.162631869316101,5.700204372406006,-4.729127883911133,0.19155529141426086,1.2996931954878619,1.1400408744812012,28.957948684692383
run_1780085037_5232a092,1780086084.24393,20.0,150.0,1.0,-1.22816801071167,0.0,-7.881689071655273,1.8415676355361938,6.14084005355835,-4.493836879730225,0.19456467032432556,1.5083966625354606,1.22816801071167,28.957948684692383
run_1780085037_5232a092,1780086086.2462614,20.0,150.0,1.0,-1.316293716430664,0.0,-7.980830192565918,2.536292791366577,6.5814690589904785,-4.2426676750183105,0.1974913477897644,1.7326291479148495,1.316293716430664,28.957948684692383
run_1780085037_5232a092,1780086088.2402608,20.0,150.0,1.0,-1.316293716430664,0.0,-7.980830192565918,2.7809736728668213,6.5814690589904785,-3.9791479110717773,0.17865276336669922,1.7326291479148495,1.316293716430664,28.957948684692383
run_1780085037_5232a092,1780086090.2454233,20.0,150.0,1.0,-1.40440034866333,0.0,-8.079950332641602,3.499424457550049,7.02200174331665,-3.705042600631714,0.18246549367904663,1.972340339325683,1.40440034866333,28.957948684692383
run_1780085037_5232a092,1780086092.2493284,20.0,150.0,1.0,-1.4484591484069824,0.0,-8.1295166015625,3.9999709129333496,7.242295742034912,-3.4177050590515137,0.17538003623485565,2.0980339046038807,1.4484591484069824,28.957948684692383
run_1780085037_5232a092,1780086094.2418723,20.0,150.0,1.0,-1.5365495681762695,0.0,-8.228618621826172,4.745107650756836,7.682748317718506,-3.1171419620513916,0.1795012205839157,2.3609845754626804,1.5365495681762695,28.957948684692383
run_1780085037_5232a092,1780086096.2490008,20.0,150.0,1.0,-1.668722152709961,0.0,-8.377312660217285,5.745947360992432,8.343610763549805,-2.791001081466675,0.19333727657794952,2.784633622944966,1.668722152709961,28.957948684692383
run_1780085037_5232a092,1780086098.2478747,20.0,150.0,1.0,-1.668722152709961,0.0,-8.377312660217285,6.066248893737793,8.343610763549805,-2.451630115509033,0.17426788806915283,2.784633622944966,1.668722152709961,28.957948684692383
run_1780085037_5232a092,1780086100.2487948,20.0,150.0,1.0,-1.712778091430664,0.0,-8.426875114440918,6.620476245880127,8.56389045715332,-2.111377477645874,0.16796372830867767,2.9336087904848682,1.712778091430664,28.957948684692383
run_1780085037_5232a092,1780086102.2443023,20.0,150.0,1.0,-1.84492826461792,0.0,-8.575544357299805,7.652926445007324,9.224641799926758,-1.755249261856079,0.18353447318077087,3.4037603015860896,1.84492826461792,28.957948684692383
run_1780085037_5232a092,1780086104.2492137,20.0,150.0,1.0,-1.84492826461792,0.0,-8.575544357299805,8.00477409362793,9.224641799926758,-1.3858941793441772,0.16602723300457,3.4037603015860896,1.84492826461792,28.957948684692383
run_1780085037_5232a092,1780086106.2543921,20.0,150.0,1.0,-1.8889813423156738,0.0,-8.625103950500488,8.596609115600586,9.444906234741211,-1.008601427078247,0.16030363738536835,3.568250511616725,1.8889813423156738,28.957948684692383
run_1780085037_5232a092,1780086108.2401283,20.0,150.0,1.0,-1.9330334663391113,0.0,-8.674662590026855,9.196244239807129,9.665166854858398,-0.6242534518241882,0.155330628156662,3.7366183819870002,1.9330334663391113,28.957948684692383
run_1780085037_5232a092,1780086110.246161,20.0,150.0,1.0,-2.0211234092712402,0.0,-8.773763656616211,10.044966697692871,10.10561752319336,-0.22138787806034088,0.1607373207807541,4.084939835504201,2.0211234092712402,28.957948684692383
run_1780085037_5232a092,1780086112.2426038,20.0,150.0,1.0,-2.0211234092712402,0.0,-8.773763656616211,10.312814712524414,10.10561752319336,0.06179196015000343,0.145404651761055,4.084939835504201,2.0211234092712402,28.957948684692383
run_1780085037_5232a092,1780086114.239786,20.0,150.0,1.0,-2.1091952323913574,0.0,-8.872844696044922,10.89841365814209,10.545976638793945,0.20005644857883453,0.1523807793855667,4.448704528342432,2.1091952323913574,28.957948684692383
run_1780085037_5232a092,1780086116.2408152,20.0,150.0,1.0,-2.153244972229004,0.0,-8.92240047454834,11.256734848022461,10.76622486114502,0.3421378433704376,0.14837191998958588,4.636463910429484,2.153244972229004,28.957948684692383
run_1780085037_5232a092,1780086118.2553444,20.0,150.0,1.0,-2.153244972229004,0.0,-8.92240047454834,11.386131286621094,10.76622486114502,0.4856874346733093,0.13421879708766937,4.636463910429484,2.153244972229004,28.957948684692383
run_1780085037_5232a092,1780086120.246908,20.0,150.0,1.0,-2.197294235229492,0.0,-8.971956253051758,11.74911880493164,10.986471176147461,0.6307050585746765,0.13194230198860168,4.828101956172759,2.197294235229492,28.957948684692383
run_1780085037_5232a092,1780086122.256,20.0,150.0,1.0,-2.197294235229492,0.0,-8.971956253051758,11.883018493652344,10.986471176147461,0.7771909236907959,0.11935639381408691,4.828101956172759,2.197294235229492,28.957948684692383
run_1780085037_5232a092,1780086124.243157,20.0,150.0,1.0,-2.2413711547851562,0.0,-9.0215425491333,12.250507354736328,11.206855773925781,0.9251464009284973,0.11850419640541077,5.023744653502945,2.2413711547851562,28.957948684692383
run_1780085037_5232a092,1780086126.2419128,20.0,150.0,1.0,-2.2413711547851562,0.0,-9.0215425491333,12.388627052307129,11.206855773925781,1.0745714902877808,0.10720015317201614,5.023744653502945,2.2413711547851562,28.957948684692383
run_1780085037_5232a092,1780086128.242063,20.0,150.0,1.0,-2.2853894233703613,0.0,-9.071063041687012,12.759904861450195,11.426947593688965,1.2254635095596313,0.10749351978302002,5.223004816453113,2.2853894233703613,28.957948684692383
run_1780085037_5232a092,1780086130.2476416,20.0,150.0,1.0,-2.2853894233703613,0.0,-9.071063041687012,12.903144836425781,11.426947593688965,1.3795846700668335,0.0966128408908844,5.223004816453113,2.2853894233703613,28.957948684692383
run_1780085037_5232a092,1780086132.2464738,20.0,150.0,1.0,-2.2853894233703613,0.0,-9.071063041687012,13.046286582946777,11.426947593688965,1.531943440437317,0.08739698678255081,5.223004816453113,2.2853894233703613,28.957948684692383
run_1780085037_5232a092,1780086134.2503018,20.0,150.0,1.0,-2.3294363021850586,0.0,-9.12061595916748,13.423301696777344,11.647181510925293,1.686945915222168,0.08917247503995895,5.4262734859376,2.3294363021850586,28.957948684692383
run_1780085037_5232a092,1780086136.2560036,20.0,150.0,1.0,-2.3294363021850586,0.0,-9.12061595916748,13.570089340209961,11.647181510925293,1.8422421216964722,0.08066635578870773,5.4262734859376,2.3294363021850586,28.957948684692383
run_1780085037_5232a092,1780086138.245613,20.0,150.0,1.0,-2.3294363021850586,0.0,-9.12061595916748,13.717691421508789,11.647181510925293,1.9975383281707764,0.0729716345667839,5.4262734859376,2.3294363021850586,28.957948684692383
run_1780085037_5232a092,1780086140.2481833,20.0,150.0,1.0,-2.3294363021850586,0.0,-9.12061595916748,13.866026878356934,11.647181510925293,2.152834415435791,0.06601089984178543,5.4262734859376,2.3294363021850586,28.957948684692383
run_1780085037_5232a092,1780086142.2552662,20.0,150.0,1.0,-2.3734827041625977,0.0,-9.170167922973633,14.246508598327637,11.867413520812988,2.308424234390259,0.07067068666219711,5.633420146958997,2.3734827041625977,28.957948684692383
run_1780085037_5232a092,1780086144.2455473,20.0,150.0,1.0,-2.3294363021850586,0.0,-9.12061595916748,14.16577434539795,11.647181510925293,2.4651880264282227,0.0534035786986351,5.4262734859376,2.3294363021850586,28.957948684692383
run_1780085037_5232a092,1780086146.248876,20.0,150.0,1.0,-2.3294363021850586,0.0,-9.12061595916748,14.317480087280273,11.647181510925293,2.622832775115967,0.04746504873037338,5.4262734859376,2.3294363021850586,28.957948684692383
run_1780085037_5232a092,1780086148.2504525,20.0,150.0,1.0,-2.3734827041625977,0.0,-9.170167922973633,14.70047378540039,11.867413520812988,2.7795965671539307,0.05346324294805527,5.633420146958997,2.3734827041625977,28.957948684692383
run_1780085037_5232a092,1780086150.2404218,20.0,150.0,1.0,-2.3294363021850586,0.0,-9.12061595916748,14.620619773864746,11.647181510925293,2.9351863861083984,0.03825128823518753,5.4262734859376,2.3294363021850586,28.957948684692383
run_1780085037_5232a092,1780086152.2505484,20.0,150.0,1.0,-2.3294363021850586,0.0,-9.12061595916748,14.772266387939453,11.647181510925293,3.090482473373413,0.03460251912474632,5.4262734859376,2.3294363021850586,28.957948684692383
run_1780085037_5232a092,1780086154.2489955,20.0,150.0,1.0,-2.3294363021850586,0.0,-9.12061595916748,14.924259185791016,11.647181510925293,3.2457756996154785,0.03130180761218071,5.4262734859376,2.3294363021850586,28.957948684692383
run_1780085037_5232a092,1780086156.2485013,20.0,150.0,1.0,-2.3294363021850586,0.0,-9.12061595916748,15.076567649841309,11.647181510925293,3.4010682106018066,0.028315940871834755,5.4262734859376,2.3294363021850586,28.957948684692383
run_1780085037_5232a092,1780086158.2534666,20.0,150.0,1.0,-2.3294363021850586,0.0,-9.12061595916748,15.229158401489258,11.647181510925293,3.5563607215881348,0.025614898651838303,5.4262734859376,2.3294363021850586,28.957948684692383
run_1780085037_5232a092,1780086160.252615,20.0,150.0,1.0,-2.2853894233703613,0.0,-9.071063041687012,15.149778366088867,11.426947593688965,3.7101852893829346,0.012645533308386803,5.223004816453113,2.2853894233703613,28.957948684692383
run_1780085037_5232a092,1780086162.2545102,20.0,150.0,1.0,-2.2853894233703613,0.0,-9.071063041687012,15.30093002319336,11.426947593688965,3.8625423908233643,0.01143928524106741,5.223004816453113,2.2853894233703613,28.957948684692383
run_1780085037_5232a092,1780086164.241006,20.0,150.0,1.0,-2.2853894233703613,0.0,-9.071063041687012,15.452194213867188,11.426947593688965,4.014899253845215,0.010348097421228886,5.223004816453113,2.2853894233703613,28.957948684692383
run_1780085037_5232a092,1780086166.2437704,20.0,150.0,1.0,-2.2413711547851562,0.0,-9.0215425491333,15.372230529785156,11.206855773925781,4.166962623596191,-0.0015885349130257964,5.023744653502945,2.2413711547851562,28.957948684692383
run_1780085037_5232a092,1780086168.2508318,20.0,150.0,1.0,-2.2413711547851562,0.0,-9.0215425491333,15.521803855895996,11.206855773925781,4.3163838386535645,-0.001437005470506847,5.023744653502945,2.2413711547851562,28.957948684692383
run_1780085037_5232a092,1780086170.2433019,20.0,150.0,1.0,-2.2413711547851562,0.0,-9.0215425491333,15.671361923217773,11.206855773925781,4.465805530548096,-0.001299930503591895,5.023744653502945,2.2413711547851562,28.957948684692383
run_1780085037_5232a092,1780086172.2490337,20.0,150.0,1.0,-2.2413711547851562,0.0,-9.0215425491333,15.820906639099121,11.206855773925781,4.615226745605469,-0.0011759308399632573,5.023744653502945,2.2413711547851562,28.957948684692383
run_1780085037_5232a092,1780086174.240476,20.0,150.0,1.0,-2.197294235229492,0.0,-8.971956253051758,15.738797187805176,10.986471176147461,4.764354705810547,-0.012027882970869541,4.828101956172759,2.197294235229492,28.957948684692383
run_1780085037_5232a092,1780086176.2417738,20.0,150.0,1.0,-2.197294235229492,0.0,-8.971956253051758,15.886430740356445,10.986471176147461,4.9108405113220215,-0.010880550369620323,4.828101956172759,2.197294235229492,28.957948684692383
run_1780085037_5232a092,1780086178.2503233,20.0,150.0,1.0,-2.153244972229004,0.0,-8.92240047454834,15.802457809448242,10.76622486114502,5.057032585144043,-0.020799905061721802,4.636463910429484,2.153244972229004,28.957948684692383
run_1780085037_5232a092,1780086180.2521937,20.0,150.0,1.0,-2.153244972229004,0.0,-8.92240047454834,15.947993278503418,10.76622486114502,5.200582981109619,-0.018815813586115837,4.636463910429484,2.153244972229004,28.957948684692383
run_1780085037_5232a092,1780086182.255022,20.0,150.0,1.0,-2.153244972229004,0.0,-8.92240047454834,16.094459533691406,10.76622486114502,5.345894813537598,-0.017660638317465782,4.636463910429484,2.153244972229004,28.957948684692383
run_1780085037_5232a092,1780086184.2487113,20.0,150.0,1.0,-2.1091952323913574,0.0,-8.872844696044922,16.007450103759766,10.545976638793945,5.487977504730225,-0.026502666994929314,4.448704528342432,2.1091952323913574,28.957948684692383
run_1780085037_5232a092,1780086186.242293,20.0,150.0,1.0,-2.153244972229004,0.0,-8.92240047454834,16.38209342956543,10.76622486114502,5.628885746002197,-0.013017229735851288,4.636463910429484,2.153244972229004,28.957948684692383
run_1780085037_5232a092,1780086188.2465856,20.0,150.0,1.0,-2.1091952323913574,0.0,-8.872844696044922,16.294641494750977,10.545976638793945,5.770968437194824,-0.022302184253931046,4.448704528342432,2.1091952323913574,28.957948684692383
run_1780085037_5232a092,1780086190.2495327,20.0,150.0,1.0,-2.0651607513427734,0.0,-8.8233060836792,16.205965042114258,10.325803756713867,5.911289691925049,-0.031128359958529472,4.2648889288866485,2.0651607513427734,28.957948684692383
run_1780085037_5232a092,1780086192.2524874,20.0,150.0,1.0,-2.0651607513427734,0.0,-8.8233060836792,16.346614837646484,10.325803756713867,6.04896879196167,-0.028159040957689285,4.2648889288866485,2.0651607513427734,28.957948684692383
run_1780085037_5232a092,1780086194.248853,20.0,150.0,1.0,-2.0211234092712402,0.0,-8.773763656616211,16.255544662475586,10.10561752319336,6.186354637145996,-0.03642724081873894,4.084939835504201,2.0211234092712402,28.957948684692383
run_1780085037_5232a092,1780086196.2556605,20.0,150.0,1.0,-2.0211234092712402,0.0,-8.773763656616211,16.393760681152344,10.10561752319336,6.321094036102295,-0.03295247256755829,4.084939835504201,2.0211234092712402,28.957948684692383
run_1780085037_5232a092,1780086198.2466483,20.0,150.0,1.0,-1.9770727157592773,0.0,-8.724206924438477,16.299013137817383,9.885363578796387,6.453775405883789,-0.04012707620859146,3.9088165233997643,1.9770727157592773,28.957948684692383
run_1780085037_5232a092,1780086200.2505991,20.0,150.0,1.0,-1.9330334663391113,0.0,-8.674662590026855,16.20282554626465,9.665166854858398,6.584695816040039,-0.04703667759895325,3.7366183819870002,1.9330334663391113,28.957948684692383
run_1780085037_5232a092,1780086202.251939,20.0,150.0,1.0,-1.9330334663391113,0.0,-8.674662590026855,16.336177825927734,9.665166854858398,6.713561058044434,-0.042549874633550644,3.7366183819870002,1.9330334663391113,28.957948684692383
run_1780085037_5232a092,1780086204.2523031,20.0,150.0,1.0,-1.9770727157592773,0.0,-8.724206924438477,16.700918197631836,9.885363578796387,6.843307018280029,-0.027753762900829315,3.9088165233997643,1.9770727157592773,28.957948684692383
run_1780085037_5232a092,1780086206.2420595,20.0,150.0,1.0,-1.8889813423156738,0.0,-8.625103950500488,16.37016487121582,9.444906234741211,6.9709978103637695,-0.045739851891994476,3.568250511616725,1.8889813423156738,28.957948684692383
run_1780085037_5232a092,1780086208.2415104,20.0,150.0,1.0,-1.8889813423156738,0.0,-8.625103950500488,16.500457763671875,9.444906234741211,7.096927642822266,-0.0413767509162426,3.568250511616725,1.8889813423156738,28.957948684692383
run_1780085037_5232a092,1780086210.2488587,20.0,150.0,1.0,-1.84492826461792,0.0,-8.575544357299805,16.397695541381836,9.224641799926758,7.220802307128906,-0.047748323529958725,3.4037603015860896,1.84492826461792,28.957948684692383
run_1780085037_5232a092,1780086212.2502382,20.0,150.0,1.0,-1.84492826461792,0.0,-8.575544357299805,16.525243759155273,9.224641799926758,7.343796730041504,-0.04319363087415695,3.4037603015860896,1.84492826461792,28.957948684692383
run_1780085037_5232a092,1780086214.2553926,20.0,150.0,1.0,-1.84492826461792,0.0,-8.575544357299805,16.651235580444336,9.224641799926758,7.465029716491699,-0.03843391314148903,3.4037603015860896,1.84492826461792,28.957948684692383
run_1780085037_5232a092,1780086216.2506862,20.0,150.0,1.0,-1.800889015197754,0.0,-8.526000022888184,16.54608154296875,9.00444507598877,7.5871429443359375,-0.04550502449274063,3.243201245059936,1.800889015197754,28.957948684692383
run_1780085037_5232a092,1780086218.2502058,20.0,150.0,1.0,-1.7568340301513672,0.0,-8.476438522338867,16.437833786010742,8.784170150756836,7.705146789550781,-0.051483262330293655,3.086465809497895,1.7568340301513672,28.957948684692383
run_1780085037_5232a092,1780086220.2570071,20.0,150.0,1.0,-1.7568340301513672,0.0,-8.476438522338867,16.55986976623535,8.784170150756836,7.822269916534424,-0.04657229781150818,3.086465809497895,1.7568340301513672,28.957948684692383
run_1780085037_5232a092,1780086222.2404904,20.0,150.0,1.0,-1.712778091430664,0.0,-8.426875114440918,16.448780059814453,8.56389045715332,7.937338352203369,-0.052448950707912445,2.9336087904848682,1.712778091430664,28.957948684692383
run_1780085037_5232a092,1780086224.2442446,20.0,150.0,1.0,-1.668722152709961,0.0,-8.377312660217285,16.336069107055664,8.343610763549805,8.050644874572754,-0.05818723514676094,2.784633622944966,1.668722152709961,28.957948684692383
run_1780085037_5232a092,1780086226.25398,20.0,150.0,1.0,-1.668722152709961,0.0,-8.377312660217285,16.452871322631836,8.343610763549805,8.161897659301758,-0.05263679102063179,2.784633622944966,1.668722152709961,28.957948684692383
run_1780085037_5232a092,1780086228.2550282,20.0,150.0,1.0,-1.668722152709961,0.0,-8.377312660217285,16.56914520263672,8.343610763549805,8.273149490356445,-0.04761580005288124,2.784633622944966,1.668722152709961,28.957948684692383
run_1780085037_5232a092,1780086230.254216,20.0,150.0,1.0,-1.6246514320373535,0.0,-8.327733039855957,16.452207565307617,8.12325668334961,8.382346153259277,-0.05339636653661728,2.6394922756210235,1.6246514320373535,28.957948684692383
run_1780085037_5232a092,1780086232.2408996,20.0,150.0,1.0,-1.5806069374084473,0.0,-8.278182983398438,16.333776473999023,7.9030351638793945,8.489782333374023,-0.05904148146510124,2.498318290583711,1.5806069374084473,28.957948684692383
run_1780085037_5232a092,1780086234.2494638,20.0,150.0,1.0,-1.5806069374084473,0.0,-8.278182983398438,16.444787979125977,7.9030351638793945,8.595163345336914,-0.053409527987241745,2.498318290583711,1.5806069374084473,28.957948684692383
run_1780085037_5232a092,1780086236.2514162,20.0,150.0,1.0,-1.5365495681762695,0.0,-8.228618621826172,16.323352813720703,7.682748317718506,8.69965934753418,-0.05905653163790703,2.3609845754626804,1.5365495681762695,28.957948684692383
run_1780085037_5232a092,1780086238.2429028,20.0,150.0,1.0,-1.5365495681762695,0.0,-8.228618621826172,16.431415557861328,7.682748317718506,8.80208969116211,-0.05342317000031471,2.3609845754626804,1.5365495681762695,28.957948684692383
run_1780085037_5232a092,1780086240.242798,20.0,150.0,1.0,-1.5365495681762695,0.0,-8.228618621826172,16.540084838867188,7.682748317718506,8.906291007995605,-0.04895423352718353,2.3609845754626804,1.5365495681762695,28.957948684692383
run_1780085037_5232a092,1780086242.246264,20.0,150.0,1.0,-1.4925050735473633,0.0,-8.179068565368652,16.41459083557129,7.462525367736816,9.00666618347168,-0.05460098013281822,2.2275713945646203,1.4925050735473633,28.957948684692383
run_1780085037_5232a092,1780086244.2452674,20.0,150.0,1.0,-1.4484591484069824,0.0,-8.1295166015625,16.28631019592285,7.242295742034912,9.103519439697266,-0.05950464308261871,2.0980339046038807,1.4484591484069824,28.957948684692383
run_1780085037_5232a092,1780086246.2548306,20.0,150.0,1.0,-1.4484591484069824,0.0,-8.1295166015625,16.388545989990234,7.242295742034912,9.200078964233398,-0.05382853001356125,2.0980339046038807,1.4484591484069824,28.957948684692383
run_1780085037_5232a092,1780086248.248356,20.0,150.0,1.0,-1.4484591484069824,0.0,-8.1295166015625,16.489107131958008,7.242295742034912,9.294877052307129,-0.048066768795251846,2.0980339046038807,1.4484591484069824,28.957948684692383
run_1780085037_5232a092,1780086250.2521157,20.0,150.0,1.0,-1.3603544235229492,0.0,-8.03039836883545,16.125736236572266,6.801772117614746,9.388501167297363,-0.06453628093004227,1.8505641575984555,1.3603544235229492,28.957948684692383
run_1780085037_5232a092,1780086252.2529933,20.0,150.0,1.0,-1.3603544235229492,0.0,-8.03039836883545,16.22258186340332,6.801772117614746,9.4791898727417,-0.05838020518422127,1.8505641575984555,1.3603544235229492,28.957948684692383
run_1780085037_5232a092,1780086254.2545452,20.0,150.0,1.0,-1.40440034866333,0.0,-8.079950332641602,16.551061630249023,7.02200174331665,9.571346282958984,-0.04228561371564865,1.972340339325683,1.40440034866333,28.957948684692383
run_1780085037_5232a092,1780086256.2560165,20.0,150.0,1.0,-1.316293716430664,0.0,-7.980830192565918,16.182674407958984,6.5814690589904785,9.659686088562012,-0.0584794282913208,1.7326291479148495,1.316293716430664,28.957948684692383
run_1780085037_5232a092,1780086258.244896,20.0,150.0,1.0,-1.316293716430664,0.0,-7.980830192565918,16.2760066986084,6.5814690589904785,9.747438430786133,-0.052901118993759155,1.7326291479148495,1.316293716430664,28.957948684692383
run_1780085037_5232a092,1780086260.2481549,20.0,150.0,1.0,-1.2722172737121582,0.0,-7.931244373321533,16.135662078857422,6.361086845397949,9.832550048828125,-0.05797392129898071,1.6185367915315965,1.2722172737121582,28.957948684692383
run_1780085037_5232a092,1780086262.2515862,20.0,150.0,1.0,-1.2722172737121582,0.0,-7.931244373321533,16.226011276245117,6.361086845397949,9.917366981506348,-0.05244382098317146,1.6185367915315965,1.2722172737121582,28.957948684692383
run_1780085037_5232a092,1780086264.2575457,20.0,150.0,1.0,-1.22816801071167,0.0,-7.881689071655273,16.082828521728516,6.14084005355835,9.999542236328125,-0.05755401775240898,1.5083966625354606,1.22816801071167,28.957948684692383
run_1780085037_5232a092,1780086266.24193,20.0,150.0,1.0,-1.1841039657592773,0.0,-7.832117080688477,15.937882423400879,5.920519828796387,10.079957008361816,-0.06259405612945557,1.4021022017268479,1.1841039657592773,28.957948684692383
run_1780085037_5232a092,1780086268.2481618,20.0,150.0,1.0,-1.1841039657592773,0.0,-7.832117080688477,16.02280044555664,5.920519828796387,10.158903121948242,-0.05662325397133827,1.4021022017268479,1.1841039657592773,28.957948684692383
run_1780085037_5232a092,1780086270.2558126,20.0,150.0,1.0,-1.1841039657592773,0.0,-7.832117080688477,16.107147216796875,5.920519828796387,10.237849235534668,-0.05122198909521103,1.4021022017268479,1.1841039657592773,28.957948684692383
run_1780085037_5232a092,1780086272.2429368,20.0,150.0,1.0,-1.1400408744812012,0.0,-7.782545566558838,15.959035873413086,5.700204372406006,10.315910339355469,-0.05707906559109688,1.2996931954878619,1.1400408744812012,28.957948684692383
run_1780085037_5232a092,1780086274.247757,20.0,150.0,1.0,-1.1841039657592773,0.0,-7.832117080688477,16.272796630859375,5.920519828796387,10.39338207244873,-0.041104480624198914,1.4021022017268479,1.1841039657592773,28.957948684692383
run_1780085037_5232a092,1780086276.2520075,20.0,150.0,1.0,-1.09598970413208,0.0,-7.732988357543945,15.889567375183105,5.4799485206604,10.46703052520752,-0.05741272494196892,1.2011934315635244,1.09598970413208,28.957948684692383
run_1780085037_5232a092,1780086278.256875,20.0,150.0,1.0,-1.1400408744812012,0.0,-7.782545566558838,16.200355529785156,5.700204372406006,10.541559219360352,-0.041409146040678024,1.2996931954878619,1.1400408744812012,28.957948684692383
run_1780085037_5232a092,1780086280.2469327,20.0,150.0,1.0,-1.09598970413208,0.0,-7.732988357543945,16.045785903930664,5.4799485206604,10.612564086914062,-0.04672732576727867,1.2011934315635244,1.09598970413208,28.957948684692383
run_1780085037_5232a092,1780086282.250734,20.0,150.0,1.0,-1.0519099235534668,0.0,-7.683398723602295,15.890902519226074,5.259549617767334,10.684157371520996,-0.0528038889169693,1.1065144872702604,1.0519099235534668,28.957948684692383
run_1780085037_5232a092,1780086284.2546327,20.0,150.0,1.0,-1.0078577995300293,0.0,-7.633840084075928,15.734551429748535,5.0392889976501465,10.753988265991211,-0.05872491002082825,1.0157773440735127,1.0078577995300293,28.957948684692383
run_1780085037_5232a092,1780086286.2418258,20.0,150.0,1.0,-1.0078577995300293,0.0,-7.633840084075928,15.807344436645508,5.0392889976501465,10.82117748260498,-0.05312317609786987,1.0157773440735127,1.0078577995300293,28.957948684692383
run_1780085037_5232a092,1780086288.247374,20.0,150.0,1.0,-1.0078577995300293,0.0,-7.633840084075928,15.879599571228027,5.0392889976501465,10.88836669921875,-0.04805578663945198,1.0157773440735127,1.0078577995300293,28.957948684692383
run_1780085037_5232a092,1780086290.252507,20.0,150.0,1.0,-1.0078577995300293,0.0,-7.633840084075928,15.951374053955078,5.0392889976501465,10.955556869506836,-0.04347178339958191,1.0157773440735127,1.0078577995300293,28.957948684692383
run_1780085037_5232a092,1780086292.2430615,20.0,150.0,1.0,-0.9637908935546875,0.0,-7.584264755249023,15.789615631103516,4.8189544677734375,11.020103454589844,-0.049441859126091,0.928892886498943,0.9637908935546875,28.957948684692383
run_1780085037_5232a092,1780086294.2457292,20.0,150.0,1.0,-0.9197392463684082,0.0,-7.5347065925598145,15.626333236694336,4.598696231842041,11.082889556884766,-0.05525273084640503,0.8459202813103275,0.9197392463684082,28.957948684692383
run_1780085037_5232a092,1780086296.2459328,20.0,150.0,1.0,-0.9197392463684082,0.0,-7.5347065925598145,15.694425582885742,4.598696231842041,11.146556854248047,-0.05082671344280243,0.8459202813103275,0.9197392463684082,28.957948684692383
run_1780085037_5232a092,1780086298.2505653,20.0,150.0,1.0,-0.9637908935546875,0.0,-7.584264755249023,15.99284553527832,4.8189544677734375,11.209342956542969,-0.03545127436518669,0.928892886498943,0.9637908935546875,28.957948684692383
run_1780085037_5232a092,1780086300.2426531,20.0,150.0,1.0,-0.8756842613220215,0.0,-7.485145092010498,15.594436645507812,4.378421306610107,11.268312454223633,-0.05229702219367027,0.7668229255270944,0.8756842613220215,28.957948684692383
run_1780085037_5232a092,1780086302.2462444,20.0,150.0,1.0,-0.8756842613220215,0.0,-7.485145092010498,15.657808303833008,4.378421306610107,11.326695442199707,-0.047308437526226044,0.7668229255270944,0.8756842613220215,28.957948684692383
run_1780085037_5232a092,1780086304.2508848,20.0,150.0,1.0,-0.8316159248352051,0.0,-7.435567855834961,15.487985610961914,4.158079624176025,11.383023262023926,-0.0531177744269371,0.6915850464395135,0.8316159248352051,28.957948684692383
run_1780085037_5232a092,1780086306.2419903,20.0,150.0,1.0,-0.8316159248352051,0.0,-7.435567855834961,15.548500061035156,4.158079624176025,11.438469886779785,-0.0480508953332901,0.6915850464395135,0.8316159248352051,28.957948684692383
run_1780085037_5232a092,1780086308.2515078,20.0,150.0,1.0,-0.8316159248352051,0.0,-7.435567855834961,15.60853099822998,4.158079624176025,11.493917465209961,-0.04346734657883644,0.6915850464395135,0.8316159248352051,28.957948684692383
run_1780085037_5232a092,1780086310.2542331,20.0,150.0,1.0,-0.7875461578369141,0.0,-7.385989189147949,15.435769081115723,3.9377310276031494,11.547889709472656,-0.04985247924923897,0.6202289507236856,0.7875461578369141,28.957948684692383
run_1780085037_5232a092,1780086312.2436259,20.0,150.0,1.0,-0.8316159248352051,0.0,-7.435567855834961,15.724627494812012,4.158079624176025,11.60068130493164,-0.034134723246097565,0.6915850464395135,0.8316159248352051,28.957948684692383
run_1780085037_5232a092,1780086314.249204,20.0,150.0,1.0,-0.7875461578369141,0.0,-7.385989189147949,15.550973892211914,3.9377310276031494,11.654653549194336,-0.04141007736325264,0.6202289507236856,0.7875461578369141,28.957948684692383
run_1780085037_5232a092,1780086316.2548468,20.0,150.0,1.0,-0.7434768676757812,0.0,-7.336411476135254,15.375818252563477,3.7173845767974854,11.706856727600098,-0.04842221736907959,0.5527578527689911,0.7434768676757812,28.957948684692383
run_1780085037_5232a092,1780086318.2499053,20.0,150.0,1.0,-0.7875461578369141,0.0,-7.385989189147949,15.662344932556152,3.9377310276031494,11.757885932922363,-0.0332719162106514,0.6202289507236856,0.7875461578369141,28.957948684692383
run_1780085037_5232a092,1780086320.2568161,20.0,150.0,1.0,-0.7434768676757812,0.0,-7.336411476135254,15.485291481018066,3.7173845767974854,11.808327674865723,-0.04042040556669235,0.5527578527689911,0.7434768676757812,28.957948684692383
run_1780085037_5232a092,1780086322.2495935,20.0,150.0,1.0,-0.6994061470031738,0.0,-7.286831855773926,15.306355476379395,3.4970309734344482,11.85642147064209,-0.04709640517830849,0.4891689584658252,0.6994061470031738,28.957948684692383
run_1780085037_5232a092,1780086324.257135,20.0,150.0,1.0,-0.6994061470031738,0.0,-7.286831855773926,15.357473373413086,3.4970309734344482,11.903046607971191,-0.042603906244039536,0.4891689584658252,0.6994061470031738,28.957948684692383
run_1780085037_5232a092,1780086326.2478921,20.0,150.0,1.0,-0.6994061470031738,0.0,-7.286831855773926,15.408163070678711,3.4970309734344482,11.94967269897461,-0.03853994980454445,0.4891689584658252,0.6994061470031738,28.957948684692383
run_1780085037_5232a092,1780086328.2516534,20.0,150.0,1.0,-0.6553487777709961,0.0,-7.23726749420166,15.22692584991455,3.2767441272735596,11.996005058288574,-0.045822907239198685,0.4294820205259384,0.6553487777709961,28.957948684692383
run_1780085037_5232a092,1780086330.2422645,20.0,150.0,1.0,-0.6553487777709961,0.0,-7.23726749420166,15.274986267089844,3.2767441272735596,12.039694786071777,-0.04145188257098198,0.4294820205259384,0.6553487777709961,28.957948684692383
run_1780085037_5232a092,1780086332.246738,20.0,150.0,1.0,-0.6553487777709961,0.0,-7.23726749420166,15.3226318359375,3.2767441272735596,12.083385467529297,-0.03749781474471092,0.4294820205259384,0.6553487777709961,28.957948684692383
run_1780085037_5232a092,1780086334.2451653,20.0,150.0,1.0,-0.6112766265869141,0.0,-7.187685966491699,15.13791275024414,3.0563831329345703,12.126194953918457,-0.04466623067855835,0.37365911421147757,0.6112766265869141,28.957948684692383
run_1780085037_5232a092,1780086336.247325,20.0,150.0,1.0,-0.6112766265869141,0.0,-7.187685966491699,15.184049606323242,3.0563831329345703,12.168710708618164,-0.04104553535580635,0.37365911421147757,0.6112766265869141,28.957948684692383
run_1780085037_5232a092,1780086338.2501855,20.0,150.0,1.0,-0.6112766265869141,0.0,-7.187685966491699,15.228718757629395,3.0563831329345703,12.209465026855469,-0.03713022544980049,0.37365911421147757,0.6112766265869141,28.957948684692383
run_1780085037_5232a092,1780086340.241496,20.0,150.0,1.0,-0.6112766265869141,0.0,-7.187685966491699,15.273015022277832,3.0563831329345703,12.25022029876709,-0.03358839452266693,0.37365911421147757,0.6112766265869141,28.957948684692383
run_1780085037_5232a092,1780086342.2480965,20.0,150.0,1.0,-0.567204475402832,0.0,-7.1381049156188965,15.084986686706543,2.83602237701416,12.290094375610352,-0.04112973436713219,0.3217209169170019,0.567204475402832,28.957948684692383
run_1780085037_5232a092,1780086344.25312,20.0,150.0,1.0,-0.567204475402832,0.0,-7.1381049156188965,15.128972053527832,2.83602237701416,12.331436157226562,-0.03848636522889137,0.3217209169170019,0.567204475402832,28.957948684692383
run_1780085037_5232a092,1780086346.2431078,20.0,150.0,1.0,-0.567204475402832,0.0,-7.1381049156188965,15.170462608337402,2.83602237701416,12.369255065917969,-0.03481517732143402,0.3217209169170019,0.567204475402832,28.957948684692383
run_1780085037_5232a092,1780086348.2538574,20.0,150.0,1.0,-0.567204475402832,0.0,-7.1381049156188965,15.212723731994629,2.83602237701416,12.408835411071777,-0.03213416412472725,0.3217209169170019,0.567204475402832,28.957948684692383
run_1780085037_5232a092,1780086350.241452,20.0,150.0,1.0,-0.567204475402832,0.0,-7.1381049156188965,15.253607749938965,2.83602237701416,12.446654319763184,-0.029068905860185623,0.3217209169170019,0.567204475402832,28.957948684692383
run_1780085037_5232a092,1780086352.24704,20.0,150.0,1.0,-0.5231304168701172,0.0,-7.088521957397461,15.062572479248047,2.615652084350586,12.48417854309082,-0.03725944831967354,0.2736654330547026,0.5231304168701172,28.957948684692383
run_1780085037_5232a092,1780086354.2506921,20.0,150.0,1.0,-0.5231304168701172,0.0,-7.088521957397461,15.100995063781738,2.615652084350586,12.519047737121582,-0.03370528668165207,0.2736654330547026,0.5231304168701172,28.957948684692383
run_1780085037_5232a092,1780086356.2562585,20.0,150.0,1.0,-0.5231304168701172,0.0,-7.088521957397461,15.139077186584473,2.615652084350586,12.553916931152344,-0.030490156263113022,0.2736654330547026,0.5231304168701172,28.957948684692383
run_1780085037_5232a092,1780086358.244752,20.0,150.0,1.0,-0.5231304168701172,0.0,-7.088521957397461,15.177997589111328,2.615652084350586,12.590556144714355,-0.028209025040268898,0.2736654330547026,0.5231304168701172,28.957948684692383
run_1780085037_5232a092,1780086360.2447517,20.0,150.0,1.0,-0.567204475402832,0.0,-7.1381049156188965,15.44831657409668,2.83602237701416,12.627490043640137,-0.015194783918559551,0.3217209169170019,0.567204475402832,28.957948684692383
run_1780085037_5232a092,1780086362.2496924,20.0,150.0,1.0,-0.47905588150024414,0.0,-7.038938045501709,15.023591041564941,2.3952794075012207,12.66354751586914,-0.035237040370702744,0.22949453759997596,0.47905588150024414,28.957948684692383
run_1780085037_5232a092,1780086364.2552006,20.0,150.0,1.0,-0.5231304168701172,0.0,-7.088521957397461,15.291640281677246,2.615652084350586,12.697540283203125,-0.02155229076743126,0.2736654330547026,0.5231304168701172,28.957948684692383
run_1780085037_5232a092,1780086366.254053,20.0,150.0,1.0,-0.5231304168701172,0.0,-7.088521957397461,15.327438354492188,2.615652084350586,12.730656623840332,-0.01886911503970623,0.2736654330547026,0.5231304168701172,28.957948684692383
run_1780085037_5232a092,1780086368.2556856,20.0,150.0,1.0,-0.47905588150024414,0.0,-7.038938045501709,15.131367683410645,2.3952794075012207,12.763481140136719,-0.027392711490392685,0.22949453759997596,0.47905588150024414,28.957948684692383
run_1780085037_5232a092,1780086370.2477741,20.0,150.0,1.0,-0.47905588150024414,0.0,-7.038938045501709,15.167054176330566,2.3952794075012207,12.797181129455566,-0.025407053530216217,0.22949453759997596,0.47905588150024414,28.957948684692383
run_1780085037_5232a092,1780086372.2453632,20.0,150.0,1.0,-0.5231304168701172,0.0,-7.088521957397461,15.434165000915527,2.615652084350586,12.83117389678955,-0.012659978121519089,0.2736654330547026,0.5231304168701172,28.957948684692383
run_1780085037_5232a092,1780086374.2542567,20.0,150.0,1.0,-0.4349956512451172,0.0,-6.989370346069336,15.005193710327148,2.174978256225586,12.862528800964355,-0.03231334686279297,0.18922121660216362,0.4349956512451172,28.957948684692383
run_1780085037_5232a092,1780086376.2451997,20.0,150.0,1.0,-0.4349956512451172,0.0,-6.989370346069336,15.037272453308105,2.174978256225586,12.891526222229004,-0.0292309932410717,0.18922121660216362,0.4349956512451172,28.957948684692383
run_1780085037_5232a092,1780086378.2474854,20.0,150.0,1.0,-0.4349956512451172,0.0,-6.989370346069336,15.070202827453613,2.174978256225586,12.922294616699219,-0.027069784700870514,0.18922121660216362,0.4349956512451172,28.957948684692383
run_1780085037_5232a092,1780086380.2545803,20.0,150.0,1.0,-0.4349956512451172,0.0,-6.989370346069336,15.10178279876709,2.174978256225586,12.951292037963867,-0.024487610906362534,0.18922121660216362,0.4349956512451172,28.957948684692383
run_1780085037_5232a092,1780086382.2499557,20.0,150.0,1.0,-0.4349956512451172,0.0,-6.989370346069336,15.133115768432617,2.174978256225586,12.980289459228516,-0.022151751443743706,0.18922121660216362,0.4349956512451172,28.957948684692383
run_1780085037_5232a092,1780086384.2533772,20.0,150.0,1.0,-0.47905588150024414,0.0,-7.038938045501709,15.39653205871582,2.3952794075012207,13.010762214660645,-0.009509539231657982,0.22949453759997596,0.47905588150024414,28.957948684692383
run_1780085037_5232a092,1780086386.2562613,20.0,150.0,1.0,-0.4349956512451172,0.0,-6.989370346069336,15.19631576538086,2.174978256225586,13.040055274963379,-0.018717730417847633,0.18922121660216362,0.4349956512451172,28.957948684692383
run_1780085037_5232a092,1780086388.243958,20.0,150.0,1.0,-0.4349956512451172,0.0,-6.989370346069336,15.22709846496582,2.174978256225586,13.069052696228027,-0.016932258382439613,0.18922121660216362,0.4349956512451172,28.957948684692383
run_1780085037_5232a092,1780086390.2519498,20.0,150.0,1.0,-0.47905588150024414,0.0,-7.038938045501709,15.488497734069824,2.3952794075012207,13.09716510772705,-0.0039473650977015495,0.22949453759997596,0.47905588150024414,28.957948684692383
run_1780085037_5232a092,1780086392.2568152,20.0,150.0,1.0,-0.39092063903808594,0.0,-6.939785957336426,15.056133270263672,1.9546031951904297,13.126163482666016,-0.02463269606232643,0.15281894602594548,0.39092063903808594,28.957948684692383
run_1780085037_5232a092,1780086394.2545745,20.0,150.0,1.0,-0.39092063903808594,0.0,-6.939785957336426,15.0845308303833,1.9546031951904297,13.152210235595703,-0.022282999008893967,0.15281894602594548,0.39092063903808594,28.957948684692383
run_1780085037_5232a092,1780086396.2550552,20.0,150.0,1.0,-0.39092063903808594,0.0,-6.939785957336426,15.112704277038574,1.9546031951904297,13.178257942199707,-0.020157435908913612,0.15281894602594548,0.39092063903808594,28.957948684692383
run_1780085037_5232a092,1780086398.2580633,20.0,150.0,1.0,-0.39092063903808594,0.0,-6.939785957336426,15.140673637390137,1.9546031951904297,13.204304695129395,-0.018234631046652794,0.15281894602594548,0.39092063903808594,28.957948684692383
run_1780085037_5232a092,1780086400.243505,20.0,150.0,1.0,-0.4349956512451172,0.0,-6.989370346069336,15.400843620300293,2.174978256225586,13.231827735900879,-0.0059625376015901566,0.18922121660216362,0.4349956512451172,28.957948684692383
run_1780085037_5232a092,1780086402.2428691,20.0,150.0,1.0,-0.39092063903808594,0.0,-6.939785957336426,15.197260856628418,1.9546031951904297,13.258169174194336,-0.015512470155954361,0.15281894602594548,0.39092063903808594,28.957948684692383
run_1780085037_5232a092,1780086404.242774,20.0,150.0,1.0,-0.4349956512451172,0.0,-6.989370346069336,15.457169532775879,2.174978256225586,13.28569221496582,-0.003500043647363782,0.18922121660216362,0.4349956512451172,28.957948684692383
run_1780085037_5232a092,1780086406.2574306,20.0,150.0,1.0,-0.4349956512451172,0.0,-6.989370346069336,15.484232902526855,2.174978256225586,13.311166763305664,-0.0019113147864118218,0.18922121660216362,0.4349956512451172,28.957948684692383
run_1780085037_5232a092,1780086408.2422364,20.0,150.0,1.0,-0.3468303680419922,0.0,-6.89018440246582,15.048583030700684,1.734151840209961,13.337228775024414,-0.022798046469688416,0.12029130419614376,0.3468303680419922,28.957948684692383
run_1780085037_5232a092,1780086410.2486112,20.0,150.0,1.0,-0.3468303680419922,0.0,-6.89018440246582,15.073884963989258,1.734151840209961,13.360355377197266,-0.020623350515961647,0.12029130419614376,0.3468303680419922,28.957948684692383
run_1780085037_5232a092,1780086412.245635,20.0,150.0,1.0,-0.3468303680419922,0.0,-6.89018440246582,15.098978996276855,1.734151840209961,13.383481979370117,-0.01865610107779503,0.12029130419614376,0.3468303680419922,28.957948684692383
run_1780085037_5232a092,1780086414.2483153,20.0,150.0,1.0,-0.3468303680419922,0.0,-6.89018440246582,15.123884201049805,1.734151840209961,13.406608581542969,-0.016876503825187683,0.12029130419614376,0.3468303680419922,28.957948684692383
run_1780085037_5232a092,1780086416.256142,20.0,150.0,1.0,-0.3468303680419922,0.0,-6.89018440246582,15.148621559143066,1.734151840209961,13.42973518371582,-0.015266666188836098,0.12029130419614376,0.3468303680419922,28.957948684692383
run_1780085037_5232a092,1780086418.2552233,20.0,150.0,1.0,-0.3468303680419922,0.0,-6.89018440246582,15.17320442199707,1.734151840209961,13.452861785888672,-0.013810385018587112,0.12029130419614376,0.3468303680419922,28.957948684692383
run_1780085037_5232a092,1780086420.2460868,20.0,150.0,1.0,-0.3468303680419922,0.0,-6.89018440246582,15.197648048400879,1.734151840209961,13.475988388061523,-0.012493019923567772,0.12029130419614376,0.3468303680419922,28.957948684692383
run_1780085037_5232a092,1780086422.2524142,20.0,150.0,1.0,-0.3468303680419922,0.0,-6.89018440246582,15.221966743469238,1.734151840209961,13.499114990234375,-0.011301319114863873,0.12029130419614376,0.3468303680419922,28.957948684692383
run_1780085037_5232a092,1780086424.251916,20.0,150.0,1.0,-0.3027677536010742,0.0,-6.84061336517334,15.013853073120117,1.513838768005371,13.520767211914062,-0.020753033459186554,0.09166831262064079,0.3027677536010742,28.957948684692383
run_1780085037_5232a092,1780086426.2517495,20.0,150.0,1.0,-0.3027677536010742,0.0,-6.84061336517334,15.03901481628418,1.513838768005371,13.545639991760254,-0.020463379099965096,0.09166831262064079,0.3027677536010742,28.957948684692383
run_1780085037_5232a092,1780086428.2544255,20.0,150.0,1.0,-0.3027677536010742,0.0,-6.84061336517334,15.061142921447754,1.513838768005371,13.565815925598145,-0.018511388450860977,0.09166831262064079,0.3027677536010742,28.957948684692383
run_1780085037_5232a092,1780086430.244,20.0,150.0,1.0,-0.3027677536010742,0.0,-6.84061336517334,15.083085060119629,1.513838768005371,13.585991859436035,-0.01674559712409973,0.09166831262064079,0.3027677536010742,28.957948684692383
run_1780085037_5232a092,1780086432.256206,20.0,150.0,1.0,-0.3027677536010742,0.0,-6.84061336517334,15.1048583984375,1.513838768005371,13.606168746948242,-0.015148242935538292,0.09166831262064079,0.3027677536010742,28.957948684692383
run_1780085037_5232a092,1780086434.2444465,20.0,150.0,1.0,-0.3468303680419922,0.0,-6.89018440246582,15.358048439025879,1.734151840209961,13.626639366149902,-0.002742694690823555,0.12029130419614376,0.3468303680419922,28.957948684692383
run_1780085037_5232a092,1780086436.2423697,20.0,150.0,1.0,-0.3027677536010742,0.0,-6.84061336517334,15.14911937713623,1.513838768005371,13.648290634155273,-0.013010811060667038,0.09166831262064079,0.3027677536010742,28.957948684692383
run_1780085037_5232a092,1780086438.257241,20.0,150.0,1.0,-0.3468303680419922,0.0,-6.89018440246582,15.402105331420898,1.734151840209961,13.66876220703125,-0.0008091509807854891,0.12029130419614376,0.3468303680419922,28.957948684692383
run_1780085037_5232a092,1780086440.2433844,20.0,150.0,1.0,-0.3027677536010742,0.0,-6.84061336517334,15.19299030303955,1.513838768005371,13.690413475036621,-0.011261705309152603,0.09166831262064079,0.3027677536010742,28.957948684692383
run_1780085037_5232a092,1780086442.2509422,20.0,150.0,1.0,-0.3027677536010742,0.0,-6.84061336517334,15.215371131896973,1.513838768005371,13.712360382080078,-0.010827303864061832,0.09166831262064079,0.3027677536010742,28.957948684692383
run_1780085037_5232a092,1780086444.2539113,20.0,150.0,1.0,-0.3027677536010742,0.0,-6.84061336517334,15.236579895019531,1.513838768005371,13.732536315917969,-0.00979449413716793,0.09166831262064079,0.3027677536010742,28.957948684692383
run_1780085037_5232a092,1780086446.243348,20.0,150.0,1.0,-0.3027677536010742,0.0,-6.84061336517334,15.2576904296875,1.513838768005371,13.75271224975586,-0.008860202506184578,0.09166831262064079,0.3027677536010742,28.957948684692383
run_1780085037_5232a092,1780086448.247388,20.0,150.0,1.0,-0.3027677536010742,0.0,-6.84061336517334,15.278712272644043,1.513838768005371,13.77288818359375,-0.008015032857656479,0.09166831262064079,0.3027677536010742,28.957948684692383
run_1780085037_5232a092,1780086450.2545812,20.0,150.0,1.0,-0.3027677536010742,0.0,-6.84061336517334,15.299652099609375,1.513838768005371,13.793065071105957,-0.007250485010445118,0.09166831262064079,0.3027677536010742,28.957948684692383
run_1780085037_5232a092,1780086452.252917,20.0,150.0,1.0,-0.25869035720825195,0.0,-6.791026592254639,15.088140487670898,1.2934517860412598,13.81178092956543,-0.017092136666178703,0.066920700912533,0.25869035720825195,28.957948684692383
run_1780085037_5232a092,1780086454.2426944,20.0,150.0,1.0,-0.25869035720825195,0.0,-6.791026592254639,15.108138084411621,1.2934517860412598,13.830788612365723,-0.016101792454719543,0.066920700912533,0.25869035720825195,28.957948684692383
run_1780085037_5232a092,1780086456.251841,20.0,150.0,1.0,-0.3027677536010742,0.0,-6.84061336517334,15.3593111038208,1.513838768005371,13.849504470825195,-0.004032578784972429,0.09166831262064079,0.3027677536010742,28.957948684692383
run_1780085037_5232a092,1780086458.2537718,20.0,150.0,1.0,-0.25869035720825195,0.0,-6.791026592254639,15.147115707397461,1.2934517860412598,13.867635726928711,-0.01397209893912077,0.066920700912533,0.25869035720825195,28.957948684692383
run_1780085037_5232a092,1780086460.2557778,20.0,150.0,1.0,-0.3468303680419922,0.0,-6.89018440246582,15.630403518676758,1.734151840209961,13.887826919555664,0.008423702791333199,0.12029130419614376,0.3468303680419922,28.957948684692383
run_1780085037_5232a092,1780086462.2438574,20.0,150.0,1.0,-0.25869035720825195,0.0,-6.791026592254639,15.187271118164062,1.2934517860412598,13.906844139099121,-0.013024727813899517,0.066920700912533,0.25869035720825195,28.957948684692383
run_1780085037_5232a092,1780086464.2460914,20.0,150.0,1.0,-0.25869035720825195,0.0,-6.791026592254639,15.205769538879395,1.2934517860412598,13.924099922180176,-0.01178230345249176,0.066920700912533,0.25869035720825195,28.957948684692383
run_1780085037_5232a092,1780086466.2521584,20.0,150.0,1.0,-0.25869035720825195,0.0,-6.791026592254639,15.225261688232422,1.2934517860412598,13.943107604980469,-0.011298458091914654,0.066920700912533,0.25869035720825195,28.957948684692383
run_1780085037_5232a092,1780086468.2485793,20.0,150.0,1.0,-0.25869035720825195,0.0,-6.791026592254639,15.2435941696167,1.2934517860412598,13.960363388061523,-0.010220704600214958,0.066920700912533,0.25869035720825195,28.957948684692383
run_1780085037_5232a092,1780086470.254215,20.0,150.0,1.0,-0.25869035720825195,0.0,-6.791026592254639,15.261824607849121,1.2934517860412598,13.977618217468262,-0.009245757944881916,0.066920700912533,0.25869035720825195,28.957948684692383
run_1780085037_5232a092,1780086472.2526646,20.0,150.0,1.0,-0.25869035720825195,0.0,-6.791026592254639,15.279962539672852,1.2934517860412598,13.994874000549316,-0.008363810367882252,0.066920700912533,0.25869035720825195,28.957948684692383
run_1780085037_5232a092,1780086474.2442007,20.0,150.0,1.0,-0.25869035720825195,0.0,-6.791026592254639,15.299127578735352,1.2934517860412598,14.01388168334961,-0.008206050843000412,0.066920700912533,0.25869035720825195,28.957948684692383
run_1780085037_5232a092,1780086476.2497284,20.0,150.0,1.0,-0.25869035720825195,0.0,-6.791026592254639,15.31716537475586,1.2934517860412598,14.031137466430664,-0.007423280272632837,0.066920700912533,0.25869035720825195,28.957948684692383
run_1780085037_5232a092,1780086478.2565944,20.0,150.0,1.0,-0.25869035720825195,0.0,-6.791026592254639,15.33513069152832,1.2934517860412598,14.048393249511719,-0.0067151798866689205,0.066920700912533,0.25869035720825195,28.957948684692383
run_1780085037_5232a092,1780086480.2422464,20.0,150.0,1.0,-0.25869035720825195,0.0,-6.791026592254639,15.353025436401367,1.2934517860412598,14.065649032592773,-0.006074623670428991,0.066920700912533,0.25869035720825195,28.957948684692383
run_1780085037_5232a092,1780086482.2444916,20.0,150.0,1.0,-0.25869035720825195,0.0,-6.791026592254639,15.370861053466797,1.2934517860412598,14.082903861999512,-0.005495169665664434,0.066920700912533,0.25869035720825195,28.957948684692383
run_1780085037_5232a092,1780086484.2449996,20.0,150.0,1.0,-0.25869035720825195,0.0,-6.791026592254639,15.388640403747559,1.2934517860412598,14.100159645080566,-0.004970987793058157,0.066920700912533,0.25869035720825195,28.957948684692383
run_1780085037_5232a092,1780086486.253332,20.0,150.0,1.0,-0.3027677536010742,0.0,-6.84061336517334,15.638012886047363,1.513838768005371,14.117707252502441,0.006467435043305159,0.09166831262064079,0.3027677536010742,28.957948684692383
run_1780085037_5232a092,1780086488.256231,20.0,150.0,1.0,-0.25869035720825195,0.0,-6.791026592254639,15.425562858581543,1.2934517860412598,14.137007713317871,-0.004896087571978569,0.066920700912533,0.25869035720825195,28.957948684692383
run_1780085037_5232a092,1780086490.2578712,20.0,150.0,1.0,-0.3027677536010742,0.0,-6.84061336517334,15.676040649414062,1.513838768005371,14.156307220458984,0.00589512987062335,0.09166831262064079,0.3027677536010742,28.957948684692383
run_1780085037_5232a092,1780086492.2487078,20.0,150.0,1.0,-0.25869035720825195,0.0,-6.791026592254639,15.462520599365234,1.2934517860412598,14.17385482788086,-0.004786443896591663,0.066920700912533,0.25869035720825195,28.957948684692383
run_1780085037_5232a092,1780086494.2557044,20.0,150.0,1.0,-0.25869035720825195,0.0,-6.791026592254639,15.480232238769531,1.2934517860412598,14.191110610961914,-0.004329868592321873,0.066920700912533,0.25869035720825195,28.957948684692383
run_1780085037_5232a092,1780086496.258006,20.0,150.0,1.0,-0.25869035720825195,0.0,-6.791026592254639,15.49790096282959,1.2934517860412598,14.208366394042969,-0.0039168456569314,0.066920700912533,0.25869035720825195,28.957948684692383
run_1780085037_5232a092,1780086498.2423768,20.0,150.0,1.0,-0.3027677536010742,0.0,-6.84061336517334,15.748286247253418,1.513838768005371,14.227665901184082,0.006780961062759161,0.09166831262064079,0.3027677536010742,28.957948684692383
run_1780085037_5232a092,1780086500.2439015,20.0,150.0,1.0,-0.3027677536010742,0.0,-6.84061336517334,15.766690254211426,1.513838768005371,14.246089935302734,0.0067614843137562275,0.09166831262064079,0.3027677536010742,28.957948684692383
run_1780085037_5232a092,1780086502.2460897,20.0,150.0,1.0,-0.25869035720825195,0.0,-6.791026592254639,15.553465843200684,1.2934517860412598,14.26422119140625,-0.004207671154290438,0.066920700912533,0.25869035720825195,28.957948684692383
run_1780085037_5232a092,1780086504.2514682,20.0,150.0,1.0,-0.25869035720825195,0.0,-6.791026592254639,15.572248458862305,1.2934517860412598,14.28322982788086,-0.004433659836649895,0.066920700912533,0.25869035720825195,28.957948684692383
run_1780085037_5232a092,1780086506.2546806,20.0,150.0,1.0,-0.3027677536010742,0.0,-6.84061336517334,15.822681427001953,1.513838768005371,14.302529335021973,0.006313444580882788,0.09166831262064079,0.3027677536010742,28.957948684692383
run_1780085037_5232a092,1780086508.2549562,20.0,150.0,1.0,-0.25869035720825195,0.0,-6.791026592254639,15.607978820800781,1.2934517860412598,14.318306922912598,-0.0037810797803103924,0.066920700912533,0.25869035720825195,28.957948684692383
run_1780085037_5232a092,1780086510.2543,20.0,150.0,1.0,-0.21464109420776367,0.0,-6.741471290588379,15.392965316772461,1.0732054710388184,14.333497047424316,-0.013737993314862251,0.04607079932270608,0.21464109420776367,28.957948684692383
run_1780085037_5232a092,1780086512.245507,20.0,150.0,1.0,-0.21464109420776367,0.0,-6.741471290588379,15.40857982635498,1.0732054710388184,14.34780216217041,-0.01242753490805626,0.04607079932270608,0.21464109420776367,28.957948684692383
run_1780085037_5232a092,1780086514.2509527,20.0,150.0,1.0,-0.3027677536010742,0.0,-6.84061336517334,15.889455795288086,1.513838768005371,14.366216659545898,0.009399693459272385,0.09166831262064079,0.3027677536010742,28.957948684692383
run_1780085037_5232a092,1780086516.2513037,20.0,150.0,1.0,-0.21464109420776367,0.0,-6.741471290588379,15.44372844696045,1.0732054710388184,14.382879257202148,-0.012355918064713478,0.04607079932270608,0.21464109420776367,28.957948684692383
run_1780085037_5232a092,1780086518.2576516,20.0,150.0,1.0,-0.21464109420776367,0.0,-6.741471290588379,15.459212303161621,1.0732054710388184,14.397184371948242,-0.01117729302495718,0.04607079932270608,0.21464109420776367,28.957948684692383
run_1780085037_5232a092,1780086520.2431624,20.0,150.0,1.0,-0.25869035720825195,0.0,-6.791026592254639,15.70645523071289,1.2934517860412598,14.412374496459961,0.000628640700597316,0.066920700912533,0.25869035720825195,28.957948684692383
run_1780085037_5232a092,1780086522.25094,20.0,150.0,1.0,-0.25869035720825195,0.0,-6.791026592254639,15.723651885986328,1.2934517860412598,14.429630279541016,0.0005686749937012792,0.066920700912533,0.25869035720825195,28.957948684692383
run_1780085037_5232a092,1780086524.2542117,20.0,150.0,1.0,-0.21464109420776367,0.0,-6.741471290588379,15.508980751037598,1.0732054710388184,14.446001052856445,-0.010225307196378708,0.04607079932270608,0.21464109420776367,28.957948684692383
run_1780085037_5232a092,1780086526.2423992,20.0,150.0,1.0,-0.21464109420776367,0.0,-6.741471290588379,15.524260520935059,1.0732054710388184,14.460306167602539,-0.009249921888113022,0.04607079932270608,0.21464109420776367,28.957948684692383
run_1780085037_5232a092,1780086528.2442327,20.0,150.0,1.0,-0.25869035720825195,0.0,-6.791026592254639,15.77246379852295,1.2934517860412598,14.477266311645508,0.001745204790495336,0.066920700912533,0.25869035720825195,28.957948684692383
run_1780085037_5232a092,1780086530.2433467,20.0,150.0,1.0,-0.21464109420776367,0.0,-6.741471290588379,15.557304382324219,1.0732054710388184,14.493046760559082,-0.008947817608714104,0.04607079932270608,0.21464109420776367,28.957948684692383
run_1780085037_5232a092,1780086532.245016,20.0,150.0,1.0,-0.21464109420776367,0.0,-6.741471290588379,15.572463035583496,1.0732054710388184,14.507351875305176,-0.008094290271401405,0.04607079932270608,0.21464109420776367,28.957948684692383
run_1780085037_5232a092,1780086534.2515702,20.0,150.0,1.0,-0.21464109420776367,0.0,-6.741471290588379,15.587539672851562,1.0732054710388184,14.52165699005127,-0.007322180084884167,0.04607079932270608,0.21464109420776367,28.957948684692383
run_1780085037_5232a092,1780086536.2547822,20.0,150.0,1.0,-0.21464109420776367,0.0,-6.741471290588379,15.601418495178223,1.0732054710388184,14.534209251403809,-0.005996353458613157,0.04607079932270608,0.21464109420776367,28.957948684692383
run_1780085037_5232a092,1780086538.2458053,20.0,150.0,1.0,-0.170562744140625,0.0,-6.691883087158203,15.3839111328125,0.8528137803077698,14.547054290771484,-0.015957864001393318,0.029091649688780308,0.170562744140625,28.957948684692383
run_1780085037_5232a092,1780086540.2477846,20.0,150.0,1.0,-0.21464109420776367,0.0,-6.741471290588379,15.628830909729004,1.0732054710388184,14.559314727783203,-0.0036888231988996267,0.04607079932270608,0.21464109420776367,28.957948684692383
run_1780085037_5232a092,1780086542.2466574,20.0,150.0,1.0,-0.21464109420776367,0.0,-6.741471290588379,15.643489837646484,1.0732054710388184,14.573619842529297,-0.0033369488082826138,0.04607079932270608,0.21464109420776367,28.957948684692383
run_1780085037_5232a092,1780086544.2556782,20.0,150.0,1.0,-0.170562744140625,0.0,-6.691883087158203,15.426464080810547,0.8528137803077698,14.58763313293457,-0.013983120210468769,0.029091649688780308,0.170562744140625,28.957948684692383
run_1780085037_5232a092,1780086546.2566845,20.0,150.0,1.0,-0.170562744140625,0.0,-6.691883087158203,15.43918228149414,0.8528137803077698,14.599018096923828,-0.012649277225136757,0.029091649688780308,0.170562744140625,28.957948684692383
run_1780085037_5232a092,1780086548.2450778,20.0,150.0,1.0,-0.170562744140625,0.0,-6.691883087158203,15.451773643493652,0.8528137803077698,14.61040210723877,-0.011442669667303562,0.029091649688780308,0.170562744140625,28.957948684692383
run_1780085037_5232a092,1780086550.2457423,20.0,150.0,1.0,-0.170562744140625,0.0,-6.691883087158203,15.464249610900879,0.8528137803077698,14.621787071228027,-0.010351159609854221,0.029091649688780308,0.170562744140625,28.957948684692383
run_1780085037_5232a092,1780086552.2545545,20.0,150.0,1.0,-0.170562744140625,0.0,-6.691883087158203,15.478113174438477,0.8528137803077698,14.635507583618164,-0.010208787396550179,0.029091649688780308,0.170562744140625,28.957948684692383
run_1780085037_5232a092,1780086554.2469559,20.0,150.0,1.0,-0.170562744140625,0.0,-6.691883087158203,15.490472793579102,0.8528137803077698,14.646892547607422,-0.009234976023435593,0.029091649688780308,0.170562744140625,28.957948684692383
run_1780085037_5232a092,1780086556.2525318,20.0,150.0,1.0,-0.170562744140625,0.0,-6.691883087158203,15.502737045288086,0.8528137803077698,14.658276557922363,-0.008354058489203453,0.029091649688780308,0.170562744140625,28.957948684692383
run_1780085037_5232a092,1780086558.246699,20.0,150.0,1.0,-0.170562744140625,0.0,-6.691883087158203,15.514917373657227,0.8528137803077698,14.669661521911621,-0.007557169534265995,0.029091649688780308,0.170562744140625,28.957948684692383
run_1780085037_5232a092,1780086560.255717,20.0,150.0,1.0,-0.170562744140625,0.0,-6.691883087158203,15.527023315429688,0.8528137803077698,14.681045532226562,-0.00683629559352994,0.029091649688780308,0.170562744140625,28.957948684692383
run_1780085037_5232a092,1780086562.2523644,20.0,150.0,1.0,-0.170562744140625,0.0,-6.691883087158203,15.539060592651367,0.8528137803077698,14.69243049621582,-0.0061841849237680435,0.029091649688780308,0.170562744140625,28.957948684692383
run_1780085037_5232a092,1780086564.2519841,20.0,150.0,1.0,-0.170562744140625,0.0,-6.691883087158203,15.551034927368164,0.8528137803077698,14.703814506530762,-0.005594279151409864,0.029091649688780308,0.170562744140625,28.957948684692383
run_1780085037_5232a092,1780086566.2539968,20.0,150.0,1.0,-0.21464109420776367,0.0,-6.741471290588379,15.795337677001953,1.0732054710388184,14.716659545898438,0.005472855642437935,0.04607079932270608,0.21464109420776367,28.957948684692383
run_1780085037_5232a092,1780086568.2575119,20.0,150.0,1.0,-0.170562744140625,0.0,-6.691883087158203,15.577472686767578,0.8528137803077698,14.730672836303711,-0.006013675592839718,0.029091649688780308,0.170562744140625,28.957948684692383
run_1780085037_5232a092,1780086570.2441769,20.0,150.0,1.0,-0.170562744140625,0.0,-6.691883087158203,15.589430809020996,0.8528137803077698,14.742056846618652,-0.005440035369247198,0.029091649688780308,0.170562744140625,28.957948684692383
run_1780085037_5232a092,1780086572.2567208,20.0,150.0,1.0,-0.170562744140625,0.0,-6.691883087158203,15.601333618164062,0.8528137803077698,14.75344181060791,-0.004921114072203636,0.029091649688780308,0.170562744140625,28.957948684692383
run_1780085037_5232a092,1780086574.2561789,20.0,150.0,1.0,-0.21464109420776367,0.0,-6.741471290588379,15.845573425292969,1.0732054710388184,14.76628589630127,0.006081807892769575,0.04607079932270608,0.21464109420776367,28.957948684692383
run_1780085037_5232a092,1780086576.2445312,20.0,150.0,1.0,-0.21464109420776367,0.0,-6.741471290588379,15.858186721801758,1.0732054710388184,14.778839111328125,0.00614174222573638,0.04607079932270608,0.21464109420776367,28.957948684692383
run_1780085037_5232a092,1780086578.2467608,20.0,150.0,1.0,-0.170562744140625,0.0,-6.691883087158203,15.639521598815918,0.8528137803077698,14.7916841506958,-0.004977614153176546,0.029091649688780308,0.170562744140625,28.957948684692383
run_1780085037_5232a092,1780086580.2478971,20.0,150.0,1.0,-0.170562744140625,0.0,-6.691883087158203,15.65249252319336,0.8528137803077698,14.804821014404297,-0.0051428768783807755,0.029091649688780308,0.170562744140625,28.957948684692383
run_1780085037_5232a092,1780086582.256138,20.0,150.0,1.0,-0.170562744140625,0.0,-6.691883087158203,15.66436767578125,0.8528137803077698,14.816205024719238,-0.004652300849556923,0.029091649688780308,0.170562744140625,28.957948684692383
run_1780085037_5232a092,1780086584.248272,20.0,150.0,1.0,-0.170562744140625,0.0,-6.691883087158203,15.676196098327637,0.8528137803077698,14.827589988708496,-0.004208520986139774,0.029091649688780308,0.170562744140625,28.957948684692383
run_1780085037_5232a092,1780086586.2490978,20.0,150.0,1.0,-0.170562744140625,0.0,-6.691883087158203,15.687981605529785,0.8528137803077698,14.838973999023438,-0.003807072527706623,0.029091649688780308,0.170562744140625,28.957948684692383
run_1780085037_5232a092,1780086588.2587395,20.0,150.0,1.0,-0.170562744140625,0.0,-6.691883087158203,15.699728965759277,0.8528137803077698,14.850358963012695,-0.003443918190896511,0.029091649688780308,0.170562744140625,28.957948684692383
run_1780085037_5232a092,1780086590.256683,20.0,150.0,1.0,-0.170562744140625,0.0,-6.691883087158203,15.711441993713379,0.8528137803077698,14.861742973327637,-0.003115404862910509,0.029091649688780308,0.170562744140625,28.957948684692383
run_1780085037_5232a092,1780086592.2475703,20.0,150.0,1.0,-0.170562744140625,0.0,-6.691883087158203,15.724235534667969,0.8528137803077698,14.874879837036133,-0.0034583029337227345,0.029091649688780308,0.170562744140625,28.957948684692383
run_1780085037_5232a092,1780086594.2534637,20.0,150.0,1.0,-0.170562744140625,0.0,-6.691883087158203,15.73595142364502,0.8528137803077698,14.88626480102539,-0.0031284173019230366,0.029091649688780308,0.170562744140625,28.957948684692383
run_1780085037_5232a092,1780086596.2434857,20.0,150.0,1.0,-0.170562744140625,0.0,-6.691883087158203,15.747633934020996,0.8528137803077698,14.897648811340332,-0.0028299991972744465,0.029091649688780308,0.170562744140625,28.957948684692383
run_1780085037_5232a092,1780086598.2509644,20.0,150.0,1.0,-0.170562744140625,0.0,-6.691883087158203,15.75928783416748,0.8528137803077698,14.90903377532959,-0.002560047432780266,0.029091649688780308,0.170562744140625,28.957948684692383
run_1780085037_5232a092,1780086600.2562726,20.0,150.0,1.0,-0.170562744140625,0.0,-6.691883087158203,15.770916938781738,0.8528137803077698,14.920417785644531,-0.002315845573320985,0.029091649688780308,0.170562744140625,28.957948684692383
run_1780085037_5232a092,1780086602.2509005,20.0,150.0,1.0,-0.170562744140625,0.0,-6.691883087158203,15.78252124786377,0.8528137803077698,14.931802749633789,-0.002094938652589917,0.029091649688780308,0.170562744140625,28.957948684692383
run_1780085037_5232a092,1780086604.2541296,20.0,150.0,1.0,-0.21464109420776367,0.0,-6.741471290588379,16.026866912841797,1.0732054710388184,14.945231437683105,0.008429300971329212,0.04607079932270608,0.21464109420776367,28.957948684692383
run_1780085037_5232a092,1780086606.2478597,20.0,150.0,1.0,-0.170562744140625,0.0,-6.691883087158203,15.80835247039795,0.8528137803077698,14.958660125732422,-0.003121594898402691,0.029091649688780308,0.170562744140625,28.957948684692383
run_1780085037_5232a092,1780086608.252785,20.0,150.0,1.0,-0.170562744140625,0.0,-6.691883087158203,15.821146965026855,0.8528137803077698,14.971796989440918,-0.003463901113718748,0.029091649688780308,0.170562744140625,28.957948684692383
run_1780085037_5232a092,1780086610.245519,20.0,150.0,1.0,-0.170562744140625,0.0,-6.691883087158203,15.83286190032959,0.8528137803077698,14.983181953430176,-0.003133482066914439,0.029091649688780308,0.170562744140625,28.957948684692383
run_1780085037_5232a092,1780086612.2507517,20.0,150.0,1.0,-0.170562744140625,0.0,-6.691883087158203,15.845658302307129,0.8528137803077698,14.996318817138672,-0.003474655793979764,0.029091649688780308,0.170562744140625,28.957948684692383
run_1780085037_5232a092,1780086614.2577722,20.0,150.0,1.0,-0.21464109420776367,0.0,-6.741471290588379,16.089387893676758,1.0732054710388184,15.00857925415039,0.00760361785069108,0.04607079932270608,0.21464109420776367,28.957948684692383
run_1780085037_5232a092,1780086616.247009,20.0,150.0,1.0,-0.170562744140625,0.0,-6.691883087158203,15.871320724487305,0.8528137803077698,15.022592544555664,-0.004086167085915804,0.029091649688780308,0.170562744140625,28.957948684692383
run_1780085037_5232a092,1780086618.253323,20.0,150.0,1.0,-0.12648344039916992,0.0,-6.642293930053711,15.6510648727417,0.6324172019958496,15.03309154510498,-0.014443451538681984,0.01599806069521037,0.12648344039916992,28.957948684692383
run_1780085037_5232a092,1780086620.2448957,20.0,150.0,1.0,-0.12648344039916992,0.0,-6.642293930053711,15.660877227783203,0.6324172019958496,15.041525840759277,-0.013065697625279427,0.01599806069521037,0.12648344039916992,28.957948684692383
run_1780085037_5232a092,1780086622.2548866,20.0,150.0,1.0,-0.12648344039916992,0.0,-6.642293930053711,15.670557022094727,0.6324172019958496,15.049960136413574,-0.011819367296993732,0.01599806069521037,0.12648344039916992,28.957948684692383
run_1780085037_5232a092,1780086624.257284,20.0,150.0,1.0,-0.21464109420776367,0.0,-6.741471290588379,16.145666122436523,1.0732054710388184,15.062503814697266,0.00995710864663124,0.04607079932270608,0.21464109420776367,28.957948684692383
run_1780085037_5232a092,1780086626.2481353,20.0,150.0,1.0,-0.12648344039916992,0.0,-6.642293930053711,15.694977760314941,0.6324172019958496,15.075047492980957,-0.012486583553254604,0.01599806069521037,0.12648344039916992,28.957948684692383
run_1780085037_5232a092,1780086628.2558138,20.0,150.0,1.0,-0.170562744140625,0.0,-6.691883087158203,15.937389373779297,0.8528137803077698,15.085546493530273,-0.0009708667639642954,0.029091649688780308,0.170562744140625,28.957948684692383
run_1780085037_5232a092,1780086630.2473974,20.0,150.0,1.0,-0.170562744140625,0.0,-6.691883087158203,15.948867797851562,0.8528137803077698,15.096931457519531,-0.0008782562799751759,0.029091649688780308,0.170562744140625,28.957948684692383
run_1780085037_5232a092,1780086632.2549603,20.0,150.0,1.0,-0.12648344039916992,0.0,-6.642293930053711,15.727548599243164,0.6324172019958496,15.106250762939453,-0.011119106784462929,0.01599806069521037,0.12648344039916992,28.957948684692383
run_1780085037_5232a092,1780086634.2565377,20.0,150.0,1.0,-0.12648344039916992,0.0,-6.642293930053711,15.73818588256836,0.6324172019958496,15.116455078125,-0.010685845278203487,0.01599806069521037,0.12648344039916992,28.957948684692383
run_1780085037_5232a092,1780086636.2466722,20.0,150.0,1.0,-0.21464109420776367,0.0,-6.741471290588379,16.213186264038086,1.0732054710388184,15.128998756408691,0.010982503183186054,0.04607079932270608,0.21464109420776367,28.957948684692383
run_1780085037_5232a092,1780086638.2484915,20.0,150.0,1.0,-0.12648344039916992,0.0,-6.642293930053711,15.760132789611816,0.6324172019958496,15.138019561767578,-0.010304250754415989,0.01599806069521037,0.12648344039916992,28.957948684692383
run_1780085037_5232a092,1780086640.2510598,20.0,150.0,1.0,-0.21464109420776367,0.0,-6.741471290588379,16.235095977783203,1.0732054710388184,15.15056324005127,0.011327697895467281,0.04607079932270608,0.21464109420776367,28.957948684692383
run_1780085037_5232a092,1780086642.2583413,20.0,150.0,1.0,-0.12648344039916992,0.0,-6.642293930053711,15.78200912475586,0.6324172019958496,15.159584999084473,-0.009991982951760292,0.01599806069521037,0.12648344039916992,28.957948684692383
run_1780085037_5232a092,1780086644.2574816,20.0,150.0,1.0,-0.21464109420776367,0.0,-6.741471290588379,16.256942749023438,1.0732054710388184,15.172128677368164,0.011610179208219051,0.04607079932270608,0.21464109420776367,28.957948684692383
run_1780085037_5232a092,1780086646.2468476,20.0,150.0,1.0,-0.12648344039916992,0.0,-6.642293930053711,15.80383014678955,0.6324172019958496,15.18114948272705,-0.009736448526382446,0.01599806069521037,0.12648344039916992,28.957948684692383
run_1780085037_5232a092,1780086648.2554293,20.0,150.0,1.0,-0.12648344039916992,0.0,-6.642293930053711,15.813192367553711,0.6324172019958496,15.189583778381348,-0.008807695470750332,0.01599806069521037,0.12648344039916992,28.957948684692383
run_1780085037_5232a092,1780086650.2468495,20.0,150.0,1.0,-0.21464109420776367,0.0,-6.741471290588379,16.286510467529297,1.0732054710388184,15.19977855682373,0.01352635771036148,0.04607079932270608,0.21464109420776367,28.957948684692383
run_1780085037_5232a092,1780086652.2480035,20.0,150.0,1.0,-0.170562744140625,0.0,-6.691883087158203,16.067140579223633,0.8528137803077698,15.212623596191406,0.0017025850247591734,0.029091649688780308,0.170562744140625,28.957948684692383
run_1780085037_5232a092,1780086654.2450352,20.0,150.0,1.0,-0.12648344039916992,0.0,-6.642293930053711,15.845190048217773,0.6324172019958496,15.221352577209473,-0.008579502813518047,0.01599806069521037,0.12648344039916992,28.957948684692383
run_1780085037_5232a092,1780086656.2555444,20.0,150.0,1.0,-0.12648344039916992,0.0,-6.642293930053711,15.854443550109863,0.6324172019958496,15.22978687286377,-0.0077611105516552925,0.01599806069521037,0.12648344039916992,28.957948684692383
run_1780085037_5232a092,1780086658.2493303,20.0,150.0,1.0,-0.170562744140625,0.0,-6.691883087158203,16.09564781188965,0.8528137803077698,15.239106178283691,0.003726278431713581,0.029091649688780308,0.170562744140625,28.957948684692383
run_1780085037_5232a092,1780086660.258423,20.0,150.0,1.0,-0.21464109420776367,0.0,-6.741471290588379,16.339059829711914,1.0732054710388184,15.251951217651367,0.0139043303206563,0.04607079932270608,0.21464109420776367,28.957948684692383
run_1780085037_5232a092,1780086662.2565036,20.0,150.0,1.0,-0.12648344039916992,0.0,-6.642293930053711,15.88572883605957,0.6324172019958496,15.260972023010254,-0.007661134470254183,0.01599806069521037,0.12648344039916992,28.957948684692383
run_1780085037_5232a092,1780086664.2511003,20.0,150.0,1.0,-0.12648344039916992,0.0,-6.642293930053711,15.894892692565918,0.6324172019958496,15.26940631866455,-0.006930342875421047,0.01599806069521037,0.12648344039916992,28.957948684692383
run_1780085037_5232a092,1780086666.2554789,20.0,150.0,1.0,-0.12648344039916992,0.0,-6.642293930053711,15.905131340026855,0.6324172019958496,15.279610633850098,-0.006896644365042448,0.01599806069521037,0.12648344039916992,28.957948684692383
run_1780085037_5232a092,1780086668.2484367,20.0,150.0,1.0,-0.170562744140625,0.0,-6.691883087158203,16.146629333496094,0.8528137803077698,15.289519309997559,0.004294949118047953,0.029091649688780308,0.170562744140625,28.957948684692383
run_1780085037_5232a092,1780086670.2482188,20.0,150.0,1.0,-0.170562744140625,0.0,-6.691883087158203,16.15645980834961,0.8528137803077698,15.299134254455566,0.0045126392506062984,0.029091649688780308,0.170562744140625,28.957948684692383
run_1780085037_5232a092,1780086672.2541108,20.0,150.0,1.0,-0.21464109420776367,0.0,-6.741471290588379,16.399799346923828,1.0732054710388184,15.311978340148926,0.014615681953728199,0.04607079932270608,0.21464109420776367,28.957948684692383
run_1780085037_5232a092,1780086674.2440517,20.0,150.0,1.0,-0.12648344039916992,0.0,-6.642293930053711,15.947543144226074,0.6324172019958496,15.322770118713379,-0.007645022589713335,0.01599806069521037,0.12648344039916992,28.957948684692383
run_1780085037_5232a092,1780086676.2459786,20.0,150.0,1.0,-0.21464109420776367,0.0,-6.741471290588379,16.421497344970703,1.0732054710388184,15.334139823913574,0.014151457697153091,0.04607079932270608,0.21464109420776367,28.957948684692383
run_1780085037_5232a092,1780086678.2483864,20.0,150.0,1.0,-0.12648344039916992,0.0,-6.642293930053711,15.968140602111816,0.6324172019958496,15.343160629272461,-0.007437579333782196,0.01599806069521037,0.12648344039916992,28.957948684692383
run_1780085037_5232a092,1780086680.249634,20.0,150.0,1.0,-0.170562744140625,0.0,-6.691883087158203,16.20969009399414,0.8528137803077698,15.353070259094238,0.00380561500787735,0.029091649688780308,0.170562744140625,28.957948684692383
run_1780085037_5232a092,1780086682.2580671,20.0,150.0,1.0,-0.170562744140625,0.0,-6.691883087158203,16.219568252563477,0.8528137803077698,15.36268424987793,0.004069982096552849,0.029091649688780308,0.170562744140625,28.957948684692383
run_1780085037_5232a092,1780086684.252431,20.0,150.0,1.0,-0.170562744140625,0.0,-6.691883087158203,16.230566024780273,0.8528137803077698,15.374069213867188,0.0036817484069615602,0.029091649688780308,0.170562744140625,28.957948684692383
run_1780085037_5232a092,1780086686.2451813,20.0,150.0,1.0,-0.170562744140625,0.0,-6.691883087158203,16.240081787109375,0.8528137803077698,15.383092880249023,0.0041755856946110725,0.029091649688780308,0.170562744140625,28.957948684692383
run_1780085037_5232a092,1780086688.2446976,20.0,150.0,1.0,-0.12648344039916992,0.0,-6.642293930053711,16.01866340637207,0.6324172019958496,15.3930025100708,-0.006756448186933994,0.01599806069521037,0.12648344039916992,28.957948684692383
run_1780085037_5232a092,1780086690.24672,20.0,150.0,1.0,-0.12648344039916992,0.0,-6.642293930053711,16.02925682067871,0.6324172019958496,15.403797149658203,-0.006956992205232382,0.01599806069521037,0.12648344039916992,28.957948684692383
run_1780085037_5232a092,1780086692.2550242,20.0,150.0,1.0,-0.170562744140625,0.0,-6.691883087158203,16.270761489868164,0.8528137803077698,15.413705825805664,0.004240360110998154,0.029091649688780308,0.170562744140625,28.957948684692383
run_1780085037_5232a092,1780086694.2458885,20.0,150.0,1.0,-0.12648344039916992,0.0,-6.642293930053711,16.048568725585938,0.6324172019958496,15.42243480682373,-0.006283803842961788,0.01599806069521037,0.12648344039916992,28.957948684692383
run_1780085037_5232a092,1780086696.2469523,20.0,150.0,1.0,-0.170562744140625,0.0,-6.691883087158203,16.290006637573242,0.8528137803077698,15.432344436645508,0.0048493314534425735,0.029091649688780308,0.170562744140625,28.957948684692383
run_1780085037_5232a092,1780086698.2568,20.0,150.0,1.0,-0.12648344039916992,0.0,-6.642293930053711,16.069272994995117,0.6324172019958496,15.44343376159668,-0.0065779597498476505,0.01599806069521037,0.12648344039916992,28.957948684692383
run_1780085037_5232a092,1780086700.2517807,20.0,150.0,1.0,-0.12648344039916992,0.0,-6.642293930053711,16.07833480834961,0.6324172019958496,15.451868057250977,-0.005950492341071367,0.01599806069521037,0.12648344039916992,28.957948684692383
run_1780085037_5232a092,1780086702.2449994,20.0,150.0,1.0,-0.12648344039916992,0.0,-6.642293930053711,16.088851928710938,0.6324172019958496,15.462662696838379,-0.006227916106581688,0.01599806069521037,0.12648344039916992,28.957948684692383
run_1780085037_5232a092,1780086704.2554922,20.0,150.0,1.0,-0.170562744140625,0.0,-6.691883087158203,16.330286026000977,0.8528137803077698,15.47257137298584,0.004899888765066862,0.029091649688780308,0.170562744140625,28.957948684692383
run_1780085037_5232a092,1780086706.2488966,20.0,150.0,1.0,-0.12648344039916992,0.0,-6.642293930053711,16.108415603637695,0.6324172019958496,15.481890678405762,-0.005892135202884674,0.01599806069521037,0.12648344039916992,28.957948684692383
run_1780085037_5232a092,1780086708.2588973,20.0,150.0,1.0,-0.12648344039916992,0.0,-6.642293930053711,16.117412567138672,0.6324172019958496,15.490324974060059,-0.005330088082700968,0.01599806069521037,0.12648344039916992,28.957948684692383
run_1780085037_5232a092,1780086710.248502,20.0,150.0,1.0,-0.12648344039916992,0.0,-6.642293930053711,16.126354217529297,0.6324172019958496,15.498759269714355,-0.004821653012186289,0.01599806069521037,0.12648344039916992,28.957948684692383
run_1780085037_5232a092,1780086712.2515812,20.0,150.0,1.0,-0.170562744140625,0.0,-6.691883087158203,16.36765480041504,0.8528137803077698,15.508667945861816,0.006172008812427521,0.029091649688780308,0.170562744140625,28.957948684692383
run_1780085037_5232a092,1780086714.2521057,20.0,150.0,1.0,-0.12648344039916992,0.0,-6.642293930053711,16.145662307739258,0.6324172019958496,15.517987251281738,-0.004741364158689976,0.01599806069521037,0.12648344039916992,28.957948684692383
run_1780085037_5232a092,1780086716.2584383,20.0,150.0,1.0,-0.12648344039916992,0.0,-6.642293930053711,16.154550552368164,0.6324172019958496,15.526421546936035,-0.004289087373763323,0.01599806069521037,0.12648344039916992,28.957948684692383
run_1780085037_5232a092,1780086718.2484303,nan,nan,nan,-0.12648344039916992,nan,-6.642293930053711,nan,nan,nan,nan,nan,nan,28.957948684692383
