step,decision_idx,elapsed_s,temp,temp_ref,error,abs_error,kp,ki,kd,u,u_p,u_i,u_d,diff_out,pred_delta,valid
1,1,2.0,26.844707056879997,0.0,-26.844707056879997,26.844707056879997,50.0,1000.0,4.0,-54.108000000000004,-54.0,-0.108,-0.0,0.0,-0.15529294312000275,True
2,1,4.0,26.697985604405403,0.0,-26.697985604405403,26.697985604405403,50.0,1000.0,4.0,-53.84831872134066,-53.689414113759995,-0.21537882822752005,0.056474220646852126,-0.007059277580856515,-0.14672145247459412,True
3,1,6.0,26.550744608044624,0.0,-26.550744608044624,26.550744608044624,50.0,1000.0,4.0,-53.61369771670317,-53.39597120881081,-0.3221707706451416,0.10444426275278804,-0.013055532844098505,-0.1472409963607788,True
4,1,8.0,26.401928141713142,0.0,-26.401928141713142,26.401928141713142,50.0,1000.0,4.0,-53.38183556095461,-53.10148921608925,-0.4283737490773203,0.148027404211949,-0.018503425526493623,-0.14881646633148193,True
5,1,10.0,26.214121267199516,0.0,-26.214121267199516,26.214121267199516,50.0,1000.0,4.0,-53.14981163497574,-52.803856283426285,-0.5339814616441736,0.1880261100947172,-0.02350326376183965,-0.1878068745136261,True
6,1,12.0,25.989230006933212,0.0,-25.989230006933212,25.989230006933212,50.0,1000.0,4.0,-52.828691772982125,-52.42824253439904,-0.6388379467129717,0.2383887081298735,-0.029798588516234188,-0.22489126026630402,True
7,1,14.0,25.743021830916405,0.0,-25.743021830916405,25.743021830916405,50.0,1000.0,4.0,-52.4238214378752,-51.978460013866425,-0.7427948667407049,0.29743344273192923,-0.037179180341491154,-0.24620817601680756,True
8,1,16.0,25.542418256402016,0.0,-25.542418256402016,25.542418256402016,50.0,1000.0,4.0,-51.97321252446633,-51.48604366183282,-0.8457669540643704,0.35859809143086124,-0.044824761428857655,-0.20060357451438904,True
9,1,18.0,25.364510968327522,0.0,-25.364510968327522,25.364510968327522,50.0,1000.0,4.0,-51.635429549832935,-51.08483651280403,-0.9479366270899771,0.39734359006107056,-0.04966794875763382,-0.1779072880744934,True
10,1,20.0,25.168437227606773,0.0,-25.168437227606773,25.168437227606773,50.0,1000.0,4.0,-51.35427722180551,-50.72902193665505,-1.049394670963287,0.42413938581282296,-0.05301742322660287,-0.1960737407207489,True
11,2,22.0,24.9716756939888,0.0,-24.9716756939888,24.9716756939888,50.0,943.0,1.0,-51.37928173852049,-50.33687445521354,-1.1561536835936435,0.1137464002866976,-0.0568732001433488,-0.19676153361797333,True
12,2,24.0,24.799110993742943,0.0,-24.799110993742943,24.799110993742943,50.0,943.0,1.0,-51.0846445809333,-49.9433513879776,-1.2620780767812965,0.12078488382559466,-0.06039244191279733,-0.17256470024585724,True
13,2,26.0,24.637077406048775,0.0,-24.637077406048775,24.637077406048775,50.0,943.0,1.0,-50.8405403761504,-49.598221987485886,-1.367270488207565,0.12495209954304838,-0.06247604977152419,-0.1620335876941681,True
14,2,28.0,24.464179828763008,0.0,-24.464179828763008,24.464179828763008,50.0,943.0,1.0,-50.61816603678605,-49.27415481209755,-1.471775588551355,0.12776436386284235,-0.06388218193142117,-0.1728975772857666,True
15,2,30.0,24.296015933156013,0.0,-24.296015933156013,24.296015933156013,50.0,943.0,1.0,-50.372610878611965,-48.928359657526016,-1.575547295142078,0.13129607405612725,-0.06564803702806363,-0.16816389560699463,True
16,2,32.0,24.14430333673954,0.0,-24.14430333673954,24.14430333673954,50.0,943.0,1.0,-50.13657702305895,-48.59203186631203,-1.6786056872233304,0.1340605304764061,-0.06703026523820305,-0.1517125964164734,True
17,2,34.0,23.986444860696793,0.0,-23.986444860696793,23.986444860696793,50.0,943.0,1.0,-49.93456161453212,-48.28860667347908,-1.7810205476124674,0.13506560655942973,-0.06753280327971486,-0.1578584760427475,True
18,2,36.0,23.816712751984596,0.0,-23.816712751984596,23.816712751984596,50.0,943.0,1.0,-49.71912196281215,-47.972889721393585,-1.882765806830691,0.13653356541212228,-0.06826678270606114,-0.16973210871219635,True
19,2,38.0,23.656401872634888,0.0,-23.656401872634888,23.656401872634888,50.0,943.0,1.0,-49.47827560836743,-47.63342550396919,-1.983791099522039,0.13894099512379582,-0.06947049756189791,-0.16031087934970856,True
20,2,40.0,23.49992862343788,0.0,-23.49992862343788,23.49992862343788,50.0,943.0,1.0,-49.256677889448326,-47.312803745269775,-2.084136388483375,0.14026224430482914,-0.07013112215241457,-0.15647324919700623,True
21,3,42.0,23.337242126464844,0.0,-23.337242126464844,23.337242126464844,50.0,940.0,1.0,-49.042884772016336,-46.99985724687576,-2.1841360847533227,0.14110855961274946,-0.07055427980637473,-0.16268649697303772,True
22,3,44.0,23.171084463596344,0.0,-23.171084463596344,23.171084463596344,50.0,940.0,1.0,-48.815488724365174,-46.67448425292969,-2.2834434980574287,0.1424390266219453,-0.07121951331097265,-0.16615766286849976,True
23,3,46.0,23.014257922768593,0.0,-23.014257922768593,23.014257922768593,50.0,940.0,1.0,-48.58025462042667,-46.34216892719269,-2.3820438574769893,0.1439581642430085,-0.07197908212150425,-0.15682654082775116,True
24,3,48.0,22.8572938144207,0.0,-22.8572938144207,22.8572938144207,50.0,940.0,1.0,-48.364008668198586,-46.028515845537186,-2.479976869914306,0.14448404725290803,-0.07224202362645402,-0.15696410834789276,True
25,3,50.0,22.697511792182922,0.0,-22.697511792182922,22.697511792182922,50.0,940.0,1.0,-48.14685730524478,-45.7145876288414,-2.5772419499756722,0.14497227357229428,-0.07248613678614714,-0.1597820222377777,True
26,3,52.0,22.537799388170242,0.0,-22.537799388170242,22.537799388170242,50.0,940.0,1.0,-47.923180570280685,-45.395023584365845,-2.6738271065381536,0.14567012062331583,-0.07283506031165791,-0.15971240401268005,True
27,3,54.0,22.3852661550045,0.0,-22.3852661550045,22.3852661550045,50.0,940.0,1.0,-47.69903634119523,-45.075598776340485,-2.7697326358495196,0.14629507099477188,-0.07314753549738594,-0.15253323316574097,True
28,3,56.0,22.23191201686859,0.0,-22.23191201686859,22.23191201686859,50.0,940.0,1.0,-47.48931368874435,-44.770532310009,-2.864989087572944,0.146207708837596,-0.073103854418798,-0.15335413813591003,True
29,3,58.0,22.076759234070778,0.0,-22.076759234070778,22.076759234070778,50.0,940.0,1.0,-47.277213689028954,-44.46382403373718,-2.9595929684957913,0.14620331320401464,-0.07310165660200732,-0.15515278279781342,True
30,3,60.0,21.924218833446503,0.0,-21.924218833446503,21.924218833446503,50.0,940.0,1.0,-47.06069223117906,-44.153518468141556,-3.053536624810987,0.14636286177348268,-0.07318143088674134,-0.1525404006242752,True
31,4,62.0,21.787430301308632,0.0,-21.787430301308632,21.787430301308632,50.0,1000.0,1.0,-46.84340148231732,-43.848437666893005,-3.141233500144771,0.1462696847204644,-0.0731348423602322,-0.1367885321378708,True
32,4,64.0,21.63751083612442,0.0,-21.63751083612442,21.63751083612442,50.0,1000.0,1.0,-46.658490519172084,-43.574860602617264,-3.22838322135,0.14475330479517903,-0.07237665239758952,-0.14991946518421173,True
33,4,66.0,21.482301354408264,0.0,-21.482301354408264,21.482301354408264,50.0,1000.0,1.0,-46.4453795583207,-43.27502167224884,-3.3149332646944996,0.14457537862263803,-0.07228768931131901,-0.155209481716156,True
34,4,68.0,21.336426123976707,0.0,-21.336426123976707,21.336426123976707,50.0,1000.0,1.0,-46.220569809021036,-42.96460270881653,-3.400862470112139,0.14489536990763152,-0.07244768495381576,-0.1458752304315567,True
35,4,70.0,21.19140176475048,0.0,-21.19140176475048,21.19140176475048,50.0,1000.0,1.0,-46.01472421448408,-42.672852247953415,-3.4862081746080458,0.14433620807737535,-0.07216810403868767,-0.1450243592262268,True
36,4,72.0,21.048613131046295,0.0,-21.048613131046295,21.048613131046295,50.0,1000.0,1.0,-45.81002428423086,-42.38280352950096,-3.5709737816670466,0.14375302693714348,-0.07187651346857174,-0.14278863370418549,True
37,4,74.0,20.89839494228363,0.0,-20.89839494228363,20.89839494228363,50.0,1000.0,1.0,-45.60937228350378,-42.09722626209259,-3.655168234191227,0.14302221278003685,-0.07151110639001843,-0.1502181887626648,True
38,4,76.0,20.76539894938469,0.0,-20.76539894938469,20.76539894938469,50.0,1000.0,1.0,-45.39251512524301,-41.79678988456726,-3.7387618139603553,0.143036573284604,-0.071518286642302,-0.13299599289894104,True
39,4,78.0,20.620387002825737,0.0,-20.620387002825737,20.620387002825737,50.0,1000.0,1.0,-45.211137511300514,-41.53079789876938,-3.821823409757901,0.14148379722676702,-0.07074189861338351,-0.14501194655895233,True
40,4,80.0,20.48777763545513,0.0,-20.48777763545513,20.48777763545513,50.0,1000.0,1.0,-45.003907385738465,-41.240774005651474,-3.9043049577691993,0.1411715776822166,-0.0705857888411083,-0.13260936737060547,True
41,5,82.0,20.338600248098373,0.0,-20.338600248098373,20.338600248098373,50.0,1000.0,1.0,-44.822049786864106,-40.97555527091026,-3.9862560683110217,0.13976155235718385,-0.06988077617859192,-0.14917738735675812,True
42,5,84.0,20.218900680541992,0.0,-20.218900680541992,20.218900680541992,50.0,1000.0,1.0,-44.60481864491822,-40.67720049619675,-4.067610469303419,0.13999232058195016,-0.06999616029097508,-0.11969956755638123,True
43,5,86.0,20.073334828019142,0.0,-20.073334828019142,20.073334828019142,50.0,1000.0,1.0,-44.44876635161792,-40.437801361083984,-4.148486072025592,0.1375210814916567,-0.06876054074582835,-0.14556585252285004,True
44,5,88.0,19.9542740508914,0.0,-19.9542740508914,19.9542740508914,50.0,1000.0,1.0,-44.23781184517052,-40.146669656038284,-4.2287794113376656,0.13763722220542723,-0.06881861110271362,-0.11906077712774277,True
45,5,90.0,19.806455098092556,0.0,-19.806455098092556,19.806455098092556,50.0,1000.0,1.0,-44.081812050537664,-39.9085481017828,-4.308596507541234,0.13533255878637276,-0.06766627939318638,-0.14781895279884338,True
46,5,92.0,19.692336723208427,0.0,-19.692336723208427,19.692336723208427,50.0,1000.0,1.0,-43.864870220466415,-39.61291019618511,-4.387822327933601,0.1358623036522977,-0.06793115182614885,-0.11411837488412857,True
47,5,94.0,19.55365501344204,0.0,-19.55365501344204,19.55365501344204,50.0,1000.0,1.0,-43.717987513976425,-39.384673446416855,-4.466591674826441,0.13327760726687374,-0.06663880363343687,-0.13868170976638794,True
48,5,96.0,19.427311584353447,0.0,-19.427311584353447,19.427311584353447,50.0,1000.0,1.0,-43.51894366696464,-39.10731002688408,-4.544806294880207,0.13317265479964682,-0.06658632739982341,-0.12634342908859253,True
49,5,98.0,19.302195608615875,0.0,-19.302195608615875,19.302195608615875,50.0,1000.0,1.0,-43.34518273874019,-38.854623168706894,-4.622515541217624,0.1319559711843246,-0.0659779855921623,-0.12511597573757172,True
50,5,100.0,19.162499278783798,0.0,-19.162499278783798,19.162499278783798,50.0,1000.0,1.0,-43.1733717891391,-38.60439121723175,-4.6997243236520845,0.13074375174473757,-0.06537187587236878,-0.13969632983207703,True
51,6,102.0,18.98746633529663,0.0,-18.98746633529663,18.98746633529663,36.0,966.0,16.0,-55.12858879997105,-53.22916466328833,-4.809929633513959,2.910505496831234,-0.06548637367870278,-0.17503294348716736,True
52,6,104.0,18.89971936494112,0.0,-18.89971936494112,18.89971936494112,36.0,966.0,16.0,-54.67558925417434,-52.74296204249064,-4.919128312690956,2.98650110100726,-0.06719627477266335,-0.08774697035551071,True
53,6,106.0,18.899051350483205,0.0,-18.899051350483205,18.899051350483205,36.0,966.0,16.0,-54.64814326367886,-52.49922045816977,-5.0278223509066295,2.878899545397539,-0.06477523977144463,-0.0006680144579149783,True
54,6,108.0,18.853201699384954,0.0,-18.853201699384954,18.853201699384954,36.0,966.0,16.0,-55.02824508816647,-52.497364862453345,-5.136512547309226,2.605632321596092,-0.05862672723591207,-0.04584965109825134,True
55,6,110.0,18.801585291454103,0.0,-18.801585291454103,18.801585291454103,36.0,966.0,16.0,-55.165229256357065,-52.37000472051376,-5.244939058117741,2.4497145222744394,-0.05511857675117489,-0.05161640793085098,True
56,6,112.0,18.73555185360601,0.0,-18.73555185360601,18.73555185360601,36.0,966.0,16.0,-55.25937402953062,-52.22662580959473,-5.35306871817901,2.3203204982431225,-0.052207211210470256,-0.06603343784809113,True
57,6,114.0,18.676796981075313,0.0,-18.676796981075313,18.676796981075313,36.0,966.0,16.0,-55.27162149243088,-52.04319959335003,-5.460818613817411,2.2323967147365575,-0.05022892608157255,-0.058754872530698776,True
58,6,116.0,18.590849683561828,0.0,-18.590849683561828,18.590849683561828,36.0,966.0,16.0,-55.31006750953193,-51.87999161409809,-5.56823060473687,2.1381547093030235,-0.04810848095931804,-0.08594729751348495,True
59,6,118.0,18.517584093788173,0.0,-18.517584093788173,18.517584093788173,36.0,966.0,16.0,-55.20855688130032,-51.641249121005075,-5.675148304780364,2.107840544485114,-0.04742641225091506,-0.07326558977365494,True
60,6,120.0,18.408907503762748,0.0,-18.408907503762748,18.408907503762748,36.0,966.0,16.0,-55.16458166152237,-51.43773359385604,-5.7816446476247805,2.0547965799584462,-0.046232923049065046,-0.10867659002542496,True
61,7,122.0,18.26473872450879,0.0,-18.26473872450879,18.26473872450879,40.0,734.0,19.0,-49.708072809435315,-46.02226875940687,-5.90704592489837,2.221241874869923,-0.046762986839366805,-0.14416877925395966,True
62,7,124.0,18.05874097434571,0.0,-18.05874097434571,18.05874097434571,40.0,734.0,19.0,-49.372657380648114,-45.66184681127197,-6.031465126019006,2.320654556642859,-0.04885588540300756,-0.2059977501630783,True
63,7,126.0,17.941062034049537,0.0,-17.941062034049537,17.941062034049537,40.0,734.0,19.0,-48.757245232511224,-45.146852435864275,-6.154481072710735,2.544088276063784,-0.05355975318029019,-0.1176789402961731,True
64,7,128.0,17.880323206016328,0.0,-17.880323206016328,17.880323206016328,40.0,734.0,19.0,-48.5738437642082,-44.85265508512384,-6.2766953917437665,2.555506712659407,-0.05380014131914541,-0.06073882803320885,True
65,7,130.0,17.717790563532617,0.0,-17.717790563532617,17.717790563532617,40.0,734.0,19.0,-48.65641574005873,-44.70080801504082,-6.398495958542242,2.442888233524331,-0.051429225968933276,-0.16253264248371124,True
66,7,132.0,17.57045911712339,0.0,-17.57045911712339,17.57045911712339,40.0,734.0,19.0,-48.25285548753663,-44.29447640883154,-6.51918935475159,2.560810276046508,-0.053911795285189634,-0.14733144640922546,True
67,7,134.0,17.346429143974092,0.0,-17.346429143974092,17.346429143974092,40.0,734.0,19.0,-47.930366255657155,-43.92614779280848,-6.638879130753803,2.634660667905133,-0.055466540376950174,-0.22402997314929962,True
68,7,136.0,17.281066027411725,0.0,-17.281066027411725,17.281066027411725,40.0,734.0,19.0,-47.2560381742333,-43.36607285993524,-6.757042817020656,2.8670775027225814,-0.06035952637310697,-0.06536311656236649,True
69,7,138.0,17.157339525350835,0.0,-17.157339525350835,17.157339525350835,40.0,734.0,19.0,-47.34270290634612,-43.20266506852931,-6.874761250449882,2.734723412633084,-0.05757312447648598,-0.1237265020608902,True
70,7,140.0,16.96748029900482,0.0,-16.96748029900482,16.96748029900482,40.0,734.0,19.0,-47.143970244280574,-42.89334881337709,-6.9916368602956,2.741015429392115,-0.05770558798720242,-0.18985922634601593,True
71,8,142.0,16.762921255955007,0.0,-16.762921255955007,16.762921255955007,38.0,709.0,15.0,-49.367606485889496,-44.651263944749516,-7.117592470859072,2.401249929719098,-0.06083166488621715,-0.20455904304981232,True
72,8,144.0,16.58416394604137,0.0,-16.58416394604137,16.58416394604137,38.0,709.0,15.0,-48.81572622774939,-44.112950673565805,-7.24202956725841,2.539254013074822,-0.06432776833122883,-0.17875730991363525,True
73,8,146.0,16.39902256143978,0.0,-16.39902256143978,16.39902256143978,38.0,709.0,15.0,-48.389880735562976,-43.64253670010887,-7.3651396848891855,2.617795649435083,-0.06631748978568877,-0.18514138460159302,True
74,8,148.0,16.205175367125776,0.0,-16.205175367125776,16.205175367125776,38.0,709.0,15.0,-47.941897222870956,-43.15532253010468,-7.486875432505832,2.7003007397395593,-0.06840761874006884,-0.193847194314003,True
75,8,150.0,16.012085107096937,0.0,-16.012085107096937,16.012085107096937,38.0,709.0,15.0,-47.46181321434621,-42.64519833454151,-7.607172183802155,2.790557303997461,-0.07069411836793568,-0.1930902600288391,True
76,8,152.0,15.822697487601545,0.0,-15.822697487601545,15.822697487601545,38.0,709.0,15.0,-46.992255524450584,-42.13706607130773,-7.726035557769176,2.870846104626311,-0.07272810131719988,-0.18938761949539185,True
77,8,154.0,15.642109778651502,0.0,-15.642109778651502,15.642109778651502,38.0,709.0,15.0,-46.54533841561128,-41.63867759895143,-7.843493040417834,2.936832223757979,-0.07439974966853548,-0.18058770895004272,True
78,8,156.0,15.455643159279134,0.0,-15.455643159279134,15.455643159279134,38.0,709.0,15.0,-46.14232323208354,-41.163446785925004,-7.95960995659816,2.9807335104396286,-0.07551191559780393,-0.18646661937236786,True
79,8,158.0,15.279810172447469,0.0,-15.279810172447469,15.279810172447469,38.0,709.0,15.0,-45.71609170406311,-40.67274515599772,-8.07434266507769,3.030996117012297,-0.07678523496431153,-0.17583298683166504,True
80,8,160.0,15.0886477054446,0.0,-15.0886477054446,15.0886477054446,38.0,709.0,15.0,-45.34041353079326,-40.2100267695986,-8.187770103073747,3.0573833418790883,-0.07745371132760356,-0.19116246700286865,True
81,9,162.0,14.807693493494298,0.0,-14.807693493494298,14.807693493494298,12.0,627.0,1.0,-100.0,-100.0,-8.187770103073747,0.6562938891323011,-0.07875526669587614,-0.2809542119503021,True
82,9,164.0,14.630349215993192,0.0,-14.630349215993192,14.630349215993192,12.0,627.0,1.0,-100.0,-100.0,-8.187770103073747,0.7001200306711851,-0.08401440368054222,-0.17734427750110626,True
83,9,166.0,14.384059947857168,0.0,-14.384059947857168,14.384059947857168,12.0,627.0,1.0,-100.0,-100.0,-8.187770103073747,0.7005166090061579,-0.08406199308073894,-0.24628926813602448,True
84,9,168.0,14.125271302589681,0.0,-14.125271302589681,14.125271302589681,12.0,627.0,1.0,-100.0,-100.0,-8.570121510512804,0.7269927620660928,-0.08723913144793113,-0.2587886452674866,True
85,9,170.0,13.962928158172872,0.0,-13.962928158172872,13.962928158172872,12.0,627.0,1.0,-100.0,-100.0,-8.945593900267992,0.7556783205118605,-0.09068139846142326,-0.16234314441680908,True
86,9,172.0,13.758243528136518,0.0,-13.758243528136518,13.758243528136518,12.0,627.0,1.0,-100.0,-100.0,-9.316750948597955,0.7450925643978253,-0.08941110772773904,-0.20468463003635406,True
87,9,174.0,13.676536795624997,0.0,-13.676536795624997,13.676536795624997,12.0,627.0,1.0,-100.0,-100.0,-9.682467150834448,0.7515561729653196,-0.09018674075583835,-0.08170673251152039,True
88,9,176.0,13.46724028600147,0.0,-13.46724028600147,13.46724028600147,12.0,627.0,1.0,-100.0,-100.0,-10.04601145693825,0.7108173353613021,-0.08529808024335625,-0.20929650962352753,True
89,9,178.0,13.399519939848687,0.0,-13.399519939848687,13.399519939848687,12.0,627.0,1.0,-100.0,-100.0,-10.403992325784643,0.7222974912335444,-0.08667569894802532,-0.06772034615278244,True
90,9,180.0,13.224060897657182,0.0,-13.224060897657182,13.224060897657182,12.0,627.0,1.0,-100.0,-100.0,-10.76017307910331,0.6790513707548189,-0.08148616449057827,-0.17545904219150543,True
91,10,182.0,12.997079540917184,0.0,-12.997079540917184,12.997079540917184,13.0,1.0,1.0,-100.0,-100.0,-100.0,0.628378636450327,-0.08168922273854251,-0.22698135673999786,True
92,10,184.0,12.891461846360471,0.0,-12.891461846360471,12.891461846360471,13.0,1.0,1.0,-100.0,-99.9775349301322,-100.0,0.647807716168512,-0.08421500310190655,-0.1056176945567131,True
93,10,186.0,12.70307875884464,0.0,-12.70307875884464,12.70307875884464,13.0,1.0,1.0,-100.0,-99.16509112584978,-100.0,0.622945567841165,-0.08098292381935145,-0.188383087515831,True
94,10,188.0,12.620698970684316,0.0,-12.620698970684316,12.620698970684316,13.0,1.0,1.0,-100.0,-97.71599045265108,-100.0,0.6293960368448436,-0.08182148478982966,-0.0823797881603241,True
95,10,190.0,12.44961972249439,0.0,-12.44961972249439,12.44961972249439,13.0,1.0,1.0,-100.0,-97.08229977449474,-100.0,0.5981644435707708,-0.0777613776642002,-0.17107924818992615,True
96,10,192.0,12.357881289848592,0.0,-12.357881289848592,12.357881289848592,13.0,1.0,1.0,-100.0,-95.76630555764916,-100.0,0.6009280437043326,-0.07812064568156324,-0.09173843264579773,True
97,10,194.0,12.205638435611036,0.0,-12.205638435611036,12.205638435611036,13.0,1.0,1.0,-100.0,-95.06062530652764,-100.0,0.575684487174976,-0.07483898333274687,-0.15224285423755646,True
98,10,196.0,12.104297880956437,0.0,-12.104297880956437,12.104297880956437,13.0,1.0,1.0,-100.0,-93.8895264277772,-100.0,0.5740058143574139,-0.07462075586646381,-0.10134055465459824,True
99,10,198.0,11.922347013780382,0.0,-11.922347013780382,11.922347013780382,13.0,1.0,1.0,-100.0,-93.10998369966491,-100.0,0.5546879830280043,-0.07210943779364055,-0.1819508671760559,True
100,10,200.0,11.800454121956136,0.0,-11.800454121956136,11.800454121956136,13.0,1.0,1.0,-100.0,-91.71036164446448,-100.0,0.565400320496246,-0.07350204166451198,-0.12189289182424545,True
101,11,202.0,11.52002559317043,0.0,-11.52002559317043,11.52002559317043,49.0,160.0,1.0,-100.0,-24.082559432563542,-100.0,0.14700347245616302,-0.07203170150351988,-0.28042852878570557,True
102,11,204.0,11.268099737295415,0.0,-11.268099737295415,11.268099737295415,49.0,160.0,1.0,-100.0,-23.510256312592716,-100.0,0.15899653007284098,-0.07790829973569208,-0.25192585587501526,True
103,11,206.0,10.939817798265722,0.0,-10.939817798265722,10.939817798265722,49.0,160.0,1.0,-100.0,-22.996121912847784,-100.0,0.1672013528723443,-0.08192866290744871,-0.3282819390296936,True
104,11,208.0,10.746378493437078,0.0,-10.746378493437078,10.746378493437078,49.0,160.0,1.0,-100.0,-22.326158771970857,-100.0,0.18170715535230506,-0.08903650612262948,-0.1934393048286438,True
105,11,210.0,10.452131819853093,0.0,-10.452131819853093,10.452131819853093,49.0,160.0,1.0,-100.0,-21.93138468048383,-100.0,0.18231976393188257,-0.08933668432662246,-0.2942466735839844,True
106,11,212.0,10.238605496415403,0.0,-10.238605496415403,10.238605496415403,49.0,160.0,1.0,-100.0,-21.33088126500631,-100.0,0.19222594122812925,-0.09419071120178335,-0.21352632343769073,True
107,11,214.0,10.012768489250448,0.0,-10.012768489250448,10.012768489250448,49.0,160.0,1.0,-100.0,-20.895113257990616,-100.0,0.19369866162440133,-0.09491234419595666,-0.22583700716495514,True
108,11,216.0,9.816266578563955,0.0,-9.816266578563955,9.816266578563955,49.0,160.0,1.0,-100.0,-20.434221406633565,-100.0,0.19617297494928182,-0.0961247577251481,-0.19650191068649292,True
109,11,218.0,9.59695011092117,0.0,-9.59695011092117,9.59695011092117,49.0,160.0,1.0,-100.0,-20.033197099110108,-100.0,0.19568981709735778,-0.09588801037770531,-0.21931646764278412,True
110,11,220.0,9.410188955196645,0.0,-9.410188955196645,9.410188955196645,49.0,160.0,1.0,-100.0,-19.585612471267694,-100.0,0.19736927777884383,-0.09671094611163347,-0.18676115572452545,True
111,12,222.0,9.126017642149236,0.0,-9.126017642149236,9.126017642149236,50.0,678.0,1.0,-100.0,-18.82037791039329,-100.0,0.19195097823444907,-0.09597548911722453,-0.28417131304740906,True
112,12,224.0,8.902654138335492,0.0,-8.902654138335492,8.902654138335492,50.0,678.0,1.0,-100.0,-18.252035284298472,-100.0,0.19947647947176583,-0.09973823973588292,-0.2233635038137436,True
113,12,226.0,8.639653948077466,0.0,-8.639653948077466,8.639653948077466,50.0,678.0,1.0,-100.0,-17.805308276670985,-100.0,0.20075574670857188,-0.10037787335428593,-0.2630001902580261,True
114,12,228.0,8.459690761694219,0.0,-8.459690761694219,8.459690761694219,50.0,678.0,1.0,-100.0,-17.279307896154933,-100.0,0.20551657942497878,-0.10275828971248938,-0.17996318638324738,True
115,12,230.0,8.221098122128751,0.0,-8.221098122128751,8.221098122128751,50.0,678.0,1.0,-100.0,-16.919381523388438,-100.0,0.202273917393494,-0.101136958696747,-0.23859263956546783,True
116,12,232.0,8.023762625583913,0.0,-8.023762625583913,8.023762625583913,50.0,678.0,1.0,-100.0,-16.442196244257502,-100.0,0.20467090478320182,-0.1023354523916009,-0.19733549654483795,True
117,12,234.0,7.821705442795064,0.0,-7.821705442795064,7.821705442795064,50.0,678.0,1.0,-100.0,-16.047525251167826,-100.0,0.20308832570579646,-0.10154416285289822,-0.20205718278884888,True
118,12,236.0,7.634794336685445,0.0,-7.634794336685445,7.634794336685445,50.0,678.0,1.0,-100.0,-15.643410885590129,-100.0,0.20208598314790932,-0.10104299157395466,-0.18691110610961914,True
119,12,238.0,7.4296135426848195,0.0,-7.4296135426848195,7.4296135426848195,50.0,678.0,1.0,-100.0,-15.26958867337089,-100.0,0.19980223852008624,-0.09990111926004312,-0.2051807940006256,True
120,12,240.0,7.234018740186002,0.0,-7.234018740186002,7.234018740186002,50.0,678.0,1.0,-100.0,-14.859227085369639,-100.0,0.19939733930981327,-0.09969866965490662,-0.19559480249881744,True
121,13,242.0,7.025253427156713,0.0,-7.025253427156713,7.025253427156713,48.0,999.0,1.0,-100.0,-15.070872375387504,-100.0,0.20641619460521968,-0.09907977341050545,-0.20876531302928925,True
122,13,244.0,6.836309430131223,0.0,-6.836309430131223,6.836309430131223,48.0,999.0,1.0,-100.0,-14.635944639909818,-100.0,0.20649711664055903,-0.09911861598746835,-0.1889439970254898,True
123,13,246.0,6.653302458056714,0.0,-6.653302458056714,6.653302458056714,48.0,999.0,1.0,-100.0,-14.242311312773381,-100.0,0.20469316606622273,-0.09825271971178691,-0.18300697207450867,True
124,13,248.0,6.489205402263906,0.0,-6.489205402263906,6.489205402263906,48.0,999.0,1.0,-100.0,-13.861046787618154,-100.0,0.20249903478230594,-0.09719953669550685,-0.16409705579280853,True
125,13,250.0,6.31350096774986,0.0,-6.31350096774986,6.31350096774986,48.0,999.0,1.0,-100.0,-13.519177921383136,-100.0,0.1987233601284527,-0.0953872128616573,-0.17570443451404572,True
126,13,252.0,6.148253929743078,0.0,-6.148253929743078,6.148253929743078,48.0,999.0,1.0,-100.0,-13.153127016145541,-100.0,0.19640710787532095,-0.09427541178015407,-0.16524703800678253,True
127,13,254.0,5.9905190141289495,0.0,-5.9905190141289495,5.9905190141289495,48.0,999.0,1.0,-100.0,-12.808862353631412,-100.0,0.19332144686275868,-0.09279429449412417,-0.1577349156141281,True
128,13,256.0,5.833751571306493,0.0,-5.833751571306493,5.833751571306493,48.0,999.0,1.0,-100.0,-12.480247946101978,-100.0,0.18981869920648506,-0.09111297561911283,-0.15676744282245636,True
129,13,258.0,5.678662580379751,0.0,-5.678662580379751,5.678662580379751,48.0,999.0,1.0,-100.0,-12.153649106888526,-100.0,0.1865584536391063,-0.08954805774677103,-0.15508899092674255,True
130,13,260.0,5.527504366764333,0.0,-5.527504366764333,5.527504366764333,48.0,999.0,1.0,-100.0,-11.830547042457813,-100.0,0.1834502455961332,-0.08805611788614394,-0.15115821361541748,True
131,14,262.0,5.387848851212766,0.0,-5.387848851212766,5.387848851212766,44.0,488.0,5.0,-100.0,-12.562509924464393,-100.0,0.9832705558182648,-0.08652780891200731,-0.13965551555156708,True
132,14,264.0,5.311312240490224,0.0,-5.311312240490224,5.311312240490224,44.0,488.0,5.0,-100.0,-12.24511102548356,-100.0,0.9616181488456073,-0.08462239709841343,-0.07653661072254181,True
133,14,266.0,5.1899901301949285,0.0,-5.1899901301949285,5.1899901301949285,44.0,488.0,5.0,-100.0,-12.071164182932328,-100.0,0.9094260707400039,-0.08002949422512035,-0.12132211029529572,True
134,14,268.0,5.06259579671314,0.0,-5.06259579671314,5.06259579671314,44.0,488.0,5.0,-100.0,-11.795432114079384,-100.0,0.8853472388555631,-0.07791055701928956,-0.12739433348178864,True
135,14,270.0,4.94129597855499,0.0,-4.94129597855499,4.94129597855499,44.0,488.0,5.0,-100.0,-11.50589953798441,-100.0,0.8667019795731543,-0.07626977420243758,-0.12129981815814972,True
136,14,272.0,4.854678806790616,0.0,-4.854678806790616,4.854678806790616,44.0,488.0,5.0,-100.0,-11.230218133079523,-100.0,0.8466870628644195,-0.07450846153206891,-0.08661717176437378,True
137,14,274.0,4.749016602465417,0.0,-4.749016602465417,4.749016602465417,44.0,488.0,5.0,-100.0,-11.033360924524128,-100.0,0.810665481529037,-0.07133856237455524,-0.10566220432519913,True
138,14,276.0,4.650341753789689,0.0,-4.650341753789689,4.650341753789689,44.0,488.0,5.0,-100.0,-10.793219551057767,-100.0,0.7879179989260292,-0.06933678390549056,-0.09867484867572784,True
139,14,278.0,4.535852421948221,0.0,-4.535852421948221,4.535852421948221,44.0,488.0,5.0,-100.0,-10.568958531340202,-100.0,0.7637309570017671,-0.0672083242161555,-0.11448933184146881,True
140,14,280.0,4.440445628890302,0.0,-4.440445628890302,4.440445628890302,44.0,488.0,5.0,-100.0,-10.308755504427774,-100.0,0.7500203306140024,-0.06600178909403222,-0.09540679305791855,True
141,15,282.0,4.322222729155328,0.0,-4.322222729155328,4.322222729155328,1.0,1.0,17.0,-100.0,-100.0,-100.0,40.0,-0.06404289429664227,-0.11822289973497391,True
142,15,284.0,4.1263807759969495,0.0,-4.1263807759969495,4.1263807759969495,1.0,1.0,17.0,-100.0,-100.0,-100.0,40.0,-0.06330802784568688,-0.1958419531583786,True
143,15,286.0,3.892349486181047,0.0,-3.892349486181047,3.892349486181047,1.0,1.0,17.0,-100.0,-100.0,-100.0,40.0,-0.06617165237445032,-0.2340312898159027,True
144,15,288.0,3.7686699227779172,0.0,-3.7686699227779172,3.7686699227779172,1.0,1.0,17.0,-100.0,-100.0,-100.0,40.0,-0.07049812086213472,-0.12367956340312958,True
145,15,290.0,3.594012667366769,0.0,-3.594012667366769,3.594012667366769,1.0,1.0,17.0,-100.0,-100.0,-100.0,40.0,-0.06939554144644117,-0.17465725541114807,True
146,15,292.0,3.5208283634274267,0.0,-3.5208283634274267,3.5208283634274267,1.0,1.0,17.0,-100.0,-100.0,-100.0,40.0,-0.07071547094617552,-0.0731843039393425,True
147,15,294.0,3.333197248110082,0.0,-3.333197248110082,3.333197248110082,1.0,1.0,17.0,-100.0,-100.0,-100.0,40.0,-0.06729675454426622,-0.18763111531734467,True
148,15,296.0,3.2497105942456983,0.0,-3.2497105942456983,3.2497105942456983,1.0,1.0,17.0,-100.0,-100.0,-100.0,40.0,-0.06940664961713562,-0.0834866538643837,True
149,15,298.0,3.0687050269334577,0.0,-3.0687050269334577,3.0687050269334577,1.0,1.0,17.0,-100.0,-100.0,-100.0,40.0,-0.06658110335037805,-0.1810055673122406,True
150,15,300.0,2.985209946462419,0.0,-2.985209946462419,2.985209946462419,1.0,1.0,17.0,-100.0,-100.0,-100.0,40.0,-0.06845808112416053,-0.08349508047103882,True
151,16,302.0,2.795731325575616,0.0,-2.795731325575616,2.795731325575616,1.0,1.0,20.0,-100.0,-100.0,-100.0,40.0,-0.06572340140548472,-0.18947862088680267,True
152,16,304.0,2.707631316909101,0.0,-2.707631316909101,2.707631316909101,1.0,1.0,20.0,-100.0,-100.0,-100.0,40.0,-0.06806736144145996,-0.08810000866651535,True
153,16,306.0,2.5260971309035085,0.0,-2.5260971309035085,2.5260971309035085,1.0,1.0,20.0,-100.0,-100.0,-100.0,40.0,-0.06557928225081695,-0.18153418600559235,True
154,16,308.0,2.4378228084533475,0.0,-2.4378228084533475,2.4378228084533475,1.0,1.0,20.0,-100.0,-100.0,-100.0,40.0,-0.06757585310788983,-0.08827432245016098,True
155,16,310.0,2.2542412178008817,0.0,-2.2542412178008817,2.2542412178008817,1.0,1.0,20.0,-100.0,-100.0,-100.0,40.0,-0.06514258258452119,-0.18358159065246582,True
156,16,312.0,2.1639607296674512,0.0,-2.1639607296674512,2.1639607296674512,1.0,1.0,20.0,-100.0,-100.0,-100.0,40.0,-0.06727388055076118,-0.09028048813343048,True
157,16,314.0,1.98391961021116,0.0,-1.98391961021116,1.98391961021116,1.0,1.0,20.0,-100.0,-100.0,-100.0,40.0,-0.06496061094922312,-0.1800411194562912,True
158,16,316.0,1.897730004915502,0.0,-1.897730004915502,1.897730004915502,1.0,1.0,20.0,-100.0,-100.0,-100.0,40.0,-0.06694832502451009,-0.08618960529565811,True
159,16,318.0,1.717924815544393,0.0,-1.717924815544393,1.717924815544393,1.0,1.0,20.0,-100.0,-100.0,-100.0,40.0,-0.064480147420897,-0.179805189371109,True
160,16,320.0,1.6322204144089483,0.0,-1.6322204144089483,1.6322204144089483,1.0,1.0,20.0,-100.0,-100.0,-100.0,40.0,-0.0665029678156846,-0.08570440113544464,True
161,17,322.0,1.4514488251297735,0.0,-1.4514488251297735,1.4514488251297735,1.0,1.0,20.0,-100.0,-100.0,-100.0,40.0,-0.0640552163023074,-0.1807715892791748,True
162,17,324.0,1.3666446403949521,0.0,-1.3666446403949521,1.3666446403949521,1.0,1.0,20.0,-100.0,-100.0,-100.0,40.0,-0.06616250109879418,-0.08480418473482132,True
163,17,326.0,1.1863517211168073,0.0,-1.1863517211168073,1.1863517211168073,1.0,1.0,20.0,-100.0,-100.0,-100.0,40.0,-0.06370630467315336,-0.18029291927814484,True
164,17,328.0,1.1019769729464315,0.0,-1.1019769729464315,1.1019769729464315,1.0,1.0,20.0,-100.0,-100.0,-100.0,40.0,-0.06582511269093833,-0.08437474817037582,True
165,17,330.0,0.9235300542204641,0.0,-0.9235300542204641,0.9235300542204641,1.0,1.0,20.0,-100.0,-100.0,-100.0,40.0,-0.06338157833640787,-0.1784469187259674,True
166,17,332.0,0.842685793468263,0.0,-0.842685793468263,0.842685793468263,1.0,1.0,20.0,-100.0,-92.35300542204641,-100.0,40.0,-0.06544744669545231,-0.08084426075220108,True
167,17,334.0,0.6734410272329114,0.0,-0.6734410272329114,0.6734410272329114,1.0,1.0,20.0,-100.0,-84.2685793468263,-100.0,40.0,-0.06287944948171428,-0.16924476623535156,True
168,17,336.0,0.600803506502416,0.0,-0.600803506502416,0.600803506502416,1.0,1.0,20.0,-100.0,-67.34410272329114,-100.0,40.0,-0.06457490594320418,-0.07263752073049545,True
169,17,338.0,0.4335947455256246,0.0,-0.4335947455256246,0.4335947455256246,1.0,1.0,20.0,-100.0,-60.0803506502416,-100.0,40.0,-0.06171707951886824,-0.16720876097679138,True
170,17,340.0,0.3608081684797071,0.0,-0.3608081684797071,0.3608081684797071,1.0,1.0,20.0,-100.0,-43.35947455256246,-100.0,40.0,-0.06343086154638548,-0.07278657704591751,True
171,18,342.0,0.20673667354276404,0.0,-0.20673667354276404,0.20673667354276404,1.0,1.0,20.0,-96.08081684797071,-36.08081684797071,-100.0,40.0,-0.060688940741731305,-0.15407149493694305,True
172,18,344.0,0.14863214356591925,0.0,-0.14863214356591925,0.14863214356591925,1.0,1.0,20.0,-80.6736673542764,-20.673667354276404,-100.0,40.0,-0.06190360504940051,-0.05810452997684479,True
173,18,346.0,-0.0188377900631167,0.0,0.0188377900631167,0.0188377900631167,1.0,1.0,20.0,-74.86321435659193,-14.863214356591925,-100.0,40.0,-0.05863995475720635,-0.16746993362903595,True
174,18,348.0,-0.07643795671174303,0.0,0.07643795671174303,0.07643795671174303,1.0,1.0,20.0,-46.802232967792435,1.88377900631167,-88.6860119741041,40.0,-0.060659134575480736,-0.05760016664862633,True
175,18,350.0,-0.1535455054254271,0.0,0.1535455054254271,0.1535455054254271,1.0,1.0,20.0,4.866466406825854,7.643795671174303,-42.77732926434845,40.0,-0.05749126647020809,-0.07710754871368408,True
176,18,352.0,-0.25558169843861833,0.0,0.25558169843861833,0.25558169843861833,1.0,1.0,20.0,74.0415332097541,15.354550542542711,18.6869826672114,40.0,-0.05551234270962726,-0.10203619301319122,True
177,18,354.0,-0.28321673261234537,0.0,0.28321673261234537,0.28321673261234537,1.0,1.0,20.0,100.0,25.558169843861833,69.80332235493508,40.0,-0.05485538918902439,-0.027635034173727036,True
178,18,356.0,-0.27317484287777916,0.0,0.27317484287777916,0.27317484287777916,1.0,1.0,20.0,100.0,28.321673261234537,100.0,40.0,-0.050878988177838966,0.010041889734566212,True
179,18,358.0,-0.2225845922366716,0.0,0.2225845922366716,0.2225845922366716,1.0,1.0,20.0,100.0,27.317484287777916,100.0,40.0,-0.045569183584926384,0.05059025064110756,True
180,18,360.0,-0.15401751740137115,0.0,0.15401751740137115,0.15401751740137115,1.0,1.0,20.0,100.0,22.25845922366716,100.0,40.0,-0.03892263889121284,0.06856707483530045,True
181,19,362.0,-0.03887628955999389,0.0,0.03887628955999389,0.03887628955999389,1.0,191.0,2.0,100.0,15.401751740137115,100.0,6.418583557937996,-0.03209291778968998,0.11514122784137726,True
182,19,364.0,0.08909018890699372,0.0,-0.08909018890699372,0.08909018890699372,1.0,191.0,2.0,100.0,3.8876289559993893,100.0,4.759504272446162,-0.02379752136223081,0.1279664784669876,True
183,19,366.0,0.2336834873422049,0.0,-0.2336834873422049,0.2336834873422049,1.0,191.0,2.0,93.95291869097495,-8.909018890699372,99.71985538761699,3.1420821940573376,-0.01571041097028669,0.14459329843521118,True
184,19,368.0,0.40622754947980866,0.0,-0.40622754947980866,0.40622754947980866,1.0,191.0,2.0,77.14446903696897,-23.36834873422049,98.98503631511338,1.5277814560760943,-0.007638907280380471,0.17254406213760376,True
185,19,370.0,0.5408477093442343,0.0,-0.5408477093442343,0.5408477093442343,1.0,191.0,2.0,56.89824846880822,-40.622754947980866,97.70765144496632,-0.18664802817722764,0.0009332401408861382,0.13462015986442566,True
186,19,372.0,0.6928990240558051,0.0,-0.6928990240558051,0.6928990240558051,1.0,191.0,2.0,40.52943039680784,-54.08477093442343,96.00695270640283,-1.3927513751715515,0.006963756875857757,0.15205131471157074,True
187,19,374.0,0.8898719157441519,0.0,-0.8898719157441519,0.8898719157441519,1.0,191.0,2.0,21.8959437880663,-69.2899024055805,93.82812773256268,-2.6422815389158774,0.013211407694579387,0.19697289168834686,True
188,19,376.0,0.9818558450206183,0.0,-0.9818558450206183,0.9818558450206183,1.0,191.0,2.0,-2.138298158969239,-88.98719157441519,91.02992036579019,-4.181026950344231,0.020905134751721156,0.09198392927646637,True
189,19,378.0,1.1090282704099081,0.0,-1.1090282704099081,1.1090282704099081,1.0,191.0,2.0,-14.861593948952246,-98.18558450206183,87.94246900336825,-4.618478450258657,0.02309239225129328,0.12717242538928986,True
190,19,380.0,1.3038769121631049,0.0,-1.3038769121631049,1.3038769121631049,1.0,191.0,2.0,-31.78182390194729,-100.0,84.45512321650308,-5.334120077459556,0.02667060038729778,0.19484864175319672,True
191,20,382.0,1.3807900007232092,0.0,-1.3807900007232092,1.3807900007232092,1.0,143.0,1.0,-49.23095777591784,-100.0,84.45512321650308,-3.2983897761104344,0.032983897761104344,0.07691308856010437,True
192,20,384.0,1.4821939672692679,0.0,-1.4821939672692679,1.4821939672692679,1.0,143.0,1.0,-56.95726489562835,-100.0,84.45512321650308,-3.333388039810501,0.03333388039810501,0.10140396654605865,True
193,20,386.0,1.55486502306303,0.0,-1.55486502306303,1.55486502306303,1.0,143.0,1.0,-67.24065152173162,-100.0,84.45512321650308,-3.4763780113079172,0.03476378011307917,0.07267105579376221,True
194,20,388.0,1.591519677953329,0.0,-1.591519677953329,1.591519677953329,1.0,143.0,1.0,-74.50649379927886,-100.0,84.45512321650308,-3.475114709478935,0.03475114709478935,0.03665465489029884,True
195,20,390.0,1.6309635470970534,0.0,-1.6309635470970534,1.6309635470970534,1.0,143.0,1.0,-78.00709381022925,-100.0,84.45512321650308,-3.3102492313994385,0.03310249231399438,0.03944386914372444,True
196,20,392.0,1.645590255910065,0.0,-1.645590255910065,1.645590255910065,1.0,143.0,1.0,-81.81502084331248,-100.0,84.45512321650308,-3.1737893501102246,0.031737893501102246,0.014626708813011646,True
197,20,394.0,1.654656168015208,0.0,-1.654656168015208,1.654656168015208,1.0,143.0,1.0,-83.04143530231556,-100.0,84.45512321650308,-2.9375329278121463,0.029375329278121462,0.00906591210514307,True
198,20,396.0,1.6502154738991521,0.0,-1.6502154738991521,1.6502154738991521,1.0,143.0,1.0,-83.70902831145511,-100.0,84.45512321650308,-2.698534726437388,0.02698534726437388,-0.004440694116055965,True
199,20,398.0,1.631137254589703,0.0,-1.631137254589703,1.631137254589703,1.0,143.0,1.0,-82.98736054402546,-100.0,84.45512321650308,-2.4209363706133344,0.024209363706133344,-0.019078219309449196,True
200,20,400.0,1.6015053958981298,0.0,-1.6015053958981298,1.6015053958981298,1.0,143.0,1.0,-80.76188124267688,-100.0,84.45512321650308,-2.1032790002096657,0.021032790002096655,-0.029631858691573143,True
201,21,402.0,1.6075441184802912,0.0,-1.6075441184802912,1.6075441184802912,2.0,129.0,1.0,-0.23228002955355265,-80.07526979490649,80.7269639039391,-0.8839741385861605,0.01767948277172321,0.0060387225821614265,True
202,21,404.0,1.4838937390013598,0.0,-1.4838937390013598,1.4838937390013598,2.0,129.0,1.0,-4.205836557302316,-80.37720592401456,76.98474699288784,-0.8133776261755977,0.016267552523511954,-0.12365037947893143,True
203,21,406.0,1.348844932334032,0.0,-1.348844932334032,1.348844932334032,2.0,129.0,1.0,-1.1190561325019988,-74.19468695006799,73.53037695074951,-0.45474613318351903,0.009094922663670381,-0.13504880666732788,True
204,21,408.0,1.2688380125327967,0.0,-1.2688380125327967,1.2688380125327967,2.0,129.0,1.0,2.8437247180928114,-67.4422466167016,70.39038828223445,-0.1044169474400439,0.002088338948800878,-0.0800069198012352,True
205,21,410.0,1.206001149432268,0.0,-1.206001149432268,1.206001149432268,2.0,129.0,1.0,4.08213815541704,-63.441900626639836,67.43664846676137,0.08739031529551329,-0.0017478063059102658,-0.06283686310052872,True
206,21,412.0,1.1522379088564776,0.0,-1.1522379088564776,1.1522379088564776,2.0,129.0,1.0,4.55100521191768,-60.3000574716134,64.62918716957513,0.22187551395594948,-0.00443751027911899,-0.053763240575790405,True
207,21,414.0,1.0688494834466837,0.0,-1.0688494834466837,1.0688494834466837,2.0,129.0,1.0,4.657895259821688,-57.61189544282388,61.94688182037358,0.3229088822719886,-0.006458177645439772,-0.08338842540979385,True
208,21,416.0,0.9994475412531756,0.0,-0.9994475412531756,0.9994475412531756,2.0,129.0,1.0,6.4978625220889,-53.44247417233419,59.45869716258403,0.4816395318390582,-0.009632790636781165,-0.06940194219350815,True
209,21,418.0,0.9379053208394907,0.0,-0.9379053208394907,0.9379053208394907,2.0,129.0,1.0,7.753136063123109,-49.97237706265878,57.13207393178767,0.5934391939942142,-0.011868783879884284,-0.061542220413684845,True
210,21,420.0,0.8743217158480547,0.0,-0.8743217158480547,0.8743217158480547,2.0,129.0,1.0,8.730159418441778,-46.89526604197454,54.948715408521444,0.6767100518948727,-0.013534201037897453,-0.063583604991436,True
211,22,422.0,0.6893090027733706,0.0,-0.6893090027733706,0.6893090027733706,1.0,244.0,1.0,-33.12222455909086,-87.43217158480547,52.796591852552275,1.5133551731623358,-0.015133551731623358,-0.18501271307468414,True
212,22,424.0,0.6052563133998774,0.0,-0.6052563133998774,0.6052563133998774,1.0,244.0,1.0,-15.621002998767427,-68.93090027733706,51.09987299572807,2.210024282841563,-0.022100242828415627,-0.0840526893734932,True
213,22,426.0,0.5714238080545329,0.0,-0.5714238080545329,0.5714238080545329,1.0,244.0,1.0,-8.53428709401285,-60.52563133998774,49.6100479738212,2.381296272153687,-0.023812962721536872,-0.03383250534534454,True
214,22,428.0,0.5302072148188017,0.0,-0.5302072148188017,0.5302072148188017,1.0,244.0,1.0,-6.6309391554724195,-57.142380805453286,48.20350091515304,2.307940734827825,-0.023079407348278253,-0.041216593235731125,True
215,22,430.0,0.48193103628000244,0.0,-0.48193103628000244,0.48193103628000244,1.0,244.0,1.0,-3.8471648975297814,-53.02072148188017,46.89840758866561,2.275148995684778,-0.02275148995684778,-0.048276178538799286,True
216,22,432.0,0.4406399186118506,0.0,-0.4406399186118506,0.4406399186118506,1.0,244.0,1.0,-0.20338204493539278,-48.193103628000244,45.712145007363006,2.2775765757018487,-0.022775765757018486,-0.041291117668151855,True
217,22,434.0,0.38492021145066246,0.0,-0.38492021145066246,0.38492021145066246,1.0,244.0,1.0,2.811547768183862,-44.06399186118506,44.627519598482344,2.248020030886575,-0.02248020030886575,-0.055719707161188126,True
218,22,436.0,0.3385457787080668,0.0,-0.3385457787080668,0.3385457787080668,1.0,244.0,1.0,7.4748979538117295,-38.492021145066246,43.68004701577502,2.286872083102961,-0.022868720831029612,-0.04637443274259567,True
219,22,438.0,0.2957315090461634,0.0,-0.2957315090461634,0.2957315090461634,1.0,244.0,1.0,11.271682685200412,-33.85457787080668,42.84672407305836,2.2795364829487297,-0.022795364829487297,-0.04281426966190338,True
220,22,440.0,0.25266726867994294,0.0,-0.25266726867994294,0.25266726867994294,1.0,244.0,1.0,14.802353502459392,-29.57315090461634,42.11878750769096,2.2567168993847746,-0.022567168993847746,-0.043064240366220474,True
221,23,442.0,0.21714715467533097,0.0,-0.21714715467533097,0.21714715467533097,1.0,254.0,2.0,20.729032128837265,-25.266726867994294,41.5213382426465,4.47442075418506,-0.0223721037709253,-0.03552011400461197,True
222,23,444.0,0.19274870672961697,0.0,-0.19274870672961697,0.19274870672961697,1.0,254.0,2.0,23.663704528941388,-21.714715467533097,41.007878748486235,4.370541247988246,-0.02185270623994123,-0.024398447945713997,True
223,23,446.0,0.16708002233644947,0.0,-0.16708002233644947,0.16708002233644947,1.0,254.0,2.0,25.452697836820743,-19.274870672961697,40.552111075152354,4.175457434630086,-0.020877287173150433,-0.025668684393167496,True
224,23,448.0,0.16998063487699255,0.0,-0.16998063487699255,0.16998063487699255,1.0,254.0,2.0,27.459567557832663,-16.708002233644947,40.15703878474432,4.010531006733286,-0.02005265503366643,0.0029006125405430794,True
225,23,450.0,0.18691954103996977,0.0,-0.18691954103996977,0.18691954103996977,1.0,254.0,2.0,26.358641586911446,-16.998063487699255,39.75510779499005,3.601597279620647,-0.018007986398103235,0.01693890616297722,True
226,23,452.0,0.1810326594277285,0.0,-0.1810326594277285,0.1810326594277285,1.0,254.0,2.0,23.725211002706022,-18.691954103996977,39.3131235878539,3.104041518849093,-0.015520207594245466,-0.005886881612241268,True
227,23,454.0,0.21525414095958695,0.0,-0.21525414095958695,0.21525414095958695,1.0,254.0,2.0,23.643262819388934,-18.10326594277285,38.88505932021371,2.8614694419480737,-0.014307347209740369,0.034221481531858444,True
228,23,456.0,0.2289968085824512,0.0,-0.2289968085824512,0.2289968085824512,1.0,254.0,2.0,19.128050396218093,-21.525414095958695,38.3760759881582,2.277388504018589,-0.011386942520092945,0.013742667622864246,True
229,23,458.0,0.22939679012051784,0.0,-0.22939679012051784,0.22939679012051784,1.0,254.0,2.0,16.87012349317336,-22.89968085824512,37.83459716622808,1.9352071851904031,-0.009676035925952016,0.0003999815380666405,True
230,23,460.0,0.2783489561115857,0.0,-0.2783489561115857,0.2783489561115857,1.0,254.0,2.0,16.099465792210697,-22.939679012051784,37.292172560235,1.7469722440274746,-0.008734861220137374,0.048952165991067886,True
231,24,462.0,0.2550028225814458,0.0,-0.2550028225814458,0.2550028225814458,1.0,254.0,2.0,9.934379272928668,-27.834895611158572,36.63399716567919,1.1352777184080522,-0.0056763885920402615,-0.023346133530139923,True
232,24,464.0,0.2784359975194093,0.0,-0.2784359975194093,0.2784359975194093,1.0,254.0,2.0,11.76998002037172,-25.50028225814458,36.031025321595436,1.2392369569208659,-0.00619618478460433,0.023433174937963486,True
233,24,466.0,0.2757527389039751,0.0,-0.2757527389039751,0.2757527389039751,1.0,254.0,2.0,8.437026921196711,-27.84359975194093,35.372644111599485,0.9079825615381568,-0.004539912807690784,-0.0026832586154341698,True
234,24,468.0,0.26546159558347426,0.0,-0.26546159558347426,0.26546159558347426,1.0,254.0,2.0,7.991099316925792,-27.57527389039751,34.72060765253262,0.845765554790682,-0.00422882777395341,-0.01029114332050085,True
235,24,470.0,0.26211766045889817,0.0,-0.26211766045889817,0.26211766045889817,1.0,254.0,2.0,8.405396715216744,-26.546159558347426,34.09290531495848,0.8586509586056932,-0.004293254793028466,-0.0033439351245760918,True
236,24,472.0,0.2951419677992817,0.0,-0.2951419677992817,0.2951419677992817,1.0,254.0,2.0,8.068490149431112,-26.211766045889817,33.47310994370003,0.8071462516208978,-0.004035731258104489,0.03302430734038353,True
237,24,474.0,0.24013413753709756,0.0,-0.24013413753709756,0.24013413753709756,1.0,254.0,2.0,3.690939929731829,-29.51419677992817,32.775226309358715,0.4299104003012813,-0.0021495520015064064,-0.05500783026218414,True
238,24,476.0,0.26916847270331345,0.0,-0.26916847270331345,0.26916847270331345,1.0,254.0,2.0,9.083007334539802,-24.013413753709756,32.20741250136862,0.8890085868809325,-0.004445042934404663,0.029034335166215897,True
239,24,478.0,0.2513537861814257,0.0,-0.2513537861814257,0.2513537861814257,1.0,254.0,2.0,5.1943367342241284,-26.916847270331345,31.570944995981364,0.5402390085741089,-0.0027011950428705443,-0.01781468652188778,True
240,24,480.0,0.2306009482999798,0.0,-0.2306009482999798,0.2306009482999798,1.0,254.0,2.0,6.491892140182563,-25.135378618142568,30.976601551320783,0.6506692070043497,-0.003253346035021749,-0.020752837881445885,True
241,25,482.0,0.2357072456215974,0.0,-0.2357072456215974,0.2357072456215974,1.0,352.0,8.0,10.63215509543605,-23.06009482999798,30.583138289820646,3.1091116356133845,-0.003886389544516731,0.005106297321617603,True
242,25,484.0,0.2124940043722745,0.0,-0.2124940043722745,0.2124940043722745,1.0,352.0,8.0,9.237075920224713,-23.57072456215974,30.18096239980286,2.626838082581596,-0.0032835476032269948,-0.02321324124932289,True
243,25,486.0,0.1843892706965562,0.0,-0.1843892706965562,0.1843892706965562,1.0,352.0,8.0,11.789437509872661,-21.24940043722745,29.818394142274407,3.2204438048257047,-0.004025554756032131,-0.028104733675718307,True
244,25,488.0,0.15836206063977443,0.0,-0.15836206063977443,0.15836206063977443,1.0,352.0,8.0,15.000163565914626,-18.43892706965562,29.5037796345339,3.9353110010363457,-0.004919138751295432,-0.02602721005678177,True
245,25,490.0,0.17253496948978864,0.0,-0.17253496948978864,0.17253496948978864,1.0,352.0,8.0,17.903803648847628,-15.836206063977443,29.233574098361714,4.5064356144633555,-0.005633044518079194,0.01417290885001421,True
246,25,492.0,0.1031608403136488,0.0,-0.1031608403136488,0.1031608403136488,1.0,352.0,8.0,15.246842395795964,-17.253496948978864,28.93918601228165,3.561153332493181,-0.004451441665616476,-0.06937412917613983,True
247,25,494.0,0.14380695004365407,0.0,-0.14380695004365407,0.14380695004365407,1.0,352.0,8.0,24.191417204844374,-10.31608403136488,28.763167652478128,5.744333583731126,-0.0071804169796639075,0.040646109730005264,True
248,25,496.0,0.12724240947864018,0.0,-0.12724240947864018,0.12724240947864018,1.0,352.0,8.0,17.855339549466276,-14.380695004365407,28.517796798595253,3.7182377552364323,-0.0046477971940455404,-0.016564540565013885,True
249,25,498.0,0.08409184668562375,0.0,-0.08409184668562375,0.08409184668562375,1.0,352.0,8.0,19.542395344987156,-12.724240947864018,28.300689220314723,3.9659470725364527,-0.004957433840670566,-0.043150562793016434,True
250,25,500.0,0.12109515149495564,0.0,-0.12109515149495564,0.12109515149495564,1.0,352.0,8.0,24.904884155057335,-8.409184668562375,28.157207363425552,5.1568614601941585,-0.006446076825242698,0.037003304809331894,True
251,26,502.0,0.10419671874842606,0.0,-0.10419671874842606,0.10419671874842606,1.0,300.0,4.0,17.464899213979255,-12.109515149495564,27.91477462769989,1.6596397357749297,-0.0041490993394373244,-0.01689843274652958,True
252,26,504.0,0.08467880528769456,0.0,-0.08467880528769456,0.08467880528769456,1.0,300.0,4.0,19.095094530631822,-10.419671874842606,27.706172588163458,1.808593817310971,-0.0045214845432774275,-0.019517913460731506,True
253,26,506.0,0.13248676326475106,0.0,-0.13248676326475106,0.13248676326475106,1.0,300.0,4.0,21.059734508097264,-8.467880528769456,27.536645450450337,1.9909695864163828,-0.004977423966040957,0.0478079579770565,True
254,26,508.0,0.10447298813960515,0.0,-0.10447298813960515,0.10447298813960515,1.0,300.0,4.0,14.954484225494374,-13.248676326475106,27.271406685155508,0.9317538668139714,-0.0023293846670349285,-0.028013775125145912,True
255,26,510.0,0.10479781939648092,0.0,-0.10479781939648092,0.10479781939648092,1.0,300.0,4.0,17.96720503405252,-10.447298813960515,27.062251553744886,1.352252294268146,-0.0033806307356703653,0.0003248312568757683,True
256,26,512.0,0.16571590839885175,0.0,-0.16571590839885175,0.16571590839885175,1.0,300.0,4.0,17.59001931980702,-10.479781939648092,26.852446109507678,1.2173551499474344,-0.003043387874868586,0.060918089002370834,True
257,26,514.0,0.1577031973283738,0.0,-0.1577031973283738,0.1577031973283738,1.0,300.0,4.0,9.942642674900162,-16.571590839885175,26.52068252912956,-0.0064490143442197225,1.6122535860549305e-05,-0.008012711070477962,True
258,26,516.0,0.12480422738008201,0.0,-0.12480422738008201,0.12480422738008201,1.0,300.0,4.0,10.574502962394936,-15.770319732837379,26.204960412356005,0.13986228287631153,-0.00034965570719077885,-0.03289896994829178,True
259,26,518.0,0.16900499421171844,0.0,-0.16900499421171844,0.16900499421171844,1.0,300.0,4.0,14.19940633872172,-12.480422738008201,25.95510209928278,0.7247269774471443,-0.0018118174436178608,0.04420076683163643,True
260,26,520.0,0.09166358667425811,0.0,-0.09166358667425811,0.09166358667425811,1.0,300.0,4.0,8.56814188185257,-16.900499421171844,25.616753762522613,-0.14811245949820095,0.0003702811487455024,-0.07734140753746033,True
261,27,522.0,0.08002936071716249,0.0,-0.08002936071716249,0.08002936071716249,1.0,363.0,1.0,16.61681447668698,-9.166358667425811,25.46509204018168,0.31808110393111155,-0.0031808110393111155,-0.011634225957095623,True
262,27,524.0,0.10332159302197397,0.0,-0.10332159302197397,0.10332159302197397,1.0,363.0,1.0,17.67036976812951,-8.002936071716249,25.332679692764557,0.3406261470812008,-0.003406261470812008,0.023292232304811478,True
263,27,526.0,0.05178923881612718,0.0,-0.05178923881612718,0.05178923881612718,1.0,363.0,1.0,15.031822535800224,-10.332159302197397,25.161729249723173,0.20225258827444625,-0.0020225258827444624,-0.051532354205846786,True
264,27,528.0,0.0981931125279516,0.0,-0.0981931125279516,0.0981931125279516,1.0,363.0,1.0,20.314332256262535,-5.178923881612718,25.07604151435785,0.4172146235174038,-0.004172146235174038,0.04640387371182442,True
265,27,530.0,0.0984420596214477,0.0,-0.0984420596214477,0.0984420596214477,1.0,363.0,1.0,15.260739990320497,-9.81931125279516,24.913576383891932,0.16647485922372157,-0.0016647485922372158,0.0002489470934960991,True
266,27,532.0,0.08717992310994305,0.0,-0.08717992310994305,0.08717992310994305,1.0,363.0,1.0,15.05595663989914,-9.84420596214477,24.750699358732163,0.14946324331174637,-0.0014946324331174638,-0.01126213651150465,True
267,27,534.0,0.07218632349395193,0.0,-0.07218632349395193,0.07218632349395193,1.0,363.0,1.0,16.07486498394217,-8.717992310994305,24.606456068979675,0.18640122595679937,-0.0018640122595679938,-0.014993599615991116,True
268,27,536.0,0.11875221753143705,0.0,-0.11875221753143705,0.11875221753143705,1.0,363.0,1.0,17.5051661741408,-7.218632349395193,24.487020396126734,0.23677812740925666,-0.0023677812740925666,0.04656589403748512,True
269,27,538.0,0.06275373944663443,0.0,-0.06275373944663443,0.06275373944663443,1.0,363.0,1.0,12.417831109620435,-11.875221753143705,24.29053925791177,0.0025136048523709915,-2.5136048523709913e-05,-0.05599847808480263,True
270,27,540.0,0.10308389240526594,0.0,-0.10308389240526594,0.10308389240526594,1.0,363.0,1.0,18.168166963304326,-6.275373944663443,24.186710239725596,0.2568306682421762,-0.002568306682421762,0.040330152958631516,True
271,28,542.0,0.08211955861770548,0.0,-0.08211955861770548,0.08211955861770548,1.0,420.0,2.0,13.828910203015774,-10.308389240526594,24.039300126175966,0.09799931736640122,-0.0004899965868320061,-0.020964333787560463,True
272,28,544.0,0.0568080774100963,0.0,-0.0568080774100963,0.0568080774100963,1.0,420.0,2.0,15.989162941029097,-8.211955861770548,23.921869039921575,0.27924976287807296,-0.0013962488143903647,-0.025311481207609177,True
273,28,546.0,0.0682218425499741,0.0,-0.0682218425499741,0.0682218425499741,1.0,420.0,2.0,18.64255884539184,-5.68080774100963,23.840633407989497,0.48273317841197105,-0.0024136658920598554,0.011413765139877796,True
274,28,548.0,0.08936695163720287,0.0,-0.08936695163720287,0.08936695163720287,1.0,420.0,2.0,17.253808352504514,-6.82218425499741,23.7430760755857,0.3329165319162227,-0.0016645826595811136,0.021145109087228775,True
275,28,550.0,0.04271222060197033,0.0,-0.04271222060197033,0.04271222060197033,1.0,420.0,2.0,14.787503743772442,-8.936695163720287,23.615281206949636,0.10891770054309707,-0.0005445885027154854,-0.046654731035232544,True
276,28,552.0,0.093694558046991,0.0,-0.093694558046991,0.093694558046991,1.0,420.0,2.0,19.805673112143243,-4.271222060197033,23.554202670410273,0.5226925019300032,-0.0026134625096500158,0.050982337445020676,True
277,28,554.0,0.07472455842071213,0.0,-0.07472455842071213,0.07472455842071213,1.0,420.0,2.0,14.06008751574492,-9.3694558046991,23.420219318419722,0.009324002024300783,-4.662001012150392e-05,-0.018969999626278877,True
278,28,556.0,0.06279083775007166,0.0,-0.06279083775007166,0.06279083775007166,1.0,420.0,2.0,16.021808780324434,-7.472455842071213,23.313363093021866,0.1809015293737814,-0.000904507646868907,-0.011933720670640469,True
279,28,558.0,0.0714116409944836,0.0,-0.0714116409944836,0.0714116409944836,1.0,420.0,2.0,17.21662991832726,-6.279083775007166,23.2235721052483,0.2721415880861259,-0.0013607079404306295,0.008620803244411945,True
280,28,560.0,0.07385622957372107,0.0,-0.07385622957372107,0.07385622957372107,1.0,420.0,2.0,16.14809481726506,-7.1411640994483605,23.121453356507416,0.16780556020600632,-0.0008390278010300316,0.002444588579237461,True
281,29,562.0,0.06169007686548866,0.0,-0.06169007686548866,0.06169007686548866,1.0,433.0,1.0,15.698173528918105,-7.385622957372107,23.019009717153892,0.06478676913631891,-0.000647867691363189,-0.012166152708232403,True
282,29,564.0,0.10467526657157578,0.0,-0.10467526657157578,0.10467526657157578,1.0,433.0,1.0,16.878345136670404,-6.169007686548866,22.93344136330513,0.11391145991414,-0.0011391145991414,0.04298518970608711,True
283,29,566.0,0.07073511523776688,0.0,-0.07073511523776688,0.07073511523776688,1.0,433.0,1.0,12.228367184216056,-10.467526657157578,22.78824961279493,-0.09235577142129724,0.0009235577142129724,-0.0339401513338089,True
284,29,568.0,0.07355141328298487,0.0,-0.07355141328298487,0.07355141328298487,1.0,433.0,1.0,15.687362155392673,-7.073511523776688,22.690135172389958,0.07073850677940277,-0.0007073850677940277,0.002816298045217991,True
285,29,570.0,0.0928154370340053,0.0,-0.0928154370340053,0.0928154370340053,1.0,433.0,1.0,15.284161525351129,-7.355141328298487,22.588114334069452,0.05118851958016195,-0.0005118851958016195,0.01926402375102043,True
286,29,572.0,0.08229171266430058,0.0,-0.08229171266430058,0.08229171266430058,1.0,433.0,1.0,13.136564906684404,-9.28154370340053,22.45937297788555,-0.04126436780061714,0.0004126436780061714,-0.010523724369704723,True
287,29,574.0,0.06975551569485106,0.0,-0.06975551569485106,0.06975551569485106,1.0,433.0,1.0,14.126567850346758,-8.229171266430058,22.345228746821732,0.010510369955083884,-0.00010510369955083883,-0.01253619696944952,True
288,29,576.0,0.11004772284650244,0.0,-0.11004772284650244,0.11004772284650244,1.0,433.0,1.0,15.339416109133689,-6.975551569485106,22.248473077949825,0.06649460066896723,-0.0006649460066896723,0.04029220715165138,True
289,29,578.0,0.06329176822328009,0.0,-0.06329176822328009,0.06329176822328009,1.0,433.0,1.0,10.968049229188303,-11.004772284650244,22.095829363316245,-0.12300784947769805,0.0012300784947769806,-0.04675595462322235,True
290,29,580.0,0.08213402205728926,0.0,-0.08213402205728926,0.08213402205728926,1.0,433.0,1.0,15.780130686498229,-6.329176822328009,22.00803935405995,0.10126815476628817,-0.0010126815476628817,0.01884225383400917,True
291,30,582.0,0.08814725247793831,0.0,-0.08814725247793831,0.08814725247793831,1.0,488.0,1.0,13.699507078285105,-8.213402205728926,21.90695381517196,0.005955468842071794,-5.955468842071794e-05,0.006013230420649052,True
292,30,584.0,0.06931238775723614,0.0,-0.06931238775723614,0.06931238775723614,1.0,488.0,1.0,12.961794860765497,-8.814725247793831,21.798467559476197,-0.021947450916871124,0.00021947450916871126,-0.01883486472070217,True
293,30,586.0,0.057940493017667904,0.0,-0.057940493017667904,0.057940493017667904,1.0,488.0,1.0,14.847688611286141,-6.931238775723614,21.71316210514004,0.0657652818697171,-0.000657652818697171,-0.011371894739568233,True
294,30,588.0,0.09889594340347685,0.0,-0.09889594340347685,0.09889594340347685,1.0,488.0,1.0,15.958989292425482,-5.7940493017667904,21.641852484432032,0.11118610976023993,-0.0011118610976023993,0.040955450385808945,True
295,30,590.0,0.050218603253597394,0.0,-0.050218603253597394,0.050218603253597394,1.0,488.0,1.0,11.544948655288275,-9.889594340347685,21.520137396306836,-0.08559440067087748,0.0008559440067087748,-0.048677340149879456,True
296,30,592.0,0.07269621887826361,0.0,-0.07269621887826361,0.07269621887826361,1.0,488.0,1.0,16.580318031701104,-5.021860325359739,21.458331405988318,0.1438469510725277,-0.0014384695107252771,0.022477615624666214,True
297,30,594.0,0.07184863797738217,0.0,-0.07184863797738217,0.07184863797738217,1.0,488.0,1.0,14.127186585656148,-7.269621887826361,21.368861338939805,0.027947134542705608,-0.0002794713454270561,-0.0008475809008814394,True
298,30,596.0,0.0566294310556259,0.0,-0.0566294310556259,0.0566294310556259,1.0,488.0,1.0,14.124704813186058,-7.184863797738217,21.280434422707128,0.02913418821714689,-0.0002913418821714689,-0.015219206921756268,True
299,30,598.0,0.04345896243466996,0.0,-0.04345896243466996,0.04345896243466996,1.0,488.0,1.0,15.643333549781957,-5.66294310556259,21.210738377002848,0.09553827834169887,-0.0009553827834169887,-0.013170468620955944,True
300,30,600.0,0.08828417732729577,0.0,-0.08828417732729577,0.08828417732729577,1.0,488.0,1.0,16.95765049429315,-4.345896243466996,21.157251739831263,0.146294997928886,-0.00146294997928886,0.04482521489262581,True
301,31,602.0,0.04085672422661446,0.0,-0.04085672422661446,0.04085672422661446,1.0,488.0,1.0,12.148753597018677,-8.828417732729577,21.048596965392097,-0.07142563564384259,0.0007142563564384259,-0.047427453100681305,True
302,31,604.0,0.0638167574943509,0.0,-0.0638167574943509,0.0638167574943509,1.0,488.0,1.0,17.06362303266485,-4.085672422661446,20.998313004103007,0.15098245122328488,-0.0015098245122328487,0.022960033267736435,True
303,31,606.0,0.06991364303394221,0.0,-0.06991364303394221,0.06991364303394221,1.0,488.0,1.0,14.570304504128865,-6.3816757494350895,20.919771235907348,0.03220901765660572,-0.0003220901765660572,0.006096885539591312,True
304,31,608.0,0.05489577687694691,0.0,-0.05489577687694691,0.05489577687694691,1.0,488.0,1.0,13.843782996506807,-6.991364303394221,20.83372579329187,0.0014215066091585878,-1.4215066091585879e-05,-0.015017866156995296,True
305,31,610.0,0.045113053725799546,0.0,-0.045113053725799546,0.045113053725799546,1.0,488.0,1.0,15.346139580629202,-5.489577687694691,20.766163423286265,0.06955384503762777,-0.0006955384503762776,-0.009782723151147366,True
306,31,612.0,0.09243726040585898,0.0,-0.09243726040585898,0.09243726040585898,1.0,488.0,1.0,16.30672491618498,-4.511305372579955,20.71064103155953,0.10738925720540488,-0.0010738925720540488,0.04732420668005943,True
307,31,614.0,0.047156204091152176,0.0,-0.047156204091152176,0.047156204091152176,1.0,488.0,1.0,11.235168808885568,-9.243726040585898,20.59687489607256,-0.11798004660109361,0.0011798004660109362,-0.0452810563147068,True
308,31,616.0,0.05572024136199616,0.0,-0.05572024136199616,0.05572024136199616,1.0,488.0,1.0,15.922329303303886,-4.715620409115218,20.538837919639807,0.09911179277929737,-0.0009911179277929737,0.008564037270843983,True
309,31,618.0,0.08470872565521859,0.0,-0.08470872565521859,0.08470872565521859,1.0,488.0,1.0,14.948964038812665,-5.572024136199616,20.470260849091392,0.05072732592088868,-0.0005072732592088868,0.028988484293222427,True
310,31,620.0,0.04514357596053742,0.0,-0.04514357596053742,0.04514357596053742,1.0,488.0,1.0,11.809247117335289,-8.470872565521859,20.366006522237655,-0.0858868393805079,0.000858868393805079,-0.03956514969468117,True
311,32,622.0,0.04565238070790656,0.0,-0.04565238070790656,0.04565238070790656,1.0,569.0,1.0,15.90615859057429,-4.514357596053742,20.318355803722454,0.10216038290557757,-0.0010216038290557757,0.0005088047473691404,True
312,32,624.0,0.09055232492391951,0.0,-0.09055232492391951,0.09055232492391951,1.0,569.0,1.0,15.795032390072677,-4.565238070790656,20.270168022928047,0.09010243793528547,-0.0009010243793528547,0.044899944216012955,True
313,32,626.0,0.04546310243313201,0.0,-0.04546310243313201,0.04546310243313201,1.0,569.0,1.0,10.996756476078657,-9.055232492391951,20.17458668595953,-0.12259771748892007,0.0012259771748892006,-0.045089222490787506,True
314,32,628.0,0.0543722617730964,0.0,-0.0543722617730964,0.0543722617730964,1.0,569.0,1.0,15.674351016778765,-4.546310243313201,20.126598695403253,0.0940625646887129,-0.0009406256468871289,0.00890915933996439,True
315,32,630.0,0.08680281744454987,0.0,-0.08680281744454987,0.08680281744454987,1.0,569.0,1.0,14.676571471291899,-5.43722617730964,20.069206756779444,0.044590891822093255,-0.00044590891822093257,0.032430555671453476,True
316,32,632.0,0.04378554553841241,0.0,-0.04378554553841241,0.04378554553841241,1.0,569.0,1.0,11.190216593836412,-8.680281744454987,19.977583164000855,-0.10708482570945664,0.0010708482570945665,-0.043017271906137466,True
317,32,634.0,0.04945129205589183,0.0,-0.04945129205589183,0.04945129205589183,1.0,569.0,1.0,15.651488398048874,-4.378554553841241,19.931365896956954,0.09867705493316056,-0.0009867705493316057,0.00566574651747942,True
318,32,636.0,0.08560706352000125,0.0,-0.08560706352000125,0.08560706352000125,1.0,569.0,1.0,14.997548072208684,-4.945129205589183,19.879168224357223,0.063509053440642,-0.0006350905344064201,0.03615577146410942,True
319,32,638.0,0.04013417338137515,0.0,-0.04013417338137515,0.04013417338137515,1.0,569.0,1.0,11.121195167428786,-8.560706352000125,19.788806794188897,-0.10690527475998482,0.0010690527475998482,-0.0454728901386261,True
320,32,640.0,0.04662241929327138,0.0,-0.04662241929327138,0.04662241929327138,1.0,569.0,1.0,15.843028529789843,-4.013417338137515,19.746443685862946,0.1100021820644124,-0.001100021820644124,0.006488245911896229,True
321,33,642.0,0.08133917817031033,0.0,-0.08133917817031033,0.08133917817031033,1.0,569.0,1.0,15.10500504380308,-4.662241929327138,19.697231993369112,0.07001497976110539,-0.000700149797611054,0.034716758877038956,True
322,33,644.0,0.03613390543614514,0.0,-0.03613390543614514,0.03613390543614514,1.0,569.0,1.0,11.382979148318729,-8.133917817031033,19.611375474456207,-0.0944785091064432,0.0009447850910644321,-0.04520527273416519,True
323,33,646.0,0.03796395138488151,0.0,-0.03796395138488151,0.03796395138488151,1.0,569.0,1.0,16.079871287992166,-3.613390543614514,19.57323479729103,0.12002703431565231,-0.0012002703431565232,0.0018300459487363696,True
324,33,648.0,0.07963394970283844,0.0,-0.07963394970283844,0.07963394970283844,1.0,569.0,1.0,15.837026024765835,-3.796395138488151,19.533162438762155,0.10025872449183318,-0.0010025872449183318,0.041669998317956924,True
325,33,650.0,0.03512838334427215,0.0,-0.03512838334427215,0.03512838334427215,1.0,569.0,1.0,11.386983274908697,-7.963394970283844,19.449105851732785,-0.0987276065402426,0.000987276065402426,-0.044505566358566284,True
326,33,652.0,0.03493915808212478,0.0,-0.03493915808212478,0.03493915808212478,1.0,569.0,1.0,16.012190750078865,-3.512838334427215,19.412026540423977,0.11300254408210458,-0.001130025440821046,-0.00018922526214737445,True
327,33,654.0,0.0812187635601731,0.0,-0.0812187635601731,0.0812187635601731,1.0,569.0,1.0,15.984314617518102,-3.4939158082124777,19.37514696339656,0.10308346233402071,-0.0010308346233402071,0.046279605478048325,True
328,33,656.0,0.039852544039604254,0.0,-0.039852544039604254,0.039852544039604254,1.0,569.0,1.0,11.05041460540342,-8.12187635601731,19.289417546570064,-0.11712658514933524,0.0011712658514933525,-0.04136621952056885,True
329,33,658.0,0.037786588378367014,0.0,-0.037786588378367014,0.037786588378367014,1.0,569.0,1.0,15.34418515552855,-3.9852544039604254,19.247351708458226,0.08208785103074742,-0.0008208785103074742,-0.00206595566123724,True
330,33,660.0,0.0854773636237951,0.0,-0.0854773636237951,0.0854773636237951,1.0,569.0,1.0,15.512456638296754,-3.7786588378367014,19.20746656315999,0.08364891297346425,-0.0008364891297346425,0.047690775245428085,True
331,34,662.0,0.044403642721590586,0.0,-0.044403642721590586,0.044403642721590586,1.0,606.0,1.0,10.433892280587617,-8.54773636237951,19.122750794298284,-0.14112215133115535,0.0014112215133115535,-0.041073720902204514,True
332,34,664.0,0.04167663057160098,0.0,-0.04167663057160098,0.04167663057160098,1.0,606.0,1.0,14.697430087064456,-4.440364272159059,19.078742783592915,0.059051575630598874,-0.0005905157563059888,-0.002727012149989605,True
333,34,666.0,0.09051036213350017,0.0,-0.09051036213350017,0.09051036213350017,1.0,606.0,1.0,14.935589505521948,-4.167663057160098,19.037437487632005,0.06581507505004239,-0.0006581507505004239,0.048833731561899185,True
334,34,668.0,0.04536093150090892,0.0,-0.04536093150090892,0.04536093150090892,1.0,606.0,1.0,9.734246892944567,-9.051036213350017,18.947733563773962,-0.1624504574793768,0.001624504574793768,-0.04514943063259125,True
335,34,670.0,0.0426472745166393,0.0,-0.0426472745166393,0.0426472745166393,1.0,606.0,1.0,14.424968695016968,-4.536093150090892,18.902776793636576,0.05828505147128197,-0.0005828505147128197,-0.002713656984269619,True
336,34,672.0,0.086396409504232,0.0,-0.086396409504232,0.086396409504232,1.0,606.0,1.0,14.660843010006616,-4.26472745166393,18.8605095020711,0.06506095959944666,-0.0006506095959944666,0.0437491349875927,True
337,34,674.0,0.03871745087963063,0.0,-0.03871745087963063,0.03871745087963063,1.0,606.0,1.0,9.995222751359076,-8.6396409504232,18.774882875935837,-0.14001917415356346,0.0014001917415356346,-0.047678958624601364,True
338,34,676.0,0.03873751242099388,0.0,-0.03873751242099388,0.03873751242099388,1.0,606.0,1.0,14.954840612226446,-3.8717450879630633,18.736510393671768,0.09007530651774343,-0.0009007530651774342,2.006154136324767e-05,True
339,34,678.0,0.0764073089176236,0.0,-0.0764073089176236,0.0764073089176236,1.0,606.0,1.0,14.905758657423451,-3.873751242099388,18.698118028612676,0.08139187091016228,-0.0008139187091016229,0.037669796496629715,True
340,34,680.0,0.02926144306002243,0.0,-0.02926144306002243,0.02926144306002243,1.0,606.0,1.0,10.884049892061572,-7.6407308917623595,18.622391501176693,-0.09761071735276139,0.0009761071735276139,-0.047145865857601166,True
341,35,682.0,0.02765843283305003,0.0,-0.02765843283305003,0.02765843283305003,1.0,1000.0,1.0,15.804687872754581,-2.926144306002243,18.604817060900412,0.12601511785640934,-0.0012601511785640934,-0.0016030102269724011,True
342,35,684.0,0.07876918848523928,0.0,-0.07876918848523928,0.07876918848523928,1.0,1000.0,1.0,15.943643636436345,-2.765843283305003,18.588205389529232,0.12128153021211292,-0.0012128153021211292,0.051110755652189255,True
343,35,686.0,0.04465671639809443,0.0,-0.04465671639809443,0.04465671639809443,1.0,1000.0,1.0,10.54135194470885,-7.876918848523928,18.540896567616173,-0.12262577438339299,0.00122625774383393,-0.03411247208714485,True
344,35,688.0,0.04053841635504796,0.0,-0.04053841635504796,0.04053841635504796,1.0,1000.0,1.0,14.0925433544386,-4.465671639809443,18.514075716926616,0.04413927732142725,-0.0004413927732142725,-0.0041183000430464745,True
345,35,690.0,0.08217069238344266,0.0,-0.08217069238344266,0.08217069238344266,1.0,1000.0,1.0,14.494536428424343,-4.053841635504796,18.48972831971637,0.058649744212767384,-0.0005864974421276738,0.0416322760283947,True
346,35,692.0,0.041575049161110655,0.0,-0.041575049161110655,0.041575049161110655,1.0,1000.0,1.0,10.087111265279383,-8.217069238344266,18.44037655251909,-0.13619604889544182,0.0013619604889544181,-0.040595643222332,True
347,35,694.0,0.05945292964497639,0.0,-0.05945292964497639,0.05945292964497639,1.0,1000.0,1.0,14.31923617985184,-4.1575049161110655,18.41540655302295,0.061334542939956924,-0.0006133454293995692,0.017877880483865738,True
348,35,696.0,0.06476332072088553,0.0,-0.06476332072088553,0.06476332072088553,1.0,1000.0,1.0,12.408621058690775,-5.945292964497639,18.379699087770728,-0.025785064582314735,0.00025785064582314735,0.005310391075909138,True
349,35,698.0,0.055101531668697135,0.0,-0.055101531668697135,0.055101531668697135,1.0,1000.0,1.0,11.817004810214033,-6.476332072088553,18.34080219844888,-0.04746531614629369,0.00047465316146293694,-0.009661789052188396,True
350,35,700.0,0.03908211469570233,0.0,-0.03908211469570233,0.03908211469570233,1.0,1000.0,1.0,12.798537776203903,-5.5101531668697135,18.307708185434667,0.0009827576389478412,-9.827576389478412e-06,-0.016019416972994804,True
351,36,702.0,0.07201127067128255,0.0,-0.07201127067128255,0.07201127067128255,1.0,1000.0,1.0,14.44973375340469,-3.908211469570233,18.284235443875662,0.07370977909926066,-0.0007370977909926066,0.032929155975580215,True
352,36,704.0,0.02984539151111676,0.0,-0.02984539151111676,0.02984539151111676,1.0,1000.0,1.0,10.956848261285018,-7.201127067128255,18.240985431460487,-0.08301010304721469,0.0008301010304721469,-0.04216587916016579,True
353,36,706.0,0.06026534095326497,0.0,-0.06026534095326497,0.06026534095326497,1.0,1000.0,1.0,15.355106176414898,-2.984539151111676,18.223060271393777,0.11658505613279901,-0.0011658505613279901,0.03041994944214821,True
354,36,708.0,0.04631982941100432,0.0,-0.04631982941100432,0.04631982941100432,1.0,1000.0,1.0,12.127512402154743,-6.026534095326497,18.18686487142187,-0.032818373940630745,0.00032818373940630746,-0.013945511542260647,True
355,36,710.0,0.046934443578720675,0.0,-0.046934443578720675,0.046934443578720675,1.0,1000.0,1.0,13.560767613643277,-4.631982941100432,18.159045154057885,0.03370540068582265,-0.00033705400685822654,0.0006146141677163541,True
356,36,712.0,0.03472061087995826,0.0,-0.03472061087995826,0.03472061087995826,1.0,1000.0,1.0,13.465108298290666,-4.6934443578720675,18.130856299055665,0.02769635710706716,-0.00027696357107067157,-0.012213832698762417,True
357,36,714.0,0.05011021444261132,0.0,-0.05011021444261132,0.05011021444261132,1.0,1000.0,1.0,14.718517818596618,-3.472061087995826,18.11000307930796,0.08057582728448792,-0.0008057582728448792,0.015389603562653065,True
358,36,716.0,0.03803830040305911,0.0,-0.03803830040305911,0.03803830040305911,1.0,1000.0,1.0,13.0718173757634,-5.011021444261132,18.079906854417484,0.0029319656070509494,-2.9319656070509492e-05,-0.012071914039552212,True
359,36,718.0,0.033955580607653246,0.0,-0.033955580607653246,0.033955580607653246,1.0,1000.0,1.0,14.310759556051309,-3.803830040305911,18.05706102834955,0.05752856800766784,-0.0005752856800766784,-0.004082719795405865,True
360,36,720.0,0.04397792746931373,0.0,-0.04397792746931373,0.04397792746931373,1.0,1000.0,1.0,14.711709322343838,-3.3955580607653246,18.036667286242835,0.07060009686632836,-0.0007060009686632835,0.01002234686166048,True
361,37,722.0,0.03622389683187066,0.0,-0.03622389683187066,0.03622389683187066,1.0,622.0,1.0,13.614715826843723,-4.397792746931373,17.99420238326657,0.018306190508530537,-0.00018306190508530538,-0.007754030637443066,True
362,37,724.0,0.03540533594241424,0.0,-0.03540533594241424,0.03540533594241424,1.0,622.0,1.0,14.388643156002487,-3.622389683187066,17.95922473986896,0.05180809932059119,-0.0005180809932059119,-0.0008185608894564211,True
363,37,726.0,0.030589709984269575,0.0,-0.030589709984269575,0.030589709984269575,1.0,622.0,1.0,14.435091049603122,-3.540533594241424,17.925037495445352,0.05058714839919445,-0.0005058714839919445,-0.004815625958144665,True
364,37,728.0,0.025381214911249117,0.0,-0.025381214911249117,0.025381214911249117,1.0,622.0,1.0,14.904181647970574,-3.0589709984269575,17.89550019932198,0.06765244707555165,-0.0006765244707555166,-0.005208495073020458,True
365,37,730.0,0.02099388185342832,0.0,-0.02099388185342832,0.02099388185342832,1.0,622.0,1.0,15.417746505335408,-2.5381214911249117,17.87099220427426,0.08487579218605946,-0.0008487579218605946,-0.004387333057820797,True
366,37,732.0,0.025067059317734675,0.0,-0.025067059317734675,0.025067059317734675,1.0,622.0,1.0,15.848055802088199,-2.099388185342832,17.85072059969208,0.09672338773894891,-0.000967233877389489,0.0040731774643063545,True
367,37,734.0,0.022965959267821745,0.0,-0.022965959267821745,0.022965959267821745,1.0,622.0,1.0,15.388791236454363,-2.5067059317734675,17.826515951972567,0.06898121625526372,-0.0006898121625526373,-0.0021011000499129295,True
368,37,736.0,0.027850136155393557,0.0,-0.027850136155393557,0.027850136155393557,1.0,622.0,1.0,15.57969646339796,-2.2965959267821745,17.804340117680585,0.07195227249954991,-0.0007195227249954991,0.004884176887571812,True
369,37,738.0,0.03018073830207868,0.0,-0.03018073830207868,0.03018073830207868,1.0,622.0,1.0,15.03532090684068,-2.7850136155393557,17.77744814259743,0.04288637978260505,-0.00042886379782605054,0.0023306021466851234,True
370,37,740.0,0.031178897124846117,0.0,-0.031178897124846117,0.031178897124846117,1.0,622.0,1.0,14.758432978551166,-3.018073830207868,17.748305747821234,0.02820106093779966,-0.0002820106093779966,0.0009981588227674365,True
371,38,742.0,0.04103784157814516,0.0,-0.04103784157814516,0.04103784157814516,7.0,253.0,15.0,17.337262558726724,-0.4454128160692302,17.737732024309526,0.044943350486426566,-0.000209735635603324,0.009858944453299046,True
372,38,744.0,0.03923891833437665,0.0,-0.03923891833437665,0.03923891833437665,7.0,253.0,15.0,17.08218059249153,-0.586254879687788,17.723814829335403,-0.05537935715608593,0.00025843700006173434,-0.0017989232437685132,True
373,38,746.0,0.036607962794732885,0.0,-0.036607962794732885,0.036607962794732885,7.0,253.0,15.0,17.11737822077615,-0.5605559762053807,17.71050770459317,-0.03257350761163968,0.00015200970218765182,-0.0026309555396437645,True
374,38,748.0,0.032450871303808526,0.0,-0.032450871303808526,0.032450871303808526,7.0,253.0,15.0,17.171283616936933,-0.5229708970676126,17.698092817839207,-0.003838303834661683,1.7912084561754524e-05,-0.004157091490924358,True
375,38,750.0,0.03129249310040905,0.0,-0.03129249310040905,0.03129249310040905,7.0,253.0,15.0,17.260525744798784,-0.4635838757686932,17.687087728739805,0.037021891827672564,-0.00017276882852913864,-0.0011583782033994794,True
376,38,752.0,0.030795167718679295,0.0,-0.030795167718679295,0.030795167718679295,7.0,253.0,15.0,17.274213972644826,-0.4470356157201292,17.67647548133696,0.04477410702799181,-0.00020894583279729511,-0.0004973253817297518,True
377,38,754.0,0.0302686397862999,0.0,-0.0302686397862999,0.0302686397862999,7.0,253.0,15.0,17.27144847795182,-0.43993096740970417,17.666031892275747,0.04534755308578229,-0.00021162191440031734,-0.0005265279323793948,True
378,38,756.0,0.0307559160519304,0.0,-0.0307559160519304,0.0307559160519304,7.0,253.0,15.0,17.269508484511125,-0.4324091398042843,17.65576686503969,0.04615075927571712,-0.00021537020995334658,0.00048727626563049853,True
379,38,758.0,0.030704913957379176,0.0,-0.030704913957379176,0.030704913957379176,7.0,253.0,15.0,17.242968280040827,-0.4393702293132914,17.645336587426584,0.03700192192753202,-0.0001726756356618161,-5.10020945512224e-05,True
380,38,760.0,0.029002192610278144,0.0,-0.029002192610278144,0.029002192610278144,7.0,253.0,15.0,17.230251113956804,-0.4386416279625597,17.634923606193254,0.03396913572611008,-0.00015852263338851373,-0.0017027213471010327,True
381,39,762.0,0.025376878858878626,0.0,-0.025376878858878626,0.025376878858878626,8.0,342.0,18.0,17.315710427565346,-0.3625274076284768,17.628557109738395,0.04968072545542602,-0.00022080322424633785,-0.003625313751399517,True
382,39,764.0,0.025759154092156678,0.0,-0.025759154092156678,0.025759154092156678,8.0,342.0,18.0,17.387796891072878,-0.31721098573598283,17.62298643404977,0.08202144275909326,-0.00036453974559597004,0.000382275233278051,True
383,39,766.0,0.03167975889482477,0.0,-0.03167975889482477,0.03167975889482477,8.0,342.0,18.0,17.365629958609848,-0.32198942615195847,17.617331842156993,0.07028754260481546,-0.00031238907824362425,0.005920604802668095,True
384,39,768.0,0.031889396739643416,0.0,-0.031889396739643416,0.031889396739643416,8.0,342.0,18.0,17.217407440879906,-0.39599698618530965,17.61037757234004,0.0030268547251750856,-1.3452687667444824e-05,0.00020963784481864423,True
385,39,770.0,0.031143564692683867,0.0,-0.031143564692683867,0.031143564692683867,8.0,342.0,18.0,17.205353771011477,-0.3986174592455427,17.603377283292275,0.0005939469647448339,-2.639764287754817e-06,-0.0007458320469595492,True
386,39,772.0,0.03447608366514032,0.0,-0.03447608366514032,0.03447608366514032,8.0,342.0,18.0,17.21541182571815,-0.38929455865854834,17.596540717627363,0.00816566674933512,-3.6291852219267204e-05,0.0033325189724564552,True
387,39,774.0,0.03280795163846051,0.0,-0.03280795163846051,0.03280795163846051,8.0,342.0,18.0,17.13132327623697,-0.43095104581425403,17.588972604851172,-0.02669828279994937,0.00011865903466644165,-0.0016681320266798139,True
388,39,776.0,0.031044780005686334,0.0,-0.031044780005686334,0.031044780005686334,8.0,342.0,18.0,17.164581402398102,-0.41009939548075636,17.581770676686503,-0.007089878807643771,3.151057247841676e-05,-0.0017631716327741742,True
389,39,778.0,0.03294124042986368,0.0,-0.03294124042986368,0.03294124042986368,8.0,342.0,18.0,17.198516200735302,-0.3880597500710792,17.57495579601511,0.011620154791268555,-5.164513240563802e-05,0.0018964604241773486,True
390,39,780.0,0.03250805334209872,0.0,-0.03250805334209872,0.03250805334209872,8.0,342.0,18.0,17.147073804744693,-0.41176550537329604,17.567724608593092,-0.008885298475103519,3.949021544490453e-05,-0.0004331870877649635,True
391,40,782.0,0.031107587148653693,0.0,-0.031107587148653693,0.031107587148653693,8.0,362.0,18.0,17.151025012910075,-0.406350666776234,17.56098277283288,-0.0036070931465667683,1.6031525095852304e-05,-0.0014004661934450269,True
392,40,784.0,0.03275976911209,0.0,-0.03275976911209,0.03275976911209,8.0,362.0,18.0,17.176747505078914,-0.38884483935817116,17.554531379350614,0.01106096508647244,-4.9159844828766394e-05,0.0016521819634363055,True
393,40,786.0,0.03277113210151583,0.0,-0.03277113210151583,0.03277113210151583,8.0,362.0,18.0,17.131347561122862,-0.409497113901125,17.547737340329796,-0.0068926653058085634,3.0634068025815834e-05,1.1362989425833803e-05,True
394,40,788.0,0.03161586451551557,0.0,-0.03161586451551557,0.03161586451551557,8.0,362.0,18.0,17.124950395454213,-0.4096391512689479,17.540940944741923,-0.006351398018761097,2.8228435638938207e-05,-0.0011552675860002637,True
395,40,790.0,0.03195517597578146,0.0,-0.03195517597578146,0.03195517597578146,8.0,362.0,18.0,17.145256378153412,-0.3951983064439446,17.534384139763848,0.006070544833507363,-2.6980199260032725e-05,0.00033931146026588976,True
396,40,792.0,0.0322471352710636,0.0,-0.0322471352710636,0.0322471352710636,8.0,362.0,18.0,17.130338263549795,-0.3994396996972682,17.52775696508038,0.002020998166683928,-8.98221407415079e-06,0.0002919592952821404,True
397,40,794.0,0.03129387533499539,0.0,-0.03129387533499539,0.03129387533499539,8.0,362.0,18.0,17.116822104286044,-0.403089190888295,17.521069241043264,-0.0011579458689229669,5.146426084102075e-06,-0.000953259936068207,True
398,40,796.0,0.031091376863514597,0.0,-0.031091376863514597,0.031091376863514597,8.0,362.0,18.0,17.13210823184958,-0.3911734416874424,17.51457921330798,0.00870246022904354,-3.8677601017971295e-05,-0.00020249847148079425,True
399,40,798.0,0.030759819420381973,0.0,-0.030759819420381973,0.030759819420381973,8.0,362.0,18.0,17.12943246358016,-0.38864221079393246,17.508131181672017,0.009943492702076962,-4.419330089811983e-05,-0.00033155744313262403,True
400,40,800.0,0.029702314627684245,0.0,-0.029702314627684245,0.029702314627684245,8.0,362.0,18.0,17.12964032875399,-0.38449774275477466,17.501751911638074,0.012386159870689086,-5.504959942528483e-05,-0.0010575047926977277,True
401,41,802.0,0.028816158345762233,0.0,-0.028816158345762233,0.028816158345762233,8.0,385.0,18.0,17.14670183909633,-0.37127893284605307,17.495959954493735,0.022020817448647347,-9.787029977176597e-05,-0.0008861562819220126,True
402,41,804.0,0.028754777588801517,0.0,-0.028754777588801517,0.028754777588801517,8.0,385.0,18.0,17.159122694413426,-0.3602019793220279,17.490340797997128,0.028983875738324085,-0.0001288172255036626,-6.13807569607161e-05,True
403,41,806.0,0.028117720293266757,0.0,-0.028117720293266757,0.028117720293266757,8.0,385.0,18.0,17.15214581152168,-0.35943471986001896,17.484733610760106,0.026846920621594685,-0.00011931964720708748,-0.0006370572955347598,True
404,41,808.0,0.027484202023515536,0.0,-0.027484202023515536,0.027484202023515536,8.0,385.0,18.0,17.15858097899026,-0.35147150366583446,17.479250649819946,0.030801832836145723,-0.00013689703482731432,-0.0006335182697512209,True
405,41,810.0,0.026804836606061144,0.0,-0.026804836606061144,0.026804836606061144,8.0,385.0,18.0,17.164681990462178,-0.3435525252939442,17.47389122506595,0.034343290690170857,-0.0001526368475118705,-0.0006793654174543917,True
406,41,812.0,0.026183570816101565,0.0,-0.026183570816101565,0.026183570816101565,8.0,385.0,18.0,17.171619674696288,-0.3350604575757643,17.468664276700817,0.03801585557123578,-0.00016895935809438126,-0.0006212657899595797,True
407,41,814.0,0.02511627596049948,0.0,-0.02511627596049948,0.02511627596049948,8.0,385.0,18.0,17.177007692885255,-0.32729463520126956,17.46355847528588,0.040743852800644756,-0.0001810837902250878,-0.0010672948556020856,True
408,41,816.0,0.024371140542825742,0.0,-0.024371140542825742,0.024371140542825742,8.0,385.0,18.0,17.192480963580294,-0.3139534495062435,17.4586607965759,0.047773616510641,-0.00021232718449173775,-0.0007451354176737368,True
409,41,818.0,0.023532176238404645,0.0,-0.023532176238404645,0.023532176238404645,8.0,385.0,18.0,17.200106927778908,-0.3046392567853218,17.45390841941765,0.05083776514657751,-0.0002259456228736778,-0.000838964304421097,True
410,41,820.0,0.022665611258162244,0.0,-0.022665611258162244,0.022665611258162244,8.0,385.0,18.0,17.209736746197013,-0.29415220298005806,17.44931964046239,0.054569308714681256,-0.0002425302609541389,-0.0008665649802424014,True
411,42,822.0,0.01881976404638408,0.0,-0.01881976404638408,0.01881976404638408,8.0,460.0,20.0,17.226997211643543,-0.28332014072702805,17.44562046118666,0.06469689118390701,-0.000258787564735628,-0.003845847211778164,True
412,42,824.0,0.016747892624152882,0.0,-0.016747892624152882,0.016747892624152882,8.0,460.0,20.0,17.309533336032516,-0.235247050579801,17.442548949885193,0.10223143672712172,-0.00040892574690848686,-0.0020718714222311974,True
413,42,826.0,0.016244111314335896,0.0,-0.016244111314335896,0.016244111314335896,8.0,460.0,20.0,17.34649223908409,-0.20934865780191103,17.43981558185017,0.11602531503582825,-0.000464101260143313,-0.0005037813098169863,True
414,42,828.0,0.016128706397466885,0.0,-0.016128706397466885,0.016128706397466885,8.0,460.0,20.0,17.344795957975663,-0.2030513914291987,17.437164434292683,0.11068291511217891,-0.0004427316604487156,-0.00011540491686901078,True
415,42,830.0,0.015361789207418042,0.0,-0.015361789207418042,0.015361789207418042,8.0,460.0,20.0,17.334359730403445,-0.20160882996833607,17.434532121589097,0.10143643878268381,-0.0004057457551307353,-0.0007669171900488436,True
416,42,832.0,0.01606288598941319,0.0,-0.01606288598941319,0.01606288598941319,8.0,460.0,20.0,17.340478669977657,-0.19202236509272552,17.43202497489773,0.10047606017265275,-0.000401904240690611,0.0007010967819951475,True
417,42,834.0,0.01561747994946927,0.0,-0.01561747994946927,0.01561747994946927,8.0,460.0,20.0,17.311541445089365,-0.20078607486766487,17.429403404524724,0.08292411543230666,-0.0003316964617292266,-0.0004454060399439186,True
418,42,836.0,0.014850380220195802,0.0,-0.014850380220195802,0.014850380220195802,8.0,460.0,20.0,17.3117118480412,-0.19521849936836588,17.426854527394976,0.0800758200145879,-0.00032030328005835164,-0.0007670997292734683,True
419,42,838.0,0.015892709810032102,0.0,-0.015892709810032102,0.015892709810032102,8.0,460.0,20.0,17.319956188344985,-0.18562975275244753,17.42443084606906,0.08115509502837066,-0.00032462038011348265,0.0010423295898362994,True
420,42,840.0,0.017015565274959954,0.0,-0.017015565274959954,0.017015565274959954,8.0,460.0,20.0,17.284746420535726,-0.19865887262540127,17.421837049586188,0.06156824357494133,-0.00024627297429976534,0.0011228554649278522,True
421,43,842.0,0.009562552994793805,0.0,-0.009562552994793805,0.009562552994793805,1.0,794.0,18.0,16.01653894882661,-1.7015565274959954,17.408966068825883,0.3091294074967257,-0.00017173855972040317,-0.007453012280166149,True
422,43,844.0,0.01755554051578656,0.0,-0.01755554051578656,0.01755554051578656,1.0,794.0,18.0,17.3349548776046,-0.9562552994793805,17.401732724906548,0.8894774521774307,-0.0004941541400985726,0.007992987520992756,True
423,43,846.0,0.015414877882903966,0.0,-0.015414877882903966,0.015414877882903966,1.0,794.0,18.0,15.783511148769824,-1.755554051578656,17.388453293952356,0.15061190639612507,-8.367328133118058e-05,-0.002140662632882595,True
424,43,848.0,0.01822378122687951,0.0,-0.01822378122687951,0.01822378122687951,1.0,794.0,18.0,16.146708147425777,-1.5414877882903966,17.376793111440215,0.3114028242759606,-0.00017300156904220034,0.002808903343975544,True
425,43,850.0,0.01835088153984543,0.0,-0.01835088153984543,0.01835088153984543,1.0,794.0,18.0,15.592492457258203,-1.822378122687951,17.363008207220997,0.051862372725156286,-2.8812429291753494e-05,0.00012710031296592206,True
426,43,852.0,0.018530214148086088,0.0,-0.018530214148086088,0.018530214148086088,1.0,794.0,18.0,15.55055438911363,-1.8350881539845432,17.349127161283473,0.03651538181469879,-2.0286323230388217e-05,0.00017933260824065655,True
427,43,854.0,0.0190647643767079,0.0,-0.0190647643767079,0.0190647643767079,1.0,794.0,18.0,15.500447523409902,-1.8530214148086088,17.33511046386962,0.018358474348892918,-1.019915241605162e-05,0.0005345502286218107,True
428,43,856.0,0.020206067479193734,0.0,-0.020206067479193734,0.020206067479193734,1.0,794.0,18.0,15.38708117862464,-1.90647643767079,17.320689419870938,-0.027131803575509077,1.5073224208616153e-05,0.0011413031024858356,True
429,43,858.0,0.019456681505289453,0.0,-0.019456681505289453,0.019456681505289453,1.0,794.0,18.0,15.166868547532394,-2.0206067479193734,17.305405066893897,-0.11792977144212881,6.551653969007156e-05,-0.0007493859739042819,True
430,43,860.0,0.01974871903166786,0.0,-0.01974871903166786,0.01974871903166786,1.0,794.0,18.0,15.299656715235171,-1.9456681505289453,17.29068756740051,-0.04536270163639194,2.520150090910663e-05,0.0002920375263784081,True
431,44,862.0,0.019722888721844356,0.0,-0.019722888721844356,0.019722888721844356,1.0,914.0,18.0,15.237907266518572,-1.974871903166786,17.27771044211437,-0.06493127242901098,3.607292912722832e-05,-2.583030982350465e-05,True
432,44,864.0,0.01878590085379983,0.0,-0.01878590085379983,0.01878590085379983,1.0,914.0,18.0,15.235837449432383,-1.9722888721844356,17.26475029024135,-0.05662396862453059,3.145776034696144e-05,-0.0009369878680445254,True
433,44,866.0,0.02068669379059429,0.0,-0.02068669379059429,0.02068669379059429,1.0,914.0,18.0,15.399261278599619,-1.878590085379983,17.252405844578732,0.025445519400867707,-1.4136399667148726e-05,0.0019007929367944598,True
434,44,868.0,0.01923864446416701,0.0,-0.01923864446416701,0.01923864446416701,1.0,914.0,18.0,15.037630667009457,-2.068669379059429,17.2388123645841,-0.1325123185152118,7.361795473067323e-05,-0.001448049326427281,True
435,44,870.0,0.018355349205194216,0.0,-0.018355349205194216,0.018355349205194216,1.0,914.0,18.0,15.300919217134098,-1.923864446416701,17.226170415546992,-0.0013867519961932593,7.704177756629218e-07,-0.0008832952589727938,True
436,44,872.0,0.02035776072716544,0.0,-0.02035776072716544,0.02035776072716544,1.0,914.0,18.0,15.449594307137055,-1.8355349205194216,17.21410889064886,0.07102033700761694,-3.945574278200941e-05,0.0020024115219712257,True
437,44,874.0,0.016810815907774668,0.0,-0.016810815907774668,0.016810815907774668,1.0,914.0,18.0,15.065355777442463,-2.035776072716544,17.200731556601145,-0.09959970644213757,5.5333170245631984e-05,-0.0035469448193907738,True
438,44,876.0,0.016356245653696533,0.0,-0.016356245653696533,0.016356245653696533,1.0,914.0,18.0,15.708729872686222,-1.6810815907774668,17.189684963460206,0.20012650000348278,-0.00011118138889082378,-0.0004545702540781349,True
439,44,878.0,0.0173867846997382,0.0,-0.0173867846997382,0.0173867846997382,1.0,914.0,18.0,15.761543823272136,-1.6356245653696533,17.178937074003777,0.21823131463801568,-0.00012123961924334204,0.0010305390460416675,True
440,44,880.0,0.01344300705659407,0.0,-0.01344300705659407,0.01344300705659407,1.0,914.0,18.0,15.541924976697041,-1.73867846997382,17.167512004711472,0.1130914419593902,-6.282857886632788e-05,-0.003943777643144131,True
441,45,882.0,0.011223521006286319,0.0,-0.011223521006286319,0.011223521006286319,1.0,884.0,20.0,16.286299748433304,-1.344300705659407,17.158378658430863,0.47222179566184946,-0.00023611089783092472,-0.0022194860503077507,True
442,45,884.0,0.016013742347240623,0.0,-0.016013742347240623,0.016013742347240623,1.0,884.0,20.0,16.657363907346767,-1.1223521006286319,17.150753258592356,0.6289627493830453,-0.00031448137469152263,0.004790221340954304,True
443,45,886.0,0.009781254378140147,0.0,-0.009781254378140147,0.009781254378140147,1.0,884.0,20.0,15.671959410185444,-1.6013742347240623,17.139873322764753,0.13346032214475306,-6.673016107237653e-05,-0.006232487969100475,True
444,45,888.0,0.011371134586624976,0.0,-0.011371134586624976,0.011371134586624976,1.0,884.0,20.0,16.842462531354666,-0.9781254378140147,17.13322781682116,0.6873601523475189,-0.00034368007617375943,0.0015898802084848285,True
445,45,890.0,0.012416410881087359,0.0,-0.012416410881087359,0.012416410881087359,1.0,884.0,20.0,16.465636910682466,-1.1371134586624976,17.125502126479255,0.4772482428657111,-0.00023862412143285558,0.0010452762944623828,True
446,45,892.0,0.008756250764236029,0.0,-0.008756250764236029,0.008756250764236029,1.0,884.0,20.0,16.212116987676154,-1.2416410881087359,17.11706626241535,0.3366918133695421,-0.00016834590668477107,-0.00366016011685133,True
447,45,894.0,0.00928733647288027,0.0,-0.00928733647288027,0.00928733647288027,1.0,884.0,20.0,16.872832772118464,-0.8756250764236029,17.111117156682308,0.6373406918597567,-0.00031867034592987834,0.0005310857086442411,True
448,45,896.0,0.01285729799838009,0.0,-0.01285729799838009,0.01285729799838009,1.0,884.0,20.0,16.704334657038633,-0.928733647288027,17.10480722470994,0.5282610796167208,-0.0002641305398083604,0.0035699615254998207,True
449,45,898.0,0.008190966774236585,0.0,-0.008190966774236585,0.008190966774236585,1.0,884.0,20.0,15.963647238104858,-1.285729799838009,17.096071816452085,0.15330522149078107,-7.665261074539054e-05,-0.004666331224143505,True
450,45,900.0,0.010240685757707979,0.0,-0.010240685757707979,0.010240685757707979,1.0,884.0,20.0,16.83433402941883,-0.8190966774236585,17.09050677169629,0.5629239351461965,-0.00028146196757309824,0.0020497189834713936,True
451,46,902.0,0.01340224370778742,0.0,-0.01340224370778742,0.01340224370778742,1.0,966.0,19.0,16.366802790675322,-1.024068575770798,17.084139730271197,0.3067316361749229,-0.0001614377032499594,0.003161557950079441,True
452,46,904.0,0.008412989419412042,0.0,-0.008412989419412042,0.008412989419412042,1.0,966.0,19.0,15.73999203489288,-1.340224370778742,17.07580702258973,0.004409383081894518,-2.32072793783922e-06,-0.004989254288375378,True
453,46,906.0,0.011347569156896498,0.0,-0.011347569156896498,0.011347569156896498,1.0,966.0,19.0,16.66418728364516,-0.8412989419412042,17.07057633263306,0.4349098929533045,-0.00022889994365963396,0.002934579737484455,True
454,46,908.0,0.012586176841978158,0.0,-0.012586176841978158,0.012586176841978158,1.0,966.0,19.0,16.06872903262119,-1.1347569156896498,17.06352109779765,0.13996485051318622,-7.36657107964138e-05,0.0012386076850816607,True
455,46,910.0,0.008238991237703885,0.0,-0.008238991237703885,0.008238991237703885,1.0,966.0,19.0,15.816713404182659,-1.2586176841978158,17.055695771327116,0.019635317053356055,-1.0334377396503186e-05,-0.004347185604274273,True
456,46,912.0,0.011668598725918855,0.0,-0.011668598725918855,0.011668598725918855,1.0,966.0,19.0,16.6199021989532,-0.8238991237703885,17.050573262956803,0.39322805976678327,-0.0002069621367193596,0.0034296074882149696,True
457,46,914.0,0.011148407512337144,0.0,-0.011148407512337144,0.011148407512337144,1.0,966.0,19.0,15.93596211603324,-1.1668598725918855,17.04331843127673,0.059503557348393056,-3.1317661762312136e-05,-0.000520191213581711,True
458,46,916.0,0.0072862807819547015,0.0,-0.0072862807819547015,0.0072862807819547015,1.0,966.0,19.0,16.020302647919703,-1.1148407512337144,17.036387023152876,0.09875637600054077,-5.197704000028461e-05,-0.0038621267303824425,True
459,46,918.0,0.012014442511826928,0.0,-0.012014442511826928,0.012014442511826928,1.0,966.0,19.0,16.726136113769286,-0.7286280781954702,17.031856852745243,0.42290733921951407,-0.00022258281011553372,0.004728161729872227,True
460,46,920.0,0.008792879448265012,0.0,-0.008792879448265012,0.008792879448265012,1.0,966.0,19.0,15.797138561259347,-1.2014442511826928,17.024386996235396,-0.025804183793356295,1.3581149364924367e-05,-0.0032215630635619164,True
461,47,922.0,0.006316095047623094,0.0,-0.006316095047623094,0.006316095047623094,1.0,935.0,19.0,16.394354080666762,-0.8792879448265012,17.018738858612238,0.2549031668810276,-0.00013415956151633033,-0.002476784400641918,True
462,47,924.0,0.01281664931866544,0.0,-0.01281664931866544,0.01281664931866544,1.0,935.0,19.0,16.827579748189116,-0.6316095047623094,17.014681692324473,0.4445075606269534,-0.00023395134769839653,0.006500554271042347,True
463,47,926.0,0.0070338448667826015,0.0,-0.0070338448667826015,0.0070338448667826015,1.0,935.0,19.0,15.56543827391255,-1.281664931866544,17.006448871705793,-0.15934566592669847,8.386613996142025e-05,-0.005782804451882839,True
464,47,928.0,0.006095035331782128,0.0,-0.006095035331782128,0.006095035331782128,1.0,935.0,19.0,16.65386033349672,-0.7033844866782601,17.00193065624963,0.35531416392534926,-0.00018700745469755225,-0.0009388095350004733,True
465,47,930.0,0.013765375460025098,0.0,-0.013765375460025098,0.013765375460025098,1.0,935.0,19.0,16.791017705643174,-0.6095035331782128,16.998015488462492,0.4025057503588956,-0.00021184513176783978,0.0076703401282429695,True
466,47,932.0,0.006062016221221711,0.0,-0.006062016221221711,0.006062016221221711,1.0,935.0,19.0,15.314260537524385,-1.3765375460025098,16.989173250207124,-0.29837516668022973,0.00015703956141064723,-0.007703359238803387,True
467,47,934.0,0.006906108271323319,0.0,-0.006906108271323319,0.006906108271323319,1.0,935.0,19.0,16.7745023096911,-0.6062016221221711,16.98527929236401,0.39542463944926337,-0.000208118231289086,0.000844092050101608,True
468,47,936.0,0.01503338505699503,0.0,-0.01503338505699503,0.01503338505699503,1.0,935.0,19.0,16.575033475433262,-0.6906108271323319,16.98084312896766,0.284801173597934,-0.00014989535452522842,0.008127276785671711,True
469,47,938.0,0.003988991763435479,0.0,-0.003988991763435479,0.003988991763435479,1.0,935.0,19.0,15.023530365901156,-1.503338505699503,16.971186380203697,-0.44431750860303754,0.00023385132031738815,-0.011044393293559551,True
470,47,940.0,0.008486341956995602,0.0,-0.008486341956995602,0.008486341956995602,1.0,935.0,19.0,17.121693121085276,-0.3988991763435479,16.96862403704976,0.5519682603790639,-0.0002905096107258231,0.0044973501935601234,True
471,48,942.0,0.018195514839135285,0.0,-0.018195514839135285,0.018195514839135285,2.0,798.0,20.0,16.59947172556602,-0.4243170978497801,16.96543048938295,0.05835833403284928,-5.835833403284928e-05,0.009709172882139683,True
472,48,944.0,0.010389866579316731,0.0,-0.010389866579316731,0.010389866579316731,2.0,798.0,20.0,15.660241275595595,-0.9097757419567643,16.95858322300411,-0.3885662054517477,0.0003885662054517477,-0.007805648259818554,True
473,48,946.0,0.006459160979829903,0.0,-0.006459160979829903,0.006459160979829903,2.0,798.0,20.0,16.43850665710814,-0.5194933289658366,16.954673348249926,0.003326637824050004,-3.326637824050004e-06,-0.003930705599486828,True
474,48,948.0,0.018282160434864636,0.0,-0.018282160434864636,0.018282160434864636,2.0,798.0,20.0,16.81097520441455,-0.32295804899149516,16.952242661555783,0.1816905918502619,-0.0001816905918502619,0.011822999455034733,True
475,48,950.0,0.008937695335589524,0.0,-0.008937695335589524,0.008937695335589524,2.0,798.0,20.0,15.658166281588828,-0.9141080217432318,16.945362789038597,-0.373088485706539,0.00037308848570653905,-0.009344465099275112,True
476,48,952.0,0.007232131591990765,0.0,-0.007232131591990765,0.007232131591990765,2.0,798.0,20.0,16.582393816586794,-0.4468847667794762,16.941999389798923,0.08727919356734772,-8.727919356734773e-05,-0.0017055637435987592,True
477,48,954.0,0.016912850706830795,0.0,-0.016912850706830795,0.016912850706830795,2.0,798.0,20.0,16.73415611323021,-0.36160657959953824,16.93927782176776,0.15648487106198747,-0.00015648487106198746,0.00968071911484003,True
478,48,956.0,0.009155638671472843,0.0,-0.009155638671472843,0.009155638671472843,2.0,798.0,20.0,15.788764241668835,-0.8456425353415398,16.932913242637206,-0.2985064656268294,0.00029850646562682944,-0.007757212035357952,True
479,48,958.0,0.007019126011982735,0.0,-0.007019126011982735,0.007019126011982735,2.0,798.0,20.0,16.55427971170604,-0.45778193357364216,16.929467827796994,0.08259381748268782,-8.259381748268783e-05,-0.0021365126594901085,True
480,48,960.0,0.01807893641944247,0.0,-0.01807893641944247,0.01807893641944247,2.0,798.0,20.0,16.74770654262684,-0.35095630059913674,16.92682641720896,0.17183642601701732,-0.00017183642601701732,0.011059810407459736,True
481,49,962.0,0.013692057847038086,0.0,-0.013692057847038086,0.013692057847038086,2.0,654.0,16.0,15.736730394884715,-0.9039468209721235,16.918525025716804,-0.2778478098599642,0.00034730976232495524,-0.004386878572404385,True
482,49,964.0,0.010870669192627247,0.0,-0.010870669192627247,0.010870669192627247,2.0,654.0,16.0,16.135825370032563,-0.6846028923519043,16.912237978188994,-0.0918097158045256,0.000114762144755657,-0.002821388654410839,True
483,49,966.0,0.016354934467926796,0.0,-0.016354934467926796,0.016354934467926796,2.0,654.0,16.0,16.383264276872186,-0.5435334596313623,16.907246441150736,0.019551295352812987,-2.4439119191016233e-05,0.005484265275299549,True
484,49,968.0,0.008819570920422848,0.0,-0.008819570920422848,0.008819570920422848,2.0,654.0,16.0,15.900234086534097,-0.8177467233963398,16.899736667860065,-0.1817558579296301,0.00022719482241203762,-0.007535363547503948,True
485,49,970.0,0.006389792232766922,0.0,-0.006389792232766922,0.006389792232766922,2.0,654.0,16.0,16.564323061546425,-0.4409785460211424,16.895686943401454,0.10961466416611093,-0.00013701833020763867,-0.0024297786876559258,True
486,49,972.0,0.01368070036824065,0.0,-0.01368070036824065,0.01368070036824065,2.0,654.0,16.0,16.760783814699394,-0.3194896116383461,16.892752912015606,0.18752051432213335,-0.00023440064290266668,0.007290908135473728,True
487,49,974.0,0.006891613050356682,0.0,-0.006891613050356682,0.006891613050356682,2.0,654.0,16.0,16.106926092306207,-0.6840350184120325,16.88647107955551,-0.09550996883726989,0.00011938746104658737,-0.006789087317883968,True
488,49,976.0,0.004345366886809643,0.0,-0.004345366886809643,0.004345366886809643,2.0,654.0,16.0,16.69922030323123,-0.3445806525178341,16.88330662471057,0.16049433103849398,-0.00020061791379811746,-0.002546246163547039,True
489,49,978.0,0.012647810547605332,0.0,-0.012647810547605332,0.012647810547605332,2.0,654.0,16.0,16.901825277131334,-0.21726834434048214,16.881311341864958,0.23778227960685708,-0.00029722784950857135,0.008302443660795689,True
490,49,980.0,0.005338922298506077,0.0,-0.005338922298506077,0.005338922298506077,2.0,654.0,16.0,16.156284855501596,-0.6323905273802666,16.875503786351853,-0.08682840346999124,0.00010853550433748905,-0.007308888249099255,True
491,50,982.0,0.0031196895679386216,0.0,-0.0031196895679386216,0.0031196895679386216,2.0,654.0,16.0,16.793357149912733,-0.26694611492530385,16.873052287927482,0.18725097691055578,-0.00023406372113819474,-0.0022192327305674553,True
492,50,984.0,0.011308500698760326,0.0,-0.011308500698760326,0.011308500698760326,2.0,654.0,16.0,16.965729696258414,-0.15598447839693108,16.871619805184224,0.250094369471121,-0.0003126179618389013,0.008188811130821705,True
493,50,986.0,0.004288512437597092,0.0,-0.004288512437597092,0.004288512437597092,2.0,654.0,16.0,16.229443823127475,-0.5654250349380163,16.866427226964376,-0.0715583688988827,8.944796112360338e-05,-0.007019988261163235,True
494,50,988.0,0.002272125489071186,0.0,-0.002272125489071186,0.002272125489071186,2.0,654.0,16.0,16.840590629265222,-0.2144256218798546,16.864458050247467,0.19055820089761016,-0.0002381977511220127,-0.0020163869485259056,True
495,50,990.0,0.010816455974236305,0.0,-0.010816455974236305,0.010816455974236305,2.0,654.0,16.0,16.995517851527843,-0.11360627445355931,16.863414747546123,0.24570937843527907,-0.00030713672304409883,0.00854433048516512,True
496,50,992.0,0.003846237591460522,0.0,-0.003846237591460522,0.003846237591460522,2.0,654.0,16.0,16.2291713215078,-0.5408227987118153,16.858448103850034,-0.08845398363041934,0.00011056747953802419,-0.0069702183827757835,True
497,50,994.0,0.002114015670485969,0.0,-0.002114015670485969,0.002114015670485969,2.0,654.0,16.0,16.837834435889178,-0.1923118795730261,16.85668200858439,0.17346430687781386,-0.00021683038359726734,-0.0017322219209745526,True
498,50,996.0,0.010609060565002437,0.0,-0.010609060565002437,0.010609060565002437,2.0,654.0,16.0,16.969922568589933,-0.10570078352429846,16.855711305922803,0.21991204619142424,-0.0002748900577392803,0.008495044894516468,True
499,50,998.0,0.0039057629574017483,0.0,-0.0039057629574017483,0.0039057629574017483,2.0,654.0,16.0,16.210388676108586,-0.5304530282501219,16.850839892966285,-0.1099981886075762,0.00013749773575947024,-0.006703297607600689,True
500,50,1000.0,0.0022652688594462234,0.0,-0.0022652688594462234,0.0022652688594462234,2.0,654.0,16.0,16.79802660278669,-0.19528814787008741,16.84904646515436,0.14426828550241722,-0.00018033535687802152,-0.001640494097955525,True
501,51,1002.0,0.010887398307204421,0.0,-0.010887398307204421,0.010887398307204421,2.0,664.0,16.0,16.92492375513313,-0.11326344297231117,16.848021975818884,0.1901652222865554,-0.00023770652785819427,0.008622129447758198,True
502,51,1004.0,0.004256885421455081,0.0,-0.004256885421455081,0.004256885421455081,2.0,664.0,16.0,16.15719906531016,-0.5443699153602211,16.843098046630388,-0.14152906596000947,0.00017691133245001183,-0.00663051288574934,True
503,51,1006.0,0.0027871102020071703,0.0,-0.0027871102020071703,0.0027871102020071703,2.0,664.0,16.0,16.741426774707133,-0.21284427107275405,16.841172829807483,0.11309821597240463,-0.00014137276996550578,-0.0014697752194479108,True
504,51,1008.0,0.01162889021634328,0.0,-0.01162889021634328,0.01162889021634328,2.0,664.0,16.0,16.856316867897235,-0.13935551010035852,16.839912332773398,0.15576004522419562,-0.00019470005653024453,0.00884178001433611,True
505,51,1010.0,0.004890176273875113,0.0,-0.004890176273875113,0.004890176273875113,2.0,664.0,16.0,16.07256832879136,-0.581444510817164,16.834653056833425,-0.18064021722490248,0.00022580027153112808,-0.006738713942468166,True
506,51,1012.0,0.003170981693074282,0.0,-0.003170981693074282,0.003170981693074282,2.0,664.0,16.0,16.669585339891423,-0.24450881369375566,16.832441428213574,0.08165272537160725,-0.00010206590671450906,-0.0017191945808008313,True
507,51,1014.0,0.011938483144149359,0.0,-0.011938483144149359,0.011938483144149359,2.0,664.0,16.0,16.808842808836324,-0.1585490846537141,16.831007321655346,0.13638457183469424,-0.0001704807147933678,0.008767501451075077,True
508,51,1016.0,0.005027888032600458,0.0,-0.005027888032600458,0.005027888032600458,2.0,664.0,16.0,16.03321763149105,-0.5969241572074679,16.825608029376237,-0.1954662406777225,0.0002443328008471531,-0.006910595111548901,True
509,51,1018.0,0.0030836933683531242,0.0,-0.0030836933683531242,0.0030836933683531242,2.0,664.0,16.0,16.64643134049697,-0.2513944016300229,16.82333411930689,0.074491622820104,-9.311452852513001e-05,-0.001944194664247334,True
510,51,1020.0,0.012056055983521219,0.0,-0.012056055983521219,0.012056055983521219,2.0,664.0,16.0,16.805843794109244,-0.1541846684176562,16.82193948972174,0.13808897280516236,-0.00017261121600645294,0.008972362615168095,True
511,52,1022.0,0.00575084289721417,0.0,-0.00575084289721417,0.00575084289721417,2.0,650.0,15.0,16.02477823639181,-0.6028027991760609,16.81636958628743,-0.18878855071955344,0.00025171806762607125,-0.006305213086307049,True
512,52,1024.0,0.0033882386442201096,0.0,-0.0033882386442201096,0.0033882386442201096,2.0,650.0,15.0,16.570356346240608,-0.2875421448607085,16.813712694212025,0.044185796889292125,-5.8914395852389495e-05,-0.0023626042529940605,True
513,52,1026.0,0.011990590525783773,0.0,-0.011990590525783773,0.011990590525783773,2.0,650.0,15.0,16.763255446011794,-0.16941193221100548,16.812147326393045,0.12052005182975434,-0.00016069340243967246,0.008602351881563663,True
514,52,1028.0,0.004733766933895822,0.0,-0.004733766933895822,0.004733766933895822,2.0,650.0,15.0,16.02281876580496,-0.5995295262891887,16.80660766803046,-0.1842593759363093,0.0002456791679150791,-0.007256823591887951,True
515,52,1030.0,0.00250699421576428,0.0,-0.00250699421576428,0.00250699421576428,2.0,650.0,15.0,16.648458854055523,-0.2366883466947911,16.80442066551998,0.08072653523033262,-0.00010763538030711014,-0.002226772718131542,True
516,52,1032.0,0.011336875652887102,0.0,-0.011336875652887102,0.011336875652887102,2.0,650.0,15.0,16.826856955544358,-0.125349710788214,16.80326243303406,0.1489442332985087,-0.00019859231106467826,0.008829881437122822,True
517,52,1034.0,0.0041943849455492455,0.0,-0.0041943849455492455,0.0041943849455492455,2.0,650.0,15.0,16.06487719810904,-0.5668437826443551,16.79802479124478,-0.16630381049138526,0.00022173841398851366,-0.007142490707337856,True
518,52,1036.0,0.00184404807350802,0.0,-0.00184404807350802,0.00184404807350802,2.0,650.0,15.0,16.679439071924755,-0.20971924727746227,16.796086983462153,0.09307133574006098,-0.0001240951143200813,-0.0023503368720412254,True
519,52,1038.0,0.010993961749591108,0.0,-0.010993961749591108,0.010993961749591108,2.0,650.0,15.0,16.867356815100123,-0.092202403675401,16.795235032400235,0.16432418637528848,-0.00021909891516705133,0.009149913676083088,True
520,52,1040.0,0.0037306971307771164,0.0,-0.0037306971307771164,0.0037306971307771164,2.0,650.0,15.0,16.077155811487675,-0.5496980874795554,16.79015581699269,-0.16330191802546098,0.00021773589070061465,-0.0072632646188139915,True
521,53,1042.0,0.003782974984460452,0.0,-0.003782974984460452,0.003782974984460452,2.0,785.0,13.0,16.68877766102841,-0.18653485653885582,16.788728645694995,0.0865838718722738,-0.0001332059567265751,5.2277853683335707e-05,True
522,53,1044.0,0.015318851415031531,0.0,-0.015318851415031531,0.015318851415031531,2.0,785.0,13.0,16.674912720310697,-0.1891487492230226,16.787281475600903,0.07677999393281881,-0.00011812306758895202,0.01153587643057108,True
523,53,1046.0,0.009115197192841151,0.0,-0.009115197192841151,0.009115197192841151,2.0,785.0,13.0,15.744077479302534,-0.7659425707515766,16.78142127728218,-0.27140122722807164,0.00041754034958164867,-0.00620365422219038,True
524,53,1048.0,0.0069659477658206015,0.0,-0.0069659477658206015,0.0069659477658206015,2.0,785.0,13.0,16.25996498140353,-0.45575985964205756,16.777934275429583,-0.062209434383994566,9.570682212922241e-05,-0.0021492494270205498,True
525,53,1050.0,0.017065527345948794,0.0,-0.017065527345948794,0.017065527345948794,2.0,785.0,13.0,16.434201886533415,-0.3482973882910301,16.775269464976116,0.007229809848330362,-1.112278438204671e-05,0.010099579580128193,True
526,53,1052.0,0.01070982912551699,0.0,-0.01070982912551699,0.01070982912551699,2.0,785.0,13.0,15.623586752992141,-0.8532763672974397,16.76874107900569,-0.29187795871610767,0.0004490430134093964,-0.006355698220431805,True
527,53,1054.0,0.008248508404903987,0.0,-0.008248508404903987,0.008248508404903987,2.0,785.0,13.0,16.15291222906012,-0.5354914562758495,16.7646440536521,-0.07624036831613108,0.00011729287433250936,-0.0024613207206130028,True
528,53,1056.0,0.017138173300736526,0.0,-0.017138173300736526,0.017138173300736526,2.0,785.0,13.0,16.352821412760292,-0.41242542024519935,16.761488601994746,0.00375823101074544,-5.781893862685292e-06,0.008889664895832539,True
529,53,1058.0,0.010361614134126285,0.0,-0.010361614134126285,0.010361614134126285,2.0,785.0,13.0,15.638755424210224,-0.8569086650368263,16.754932425448477,-0.25926833620142514,0.0003988743633868079,-0.006776559166610241,True
530,53,1060.0,0.007087237630003074,0.0,-0.007087237630003074,0.007087237630003074,2.0,785.0,13.0,16.198581962204305,-0.5180807067063142,16.750968609096773,-0.03430594018615578,5.277836951716273e-05,-0.003274376504123211,True
531,54,1062.0,0.016124371867590526,0.0,-0.016124371867590526,0.016124371867590526,2.0,785.0,13.0,16.45961190170038,-0.3543618815001537,16.74825739942978,0.06571638377075521,-0.00010110212887808496,0.009037134237587452,True
532,54,1064.0,0.00923614339899359,0.0,-0.00923614339899359,0.00923614339899359,2.0,785.0,13.0,15.728292753541705,-0.8062185933795263,16.742089050749552,-0.20757770382832239,0.00031935031358203445,-0.006888228468596935,True
533,54,1066.0,0.005922457631641009,0.0,-0.005922457631641009,0.005922457631641009,2.0,785.0,13.0,16.29250211625665,-0.4618071699496795,16.7385557811491,0.01575350505722741,-2.4236161626503708e-05,-0.003313685767352581,True
534,54,1068.0,0.014743871483915427,0.0,-0.014743871483915427,0.014743871483915427,2.0,785.0,13.0,16.552329450453104,-0.29612288158205047,16.7362901559194,0.11216217611575627,-0.0001725571940242404,0.008821413852274418,True
535,54,1070.0,0.008175611924343684,0.0,-0.008175611924343684,0.008175611924343684,2.0,785.0,13.0,15.834268002626745,-0.7371935741957714,16.730649915111496,-0.1591883382889798,0.0002449051358291997,-0.006568259559571743,True
536,54,1072.0,0.004872889686339477,0.0,-0.004872889686339477,0.004872889686339477,2.0,785.0,13.0,16.368814479451483,-0.4087805962171842,16.727522349868153,0.050072725800516665,-7.703496277002564e-05,-0.0033027222380042076,True
537,54,1074.0,0.014036125000529864,0.0,-0.014036125000529864,0.014036125000529864,2.0,785.0,13.0,16.624897507731585,-0.24364448431697383,16.72565823491764,0.14288375713091994,-0.00021982116481679992,0.009163235314190388,True
538,54,1076.0,0.007662713024728873,0.0,-0.007662713024728873,0.007662713024728873,2.0,785.0,13.0,15.876985220581927,-0.7018062500264932,16.720288741219914,-0.14149727061149345,0.00021768810863306685,-0.006373411975800991,True
539,54,1078.0,0.004494730811529735,0.0,-0.004494730811529735,0.004494730811529735,2.0,785.0,13.0,16.394540710018536,-0.38313565123644366,16.71735738450344,0.060318976751537655,-9.279842577159638e-05,-0.0031679822131991386,True
540,54,1080.0,0.013529607523196319,0.0,-0.013529607523196319,0.013529607523196319,2.0,785.0,13.0,16.63907277462015,-0.22473654057648673,16.71563793353211,0.1481713816645246,-0.0002279559717915763,0.009034876711666584,True
541,55,1082.0,0.00776520973067818,0.0,-0.00776520973067818,0.00776520973067818,2.0,750.0,13.0,15.90081895294453,-0.6764803761598159,16.710220673262576,-0.13292134415823129,0.00020449437562804814,-0.005764397792518139,True
542,55,1084.0,0.004498134795539954,0.0,-0.004498134795539954,0.004498134795539954,2.0,750.0,13.0,16.368932948953475,-0.388260486533909,16.707111480177193,0.05008195531018718,-7.704916201567258e-05,-0.0032670749351382256,True
543,55,1086.0,0.012370713483505824,0.0,-0.012370713483505824,0.012370713483505824,2.0,750.0,13.0,16.62224250018928,-0.2249067397769977,16.70531042520398,0.1418388147622988,-0.00021821356117276736,0.00787257868796587,True
544,55,1088.0,0.007026848811619857,0.0,-0.007026848811619857,0.007026848811619857,2.0,750.0,13.0,15.977514753948984,-0.6185356741752912,16.700357186571946,-0.10430675844766851,0.00016047193607333617,-0.005343864671885967,True
545,55,1090.0,0.003965029921346286,0.0,-0.003965029921346286,0.003965029921346286,2.0,750.0,13.0,16.40974246695156,-0.35134244058099284,16.697543633494206,0.06354127403834721,-9.775580621284186e-05,-0.003061818890273571,True
546,55,1092.0,0.012204184625261405,0.0,-0.012204184625261405,0.012204184625261405,2.0,750.0,13.0,16.64565397430142,-0.1982514960673143,16.69595603392612,0.14794943644261688,-0.00022761451760402597,0.00823915470391512,True
547,55,1094.0,0.007236373107843974,0.0,-0.007236373107843974,0.007236373107843974,2.0,750.0,13.0,15.971249782609853,-0.6102092312630703,16.691069473515586,-0.10961045964266215,0.0001686314763733264,-0.004967811517417431,True
548,55,1096.0,0.004382000733130553,0.0,-0.004382000733130553,0.004382000733130553,2.0,750.0,13.0,16.373985401684273,-0.3618186553921987,16.688172026825733,0.04763203025074062,-7.328004653960095e-05,-0.002854372374713421,True
549,55,1098.0,0.012817463334613421,0.0,-0.012817463334613421,0.012817463334613421,2.0,750.0,13.0,16.59474566089687,-0.21910003665652766,16.686417471977656,0.127428225575742,-0.00019604342396267998,0.008435462601482868,True
550,55,1100.0,0.007920875642412284,0.0,-0.007920875642412284,0.007920875642412284,2.0,750.0,13.0,15.906437602721097,-0.6408731667306711,16.681285354526366,-0.13397458507459675,0.0002061147462686104,-0.0048965876922011375,True
551,56,1102.0,0.008694470298905799,0.0,-0.008694470298905799,0.008694470298905799,2.0,805.0,10.0,16.300354042662356,-0.3960437821206142,16.678330520571016,0.01806730421195119,-3.6134608423902375e-05,0.0007735946564935148,True
552,56,1104.0,0.020088547279556224,0.0,-0.020088547279556224,0.020088547279556224,2.0,805.0,10.0,16.23912449903387,-0.43472351494528993,16.675087101885666,-0.0012390879065058663,2.4781758130117328e-06,0.011394076980650425,True
553,56,1106.0,0.014606846866627166,0.0,-0.014606846866627166,0.014606846866627166,2.0,805.0,10.0,15.403070026159545,-1.0044273639778112,16.667593192841355,-0.2600958027039995,0.000520191605407999,-0.005481700412929058,True
554,56,1108.0,0.011160216664393374,0.0,-0.011160216664393374,0.011160216664393374,2.0,805.0,10.0,15.821109522461354,-0.7303423433313583,16.662144198430838,-0.11069233263812722,0.00022138466527625445,-0.0034466302022337914,True
555,56,1110.0,0.021995831651111075,0.0,-0.021995831651111075,0.021995831651111075,2.0,805.0,10.0,16.078174806557826,-0.5580108332196687,16.65798094822498,-0.021795308447486082,4.3590616894972165e-05,0.010835614986717701,True
556,56,1112.0,0.015999098678548762,0.0,-0.015999098678548762,0.015999098678548762,2.0,805.0,10.0,15.283986011143444,-1.0997915825555538,16.64977553847321,-0.2659979447742115,0.000531995889548423,-0.005996732972562313,True
557,56,1114.0,0.012587571886797377,0.0,-0.012587571886797377,0.012587571886797377,2.0,805.0,10.0,15.739526893859132,-0.7999549339274381,16.643807173084745,-0.10432534529817444,0.00020865069059634888,-0.0034115267917513847,True
558,56,1116.0,0.021484355812390277,0.0,-0.021484355812390277,0.021484355812390277,2.0,805.0,10.0,15.992899335341571,-0.6293785943398689,16.6391114567895,-0.016833527108063517,3.366705421612703e-05,0.0088967839255929,True
559,56,1118.0,0.015055790913720557,0.0,-0.015055790913720557,0.015055790913720557,2.0,805.0,10.0,15.33943710394553,-1.0742177906195138,16.631096849954474,-0.21744195538943098,0.00043488391077886195,-0.00642856489866972,True
560,56,1120.0,0.010615785976369807,0.0,-0.010615785976369807,0.010615785976369807,2.0,805.0,10.0,15.822104813110244,-0.7527895456860279,16.625480379727577,-0.05058602093130401,0.00010117204186260801,-0.00444000493735075,True
561,57,1122.0,0.023463169482965895,0.0,-0.023463169482965895,0.023463169482965895,2.0,824.0,9.0,16.140462472756933,-0.5307892988184904,16.62161154026567,0.04964023130975631,-0.00011031162513279181,0.012847383506596088,True
562,57,1124.0,0.016183290069420764,0.0,-0.016183290069420764,0.016183290069420764,2.0,824.0,9.0,15.222000891463077,-1.1731584741482948,16.613060573224725,-0.21790120761335258,0.0004842249058074502,-0.007279879413545132,True
563,57,1126.0,0.011448383701463172,0.0,-0.011448383701463172,0.011448383701463172,2.0,824.0,9.0,15.749799810198706,-0.8091645034710382,16.607162700812495,-0.048198387142751806,0.0001071075269838929,-0.004734906367957592,True
564,57,1128.0,0.019982871969659755,0.0,-0.019982871969659755,0.019982871969659755,2.0,824.0,9.0,16.083827796342153,-0.5724191850731586,16.602990427677177,0.05325655373813533,-0.0001183478971958563,0.008534488268196583,True
565,57,1130.0,0.013814745841045806,0.0,-0.013814745841045806,0.013814745841045806,2.0,824.0,9.0,15.470159038194486,-0.9991435984829877,16.595707827612404,-0.12640519093492983,0.00028090042429984406,-0.006168126128613949,True
566,57,1132.0,0.008904512410481402,0.0,-0.008904512410481402,0.008904512410481402,2.0,824.0,9.0,15.911763685999333,-0.6907372920522903,16.59067315246112,0.011827825590502617,-2.6284056867783595e-05,-0.0049102334305644035,True
567,57,1134.0,0.018614970517774054,0.0,-0.018614970517774054,0.018614970517774054,2.0,824.0,9.0,16.253345740673414,-0.4452256205240701,16.58742797315179,0.11114338804569268,-0.00024698530676820597,0.009710458107292652,True
568,57,1136.0,0.011925784309823939,0.0,-0.011925784309823939,0.011925784309823939,2.0,824.0,9.0,15.551799556432556,-0.9307485258887027,16.580643893981197,-0.09809581165993703,0.0002179906925776378,-0.006689186207950115,True
569,57,1138.0,0.006948857007046172,0.0,-0.006948857007046172,0.006948857007046172,2.0,824.0,9.0,16.02810402050167,-0.596289215491197,16.57629763595988,0.04809560003298641,-0.00010687911118441423,-0.004976927302777767,True
570,57,1140.0,0.015855252181609103,0.0,-0.015855252181609103,0.015855252181609103,2.0,824.0,9.0,16.371638217295892,-0.3474428503523086,16.57376517983613,0.1453158878120687,-0.00032292419513793043,0.008906395174562931,True
571,58,1142.0,0.016844582066369185,0.0,-0.016844582066369185,0.016844582066369185,2.0,670.0,6.0,15.74007270689467,-0.7927626090804551,16.566658706714556,-0.03382339073942965,0.00011274463579809884,0.0009893298847600818,True
572,58,1144.0,0.012112477116716036,0.0,-0.012112477116716036,0.012112477116716036,2.0,670.0,6.0,15.672790877683216,-0.8422291033184592,16.559108806635493,-0.0440888256338168,0.00014696275211272268,-0.004732104949653149,True
573,58,1146.0,0.011745011600396538,0.0,-0.011745011600396538,0.011745011600396538,2.0,670.0,6.0,15.972706153607403,-0.6056238558358018,16.55367988049291,0.024650128950291842,-8.216709650097281e-05,-0.0003674655163194984,True
574,58,1148.0,0.007025445977888012,0.0,-0.007025445977888012,0.007025445977888012,2.0,670.0,6.0,15.988475094445048,-0.5872505800198269,16.548415655850157,0.027310018614717695,-9.103339538239232e-05,-0.004719565622508526,True
575,58,1150.0,0.003638047891399765,0.0,-0.003638047891399765,0.003638047891399765,2.0,670.0,6.0,16.28306175462533,-0.3512722988944006,16.54526678489956,0.08906726862016773,-0.0002968908954005591,-0.003387398086488247,True
576,58,1152.0,0.007318315262637043,0.0,-0.007318315262637043,0.007318315262637043,2.0,670.0,6.0,16.488500080409825,-0.18190239456998825,16.54363617762452,0.12676629735529044,-0.0004225543245176347,0.003680267371237278,True
577,58,1154.0,0.005646569704367721,0.0,-0.005646569704367721,0.005646569704367721,2.0,670.0,6.0,16.238925326035,-0.36591576313185215,16.540356039906523,0.06448504926033047,-0.00021495016420110158,-0.001671745558269322,True
578,58,1156.0,0.003320219976558292,0.0,-0.003320219976558292,0.003320219976558292,2.0,670.0,6.0,16.33662872956254,-0.28232848521838605,16.537825194267906,0.08113202051301997,-0.00027044006837673325,-0.002326349727809429,True
579,58,1158.0,0.006855987062408531,0.0,-0.006855987062408531,0.006855987062408531,2.0,670.0,6.0,16.475444148992004,-0.1660109988279146,16.536337040452953,0.10511810736696454,-0.00035039369122321517,0.003535767085850239,True
580,58,1160.0,0.004644596067919338,0.0,-0.004644596067919338,0.004644596067919338,2.0,670.0,6.0,16.237337239268182,-0.34279935312042653,16.53326412258179,0.04687246980681617,-0.00015624156602272055,-0.002211390994489193,True
581,59,1162.0,0.0027418042800491094,0.0,-0.0027418042800491094,0.0027418042800491094,2.0,670.0,6.0,16.371511394518336,-0.23222980339596688,16.531182370948994,0.07255882696530752,-0.00024186275655102508,-0.0019027917878702283,True
582,59,1164.0,0.007748301074570918,0.0,-0.007748301074570918,0.007748301074570918,2.0,670.0,6.0,16.484449755821558,-0.13709021400245547,16.529953468488312,0.09158650133570029,-0.0003052883377856676,0.005006496794521809,True
583,59,1166.0,0.0056461691192453145,0.0,-0.0056461691192453145,0.0056461691192453145,2.0,670.0,6.0,16.15364034367751,-0.3874150537285459,16.52648060708608,0.01457479031997415,-4.858263439991383e-05,-0.0021021319553256035,True
584,59,1168.0,0.0038250841234912514,0.0,-0.0038250841234912514,0.0038250841234912514,2.0,670.0,6.0,16.283493489550295,-0.2823084559622657,16.523949940993454,0.04185200451910869,-0.0001395066817303623,-0.0018210849957540631,True
585,59,1170.0,0.008566120456634962,0.0,-0.008566120456634962,0.008566120456634962,2.0,670.0,6.0,16.39367582045575,-0.19125420617456257,16.52223550232037,0.0626945243099434,-0.00020898174769981136,0.004741036333143711,True
586,59,1172.0,0.006349704045533144,0.0,-0.006349704045533144,0.006349704045533144,2.0,670.0,6.0,16.082149044465595,-0.4283060228317481,16.518396086580754,-0.007941019283411717,2.6470064278039057e-05,-0.002216416411101818,True
587,59,1174.0,0.004452395884982252,0.0,-0.004452395884982252,0.004452395884982252,2.0,670.0,6.0,16.221107390850435,-0.3174852022766572,16.515550089518516,0.023042503608575418,-7.680834536191806e-05,-0.0018973081605508924,True
588,59,1176.0,0.009709522760203981,0.0,-0.009709522760203981,0.009709522760203981,2.0,670.0,6.0,16.33765342373677,-0.2226197942491126,16.513554483815053,0.046718734170830195,-0.0001557291139027673,0.005257126875221729,True
589,59,1178.0,0.0071187034982358455,0.0,-0.0071187034982358455,0.0071187034982358455,2.0,670.0,6.0,15.99429545570887,-0.48547613801019907,16.5092025844111,-0.029430990692027724,9.810330230675907e-05,-0.002590819261968136,True
590,59,1180.0,0.005023556462219858,0.0,-0.005023556462219858,0.005023556462219858,2.0,670.0,6.0,16.158785050345976,-0.3559351749117923,16.506011914562933,0.008708310694831444,-2.9027702316104814e-05,-0.0020951470360159874,True
591,60,1182.0,0.01015802442907443,0.0,-0.01015802442907443,0.01015802442907443,2.0,670.0,6.0,16.289032356027892,-0.2511778231109929,16.503760309317904,0.036449869820982285,-0.00012149956606994095,0.005134467966854572,True
592,60,1184.0,0.007307876533559465,0.0,-0.007307876533559465,0.007307876533559465,2.0,670.0,6.0,15.954258594510067,-0.5079012214537215,16.499207387248493,-0.03704757128470536,0.0001234919042823512,-0.002850147895514965,True
593,60,1186.0,0.004966122730365896,0.0,-0.004966122730365896,0.004966122730365896,2.0,670.0,6.0,16.135892927420823,-0.36539382667797327,16.495931928267005,0.0053548258317901165,-1.7849419439300388e-05,-0.002341753803193569,True
594,60,1188.0,0.010188321283749247,0.0,-0.010188321283749247,0.010188321283749247,2.0,670.0,6.0,16.282179262408686,-0.2483061365182948,16.493706065360627,0.03677933356635467,-0.00012259777855451557,0.00522219855338335,True
595,60,1190.0,0.006967100946894789,0.0,-0.006967100946894789,0.006967100946894789,2.0,670.0,6.0,15.9417775526597,-0.5094160641874623,16.48913956395606,-0.03794594710889516,0.00012648649036298387,-0.003221220336854458,True
596,60,1192.0,0.004380457735351229,0.0,-0.004380457735351229,0.004380457735351229,2.0,670.0,6.0,16.147264384601424,-0.34835504734473943,16.486016843796993,0.009602588149170421,-3.20086271639014e-05,-0.00258664321154356,True
597,60,1194.0,0.009474051817051077,0.0,-0.009474051817051077,0.009474051817051077,2.0,670.0,6.0,16.308992139642438,-0.21902288676756143,16.48405348144868,0.04396154496132204,-0.0001465384832044068,0.005093594081699848,True
598,60,1196.0,0.006055122873476648,0.0,-0.006055122873476648,0.006055122873476648,2.0,670.0,6.0,15.97640951148414,-0.47370259085255384,16.47980712233568,-0.02969501999898137,9.898339999660456e-05,-0.0034189289435744286,True
599,60,1198.0,0.003305904268017912,0.0,-0.003305904268017912,0.003305904268017912,2.0,670.0,6.0,16.194099699202322,-0.3027561436738324,16.477093159324852,0.01976268355130368,-6.587561183767894e-05,-0.0027492186054587364,True
600,60,1200.0,0.008364409840396547,0.0,-0.008364409840396547,0.008364409840396547,2.0,670.0,6.0,16.3656857788472,-0.1652952134008956,16.475611421945057,0.0553695703030402,-0.00018456523434346733,0.005058505572378635,True
