step,decision_idx,elapsed_s,temp,temp_ref,error,abs_error,kp,ki,kd,u,u_p,u_i,u_d,diff_out,pred_delta,valid
1,1,2.0,26.946542859077454,0.0,-26.946542859077454,26.946542859077454,50.0,1000.0,20.0,-54.108000000000004,-54.0,-0.108,-0.0,0.0,-0.05345714092254639,True
2,1,4.0,26.842866487801075,0.0,-26.842866487801075,26.842866487801075,50.0,1000.0,20.0,-54.01167010079915,-53.89308571815491,-0.2157861714363099,0.09720178879206558,-0.0024300447198016394,-0.10367637127637863,True
3,1,6.0,26.71581456810236,0.0,-26.71581456810236,26.71581456810236,50.0,1000.0,20.0,-53.73244481189877,-53.68573297560215,-0.32315763738751396,0.2764458010908922,-0.006911145027272305,-0.1270519196987152,True
4,1,8.0,26.61989764869213,0.0,-26.61989764869213,26.61989764869213,50.0,1000.0,20.0,-53.38055416628957,-53.43162913620472,-0.43002089565992313,0.48109586557506906,-0.012027396639376726,-0.09591691941022873,True
5,1,10.0,26.508620724081993,0.0,-26.508620724081993,26.508620724081993,50.0,1000.0,20.0,-53.166684485875926,-53.23979529738426,-0.5365004862546919,0.609611297763029,-0.015240282444075725,-0.11127692461013794,True
6,1,12.0,26.394154086709023,0.0,-26.394154086709023,26.394154086709023,50.0,1000.0,20.0,-52.90597942290686,-53.017241448163986,-0.6425349691510205,0.7537969944081552,-0.01884492486020388,-0.11446663737297058,True
7,1,14.0,26.290767073631287,0.0,-26.290767073631287,26.290767073631287,50.0,1000.0,20.0,-52.646390977554915,-52.788308173418045,-0.7481115854978565,0.8900287813609906,-0.022250719534024768,-0.1033870130777359,True
8,1,16.0,26.18614872545004,0.0,-26.18614872545004,26.18614872545004,50.0,1000.0,20.0,-52.441689537077885,-52.58153414726257,-0.8532746537923812,0.9931192639770754,-0.024827981599426886,-0.10461834818124771,True
9,1,18.0,26.07760640978813,0.0,-26.07760640978813,26.07760640978813,50.0,1000.0,20.0,-52.241701752587176,-52.37229745090007,-0.958019248694183,1.0886149470070825,-0.027215373675177065,-0.1085423156619072,True
10,1,20.0,25.971573024988174,0.0,-25.971573024988174,25.971573024988174,50.0,1000.0,20.0,-52.035406152002025,-52.15521281957627,-1.0623296743333352,1.1821363419075857,-0.02955340854768964,-0.10603338479995728,True
11,1,22.0,25.867590695619583,0.0,-25.867590695619583,25.867590695619583,50.0,1000.0,20.0,-51.8471872609512,-51.94314604997635,-1.166215966433288,1.2621747554584428,-0.03155436888646107,-0.10398232936859131,True
12,1,24.0,25.762161314487457,0.0,-25.762161314487457,25.762161314487457,50.0,1000.0,20.0,-51.6740188370504,-51.73518139123917,-1.269686329215767,1.3308488834045438,-0.03327122208511359,-0.10542938113212585,True
13,1,26.0,25.657188810408115,0.0,-25.657188810408115,25.657188810408115,50.0,1000.0,20.0,-51.50145419183703,-51.524322628974915,-1.3727349744737163,1.3956034116116096,-0.03489008529029024,-0.10497250407934189,True
14,1,28.0,25.553026162087917,0.0,-25.553026162087917,25.553026162087917,50.0,1000.0,20.0,-51.33639105932525,-51.31437762081623,-1.47536372971535,1.4533502912063363,-0.036333757280158405,-0.10416264832019806,True
15,1,30.0,25.448993369936943,0.0,-25.448993369936943,25.448993369936943,50.0,1000.0,20.0,-51.179512005717456,-51.106052324175835,-1.5775758343637025,1.504116152822073,-0.03760290382055183,-0.10403279215097427,True
16,2,32.0,25.306138813495636,0.0,-25.306138813495636,25.306138813495636,50.0,1.0,20.0,-100.0,-50.89798673987389,-100.0,1.5498033641811304,-0.03874508410452826,-0.14285455644130707,True
17,2,34.0,25.260263238102198,0.0,-25.260263238102198,25.260263238102198,50.0,1.0,20.0,-100.0,-50.61227762699127,-100.0,1.6617225945715302,-0.04154306486428825,-0.04587557539343834,True
18,2,36.0,25.127306688576937,0.0,-25.127306688576937,25.127306688576937,50.0,1.0,20.0,-100.0,-50.520526476204395,-100.0,1.586627807603827,-0.039665695190095676,-0.13295654952526093,True
19,2,38.0,25.00009137764573,0.0,-25.00009137764573,25.00009137764573,50.0,1.0,20.0,-100.0,-50.25461337715388,-100.0,1.6770367020921595,-0.04192591755230399,-0.12721531093120575,True
20,2,40.0,24.877688731998205,0.0,-24.877688731998205,24.877688731998205,50.0,1.0,20.0,-100.0,-50.00018275529147,-100.0,1.7483821695222976,-0.04370955423805744,-0.12240264564752579,True
21,2,42.0,24.756016489118338,0.0,-24.756016489118338,24.756016489118338,50.0,1.0,20.0,-100.0,-49.75537746399642,-100.0,1.804171097524575,-0.045104277438114376,-0.12167224287986755,True
22,2,44.0,24.629372011870146,0.0,-24.629372011870146,24.629372011870146,50.0,1.0,20.0,-100.0,-49.512032978236675,-100.0,1.8533102459793342,-0.04633275614948335,-0.12664447724819183,True
23,2,46.0,24.50961170718074,0.0,-24.50961170718074,24.50961170718074,50.0,1.0,20.0,-100.0,-49.25874402374029,-100.0,1.9068031106833156,-0.04767007776708289,-0.11976030468940735,True
24,2,48.0,24.38884634897113,0.0,-24.38884634897113,24.38884634897113,50.0,1.0,20.0,-100.0,-49.01922341436148,-100.0,1.9426757395391816,-0.048566893488479534,-0.12076535820960999,True
25,2,50.0,24.276260431855917,0.0,-24.276260431855917,24.276260431855917,50.0,1.0,20.0,-100.0,-48.77769269794226,-100.0,1.9769539969594359,-0.049423849923985894,-0.11258591711521149,True
26,2,52.0,24.155996475368738,0.0,-24.155996475368738,24.155996475368738,50.0,1.0,20.0,-100.0,-48.552520863711834,-100.0,1.993089687692914,-0.049827242192322846,-0.1202639564871788,True
27,2,54.0,24.043609898537397,0.0,-24.043609898537397,24.043609898537397,50.0,1.0,20.0,-100.0,-48.311992950737476,-100.0,2.0216472777802887,-0.05054118194450722,-0.11238657683134079,True
28,2,56.0,23.925669383257627,0.0,-23.925669383257627,23.925669383257627,50.0,1.0,20.0,-100.0,-48.087219797074795,-100.0,2.033157234986779,-0.05082893087466948,-0.1179405152797699,True
29,2,58.0,23.81286772713065,0.0,-23.81286772713065,23.81286772713065,50.0,1.0,20.0,-100.0,-47.851338766515255,-100.0,2.0536680587369496,-0.051341701468423734,-0.11280165612697601,True
30,2,60.0,23.695177998393774,0.0,-23.695177998393774,23.695177998393774,50.0,1.0,20.0,-100.0,-47.6257354542613,-100.0,2.062878312908113,-0.05157195782270283,-0.11768972873687744,True
31,3,62.0,23.585572842508554,0.0,-23.585572842508554,23.585572842508554,4.0,753.0,19.0,-100.0,-100.0,-100.0,24.701164331852006,-0.0520024512249516,-0.10960515588521957,True
32,3,64.0,23.513527128845453,0.0,-23.513527128845453,23.513527128845453,4.0,753.0,19.0,-100.0,-100.0,-100.0,24.711577206729846,-0.052024373066799676,-0.0720457136631012,True
33,3,66.0,23.409157495945692,0.0,-23.409157495945692,23.409157495945692,4.0,753.0,19.0,-100.0,-100.0,-100.0,23.9099960031267,-0.05033683369079305,-0.1043696328997612,True
34,3,68.0,23.295212764292955,0.0,-23.295212764292955,23.295212764292955,4.0,753.0,19.0,-100.0,-100.0,-100.0,23.882830217912467,-0.05027964256402625,-0.11394473165273666,True
35,3,70.0,23.15382869914174,0.0,-23.15382869914174,23.15382869914174,4.0,753.0,19.0,-100.0,-100.0,-100.0,24.065005712333082,-0.050663169920701225,-0.1413840651512146,True
36,3,72.0,23.059433575719595,0.0,-23.059433575719595,23.059433575719595,4.0,753.0,19.0,-100.0,-100.0,-100.0,24.82228631810025,-0.05225744488021106,-0.09439512342214584,True
37,3,74.0,22.908973705023527,0.0,-22.908973705023527,22.908973705023527,4.0,753.0,19.0,-100.0,-100.0,-100.0,24.49272338888061,-0.05156362818711707,-0.1504598706960678,True
38,3,76.0,22.832041818648577,0.0,-22.832041818648577,22.832041818648577,4.0,753.0,19.0,-100.0,-100.0,-100.0,25.405173190104062,-0.05348457513706119,-0.07693188637495041,True
39,3,78.0,22.660247672349215,0.0,-22.660247672349215,22.660247672349215,4.0,753.0,19.0,-100.0,-100.0,-100.0,24.642934693521994,-0.051879862512677885,-0.17179414629936218,True
40,3,80.0,22.596447948366404,0.0,-22.596447948366404,22.596447948366404,4.0,753.0,19.0,-100.0,-100.0,-100.0,26.00171542900112,-0.0547404535347392,-0.06379972398281097,True
41,3,82.0,22.414233569055796,0.0,-22.414233569055796,22.414233569055796,4.0,753.0,19.0,-100.0,-100.0,-100.0,24.899017347665115,-0.052418983889821295,-0.1822143793106079,True
42,3,84.0,22.35480724275112,0.0,-22.35480724275112,22.35480724275112,4.0,753.0,19.0,-100.0,-100.0,-100.0,26.458368958876942,-0.05570182938710936,-0.05942632630467415,True
43,3,86.0,22.172295287251472,0.0,-22.172295287251472,22.172295287251472,4.0,753.0,19.0,-100.0,-100.0,-100.0,25.21767849691281,-0.05308984946718487,-0.18251195549964905,True
44,3,88.0,22.11287458613515,0.0,-22.11287458613515,22.11287458613515,4.0,753.0,19.0,-100.0,-100.0,-100.0,26.75305857646243,-0.056322228582026165,-0.05942070111632347,True
45,3,90.0,21.92997047677636,0.0,-21.92997047677636,21.92997047677636,4.0,753.0,19.0,-100.0,-100.0,-100.0,25.484136351747484,-0.05365081337209997,-0.18290410935878754,True
46,4,92.0,21.876698784530163,0.0,-21.876698784530163,21.876698784530163,50.0,1000.0,8.0,-100.0,-43.85994095355272,-100.0,0.9095601418607219,-0.05684750886629511,-0.053271692246198654,True
47,4,94.0,21.6863014921546,0.0,-21.6863014921546,21.6863014921546,50.0,1000.0,8.0,-100.0,-43.753397569060326,-100.0,0.8615434708238602,-0.053846466926491254,-0.19039729237556458,True
48,4,96.0,21.565212212502956,0.0,-21.565212212502956,21.565212212502956,50.0,1000.0,8.0,-100.0,-43.3726029843092,-100.0,0.9178419653607164,-0.057365122835044774,-0.12108927965164185,True
49,4,98.0,21.409903027117252,0.0,-21.409903027117252,21.409903027117252,50.0,1000.0,8.0,-100.0,-43.13042442500591,-100.0,0.9183607225458034,-0.05739754515911271,-0.15530918538570404,True
50,4,100.0,21.244262106716633,0.0,-21.244262106716633,21.244262106716633,50.0,1000.0,8.0,-100.0,-42.819806054234505,-100.0,0.9437189889872601,-0.05898243681170375,-0.1656409204006195,True
51,4,102.0,21.090551771223545,0.0,-21.090551771223545,21.090551771223545,50.0,1000.0,8.0,-100.0,-42.488524213433266,-100.0,0.9741728718372554,-0.06088580448982846,-0.15371033549308777,True
52,4,104.0,20.924140743911266,0.0,-20.924140743911266,20.924140743911266,50.0,1000.0,8.0,-100.0,-42.18110354244709,-100.0,0.9930443606499966,-0.062065272540624786,-0.16641102731227875,True
53,4,106.0,20.7751337364316,0.0,-20.7751337364316,20.7751337364316,50.0,1000.0,8.0,-100.0,-41.84828148782253,-100.0,1.019353238003466,-0.06370957737521663,-0.14900700747966766,True
54,4,108.0,20.61407022923231,0.0,-20.61407022923231,20.61407022923231,50.0,1000.0,8.0,-100.0,-41.5502674728632,-100.0,1.0304941452956535,-0.06440588408097835,-0.16106350719928741,True
55,4,110.0,20.456655241549015,0.0,-20.456655241549015,20.456655241549015,50.0,1000.0,8.0,-100.0,-41.22814045846462,-100.0,1.0493413205622228,-0.06558383253513893,-0.1574149876832962,True
56,4,112.0,20.29704336076975,0.0,-20.29704336076975,20.29704336076975,50.0,1000.0,8.0,-100.0,-40.91331048309803,-100.0,1.0637370133411586,-0.06648356333382241,-0.15961188077926636,True
57,4,114.0,20.1367432102561,0.0,-20.1367432102561,20.1367432102561,50.0,1000.0,8.0,-100.0,-40.5940867215395,-100.0,1.07835736319118,-0.06739733519944875,-0.160300150513649,True
58,4,116.0,19.978787533938885,0.0,-19.978787533938885,19.978787533938885,50.0,1000.0,8.0,-100.0,-40.2734864205122,-100.0,1.0920836806817285,-0.06825523004260803,-0.15795567631721497,True
59,4,118.0,19.81884115189314,0.0,-19.81884115189314,19.81884115189314,50.0,1000.0,8.0,-100.0,-39.95757506787777,-100.0,1.1027954566226104,-0.06892471603891315,-0.15994638204574585,True
60,4,120.0,19.669347532093525,0.0,-19.669347532093525,19.669347532093525,50.0,1000.0,8.0,-100.0,-39.63768230378628,-100.0,1.1139333314635351,-0.06962083321647095,-0.14949361979961395,True
61,5,122.0,19.48745808750391,0.0,-19.48745808750391,19.48745808750391,50.0,328.0,1.0,-100.0,-39.33869506418705,-100.0,0.1395507767968874,-0.0697753883984437,-0.18188944458961487,True
62,5,124.0,19.358972184360027,0.0,-19.358972184360027,19.358972184360027,50.0,328.0,1.0,-100.0,-38.97491617500782,-100.0,0.14277568796736997,-0.07138784398368499,-0.12848590314388275,True
63,5,126.0,19.19266662746668,0.0,-19.19266662746668,19.19266662746668,50.0,328.0,1.0,-100.0,-38.717944368720055,-100.0,0.14083776000053624,-0.07041888000026812,-0.1663055568933487,True
64,5,128.0,19.05050966888666,0.0,-19.05050966888666,19.05050966888666,50.0,328.0,1.0,-100.0,-38.38533325493336,-100.0,0.1425230875534422,-0.0712615437767211,-0.1421569585800171,True
65,5,130.0,18.893941812217236,0.0,-18.893941812217236,18.893941812217236,50.0,328.0,1.0,-100.0,-38.10101933777332,-100.0,0.1418521675839958,-0.0709260837919979,-0.15656785666942596,True
66,5,132.0,18.738619305193424,0.0,-18.738619305193424,18.738619305193424,50.0,328.0,1.0,-100.0,-37.78788362443447,-100.0,0.14255542217151046,-0.07127771108575523,-0.15532250702381134,True
67,5,134.0,18.582040525972843,0.0,-18.582040525972843,18.582040525972843,50.0,328.0,1.0,-100.0,-37.47723861038685,-100.0,0.14307837189886038,-0.07153918594943019,-0.15657877922058105,True
68,5,136.0,18.42144864052534,0.0,-18.42144864052534,18.42144864052534,50.0,328.0,1.0,-100.0,-37.164081051945686,-100.0,0.14366565247627244,-0.07183282623813622,-0.16059188544750214,True
69,5,138.0,18.260527960956097,0.0,-18.260527960956097,18.260527960956097,50.0,328.0,1.0,-100.0,-36.84289728105068,-100.0,0.1445617667069212,-0.0722808833534606,-0.16092067956924438,True
70,5,140.0,18.093515612185,0.0,-18.093515612185,18.093515612185,50.0,328.0,1.0,-100.0,-36.52105592191219,-100.0,0.1454022935549447,-0.07270114677747234,-0.16701234877109528,True
71,5,142.0,17.922729901969433,0.0,-17.922729901969433,17.922729901969433,50.0,328.0,1.0,-100.0,-36.18703122437,-100.0,0.1467164708704541,-0.07335823543522706,-0.17078571021556854,True
72,5,144.0,17.747904680669308,0.0,-17.747904680669308,17.747904680669308,50.0,328.0,1.0,-100.0,-35.845459803938866,-100.0,0.14824834696144878,-0.07412417348072439,-0.17482522130012512,True
73,5,146.0,17.564896754920483,0.0,-17.564896754920483,17.564896754920483,50.0,328.0,1.0,-100.0,-35.495809361338615,-100.0,0.1500013528074704,-0.0750006764037352,-0.18300792574882507,True
74,5,148.0,17.38294892758131,0.0,-17.38294892758131,17.38294892758131,50.0,328.0,1.0,-100.0,-35.129793509840965,-100.0,0.15233107596638568,-0.07616553798319284,-0.18194782733917236,True
75,5,150.0,17.21106345206499,0.0,-17.21106345206499,17.21106345206499,50.0,328.0,1.0,-100.0,-34.76589785516262,-100.0,0.15434218844137598,-0.07717109422068799,-0.17188547551631927,True
76,6,152.0,17.040104262530804,0.0,-17.040104262530804,17.040104262530804,50.0,328.0,1.0,-100.0,-34.42212690412998,-100.0,0.1552466368466639,-0.07762331842333195,-0.17095918953418732,True
77,6,154.0,16.870170287787914,0.0,-16.870170287787914,16.870170287787914,50.0,328.0,1.0,-100.0,-34.08020852506161,-100.0,0.15598059648288784,-0.07799029824144392,-0.1699339747428894,True
78,6,156.0,16.70102410763502,0.0,-16.70102410763502,16.70102410763502,50.0,328.0,1.0,-100.0,-33.74034057557583,-100.0,0.1565513360172171,-0.07827566800860855,-0.16914618015289307,True
79,6,158.0,16.532903857529163,0.0,-16.532903857529163,16.532903857529163,50.0,328.0,1.0,-100.0,-33.40204821527004,-100.0,0.15699601014304476,-0.07849800507152238,-0.16812025010585785,True
80,6,160.0,16.36564254015684,0.0,-16.36564254015684,16.36564254015684,50.0,328.0,1.0,-100.0,-33.06580771505833,-100.0,0.15730499394495462,-0.07865249697247731,-0.16726131737232208,True
81,6,162.0,16.199658684432507,0.0,-16.199658684432507,16.199658684432507,50.0,328.0,1.0,-100.0,-32.73128508031368,-100.0,0.15750641352310019,-0.07875320676155009,-0.16598385572433472,True
82,6,164.0,16.034883610904217,0.0,-16.034883610904217,16.034883610904217,50.0,328.0,1.0,-100.0,-32.39931736886501,-100.0,0.1575724785588032,-0.0787862392794016,-0.1647750735282898,True
83,6,166.0,15.87130906432867,0.0,-15.87130906432867,15.87130906432867,50.0,328.0,1.0,-100.0,-32.06976722180843,-100.0,0.15752234449223748,-0.07876117224611874,-0.16357454657554626,True
84,6,168.0,15.708610080182552,0.0,-15.708610080182552,15.708610080182552,50.0,328.0,1.0,-100.0,-31.74261812865734,-100.0,0.15736784603057485,-0.07868392301528743,-0.16269898414611816,True
85,6,170.0,15.547226302325726,0.0,-15.547226302325726,15.547226302325726,50.0,328.0,1.0,-100.0,-31.417220160365105,-100.0,0.15714848279645638,-0.07857424139822819,-0.16138377785682678,True
86,6,172.0,15.385898940265179,0.0,-15.385898940265179,15.385898940265179,50.0,328.0,1.0,-100.0,-31.09445260465145,-100.0,0.15683047171256764,-0.07841523585628382,-0.16132736206054688,True
87,6,174.0,15.229911096394062,0.0,-15.229911096394062,15.229911096394062,50.0,328.0,1.0,-100.0,-30.77179788053036,-100.0,0.15653766647579442,-0.07826883323789721,-0.15598784387111664,True
88,6,176.0,15.07359641045332,0.0,-15.07359641045332,15.07359641045332,50.0,328.0,1.0,-100.0,-30.459822192788128,-100.0,0.1557873461503547,-0.07789367307517735,-0.1563146859407425,True
89,6,178.0,14.941138111054897,0.0,-14.941138111054897,14.941138111054897,50.0,328.0,1.0,-100.0,-30.14719282090664,-100.0,0.15513831357181376,-0.07756915678590688,-0.13245829939842224,True
90,6,180.0,14.805244348943233,0.0,-14.805244348943233,14.805244348943233,50.0,328.0,1.0,-100.0,-29.882276222109795,-100.0,0.15238227357885764,-0.07619113678942882,-0.13589376211166382,True
91,7,182.0,14.667983196675777,0.0,-14.667983196675777,14.667983196675777,1.0,1.0,3.0,-100.0,-100.0,-100.0,22.53022022413368,-0.0751007340804456,-0.13726115226745605,True
92,7,184.0,14.523159347474575,0.0,-14.523159347474575,14.523159347474575,1.0,1.0,3.0,-100.0,-100.0,-100.0,22.252950878486338,-0.0741765029282878,-0.1448238492012024,True
93,7,186.0,14.426115028560162,0.0,-14.426115028560162,14.426115028560162,1.0,1.0,3.0,-100.0,-100.0,-100.0,22.105265221631363,-0.07368421740543789,-0.09704431891441345,True
94,7,188.0,14.25979221612215,0.0,-14.25979221612215,14.25979221612215,1.0,1.0,3.0,-100.0,-100.0,-100.0,21.320081341618515,-0.07106693780539505,-0.16632281243801117,True
95,7,190.0,14.142353788018227,0.0,-14.142353788018227,14.142353788018227,1.0,1.0,3.0,-100.0,-100.0,-100.0,21.55457041751595,-0.0718485680583865,-0.1174384281039238,True
96,7,192.0,13.969396531581879,0.0,-13.969396531581879,13.969396531581879,1.0,1.0,3.0,-100.0,-100.0,-100.0,21.10003853141855,-0.07033346177139517,-0.17295725643634796,True
97,7,194.0,13.874994404613972,0.0,-13.874994404613972,13.874994404613972,1.0,1.0,3.0,-100.0,-100.0,-100.0,21.445993579848093,-0.0714866452661603,-0.09440212696790695,True
98,7,196.0,13.702779926359653,0.0,-13.702779926359653,13.702779926359653,1.0,1.0,3.0,-100.0,-100.0,-100.0,20.687664824826474,-0.06895888274942158,-0.17221447825431824,True
99,7,198.0,13.598888270556927,0.0,-13.598888270556927,13.598888270556927,1.0,1.0,3.0,-100.0,-100.0,-100.0,21.062826481547816,-0.07020942160515939,-0.10389165580272675,True
100,7,200.0,13.426522500813007,0.0,-13.426522500813007,13.426522500813007,1.0,1.0,3.0,-100.0,-100.0,-100.0,20.470459820402304,-0.06823486606800767,-0.17236576974391937,True
101,7,202.0,13.323484979569912,0.0,-13.323484979569912,13.323484979569912,1.0,1.0,3.0,-100.0,-100.0,-100.0,20.868403772254045,-0.06956134590751349,-0.1030375212430954,True
102,7,204.0,13.15327275544405,0.0,-13.15327275544405,13.15327275544405,1.0,1.0,3.0,-100.0,-100.0,-100.0,20.282934873224917,-0.06760978291074972,-0.17021222412586212,True
103,7,206.0,13.058690220117569,0.0,-13.058690220117569,13.058690220117569,1.0,1.0,3.0,-100.0,-100.0,-100.0,20.66939809747553,-0.06889799365825176,-0.09458253532648087,True
104,7,208.0,12.891598373651505,0.0,-12.891598373651505,12.891598373651505,1.0,1.0,3.0,-100.0,-100.0,-100.0,19.987608703370924,-0.06662536234456974,-0.16709184646606445,True
105,7,210.0,12.788261458277702,0.0,-12.788261458277702,12.788261458277702,1.0,1.0,3.0,-100.0,-100.0,-100.0,20.35968928580764,-0.06786563095269214,-0.10333691537380219,True
106,8,212.0,12.62326531112194,0.0,-12.62326531112194,12.62326531112194,1.0,879.0,6.0,-100.0,-100.0,-100.0,39.65365871609437,-0.06608943119349062,-0.16499614715576172,True
107,8,214.0,12.50976176559925,0.0,-12.50976176559925,12.50976176559925,1.0,879.0,6.0,-100.0,-100.0,-100.0,40.0,-0.06728555610920253,-0.11350354552268982,True
108,8,216.0,12.341317102313042,0.0,-12.341317102313042,12.341317102313042,1.0,879.0,6.0,-100.0,-100.0,-100.0,39.616105310207395,-0.06602684218367899,-0.1684446632862091,True
109,8,218.0,12.235502794384956,0.0,-12.235502794384956,12.235502794384956,1.0,879.0,6.0,-100.0,-100.0,-100.0,40.0,-0.06738569943663517,-0.10581430792808533,True
110,8,220.0,12.049552172422409,0.0,-12.049552172422409,12.049552172422409,1.0,879.0,6.0,-100.0,-100.0,-100.0,39.46073817714456,-0.0657678969619076,-0.1859506219625473,True
111,8,222.0,11.954966820776463,0.0,-11.954966820776463,11.954966820776463,1.0,879.0,6.0,-100.0,-100.0,-100.0,40.0,-0.0679472374724836,-0.0945853516459465,True
112,8,224.0,11.787815280258656,0.0,-11.787815280258656,11.787815280258656,1.0,879.0,6.0,-100.0,-100.0,-100.0,39.459255815077064,-0.06576542635846178,-0.167151540517807,True
113,8,226.0,11.683015495538712,0.0,-11.683015495538712,11.683015495538712,1.0,879.0,6.0,-100.0,-100.0,-100.0,40.0,-0.06709043740833963,-0.104799784719944,True
114,8,228.0,11.530025199055672,0.0,-11.530025199055672,11.530025199055672,1.0,879.0,6.0,-100.0,-100.0,-100.0,39.272809098194514,-0.0654546818303242,-0.15299029648303986,True
115,8,230.0,11.412957698106766,0.0,-11.412957698106766,11.412957698106766,1.0,879.0,6.0,-100.0,-100.0,-100.0,39.69935728031883,-0.06616559546719804,-0.11706750094890594,True
116,8,232.0,11.278810605406761,0.0,-11.278810605406761,11.278810605406761,1.0,879.0,6.0,-100.0,-100.0,-100.0,39.10543420140834,-0.0651757236690139,-0.13414709270000458,True
117,8,234.0,11.12984924018383,0.0,-11.12984924018383,11.12984924018383,1.0,879.0,6.0,-100.0,-100.0,-100.0,39.034005693322506,-0.06505667615553751,-0.1489613652229309,True
118,8,236.0,11.019934006035328,0.0,-11.019934006035328,11.019934006035328,1.0,879.0,6.0,-100.0,-100.0,-100.0,39.37344537506793,-0.06562240895844655,-0.10991523414850235,True
119,8,238.0,10.840988598763943,0.0,-10.840988598763943,10.840988598763943,1.0,879.0,6.0,-100.0,-100.0,-100.0,38.61553503188925,-0.06435922505314876,-0.1789454072713852,True
120,8,240.0,10.734167918562889,0.0,-10.734167918562889,10.734167918562889,1.0,879.0,6.0,-100.0,-100.0,-100.0,39.81269781632513,-0.06635449636054187,-0.10682068020105362,True
121,9,242.0,10.552170932292938,0.0,-10.552170932292938,10.552170932292938,2.0,1000.0,11.0,-100.0,-100.0,-100.0,35.684444034060135,-0.06488080733465479,-0.18199698626995087,True
122,9,244.0,10.4352892562747,0.0,-10.4352892562747,10.4352892562747,2.0,1000.0,11.0,-100.0,-100.0,-100.0,36.83077379653694,-0.0669650432664308,-0.11688167601823807,True
123,9,246.0,10.260861970484257,0.0,-10.260861970484257,10.260861970484257,2.0,1000.0,11.0,-100.0,-100.0,-100.0,36.23975593241774,-0.0658904653316686,-0.17442728579044342,True
124,9,248.0,10.167808324098587,0.0,-10.167808324098587,10.167808324098587,2.0,1000.0,11.0,-100.0,-100.0,-100.0,37.14385864340809,-0.06753428844256015,-0.09305364638566971,True
125,9,250.0,9.98069080710411,0.0,-9.98069080710411,9.98069080710411,2.0,1000.0,11.0,-100.0,-100.0,-100.0,35.9272322017179,-0.06532224036675982,-0.18711751699447632,True
126,9,252.0,9.875621035695076,0.0,-9.875621035695076,9.875621035695076,2.0,1000.0,11.0,-100.0,-100.0,-100.0,37.178424988184574,-0.06759713634215378,-0.10506977140903473,True
127,9,254.0,9.702558159828186,0.0,-9.702558159828186,9.702558159828186,2.0,1000.0,11.0,-100.0,-100.0,-100.0,36.25892600035364,-0.06592532000064298,-0.17306287586688995,True
128,9,256.0,9.603485852479935,0.0,-9.603485852479935,9.603485852479935,2.0,1000.0,11.0,-100.0,-100.0,-100.0,37.12708738757296,-0.06750379525013266,-0.09907230734825134,True
129,9,258.0,9.415885210037231,0.0,-9.415885210037231,9.415885210037231,2.0,1000.0,11.0,-100.0,-100.0,-100.0,36.062538088685095,-0.06556825107033654,-0.18760064244270325,True
130,9,260.0,9.313336096704006,0.0,-9.313336096704006,9.313336096704006,2.0,1000.0,11.0,-100.0,-100.0,-100.0,37.31290311605356,-0.06784164202918828,-0.10254911333322525,True
131,9,262.0,9.135658763349056,0.0,-9.135658763349056,9.135658763349056,2.0,1000.0,11.0,-100.0,-100.0,-100.0,36.31755534218603,-0.0660319188039746,-0.17767733335494995,True
132,9,264.0,9.036510355770588,0.0,-9.036510355770588,9.036510355770588,2.0,1000.0,11.0,-100.0,-100.0,-100.0,37.29549383492075,-0.067809988790765,-0.09914840757846832,True
133,9,266.0,8.85099471360445,0.0,-8.85099471360445,8.85099471360445,2.0,1000.0,11.0,-100.0,-100.0,-100.0,36.21678296842398,-0.06584869630622542,-0.1855156421661377,True
134,9,268.0,8.749758213758469,0.0,-8.749758213758469,8.749758213758469,2.0,1000.0,11.0,-100.0,-100.0,-100.0,37.40030589673095,-0.06800055617587444,-0.1012364998459816,True
135,9,270.0,8.569971576333046,0.0,-8.569971576333046,8.569971576333046,2.0,1000.0,11.0,-100.0,-100.0,-100.0,36.363803117390404,-0.06611600566798255,-0.17978663742542267,True
136,10,272.0,8.470077462494373,0.0,-8.470077462494373,8.470077462494373,2.0,1000.0,11.0,-100.0,-100.0,-100.0,37.39006644964943,-0.0679819389993626,-0.09989411383867264,True
137,10,274.0,8.28573340922594,0.0,-8.28573340922594,8.28573340922594,2.0,1000.0,11.0,-100.0,-100.0,-100.0,36.32097834353809,-0.06603814244279653,-0.18434405326843262,True
138,10,276.0,8.184803530573845,0.0,-8.184803530573845,8.184803530573845,2.0,1000.0,11.0,-100.0,-100.0,-100.0,37.465270297040696,-0.06811867326734672,-0.1009298786520958,True
139,10,278.0,8.00317032635212,0.0,-8.00317032635212,8.00317032635212,2.0,1000.0,11.0,-100.0,-100.0,-100.0,36.41490451385059,-0.06620891729791016,-0.18163320422172546,True
140,10,280.0,7.902394451200962,0.0,-7.902394451200962,7.902394451200962,2.0,1000.0,11.0,-100.0,-100.0,-100.0,37.48246079698943,-0.06814992872179897,-0.10077587515115738,True
141,10,282.0,7.718119390308857,0.0,-7.718119390308857,7.718119390308857,2.0,1000.0,11.0,-100.0,-100.0,-100.0,36.42660485596782,-0.06623019064721421,-0.1842750608921051,True
142,10,284.0,7.6159325167536736,0.0,-7.6159325167536736,7.6159325167536736,2.0,1000.0,11.0,-100.0,-100.0,-100.0,37.559096213778645,-0.0682892658432339,-0.10218687355518341,True
143,10,286.0,7.433166988193989,0.0,-7.433166988193989,7.433166988193989,2.0,1000.0,11.0,-100.0,-100.0,-100.0,36.531207553093395,-0.06642037736926072,-0.18276552855968475,True
144,10,288.0,7.33101337403059,0.0,-7.33101337403059,7.33101337403059,2.0,1000.0,11.0,-100.0,-100.0,-100.0,37.6159798886312,-0.06839269070660219,-0.10215361416339874,True
145,10,290.0,7.148447625339031,0.0,-7.148447625339031,7.148447625339031,2.0,1000.0,11.0,-100.0,-100.0,-100.0,36.58183357695338,-0.06651242468536979,-0.18256574869155884,True
146,10,292.0,7.041217535734177,0.0,-7.041217535734177,7.041217535734177,2.0,1000.0,11.0,-100.0,-100.0,-100.0,37.65678186464335,-0.06846687611753335,-0.10723008960485458,True
147,10,294.0,6.859426856040955,0.0,-6.859426856040955,6.859426856040955,2.0,1000.0,11.0,-100.0,-100.0,-100.0,36.74566448151502,-0.06681029905730004,-0.18179067969322205,True
148,10,296.0,6.760338738560677,0.0,-6.760338738560677,6.760338738560677,2.0,1000.0,11.0,-100.0,-100.0,-100.0,37.785606899995294,-0.0687011034545369,-0.09908811748027802,True
149,10,298.0,6.574689909815788,0.0,-6.574689909815788,6.574689909815788,2.0,1000.0,11.0,-100.0,-100.0,-100.0,36.658637022802196,-0.06665206731418581,-0.1856488287448883,True
150,10,300.0,6.471992067992687,0.0,-6.471992067992687,6.471992067992687,2.0,1000.0,11.0,-100.0,-100.0,-100.0,37.80334160890413,-0.06873334837982568,-0.10269784182310104,True
151,11,302.0,6.291482426226139,0.0,-6.291482426226139,6.291482426226139,3.0,1000.0,20.0,-100.0,-100.0,-100.0,40.0,-0.06684532658598093,-0.18050964176654816,True
152,11,304.0,6.201419338583946,0.0,-6.201419338583946,6.201419338583946,3.0,1000.0,20.0,-100.0,-100.0,-100.0,40.0,-0.06867455654146172,-0.09006308764219284,True
153,11,306.0,6.015422433614731,0.0,-6.015422433614731,6.015422433614731,3.0,1000.0,20.0,-100.0,-100.0,-100.0,40.0,-0.06621779457898587,-0.1859969049692154,True
154,11,308.0,5.913336426019669,0.0,-5.913336426019669,5.913336426019669,3.0,1000.0,20.0,-100.0,-100.0,-100.0,40.0,-0.06835632349620901,-0.10208600759506226,True
155,11,310.0,5.732186645269394,0.0,-5.732186645269394,5.732186645269394,3.0,1000.0,20.0,-100.0,-100.0,-100.0,40.0,-0.0664764532789634,-0.18114978075027466,True
156,11,312.0,5.636513285338879,0.0,-5.636513285338879,5.636513285338879,3.0,1000.0,20.0,-100.0,-100.0,-100.0,40.0,-0.06836996920030701,-0.09567335993051529,True
157,11,314.0,5.450504519045353,0.0,-5.450504519045353,5.450504519045353,3.0,1000.0,20.0,-100.0,-100.0,-100.0,40.0,-0.06619729238702388,-0.1860087662935257,True
158,11,316.0,5.352477230131626,0.0,-5.352477230131626,5.352477230131626,3.0,1000.0,20.0,-100.0,-100.0,-100.0,40.0,-0.06833831618835498,-0.0980272889137268,True
159,11,318.0,5.1692627891898155,0.0,-5.1692627891898155,5.1692627891898155,3.0,1000.0,20.0,-100.0,-100.0,-100.0,40.0,-0.06627566320440019,-0.1832144409418106,True
160,11,320.0,5.072160206735134,0.0,-5.072160206735134,5.072160206735134,3.0,1000.0,20.0,-100.0,-100.0,-100.0,40.0,-0.06828218733158076,-0.0971025824546814,True
161,11,322.0,4.885624058544636,0.0,-4.885624058544636,4.885624058544636,3.0,1000.0,20.0,-100.0,-100.0,-100.0,40.0,-0.06618285331894806,-0.18653614819049835,True
162,11,324.0,4.787814572453499,0.0,-4.787814572453499,4.787814572453499,3.0,1000.0,20.0,-100.0,-100.0,-100.0,40.0,-0.06834922808374211,-0.09780948609113693,True
163,11,326.0,4.6059045642614365,0.0,-4.6059045642614365,4.6059045642614365,3.0,1000.0,20.0,-100.0,-100.0,-100.0,40.0,-0.06627563337932967,-0.18191000819206238,True
164,11,328.0,4.509059406816959,0.0,-4.509059406816959,4.509059406816959,3.0,1000.0,20.0,-100.0,-100.0,-100.0,40.0,-0.06822286369139703,-0.09684515744447708,True
165,11,330.0,4.330174274742603,0.0,-4.330174274742603,4.330174274742603,3.0,1000.0,20.0,-100.0,-100.0,-100.0,40.0,-0.06611748655431407,-0.17888513207435608,True
166,12,332.0,4.316737372428179,0.0,-4.316737372428179,4.316737372428179,24.0,1000.0,14.0,-100.0,-18.04239281142751,-100.0,3.9633007261703086,-0.06794229816291958,-0.013436902314424515,True
167,12,334.0,4.147241983562708,0.0,-4.147241983562708,4.147241983562708,24.0,1000.0,14.0,-100.0,-17.986405718450744,-100.0,3.620874084677006,-0.062072127165891534,-0.1694953888654709,True
168,12,336.0,3.9993023313581944,0.0,-3.9993023313581944,3.9993023313581944,24.0,1000.0,14.0,-100.0,-17.280174931511283,-100.0,3.7249325442014403,-0.0638559864720247,-0.14793965220451355,True
169,12,338.0,3.8411445654928684,0.0,-3.8411445654928684,3.8411445654928684,24.0,1000.0,14.0,-100.0,-16.663759713992476,-100.0,3.7619054461200054,-0.06448980764777153,-0.15815776586532593,True
170,12,340.0,3.7122874595224857,0.0,-3.7122874595224857,3.7122874595224857,24.0,1000.0,14.0,-100.0,-16.00476902288695,-100.0,3.8224469515625485,-0.06552766202678655,-0.1288571059703827,True
171,12,342.0,3.557603258639574,0.0,-3.557603258639574,3.557603258639574,24.0,1000.0,14.0,-100.0,-15.467864414677024,-100.0,3.7995167031758434,-0.06513457205444304,-0.15468420088291168,True
172,12,344.0,3.3959021605551243,0.0,-3.3959021605551243,3.3959021605551243,24.0,1000.0,14.0,-100.0,-14.823346910998225,-100.0,3.847259616589717,-0.06595302199868086,-0.16170109808444977,True
173,12,346.0,3.253891248255968,0.0,-3.253891248255968,3.253891248255968,24.0,1000.0,14.0,-100.0,-14.14959233564635,-100.0,3.9090551031700906,-0.06701237319720156,-0.1420109122991562,True
174,12,348.0,3.0993780829012394,0.0,-3.0993780829012394,3.0993780829012394,24.0,1000.0,14.0,-100.0,-13.557880201066533,-100.0,3.912743368843965,-0.06707560060875369,-0.1545131653547287,True
175,12,350.0,2.953617412596941,0.0,-2.953617412596941,2.953617412596941,24.0,1000.0,14.0,-100.0,-12.91407534542183,-100.0,3.949232109103896,-0.0677011218703525,-0.1457606703042984,True
176,12,352.0,2.810122538357973,0.0,-2.810122538357973,2.810122538357973,24.0,1000.0,14.0,-100.0,-12.30673921915392,-100.0,3.9590311643896405,-0.06786910567525098,-0.1434948742389679,True
177,12,354.0,2.6807593889534473,0.0,-2.6807593889534473,2.6807593889534473,24.0,1000.0,14.0,-100.0,-11.708843909824887,-100.0,3.9618872680138106,-0.06791806745166533,-0.12936314940452576,True
178,12,356.0,2.5364683754742146,0.0,-2.5364683754742146,2.5364683754742146,24.0,1000.0,14.0,-100.0,-11.16983078730603,-100.0,3.9269977531010865,-0.06731996148173292,-0.1442910134792328,True
179,12,358.0,2.407565075904131,0.0,-2.407565075904131,2.407565075904131,24.0,1000.0,14.0,-100.0,-10.56861823114256,-100.0,3.935020635454759,-0.06745749660779587,-0.12890329957008362,True
180,12,360.0,2.2678265757858753,0.0,-2.2678265757858753,2.2678265757858753,24.0,1000.0,14.0,-100.0,-10.031521149600545,-100.0,3.9014745292623982,-0.06688242050164112,-0.13973850011825562,True
181,13,362.0,2.1186226196587086,0.0,-2.1186226196587086,2.1186226196587086,15.0,872.0,3.0,-100.0,-15.118843838572502,-100.0,1.337094903005033,-0.06685474515025165,-0.14920395612716675,True
182,13,364.0,2.008480180054903,0.0,-2.008480180054903,2.008480180054903,15.0,872.0,3.0,-100.0,-14.124150797724724,-100.0,1.3451997733460246,-0.06725998866730123,-0.11014243960380554,True
183,13,366.0,1.8883937634527683,0.0,-1.8883937634527683,1.8883937634527683,15.0,872.0,3.0,-100.0,-13.389867867032686,-100.0,1.3170185016636298,-0.06585092508318148,-0.1200864166021347,True
184,13,368.0,1.763556282967329,0.0,-1.763556282967329,1.763556282967329,15.0,872.0,3.0,-100.0,-12.58929175635179,-100.0,1.3005660569053323,-0.06502830284526662,-0.1248374804854393,True
185,13,370.0,1.6341739408671856,0.0,-1.6341739408671856,1.6341739408671856,15.0,872.0,3.0,-100.0,-11.75704188644886,-100.0,1.2900024624295225,-0.06450012312147613,-0.12938234210014343,True
186,13,372.0,1.5232244692742825,0.0,-1.5232244692742825,1.5232244692742825,15.0,872.0,3.0,-100.0,-10.89449293911457,-100.0,1.284578513552368,-0.0642289256776184,-0.11094947159290314,True
187,13,374.0,1.3937468342483044,0.0,-1.3937468342483044,1.3937468342483044,15.0,872.0,3.0,-100.0,-10.154829795161884,-100.0,1.2629135929130226,-0.06314567964565114,-0.1294776350259781,True
188,13,376.0,1.2914352305233479,0.0,-1.2914352305233479,1.2914352305233479,15.0,872.0,3.0,-100.0,-9.291645561655363,-100.0,1.2601602744491585,-0.06300801372245793,-0.10231160372495651,True
189,13,378.0,1.173586841672659,0.0,-1.173586841672659,1.173586841672659,15.0,872.0,3.0,-100.0,-8.609568203488987,-100.0,1.2329714262515417,-0.06164857131257709,-0.11784838885068893,True
190,13,380.0,1.064370471984148,0.0,-1.064370471984148,1.064370471984148,15.0,872.0,3.0,-100.0,-7.823912277817727,-100.0,1.2225014747073042,-0.06112507373536521,-0.1092163696885109,True
191,13,382.0,0.9562140516936779,0.0,-0.9562140516936779,0.9562140516936779,15.0,872.0,3.0,-100.0,-7.095803146560986,-100.0,1.205182392541025,-0.06025911962705125,-0.10815642029047012,True
192,13,384.0,0.8566653095185757,0.0,-0.8566653095185757,0.8566653095185757,15.0,872.0,3.0,-100.0,-6.374760344624519,-100.0,1.1885517096724818,-0.0594275854836241,-0.09954874217510223,True
193,13,386.0,0.7532286234200001,0.0,-0.7532286234200001,0.7532286234200001,15.0,872.0,3.0,-100.0,-5.711102063457171,-100.0,1.1656816951992006,-0.05828408475996003,-0.10343668609857559,True
194,13,388.0,0.6538296677172184,0.0,-0.6538296677172184,0.6538296677172184,15.0,872.0,3.0,-100.0,-5.021524156133333,-100.0,1.1485279889853457,-0.057426399449267286,-0.09939895570278168,True
195,13,390.0,0.5553721897304058,0.0,-0.5553721897304058,0.5553721897304058,15.0,872.0,3.0,-100.0,-4.358864451448122,-100.0,1.129339638696822,-0.05646698193484111,-0.09845747798681259,True
196,14,392.0,0.4135926030576229,0.0,-0.4135926030576229,0.4135926030576229,1.0,1.0,4.0,-100.0,-55.53721897304058,-100.0,22.222514111320613,-0.05555628527830153,-0.1417795866727829,True
197,14,394.0,0.24826252087950706,0.0,-0.24826252087950706,0.24826252087950706,1.0,1.0,4.0,-100.0,-41.35926030576229,-100.0,22.680715142914075,-0.056701787857285184,-0.16533008217811584,True
198,14,396.0,0.14621801301836967,0.0,-0.14621801301836967,0.14621801301836967,1.0,1.0,4.0,-100.0,-24.826252087950706,-100.0,23.523430207207056,-0.058808575518017644,-0.10204450786113739,True
199,14,398.0,-0.04420628026127815,0.0,0.04420628026127815,0.04420628026127815,1.0,1.0,4.0,-91.48677173874773,-14.621801301836967,-100.0,23.135029563089244,-0.05783757390772311,-0.19042429327964783,True
200,14,400.0,-0.09564463794231415,0.0,0.09564463794231415,0.09564463794231415,1.0,1.0,4.0,-44.63835452254412,4.420628026127815,-73.44968152475798,24.390698976086032,-0.06097674744021508,-0.051438357681035995,True
201,14,402.0,-0.1739843338727951,0.0,0.1739843338727951,0.1739843338727951,1.0,1.0,4.0,16.558401276269862,9.564463794231415,-16.005454532377083,22.99939201441553,-0.05749848003603883,-0.07833969593048096,True
202,14,404.0,-0.19546704925596714,0.0,0.19546704925596714,0.19546704925596714,1.0,1.0,4.0,72.35944291626689,17.39843338727951,32.73105797108936,22.229951557898005,-0.05557487889474501,-0.021482715383172035,True
203,14,406.0,-0.1405004058033228,0.0,0.1405004058033228,0.1405004058033228,1.0,1.0,4.0,100.0,19.546704925596714,71.82446782228283,20.500070059399718,-0.05125017514849929,0.05496664345264435,True
204,14,408.0,-0.009325990453362465,0.0,0.009325990453362465,0.009325990453362465,1.0,1.0,4.0,100.0,14.05004058033228,99.92454898294748,17.545112860633967,-0.04386278215158492,0.13117441534996033,True
205,14,410.0,0.18311496637761593,0.0,-0.18311496637761593,0.18311496637761593,1.0,1.0,4.0,100.0,0.9325990453362465,100.0,13.486332149833583,-0.033715830374583956,0.1924409568309784,True
206,14,412.0,0.2588407676666975,0.0,-0.2588407676666975,0.2588407676666975,1.0,1.0,4.0,-15.921957762177346,-18.311496637761593,-6.311160509863371,8.700699385447617,-0.021751748463619044,0.07572580128908157,True
207,14,414.0,0.32728455774486065,0.0,-0.32728455774486065,0.32728455774486065,1.0,1.0,4.0,-77.46957868818424,-25.88407676666975,-58.07931404320287,6.493812121688382,-0.016234530304220954,0.06844379007816315,True
208,14,416.0,0.3299003450665623,0.0,-0.3299003450665623,0.3299003450665623,1.0,1.0,4.0,-100.0,-32.728455774486065,-100.0,4.629848495893613,-0.011574621239734033,0.002615787321701646,True
209,14,418.0,0.35520314262248576,0.0,-0.35520314262248576,0.35520314262248576,1.0,1.0,4.0,-100.0,-32.99003450665623,-100.0,4.140646283019171,-0.010351615707547928,0.025302797555923462,True
210,14,420.0,0.3596378325019032,0.0,-0.3596378325019032,0.3596378325019032,1.0,1.0,4.0,-100.0,-35.520314262248576,-100.0,3.285588086058824,-0.00821397021514706,0.004434689879417419,True
211,15,422.0,0.33617839799262583,0.0,-0.33617839799262583,0.33617839799262583,1.0,1.0,1.0,-100.0,-35.96378325019032,-100.0,0.7228852237683132,-0.007228852237683132,-0.023459434509277344,True
212,15,424.0,0.3115401512477547,0.0,-0.3115401512477547,0.3115401512477547,1.0,1.0,1.0,-100.0,-33.61783979926258,-100.0,0.7605710083429523,-0.007605710083429524,-0.02463824674487114,True
213,15,426.0,0.2669641471002251,0.0,-0.2669641471002251,0.2669641471002251,1.0,1.0,1.0,-100.0,-31.15401512477547,-100.0,0.8000205866526432,-0.008000205866526432,-0.0445760041475296,True
214,15,428.0,0.22405733005143702,0.0,-0.22405733005143702,0.22405733005143702,1.0,1.0,1.0,-100.0,-26.69641471002251,-100.0,0.9263397735567056,-0.009263397735567057,-0.04290681704878807,True
215,15,430.0,0.16338730440475047,0.0,-0.16338730440475047,0.16338730440475047,1.0,1.0,1.0,-100.0,-22.405733005143702,-100.0,1.0330216743770206,-0.010330216743770207,-0.060670025646686554,True
216,15,432.0,0.10033196792937815,0.0,-0.10033196792937815,0.10033196792937815,1.0,1.0,1.0,-100.0,-16.338730440475047,-100.0,1.2102749015275753,-0.012102749015275754,-0.06305533647537231,True
217,15,434.0,0.02690435783006251,0.0,-0.02690435783006251,0.02690435783006251,1.0,1.0,1.0,-100.0,-10.033196792937815,-100.0,1.3814631298490658,-0.013814631298490658,-0.07342761009931564,True
218,15,436.0,-0.044671291252598166,0.0,0.044671291252598166,0.044671291252598166,1.0,1.0,1.0,-100.0,-2.690435783006251,-100.0,1.5834718828486072,-0.015834718828486073,-0.07157564908266068,True
219,15,438.0,-0.08252312033437192,0.0,0.08252312033437192,0.08252312033437192,1.0,1.0,1.0,-66.94547401067862,4.467129125259817,-73.17039564408515,1.7577925081467063,-0.017577925081467063,-0.03785182908177376,True
220,15,440.0,-0.10957511491142213,0.0,0.10957511491142213,0.10957511491142213,1.0,1.0,1.0,-13.592464312260628,8.252312033437192,-23.606960007825766,1.7621836621279485,-0.017621836621279485,-0.02705199457705021,True
221,15,442.0,-0.13596616103313863,0.0,0.13596616103313863,0.13596616103313863,1.0,1.0,1.0,28.540979463578854,10.957511491142213,15.86640571221688,1.7170622602197574,-0.017170622602197573,-0.0263910461217165,True
222,15,444.0,-0.09984617843292654,0.0,0.09984617843292654,0.09984617843292654,1.0,1.0,1.0,58.329494462193644,13.596616103313863,43.05963791884461,1.6732404400351748,-0.016732404400351748,0.0361199826002121,True
223,15,446.0,-0.0351884753908962,0.0,0.0351884753908962,0.0351884753908962,1.0,1.0,1.0,74.36292874505148,9.984617843292654,63.02887360542987,1.3494372963289571,-0.01349437296328957,0.06465770304203033,True
224,15,448.0,0.03674724535085261,0.0,-0.03674724535085261,0.03674724535085261,1.0,1.0,1.0,74.51221156553028,3.51884753908962,70.06656868360906,0.9267953428315903,-0.009267953428315902,0.07193572074174881,True
225,15,450.0,0.18422858254052699,0.0,-0.18422858254052699,0.18422858254052699,1.0,1.0,1.0,44.83281124586024,-3.674724535085261,47.996151055469404,0.511384725476097,-0.0051138472547609705,0.14748133718967438,True
226,16,452.0,0.4074726386461407,0.0,-0.4074726386461407,0.4074726386461407,1.0,1000.0,14.0,26.553250071668593,-18.4228582540527,47.885503258147786,-2.9093949324264936,0.0020781392374474954,0.2232440561056137,True
227,16,454.0,0.5546057058963925,0.0,-0.5546057058963925,0.5546057058963925,1.0,1000.0,14.0,-9.945819267961319,-40.74726386461407,47.640774946648655,-16.839330349995908,0.012028093107139934,0.14713306725025177,True
228,16,456.0,0.6640193073544651,0.0,-0.6640193073544651,0.6640193073544651,1.0,1000.0,14.0,-32.7496133348099,-55.46057058963925,47.30767842659079,-24.596721171761452,0.01756908655125818,0.10941360145807266,True
229,16,458.0,0.7219762785825878,0.0,-0.7219762785825878,0.7219762785825878,1.0,1000.0,14.0,-48.706698716784345,-66.40193073544651,46.9088680317833,-29.213636013121135,0.020866882866515096,0.05795697122812271,True
230,16,460.0,0.7587644963059574,0.0,-0.7587644963059574,0.7587644963059574,1.0,1000.0,14.0,-55.837776548017395,-72.19762785825878,46.47524864524723,-30.115397335005834,0.02151099809643274,0.0367882177233696,True
231,16,462.0,0.8087594567332417,0.0,-0.8087594567332417,0.8087594567332417,1.0,1000.0,14.0,-59.4408561391212,-75.87644963059574,46.01953423305151,-29.58394074157697,0.02113138624398355,0.04999496042728424,True
232,16,464.0,0.7989902852568775,0.0,-0.7989902852568775,0.7989902852568775,1.0,1000.0,14.0,-65.2858218907844,-80.87594567332417,45.53379281759607,-29.943669035056313,0.021388335025040225,-0.009769171476364136,True
233,16,466.0,0.8029015047941357,0.0,-0.8029015047941357,0.8029015047941357,1.0,1000.0,14.0,-61.3107473410028,-79.89902852568775,45.05391877239674,-26.46563758771179,0.018904026848365563,0.003911219537258148,True
234,16,468.0,0.7543005703482777,0.0,-0.7543005703482777,0.7543005703482777,1.0,1000.0,14.0,-59.908461643303745,-80.29015047941357,44.5716956463943,-24.19000681028448,0.017278576293060344,-0.048600934445858,True
235,16,470.0,0.7741803585086018,0.0,-0.7741803585086018,0.7741803585086018,1.0,1000.0,14.0,-50.10091937160075,-75.43005703482777,44.11866227080975,-18.789524607582734,0.013421089005416241,0.019879788160324097,True
236,16,472.0,0.7199911868665367,0.0,-0.7199911868665367,0.7199911868665367,1.0,1000.0,14.0,-52.02671601968352,-77.41803585086018,43.65368908251634,-18.262369251339667,0.013044549465242618,-0.05418917164206505,True
237,16,474.0,0.7683566382620484,0.0,-0.7683566382620484,0.7683566382620484,1.0,1000.0,14.0,-41.84953763321852,-71.99911868665367,43.22126194325716,-13.071680889822002,0.00933691492130143,0.04836545139551163,True
238,16,476.0,0.7086370198521763,0.0,-0.7086370198521763,0.7086370198521763,1.0,1000.0,14.0,-48.97867957773642,-76.83566382620484,42.75978648484148,-14.902802236373065,0.010644858740266475,-0.059719618409872055,True
239,16,478.0,0.7502533181104809,0.0,-0.7502533181104809,0.7502533181104809,1.0,1000.0,14.0,-38.21014185742442,-70.86370198521763,42.33417866511048,-9.680618537317264,0.006914727526655188,0.041616298258304596,True
240,16,480.0,0.6953168495092541,0.0,-0.6953168495092541,0.6953168495092541,1.0,1000.0,14.0,-44.54744499397496,-75.02533181104809,41.88357607165073,-11.4056892545776,0.008146920896126857,-0.05493646860122681,True
241,17,482.0,0.662797330180183,0.0,-0.662797330180183,0.662797330180183,2.0,1000.0,4.0,5.934430076736001,-34.765842475462705,41.67477221293926,-0.9744996607405526,0.004872498303702763,-0.032519519329071045,True
242,17,484.0,0.6440310461912304,0.0,-0.6440310461912304,0.6440310461912304,2.0,1000.0,4.0,7.749978106725541,-33.13986650900915,41.47573397564786,-0.5858893599131723,0.0029294467995658615,-0.018766283988952637,True
243,17,486.0,0.6170870198402554,0.0,-0.6170870198402554,0.6170870198402554,2.0,1000.0,4.0,8.721392140205449,-32.20155230956152,41.28233125907389,-0.35938680930692024,0.001796934046534601,-0.026944026350975037,True
244,17,488.0,0.6174633227346931,0.0,-0.6174633227346931,0.6174633227346931,2.0,1000.0,4.0,10.162527078212523,-30.85435099201277,41.09701984170445,-0.0801417714791588,0.000400708857395794,0.0003763028944376856,True
245,17,490.0,0.6206973182561342,0.0,-0.6206973182561342,0.6206973182561342,2.0,1000.0,4.0,9.962511016012984,-30.873166136734653,40.91159542046275,-0.075918267715117,0.000379591338575585,0.003233995521441102,True
246,17,492.0,0.6001517834665719,0.0,-0.6001517834665719,0.6001517834665719,2.0,1000.0,4.0,9.592255383186252,-31.03486591280671,40.72519982939483,-0.09807853340186941,0.000490392667009347,-0.020545534789562225,True
247,17,494.0,0.5828917181643192,0.0,-0.5828917181643192,0.5828917181643192,2.0,1000.0,4.0,10.63545304207507,-30.007589173328597,40.544974068594044,0.09806814680962707,-0.0004903407340481353,-0.01726006530225277,True
248,17,496.0,0.5595363980683032,0.0,-0.5595363980683032,0.5595363980683032,2.0,1000.0,4.0,11.470980040204582,-29.14458590821596,40.369931510586774,0.2456344378337633,-0.0012281721891688165,-0.02335532009601593,True
249,17,498.0,0.5492197095009033,0.0,-0.5492197095009033,0.5492197095009033,2.0,1000.0,4.0,12.659622500649101,-27.976819903415162,40.2019025622179,0.43453984184635824,-0.0021726992092317913,-0.010316688567399979,True
250,17,500.0,0.5390068224223796,0.0,-0.5390068224223796,0.5390068224223796,2.0,1000.0,4.0,13.062870358608365,-27.460985475045163,40.03697171852395,0.48688411512957663,-0.002434420575647883,-0.010212887078523636,True
251,17,502.0,0.5302676378341857,0.0,-0.5302676378341857,0.5302676378341857,2.0,1000.0,4.0,13.45805826235584,-26.95034112111898,39.87510780788662,0.5332915755881993,-0.0026664578779409965,-0.008739184588193893,True
252,17,504.0,0.530943983088946,0.0,-0.530943983088946,0.530943983088946,2.0,1000.0,4.0,13.764360377510254,-26.513381891709287,39.71586827700547,0.5618739922140688,-0.002809369961070344,0.0006763452547602355,True
253,17,506.0,0.5355871029605623,0.0,-0.5355871029605623,0.5355871029605623,2.0,1000.0,4.0,13.511354551710902,-26.5471991544473,39.55642563944119,0.5021280667170166,-0.002510640333585083,0.0046431198716163635,True
254,17,508.0,0.5394591475778725,0.0,-0.5394591475778725,0.5394591475778725,2.0,1000.0,4.0,13.028250620103659,-26.779355148028117,39.39558867158512,0.4120170965466627,-0.0020600854827333135,0.0038720446173101664,True
255,17,510.0,0.5420162056980189,0.0,-0.5420162056980189,0.5420162056980189,2.0,1000.0,4.0,12.598143596172948,-26.972957378893625,39.23358892756769,0.3375120474988853,-0.0016875602374944265,0.0025570581201463938,True
256,18,512.0,0.4890563277003821,0.0,-0.4890563277003821,0.4890563277003821,1.0,1000.0,1.0,-15.152532260224305,-54.20162056980189,38.908053668890176,0.1410346406874103,-0.0014103464068741032,-0.052959877997636795,True
257,18,514.0,0.4927284657896962,0.0,-0.4927284657896962,0.4927284657896962,1.0,1000.0,1.0,-9.922981187773807,-48.90563277003821,38.61432614474582,0.3683254375185883,-0.003683254375185883,0.003672138089314103,True
258,18,516.0,0.5117535978497472,0.0,-0.5117535978497472,0.5117535978497472,1.0,1000.0,1.0,-10.637955132465551,-49.27284657896962,38.3183931322595,0.3164983142445707,-0.003164983142445707,0.019025132060050964,True
259,18,518.0,0.5158194392861333,0.0,-0.5158194392861333,0.5158194392861333,1.0,1000.0,1.0,-12.964502568587502,-51.17535978497472,38.011033614031476,0.19982360235573848,-0.001998236023557385,0.004065841436386108,True
260,18,520.0,0.48534565008594655,0.0,-0.48534565008594655,0.48534565008594655,1.0,1000.0,1.0,-13.718431680723759,-51.58194392861333,37.7012321489948,0.1622800988947681,-0.001622800988947681,-0.03047378920018673,True
261,18,522.0,0.4424286257417407,0.0,-0.4424286257417407,0.4424286257417407,1.0,1000.0,1.0,-10.8395042890127,-48.534565008594655,37.40973326005427,0.28532745952768784,-0.0028532745952768784,-0.042917024344205856,True
262,18,524.0,0.38492947779013775,0.0,-0.38492947779013775,0.38492947779013775,1.0,1000.0,1.0,-6.645650595209168,-44.24286257417407,37.1440103617109,0.4532016172540015,-0.004532016172540015,-0.057499147951602936,True
263,18,526.0,0.3607374202401843,0.0,-0.3607374202401843,0.3607374202401843,1.0,1000.0,1.0,-0.9087768082278249,-38.492947779013775,36.91282148616127,0.6713494846246768,-0.0067134948462467675,-0.02419205754995346,True
264,18,528.0,0.35017554424121045,0.0,-0.35017554424121045,0.35017554424121045,1.0,1000.0,1.0,1.3397019336164695,-36.07374202401843,36.696162374905924,0.7172815827289714,-0.007172815827289713,-0.010561875998973846,True
265,18,530.0,0.31552189923240803,0.0,-0.31552189923240803,0.31552189923240803,1.0,1000.0,1.0,2.165164724135226,-35.017554424121045,36.485846732719054,0.696872415537219,-0.00696872415537219,-0.034653645008802414,True
266,18,532.0,0.2741125669272151,0.0,-0.2741125669272151,0.2741125669272151,1.0,1000.0,1.0,5.53208014953791,-31.552189923240803,36.2963440905374,0.7879259822413112,-0.007879259822413111,-0.04140933230519295,True
267,18,534.0,0.2329757843108382,0.0,-0.2329757843108382,0.2329757843108382,1.0,1000.0,1.0,9.621459095469497,-27.41125669272151,36.13171191820875,0.9010038699822521,-0.00901003869982252,-0.04113678261637688,True
268,18,536.0,0.2262551706226077,0.0,-0.2262551706226077,0.2262551706226077,1.0,1000.0,1.0,13.69626445218155,-23.29757843108382,35.99178652222624,1.0020563610391269,-0.010020563610391268,-0.0067206136882305145,True
269,18,538.0,0.2194930832774844,0.0,-0.2194930832774844,0.2194930832774844,1.0,1000.0,1.0,14.16740159470401,-22.62551706226077,35.85589753086128,0.9370211261035002,-0.009370211261035002,-0.006762087345123291,True
270,18,540.0,0.2081822227628436,0.0,-0.2081822227628436,0.2081822227628436,1.0,1000.0,1.0,14.653139626636644,-21.94930832774844,35.7240698532172,0.8783781011678843,-0.008783781011678843,-0.011310860514640808,True
271,19,542.0,0.059055290737887844,0.0,-0.059055290737887844,0.059055290737887844,1.0,971.0,14.0,26.621173197488712,-20.81822227628436,35.5953011940764,11.844094279696673,-0.00846006734264048,-0.14912693202495575,True
272,19,544.0,0.020475856581469998,0.0,-0.020475856581469998,0.020475856581469998,1.0,971.0,14.0,49.85811386279312,-5.9055290737887844,35.55877324033197,20.20486969624993,-0.014432049783035663,-0.03857943415641785,True
273,19,546.0,0.03663672468974255,0.0,-0.03663672468974255,0.03663672468974255,1.0,971.0,14.0,54.23129075155849,-2.0475856581469998,35.5461081406815,20.732768269023993,-0.014809120192159995,0.016160868108272552,True
274,19,548.0,0.04485702104284428,0.0,-0.04485702104284428,0.04485702104284428,1.0,971.0,14.0,49.58636110858374,-3.663672468974255,35.52344692662103,17.726586650936966,-0.012661847607812117,0.00822029635310173,True
275,19,550.0,0.088617015251657,0.0,-0.088617015251657,0.088617015251657,1.0,971.0,14.0,46.52250773172499,-4.485702104284428,35.49570114517976,15.51250869082966,-0.011080363350592615,0.043759994208812714,True
276,19,552.0,0.11934500522329472,0.0,-0.11934500522329472,0.11934500522329472,1.0,971.0,14.0,37.82703745529689,-8.8617015251657,35.44088813531,11.247850845152584,-0.008034179175108989,0.030727989971637726,True
277,19,554.0,0.1552826795668807,0.0,-0.1552826795668807,0.1552826795668807,1.0,971.0,14.0,31.65193380812973,-11.934500522329472,35.36706868956764,8.219365640891562,-0.005870975457779687,0.03593767434358597,True
278,19,556.0,0.18755964524461888,0.0,-0.18755964524461888,0.18755964524461888,1.0,971.0,14.0,24.890969446452267,-15.528267956688069,35.27102041911368,5.148216984026652,-0.0036772978457333227,0.03227696567773819,True
279,19,558.0,0.16017325184657238,0.0,-0.16017325184657238,0.16017325184657238,1.0,971.0,14.0,19.00203774458916,-18.755964524461888,35.15500761212876,2.602994656922284,-0.0018592818978016312,-0.027386393398046494,True
280,19,560.0,0.23380712381913327,0.0,-0.23380712381913327,0.23380712381913327,1.0,971.0,14.0,23.136201170750997,-16.01732518465724,35.05593433585775,4.097592019550484,-0.0029268514425360593,0.07363387197256088,True
281,19,562.0,0.15791259668185376,0.0,-0.15791259668185376,0.15791259668185376,1.0,971.0,14.0,10.55119929539294,-23.380712381913327,34.91131569632068,-0.9794040190144093,0.0006995742992960067,-0.07589452713727951,True
282,19,564.0,0.20580264143063687,0.0,-0.20580264143063687,0.20580264143063687,1.0,971.0,14.0,22.96640083310594,-15.791259668185376,34.81364072164562,3.9440197796456937,-0.00281715698546121,0.04789004474878311,True
283,19,566.0,0.15600093043758534,0.0,-0.15600093043758534,0.15600093043758534,1.0,971.0,14.0,14.626114024935877,-20.580264143063687,34.686343924479345,0.5200342435202182,-0.0003714530310858701,-0.04980171099305153,True
284,19,568.0,0.19716351813985966,0.0,-0.19716351813985966,0.19716351813985966,1.0,971.0,14.0,22.62961438853002,-15.600093043758534,34.58985138841854,3.639856043870019,-0.002599897174192871,0.04116258770227432,True
285,19,570.0,0.1401042487414088,0.0,-0.1401042487414088,0.1401042487414088,1.0,971.0,14.0,15.424572624414282,-19.716351813985966,34.46789821909692,0.6730262193033324,-0.0004807330137880946,-0.05705926939845085,True
286,20,572.0,0.18823664597584866,0.0,-0.18823664597584866,0.18823664597584866,1.0,684.0,16.0,25.180317020035332,-14.010424874140881,34.34487673380339,4.845865160372828,-0.003028665725233017,0.04813239723443985,True
287,20,574.0,0.1512637581618037,0.0,-0.1512637581618037,0.1512637581618037,1.0,684.0,16.0,16.23875776979482,-18.823664597584866,34.17959158376228,0.8828307836174045,-0.0005517692397608778,-0.03697288781404495,True
288,20,576.0,0.21540991179062985,0.0,-0.21540991179062985,0.21540991179062985,1.0,684.0,16.0,22.408144016458504,-15.12637581618037,34.04677125627532,3.4877485763635514,-0.0021798428602272197,0.06414615362882614,True
289,20,578.0,0.15442957691266201,0.0,-0.15442957691266201,0.15442957691266201,1.0,684.0,16.0,10.806178605524625,-21.540991179062985,33.85762604809285,-1.5104562635052377,0.0009440351646907736,-0.060980334877967834,True
290,20,580.0,0.21495212576701306,0.0,-0.21495212576701306,0.21495212576701306,1.0,684.0,16.0,21.347945912586923,-15.442957691266201,33.72202590680008,3.068877697053048,-0.0019180485606581548,0.060522548854351044,True
291,20,582.0,0.16298745162202977,0.0,-0.16298745162202977,0.16298745162202977,1.0,684.0,16.0,10.412252677378229,-21.495212576701306,33.533282667273745,-1.6258174131942118,0.0010161358832463823,-0.05196467414498329,True
292,20,584.0,0.21160468793823384,0.0,-0.21160468793823384,0.21160468793823384,1.0,684.0,16.0,19.400212181128325,-16.298745162202977,33.39016810391916,2.308789239412141,-0.0014429932746325882,0.04861723631620407,True
293,20,586.0,0.14790449626161717,0.0,-0.14790449626161717,0.14790449626161717,1.0,684.0,16.0,10.596397116130547,-21.160468793823384,33.20436415265361,-1.4474982426996783,0.0009046864016872989,-0.06370019167661667,True
294,20,588.0,0.18476622886373661,0.0,-0.18476622886373661,0.18476622886373661,1.0,684.0,16.0,21.607696039259732,-14.790449626161717,33.07449349580239,3.3236521696190575,-0.002077282606011911,0.036861732602119446,True
295,20,590.0,0.13861317894770764,0.0,-0.13861317894770764,0.13861317894770764,1.0,684.0,16.0,14.761197316982425,-18.47662288637366,32.91225561857104,0.3255645847850445,-0.0002034778654906528,-0.046153049916028976,True
296,20,592.0,0.17289957366301678,0.0,-0.17289957366301678,0.17289957366301678,1.0,684.0,16.0,22.58056138491723,-13.861317894770764,32.79054339850208,3.6513358811859153,-0.002282084925741197,0.03428639471530914,True
297,20,594.0,0.14752419813885354,0.0,-0.14752419813885354,0.14752419813885354,1.0,684.0,16.0,16.15806939112518,-17.289957366301678,32.6387252877044,0.8093014697224538,-0.0005058134185765336,-0.025375375524163246,True
298,20,596.0,0.19869285597815178,0.0,-0.19869285597815178,0.19869285597815178,1.0,684.0,16.0,20.33448586077781,-14.752419813885354,32.50918855962649,2.577717115036673,-0.0016110731968979207,0.05116865783929825,True
299,20,598.0,0.16209800317301415,0.0,-0.16209800317301415,0.16209800317301415,1.0,684.0,16.0,11.075641980173417,-19.86928559781518,32.33472211425293,-1.3897945362643387,0.0008686215851652116,-0.036594852805137634,True
300,20,600.0,0.22625168188824318,0.0,-0.22625168188824318,0.22625168188824318,1.0,684.0,16.0,17.387000695159,-16.209800317301415,32.19238854983498,1.404412462625431,-0.0008777577891408944,0.06415367871522903,True
301,21,602.0,0.16256880536093377,0.0,-0.16256880536093377,0.16256880536093377,1.0,160.0,9.0,6.807895924671429,-22.62516818882432,31.34309544965387,-1.910031336158121,0.00212225704017569,-0.06368287652730942,True
302,21,604.0,0.20015459283604287,0.0,-0.20015459283604287,0.20015459283604287,1.0,160.0,9.0,15.353533153619606,-16.256880536093377,30.732852186286973,0.8775615034260073,-0.0009750683371400081,0.0375857874751091,True
303,21,606.0,0.14256693571223877,0.0,-0.14256693571223877,0.14256693571223877,1.0,160.0,9.0,9.222202250250305,-20.015459283604287,29.981521132097633,-0.7438595982430408,0.0008265106647144897,-0.05758765712380409,True
304,21,608.0,0.178751038009068,0.0,-0.178751038009068,0.178751038009068,1.0,160.0,9.0,16.872791260238078,-14.256693571223877,29.44635996200663,1.683124869455324,-0.0018701387438392492,0.036184102296829224,True
305,21,610.0,0.12672402113093995,0.0,-0.12672402113093995,0.12672402113093995,1.0,160.0,9.0,10.942476034925344,-17.8751038009068,28.77537258209274,0.04220725373940314,-4.689694859933682e-05,-0.05202701687812805,True
306,21,612.0,0.15080582498922013,0.0,-0.15080582498922013,0.15080582498922013,1.0,160.0,9.0,17.79399179054339,-12.672402113093995,28.299681812081655,2.1667120915557314,-0.002407457879506368,0.024081803858280182,True
307,21,614.0,0.0947756335081067,0.0,-0.0947756335081067,0.0947756335081067,1.0,160.0,9.0,13.627806322719337,-15.080582498922013,27.7335938804404,0.9747949412009512,-0.001083105490223279,-0.056030191481113434,True
308,21,616.0,0.10133830978884362,0.0,-0.10133830978884362,0.10133830978884362,1.0,160.0,9.0,21.074384833535824,-9.47756335081067,27.377829490394923,3.1741186939515704,-0.0035267985488350783,0.006562676280736923,True
309,21,618.0,0.06956612839712761,0.0,-0.06956612839712761,0.06956612839712761,1.0,160.0,9.0,19.46644806642411,-10.133830978884362,26.997430429626,2.6028486156824715,-0.002892054017424968,-0.031772181391716,True
310,21,620.0,0.06627988614491187,0.0,-0.06627988614491187,0.06627988614491187,1.0,160.0,9.0,23.434112105161738,-6.956612839712761,26.736296314021203,3.654428630853299,-0.004060476256503666,-0.003286242252215743,True
311,21,622.0,0.07122877039364539,0.0,-0.07122877039364539,0.07122877039364539,1.0,160.0,9.0,23.299790614431302,-6.627988614491187,26.48749794260642,3.4402812863160714,-0.003822534762573413,0.0049488842487335205,True
312,21,624.0,0.05041851833811961,0.0,-0.05041851833811961,0.05041851833811961,1.0,160.0,9.0,22.00689123607943,-7.122877039364539,26.220122678366053,2.9096455970779154,-0.003232939552308795,-0.02081025205552578,True
313,21,626.0,0.06916206315509044,0.0,-0.06916206315509044,0.06916206315509044,1.0,160.0,9.0,24.47249773634787,-5.041851833811961,26.030863975895613,3.483485594264219,-0.0038705395491824657,0.018743544816970825,True
314,21,628.0,0.03914092280319892,0.0,-0.03914092280319892,0.03914092280319892,1.0,160.0,9.0,21.23940138160077,-6.916206315509044,25.77124662170983,2.3843610753999847,-0.0026492900837777607,-0.030021140351891518,True
315,21,630.0,0.06884694643667899,0.0,-0.06884694643667899,0.06884694643667899,1.0,160.0,9.0,25.09537282094239,-3.914092280319892,25.62432123581194,3.3851438654503414,-0.0037612709616114907,0.029706023633480072,True
316,22,632.0,0.02540430598310195,0.0,-0.02540430598310195,0.02540430598310195,1.0,191.0,2.0,18.933559824630965,-6.884694643667899,25.407831616024566,0.41042285227429814,-0.0020521142613714907,-0.04344264045357704,True
317,22,634.0,0.020275497663533315,0.0,-0.020275497663533315,0.020275497663533315,1.0,191.0,2.0,23.553751330555155,-2.540430598310195,25.327947629473336,0.7662342993920124,-0.0038311714969600616,-0.005128808319568634,True
318,22,636.0,0.01913779039750807,0.0,-0.01913779039750807,0.01913779039750807,1.0,191.0,2.0,23.976413903441205,-2.0275497663533315,25.26419121023672,0.7397724595578173,-0.0036988622977890866,-0.0011377072660252452,True
319,22,638.0,0.013785501912934706,0.0,-0.013785501912934706,0.013785501912934706,1.0,191.0,2.0,23.9697827350852,-1.913779039750807,25.204012318053927,0.6795494567820802,-0.0033977472839104013,-0.005352288484573364,True
320,22,640.0,0.0328076611913275,0.0,-0.0328076611913275,0.0328076611913275,1.0,191.0,2.0,24.44550176292441,-1.3785501912934706,25.160663727852427,0.6633882263654525,-0.003316941131827262,0.019022159278392792,True
321,22,642.0,0.026987669960362837,0.0,-0.026987669960362837,0.026987669960362837,1.0,191.0,2.0,22.203900518949034,-3.2807661191327497,25.057499848188513,0.42716678989326806,-0.0021358339494663404,-0.005819991230964661,True
322,22,644.0,0.0274112579645589,0.0,-0.0274112579645589,0.0274112579645589,1.0,191.0,2.0,22.713202338113238,-2.6987669960362837,24.972636964486938,0.4393323696625854,-0.0021966618483129268,0.0004235880041960627,True
323,22,646.0,0.02414423821028322,0.0,-0.02414423821028322,0.02414423821028322,1.0,191.0,2.0,22.53888989846659,-2.74112579645589,24.88644210586528,0.3935735890571962,-0.001967867945285981,-0.0032670197542756796,True
324,22,648.0,0.022090888232924044,0.0,-0.022090888232924044,0.022090888232924044,1.0,191.0,2.0,22.78182969674177,-2.414423821028322,24.81052040968652,0.38573310808357075,-0.001928665540417854,-0.0020533499773591757,True
325,22,650.0,0.020623377291485667,0.0,-0.020623377291485667,0.020623377291485667,1.0,191.0,2.0,22.89957303310385,-2.2090888232924044,24.741055484343587,0.3676063720526643,-0.0018380318602633215,-0.001467510941438377,True
326,22,652.0,0.01934924244415015,0.0,-0.01934924244415015,0.01934924244415015,1.0,191.0,2.0,22.95974997085176,-2.0623377291485667,24.676205155612262,0.3458825443880662,-0.001729412721940331,-0.0012741348473355174,True
327,22,654.0,0.01557790779042989,0.0,-0.01557790779042989,0.01557790779042989,1.0,191.0,2.0,23.004909958178413,-1.934924244415015,24.615361351250375,0.32447285134305115,-0.0016223642567152557,-0.0037713346537202597,True
328,22,656.0,0.013835153775289655,0.0,-0.013835153775289655,0.013835153775289655,1.0,191.0,2.0,23.33639461843476,-1.557790779042989,24.566376530438706,0.3278088670390417,-0.0016390443351952085,-0.0017427540151402354,True
329,22,658.0,0.010303716640919447,0.0,-0.010303716640919447,0.010303716640919447,1.0,191.0,2.0,23.451740126044026,-1.3835153775289655,24.5228718096699,0.31238369390309406,-0.0015619184695154704,-0.003531437134370208,True
330,22,660.0,0.005632057320326567,0.0,-0.005632057320326567,0.005632057320326567,1.0,191.0,2.0,23.77479189443004,-1.0303716640919447,24.490471713319373,0.3146918452026144,-0.0015734592260130721,-0.00467165932059288,True
331,23,662.0,0.0060808729904238135,0.0,-0.0060808729904238135,0.0060808729904238135,1.0,173.0,4.0,24.56200573073197,-0.5632057320326567,24.470919013844195,0.6542924489204334,-0.0016357311223010834,0.00044881567009724677,True
332,23,664.0,0.0038909240684006363,0.0,-0.0038909240684006363,0.0038909240684006363,1.0,173.0,4.0,24.42543980596598,-0.6080872990423813,24.449808170085696,0.5837189349226632,-0.001459297337306658,-0.002189948922023177,True
333,23,666.0,0.004586763767292723,0.0,-0.004586763767292723,0.004586763767292723,1.0,173.0,4.0,24.61506610242783,-0.38909240684006363,24.436300127702047,0.5678583815658442,-0.0014196459539146107,0.0006958396988920867,True
334,23,668.0,0.005404796713264659,0.0,-0.005404796713264659,0.005404796713264659,1.0,173.0,4.0,24.46273807887187,-0.4586763767292723,24.420376352711003,0.5010381028901366,-0.0012525952572253415,0.000818032945971936,True
335,23,670.0,0.006396372249582782,0.0,-0.006396372249582782,0.006396372249582782,1.0,173.0,4.0,24.29950288135301,-0.5404796713264659,24.401612629288373,0.4383699233911059,-0.0010959248084777648,0.0009915755363181233,True
336,23,672.0,0.011778306594351307,0.0,-0.011778306594351307,0.011778306594351307,1.0,173.0,4.0,24.11829333295863,-0.6396372249582782,24.379406473133646,0.3785240847832619,-0.0009463102119581547,0.005381934344768524,True
337,23,674.0,0.016075130930403247,0.0,-0.016075130930403247,0.016075130930403247,1.0,173.0,4.0,23.40524177289531,-1.1778306594351307,24.338515964378594,0.2445564679518491,-0.0006113911698796227,0.004296824336051941,True
338,23,676.0,0.02160924710915424,0.0,-0.02160924710915424,0.02160924710915424,1.0,173.0,4.0,22.818293813378162,-1.6075130930403247,24.282708257491137,0.14309864892734983,-0.00035774662231837455,0.005534116178750992,True
339,23,678.0,0.02733954825089313,0.0,-0.02733954825089313,0.02733954825089313,1.0,173.0,4.0,22.07558417050121,-2.160924710915424,24.207687871408545,0.028821010008085745,-7.205252502021436e-05,0.005730301141738892,True
340,23,680.0,0.029106274741934612,0.0,-0.029106274741934612,0.029106274741934612,1.0,173.0,4.0,21.300695894104027,-2.733954825089313,24.112773714763236,-0.07812299556989483,0.00019530748892473707,0.0017667264910414815,True
341,23,682.0,0.033282820630120113,0.0,-0.033282820630120113,0.033282820630120113,1.0,173.0,4.0,20.998303085722757,-2.9106274741934612,24.011726049495874,-0.1027954895796563,0.00025698872394914075,0.004176545888185501,True
342,23,684.0,0.032479827030329034,0.0,-0.032479827030329034,0.032479827030329034,1.0,173.0,4.0,20.398964157219243,-3.3282820630120113,23.896178754350583,-0.1689325341193298,0.0004223313352983245,-0.0008029935997910798,True
343,23,686.0,0.03308814103365876,0.0,-0.03308814103365876,0.03308814103365876,1.0,173.0,4.0,20.397219285171552,-3.2479827030329034,23.783419195842935,-0.13821720763847997,0.0003455430190961999,0.0006083140033297241,True
344,23,688.0,0.030953106615925208,0.0,-0.030953106615925208,0.030953106615925208,1.0,173.0,4.0,20.223639878262123,-3.308814103365876,23.66854776591477,-0.13609378428677302,0.00034023446071693256,-0.00213503441773355,True
345,23,690.0,0.028216154692927375,0.0,-0.028216154692927375,0.028216154692927375,1.0,173.0,4.0,20.381487564820706,-3.0953106615925208,23.56108849178774,-0.08429026537451455,0.00021072566343628636,-0.0027369519229978323,True
346,24,692.0,0.019853075413266197,0.0,-0.019853075413266197,0.019853075413266197,1.0,154.0,6.0,20.589704632338442,-2.8216154692927375,23.451045378442238,-0.039725276811056975,6.620879468509496e-05,-0.008363079279661179,True
347,24,694.0,0.01806733154808171,0.0,-0.01806733154808171,0.01806733154808171,1.0,154.0,6.0,21.580475240638183,-1.9853075413266197,23.373618306903442,0.19216447506136017,-0.000320274125102267,-0.001785743865184486,True
348,24,696.0,0.012434059317456558,0.0,-0.012434059317456558,0.012434059317456558,1.0,154.0,6.0,21.718962093170507,-1.806733154808171,23.30315564340325,0.22253960457542873,-0.0003708993409590479,-0.005633272230625153,True
349,24,698.0,0.009328430314781144,0.0,-0.009328430314781144,0.009328430314781144,1.0,154.0,6.0,22.366214232051913,-1.2434059317456558,23.25466276357231,0.35495740022525774,-0.0005915956670420962,-0.003105629002675414,True
350,24,700.0,0.006028765841620043,0.0,-0.006028765841620043,0.006028765841620043,1.0,154.0,6.0,22.691242063398477,-0.9328430314781144,23.218281848963752,0.4058032459128399,-0.0006763387431880665,-0.0032996644731611013,True
351,24,702.0,0.00327662963536568,0.0,-0.00327662963536568,0.00327662963536568,1.0,154.0,6.0,23.048984242196326,-0.6028765841620043,23.194769638669243,0.4570911876890879,-0.0007618186461484798,-0.002752136206254363,True
352,24,704.0,0.001929527526954189,0.0,-0.001929527526954189,0.001929527526954189,1.0,154.0,6.0,23.3428809415399,-0.327662963536568,23.18199077031242,0.48855313476404566,-0.0008142552246067428,-0.001347102108411491,True
353,24,706.0,0.0018856772949220613,0.0,-0.0018856772949220613,0.0018856772949220613,1.0,154.0,6.0,23.46020492812089,-0.1929527526954189,23.174465605432136,0.4786920753841734,-0.000797820125640289,-4.385023203212768e-05,True
354,24,708.0,0.003756127043743618,0.0,-0.003756127043743618,0.003756127043743618,1.0,154.0,6.0,23.41276959674326,-0.18856772949220613,23.167111456627822,0.4342258696076463,-0.0007237097826794104,0.0018704497488215566,True
355,24,710.0,0.005616734575596638,0.0,-0.005616734575596638,0.005616734575596638,1.0,154.0,6.0,23.118639181553913,-0.3756127043743618,23.152462546508335,0.3417893394199387,-0.0005696488990332312,0.0018606075318530202,True
356,24,712.0,0.01027305687603075,0.0,-0.01027305687603075,0.01027305687603075,1.0,154.0,6.0,22.82732253104602,-0.5616734575596638,23.130557259758223,0.2584387288474612,-0.0004307312147457687,0.0046563223004341125,True
357,24,714.0,0.012215568640385754,0.0,-0.012215568640385754,0.012215568640385754,1.0,154.0,6.0,22.16997325563636,-1.027305687603075,23.090492297876754,0.10678664536268205,-0.00017797774227113676,0.0019425117643550038,True
358,24,716.0,0.01484673768572975,0.0,-0.01484673768572975,0.01484673768572975,1.0,154.0,6.0,21.86491358503554,-1.2215568640385754,23.0428515325385,0.04361891653561865,-7.269819422603108e-05,0.002631169045343995,True
359,24,718.0,0.02168533504300285,0.0,-0.02168533504300285,0.02168533504300285,1.0,154.0,6.0,21.46796924373949,-1.484673768572975,22.98494919766182,-0.03230618534935426,5.3843642248923775e-05,0.006838597357273102,True
360,24,720.0,0.020676045984146185,0.0,-0.020676045984146185,0.020676045984146185,1.0,154.0,6.0,20.51609768004203,-2.168533504300285,22.900376306421233,-0.21574512207891772,0.0003595752034648629,-0.001009289058856666,True
361,25,722.0,0.015911090493318625,0.0,-0.015911090493318625,0.015911090493318625,1.0,132.0,10.0,20.45930018058176,-2.0676045984146185,22.806300203117257,-0.2793954241208792,0.0002793954241208792,-0.00476495549082756,True
362,25,724.0,0.019026819223654456,0.0,-0.019026819223654456,0.019026819223654456,1.0,132.0,10.0,21.106656046877152,-1.5911090493318625,22.733904668977132,-0.03613957276812207,3.613957276812207e-05,0.0031157287303358316,True
363,25,726.0,0.016247119594481774,0.0,-0.016247119594481774,0.016247119594481774,1.0,132.0,10.0,20.570324182064397,-1.9026819223654456,22.647332554937407,-0.17432645050756093,0.00017432645050756093,-0.0027796996291726828,True
364,25,728.0,0.016014911234378815,0.0,-0.016014911234378815,0.016014911234378815,1.0,132.0,10.0,20.917357659450705,-1.6247119594481774,22.57340808685805,-0.03133846795916486,3.1338467959164864e-05,-0.00023220836010295898,True
365,25,730.0,0.015028711524792016,0.0,-0.015028711524792016,0.015028711524792016,1.0,132.0,10.0,20.881255622113162,-1.6014911234378815,22.500540167873684,-0.017793422322640022,1.7793422322640025e-05,-0.0009861997095867991,True
366,25,732.0,0.011747144511900842,0.0,-0.011747144511900842,0.011747144511900842,1.0,132.0,10.0,20.958022675320063,-1.5028711524792016,22.43215946205519,0.02873436574407311,-2.873436574407311e-05,-0.0032815670128911734,True
367,25,734.0,0.012038819986628368,0.0,-0.012038819986628368,0.012038819986628368,1.0,132.0,10.0,21.379161718161182,-1.1747144511900842,22.378709901076498,0.1751662682747671,-0.0001751662682747671,0.0002916754747275263,True
368,25,736.0,0.008004718023585156,0.0,-0.008004718023585156,0.008004718023585156,1.0,132.0,10.0,21.265249529559828,-1.2038819986628368,22.323933215360647,0.14519831286202015,-0.00014519831286202015,-0.004034101963043213,True
369,25,738.0,0.00948987589799799,0.0,-0.00948987589799799,0.00948987589799799,1.0,132.0,10.0,21.801769278084656,-0.8004718023585156,22.28751171193184,0.31472936851133215,-0.00031472936851133216,0.0014851578744128346,True
370,25,740.0,0.006086607376346365,0.0,-0.006086607376346365,0.006086607376346365,1.0,132.0,10.0,21.512540599774695,-0.948987589799799,22.244332733416982,0.21719545615751173,-0.00021719545615751172,-0.0034032685216516256,True
371,25,742.0,0.008354523364687338,0.0,-0.008354523364687338,0.008354523364687338,1.0,132.0,10.0,21.959160334749303,-0.6086607376346365,22.216638642160515,0.35118243022342616,-0.0003511824302234262,0.002267915988340974,True
372,25,744.0,0.006834463478298858,0.0,-0.006834463478298858,0.006834463478298858,1.0,132.0,10.0,21.55776199216059,-0.8354523364687338,22.178625522838068,0.2145888057912543,-0.00021458880579125432,-0.0015200598863884807,True
373,25,746.0,0.008386199740925804,0.0,-0.008386199740925804,0.008386199740925804,1.0,132.0,10.0,21.72730021593801,-0.6834463478298858,22.147528682914984,0.26321788085290915,-0.00026321788085290917,0.001551736262626946,True
374,25,748.0,0.009528280730592087,0.0,-0.009528280730592087,0.009528280730592087,1.0,132.0,10.0,21.43832257848455,-0.8386199740925804,22.10937143593651,0.1675711166406191,-0.0001675711166406191,0.0011420809896662831,True
375,25,750.0,0.009020147583214566,0.0,-0.009020147583214566,0.009020147583214566,1.0,132.0,10.0,21.21285972635432,-0.9528280730592087,22.066017715258578,0.09967008415495064,-9.967008415495064e-05,-0.0005081331473775208,True
376,26,752.0,0.005821680621011183,0.0,-0.005821680621011183,0.005821680621011183,2.0,74.0,13.0,21.652025361263302,-0.4510073791607283,22.029412944610037,0.07361979581399108,-0.00011326122432921705,-0.0031984669622033834,True
377,26,754.0,0.008645581285236403,0.0,-0.008645581285236403,0.008645581285236403,2.0,74.0,13.0,21.875808073102437,-0.29108403105055913,22.00578791165404,0.16110419249895577,-0.00024785260384454735,0.0028239006642252207,True
378,26,756.0,0.01041442746645771,0.0,-0.01041442746645771,0.01041442746645771,2.0,74.0,13.0,21.600721223188867,-0.43227906426182017,21.970703173056393,0.06229711439429341,-9.58417144527591e-05,0.0017688461812213063,True
379,26,758.0,0.00926237038220279,0.0,-0.00926237038220279,0.00926237038220279,2.0,74.0,13.0,21.411808386103,-0.5207213733228855,21.928440258250536,0.004089501175349332,-6.291540269768203e-06,-0.0011520570842549205,True
380,26,760.0,0.012644047586945817,0.0,-0.012644047586945817,0.012644047586945817,2.0,74.0,13.0,21.465473903961815,-0.46311851911013946,21.890852520314485,0.03773990275746979,-5.806138885764582e-05,0.0033816772047430277,True
381,26,762.0,0.010908010270213708,0.0,-0.010908010270213708,0.010908010270213708,2.0,74.0,13.0,21.14155871650962,-0.6322023793472908,21.83954155697161,-0.06578046111469651,0.00010120070940722541,-0.0017360373167321086,True
382,26,764.0,0.011961664044065401,0.0,-0.011961664044065401,0.011961664044065401,2.0,74.0,13.0,21.24166511865,-0.5454005135106854,21.795275627784783,-0.00820999562409362,1.263076249860557e-05,0.0010536537738516927,True
383,26,766.0,0.010901461442699656,0.0,-0.010901461442699656,0.010901461442699656,2.0,74.0,13.0,21.11009088551528,-0.59808320220327,21.746733853399324,-0.038559765680777076,5.932271643196473e-05,-0.001060202601365745,True
384,26,768.0,0.010463643120601773,0.0,-0.010463643120601773,0.010463643120601773,2.0,74.0,13.0,21.153866279393636,-0.5450730721349828,21.70249450008911,-0.0035551485604874236,5.469459323826806e-06,-0.00043781832209788263,True
385,26,770.0,0.009603607875760645,0.0,-0.009603607875760645,0.009603607875760645,2.0,74.0,13.0,21.146570153203097,-0.5231821560300887,21.660031862638384,0.009720446594802397,-1.4954533222772917e-05,-0.0008600352448411286,True
386,26,772.0,0.008641779073514044,0.0,-0.008641779073514044,0.008641779073514044,2.0,74.0,13.0,21.175084127663645,-0.48018039378803223,21.62105934467813,0.03420517677354973,-5.262334888238419e-05,-0.0009618288022466004,True
387,26,774.0,0.007646813755854964,0.0,-0.007646813755854964,0.007646813755854964,2.0,74.0,13.0,21.213263155634756,-0.4320889536757022,21.58599003588214,0.059362073428319,-9.132626681279847e-05,-0.00099496531765908,True
388,26,776.0,0.006481587770394981,0.0,-0.006481587770394981,0.006481587770394981,2.0,74.0,13.0,21.255716089737774,-0.3823406877927482,21.5549584079467,0.08309836958382291,-0.0001278436455135737,-0.0011652259854599833,True
389,26,778.0,0.005527965782675892,0.0,-0.005527965782675892,0.005527965782675892,2.0,74.0,13.0,21.314177271536032,-0.32407938851974905,21.528655397759234,0.10960126229654729,-0.00016861732661007276,-0.0009536219877190888,True
390,26,780.0,0.004464693542104214,0.0,-0.004464693542104214,0.004464693542104214,2.0,74.0,13.0,21.357147674495927,-0.2763982891337946,21.506222292562114,0.12732367106760561,-0.0001958825708732394,-0.0010632722405716777,True
391,27,782.0,0.004025210015242919,0.0,-0.004025210015242919,0.004025210015242919,2.0,74.0,13.0,21.41146483550671,-0.22323467710521072,21.48810406538044,0.14659544723147958,-0.00022553145727919935,-0.0004394835268612951,True
392,27,784.0,0.003447570401476696,0.0,-0.003447570401476696,0.003447570401476696,2.0,74.0,13.0,21.416106262819987,-0.20126050076214597,21.47176931164597,0.14559745193616155,-0.00022399607990178697,-0.0005776396137662232,True
393,27,786.0,0.003634412496467121,0.0,-0.003634412496467121,0.003634412496467121,2.0,74.0,13.0,21.434176996938003,-0.1723785200738348,21.457778684255814,0.14877683275602613,-0.00022888743500927095,0.0001868420949904248,True
394,27,788.0,0.0037017770810052752,0.0,-0.0037017770810052752,0.0037017770810052752,2.0,74.0,13.0,21.390373556527518,-0.18172062482335605,21.44302983068681,0.12906435066406358,-0.00019856053948317474,6.73645845381543e-05,True
395,27,790.0,0.004366030043456703,0.0,-0.004366030043456703,0.004366030043456703,2.0,74.0,13.0,21.357681253918198,-0.18508885405026376,21.42800760407777,0.11476250389069276,-0.00017655769829337347,0.0006642529624514282,True
396,27,792.0,0.005013034911826253,0.0,-0.005013034911826253,0.005013034911826253,2.0,74.0,13.0,21.276176559476724,-0.21830150217283517,21.41028976444033,0.08418829720923474,-0.00012952045724497652,0.0006470048683695495,True
397,27,794.0,0.005883262900169939,0.0,-0.005883262900169939,0.005883262900169939,2.0,74.0,13.0,21.196334749716637,-0.25065174559131265,21.38994630647496,0.057040188832989974,-8.775413666613842e-05,0.0008702279883436859,True
398,27,796.0,0.006769446306861937,0.0,-0.006769446306861937,0.006769446306861937,2.0,74.0,13.0,21.09779424352967,-0.29416314500849694,21.36607136572273,0.0258860228154374,-3.982465048528831e-05,0.0008861834066919982,True
399,27,798.0,0.007498683233279735,0.0,-0.007498683233279735,0.007498683233279735,2.0,74.0,13.0,20.997360071718735,-0.33847231534309685,21.338600193306256,-0.002767806244425953,4.258163452963005e-06,0.0007292369264177978,True
400,27,800.0,0.008210254833102226,0.0,-0.008210254833102226,0.008210254833102226,2.0,74.0,13.0,20.909184562117115,-0.37493416166398674,21.30816969564665,-0.02405097186555031,3.7001495177769706e-05,0.0007115715998224914,True
401,27,802.0,0.008513702225172892,0.0,-0.008513702225172892,0.008513702225172892,2.0,74.0,13.0,20.821556840050032,-0.4105127416551113,21.274851560620654,-0.04278197891551158,6.581842910078705e-05,0.00030344739207066596,True
402,27,804.0,0.008709350906428881,0.0,-0.008709350906428881,0.008709350906428881,2.0,74.0,13.0,20.76694972865032,-0.4256851112586446,21.24030200204109,-0.047667162132122395,7.333409558788061e-05,0.00019564868125598878,True
403,27,806.0,0.008348240036866628,0.0,-0.008348240036866628,0.008348240036866628,2.0,74.0,13.0,20.720589774648598,-0.43546754532144405,21.204958479167825,-0.04890115919778035,7.523255261196978e-05,-0.00036111086956225336,True
404,27,808.0,0.007883074358687736,0.0,-0.007883074358687736,0.007883074358687736,2.0,74.0,13.0,20.720101833522563,-0.4174120018433314,21.171080384707675,-0.03356654934177847,5.164084514119764e-05,-0.00046516567817889154,True
405,27,810.0,0.006883702022605576,0.0,-0.006883702022605576,0.006883702022605576,2.0,74.0,13.0,20.72831613388201,-0.3941537179343868,21.139089984745464,-0.016620132929065095,2.556943527548476e-05,-0.0009993723360821605,True
406,28,812.0,0.005985046693240292,0.0,-0.005985046693240292,0.005985046693240292,2.0,74.0,13.0,20.78146433480996,-0.3441851011302788,21.111155149818885,0.014494286121357827,-2.2298901725165886e-05,-0.0008986553293652833,True
407,28,814.0,0.004895067846518941,0.0,-0.004895067846518941,0.004895067846518941,2.0,74.0,13.0,20.827279596375266,-0.2992523346620146,21.086867159017654,0.03966477201963039,-6.102272618404675e-05,-0.0010899788467213511,True
408,28,816.0,0.0038596197991864756,0.0,-0.0038596197991864756,0.0038596197991864756,2.0,74.0,13.0,20.890336436314342,-0.24475339232594706,21.067002424635227,0.06808740400506078,-0.0001047498523154781,-0.0010354480473324656,True
409,28,818.0,0.002957753269583918,0.0,-0.002957753269583918,0.002957753269583918,2.0,74.0,13.0,20.950546226312245,-0.19298098995932378,21.051339654571187,0.0921875617003807,-0.0001418270180005857,-0.0009018665296025574,True
410,28,820.0,0.0022185552661539987,0.0,-0.0022185552661539987,0.0022185552661539987,2.0,74.0,13.0,21.001490903110405,-0.1478876634791959,21.039336760043227,0.11004180654637317,-0.00016929508699442026,-0.0007391980034299195,True
411,28,822.0,0.0018504371255403385,0.0,-0.0018504371255403385,0.0018504371255403385,2.0,74.0,13.0,21.04079233312316,-0.11092776330769993,21.03033361392621,0.12138648250464869,-0.00018674843462253646,-0.0003681181406136602,True
412,28,824.0,0.001733455719659105,0.0,-0.001733455719659105,0.001733455719659105,2.0,74.0,13.0,21.050986960132185,-0.09252185627701692,21.022824332514244,0.12068448389496012,-0.00018566843676147708,-0.00011698140588123351,True
413,28,826.0,0.0020325929508544505,0.0,-0.0020325929508544505,0.0020325929508544505,2.0,74.0,13.0,21.041745954997154,-0.08667278598295525,21.015789774768713,0.11262896621139788,-0.00017327533263291982,0.0002991372311953455,True
414,28,828.0,0.0025448764208704233,0.0,-0.0025448764208704233,0.0025448764208704233,2.0,74.0,13.0,20.998958199439045,-0.10162964754272252,21.007541284585884,0.09304656239588073,-0.0001431485575321242,0.0005122834700159729,True
415,28,830.0,0.0033893738291226327,0.0,-0.0033893738291226327,0.0033893738291226327,2.0,74.0,13.0,20.93900422902886,-0.12724382104352117,20.997213890620824,0.06903415945155676,-0.00010620639915624117,0.0008444974082522094,True
416,28,832.0,0.004289523349143565,0.0,-0.004289523349143565,0.004289523349143565,2.0,74.0,13.0,20.851486910665088,-0.16946869145613164,20.98345943144898,0.037496170672239044,-5.76864164188293e-05,0.000900149520020932,True
417,28,834.0,0.005262357008177787,0.0,-0.005262357008177787,0.005262357008177787,2.0,74.0,13.0,20.758898087455798,-0.21447616745717824,20.96605206455855,0.00732219035442814,-1.1264908237581754e-05,0.0009728336590342224,True
418,28,836.0,0.006050446070730686,0.0,-0.006050446070730686,0.006050446070730686,2.0,74.0,13.0,20.65945783037584,-0.26311785040888935,20.944696829560694,-0.02212114877596786,3.403253657841209e-05,0.0007880890625528991,True
419,28,838.0,0.006648739043157548,0.0,-0.006648739043157548,0.006648739043157548,2.0,74.0,13.0,20.574323990753115,-0.3025223035365343,20.920143440750007,-0.0432971464603565,6.661099455439461e-05,0.0005982929724268615,True
420,28,840.0,0.006528181358589791,0.0,-0.006528181358589791,0.006528181358589791,2.0,74.0,13.0,20.50387999876739,-0.3324369521578774,20.893162111948925,-0.056845161023661495,8.745409388255614e-05,-0.00012055768456775695,True
421,29,842.0,0.006816049586632289,0.0,-0.006816049586632289,0.006816049586632289,2.0,74.0,13.0,20.492400411058675,-0.32640906792948954,20.866670019754352,-0.047860540766185705,7.363160117874725e-05,0.00028786822804249823,True
422,29,844.0,0.0065164730622200295,0.0,-0.0065164730622200295,0.0065164730622200295,2.0,74.0,13.0,20.44640629083482,-0.34080247933161445,20.83900972600129,-0.05180095583485609,7.969377820747091e-05,-0.00029957652441225946,True
423,29,846.0,0.006332216638838872,0.0,-0.006332216638838872,0.006332216638838872,2.0,74.0,13.0,20.448733567611477,-0.3258236531110015,20.812565147386675,-0.03800792666419595,5.847373332953223e-05,-0.00018425642338115722,True
424,29,848.0,0.005814379110233858,0.0,-0.005814379110233858,0.005814379110233858,2.0,74.0,13.0,20.44131943240381,-0.3166108319419436,20.786868302005445,-0.028938037659692866,4.452005793798902e-05,-0.0005178375286050141,True
425,29,850.0,0.005171513388631865,0.0,-0.005171513388631865,0.005171513388631865,2.0,74.0,13.0,20.46167713676939,-0.2907189555116929,20.763272899399176,-0.0108768071180954,1.6733549412454463e-05,-0.0006428657216019928,True
426,29,852.0,0.004632404452422634,0.0,-0.004632404452422634,0.004632404452422634,2.0,74.0,13.0,20.492866500231393,-0.25857566943159327,20.742286317999024,0.009155851663960119,-1.4085925636861723e-05,-0.0005391089362092316,True
427,29,854.0,0.003894793422659859,0.0,-0.003894793422659859,0.003894793422659859,2.0,74.0,13.0,20.51607912149519,-0.2316202226211317,20.7234875011318,0.024211842984524033,-3.724898920696005e-05,-0.0007376110297627747,True
428,29,856.0,0.003510473994538188,0.0,-0.003510473994538188,0.003510473994538188,2.0,74.0,13.0,20.55663922814142,-0.19473967113299295,20.707681992558413,0.043696906716001786,-6.722601033231044e-05,-0.0003843194281216711,True
429,29,858.0,0.002949795627500862,0.0,-0.002949795627500862,0.002949795627500862,2.0,74.0,13.0,20.568796783848004,-0.1755236997269094,20.693436095331986,0.050884388242928145,-7.828367421988945e-05,-0.0005606783670373261,True
430,29,860.0,0.0028556167235365137,0.0,-0.0028556167235365137,0.0028556167235365137,2.0,74.0,13.0,20.596572951384147,-0.1474897813750431,20.681465493808183,0.06259723895100558,-9.630344454000858e-05,-9.417890396434814e-05,True
431,29,862.0,0.0026135363441426307,0.0,-0.0026135363441426307,0.0026135363441426307,2.0,74.0,13.0,20.586505121612923,-0.1427808361768257,20.669877080840347,0.059408876949399544,-9.139827222984545e-05,-0.00024208037939388305,True
432,29,864.0,0.0027577871951507404,0.0,-0.0027577871951507404,0.0027577871951507404,2.0,74.0,13.0,20.58948902172178,-0.13067681720713153,20.65927105720534,0.06089478172356924,-9.36842795747219e-05,0.00014425085100810975,True
433,29,866.0,0.002783242262012209,0.0,-0.002783242262012209,0.002783242262012209,2.0,74.0,13.0,20.561014082076458,-0.13788935975753702,20.64807964743688,0.05082379439711545,-7.819045291863915e-05,2.5455066861468367e-05,True
434,29,868.0,0.0030724366934009595,0.0,-0.0030724366934009595,0.0030724366934009595,2.0,74.0,13.0,20.54284642652386,-0.13916211310061044,20.636784938151862,0.04522360147260458,-6.957477149631474e-05,0.00028919443138875067,True
435,29,870.0,0.0028491653047240106,0.0,-0.0028491653047240106,0.0028491653047240106,2.0,74.0,13.0,20.50305955944062,-0.15362183467004797,20.624316645426422,0.03236474868424456,-4.979192105268394e-05,-0.00022327138867694885,True
436,30,872.0,0.003186263244060683,0.0,-0.003186263244060683,0.003186263244060683,2.0,74.0,13.0,20.506170767538812,-0.14245826523620053,20.612754413039735,0.03587461973527771,-5.5191722669658016e-05,0.0003370979393366724,True
437,30,874.0,0.003304336480141501,0.0,-0.003304336480141501,0.003304336480141501,2.0,74.0,13.0,20.46300316636436,-0.15931316220303415,20.599824199404214,0.022492129163177468,-3.460327563565764e-05,0.00011807323608081788,True
438,30,876.0,0.0035355393320060102,0.0,-0.0035355393320060102,0.0035355393320060102,2.0,74.0,13.0,20.438055844878452,-0.16521682400707505,20.586414831332846,0.016857837552684593,-2.5935134696437836e-05,0.00023120285186450928,True
439,30,878.0,0.0037848321790079353,0.0,-0.0037848321790079353,0.0037848321790079353,2.0,74.0,13.0,20.40370854166487,-0.1767769666003005,20.572067216155464,0.008418292109703891,-1.2951218630313679e-05,0.0002492928470019251,True
440,30,880.0,0.00381622908571444,0.0,-0.00381622908571444,0.00381622908571444,2.0,74.0,13.0,20.367715608994125,-0.18924160895039677,20.556707942642703,0.0002492753018163364,-3.8350046433282524e-07,3.1396906706504524e-05,True
441,30,882.0,0.004019458732727799,0.0,-0.004019458732727799,0.004019458732727799,2.0,74.0,13.0,20.34970759716007,-0.190811454285722,20.541221256960906,-0.000702205515115911,1.0803161771014015e-06,0.00020322964701335877,True
442,30,884.0,0.0039624992041353835,0.0,-0.0039624992041353835,0.0039624992041353835,2.0,74.0,13.0,20.317296739522384,-0.20097293663638993,20.524909842576,-0.006640166417226076,1.021564064188627e-05,-5.6959528592415154e-05,True
443,30,886.0,0.004036535783598083,0.0,-0.004036535783598083,0.004036535783598083,2.0,74.0,13.0,20.30638086815097,-0.19812496020676917,20.508829576347043,-0.004323747989301305,6.65191998354047e-06,7.403657946269959e-05,True
444,30,888.0,0.0039089969050110085,0.0,-0.0039089969050110085,0.0039089969050110085,2.0,74.0,13.0,20.284523162805513,-0.20182678917990415,20.492448861374257,-0.006098909388839908,9.382937521292166e-06,-0.00012753887858707458,True
445,30,890.0,0.0038537323835043935,0.0,-0.0038537323835043935,0.0038537323835043935,2.0,74.0,13.0,20.279387195901432,-0.19544984525055042,20.476585713476336,-0.00174867232435362,2.6902651143901846e-06,-5.526452150661498e-05,True
446,30,892.0,0.003678263919937308,0.0,-0.003678263919937308,0.003678263919937308,2.0,74.0,13.0,20.26831128150667,-0.19268661917521968,20.460946835205508,5.106547638433743e-05,-7.856227136051912e-08,-0.00017546846356708556,True
447,30,894.0,0.003534583358486998,0.0,-0.003534583358486998,0.003534583358486998,2.0,74.0,13.0,20.26733769421149,-0.1839131959968654,20.446020027641467,0.0052308625668916545,-8.047480872141007e-06,-0.00014368056145031005,True
448,30,896.0,0.003361443201356451,0.0,-0.003361443201356451,0.003361443201356451,2.0,74.0,13.0,20.26392442975497,-0.1767291679243499,20.43167629191185,0.008977305767469275,-1.3811239642260422e-05,-0.00017314015713054687,True
449,30,898.0,0.003191674431946012,0.0,-0.003191674431946012,0.003191674431946012,2.0,74.0,13.0,20.263199855558963,-0.16807216006782255,20.418035178360338,0.013236837266447624,-2.0364365025304037e-05,-0.00016976876941043884,True
450,30,900.0,0.0030686245281685842,0.0,-0.0030686245281685842,0.0030686245281685842,2.0,74.0,13.0,20.262489721678286,-0.1595837215973006,20.405083005517422,0.01699043775816463,-2.6139135012560964e-05,-0.00012304990377742797,True
451,31,902.0,0.002930651111455518,0.0,-0.002930651111455518,0.002930651111455518,2.0,74.0,13.0,20.258204511329623,-0.1534312264084292,20.392630182986103,0.01900555475194654,-2.9239315002994676e-05,-0.0001379734167130664,True
452,31,904.0,0.0028818052651331527,0.0,-0.0028818052651331527,0.0028818052651331527,2.0,74.0,13.0,20.25547412085647,-0.1465325555727759,20.38073727205576,0.021269404373484055,-3.272216057459085e-05,-4.8845846322365105e-05,True
453,31,906.0,0.002810879623211804,0.0,-0.002810879623211804,0.002810879623211804,2.0,74.0,13.0,20.245636122376098,-0.14409026325665764,20.369042583048625,0.02068380258413145,-3.182123474481761e-05,-7.092564192134887e-05,True
454,31,908.0,0.002830534413078567,0.0,-0.002830534413078567,0.002830534413078567,2.0,74.0,13.0,20.23789820265328,-0.1405439811605902,20.3576357182519,0.020806465561972052,-3.2009947018418544e-05,1.9654789866763167e-05,True
455,31,910.0,0.0028288283891697574,0.0,-0.0028288283891697574,0.0028288283891697574,2.0,74.0,13.0,20.222863366817638,-0.14152672065392835,20.34614909211325,0.01824099535831549,-2.806306978202383e-05,-1.706023908809584e-06,True
456,31,912.0,0.002886808967446086,0.0,-0.002886808967446086,0.002886808967446086,2.0,74.0,13.0,20.20977937419969,-0.14144141945848787,20.334669389211037,0.01655140444714372,-2.5463699149451878e-05,5.798057827632874e-05,True
457,31,914.0,0.0029279400577024717,0.0,-0.0029279400577024717,0.0029279400577024717,2.0,74.0,13.0,20.191873334484352,-0.1443404483723043,20.322954394618687,0.01325938823797186,-2.0399058827649016e-05,4.1131090256385505e-05,True
458,31,916.0,0.0029857045691414896,0.0,-0.0029857045691414896,0.0029857045691414896,2.0,74.0,13.0,20.175454740007343,-0.14639700288512358,20.311072485448566,0.010779257443899296,-1.65834729906143e-05,5.776451143901795e-05,True
459,31,918.0,0.0030321926268470634,0.0,-0.0030321926268470634,0.0030321926268470634,2.0,74.0,13.0,20.157715160771733,-0.14928522845707448,20.29895616141182,0.008044227816988221,-1.2375735103058803e-05,4.648805770557374e-05,True
460,31,920.0,0.003058739203765981,0.0,-0.003058739203765981,0.003058739203765981,2.0,74.0,13.0,20.140944835534683,-0.15160963134235317,20.286651183622507,0.005903283254529601,-9.081974237737848e-06,2.6546576918917708e-05,True
461,31,922.0,0.0030799437143969044,0.0,-0.0030799437143969044,0.0030799437143969044,2.0,74.0,13.0,20.12585730149273,-0.15293696018829905,20.274238476846406,0.004555784834621101,-7.008899745570924e-06,2.1204510630923323e-05,True
462,31,924.0,0.00306297145004919,0.0,-0.00306297145004919,0.00306297145004919,2.0,74.0,13.0,20.11123720283272,-0.15399718571984522,20.26173971978774,0.003494668764822751,-5.376413484342694e-06,-1.6972264347714372e-05,True
463,31,926.0,0.0030492364638803338,0.0,-0.0030492364638803338,0.0030492364638803338,2.0,74.0,13.0,20.099824068881947,-0.1531485725024595,20.249309838081498,0.0036628033029081648,-5.6350820044741e-06,-1.3734986168856267e-05,True
464,31,928.0,0.002998088388153519,0.0,-0.002998088388153519,0.002998088388153519,2.0,74.0,13.0,20.088193117132786,-0.1524618231940167,20.236935694489766,0.0037192458370355797,-5.72191667236243e-06,-5.114807572681457e-05,True
465,31,930.0,0.0029591592646056597,0.0,-0.0029591592646056597,0.0029591592646056597,2.0,74.0,13.0,20.07974046666437,-0.14990441940767596,20.22476911552641,0.004875770545635381,-7.5011854548236636e-06,-3.892912354785949e-05,True
466,32,932.0,0.002897841146364044,0.0,-0.002897841146364044,0.002897841146364044,2.0,74.0,13.0,20.070363486551646,-0.14795796323028299,20.21276051531291,0.005560934469018389,-8.555283798489829e-06,-6.13181182416156e-05,True
467,32,934.0,0.002853808375107292,0.0,-0.002853808375107292,0.002853808375107292,2.0,74.0,13.0,20.062950975095994,-0.1448920573182022,20.2010007509011,0.006842281513098644,-1.0526586943228682e-05,-4.403277125675231e-05,True
468,32,936.0,0.002809999121268447,0.0,-0.002809999121268447,0.002809999121268447,2.0,74.0,13.0,20.05421991898975,-0.1426904187553646,20.189419676414033,0.0074906613310828,-1.1524094355512e-05,-4.38092538388446e-05,True
469,32,938.0,0.002784019104979052,0.0,-0.002784019104979052,0.002784019104979052,2.0,74.0,13.0,20.045587016840706,-0.14049995606342236,20.17801638479295,0.008070588111177751,-1.2416289401811925e-05,-2.598001628939528e-05,True
470,32,940.0,0.002774277630010147,0.0,-0.002774277630010147,0.002774277630010147,2.0,74.0,13.0,20.0355859529012,-0.1392009552489526,20.16671852299202,0.008068385158130522,-1.2412900243277725e-05,-9.741474968905095e-06,True
471,32,942.0,0.0027757343775647314,0.0,-0.0027757343775647314,0.0027757343775647314,2.0,74.0,13.0,20.024332894458006,-0.13871388150050734,20.155460193189214,0.007586582769300509,-1.167166579892386e-05,1.456747554584581e-06,True
472,32,944.0,0.0027955344537531346,0.0,-0.0027955344537531346,0.0027955344537531346,2.0,74.0,13.0,20.012229091783013,-0.13878671887823657,20.144195951741395,0.006819858919854215,-1.0492090645929562e-05,1.9800076188403182e-05,True
473,32,946.0,0.0028140008760146884,0.0,-0.0028140008760146884,0.0028140008760146884,2.0,74.0,13.0,19.998658908223284,-0.13977672268765673,20.132851359363556,0.005584271547383272,-8.591186995974265e-06,1.8466422261553816e-05,True
474,32,948.0,0.002842153053052243,0.0,-0.002842153053052243,0.002842153053052243,2.0,74.0,13.0,19.985237736877156,-0.14070004380073442,20.12143182817284,0.004505952505048408,-6.932234623151396e-06,2.8152177037554793e-05,True
475,32,950.0,0.0028538021949771064,0.0,-0.0028538021949771064,0.0028538021949771064,2.0,74.0,13.0,19.971034702836047,-0.14210765265261216,20.109898052289978,0.0032443031986830882,-4.991235690281674e-06,1.1649141924863216e-05,True
476,32,952.0,0.0028616254637654492,0.0,-0.0028616254637654492,0.0028616254637654492,2.0,74.0,13.0,19.958217519872935,-0.14269010974885532,20.09831700288257,0.0025906267392179637,-3.985579598796868e-06,7.82326878834283e-06,True
477,32,954.0,0.0028457000059916027,0.0,-0.0028457000059916027,0.0028457000059916027,2.0,74.0,13.0,19.945735282034764,-0.14308127318827246,20.08670420577292,0.002112349450114865,-3.2497683847921e-06,-1.5925457773846574e-05,True
478,32,956.0,0.0028202936844081705,0.0,-0.0028202936844081705,0.0028202936844081705,2.0,74.0,13.0,19.935252447821917,-0.14228500029958013,20.075156035957175,0.0023814121643202083,-3.66371102203109e-06,-2.5406321583432145e-05,True
479,32,958.0,0.0027706096477686515,0.0,-0.0027706096477686515,0.0027706096477686515,2.0,74.0,13.0,19.92560122930687,-0.14101468422040853,20.063710967844163,0.002904945683116615,-4.469147204794792e-06,-4.9684036639519036e-05,True
480,32,960.0,0.0027172897277978336,0.0,-0.0027172897277978336,0.0027172897277978336,2.0,74.0,13.0,19.9180329280187,-0.13853048238843257,20.052467523124683,0.004095887282450023,-6.301365049923113e-06,-5.3319919970817864e-05,True
481,33,962.0,0.0026405302812690934,0.0,-0.0026405302812690934,0.0026405302812690934,2.0,74.0,13.0,19.91085662731403,-0.13586448638989168,20.041440456621164,0.00528065708275564,-8.124087819624062e-06,-7.675944652874023e-05,True
482,33,964.0,0.002565421138342572,0.0,-0.002565421138342572,0.002565421138342572,2.0,74.0,13.0,19.905743368009833,-0.13202651406345467,20.03072488856146,0.0070449935118315835,-1.0838451556663975e-05,-7.51091429265216e-05,True
483,33,966.0,0.002482518688111668,0.0,-0.002482518688111668,0.002482518688111668,2.0,74.0,13.0,19.900635333172424,-0.1282710569171286,20.020314121828488,0.008592268261066228,-1.3218874247794197e-05,-8.290245023090392e-05,True
484,33,968.0,0.00240669801473814,0.0,-0.00240669801473814,0.00240669801473814,2.0,74.0,13.0,19.89633607070623,-0.1241259344055834,20.010239782537365,0.010222222574450188,-1.5726496268384905e-05,-7.582067337352782e-05,True
485,33,970.0,0.0023442287817942997,0.0,-0.0023442287817942997,0.0023442287817942997,2.0,74.0,13.0,19.891625678277528,-0.120334900736907,20.00047313204335,0.011487446971083193,-1.767299534012799e-05,-6.246923294384032e-05,True
486,33,972.0,0.0022904618269876664,0.0,-0.0022904618269876664,0.0022904618269876664,2.0,74.0,13.0,19.885986029099808,-0.11721143908971499,19.99095998870355,0.01223747948597315,-1.8826891516881767e-05,-5.3766954806633294e-05,True
487,33,974.0,0.002264351425537825,0.0,-0.002264351425537825,0.002264351425537825,2.0,74.0,13.0,19.879800781860876,-0.11452309134938332,19.981665037697173,0.012658835513088907,-1.9475131558598317e-05,-2.6110401449841447e-05,True
488,33,976.0,0.0022463547063580336,0.0,-0.0022463547063580336,0.0022463547063580336,2.0,74.0,13.0,19.87148128876145,-0.11321757127689125,19.972476045628586,0.012222814409755834,-1.8804329861162824e-05,-1.79967191797914e-05,True
489,33,978.0,0.002260239022461974,0.0,-0.002260239022461974,0.002260239022461974,2.0,74.0,13.0,19.862630996433396,-0.11231773531790168,19.963360086265048,0.01158864548624986,-1.7828685363461323e-05,1.3884316103940364e-05,True
490,33,980.0,0.0022774351207317522,0.0,-0.0022774351207317522,0.0022774351207317522,2.0,74.0,13.0,19.851248793905345,-0.1130119511230987,19.95418778278941,0.010072962239028888,-1.5496864983121366e-05,1.7196098269778304e-05,True
491,33,982.0,0.0023187152226000762,0.0,-0.0023187152226000762,0.0023187152226000762,2.0,74.0,13.0,19.83967794372688,-0.11387175603658761,19.944945695618177,0.008604004145291392,-1.3236929454294449e-05,4.128010186832398e-05,True
492,33,984.0,0.00235704116926172,0.0,-0.00235704116926172,0.00235704116926172,2.0,74.0,13.0,19.826163873304985,-0.11593576113000381,19.93553608916333,0.0065635452716554235,-1.009776195639296e-05,3.8325946661643684e-05,True
493,33,986.0,0.002407958597132165,0.0,-0.002407958597132165,0.002407958597132165,2.0,74.0,13.0,19.812923906177847,-0.117852058463086,19.925970951718064,0.004805012922869788,-7.392327573645827e-06,5.0917427870444953e-05,True
494,33,988.0,0.002447852891009461,0.0,-0.002447852891009461,0.002447852891009461,2.0,74.0,13.0,19.798643434133442,-0.12039792985660824,19.91619918563926,0.0028421783507899963,-4.372582078138456e-06,3.989429387729615e-05,True
495,33,990.0,0.0024913532658956683,0.0,-0.0024913532658956683,0.0024913532658956683,2.0,74.0,13.0,19.785265164033497,-0.12239264455047305,19.90626552404113,0.0013922845428356427,-2.1419762197471426e-06,4.350037488620728e-05,True
496,34,992.0,0.0025137498694220994,0.0,-0.0025137498694220994,0.0025137498694220994,2.0,74.0,13.0,19.771561814194865,-0.12456766329478342,19.896155333042465,-2.5855552818464978e-05,3.97777735668692e-08,2.2396603526431136e-05,True
497,34,994.0,0.002524855118963387,0.0,-0.002524855118963387,0.002524855118963387,2.0,74.0,13.0,19.75958160603848,-0.12568749347110497,19.885954254114502,-0.0006851546049155559,1.0540840075623936e-06,1.1105249541287776e-05,True
498,34,996.0,0.0025163653415347653,0.0,-0.0025163653415347653,0.0025163653415347653,2.0,74.0,13.0,19.748517421621294,-0.12624275594816936,19.875708108838275,-0.0009479312688142216,1.4583557981757255e-06,-8.489777428621892e-06,True
499,34,998.0,0.0024856095049017313,0.0,-0.0024856095049017313,0.0024856095049017313,2.0,74.0,13.0,19.73907149275909,-0.12581826707673827,19.86549641603115,-0.0006066561953174675,9.333172235653347e-07,-3.075583663303405e-05,True
500,34,1000.0,0.002443901314791219,0.0,-0.002443901314791219,0.002443901314791219,2.0,74.0,13.0,19.731489031558848,-0.12428047524508656,19.855409533858847,0.00035997294508409303,-5.538045308986047e-07,-4.170819011051208e-05,True
501,34,1002.0,0.0023772895590354892,0.0,-0.0023772895590354892,0.0023772895590354892,2.0,74.0,13.0,19.72485485378086,-0.12219506573956096,19.84549190820024,0.0015580113201814072,-2.39694049258678e-06,-6.661175575572997e-05,True
502,34,1004.0,0.0023083494968432205,0.0,-0.0023083494968432205,0.0023083494968432205,2.0,74.0,13.0,19.72035773201724,-0.11886447795177446,19.835844600518083,0.003377609450933258,-5.196322232205012e-06,-6.894006219226867e-05,True
503,34,1006.0,0.002222481715534741,0.0,-0.002222481715534741,0.002222481715534741,2.0,74.0,13.0,19.716152017305998,-0.11541747484216103,19.82647705934105,0.005092432807108503,-7.834512010936158e-06,-8.586778130847961e-05,True
504,34,1008.0,0.0021426153768970835,0.0,-0.0021426153768970835,0.0021426153768970835,2.0,74.0,13.0,19.713477746571687,-0.11112408577673705,19.81745797925206,0.007143853096360758,-1.0990543225170397e-05,-7.986633863765746e-05,True
505,34,1010.0,0.002059314320604244,0.0,-0.002059314320604244,0.002059314320604244,2.0,74.0,13.0,19.710454498169725,-0.10713076884485417,19.808763005723552,0.008822261291028375,-1.3572709678505191e-05,-8.330105629283935e-05,True
506,34,1012.0,0.0019889772745500522,0.0,-0.0019889772745500522,0.0019889772745500522,2.0,74.0,13.0,19.707882415718444,-0.1029657160302122,19.80040607722501,0.010442054523650237,-1.606469926715421e-05,-7.033704605419189e-05,True
507,34,1014.0,0.0019285196983673814,0.0,-0.0019285196983673814,0.0019285196983673814,2.0,74.0,13.0,19.70441000196886,-0.09944886372750261,19.792334584348826,0.011524281347538074,-1.7729663611597035e-05,-6.045757618267089e-05,True
508,34,1016.0,0.0018847700491733121,0.0,-0.0018847700491733121,0.0018847700491733121,2.0,74.0,13.0,19.70029381084257,-0.09642598491836907,19.784508435098058,0.012211360662880026,-1.8786708712123116e-05,-4.374964919406921e-05,True
509,34,1018.0,0.0018596095967495785,0.0,-0.0018596095967495785,0.0018596095967495785,2.0,74.0,13.0,19.694960545400345,-0.09423850245866561,19.776859826830982,0.012339221028026355,-1.898341696619439e-05,-2.516045242373366e-05,True
510,34,1020.0,0.001850341233648578,0.0,-0.001850341233648578,0.001850341233648578,2.0,74.0,13.0,19.688238461768012,-0.09298047983747892,19.76931332250199,0.0119056191034994,-1.8316337082306768e-05,-9.268363101000432e-06,True
511,35,1022.0,0.0018614502084801643,0.0,-0.0018614502084801643,0.0018614502084801643,2.0,74.0,13.0,19.68033117404914,-0.0925170616824289,19.76180443023008,0.011043805501489845,-1.699047000229207e-05,1.1108974831586238e-05,True
512,35,1024.0,0.0018831539080110815,0.0,-0.0018831539080110815,0.0018831539080110815,2.0,74.0,13.0,19.670840044961064,-0.09307251042400821,19.754250456492215,0.00966209889285546,-1.4864767527469939e-05,2.170369953091722e-05,True
513,35,1026.0,0.001920041892617519,0.0,-0.001920041892617519,0.001920041892617519,2.0,74.0,13.0,19.660549855460946,-0.09415769540055408,19.74660840670723,0.008099144154265553,-1.2460221775793157e-05,3.6887984606437385e-05,True
514,35,1028.0,0.001959451898756015,0.0,-0.001959451898756015,0.001959451898756015,2.0,74.0,13.0,19.64905118677456,-0.09600209463087594,19.73881666134315,0.006236620062285189,-9.594800095823367e-06,3.94100061384961e-05,True
515,35,1030.0,0.0020042114217631024,0.0,-0.0020042114217631024,0.0020042114217631024,2.0,74.0,13.0,19.637369632435586,-0.09797259493780075,19.73086498575367,0.00447724161971498,-6.888064030330737e-06,4.475952300708741e-05,True
516,35,1032.0,0.002043044007905337,0.0,-0.002043044007905337,0.002043044007905337,2.0,74.0,13.0,19.625248724083338,-0.10021057108815512,19.722731670999316,0.0027276241721772955,-4.1963448802727625e-06,3.8832586142234504e-05,True
517,35,1034.0,0.002076501000146891,0.0,-0.002076501000146891,0.002076501000146891,2.0,74.0,13.0,19.61360859738441,-0.10215220039526685,19.714440769254725,0.0013200285249506546,-2.0308131153086994e-06,3.345699224155396e-05,True
518,35,1036.0,0.002097735313100202,0.0,-0.002097735313100202,0.002097735313100202,2.0,74.0,13.0,19.60239458380875,-0.10382505000734454,19.706014095282843,0.00020553853325268093,-3.1621312808104757e-07,2.123431295331102e-05,True
519,35,1038.0,0.0021056293624042155,0.0,-0.0021056293624042155,0.0021056293624042155,2.0,74.0,13.0,19.592172994214604,-0.1048867656550101,19.697501250087246,-0.0004414902176312888,6.79215719432752e-07,7.894049304013606e-06,True
520,35,1040.0,0.0020990320324472123,0.0,-0.0020990320324472123,0.0020990320324472123,2.0,74.0,13.0,19.58304227511459,-0.10528146812021077,19.688956369954113,-0.0006326267193125044,9.732718758653913e-07,-6.5973299570032395e-06,True
521,35,1042.0,0.0020762743922659865,0.0,-0.0020762743922659865,0.0020762743922659865,2.0,74.0,13.0,19.57510931526803,-0.10495160162236061,19.68043826252598,-0.0003773456355874363,5.805317470575944e-07,-2.2757640181225725e-05,True
522,35,1044.0,0.0020411711418546474,0.0,-0.0020411711418546474,0.0020411711418546474,2.0,74.0,13.0,19.56852987088415,-0.10381371961329933,19.672012508154324,0.0003310823431238347,-5.093574509597457e-07,-3.5103250411339104e-05,True
523,35,1046.0,0.001992638219917353,0.0,-0.001992638219917353,0.001992638219917353,2.0,74.0,13.0,19.56300736622211,-0.10205855709273237,19.663729206710233,0.0013367166046081745,-2.056487084012576e-06,-4.8532921937294304e-05,True
524,35,1048.0,0.0019374668306681997,0.0,-0.0019374668306681997,0.0019374668306681997,2.0,74.0,13.0,19.558654184481764,-0.09963191099586766,19.6556428573071,0.002643238170531745,-4.0665202623565305e-06,-5.5171389249153435e-05,True
525,35,1050.0,0.0018756569741071871,0.0,-0.0018756569741071871,0.0018756569741071871,2.0,74.0,13.0,19.55492833996232,-0.09687334153340998,19.64778039958993,0.004021281905797359,-6.1865875473805524e-06,-6.180985656101257e-05,True
526,36,1052.0,0.0018145251203804946,0.0,-0.0018145251203804946,0.0018145251203804946,2.0,74.0,13.0,19.5518499498433,-0.09378284870535936,19.640168773203637,0.005464025345021764,-8.40619283849502e-06,-6.11318537266925e-05,True
527,36,1054.0,0.00175502121851423,0.0,-0.00175502121851423,0.00175502121851423,2.0,74.0,13.0,19.54882808355622,-0.09072625601902473,19.63280522673673,0.006749112838520341,-1.0383250520800524e-05,-5.950390186626464e-05,True
528,36,1056.0,0.0017026214452471322,0.0,-0.0017026214452471322,0.0017026214452471322,2.0,74.0,13.0,19.54579560727,-0.0877510609257115,19.625683153777896,0.007863514417816447,-1.2097714488948379e-05,-5.239977326709777e-05,True
529,36,1058.0,0.001658719059150826,0.0,-0.001658719059150826,0.001658719059150826,2.0,74.0,13.0,19.542304356682312,-0.08513107226235661,19.618773724976457,0.008661703968214139,-1.3325698412637136e-05,-4.3902386096306145e-05,True
530,36,1060.0,0.0016256758942745364,0.0,-0.0016256758942745364,0.0016256758942745364,2.0,74.0,13.0,19.538239181410905,-0.0829359529575413,19.61204245698218,0.009132677386263548,-1.4050272901943918e-05,-3.3043164876289666e-05,True
531,36,1062.0,0.001604605810598514,0.0,-0.001604605810598514,0.001604605810598514,2.0,74.0,13.0,19.533399348328242,-0.08128379471372682,19.60544528185727,0.009237861184698944,-1.4212094130306069e-05,-2.1070083676022477e-05,True
532,36,1064.0,0.0015945961147281196,0.0,-0.0015945961147281196,0.0015945961147281196,2.0,74.0,13.0,19.527682556959817,-0.0802302905299257,19.598933611495294,0.008979235994449778,-1.3814209222230429e-05,-1.0009695870394353e-05,True
533,36,1066.0,0.001595970905896138,0.0,-0.001595970905896138,0.001595970905896138,2.0,74.0,13.0,19.521151229125458,-0.07972980573640598,19.59246256160192,0.008418473259944286,-1.2951497322991208e-05,1.3747911680184188e-06,True
534,36,1068.0,0.0016054184012546102,0.0,-0.0016054184012546102,0.0016054184012546102,2.0,74.0,13.0,19.513762204745863,-0.0797985452948069,19.585985932651774,0.007574817388897127,-1.1653565213687889e-05,9.447495358472224e-06,True
535,36,1070.0,0.0016224207844288685,0.0,-0.0016224207844288685,0.0016224207844288685,2.0,74.0,13.0,19.505773153228446,-0.08027092006273051,19.57947096470576,0.006573108585416384,-1.0112474746794435e-05,1.7002383174258284e-05,True
536,36,1072.0,0.001642578488485924,0.0,-0.001642578488485924,0.001642578488485924,2.0,74.0,13.0,19.497209683623115,-0.08112103922144343,19.572886999181762,0.005443723662797897,-8.374959481227535e-06,2.0157704057055525e-05,True
537,36,1074.0,0.0016646658929175828,0.0,-0.0016646658929175828,0.0016646658929175828,2.0,74.0,13.0,19.488421145143413,-0.0821289244242962,19.566221231433655,0.00432883813405142,-6.659750975463723e-06,2.2087404431658797e-05,True
538,36,1076.0,0.0016846969371044906,0.0,-0.0016846969371044906,0.0016846969371044906,2.0,74.0,13.0,19.479495818902198,-0.08323329464587914,19.55946583052094,0.0032632830271380133,-5.020435426366174e-06,2.003104418690782e-05,True
539,36,1078.0,0.0017012597360235304,0.0,-0.0017012597360235304,0.0017012597360235304,2.0,74.0,13.0,19.47075442570472,-0.08423484685522453,19.55262914138407,0.0023601311758730086,-3.6309710398046285e-06,1.656279891903978e-05,True
540,36,1080.0,0.0017117130597625874,0.0,-0.0017117130597625874,0.0017117130597625874,2.0,74.0,13.0,19.4623078605455,-0.08506298680117652,19.545725238551427,0.0016456087952538155,-2.5317058388520237e-06,1.0453323739056941e-05,True
541,37,1082.0,0.001715282046802713,0.0,-0.001715282046802713,0.001715282046802713,2.0,74.0,13.0,19.45437302652925,-0.08558565298812937,19.53877891495854,0.0011797645588380184,-1.8150223982123363e-06,3.5689870401256485e-06,True
542,37,1084.0,0.0017109459680568762,0.0,-0.0017109459680568762,0.0017109459680568762,2.0,74.0,13.0,19.447015778135228,-0.08576410234013565,19.53181810801592,0.0009617724594427254,-1.4796499376041928e-06,-4.336078745836858e-06,True
543,37,1086.0,0.0017010443056051372,0.0,-0.0017010443056051372,0.0017010443056051372,2.0,74.0,13.0,19.440325749037957,-0.08554729840284381,19.524874897367216,0.0009981500735823903,-1.5356154978190622e-06,-9.901662451738957e-06,True
544,37,1088.0,0.0016867766029236009,0.0,-0.0016867766029236009,0.0016867766029236009,2.0,74.0,13.0,19.434115160661143,-0.08505221528025686,19.517971868775362,0.001195507166036952,-1.839241793903003e-06,-1.426770268153632e-05,True
545,37,1090.0,0.0016676809231057632,0.0,-0.0016676809231057632,0.0016676809231057632,2.0,74.0,13.0,19.42829095435183,-0.08433883014618004,19.511126740121355,0.0015030443766582244,-2.312375964089576e-06,-1.9095679817837663e-05,True
546,37,1092.0,0.001645161701503639,0.0,-0.001645161701503639,0.001645161701503639,2.0,74.0,13.0,19.422898958516555,-0.08338404615528816,19.504359103877945,0.0019239007938986331,-2.9598473752286663e-06,-2.2519221602124162e-05,True
547,37,1094.0,0.0016196957752754315,0.0,-0.0016196957752754315,0.0016196957752754315,2.0,74.0,13.0,19.417830537375746,-0.08225808507518195,19.49768285316168,0.002405769289249273,-3.701183521921958e-06,-2.5465926228207536e-05,True
548,37,1096.0,0.0015933581311173839,0.0,-0.0015933581311173839,0.0015933581311173839,2.0,74.0,13.0,19.413053897833183,-0.08098478876377158,19.491109946030438,0.0029287405665173547,-4.505754717719007e-06,-2.6337644158047624e-05,True
549,37,1098.0,0.001566905002960084,0.0,-0.001566905002960084,0.001566905002960084,2.0,74.0,13.0,19.40840359647629,-0.0796679065558692,19.48464392001338,0.003427583018779721,-5.273204644276494e-06,-2.6453128157299943e-05,True
550,37,1100.0,0.0015419717932445565,0.0,-0.0015419717932445565,0.0015419717932445565,2.0,74.0,13.0,19.403822247011195,-0.0783452501480042,19.478285243757565,0.003882253401635715,-5.972697540978024e-06,-2.4933209715527482e-05,True
551,37,1102.0,0.0015190018115163184,0.0,-0.0015190018115163184,0.0015190018115163184,2.0,74.0,13.0,19.39917780268678,-0.07709858966222782,19.472027749263443,0.004248643085563674,-6.536373977790267e-06,-2.2969981728238054e-05,True
552,37,1104.0,0.0014990828425425207,0.0,-0.0014990828425425207,0.0014990828425425207,2.0,74.0,13.0,19.394435453356245,-0.07595009057581592,19.46586346953162,0.004522074400438768,-6.957037539136567e-06,-1.9918968973797746e-05,True
553,37,1106.0,0.0014822819415485355,0.0,-0.0014822819415485355,0.0014822819415485355,2.0,74.0,13.0,19.38950515427766,-0.07495414212712603,19.45978002321015,0.004679273194639351,-7.198881837906694e-06,-1.6800900993985124e-05,True
554,37,1108.0,0.0014690647707311655,0.0,-0.0014690647707311655,0.0014690647707311655,2.0,74.0,13.0,19.384380005264898,-0.07411409707742678,19.453764756829372,0.004729345512953413,-7.2759161737744805e-06,-1.321717081737006e-05,True
555,37,1110.0,0.001459215262343605,0.0,-0.001459215262343605,0.001459215262343605,2.0,74.0,13.0,19.379018639581886,-0.07345323853655827,19.447803127210296,0.004668750908150474,-7.182693704846884e-06,-9.84950838756049e-06,True
556,38,1112.0,0.0014526700864507802,0.0,-0.0014526700864507802,0.0014526700864507802,2.0,74.0,13.0,19.373435135007437,-0.07296076311718025,19.441881468001032,0.004514430123586517,-6.945277113210026e-06,-6.545175892824773e-06,True
557,38,1114.0,0.0014490082850215913,0.0,-0.0014490082850215913,0.0014490082850215913,2.0,74.0,13.0,19.367630060427903,-0.07263350432253901,19.43598636984968,0.004277194900762722,-6.580299847327264e-06,-3.6618014291889267e-06,True
558,38,1116.0,0.0014477604718194925,0.0,-0.0014477604718194925,0.0014477604718194925,2.0,74.0,13.0,19.36163311014679,-0.07245041425107956,19.430106131699276,0.003977392698592728,-6.1190656901426575e-06,-1.2478132020987687e-06,True
559,38,1118.0,0.0014484907877090336,0.0,-0.0014484907877090336,0.0014484907877090336,2.0,74.0,13.0,19.35547779470172,-0.07238802359097463,19.424230957314837,0.003634860977858862,-5.592093812090557e-06,7.303158895410888e-07,True
560,38,1120.0,0.0014504057458566422,0.0,-0.0014504057458566422,0.0014504057458566422,2.0,74.0,13.0,19.34919483410994,-0.07242453938545168,19.41835281922656,0.003266554268835313,-5.025468105900482e-06,1.9149581476085586e-06,True
561,38,1122.0,0.00145326692774006,0.0,-0.00145326692774006,0.00145326692774006,2.0,74.0,13.0,19.34284499958031,-0.07252028729283211,19.412466910023362,0.002898376849780793,-4.459041307355066e-06,2.861181883417885e-06,True
562,38,1124.0,0.0014561839889779549,0.0,-0.0014561839889779549,0.0014561839889779549,2.0,74.0,13.0,19.3364434045139,-0.072663346387003,19.406569389823115,0.0025373610777898697,-3.9036324273690304e-06,2.9170612378948135e-06,True
563,38,1126.0,0.0014590339949904774,0.0,-0.0014590339949904774,0.0014590339949904774,2.0,74.0,13.0,19.330059963739597,-0.07280919944889774,19.400660031861207,0.0022091313272894334,-3.3986635804452825e-06,2.850006012522499e-06,True
564,38,1128.0,0.0014611128659112183,0.0,-0.0014611128659112183,0.0014611128659112183,2.0,74.0,13.0,19.32370160108025,-0.07295169974952387,19.394739108255187,0.001914192574584435,-2.944911653206823e-06,2.078870920740883e-06,True
565,38,1130.0,0.0014623162937255074,0.0,-0.0014623162937255074,0.0014623162937255074,2.0,74.0,13.0,19.317424278124783,-0.07305564329556091,19.388809748357836,0.0016701730625079967,-2.5694970192430718e-06,1.2034278142891708e-06,True
566,38,1132.0,0.0014622158698998078,0.0,-0.0014622158698998078,0.0014622158698998078,2.0,74.0,13.0,19.31123498780752,-0.07311581468627537,19.382875504815388,0.0014752976784035711,-2.269688736005494e-06,-1.0042382569963593e-07,True
567,38,1134.0,0.001460684934635026,0.0,-0.001460684934635026,0.001460684934635026,2.0,74.0,13.0,19.305168412331405,-0.07311079349499039,19.376941668804115,0.001337537022281957,-2.057749265049165e-06,-1.5309352647818741e-06,True
568,38,1136.0,0.0014575782014603078,0.0,-0.0014575782014603078,0.0014575782014603078,2.0,74.0,13.0,19.299234984206134,-0.0730342467317513,19.371014045499855,0.001255185438028316,-1.931054520043563e-06,-3.1067331747181015e-06,True
569,38,1138.0,0.0014527317579435817,0.0,-0.0014527317579435817,0.0014527317579435817,2.0,74.0,13.0,19.29344736993855,-0.07287891007301539,19.365099029667277,0.0012272503442914882,-1.8880774527561356e-06,-4.84644351672614e-06,True
570,38,1140.0,0.0014462312855343384,0.0,-0.0014462312855343384,0.0014462312855343384,2.0,74.0,13.0,19.28782047754257,-0.07263658789717908,19.359203681246118,0.0012533841936299356,-1.9282833748152856e-06,-6.50047240924323e-06,True
571,39,1142.0,0.0014379165967497443,0.0,-0.0014379165967497443,0.0014379165967497443,2.0,74.0,13.0,19.28234904589061,-0.07231156427671692,19.35333471247115,0.0013258976961766993,-2.0398426095026143e-06,-8.314688784594182e-06,True
572,39,1144.0,0.001428037286039796,0.0,-0.001428037286039796,0.001428037286039796,2.0,74.0,13.0,19.27704875566969,-0.07189582983748721,19.347499485635865,0.0014450998713111877,-2.223230571247981e-06,-9.879310709948186e-06,True
573,39,1146.0,0.00141648159469554,0.0,-0.00141648159469554,0.00141648159469554,2.0,74.0,13.0,19.271901648046928,-0.0714018643019898,19.341704350151545,0.001599162197373836,-2.460249534421286e-06,-1.1555691344256047e-05,True
574,39,1148.0,0.0014036406781983146,0.0,-0.0014036406781983146,0.0014036406781983146,2.0,74.0,13.0,19.266920090804653,-0.070824079734777,19.335956108958896,0.0017880615805360848,-2.750863970055515e-06,-1.2840916497225408e-05,True
575,39,1150.0,0.001389548064160806,0.0,-0.001389548064160806,0.001389548064160806,2.0,74.0,13.0,19.26207486096916,-0.07018203390991573,19.330259977645714,0.0019969172333614443,-3.0721803590176064e-06,-1.409261403750861e-05,True
576,39,1152.0,0.0013746358862576358,0.0,-0.0013746358862576358,0.0013746358862576358,2.0,74.0,13.0,19.25736646741008,-0.0694774032080403,19.324621035741018,0.002222834877103429,-3.4197459647745057e-06,-1.4912177903170232e-05,True
577,39,1154.0,0.0013591798150613954,0.0,-0.0013591798150613954,0.0013591798150613954,2.0,74.0,13.0,19.252762233286965,-0.06873179431288179,19.31904260912688,0.002451418472968949,-3.771413035336845e-06,-1.5456071196240373e-05,True
578,39,1156.0,0.0013435672816726196,0.0,-0.0013435672816726196,0.0013435672816726196,2.0,74.0,13.0,19.2482421825494,-0.06795899075306977,19.31352690498329,0.002674268319181149,-4.114258952586383e-06,-1.5612533388775773e-05,True
579,39,1158.0,0.0013282564967980193,0.0,-0.0013282564967980193,0.0013282564967980193,2.0,74.0,13.0,19.243776677872287,-0.06717836408363098,19.30807455825141,0.002880483704508738,-4.4315133915519045e-06,-1.531078487460036e-05,True
580,39,1160.0,0.0013136460674090245,0.0,-0.0013136460674090245,0.0013136460674090245,2.0,74.0,13.0,19.239329631927323,-0.06641282483990096,19.302684344401865,0.003058112365359655,-4.704788254399469e-06,-1.4610429388994817e-05,True
581,39,1162.0,0.0013002202803349405,0.0,-0.0013002202803349405,0.0013002202803349405,2.0,74.0,13.0,19.234869221248044,-0.06568230337045122,19.297353421313623,0.0031981033048727016,-4.920158930573387e-06,-1.3425787074083928e-05,True
582,39,1164.0,0.0012882548070578537,0.0,-0.0012882548070578537,0.0012882548070578537,2.0,74.0,13.0,19.230355704822568,-0.06501101401674703,19.292076981575214,0.003289737264103746,-5.061134252467301e-06,-1.1965473277086858e-05,True
583,39,1166.0,0.0012782227594456685,0.0,-0.0012782227594456685,0.0012782227594456685,2.0,74.0,13.0,19.225765840284005,-0.06441274035289268,19.28684909906948,0.0033294815674197093,-5.122279334491861e-06,-1.0032047612185124e-05,True
584,39,1168.0,0.0012702060938849513,0.0,-0.0012702060938849513,0.0012702060938849513,2.0,74.0,13.0,19.221059096400072,-0.06391113797228343,19.281661927738234,0.0033083066341201765,-5.0897025140310405e-06,-8.016665560717229e-06,True
585,39,1170.0,0.0012644693059868928,0.0,-0.0012644693059868928,0.0012644693059868928,2.0,74.0,13.0,19.216226586148967,-0.06351030469424757,19.27650728893505,0.0032296019081621764,-4.968618320249503e-06,-5.736787898058537e-06,True
586,40,1172.0,0.0012608633839121808,0.0,-0.0012608633839121808,0.0012608633839121808,2.0,74.0,13.0,19.211243505285253,-0.06322346529934464,19.271375930660597,0.003091039924002359,-4.755446036926706e-06,-3.605922074711998e-06,True
587,40,1174.0,0.001259373426840682,0.0,-0.001259373426840682,0.001259373426840682,2.0,74.0,13.0,19.206118769802536,-0.06304316919560904,19.266259205622372,0.002902733375772391,-4.465743655034448e-06,-1.489957071498793e-06,True
588,40,1176.0,0.001259597103278054,0.0,-0.001259597103278054,0.001259597103278054,2.0,74.0,13.0,19.20084972331174,-0.0629686713420341,19.261148526997076,0.002669867656700499,-4.107488702616152e-06,2.2367643737197795e-07,True
589,40,1178.0,0.0012612177636057709,0.0,-0.0012612177636057709,0.0012612177636057709,2.0,74.0,13.0,19.1954656666699,-0.0629798551639027,19.2560369406677,0.002408581166105337,-3.705509486315903e-06,1.6206603277169052e-06,True
590,40,1180.0,0.0012636877900078503,0.0,-0.0012636877900078503,0.0012636877900078503,2.0,74.0,13.0,19.18998883051386,-0.06306088818028854,19.250918777516958,0.0021309411771935753,-3.2783710418362694e-06,2.470026402079384e-06,True
591,40,1182.0,0.0012664223120211204,0.0,-0.0012664223120211204,0.0012664223120211204,2.0,74.0,13.0,19.184460889644352,-0.06318438950039251,19.245790590722024,0.0018546884227219878,-2.8533668041876736e-06,2.7345220132701797e-06,True
592,40,1184.0,0.001268877437262006,0.0,-0.001268877437262006,0.001268877437262006,2.0,74.0,13.0,19.178927163409977,-0.06332111560105602,19.240651306930047,0.001596972080987315,-2.456880124595869e-06,2.455125240885536e-06,True
593,40,1186.0,0.001270337910106889,0.0,-0.001270337910106889,0.001270337910106889,2.0,74.0,13.0,19.173430282776728,-0.0634438718631003,19.23550205996445,0.001372094675381177,-2.1109148852018108e-06,1.4604728448830429e-06,True
594,40,1188.0,0.0012703753220257852,0.0,-0.0012703753220257852,0.0012703753220257852,2.0,74.0,13.0,19.168028048518117,-0.06351689550534445,19.230346886236216,0.0011980577872454199,-1.8431658265314152e-06,3.741191889616857e-08,True
595,40,1190.0,0.0012684420552950826,0.0,-0.0012684420552950826,0.0012684420552950826,2.0,74.0,13.0,19.16275546478368,-0.06351876610128926,19.225191560686262,0.0010826701987063513,-1.6656464595482328e-06,-1.9332667307025986e-06,True
596,40,1192.0,0.0012642326364193934,0.0,-0.0012642326364193934,0.0012642326364193934,2.0,74.0,13.0,19.15765849594368,-0.06342210276475413,19.220044080549513,0.0010365181589204102,-1.5946433214160159e-06,-4.209418875689153e-06,True
597,40,1194.0,0.0012575570753661225,0.0,-0.0012575570753661225,0.0012575570753661225,2.0,74.0,13.0,19.152764074209998,-0.06321163182096967,19.214913682706737,0.0010620233242291909,-1.6338820372756782e-06,-6.67556105327094e-06,True
598,40,1196.0,0.001248385569812882,0.0,-0.001248385569812882,0.001248385569812882,2.0,74.0,13.0,19.1480904853648,-0.06287785376830612,19.20981037503945,0.001157964093656441,-1.781483221009909e-06,-9.171505553240422e-06,True
599,40,1198.0,0.001236878307242506,0.0,-0.001236878307242506,0.001236878307242506,2.0,74.0,13.0,19.143643510115005,-0.0624192784906441,19.204744286370435,0.0013185022352140087,-2.028464977252321e-06,-1.1507262570376042e-05,True
600,40,1200.0,0.0012233593879109605,0.0,-0.0012233593879109605,0.0012233593879109605,2.0,74.0,13.0,19.139413722785935,-0.0618439153621253,19.19972489546369,0.00153274268437488,-2.3580656682690464e-06,-1.3518919331545476e-05,True
