step,decision_idx,elapsed_s,temp,temp_ref,error,abs_error,kp,ki,kd,u,u_p,u_i,u_d,diff_out,pred_delta,valid
1,1,2.0,26.44075256586075,0.0,-26.44075256586075,26.44075256586075,13.0,788.0,2.0,-100.0,-100.0,0.0,-0.0,0.0,-0.5592474341392517,True
2,1,4.0,26.111182868480682,0.0,-26.111182868480682,26.111182868480682,13.0,788.0,2.0,-100.0,-100.0,0.0,0.391110235785896,-0.02542216532608324,-0.3295696973800659,True
3,1,6.0,25.925335109233856,0.0,-25.925335109233856,25.925335109233856,13.0,788.0,2.0,-100.0,-100.0,0.0,0.5842873059276342,-0.03797867488529622,-0.18584775924682617,True
4,1,8.0,25.750087827444077,0.0,-25.750087827444077,25.750087827444077,13.0,788.0,2.0,-100.0,-100.0,0.0,0.6585252312184323,-0.0428041400291981,-0.17524728178977966,True
5,1,10.0,25.585194021463394,0.0,-25.585194021463394,25.585194021463394,13.0,788.0,2.0,-100.0,-100.0,0.0,0.7182681822735338,-0.046687431847779695,-0.16489380598068237,True
6,1,12.0,25.425465777516365,0.0,-25.425465777516365,25.425465777516365,13.0,788.0,2.0,-100.0,-100.0,0.0,0.765071568565909,-0.049729651956784075,-0.1597282439470291,True
7,1,14.0,25.289537578821182,0.0,-25.289537578821182,25.289537578821182,13.0,788.0,2.0,-100.0,-100.0,0.0,0.8037978614971875,-0.05224686099731718,-0.1359281986951828,True
8,1,16.0,25.23356569930911,0.0,-25.23356569930911,25.23356569930911,13.0,788.0,2.0,-100.0,-100.0,0.0,0.8221854872014198,-0.05344205666809228,-0.05597187951207161,True
9,1,18.0,25.236038032220677,0.0,-25.236038032220677,25.236038032220677,13.0,788.0,2.0,-100.0,-100.0,0.0,0.7829015967066684,-0.05088860378593344,0.0024723329115659,True
10,1,20.0,25.308563771890476,0.0,-25.308563771890476,25.308563771890476,13.0,788.0,2.0,-100.0,-100.0,0.0,0.7064919609836098,-0.04592197746393463,0.0725257396697998,True
11,2,22.0,25.31972069130279,0.0,-25.31972069130279,25.31972069130279,14.0,280.0,1.0,-100.0,-100.0,0.0,0.27317600408196363,-0.03824464057147491,0.011156919412314892,True
12,2,24.0,25.192065989831463,0.0,-25.192065989831463,25.192065989831463,14.0,280.0,1.0,-100.0,-100.0,0.0,0.2434952394150582,-0.03408933351810815,-0.12765470147132874,True
13,2,26.0,25.065212344983593,0.0,-25.065212344983593,25.065212344983593,14.0,280.0,1.0,-100.0,-100.0,0.0,0.2617176566015199,-0.03664047192421279,-0.12685364484786987,True
14,2,28.0,24.95624746219255,0.0,-24.95624746219255,24.95624746219255,14.0,280.0,1.0,-100.0,-100.0,0.0,0.27794174414822237,-0.03891184418075114,-0.10896488279104233,True
15,2,30.0,24.829562856117263,0.0,-24.829562856117263,24.829562856117263,14.0,280.0,1.0,-100.0,-100.0,0.0,0.2868097666201748,-0.04015336732682448,-0.12668460607528687,True
16,2,32.0,24.698735220590606,0.0,-24.698735220590606,24.698735220590606,14.0,280.0,1.0,-100.0,-100.0,0.0,0.30058544317953567,-0.042081962045135,-0.1308276355266571,True
17,2,34.0,24.608342511812225,0.0,-24.608342511812225,24.608342511812225,14.0,280.0,1.0,-100.0,-100.0,0.0,0.31439230069930474,-0.04401492209790267,-0.09039270877838135,True
18,2,36.0,24.4965268059168,0.0,-24.4965268059168,24.4965268059168,14.0,280.0,1.0,-100.0,-100.0,0.0,0.31375296198283703,-0.04392541467759719,-0.11181570589542389,True
19,2,38.0,24.396831510821357,0.0,-24.396831510821357,24.396831510821357,14.0,280.0,1.0,-100.0,-100.0,0.0,0.32013062804048364,-0.04481828792566771,-0.09969529509544373,True
20,2,40.0,24.290111979702488,0.0,-24.290111979702488,24.290111979702488,14.0,280.0,1.0,-100.0,-100.0,0.0,0.3219644503917244,-0.045075023054841415,-0.10671953111886978,True
21,3,42.0,24.200577585259452,0.0,-24.200577585259452,24.200577585259452,16.0,380.0,1.0,-100.0,-100.0,0.0,0.28516609219701966,-0.045626574751523145,-0.08953439444303513,True
22,3,44.0,24.073530240217224,0.0,-24.073530240217224,24.073530240217224,16.0,380.0,1.0,-100.0,-100.0,0.0,0.28340197166253356,-0.04534431546600537,-0.1270473450422287,True
23,3,46.0,23.998578703263775,0.0,-23.998578703263775,23.998578703263775,16.0,380.0,1.0,-100.0,-100.0,0.0,0.29246398409097385,-0.04679423745455581,-0.07495153695344925,True
24,3,48.0,23.861139362910762,0.0,-23.861139362910762,23.861139362910762,16.0,380.0,1.0,-100.0,-100.0,0.0,0.2858605660917086,-0.04573769057467338,-0.13743934035301208,True
25,3,50.0,23.79416955844499,0.0,-23.79416955844499,23.79416955844499,16.0,380.0,1.0,-100.0,-100.0,0.0,0.2976405380055802,-0.04762248608089283,-0.06696980446577072,True
26,3,52.0,23.65036858455278,0.0,-23.65036858455278,23.65036858455278,16.0,380.0,1.0,-100.0,-100.0,0.0,0.2882756303678652,-0.04612410085885843,-0.14380097389221191,True
27,3,54.0,23.57387868152,0.0,-23.57387868152,23.57387868152,16.0,380.0,1.0,-100.0,-100.0,0.0,0.30163264263722084,-0.04826122282195534,-0.0764899030327797,True
28,3,56.0,23.420284440973774,0.0,-23.420284440973774,23.420284440973774,16.0,380.0,1.0,-100.0,-100.0,0.0,0.2945916979382122,-0.04713467167011395,-0.1535942405462265,True
29,3,58.0,23.345900958636776,0.0,-23.345900958636776,23.345900958636776,16.0,380.0,1.0,-100.0,-100.0,0.0,0.3101286015866809,-0.04962057625386894,-0.07438348233699799,True
30,3,60.0,23.185971355298534,0.0,-23.185971355298534,23.185971355298534,16.0,380.0,1.0,-100.0,-100.0,0.0,0.3016787734547839,-0.04826860375276543,-0.15992960333824158,True
31,4,62.0,23.00885478244163,0.0,-23.00885478244163,23.00885478244163,9.0,606.0,1.0,-100.0,-100.0,0.0,0.5659370537482552,-0.05093433483734297,-0.17711657285690308,True
32,4,64.0,22.932386165717617,0.0,-22.932386165717617,22.932386165717617,9.0,606.0,1.0,-100.0,-100.0,0.0,0.6014118351313511,-0.0541270651618216,-0.07646861672401428,True
33,4,66.0,22.744500329950824,0.0,-22.744500329950824,22.744500329950824,9.0,606.0,1.0,-100.0,-100.0,0.0,0.5826667388594508,-0.05244000649735057,-0.1878858357667923,True
34,4,68.0,22.66059277788736,0.0,-22.66059277788736,22.66059277788736,9.0,606.0,1.0,-100.0,-100.0,0.0,0.6219850962852739,-0.05597865866567465,-0.08390755206346512,True
35,4,70.0,22.506332172313705,0.0,-22.506332172313705,22.506332172313705,9.0,606.0,1.0,-100.0,-100.0,0.0,0.605034834647921,-0.05445313511831289,-0.15426060557365417,True
36,4,72.0,22.376161379972473,0.0,-22.376161379972473,22.376161379972473,9.0,606.0,1.0,-100.0,-100.0,0.0,0.6252358498386188,-0.056271226485475695,-0.1301707923412323,True
37,4,74.0,22.250524698058143,0.0,-22.250524698058143,22.250524698058143,9.0,606.0,1.0,-100.0,-100.0,0.0,0.6313424529253053,-0.056820820763277484,-0.12563668191432953,True
38,4,76.0,22.122241525212303,0.0,-22.122241525212303,22.122241525212303,9.0,606.0,1.0,-100.0,-100.0,0.0,0.6345764306956632,-0.05711187876260969,-0.12828317284584045,True
39,4,78.0,21.991101963678375,0.0,-21.991101963678375,21.991101963678375,9.0,606.0,1.0,-100.0,-100.0,0.0,0.638838628547262,-0.057495476569253585,-0.13113956153392792,True
40,4,80.0,21.854524595895782,0.0,-21.854524595895782,21.854524595895782,9.0,606.0,1.0,-100.0,-100.0,0.0,0.6441369816490935,-0.057972328348418416,-0.13657736778259277,True
41,5,82.0,21.76166227296926,0.0,-21.76166227296926,21.76166227296926,20.0,640.0,1.0,-100.0,-100.0,-0.34147694681087154,0.2932544212270041,-0.058650884245400825,-0.0928623229265213,True
42,5,84.0,21.578096417943016,0.0,-21.578096417943016,21.578096417943016,20.0,640.0,1.0,-100.0,-100.0,-0.6815029198260164,0.2863876134172518,-0.05727752268345035,-0.18356585502624512,True
43,5,86.0,21.48709542886354,0.0,-21.48709542886354,21.48709542886354,20.0,640.0,1.0,-100.0,-100.0,-1.0186606763563766,0.3007917481455471,-0.06015834962910942,-0.0910009890794754,True
44,5,88.0,21.329513458767906,0.0,-21.329513458767906,21.329513458767906,20.0,640.0,1.0,-100.0,-100.0,-1.354396542432369,0.29278289751053727,-0.05855657950210745,-0.15758197009563446,True
45,5,90.0,21.231617337325588,0.0,-21.231617337325588,21.231617337325588,20.0,640.0,1.0,-100.0,-100.0,-1.6876701902256184,0.3006711362394406,-0.06013422724788811,-0.09789612144231796,True
46,5,92.0,21.059585189679638,0.0,-21.059585189679638,21.059585189679638,20.0,640.0,1.0,-100.0,-100.0,-2.019414211121329,0.29424097890675716,-0.05884819578135143,-0.17203214764595032,True
47,5,94.0,20.921001931885257,0.0,-20.921001931885257,20.921001931885257,20.0,640.0,1.0,-100.0,-100.0,-2.3484702297100717,0.30527449930176676,-0.061054899860353354,-0.1385832577943802,True
48,5,96.0,20.78952152119018,0.0,-20.78952152119018,20.78952152119018,20.0,640.0,1.0,-100.0,-100.0,-2.6753608848957793,0.30765297057253127,-0.06153059411450626,-0.131480410695076,True
49,5,98.0,20.632586410501972,0.0,-20.632586410501972,20.632586410501972,20.0,640.0,1.0,-100.0,-100.0,-3.0001971586643794,0.308190161132248,-0.0616380322264496,-0.15693511068820953,True
50,5,100.0,20.49187799380161,0.0,-20.49187799380161,20.49187799380161,20.0,640.0,1.0,-100.0,-100.0,-3.3225813213284763,0.31446168431383803,-0.0628923368627676,-0.14070841670036316,True
51,6,102.0,20.210120192030445,0.0,-20.210120192030445,20.210120192030445,3.0,679.0,1.0,-100.0,-100.0,-3.3225813213284763,2.109645465334873,-0.0632893639600462,-0.28175780177116394,True
52,6,104.0,20.14472678885795,0.0,-20.14472678885795,20.14472678885795,3.0,679.0,1.0,-100.0,-100.0,-3.3225813213284763,2.3353438471557206,-0.07006031541467163,-0.06539340317249298,True
53,6,106.0,19.981251752236858,0.0,-19.981251752236858,19.981251752236858,3.0,679.0,1.0,-100.0,-100.0,-3.3225813213284763,2.211664555782681,-0.06634993667348044,-0.16347503662109375,True
54,6,108.0,19.871361581841484,0.0,-19.871361581841484,19.871361581841484,3.0,679.0,1.0,-100.0,-100.0,-3.3225813213284763,2.248402191273755,-0.06745206573821266,-0.1098901703953743,True
55,6,110.0,19.59988063410856,0.0,-19.59988063410856,19.59988063410856,3.0,679.0,1.0,-100.0,-100.0,-3.3225813213284763,2.2004404136008633,-0.0660132124080259,-0.2714809477329254,True
56,6,112.0,19.443184985080734,0.0,-19.443184985080734,19.443184985080734,3.0,679.0,1.0,-100.0,-100.0,-3.3225813213284763,2.4019057985827366,-0.07205717395748211,-0.1566956490278244,True
57,6,114.0,19.344584418693557,0.0,-19.344584418693557,19.344584418693557,3.0,679.0,1.0,-100.0,-100.0,-3.3225813213284763,2.410223875490961,-0.07230671626472883,-0.09860056638717651,True
58,6,116.0,19.15782247320749,0.0,-19.15782247320749,19.15782247320749,3.0,679.0,1.0,-100.0,-100.0,-3.3225813213284763,2.3297193147880373,-0.06989157944364112,-0.18676194548606873,True
59,6,118.0,19.02031189040281,0.0,-19.02031189040281,19.02031189040281,3.0,679.0,1.0,-100.0,-100.0,-3.3225813213284763,2.390481495195451,-0.07171444485586354,-0.13751058280467987,True
60,6,120.0,18.787787882843986,0.0,-18.787787882843986,18.787787882843986,3.0,679.0,1.0,-100.0,-100.0,-3.3225813213284763,2.370818959107572,-0.07112456877322716,-0.23252400755882263,True
61,7,122.0,18.716553887585178,0.0,-18.716553887585178,18.716553887585178,14.0,467.0,1.0,-100.0,-100.0,-3.3225813213284763,0.5350718799235177,-0.07491006318929247,-0.07123399525880814,True
62,7,124.0,18.528831428149715,0.0,-18.528831428149715,18.528831428149715,14.0,467.0,1.0,-100.0,-100.0,-3.3225813213284763,0.5071612134315863,-0.07100256988042208,-0.18772245943546295,True
63,7,126.0,18.35713612125255,0.0,-18.35713612125255,18.35713612125255,14.0,467.0,1.0,-100.0,-100.0,-3.3225813213284763,0.519736580800228,-0.07276312131203191,-0.1716953068971634,True
64,7,128.0,18.1623743979726,0.0,-18.1623743979726,18.1623743979726,14.0,467.0,1.0,-100.0,-100.0,-3.3225813213284763,0.5259083948846568,-0.07362717528385196,-0.194761723279953,True
65,7,130.0,18.026321148732677,0.0,-18.026321148732677,18.026321148732677,14.0,467.0,1.0,-100.0,-100.0,-3.3225813213284763,0.5389811171901249,-0.07545735640661749,-0.13605324923992157,True
66,7,132.0,17.8823371140752,0.0,-17.8823371140752,17.8823371140752,14.0,467.0,1.0,-100.0,-100.0,-3.3225813213284763,0.5317442756571384,-0.0744441985919994,-0.14398403465747833,True
67,7,134.0,17.689103296259418,0.0,-17.689103296259418,17.689103296259418,14.0,467.0,1.0,-100.0,-100.0,-3.3225813213284763,0.5277728683986121,-0.07388820157580571,-0.19323381781578064,True
68,7,136.0,17.546397200087085,0.0,-17.546397200087085,17.546397200087085,14.0,467.0,1.0,-100.0,-100.0,-3.3225813213284763,0.5401716306068078,-0.07562402828495311,-0.14270609617233276,True
69,7,138.0,17.368372505763546,0.0,-17.368372505763546,17.368372505763546,14.0,467.0,1.0,-100.0,-100.0,-3.3225813213284763,0.5349813970871891,-0.07489739559220647,-0.17802469432353973,True
70,7,140.0,17.208479022840038,0.0,-17.208479022840038,17.208479022840038,14.0,467.0,1.0,-100.0,-100.0,-3.3225813213284763,0.5417541591143716,-0.07584558227601203,-0.1598934829235077,True
71,8,142.0,17.045005223015323,0.0,-17.045005223015323,17.045005223015323,15.0,625.0,1.0,-100.0,-100.0,-3.6896955404823952,0.5058607777914572,-0.07587911666871859,-0.16347379982471466,True
72,8,144.0,16.851466110209003,0.0,-16.851466110209003,16.851466110209003,15.0,625.0,1.0,-100.0,-100.0,-4.053322318573396,0.5071480373884646,-0.07607220560826969,-0.1935391128063202,True
73,8,146.0,16.683283319929615,0.0,-16.683283319929615,16.683283319929615,15.0,625.0,1.0,-100.0,-100.0,-4.41282026225786,0.5174238617619732,-0.07761357926429598,-0.16818279027938843,True
74,8,148.0,16.51400243327953,0.0,-16.51400243327953,16.51400243327953,15.0,625.0,1.0,-100.0,-100.0,-4.768730306416357,0.519035193718355,-0.07785527905775326,-0.16928088665008545,True
75,8,150.0,16.361932328203693,0.0,-16.361932328203693,16.361932328203693,15.0,625.0,1.0,-100.0,-100.0,-5.121029024992986,0.5208256018903799,-0.07812384028355697,-0.15207010507583618,True
76,8,152.0,16.175827196100727,0.0,-16.175827196100727,16.175827196100727,15.0,625.0,1.0,-100.0,-100.0,-5.4700835813279935,0.5172294606084432,-0.07758441909126648,-0.1861051321029663,True
77,8,154.0,16.013195595005527,0.0,-16.013195595005527,16.013195595005527,15.0,625.0,1.0,-100.0,-100.0,-5.815167894844813,0.5242907394945371,-0.07864361092418057,-0.16263160109519958,True
78,8,156.0,15.85582003579475,0.0,-15.85582003579475,15.85582003579475,15.0,625.0,1.0,-100.0,-100.0,-6.156782734204926,0.5235647438133189,-0.07853471157199782,-0.15737555921077728,True
79,8,158.0,15.682154810288921,0.0,-15.682154810288921,15.682154810288921,15.0,625.0,1.0,-100.0,-100.0,-6.495040228301889,0.5213151460480003,-0.07819727190720005,-0.17366522550582886,True
80,8,160.0,15.523480644682422,0.0,-15.523480644682422,15.523480644682422,15.0,625.0,1.0,-100.0,-100.0,-6.829592864254723,0.5242167537035025,-0.07863251305552538,-0.15867416560649872,True
81,9,162.0,15.250203600386158,0.0,-15.250203600386158,15.250203600386158,7.0,662.0,1.0,-100.0,-100.0,-6.829592864254723,1.1192110851569363,-0.07834477596098555,-0.27327704429626465,True
82,9,164.0,15.168780429521576,0.0,-15.168780429521576,15.168780429521576,7.0,662.0,1.0,-100.0,-100.0,-6.829592864254723,1.1899154601072894,-0.08329408220751026,-0.08142317086458206,True
83,9,166.0,14.959458319703117,0.0,-14.959458319703117,14.959458319703117,7.0,662.0,1.0,-100.0,-100.0,-6.829592864254723,1.1292859855891615,-0.07905001899124131,-0.20932210981845856,True
84,9,168.0,14.843478648224846,0.0,-14.843478648224846,14.843478648224846,7.0,662.0,1.0,-100.0,-100.0,-6.829592864254723,1.157497156954862,-0.08102480098684034,-0.11597967147827148,True
85,9,170.0,14.59975233511068,0.0,-14.59975233511068,14.59975233511068,7.0,662.0,1.0,-100.0,-100.0,-6.829592864254723,1.1224009480271242,-0.07856806636189871,-0.24372631311416626,True
86,9,172.0,14.476952081779018,0.0,-14.476952081779018,14.476952081779018,7.0,662.0,1.0,-100.0,-100.0,-6.829592864254723,1.1736108775699094,-0.08215276142989367,-0.12280025333166122,True
87,9,174.0,14.31606792495586,0.0,-14.31606792495586,14.31606792495586,7.0,662.0,1.0,-100.0,-100.0,-6.829592864254723,1.1414068562143174,-0.07989847993500222,-0.16088415682315826,True
88,9,176.0,14.15671025798656,0.0,-14.15671025798656,14.15671025798656,7.0,662.0,1.0,-100.0,-100.0,-6.829592864254723,1.1370063462210604,-0.07959044423547423,-0.15935766696929932,True
89,9,178.0,13.982711917022243,0.0,-13.982711917022243,13.982711917022243,7.0,662.0,1.0,-100.0,-100.0,-6.829592864254723,1.1320343003276945,-0.07924240102293861,-0.17399834096431732,True
90,9,180.0,13.828081390121952,0.0,-13.828081390121952,13.828081390121952,7.0,662.0,1.0,-100.0,-100.0,-6.829592864254723,1.137044150101549,-0.07959309050710842,-0.15463052690029144,True
91,10,182.0,13.721652580657974,0.0,-13.721652580657974,13.721652580657974,14.0,600.0,1.0,-100.0,-98.7720099294425,-7.158832897352867,0.5644993529881195,-0.07902990941833674,-0.10642880946397781,True
92,10,184.0,13.524244426051155,0.0,-13.524244426051155,13.524244426051155,14.0,600.0,1.0,-100.0,-98.01180414755694,-7.485538911178067,0.5452093231559183,-0.07632930524182857,-0.19740815460681915,True
93,10,186.0,13.411220377543941,0.0,-13.411220377543941,13.411220377543941,14.0,600.0,1.0,-100.0,-96.60174590036539,-7.807544730845943,0.5573002319017892,-0.0780220324662505,-0.11302404850721359,True
94,10,188.0,13.203617533901706,0.0,-13.203617533901706,13.203617533901706,14.0,600.0,1.0,-100.0,-95.794431268171,-8.126859501739835,0.5408383880841696,-0.07571737433178374,-0.2076028436422348,True
95,10,190.0,13.111860579112545,0.0,-13.111860579112545,13.111860579112545,14.0,600.0,1.0,-100.0,-94.31155381358361,-8.441231347785104,0.5566564401456555,-0.07793190162039178,-0.09175695478916168,True
96,10,192.0,12.909911370137706,0.0,-12.909911370137706,12.909911370137706,14.0,600.0,1.0,-100.0,-93.65614699366103,-8.753418504430654,0.533350610378946,-0.07466908545305245,-0.20194920897483826,True
97,10,194.0,12.798089808085933,0.0,-12.798089808085933,12.798089808085933,14.0,600.0,1.0,-100.0,-92.21365264384076,-9.06079734657678,0.5480471903314852,-0.07672660664640793,-0.11182156205177307,True
98,10,196.0,12.604359632590786,0.0,-12.604359632590786,12.604359632590786,14.0,600.0,1.0,-100.0,-91.4149272006138,-9.365513770578819,0.5320775439586728,-0.07449085615421419,-0.1937301754951477,True
99,10,198.0,12.500497898319736,0.0,-12.500497898319736,12.500497898319736,14.0,600.0,1.0,-99.15253095223771,-90.03114023279132,-9.665617571354788,0.5442268519083997,-0.07619175926717596,-0.1038617342710495,True
100,10,200.0,12.298040693858638,0.0,-12.298040693858638,12.298040693858638,14.0,600.0,1.0,-98.72648209564944,-89.28927070228383,-9.963248473695733,0.5260370803301097,-0.07364519124621537,-0.20245720446109772,True
101,11,202.0,12.068557566264644,0.0,-12.068557566264644,12.068557566264644,4.0,1000.0,1.0,-100.0,-100.0,-9.963248473695733,1.8955868395017512,-0.07582347358007005,-0.22948312759399414,True
102,11,204.0,11.956294400850311,0.0,-11.956294400850311,11.956294400850311,4.0,1000.0,1.0,-100.0,-100.0,-9.963248473695733,1.9755627492584522,-0.07902250997033809,-0.11226316541433334,True
103,11,206.0,11.73737551108934,0.0,-11.73737551108934,11.73737551108934,4.0,1000.0,1.0,-100.0,-100.0,-9.963248473695733,1.9146957171462278,-0.07658782868584911,-0.21891888976097107,True
104,11,208.0,11.634995816508308,0.0,-11.634995816508308,11.634995816508308,4.0,1000.0,1.0,-100.0,-100.0,-9.963248473695733,1.9808431615235063,-0.07923372646094025,-0.1023796945810318,True
105,11,210.0,11.416221900144592,0.0,-11.416221900144592,11.416221900144592,4.0,1000.0,1.0,-100.0,-100.0,-9.963248473695733,1.9082404091785374,-0.0763296163671415,-0.21877391636371613,True
106,11,212.0,11.323808549204841,0.0,-11.323808549204841,11.323808549204841,4.0,1000.0,1.0,-100.0,-100.0,-9.963248473695733,1.974838867942686,-0.07899355471770744,-0.09241335093975067,True
107,11,214.0,11.14859257475473,0.0,-11.14859257475473,11.14859257475473,4.0,1000.0,1.0,-100.0,-100.0,-9.963248473695733,1.8914826576204875,-0.0756593063048195,-0.1752159744501114,True
108,11,216.0,11.042491404572502,0.0,-11.042491404572502,11.042491404572502,4.0,1000.0,1.0,-100.0,-100.0,-9.963248473695733,1.9101784107169333,-0.07640713642867733,-0.10610117018222809,True
109,11,218.0,10.8523854597006,0.0,-10.8523854597006,10.8523854597006,4.0,1000.0,1.0,-100.0,-100.0,-9.963248473695733,1.848545588569359,-0.07394182354277436,-0.19010594487190247,True
110,11,220.0,10.758925637463108,0.0,-10.758925637463108,10.758925637463108,4.0,1000.0,1.0,-100.0,-100.0,-9.963248473695733,1.8882587253656955,-0.07553034901462782,-0.09345982223749161,True
111,12,222.0,10.61976963863708,0.0,-10.61976963863708,10.61976963863708,11.0,525.0,3.0,-100.0,-97.80841488602825,-10.335851958975855,1.9792915752848792,-0.07257402442711224,-0.13915599882602692,True
112,12,224.0,10.491708791116253,0.0,-10.491708791116253,10.491708791116253,11.0,525.0,3.0,-100.0,-96.54336035124619,-10.703636188885373,1.9630077402530322,-0.0719769504759445,-0.12806084752082825,True
113,12,226.0,10.371029077330604,0.0,-10.371029077330604,10.371029077330604,11.0,525.0,3.0,-100.0,-95.37917082832958,-11.06698541108853,1.9345219038573502,-0.07093246980810285,-0.12067971378564835,True
114,12,228.0,10.210842846194282,0.0,-10.210842846194282,10.210842846194282,11.0,525.0,3.0,-100.0,-94.28208252118732,-11.426155249264468,1.8996024941422693,-0.06965209145188321,-0.16018623113632202,True
115,12,230.0,10.080860300222412,0.0,-10.080860300222412,10.080860300222412,11.0,525.0,3.0,-100.0,-92.82584405631165,-11.77977751233614,1.9169925723617551,-0.07028972765326436,-0.12998254597187042,True
116,12,232.0,9.914189769187942,0.0,-9.914189769187942,9.914189769187942,11.0,525.0,3.0,-100.0,-91.64418454747647,-12.128898215374138,1.8952785427944485,-0.06949354656912977,-0.1666705310344696,True
117,12,234.0,9.792293695965782,0.0,-9.792293695965782,9.792293695965782,11.0,525.0,3.0,-100.0,-90.12899790170856,-12.472246778809208,1.921120046821382,-0.07044106838345067,-0.12189607322216034,True
118,12,236.0,9.62189313606359,0.0,-9.62189313606359,9.62189313606359,11.0,525.0,3.0,-99.94323858891235,-89.0208517815071,-12.81137383321496,1.8889870258097174,-0.06926285761302298,-0.17040055990219116,True
119,12,238.0,9.510973213473335,0.0,-9.510973213473335,9.510973213473335,11.0,525.0,3.0,-98.69630234216726,-87.47175578239627,-13.14459956952885,1.9200530097578588,-0.07040194369112149,-0.11091992259025574,True
120,12,240.0,9.324233187595382,0.0,-9.324233187595382,9.324233187595382,11.0,525.0,3.0,-98.06296277656661,-86.4633928497576,-13.47398392324223,1.8744139964332094,-0.06872851320255101,-0.18674002587795258,True
121,13,242.0,9.140874577919021,0.0,-9.140874577919021,9.140874577919021,7.0,1000.0,1.0,-100.0,-100.0,-13.47398392324223,1.0094475218210182,-0.07066132652747127,-0.18335860967636108,True
122,13,244.0,9.009512154618278,0.0,-9.009512154618278,9.009512154618278,7.0,1000.0,1.0,-100.0,-100.0,-13.47398392324223,1.0322293990281985,-0.0722560579319739,-0.1313624233007431,True
123,13,246.0,8.810139937559143,0.0,-8.810139937559143,8.810139937559143,7.0,1000.0,1.0,-100.0,-100.0,-13.47398392324223,1.0190719393231396,-0.07133503575261978,-0.19937221705913544,True
124,13,248.0,8.719449443975464,0.0,-8.719449443975464,8.719449443975464,7.0,1000.0,1.0,-100.0,-100.0,-13.47398392324223,1.0513349418404228,-0.0735934459288296,-0.0906904935836792,True
125,13,250.0,8.530765487113968,0.0,-8.530765487113968,8.530765487113968,7.0,1000.0,1.0,-100.0,-100.0,-13.47398392324223,1.0099427710303321,-0.07069599397212326,-0.18868395686149597,True
126,13,252.0,8.43640791461803,0.0,-8.43640791461803,8.43640791461803,7.0,1000.0,1.0,-100.0,-100.0,-13.47398392324223,1.0361356728950535,-0.07252949710265374,-0.09435757249593735,True
127,13,254.0,8.263500994304195,0.0,-8.263500994304195,8.263500994304195,7.0,1000.0,1.0,-100.0,-100.0,-13.47398392324223,0.9985747443032649,-0.06990023210122855,-0.17290692031383514,True
128,13,256.0,8.170484690228477,0.0,-8.170484690228477,8.170484690228477,7.0,1000.0,1.0,-100.0,-100.0,-13.710083951650912,1.0156064713730477,-0.07109245299611335,-0.09301630407571793,True
129,13,258.0,7.995331077137962,0.0,-7.995331077137962,7.995331077137962,7.0,1000.0,1.0,-100.0,-100.0,-13.943526371371698,0.9791327973242849,-0.06853929581269995,-0.17515361309051514,True
130,13,260.0,7.905354177812114,0.0,-7.905354177812114,7.905354177812114,7.0,1000.0,1.0,-100.0,-100.0,-14.171964402147077,0.9994780786687552,-0.06996346550681287,-0.08997689932584763,True
131,14,262.0,7.729895970085636,0.0,-7.729895970085636,7.729895970085636,6.0,1000.0,1.0,-100.0,-100.0,-14.171964402147077,1.1229972867464733,-0.0673798372047884,-0.17545820772647858,True
132,14,264.0,7.6376048757229,0.0,-7.6376048757229,7.6376048757229,6.0,1000.0,1.0,-100.0,-100.0,-14.171964402147077,1.1488075550779666,-0.068928453304678,-0.09229109436273575,True
133,14,266.0,7.466918183723465,0.0,-7.466918183723465,7.466918183723465,6.0,1000.0,1.0,-100.0,-100.0,-14.171964402147077,1.109145876082343,-0.06654875256494058,-0.17068669199943542,True
134,14,268.0,7.375574482837692,0.0,-7.375574482837692,7.375574482837692,6.0,1000.0,1.0,-100.0,-100.0,-14.171964402147077,1.1326623793242059,-0.06795974275945237,-0.0913437008857727,True
135,14,270.0,7.207018940011039,0.0,-7.207018940011039,7.207018940011039,6.0,1000.0,1.0,-100.0,-100.0,-14.171964402147077,1.0938230069631465,-0.06562938041778879,-0.16855554282665253,True
136,14,272.0,7.116882575908676,0.0,-7.116882575908676,7.116882575908676,6.0,1000.0,1.0,-100.0,-100.0,-14.171964402147077,1.1171865283187699,-0.06703119169912619,-0.09013636410236359,True
137,14,274.0,6.951185880461708,0.0,-6.951185880461708,6.951185880461708,6.0,1000.0,1.0,-100.0,-100.0,-14.409193821344038,1.078908675122064,-0.06473452050732384,-0.16569669544696808,True
138,14,276.0,6.85981702641584,0.0,-6.85981702641584,6.85981702641584,6.0,1000.0,1.0,-100.0,-100.0,-14.640900017359407,1.1015289182655752,-0.06609173509593452,-0.09136885404586792,True
139,14,278.0,6.695757372537628,0.0,-6.695757372537628,6.695757372537628,6.0,1000.0,1.0,-100.0,-100.0,-14.869560584906575,1.0656784085964532,-0.06394070451578719,-0.16405965387821198,True
140,14,280.0,6.6040692089591175,0.0,-6.6040692089591175,6.6040692089591175,6.0,1000.0,1.0,-100.0,-100.0,-15.092752497324504,1.0883204083490936,-0.06529922450094562,-0.09168816357851028,True
141,15,282.0,6.443121051648632,0.0,-6.443121051648632,6.443121051648632,6.0,943.0,1.0,-100.0,-100.0,-15.32619432160726,1.053971770648013,-0.06323830623888078,-0.16094815731048584,True
142,15,284.0,6.354333399096504,0.0,-6.354333399096504,6.354333399096504,6.0,943.0,1.0,-100.0,-100.0,-15.553946921524123,1.0753730971492865,-0.0645223858289572,-0.08878765255212784,True
143,15,286.0,6.192152543226257,0.0,-6.192152543226257,6.192152543226257,6.0,943.0,1.0,-100.0,-100.0,-15.77856103955511,1.0400619824441035,-0.06240371894664621,-0.1621808558702469,True
144,15,288.0,6.102071238914505,0.0,-6.102071238914505,6.102071238914505,6.0,943.0,1.0,-100.0,-100.0,-15.997442359570183,1.063724086640172,-0.06382344519841032,-0.09008130431175232,True
145,15,290.0,5.940017609158531,0.0,-5.940017609158531,5.940017609158531,6.0,943.0,1.0,-100.0,-100.0,-16.213139469464625,1.0305042751173707,-0.06183025650704225,-0.16205362975597382,True
146,15,292.0,5.850351041415706,0.0,-5.850351041415706,5.850351041415706,6.0,943.0,1.0,-100.0,-99.0002934859755,-16.4231082785547,1.0549816940763221,-0.06329890164457933,-0.08966656774282455,True
147,15,294.0,5.688093638280407,0.0,-5.688093638280407,5.688093638280407,6.0,943.0,1.0,-100.0,-97.50585069026177,-16.62990753770688,1.0222815982243136,-0.061336895893458816,-0.16225740313529968,True
148,15,296.0,5.597640780964866,0.0,-5.597640780964866,5.597640780964866,6.0,943.0,1.0,-100.0,-94.80156063800678,-16.830971293036683,1.047697759252749,-0.06286186555516494,-0.09045285731554031,True
149,15,298.0,5.435447035590187,0.0,-5.435447035590187,5.435447035590187,6.0,943.0,1.0,-100.0,-93.2940130160811,-17.02883770452357,1.0162881911856487,-0.060977291471138936,-0.16219374537467957,True
150,15,300.0,5.344228511909023,0.0,-5.344228511909023,5.344228511909023,6.0,943.0,1.0,-100.0,-90.59078392650311,-17.220970862374067,1.042227831389966,-0.06253366988339797,-0.09121852368116379,True
151,16,302.0,5.183669647434726,0.0,-5.183669647434726,5.183669647434726,3.0,1000.0,1.0,-100.0,-100.0,-17.220970862374067,2.0238402581802406,-0.06071520774540723,-0.16055886447429657,True
152,16,304.0,5.075361548224464,0.0,-5.075361548224464,5.075361548224464,3.0,1000.0,1.0,-100.0,-100.0,-17.220970862374067,2.074075602933847,-0.06222226808801541,-0.1083080992102623,True
153,16,306.0,4.927068872610107,0.0,-4.927068872610107,4.927068872610107,3.0,1000.0,1.0,-100.0,-100.0,-17.220970862374067,2.0403455049243746,-0.06121036514773124,-0.148292675614357,True
154,16,308.0,4.817993751028553,0.0,-4.817993751028553,4.817993751028553,3.0,1000.0,1.0,-100.0,-100.0,-17.220970862374067,2.070419951438495,-0.06211259854315486,-0.10907512158155441,True
155,16,310.0,4.680046757915989,0.0,-4.680046757915989,4.680046757915989,3.0,1000.0,1.0,-100.0,-100.0,-17.220970862374067,2.0382008029221703,-0.06114602408766511,-0.1379469931125641,True
156,16,312.0,4.568535929778591,0.0,-4.568535929778591,4.568535929778591,3.0,1000.0,1.0,-100.0,-100.0,-17.220970862374067,2.0528034281521523,-0.06158410284456457,-0.11151082813739777,True
157,16,314.0,4.433628952363506,0.0,-4.433628952363506,4.433628952363506,3.0,1000.0,1.0,-100.0,-100.0,-17.220970862374067,2.0259554411090477,-0.060778663233271434,-0.13490697741508484,True
158,16,316.0,4.3212967871222645,0.0,-4.3212967871222645,4.3212967871222645,3.0,1000.0,1.0,-100.0,-100.0,-17.220970862374067,2.0371197300101263,-0.0611135919003038,-0.11233216524124146,True
159,16,318.0,4.188247716287151,0.0,-4.188247716287151,4.188247716287151,3.0,1000.0,1.0,-100.0,-100.0,-17.220970862374067,2.013012343018357,-0.06039037029055072,-0.13304907083511353,True
160,16,320.0,4.076615786412731,0.0,-4.076615786412731,4.076615786412731,3.0,1000.0,1.0,-100.0,-100.0,-17.220970862374067,2.0225960554957054,-0.06067788166487116,-0.11163192987442017,True
161,17,322.0,4.014781510690227,0.0,-4.014781510690227,4.014781510690227,36.0,600.0,1.0,-28.416082291885107,-11.323932740035362,-17.258717304840857,0.1665677529911085,-0.05996439107679906,-0.06183427572250366,True
162,17,324.0,3.8280405609402806,0.0,-3.8280405609402806,3.8280405609402806,36.0,600.0,1.0,-28.289575216415386,-11.152170863028408,-17.29589120771763,0.1584868543306526,-0.057055267559034936,-0.1867409497499466,True
163,17,326.0,3.643361216643825,0.0,-3.643361216643825,3.643361216643825,36.0,600.0,1.0,-27.797833063180665,-10.63344600261189,-17.331336027726355,0.1669489671575751,-0.06010162817672704,-0.18467934429645538,True
164,17,328.0,3.4692519216332585,0.0,-3.4692519216332585,3.4692519216332585,36.0,600.0,1.0,-27.311175117142465,-10.120447824010625,-17.3650708538064,0.1743435606745541,-0.06276368184283947,-0.1741092950105667,True
165,17,330.0,3.315854078391567,0.0,-3.315854078391567,3.315854078391567,36.0,600.0,1.0,-26.854306360866914,-9.636810893425718,-17.397193556784487,0.17969808934328652,-0.06469131216358315,-0.1533978432416916,True
166,17,332.0,3.199285520473495,0.0,-3.199285520473495,3.199285520473495,36.0,600.0,1.0,-26.456675100864537,-9.210705773309908,-17.42789590936217,0.18192658180754476,-0.06549356945071612,-0.11656855791807175,True
167,17,334.0,3.081095954636112,0.0,-3.081095954636112,3.081095954636112,36.0,600.0,1.0,-26.165131144110166,-8.886904223537485,-17.45751892344061,0.17929200286792882,-0.06454512103245438,-0.11818956583738327,True
168,17,336.0,2.9023028223309666,0.0,-2.9023028223309666,2.9023028223309666,36.0,600.0,1.0,-25.867534041097866,-8.558599873989198,-17.48604758968725,0.17711342257858542,-0.06376083212829076,-0.17879313230514526,True
169,17,338.0,2.709765067556873,0.0,-2.709765067556873,2.709765067556873,36.0,600.0,1.0,-25.392077876658448,-8.061952284252683,-17.5129207639681,0.18279517156233668,-0.06580626176244121,-0.19253775477409363,True
170,17,340.0,2.579107543686405,0.0,-2.579107543686405,2.579107543686405,36.0,600.0,1.0,-24.87546587079275,-7.5271251876579806,-17.53801118126031,0.1896704981255406,-0.06828137932519461,-0.13065752387046814,True
171,18,342.0,2.489774940768257,0.0,-2.489774940768257,2.489774940768257,1.0,1.0,6.0,-100.0,-100.0,-17.53801118126031,40.0,-0.06770745664266288,-0.08933260291814804,True
172,18,344.0,2.391615284839645,0.0,-2.391615284839645,2.391615284839645,1.0,1.0,6.0,-100.0,-100.0,-17.53801118126031,39.18584378221027,-0.06530973963701713,-0.09815965592861176,True
173,18,346.0,2.3045391200575978,0.0,-2.3045391200575978,2.3045391200575978,1.0,1.0,6.0,-100.0,-100.0,-17.53801118126031,38.12519893845989,-0.06354199823076648,-0.08707616478204727,True
174,18,348.0,2.237226320663467,0.0,-2.237226320663467,2.237226320663467,1.0,1.0,6.0,-100.0,-100.0,-17.53801118126031,36.86342973567127,-0.06143904955945211,-0.0673127993941307,True
175,18,350.0,2.1082436128053814,0.0,-2.1082436128053814,2.1082436128053814,1.0,1.0,6.0,-100.0,-100.0,-17.53801118126031,35.182980469369895,-0.05863830078228316,-0.12898270785808563,True
176,18,352.0,2.015566950896755,0.0,-2.015566950896755,2.015566950896755,1.0,1.0,6.0,-100.0,-100.0,-17.53801118126031,35.34485595444067,-0.05890809325740111,-0.09267666190862656,True
177,18,354.0,1.9470013289246708,0.0,-1.9470013289246708,1.9470013289246708,1.0,1.0,6.0,-100.0,-100.0,-17.53801118126031,34.50105414448761,-0.05750175690747934,-0.06856562197208405,True
178,18,356.0,1.8084028421435505,0.0,-1.8084028421435505,1.8084028421435505,1.0,1.0,6.0,-100.0,-100.0,-17.53801118126031,33.08012109598214,-0.05513353515997023,-0.1385984867811203,True
179,18,358.0,1.7376438884530216,0.0,-1.7376438884530216,1.7376438884530216,1.0,1.0,6.0,-100.0,-100.0,-17.53801118126031,33.7048546952665,-0.056174757825444156,-0.07075895369052887,True
180,18,360.0,1.6082091687712818,0.0,-1.6082091687712818,1.6082091687712818,1.0,1.0,6.0,-100.0,-100.0,-17.53801118126031,32.41969316779439,-0.05403282194632399,-0.1294347196817398,True
181,19,362.0,1.5578782020602375,0.0,-1.5578782020602375,1.5578782020602375,1.0,1000.0,14.0,-100.0,-100.0,-17.53801118126031,40.0,-0.05476247630469871,-0.05033096671104431,True
182,19,364.0,1.443771971622482,0.0,-1.443771971622482,1.443771971622482,1.0,1000.0,14.0,-100.0,-100.0,-17.53801118126031,40.0,-0.051826645667863255,-0.11410623043775558,True
183,19,366.0,1.377764685312286,0.0,-1.377764685312286,1.377764685312286,1.0,1000.0,14.0,-100.0,-100.0,-17.53801118126031,40.0,-0.05206994652303144,-0.06600728631019592,True
184,19,368.0,1.2607037036214024,0.0,-1.2607037036214024,1.2607037036214024,1.0,1000.0,14.0,-100.0,-100.0,-17.53801118126031,40.0,-0.05010356621502239,-0.11706098169088364,True
185,19,370.0,1.2159896029625088,0.0,-1.2159896029625088,1.2159896029625088,1.0,1000.0,14.0,-100.0,-100.0,-17.53801118126031,40.0,-0.05064554732180575,-0.044714100658893585,True
186,19,372.0,1.112911110976711,0.0,-1.112911110976711,1.112911110976711,1.0,1000.0,14.0,-99.13697147751118,-100.0,-17.53801118126031,40.0,-0.04784709811630282,-0.10307849198579788,True
187,19,374.0,1.0581401756498963,0.0,-1.0581401756498963,1.0581401756498963,1.0,1000.0,14.0,-89.05170450112675,-100.0,-17.76059340345565,40.0,-0.04796870922790409,-0.05477093532681465,True
188,19,376.0,0.9565982392523438,0.0,-0.9565982392523438,0.9565982392523438,1.0,1000.0,14.0,-83.78623900357526,-100.0,-17.972221438585624,40.0,-0.04588276403306307,-0.10154193639755249,True
189,19,378.0,0.8967574334237725,0.0,-0.8967574334237725,0.8967574334237725,1.0,1000.0,14.0,-73.82336501167048,-95.65982392523438,-18.163541086436087,40.0,-0.046121903572728634,-0.05984080582857132,True
190,19,380.0,0.7857914289925247,0.0,-0.7857914289925247,0.7857914289925247,1.0,1000.0,14.0,-68.01863591549807,-89.67574334237725,-18.34289257312083,40.0,-0.04444258950796516,-0.11096600443124771,True
191,20,382.0,0.7104135921690613,0.0,-0.7104135921690613,0.7104135921690613,1.0,1000.0,16.0,-57.07919375817178,-78.57914289925247,-18.500050858919316,40.0,-0.04524750412702121,-0.07537783682346344,True
192,20,384.0,0.5845928064081818,0.0,-0.5845928064081818,0.5845928064081818,1.0,1000.0,16.0,-49.683492794259244,-71.04135921690613,-18.642133577353118,40.0,-0.044357878056202324,-0.12582078576087952,True
193,20,386.0,0.517795996973291,0.0,-0.517795996973291,0.517795996973291,1.0,1000.0,16.0,-37.21833277945294,-58.45928064081818,-18.75905213863477,40.0,-0.04584613913297099,-0.06679680943489075,True
194,20,388.0,0.38273267657496035,0.0,-0.38273267657496035,0.38273267657496035,1.0,1000.0,16.0,-30.642211035358514,-51.779599697329104,-18.862611338029414,40.0,-0.04450933481738714,-0.1350633203983307,True
195,20,390.0,0.318393791327253,0.0,-0.318393791327253,0.318393791327253,1.0,1000.0,16.0,-17.212425530840413,-38.273267657496035,-18.939157873344385,40.0,-0.04640329391837382,-0.06433888524770737,True
196,20,392.0,0.18342133820988238,0.0,-0.18342133820988238,0.18342133820988238,1.0,1000.0,16.0,-10.842215764335139,-31.8393791327253,-19.002836631609846,40.0,-0.044901611017134045,-0.1349724531173706,True
197,20,394.0,0.1275712235365063,0.0,-0.1275712235365063,0.1275712235365063,1.0,1000.0,16.0,2.6183452797599482,-18.342133820988238,-19.03952089925182,40.0,-0.04675402045195429,-0.05585011467337608,True
198,20,396.0,-0.010436149081215262,0.0,0.010436149081215262,0.010436149081215262,1.0,1000.0,16.0,8.177842502390241,-12.75712235365063,-19.065035143959133,40.0,-0.04483300096908178,-0.13800737261772156,True
199,20,398.0,-0.05465769930742681,0.0,0.05465769930742681,0.05465769930742681,1.0,1000.0,16.0,21.984847721568553,1.0436149081215262,-19.058767186552974,40.0,-0.04682991588679123,-0.04422155022621155,True
200,20,400.0,-0.1831944005098194,0.0,0.1831944005098194,0.1831944005098194,1.0,1000.0,16.0,26.43983019122119,5.465769930742681,-19.025939739521494,40.0,-0.044373047665822486,-0.12853670120239258,True
201,21,402.0,-0.18531984323635697,0.0,0.18531984323635697,0.18531984323635697,1.0,1.0,6.0,78.1999305659809,18.31944005098194,32.29049773662251,27.58999277837645,-0.04598332129729408,-0.0021254427265375853,True
202,21,404.0,-0.23747224221006036,0.0,0.23747224221006036,0.23747224221006036,1.0,1.0,6.0,100.0,18.531984323635697,69.35446638389386,25.01616740492436,-0.0416936123415406,-0.052152398973703384,True
203,21,406.0,-0.2255862313322723,0.0,0.2255862313322723,0.2255862313322723,1.0,1.0,6.0,100.0,23.747224221006036,100.0,24.05232761330364,-0.0400872126888394,0.011886010877788067,True
204,21,408.0,-0.11994975386187434,0.0,0.11994975386187434,0.11994975386187434,1.0,1.0,6.0,100.0,22.55862313322723,100.0,21.433800397549675,-0.03572300066258279,0.10563647747039795,True
205,21,410.0,0.006885815877467394,0.0,-0.006885815877467394,0.006885815877467394,1.0,1.0,6.0,100.0,11.994975386187434,100.0,16.50803852342567,-0.027513397539042785,0.12683556973934174,True
206,21,412.0,0.1794159752316773,0.0,-0.1794159752316773,0.1794159752316773,1.0,1.0,6.0,100.0,-0.6885815877467394,95.86437484836799,11.473944084470668,-0.019123240140784446,0.1725301593542099,True
207,21,414.0,0.36296019377186894,0.0,-0.36296019377186894,0.36296019377186894,1.0,1.0,6.0,-16.97340658453663,-17.94159752316773,-4.705552889604665,5.673743828235764,-0.009456239713726274,0.18354421854019165,True
208,21,416.0,0.6782161933369935,0.0,-0.6782161933369935,0.6782161933369935,1.0,1.0,6.0,-100.0,-36.296019377186894,-77.29759164397844,0.12641686252287113,-0.0002106947708714519,0.3152559995651245,True
209,21,418.0,0.8764956635423005,0.0,-0.8764956635423005,0.8764956635423005,1.0,1.0,6.0,-100.0,-67.82161933369935,-100.0,-8.484150961461154,0.014140251602435257,0.198279470205307,True
210,21,420.0,1.1187962186522782,0.0,-1.1187962186522782,1.1187962186522782,1.0,1.0,6.0,-100.0,-87.64956635423005,-100.0,-13.08286253238239,0.02180477088730398,0.24230055510997772,True
211,22,422.0,1.4324491512961686,0.0,-1.4324491512961686,1.4324491512961686,50.0,46.0,13.0,-100.0,-2.2375924373045564,-100.0,-0.7992212178028005,0.030739277607800024,0.3136529326438904,True
212,22,424.0,1.5476051610894501,0.0,-1.5476051610894501,1.5476051610894501,50.0,46.0,13.0,-100.0,-2.864898302592337,-100.0,-1.0936912756622477,0.0420650490639326,0.11515600979328156,True
213,22,426.0,1.6244910177774727,0.0,-1.6244910177774727,1.6244910177774727,50.0,46.0,13.0,-100.0,-3.0952103221789002,-100.0,-1.125467839720133,0.0432872246046205,0.07688585668802261,True
214,22,428.0,1.6359011339955032,0.0,-1.6359011339955032,1.6359011339955032,50.0,46.0,13.0,-100.0,-3.2489820355549455,-100.0,-1.1089816384684343,0.042653139941093626,0.011410116218030453,True
215,22,430.0,1.620746169704944,0.0,-1.620746169704944,1.620746169704944,50.0,46.0,13.0,-100.0,-3.2718022679910064,-100.0,-1.016682064777171,0.0391031563375835,-0.015154964290559292,True
216,22,432.0,1.5966126532293856,0.0,-1.5966126532293856,1.5966126532293856,50.0,46.0,13.0,-100.0,-3.241492339409888,-100.0,-0.9017895510221983,0.034684213500853774,-0.02413351647555828,True
217,22,434.0,1.5626775161363184,0.0,-1.5626775161363184,1.5626775161363184,50.0,46.0,13.0,-100.0,-3.1932253064587712,-100.0,-0.7872447999537355,0.03027864615206675,-0.03393513709306717,True
218,22,436.0,1.5207737484015524,0.0,-1.5207737484015524,1.5207737484015524,50.0,46.0,13.0,-100.0,-3.1253550322726373,-100.0,-0.672041851491273,0.025847763518895117,-0.041903767734766006,True
219,22,438.0,1.4744997755624354,0.0,-1.4744997755624354,1.4744997755624354,50.0,46.0,13.0,-100.0,-3.041547496803105,-100.0,-0.5584099073762122,0.021477304129854317,-0.04627397283911705,True
220,22,440.0,1.4402769752778113,0.0,-1.4402769752778113,1.4402769752778113,50.0,46.0,13.0,-100.0,-2.9489995511248708,-100.0,-0.45045210070022185,0.01732508079616238,-0.0342228002846241,True
221,23,442.0,1.3952311375178397,0.0,-1.3952311375178397,1.3952311375178397,50.0,806.0,15.0,-100.0,-2.8805539505556226,-100.0,-0.4235026800429084,0.01411675600143028,-0.04504583775997162,True
222,23,444.0,1.3650207896716893,0.0,-1.3650207896716893,1.3650207896716893,50.0,806.0,15.0,-100.0,-2.7904622750356793,-100.0,-0.3216744046046396,0.010722480153487986,-0.030210347846150398,True
223,23,446.0,1.3238070947118104,0.0,-1.3238070947118104,1.3238070947118104,50.0,806.0,15.0,-100.0,-2.7300415793433785,-100.0,-0.24979114727808371,0.008326371575936124,-0.04121369495987892,True
224,23,448.0,1.2867637840099633,0.0,-1.2867637840099633,1.2867637840099633,50.0,806.0,15.0,-100.0,-2.6476141894236207,-100.0,-0.1697591564539856,0.005658638548466186,-0.037043310701847076,True
225,23,450.0,1.245219108182937,0.0,-1.245219108182937,1.245219108182937,50.0,806.0,15.0,-100.0,-2.5735275680199265,-100.0,-0.10304867523935665,0.003434955841311888,-0.04154467582702637,True
226,23,452.0,1.207534481305629,0.0,-1.207534481305629,1.207534481305629,50.0,806.0,15.0,-100.0,-2.490438216365874,-100.0,-0.036563008354601335,0.001218766945153378,-0.03768462687730789,True
227,23,454.0,1.1665054862387478,0.0,-1.1665054862387478,1.1665054862387478,50.0,806.0,15.0,-100.0,-2.415068962611258,-100.0,0.01831654118841795,-0.000610551372947265,-0.04102899506688118,True
228,23,456.0,1.1249568169005215,0.0,-1.1249568169005215,1.1249568169005215,50.0,806.0,15.0,-100.0,-2.3330109724774957,-100.0,0.07252198677866527,-0.0024173995592888424,-0.04154866933822632,True
229,23,458.0,1.0852085878141224,0.0,-1.0852085878141224,1.0852085878141224,50.0,806.0,15.0,-100.0,-2.249913633801043,-100.0,0.1222654986242237,-0.004075516620807457,-0.03974822908639908,True
230,23,460.0,1.0439531696029007,0.0,-1.0439531696029007,1.0439531696029007,50.0,806.0,15.0,-100.0,-2.170417175628245,-100.0,0.16480867847254954,-0.005493622615751651,-0.041255418211221695,True
231,24,462.0,0.9995543328113854,0.0,-0.9995543328113854,0.9995543328113854,46.0,1000.0,9.0,-100.0,-2.269463412180219,-100.0,0.13392331987362088,-0.006844969682429512,-0.04439883679151535,True
232,24,464.0,0.9563728612847626,0.0,-0.9563728612847626,0.9563728612847626,46.0,1000.0,9.0,-100.0,-2.1729442017638814,-100.0,0.16063640874170423,-0.008210305335687106,-0.04318147152662277,True
233,24,466.0,0.9143338319845498,0.0,-0.9143338319845498,0.9143338319845498,46.0,1000.0,9.0,-100.0,-2.079071437575571,-100.0,0.1837186339706611,-0.009390063514056012,-0.04203902930021286,True
234,24,468.0,0.8694510315544903,0.0,-0.8694510315544903,0.8694510315544903,46.0,1000.0,9.0,-100.0,-1.9876822434446735,-100.0,0.2035829778498855,-0.01040535220121637,-0.04488280043005943,True
235,24,470.0,0.8291419637389481,0.0,-0.8291419637389481,0.8291419637389481,46.0,1000.0,9.0,-100.0,-1.8901109381619354,-100.0,0.22408169878538362,-0.011453064604586274,-0.04030906781554222,True
236,24,472.0,0.7855991800315678,0.0,-0.7855991800315678,0.7855991800315678,46.0,1000.0,9.0,-100.0,-1.8024825298672786,-100.0,0.23855721540111707,-0.012192924342723763,-0.043542783707380295,True
237,24,474.0,0.7417390686459839,0.0,-0.7417390686459839,0.7417390686459839,46.0,1000.0,9.0,-100.0,-1.7078243044164516,-100.0,0.2545279604674893,-0.013009206868338345,-0.04386011138558388,True
238,24,476.0,0.698707812000066,0.0,-0.698707812000066,0.698707812000066,46.0,1000.0,9.0,-100.0,-1.6124762361869216,-100.0,0.26925749252911846,-0.013762049618154944,-0.04303125664591789,True
239,24,478.0,0.6559512880630791,0.0,-0.6559512880630791,0.6559512880630791,46.0,1000.0,9.0,-100.0,-1.5189300260871001,-100.0,0.2818448048311105,-0.014405401135812318,-0.04275652393698692,True
240,24,480.0,0.6113060680218041,0.0,-0.6113060680218041,0.6113060680218041,46.0,1000.0,9.0,-100.0,-1.4259810610066936,-100.0,0.29298707438588717,-0.014974894913056456,-0.044645220041275024,True
241,25,482.0,0.42959554167464375,0.0,-0.42959554167464375,0.42959554167464375,1.0,1.0,4.0,-100.0,-61.13060680218041,-100.0,6.230368378749873,-0.015575920946874683,-0.18171052634716034,True
242,25,484.0,0.2867021826095879,0.0,-0.2867021826095879,0.2867021826095879,1.0,1.0,4.0,-100.0,-42.959554167464375,-100.0,8.940121787868277,-0.022350304469670693,-0.14289335906505585,True
243,25,486.0,0.1331087169237435,0.0,-0.1331087169237435,0.1331087169237435,1.0,1.0,4.0,-100.0,-28.67021826095879,-100.0,10.685575706888224,-0.02671393926722056,-0.15359346568584442,True
244,25,488.0,0.008453254122287035,0.0,-0.008453254122287035,0.008453254122287035,1.0,1.0,4.0,-100.0,-13.310871692374349,-100.0,12.459092993547882,-0.031147732483869706,-0.12465546280145645,True
245,25,490.0,-0.09313591895624995,0.0,0.09313591895624995,0.09313591895624995,1.0,1.0,4.0,-87.30807342462099,-0.8453254122287035,-100.0,13.537251987607723,-0.03384312996901931,-0.10158917307853699,True
246,25,492.0,-0.13441508216783404,0.0,0.13441508216783404,0.13441508216783404,1.0,1.0,4.0,-20.655770563387257,9.313591895624995,-44.06251113738747,14.093148678375215,-0.035232871695938035,-0.04127916321158409,True
247,25,494.0,-0.23247319413349032,0.0,0.23247319413349032,0.23247319413349032,1.0,1.0,4.0,39.37712715704068,13.441508216783404,12.436224751596702,13.49939418866057,-0.03374848547165143,-0.09805811196565628,True
248,25,496.0,-0.3040829445235431,0.0,0.3040829445235431,0.3040829445235431,1.0,1.0,4.0,96.17287938191514,23.247319413349032,58.93086357829475,13.994696390271367,-0.034986740975678415,-0.0716097503900528,True
249,25,498.0,-0.40844595385715365,0.0,0.40844595385715365,0.40844595385715365,1.0,1.0,4.0,100.0,30.408294452354312,100.0,13.96183808205041,-0.034904595205126024,-0.10436300933361053,True
250,25,500.0,-0.3794206562452018,0.0,0.3794206562452018,0.3794206562452018,1.0,1.0,4.0,100.0,40.844595385715365,100.0,14.527670721185027,-0.036319176802962566,0.029025297611951828,True
251,26,502.0,-0.29672915069386363,0.0,0.29672915069386363,0.29672915069386363,1.0,1000.0,4.0,100.0,37.94206562452018,100.0,12.614112566998639,-0.0315352814174966,0.0826915055513382,True
252,26,504.0,-0.18829790083691478,0.0,0.18829790083691478,0.18829790083691478,1.0,1000.0,4.0,100.0,29.672915069386363,100.0,9.907268426437009,-0.024768171066092522,0.10843124985694885,True
253,26,506.0,-0.03520930139347911,0.0,0.03520930139347911,0.03520930139347911,1.0,1000.0,4.0,100.0,18.829790083691478,100.0,6.990599854275439,-0.0174764996356886,0.15308859944343567,True
254,26,508.0,0.13646144839003682,0.0,-0.13646144839003682,0.13646144839003682,1.0,1000.0,4.0,100.0,3.520930139347911,100.0,3.5401407163657863,-0.008850351790914465,0.17167074978351593,True
255,26,510.0,0.380225804168731,0.0,-0.380225804168731,0.380225804168731,1.0,1000.0,4.0,86.35283398488068,-13.646144839003682,99.918041172138,0.08093765174635406,-0.00020234412936588514,0.24376435577869415,True
256,26,512.0,0.6019165334291756,0.0,-0.6019165334291756,0.6019165334291756,1.0,1000.0,4.0,57.30791614879923,-38.0225804168731,99.6896773257904,-4.359180760118064,0.010897951900295159,0.22169072926044464,True
257,26,514.0,0.9408681211061776,0.0,-0.9408681211061776,0.9408681211061776,1.0,1000.0,4.0,31.16212165753095,-60.19165334291756,99.3281658943014,-7.974390893852893,0.01993597723463223,0.33895158767700195,True
258,26,516.0,1.1143265482969582,0.0,-1.1143265482969582,1.1143265482969582,1.0,1000.0,4.0,-8.700648917522258,-94.08681211061776,98.76307993567903,-13.376916742583534,0.03344229185645883,0.17345842719078064,True
259,26,518.0,1.4686019537039101,0.0,-1.4686019537039101,1.4686019537039101,1.0,1000.0,4.0,-28.593755471386395,-100.0,98.0938147415066,-15.25491538319718,0.03813728845799295,0.3542754054069519,True
260,26,520.0,1.6078269300051033,0.0,-1.6078269300051033,1.6078269300051033,1.0,1000.0,4.0,-69.00797102323546,-100.0,98.0938147415066,-20.241590394351054,0.05060397598587763,0.13922497630119324,True
261,27,522.0,1.9159929570741951,0.0,-1.9159929570741951,1.9159929570741951,1.0,1000.0,1.0,-67.89945325590728,-100.0,98.0938147415066,-5.210574996903544,0.05210574996903544,0.3081660270690918,True
262,27,524.0,2.0121903237886727,0.0,-2.0121903237886727,2.0121903237886727,1.0,1000.0,1.0,-99.61987708195312,-100.0,98.0938147415066,-6.1143961160402105,0.061143961160402105,0.09619736671447754,True
263,27,526.0,2.099270683247596,0.0,-2.099270683247596,2.099270683247596,1.0,1000.0,1.0,-100.0,-100.0,98.0938147415066,-5.968438998601481,0.059684389986014816,0.08708035945892334,True
264,27,528.0,2.2186519321985543,0.0,-2.2186519321985543,2.2186519321985543,1.0,1000.0,1.0,-100.0,-100.0,98.0938147415066,-5.7949607393293325,0.05794960739329332,0.11938124895095825,True
265,27,530.0,2.216675523435697,0.0,-2.216675523435697,2.216675523435697,1.0,1000.0,1.0,-100.0,-100.0,98.0938147415066,-5.784863267573795,0.05784863267573795,-0.001976408762857318,True
266,27,532.0,2.1712816243525594,0.0,-2.1712816243525594,2.1712816243525594,1.0,1000.0,1.0,-100.0,-100.0,98.0938147415066,-5.224063616791932,0.052240636167919324,-0.04539389908313751,True
267,27,534.0,2.1718632270931266,0.0,-2.1718632270931266,2.1718632270931266,1.0,1000.0,1.0,-100.0,-100.0,98.0938147415066,-4.519391959425905,0.04519391959425905,0.0005816027405671775,True
268,27,536.0,2.0575621416210197,0.0,-2.0575621416210197,2.0575621416210197,1.0,1000.0,1.0,-100.0,-100.0,98.0938147415066,-4.090933169832213,0.04090933169832213,-0.11430108547210693,True
269,27,538.0,1.8762027015327476,0.0,-1.8762027015327476,1.8762027015327476,1.0,1000.0,1.0,-100.0,-100.0,98.0938147415066,-3.1811132817200507,0.03181113281720051,-0.1813594400882721,True
270,27,540.0,1.7293438752531074,0.0,-1.7293438752531074,1.7293438752531074,1.0,1000.0,1.0,-91.57970347258613,-100.0,98.0938147415066,-2.0532480608179684,0.020532480608179686,-0.1468588262796402,True
271,28,542.0,1.6163346608518623,0.0,-1.6163346608518623,1.6163346608518623,1.0,208.0,1.0,-76.03037439081963,-100.0,98.0938147415066,-1.1898016070154898,0.011898016070154898,-0.11300921440124512,True
272,28,544.0,1.4687426229356788,0.0,-1.4687426229356788,1.4687426229356788,1.0,208.0,1.0,-64.10224317238634,-100.0,98.0938147415066,-0.5625918287067202,0.005625918287067202,-0.14759203791618347,True
273,28,546.0,1.3544069742201827,0.0,-1.3544069742201827,1.3544069742201827,1.0,208.0,1.0,-48.61845288927012,-100.0,98.0938147415066,0.16199466279116118,-0.0016199466279116117,-0.11433564871549606,True
274,28,548.0,1.2700186734437011,0.0,-1.2700186734437011,1.2700186734437011,1.0,208.0,1.0,-36.68059575604327,-100.0,98.0938147415066,0.6662869244684068,-0.006662869244684067,-0.08438830077648163,True
275,28,550.0,1.1520592783926986,0.0,-1.1520592783926986,1.1520592783926986,1.0,208.0,1.0,-27.921711707843205,-100.0,98.0938147415066,0.9863408950203045,-0.009863408950203045,-0.1179593950510025,True
276,28,552.0,1.0410748114227317,0.0,-1.0410748114227317,1.0410748114227317,1.0,208.0,1.0,-19.0102156668223,-100.0,94.76724024857322,1.4284719238743453,-0.014284719238743453,-0.11098446696996689,True
277,28,554.0,0.9135219742893241,0.0,-0.9135219742893241,0.9135219742893241,1.0,208.0,1.0,-10.549625629254068,-100.0,91.7611337244836,1.7967217885355034,-0.017967217885355033,-0.1275528371334076,True
278,28,556.0,0.8140593757270835,0.0,-0.8140593757270835,0.8140593757270835,1.0,208.0,1.0,-0.023700380147415392,-91.35219742893241,89.12333638592575,2.2051606628592424,-0.022051606628592426,-0.0994625985622406,True
279,28,558.0,0.725764214002993,0.0,-0.725764214002993,0.725764214002993,1.0,208.0,1.0,7.813746682899045,-81.40593757270835,86.77273758791495,2.4469466676924476,-0.024469466676924477,-0.08829516172409058,True
280,28,560.0,0.6639452976523899,0.0,-0.6639452976523899,0.6639452976523899,1.0,208.0,1.0,14.715574020047848,-72.5764214002993,84.67709132433501,2.6149040960121357,-0.026149040960121356,-0.061818916350603104,True
281,29,562.0,0.6242599104880355,0.0,-0.6242599104880355,0.6242599104880355,1.0,155.0,1.0,18.35636297054839,-66.39452976523899,82.10440781119979,2.6464849245875897,-0.026464849245875898,-0.039685387164354324,True
282,29,564.0,0.6122731211944483,0.0,-0.6122731211944483,0.6122731211944483,1.0,155.0,1.0,19.833946967268183,-62.42599104880355,79.68549892623203,2.5744390898397134,-0.025744390898397133,-0.011986789293587208,True
283,29,566.0,0.5948924626572989,0.0,-0.5948924626572989,0.5948924626572989,1.0,155.0,1.0,18.46907874763636,-61.22731211944483,77.31303696287087,2.383353904210329,-0.02383353904210329,-0.01738065853714943,True
284,29,568.0,0.5960564773413353,0.0,-0.5960564773413353,0.5960564773413353,1.0,155.0,1.0,17.753691642276078,-59.48924626572989,75.0079223153565,2.235015592649477,-0.022350155926494766,0.001164014684036374,True
285,29,570.0,0.5880236105876975,0.0,-0.5880236105876975,0.5880236105876975,1.0,155.0,1.0,15.109176732536886,-59.60564773413353,72.69829729417535,2.016527172495073,-0.02016527172495073,-0.00803286675363779,True
286,29,572.0,0.595399915415328,0.0,-0.595399915415328,0.595399915415328,1.0,155.0,1.0,13.47812457793244,-58.80236105876975,70.41979836716696,1.8606872695352243,-0.018606872695352245,0.00737630482763052,True
287,29,574.0,0.5912871083128266,0.0,-0.5912871083128266,0.5912871083128266,1.0,155.0,1.0,10.222392014491497,-59.5399915415328,68.11271742009608,1.6496661359282172,-0.016496661359282173,-0.004112807102501392,True
288,29,576.0,0.6039303179713897,0.0,-0.6039303179713897,0.6039303179713897,1.0,155.0,1.0,8.20386331900961,-59.12871083128266,65.82157295312787,1.5110011971643982,-0.015110011971643982,0.012643209658563137,True
289,29,578.0,0.599956039513927,0.0,-0.599956039513927,0.599956039513927,1.0,155.0,1.0,4.39780049435509,-60.393031797138974,63.48143803896957,1.3093942525244915,-0.013093942525244914,-0.003974278457462788,True
290,29,580.0,0.6102661035838537,0.0,-0.6102661035838537,0.6102661035838537,1.0,155.0,1.0,2.3636568411977597,-59.995603951392695,61.15670282822108,1.2025579643693785,-0.012025579643693784,0.010310064069926739,True
291,30,582.0,0.6042740179109387,0.0,-0.6042740179109387,0.6042740179109387,1.0,155.0,1.0,-1.193613375046415,-61.02661035838537,58.79201774216516,1.040979241173795,-0.01040979241173795,-0.005992085672914982,True
292,30,584.0,0.6072151301777922,0.0,-0.6072151301777922,0.6072151301777922,1.0,155.0,1.0,-3.007931303887502,-60.42740179109387,56.450551044844886,0.9689194423614815,-0.009689194423614815,0.0029411122668534517,True
293,30,586.0,0.5899854800081812,0.0,-0.5899854800081812,0.5899854800081812,1.0,155.0,1.0,-5.760699988377302,-60.721513017779216,54.097688000467016,0.8631250289348993,-0.008631250289348993,-0.017229650169610977,True
294,30,588.0,0.5807822015485726,0.0,-0.5807822015485726,0.5807822015485726,1.0,155.0,1.0,-6.327846693890541,-58.99854800081812,51.811587138282846,0.8591141686447342,-0.008591141686447342,-0.009203278459608555,True
295,30,590.0,0.5579947945079766,0.0,-0.5579947945079766,0.5579947945079766,1.0,155.0,1.0,-7.6980728515644135,-58.07822015485726,49.5611475313912,0.8189997719016456,-0.008189997719016457,-0.02278740704059601,True
296,30,592.0,0.5390048347762786,0.0,-0.5390048347762786,0.5390048347762786,1.0,155.0,1.0,-7.556011565120721,-55.79947945079766,47.39900553969125,0.8444623459856884,-0.008444623459856884,-0.018989959731698036,True
297,30,594.0,0.5118130244663917,0.0,-0.5118130244663917,0.5118130244663917,1.0,155.0,1.0,-7.739803132627578,-53.90048347762786,45.31044665263797,0.8502336923623106,-0.008502336923623106,-0.027191810309886932,True
298,30,596.0,0.48512785736238584,0.0,-0.48512785736238584,0.48512785736238584,1.0,155.0,1.0,-6.961312364686981,-51.181302446639165,43.327251750123665,0.892738331828522,-0.00892738331828522,-0.026685167104005814,True
299,30,598.0,0.44673425558721647,0.0,-0.44673425558721647,0.44673425558721647,1.0,155.0,1.0,-6.1364426818248035,-48.512785736238584,41.44745766947891,0.9288853849348757,-0.009288853849348758,-0.03839360177516937,True
300,30,600.0,0.4023885414353572,0.0,-0.4023885414353572,0.4023885414353572,1.0,155.0,1.0,-3.942184435276927,-44.67342555872165,39.716432751965705,1.0148083714790173,-0.010148083714790174,-0.04434571415185928,True
301,31,602.0,0.3834090181044303,0.0,-0.3834090181044303,0.3834090181044303,1.0,238.0,3.0,1.8209148940841018,-40.23885414353572,38.70099241725613,3.3587766203636895,-0.011195922067878965,-0.018979523330926895,True
302,31,604.0,0.303504022245761,0.0,-0.303504022245761,0.303504022245761,1.0,238.0,3.0,2.689760524200692,-38.34090181044303,37.73344751578891,3.2972148188548114,-0.010990716062849373,-0.07990499585866928,True
303,31,606.0,0.2764668394229375,0.0,-0.2764668394229375,0.2764668394229375,1.0,238.0,3.0,10.689530189187007,-30.3504022245761,36.96754542316074,4.072386990602367,-0.01357462330200789,-0.027037182822823524,True
304,31,608.0,0.19917988817906007,0.0,-0.19917988817906007,0.19917988817906007,1.0,238.0,3.0,12.675827894849395,-27.64668394229375,36.26987252482641,4.052639312316737,-0.013508797707722455,-0.07728695124387741,True
305,31,610.0,0.18034362647449598,0.0,-0.18034362647449598,0.18034362647449598,1.0,238.0,3.0,20.56929562785629,-19.917988817906007,35.76723571613773,4.720048729624563,-0.015733495765415207,-0.018836261704564095,True
306,31,612.0,0.11784634593641385,0.0,-0.11784634593641385,0.11784634593641385,1.0,238.0,3.0,21.8044522952805,-18.034362647449598,35.31213281540215,4.526682127327948,-0.015088940424426494,-0.06249728053808212,True
307,31,614.0,0.10817024990683421,0.0,-0.10817024990683421,0.10817024990683421,1.0,238.0,3.0,28.177290206580995,-11.784634593641385,35.01474379797356,4.947181002248822,-0.01649060334082941,-0.00967609602957964,True
308,31,616.0,0.06768298655515537,0.0,-0.06768298655515537,0.06768298655515537,1.0,238.0,3.0,28.53197575904545,-10.817024990683421,34.741772717884615,4.607228031844265,-0.015357426772814216,-0.04048726335167885,True
309,31,618.0,0.0653230330790393,0.0,-0.0653230330790393,0.0653230330790393,1.0,238.0,3.0,32.52255938180003,-6.768298655515537,34.570972539836454,4.719885497479118,-0.015732951658263727,-0.002359953476116061,True
310,31,620.0,0.05918965832097456,0.0,-0.05918965832097456,0.05918965832097456,1.0,238.0,3.0,32.17566585576074,-6.5323033079039305,34.406127779751074,4.301841383913601,-0.014339471279712003,-0.006133374758064747,True
311,32,622.0,0.0634383584256284,0.0,-0.0634383584256284,0.0634383584256284,1.0,240.0,2.0,30.989128840487272,-5.918965832097456,34.25800551168059,2.6500891609041406,-0.013250445804520703,0.004248700104653835,True
312,32,624.0,0.12494934228016064,0.0,-0.12494934228016064,0.12494934228016064,1.0,240.0,2.0,30.114086123981682,-6.343835842562839,34.09925086096579,2.3586711055787295,-0.011793355527893647,0.06151098385453224,True
313,32,626.0,0.14637167257023975,0.0,-0.14637167257023975,0.14637167257023975,1.0,240.0,2.0,22.866078231560493,-12.494934228016064,33.78656481922362,1.5744476403529384,-0.007872238201764692,0.021422330290079117,True
314,32,628.0,0.24313766759587452,0.0,-0.24313766759587452,0.24313766759587452,1.0,240.0,2.0,20.01260146419493,-14.637167257023975,33.42026934232114,1.2294993788977642,-0.00614749689448882,0.09676599502563477,True
315,32,630.0,0.3409175078268163,0.0,-0.3409175078268163,0.3409175078268163,1.0,240.0,2.0,8.730513881906296,-24.313766759587452,32.8118167207099,0.23246392078385136,-0.0011623196039192568,0.09777984023094177,True
316,32,632.0,0.3216162367607467,0.0,-0.3216162367607467,0.3216162367607467,1.0,240.0,2.0,-2.811763219453461,-34.09175078268163,31.958669804226368,-0.6786822409982015,0.0033934112049910075,-0.019301271066069603,True
317,32,634.0,0.32055157417198643,0.0,-0.32055157417198643,0.32055157417198643,1.0,240.0,2.0,-1.4462636627085104,-32.16162367607467,31.153824366887207,-0.4384643535210476,0.002192321767605238,-0.0010646625887602568,True
318,32,636.0,0.41637164348503575,0.0,-0.41637164348503575,0.41637164348503575,1.0,240.0,2.0,-2.0904741696894784,-32.05515741719864,30.3516432503407,-0.38696000283153403,0.0019348000141576702,0.09582006931304932,True
319,32,638.0,0.35601881513139233,0.0,-0.35601881513139233,0.35601881513139233,1.0,240.0,2.0,-13.548694411976111,-41.637164348503575,29.309672170548275,-1.2212022340208109,0.006106011170104055,-0.06035282835364342,True
320,32,640.0,0.3567522718803957,0.0,-0.3567522718803957,0.3567522718803957,1.0,240.0,2.0,-7.739158139805963,-35.60188151313923,28.418734194743966,-0.5560108214106957,0.002780054107053478,0.0007334567490033805,True
321,33,642.0,0.35846811009105295,0.0,-0.35846811009105295,0.35846811009105295,1.0,240.0,2.0,-8.658907930603576,-35.67522718803957,27.52596074158977,-0.5096414841537779,0.002548207420768889,0.001715838210657239,True
322,33,644.0,0.3363036256050691,0.0,-0.3363036256050691,0.3363036256050691,1.0,240.0,2.0,-9.69454428836478,-35.846811009105295,26.62889339901955,-0.47662667827903377,0.002383133391395169,-0.02216448448598385,True
323,33,646.0,0.28998027776833624,0.0,-0.28998027776833624,0.28998027776833624,1.0,240.0,2.0,-8.072721515962554,-33.63036256050691,25.787292734342238,-0.22965168979788153,0.0011482584489894076,-0.046323347836732864,True
324,33,648.0,0.28078293369617313,0.0,-0.28078293369617313,0.28078293369617313,1.0,240.0,2.0,-3.7230051212546957,-28.998027776833624,25.061616363550556,0.21340629202837366,-0.0010670314601418684,-0.009197344072163105,True
325,33,650.0,0.2339816683670506,0.0,-0.2339816683670506,0.2339816683670506,1.0,240.0,2.0,-3.4426692024446752,-28.078293369617313,24.358956369315866,0.27666779785677303,-0.0013833389892838651,-0.04680126532912254,True
326,33,652.0,0.2210969574516639,0.0,-0.2210969574516639,0.2210969574516639,1.0,240.0,2.0,1.0510230457178675,-23.39816683670506,23.77341665868762,0.6757732237353081,-0.0033788661186765407,-0.012884710915386677,True
327,33,654.0,0.18148701486643404,0.0,-0.18148701486643404,0.18148701486643404,1.0,240.0,2.0,1.8388789207566962,-22.10969574516639,23.22012096936912,0.7284536965539695,-0.0036422684827698477,-0.039609942585229874,True
328,33,656.0,0.1709060346474871,0.0,-0.1709060346474871,0.1709060346474871,1.0,240.0,2.0,5.636330895371121,-18.148701486643404,22.765949260494157,1.0190831215203693,-0.005095415607601846,-0.010580980218946934,True
329,33,658.0,0.1308052291860804,0.0,-0.1308052291860804,0.1308052291860804,1.0,240.0,2.0,6.265723932542971,-17.09060346474871,22.338256481096018,1.0180709161956625,-0.005090354580978312,-0.04010080546140671,True
330,33,660.0,0.09690813103225082,0.0,-0.09690813103225082,0.09690813103225082,1.0,240.0,2.0,10.215929753360204,-13.08052291860804,22.010916067717456,1.2855366042507865,-0.006427683021253933,-0.033897098153829575,True
331,34,662.0,0.00674765685107559,0.0,-0.00674765685107559,0.00674765685107559,1.0,1000.0,2.0,13.732987358133528,-9.690813103225082,21.952712986016387,1.471087475342223,-0.007355437376711115,-0.09016047418117523,True
332,34,664.0,0.10508019605185837,0.0,-0.10508019605185837,0.10508019605185837,1.0,1000.0,2.0,23.424355398237385,-0.674765685107559,21.948660339258986,2.150460744085959,-0.010752303720429793,0.09833253920078278,True
333,34,666.0,0.0019647268345579505,0.0,-0.0019647268345579505,0.0019647268345579505,1.0,1000.0,2.0,12.428862394415455,-10.508019605185837,21.885549110398994,1.051332889202297,-0.005256664446011486,-0.10311546921730042,True
334,34,668.0,0.0585960348835215,0.0,-0.0585960348835215,0.0585960348835215,1.0,1000.0,2.0,23.576423905705408,-0.19647268345579505,21.884369094282118,1.8885274948790844,-0.009442637474395423,0.05663130804896355,True
335,34,670.0,0.01303105556871742,0.0,-0.01303105556871742,0.01303105556871742,1.0,1000.0,2.0,17.183087473197247,-5.85960348835215,21.849176280538252,1.1935146810111454,-0.005967573405055727,-0.04556497931480408,True
336,34,672.0,0.058407702832482755,0.0,-0.058407702832482755,0.058407702832482755,1.0,1000.0,2.0,22.032167015199118,-1.303105556871742,21.841349820737232,1.4939227513336255,-0.007469613756668127,0.045376647263765335,True
337,34,674.0,0.013155688880942762,0.0,-0.013155688880942762,0.013155688880942762,1.0,1000.0,2.0,16.90437338377043,-5.8407702832482755,21.806270119336357,0.9388735476823482,-0.004694367738411741,-0.04525201395153999,True
338,34,676.0,0.07769354933407158,0.0,-0.07769354933407158,0.07769354933407158,1.0,1000.0,2.0,21.743526285817538,-1.3155688880942762,21.798368804693126,1.2607263692186894,-0.0063036318460934476,0.06453786045312881,True
339,34,678.0,0.024730247794650495,0.0,-0.024730247794650495,0.024730247794650495,1.0,1000.0,2.0,14.536067365845895,-7.769354933407158,21.751706012300275,0.5537162869527769,-0.002768581434763884,-0.05296330153942108,True
340,34,680.0,0.0954128330340609,0.0,-0.0954128330340609,0.0954128330340609,1.0,1000.0,2.0,20.246244959719466,-2.4730247794650495,21.736853010621804,0.9824167285627133,-0.0049120836428135665,0.0706825852394104,True
341,35,682.0,0.04118025430943817,0.0,-0.04118025430943817,0.04118025430943817,1.0,1000.0,1.0,12.261309361941668,-9.54128330340609,21.679548005796544,0.1230446595512126,-0.001230446595512126,-0.054232578724622726,True
342,35,684.0,0.09896239393856376,0.0,-0.09896239393856376,0.09896239393856376,1.0,1000.0,1.0,17.89462662059976,-4.118025430943817,21.65481512032543,0.35783693121814064,-0.0035783693121814062,0.057782139629125595,True
343,35,686.0,0.06545224913861603,0.0,-0.06545224913861603,0.06545224913861603,1.0,1000.0,1.0,11.76017692118462,-9.896239393856376,21.595378247089037,0.061038067951959284,-0.0006103806795195928,-0.03351014479994774,True
344,35,688.0,0.09719990694429725,0.0,-0.09719990694429725,0.09719990694429725,1.0,1000.0,1.0,15.218388138906253,-6.5452249138616025,21.556067586945748,0.20754546582210553,-0.0020754546582210554,0.03174765780568123,True
345,35,690.0,0.07752789126243442,0.0,-0.07752789126243442,0.07752789126243442,1.0,1000.0,1.0,11.821128464120042,-9.719990694429725,21.49768926445669,0.043429894093081074,-0.00043429894093081076,-0.01967201568186283,True
346,35,692.0,0.09213014913257211,0.0,-0.09213014913257211,0.09213014913257211,1.0,1000.0,1.0,13.827048658687117,-7.752789126243442,21.451125966401165,0.1287118185293945,-0.001287118185293945,0.014602257870137691,True
347,35,694.0,0.08032774680759758,0.0,-0.08032774680759758,0.08032774680759758,1.0,1000.0,1.0,12.23283301933903,-9.213014913257211,21.395792543498736,0.05005538909750258,-0.0005005538909750258,-0.011802402324974537,True
348,35,696.0,0.08553226699586958,0.0,-0.08553226699586958,0.08553226699586958,1.0,1000.0,1.0,13.413704739210583,-8.032774680759758,21.347547650521182,0.0989317694491588,-0.000989317694491588,0.005204520188271999,True
349,35,698.0,0.07633544446434826,0.0,-0.07633544446434826,0.07633544446434826,1.0,1000.0,1.0,12.80878632489312,-8.553226699586958,21.296176919592757,0.06583610488732038,-0.0006583610488732038,-0.00919682253152132,True
350,35,700.0,0.07743683329317719,0.0,-0.07743683329317719,0.07743683329317719,1.0,1000.0,1.0,13.718148133783032,-7.633544446434826,21.250329805800348,0.10136277441750853,-0.0010136277441750853,0.0011013888288289309,True
351,36,702.0,0.06882838311139494,0.0,-0.06882838311139494,0.06882838311139494,1.0,1000.0,1.0,13.546825023195069,-7.743683329317719,21.203821197215834,0.08668715529695575,-0.0008668715529695575,-0.008608450181782246,True
352,36,704.0,0.0667810746235773,0.0,-0.0667810746235773,0.0667810746235773,1.0,1000.0,1.0,14.397194758954546,-6.882838311139494,21.162482828980778,0.11755024111326251,-0.001175502411132625,-0.002047308487817645,True
353,36,706.0,0.05818266037385911,0.0,-0.05818266037385911,0.05818266037385911,1.0,1000.0,1.0,14.559910409820699,-6.67810746235773,21.12237407545311,0.11564379672531785,-0.0011564379672531786,-0.00859841424971819,True
354,36,708.0,0.05510058917570859,0.0,-0.05510058917570859,0.05510058917570859,1.0,1000.0,1.0,15.412862598572646,-5.818266037385911,21.087429534688027,0.14369910127052873,-0.0014369910127052872,-0.0030820711981505156,True
355,36,710.0,0.04818254162091762,0.0,-0.04818254162091762,0.04818254162091762,1.0,1000.0,1.0,15.68827930482234,-5.510058917570859,21.054336087735624,0.14400213465757247,-0.0014400213465757248,-0.006918047554790974,True
356,36,712.0,0.04494518169667572,0.0,-0.04494518169667572,0.04494518169667572,1.0,1000.0,1.0,16.36885723366285,-4.818254162091762,21.025397624299636,0.16171377145497642,-0.0016171377145497642,-0.0032373599242419004,True
357,36,714.0,0.0394770692801103,0.0,-0.0394770692801103,0.0394770692801103,1.0,1000.0,1.0,16.664889654204448,-4.494518169667572,20.99840352117851,0.16100430269351032,-0.0016100430269351033,-0.005468112416565418,True
358,36,716.0,0.03710189799312502,0.0,-0.03710189799312502,0.03710189799312502,1.0,1000.0,1.0,17.197489664446554,-3.94770692801103,20.974693569658942,0.1705030227986444,-0.0017050302279864441,-0.002375171286985278,True
359,36,718.0,0.03317740058992058,0.0,-0.03317740058992058,0.03317740058992058,1.0,1000.0,1.0,17.40725617870996,-3.710189799312502,20.952410147440837,0.16503583058162427,-0.0016503583058162428,-0.003924497403204441,True
360,36,720.0,0.03189011465292424,0.0,-0.03189011465292424,0.03189011465292424,1.0,1000.0,1.0,17.78187677063152,-3.317740058992058,20.93248378072018,0.16713304890340203,-0.0016713304890340203,-0.0012872859369963408,True
361,37,722.0,0.02937636256683618,0.0,-0.02937636256683618,0.02937636256683618,1.0,1000.0,1.0,17.88136112140257,-3.189011465292424,20.913330558706388,0.1570420279886045,-0.001570420279886045,-0.0025137520860880613,True
362,37,724.0,0.028657548420596868,0.0,-0.028657548420596868,0.028657548420596868,1.0,1000.0,1.0,18.111539672629426,-2.937636256683618,20.895687097705306,0.153488831607737,-0.0015348883160773699,-0.0007188141462393105,True
363,37,726.0,0.027227751503232867,0.0,-0.027227751503232867,0.027227751503232867,1.0,1000.0,1.0,18.154835692439754,-2.865754842059687,20.87847535691214,0.14211517758730272,-0.0014211517758730271,-0.0014297969173640013,True
364,37,728.0,0.026503561763092875,0.0,-0.026503561763092875,0.026503561763092875,1.0,1000.0,1.0,18.274405625835634,-2.7227751503232867,20.862122353006296,0.1350584231526269,-0.0013505842315262688,-0.000724189740139991,True
365,37,730.0,0.026016520307166502,0.0,-0.026016520307166502,0.026016520307166502,1.0,1000.0,1.0,18.321315394801378,-2.6503561763092875,20.846204297893323,0.12546727321734086,-0.0012546727321734086,-0.0004870414559263736,True
366,37,732.0,0.026055970400193473,0.0,-0.026055970400193473,0.026055970400193473,1.0,1000.0,1.0,18.344639723685088,-2.60165203071665,20.830578760171324,0.11571299423041399,-0.00115712994230414,3.9450093026971444e-05,True
367,37,734.0,0.026906755167146912,0.0,-0.026906755167146912,0.026906755167146912,1.0,1000.0,1.0,18.31382834446972,-2.6055970400193473,20.814929528699754,0.10449585578931145,-0.0010449585578931144,0.0008507847669534385,True
368,37,736.0,0.028431485985493055,0.0,-0.028431485985493055,0.028431485985493055,1.0,1000.0,1.0,18.198754363473093,-2.690675516714691,20.798769315386178,0.09066056480160242,-0.0009066056480160242,0.0015247308183461428,True
369,37,738.0,0.03057540475492715,0.0,-0.03057540475492715,0.03057540475492715,1.0,1000.0,1.0,18.01362615349154,-2.8431485985493055,20.781693347827336,0.07508140421350945,-0.0007508140421350945,0.0021439187694340944,True
370,37,740.0,0.033138187714939704,0.0,-0.033138187714939704,0.033138187714939704,1.0,1000.0,1.0,17.763962905132715,-3.057540475492715,20.76332974136793,0.05817363925749885,-0.0005817363925749885,0.002562782960012555,True
371,38,742.0,0.03538740553995012,0.0,-0.03538740553995012,0.03538740553995012,1.0,1000.0,1.0,17.47058278730175,-3.3138187714939704,20.743426925923536,0.04097463287218624,-0.0004097463287218624,0.002249217825010419,True
372,38,744.0,0.03747533692148863,0.0,-0.03747533692148863,0.03747533692148863,1.0,1000.0,1.0,17.210274304882756,-3.5387405539950123,20.72217322890254,0.02684162997522821,-0.0002684162997522821,0.0020879313815385103,True
373,38,746.0,0.03888198348795413,0.0,-0.03888198348795413,0.03888198348795413,1.0,1000.0,1.0,16.96692176722779,-3.7475336921488633,20.69966551903981,0.01478994033684275,-0.0001478994033684275,0.001406646566465497,True
374,38,748.0,0.040066848621790996,0.0,-0.040066848621790996,0.040066848621790996,1.0,1000.0,1.0,16.795099454971652,-3.888198348795413,20.676312976404397,0.006984827362665886,-6.984827362665886e-05,0.0011848651338368654,True
375,38,750.0,0.04087867802809342,0.0,-0.04087867802809342,0.04087867802809342,1.0,1000.0,1.0,16.646496351136246,-4.0066848621791,20.652248803057958,0.0009324102573834286,-9.324102573834286e-06,0.0008118294063024223,True
376,38,752.0,0.0414883620069304,0.0,-0.0414883620069304,0.0414883620069304,1.0,1000.0,1.0,16.53698231082357,-4.087867802809342,20.627697044482552,-0.002846930849638776,2.8469308496387762e-05,0.0006096839788369834,True
377,38,754.0,0.04158532312794705,0.0,-0.04158532312794705,0.04158532312794705,1.0,1000.0,1.0,16.448596055132267,-4.14883620069304,20.60277910934324,-0.005346853517931333,5.3468535179313325e-05,9.696112101664767e-05,True
378,38,756.0,0.04170475147475372,0.0,-0.04170475147475372,0.04170475147475372,1.0,1000.0,1.0,16.41399304272139,-4.158532312794705,20.57780293929642,-0.005277583780325624,5.277583780325624e-05,0.00011942834680667147,True
379,38,758.0,0.040999706001457525,0.0,-0.040999706001457525,0.040999706001457525,1.0,1000.0,1.0,16.37696284029263,-4.170475147475372,20.55275504051276,-0.005317052744758571,5.317052744758571e-05,-0.0007050454732961953,True
380,38,760.0,0.04025278826520662,0.0,-0.04025278826520662,0.04025278826520662,1.0,1000.0,1.0,16.42655511321476,-4.0999706001457525,20.528130592463857,-0.0016048791033432498,1.60487910334325e-05,-0.0007469177362509072,True
381,39,762.0,0.03895798841767828,0.0,-0.03895798841767828,0.03895798841767828,1.0,1000.0,1.0,16.480619451362806,-4.025278826520662,20.503954743655928,0.0019435342275397737,-1.9435342275397738e-05,-0.0012947998475283384,True
382,39,764.0,0.037499473237403436,0.0,-0.037499473237403436,0.037499473237403436,1.0,1000.0,1.0,16.592401729021624,-3.895798841767828,20.480556552414065,0.00764401837538739,-7.64401837538739e-05,-0.0014585151802748442,True
383,39,766.0,0.035629153291665716,0.0,-0.035629153291665716,0.035629153291665716,1.0,1000.0,1.0,16.721631972702742,-3.7499473237403436,20.458034346265496,0.013544950177587438,-0.00013544950177587437,-0.0018703199457377195,True
384,39,768.0,0.03390927919463138,0.0,-0.03390927919463138,0.03390927919463138,1.0,1000.0,1.0,16.894475095567632,-3.5629153291665716,20.43663545539961,0.02075496933459387,-0.00020754969334593873,-0.0017198740970343351,True
385,39,770.0,0.03180806575619499,0.0,-0.03180806575619499,0.03180806575619499,1.0,1000.0,1.0,17.05193493678636,-3.390927919463138,20.41626952194938,0.026593334300113756,-0.0002659333430011376,-0.002101213438436389,True
386,39,772.0,0.030045697272726102,0.0,-0.030045697272726102,0.030045697272726102,1.0,1000.0,1.0,17.249967268618487,-3.180806575619499,20.39716557855228,0.033608265685708384,-0.00033608265685708383,-0.0017623684834688902,True
387,39,774.0,0.027979058253549738,0.0,-0.027979058253549738,0.027979058253549738,1.0,1000.0,1.0,17.412964118525178,-3.00456972727261,20.379120114724834,0.03841373107295287,-0.00038413731072952875,-0.002066639019176364,True
388,39,776.0,0.026383187894680304,0.0,-0.026383187894680304,0.026383187894680304,1.0,1000.0,1.0,17.608554002917167,-2.797905825354974,20.362315875533522,0.04414395273861876,-0.0004414395273861876,-0.0015958703588694334,True
389,39,778.0,0.024261578491859837,0.0,-0.024261578491859837,0.024261578491859837,1.0,1000.0,1.0,17.755338887505513,-2.6383187894680304,20.34647011703824,0.04718755993530246,-0.0004718755993530246,-0.002121609402820468,True
390,39,780.0,0.022520619251736207,0.0,-0.022520619251736207,0.022520619251736207,1.0,1000.0,1.0,17.958071482860625,-2.4261578491859837,20.331898598424512,0.052330733622094276,-0.0005233073362209428,-0.0017409592401236296,True
391,40,782.0,0.019343977834068937,0.0,-0.019343977834068937,0.019343977834068937,1.0,1000.0,1.0,18.121563725849025,-2.2520619251736207,20.31837270097605,0.0552529500465976,-0.000552529500465976,-0.0031766414176672697,True
392,40,784.0,0.020801314425625606,0.0,-0.020801314425625606,0.020801314425625606,1.0,1000.0,1.0,18.4367796277206,-1.9343977834068937,20.30675469627088,0.06442271485661516,-0.0006442271485661516,0.0014573365915566683,True
393,40,786.0,0.0168387035773776,0.0,-0.0168387035773776,0.0168387035773776,1.0,1000.0,1.0,18.265782701360813,-2.0801314425625606,20.29426141433357,0.05165272958980193,-0.0005165272958980193,-0.003962610848248005,True
394,40,788.0,0.01864512222164194,0.0,-0.01864512222164194,0.01864512222164194,1.0,1000.0,1.0,18.665016483960134,-1.68387035773776,20.284148078851672,0.06473876284622336,-0.0006473876284622337,0.0018064186442643404,True
395,40,790.0,0.016118782379635377,0.0,-0.016118782379635377,0.016118782379635377,1.0,1000.0,1.0,18.45878936432626,-1.864512222164194,20.27294980724711,0.05035177924334491,-0.0005035177924334491,-0.002526339842006564,True
396,40,792.0,0.018574697936855955,0.0,-0.018574697936855955,0.018574697936855955,1.0,1000.0,1.0,18.708423554540627,-1.6118782379635377,20.263268856868933,0.057032935635232214,-0.0005703293563523222,0.002455915557220578,True
397,40,794.0,0.016394821268477244,0.0,-0.016394821268477244,0.016394821268477244,1.0,1000.0,1.0,18.43507162470914,-1.8574697936855955,20.2521128821321,0.04042853626263357,-0.0004042853626263357,-0.0021798766683787107,True
398,40,796.0,0.020255778490536613,0.0,-0.020255778490536613,0.020255778490536613,1.0,1000.0,1.0,18.64926533600178,-1.6394821268477244,20.242266142631493,0.04648132021801161,-0.0004648132021801161,0.003860957222059369,True
399,40,798.0,0.017945438430615468,0.0,-0.017945438430615468,0.017945438430615468,1.0,1000.0,1.0,18.22901908308631,-2.0255778490536613,20.230100509904446,0.024496422235525922,-0.0002449642223552592,-0.0023103400599211454,True
400,40,800.0,0.02227365858198027,0.0,-0.02227365858198027,0.02227365858198027,1.0,1000.0,1.0,18.457440646686255,-1.7945438430615468,20.219322468805,0.03266202094280028,-0.00032662020942800284,0.004328220151364803,True
401,41,802.0,0.0202157590938441,0.0,-0.0202157590938441,0.0202157590938441,1.0,1000.0,1.0,17.98845030207627,-2.227365858198027,20.205944896083096,0.009871264191201172,-9.871264191201172e-05,-0.0020578994881361723,True
402,41,804.0,0.023955130291142268,0.0,-0.023955130291142268,0.023955130291142268,1.0,1000.0,1.0,18.190511799712965,-2.02157590938441,20.19380329902972,0.018284410067652544,-0.00018284410067652542,0.003739371197298169,True
403,41,806.0,0.022488747297757072,0.0,-0.022488747297757072,0.022488747297757072,1.0,1000.0,1.0,17.783444709555997,-2.395513029114227,20.179415833389413,-0.0004580947191877632,4.580947191877632e-06,-0.0014663829933851957,True
404,41,808.0,0.025143600807496114,0.0,-0.025143600807496114,0.025143600807496114,1.0,1000.0,1.0,17.923285807597555,-2.2488747297757072,20.165909078255627,0.006251459117635721,-6.251459117635721e-05,0.0026548535097390413,True
405,41,810.0,0.02404667347946088,0.0,-0.02404667347946088,0.02404667347946088,1.0,1000.0,1.0,17.630034487734765,-2.5143600807496114,20.150807816509374,-0.006413248024996455,6.413248024996455e-05,-0.0010969273280352354,True
406,41,812.0,0.02568073784277658,0.0,-0.02568073784277658,0.02568073784277658,1.0,1000.0,1.0,17.730882922396994,-2.404667347946088,20.136365369975174,-0.0008150996320911391,8.150996320911391e-06,0.0016340643633157015,True
407,41,814.0,0.024638128972583218,0.0,-0.024638128972583218,0.024638128972583218,1.0,1000.0,1.0,17.544702272216952,-2.568073784277658,20.120941503402957,-0.008165446908344339,8.165446908344338e-05,-0.0010426088701933622,True
408,41,816.0,0.02536412023982848,0.0,-0.02536412023982848,0.02536412023982848,1.0,1000.0,1.0,17.639683854150178,-2.4638128972583218,20.106143828344326,-0.0026470769358253447,2.6470769358253445e-05,0.0007259912672452629,True
409,41,818.0,0.02420791609256412,0.0,-0.02420791609256412,0.02420791609256412,1.0,1000.0,1.0,17.548803327441114,-2.536412023982848,20.090910122494556,-0.0056947710705921644,5.694771070592165e-05,-0.0011562041472643614,True
410,41,820.0,0.02426712885062443,0.0,-0.02426712885062443,0.02426712885062443,1.0,1000.0,1.0,17.655683525901225,-2.420791609256412,20.076370833550094,0.00010430160754304903,-1.0430160754304903e-06,5.92127580603119e-05,True
411,42,822.0,0.025030779077496845,0.0,-0.025030779077496845,0.025030779077496845,4.0,1000.0,7.0,19.465742971381257,-0.6066782212656108,20.07272712050947,-0.0003059278626032791,1.7481592148758805e-06,0.0007636502268724144,True
412,42,824.0,0.02633938345388742,0.0,-0.02633938345388742,0.02633938345388742,4.0,1000.0,7.0,19.436847595662044,-0.6257694769374211,20.06896874527261,-0.006351672673143729,3.629527241796417e-05,0.0013086043763905764,True
413,42,826.0,0.021803998046380002,0.0,-0.021803998046380002,0.021803998046380002,4.0,1000.0,7.0,19.390373405578664,-0.6584845863471855,20.065013882892135,-0.01615589096628543,9.231937695020245e-05,-0.00453538540750742,True
414,42,828.0,0.019247755299147684,0.0,-0.019247755299147684,0.019247755299147684,4.0,1000.0,7.0,19.538104792732693,-0.5450999511595,20.061740009311624,0.02146473458057152,-0.0001226556261746944,-0.002556242747232318,True
415,42,830.0,0.01545510360301705,0.0,-0.01545510360301705,0.01545510360301705,4.0,1000.0,7.0,19.61740850821558,-0.4811938824786921,20.058849955963375,0.039752434730895944,-0.00022715676989083395,-0.0037926516961306334,True
416,42,832.0,0.01364083064981969,0.0,-0.01364083064981969,0.01364083064981969,4.0,1000.0,7.0,19.736283237913824,-0.38637759007542627,20.056529369836785,0.0661314581524654,-0.0003778940465855166,-0.00181427295319736,True
417,42,834.0,0.010983565480273683,0.0,-0.010983565480273683,0.010983565480273683,4.0,1000.0,7.0,19.787716395078302,-0.34102076624549227,20.054481197066565,0.0742559642572306,-0.0004243197957556035,-0.002657265169546008,True
418,42,836.0,0.010174338538490701,0.0,-0.010174338538490701,0.010174338538490701,4.0,1000.0,7.0,19.866554455634994,-0.27458913700684207,20.052832013060538,0.08831157958129499,-0.0005046375976073999,-0.0008092269417829812,True
419,42,838.0,0.008829493141092826,0.0,-0.008829493141092826,0.008829493141092826,4.0,1000.0,7.0,19.88327094679306,-0.25435846346226754,20.051304334601305,0.08632507565402407,-0.0004932861465944232,-0.0013448453973978758,True
420,42,840.0,0.008710376248927787,0.0,-0.008710376248927787,0.008710376248927787,4.0,1000.0,7.0,19.91803022737189,-0.22073732852732064,20.049978584880414,0.08878897101879578,-0.000507365548678833,-0.00011911689216503873,True
421,43,842.0,0.00988587227766402,0.0,-0.00988587227766402,0.00988587227766402,3.0,1000.0,6.0,19.850765488064038,-0.29034587496425956,20.048234765811547,0.09287659721675175,-0.00046438298608375876,0.0011754960287362337,True
422,43,844.0,0.009041851124493405,0.0,-0.009041851124493405,0.009041851124493405,3.0,1000.0,6.0,19.790056583744857,-0.329529075922134,20.04625561220238,0.07333004746460853,-0.0003666502373230427,-0.0008440211531706154,True
423,43,846.0,0.010047071584267542,0.0,-0.010047071584267542,0.010047071584267542,3.0,1000.0,6.0,19.817058994932626,-0.30139503748311347,20.044445431797087,0.07400860061865179,-0.00037004300309325896,0.0010052204597741365,True
424,43,848.0,0.010642025765264407,0.0,-0.010642025765264407,0.010642025765264407,3.0,1000.0,6.0,19.765341550909604,-0.3349023861422514,20.04243400605451,0.057809930997345695,-0.00028904965498672847,0.000594954180996865,True
425,43,850.0,0.011716592503944412,0.0,-0.011716592503944412,0.011716592503944412,3.0,1000.0,6.0,19.732455684444343,-0.3547341921754802,20.04030347036575,0.04688640625407134,-0.0002344320312703567,0.001074566738680005,True
426,43,852.0,0.012385899754008278,0.0,-0.012385899754008278,0.012385899754008278,3.0,1000.0,6.0,19.68004916642623,-0.3905530834648137,20.03795780620079,0.03264444369025385,-0.00016322221845126926,0.0006693072500638664,True
427,43,854.0,0.013439955044304952,0.0,-0.013439955044304952,0.013439955044304952,3.0,1000.0,6.0,19.646060278568516,-0.41286332513360924,20.035478146590368,0.023445457111756756,-0.00011722728555878378,0.0010540552902966738,True
428,43,856.0,0.01414798668702133,0.0,-0.01414798668702133,0.01414798668702133,3.0,1000.0,6.0,19.596414959968822,-0.44799850147683173,20.032787464899805,0.011625996545850092,-5.812998272925046e-05,0.000708031642716378,True
429,43,858.0,0.015045859123347327,0.0,-0.015045859123347327,0.015045859123347327,3.0,1000.0,6.0,19.562435363203857,-0.4715995562340443,20.02995503513263,0.004079884305270892,-2.039942152635446e-05,0.0008978724363259971,True
430,43,860.0,0.015693101478973404,0.0,-0.015693101478973404,0.015693101478973404,3.0,1000.0,6.0,19.520941856304024,-0.5015286374449108,20.026942851123962,-0.00447235737502545,2.236178687512725e-05,0.0006472423556260765,True
431,44,862.0,0.014000995695823804,0.0,-0.014000995695823804,0.014000995695823804,3.0,1000.0,7.0,19.48911248971744,-0.5231033826324467,20.02380108906612,-0.011585216716231955,4.9650928783851234e-05,-0.0016921057831496,True
432,44,864.0,0.014481479185633361,0.0,-0.014481479185633361,0.014481479185633361,3.0,1000.0,7.0,19.561765988566407,-0.4666998565274601,20.020998086924834,0.007467758169032714,-3.200467786728306e-05,0.0004804834898095578,True
433,44,866.0,0.014531620861816918,0.0,-0.014531620861816918,0.014531620861816918,3.0,1000.0,7.0,19.537041927986376,-0.48271597285444534,20.018098891892677,0.0016590089481438829,-7.110038349188069e-06,5.014167618355714e-05,True
434,44,868.0,0.015001155723439297,0.0,-0.015001155723439297,0.015001155723439297,3.0,1000.0,7.0,19.531771209420885,-0.48438736206056393,20.015189658486886,0.0009689129945608713,-4.152484262403734e-06,0.00046953486162237823,True
435,44,870.0,0.015126134760066634,0.0,-0.015126134760066634,0.015126134760066634,3.0,1000.0,7.0,19.508044115648644,-0.5000385241146432,20.012186424107814,-0.004103784344524149,1.7587647190817783e-05,0.00012497903662733734,True
436,44,872.0,0.015525827879173448,0.0,-0.015525827879173448,0.015525827879173448,3.0,1000.0,7.0,19.499915720044854,-0.5042044920022211,20.00915816890061,-0.005037956853533572,2.159124365800102e-05,0.00039969311910681427,True
437,44,874.0,0.015457907651580172,0.0,-0.015457907651580172,0.015457907651580172,3.0,1000.0,7.0,19.4797254363202,-0.5175275959724482,20.006049895050914,-0.008796862758264284,3.770084039256122e-05,-6.792022759327665e-05,True
438,44,876.0,0.015522875979513628,0.0,-0.015522875979513628,0.015522875979513628,3.0,1000.0,7.0,19.480454314049446,-0.5152635883860057,20.0029552188444,-0.007237316408943741,3.101707032404461e-05,6.496832793345675e-05,True
439,44,878.0,0.015236549439578084,0.0,-0.015236549439578084,0.015236549439578084,3.0,1000.0,7.0,19.475182276817566,-0.517429199317121,19.999847535965642,-0.00723605983095521,3.1011684989808044e-05,-0.00028632653993554413,True
440,44,880.0,0.014979712297645165,0.0,-0.014979712297645165,0.014979712297645165,3.0,1000.0,7.0,19.485403393783358,-0.5078849813192694,19.996797175717475,-0.003508800614846888,1.5037716920772378e-05,-0.0002568371419329196,True
441,45,882.0,0.0049383105761080515,0.0,-0.0049383105761080515,0.0049383105761080515,4.0,977.0,13.0,19.619375605646905,-0.3744928074411291,19.99449502008729,-0.0006266069992552138,1.9280215361698883e-06,-0.010041401721537113,True
442,45,884.0,0.0035861822361766826,0.0,-0.0035861822361766826,0.0035861822361766826,4.0,977.0,13.0,20.018061029460327,-0.12345776440270129,19.9937360763058,0.14778271755722777,-0.0004547160540222393,-0.0013521283399313688,True
443,45,886.0,0.002157461927708937,0.0,-0.002157461927708937,0.002157461927708937,4.0,977.0,13.0,20.057192232572365,-0.08965455590441707,19.993184934236986,0.1536618542397987,-0.00047280570535322675,-0.0014287203084677458,True
444,45,888.0,0.0013656283663294744,0.0,-0.0013656283663294744,0.0013656283663294744,4.0,977.0,13.0,20.09902855321665,-0.05393654819272342,19.9928533649101,0.16011173649927316,-0.0004926514969208405,-0.0007918335613794625,True
445,45,890.0,0.0009518149417999666,0.0,-0.0009518149417999666,0.0009518149417999666,4.0,977.0,13.0,20.115039916298663,-0.03414070915823686,19.992643488447225,0.15653713700967473,-0.00048165272926053765,-0.00041381342452950776,True
446,45,892.0,0.0013099040188535582,0.0,-0.0013099040188535582,0.0013099040188535582,4.0,977.0,13.0,20.116420562329534,-0.023795373544999165,19.992497208860282,0.1477187270142515,-0.0004545191600438508,0.0003580890770535916,True
447,45,894.0,0.0013360436478251358,0.0,-0.0013360436478251358,0.0013360436478251358,4.0,977.0,13.0,20.087885871949517,-0.032747600471338956,19.992295896388313,0.12833757603254392,-0.00039488484933090435,2.6139628971577622e-05,True
448,45,896.0,0.00168034542548412,0.0,-0.00168034542548412,0.00168034542548412,4.0,977.0,13.0,20.074398810376923,-0.033401091195628396,19.99209056664999,0.11570933492256179,-0.00035602872283865166,0.00034430177765898407,True
449,45,898.0,0.0018410313696222147,0.0,-0.0018410313696222147,0.0018410313696222147,4.0,977.0,13.0,20.04940892242409,-0.042008635637103,19.991832322926417,0.09958523513477442,-0.00030641610810699824,0.00016068594413809478,True
450,45,900.0,0.002152558043235331,0.0,-0.002152558043235331,0.002152558043235331,4.0,977.0,13.0,20.03323550706786,-0.04602578424055537,19.991549384199136,0.08771190710928044,-0.00026988279110547826,0.00031152667361311615,True
451,46,902.0,0.00577344265730062,0.0,-0.00577344265730062,0.00577344265730062,3.0,1000.0,11.0,20.003691582866647,-0.07175193477451103,19.991118441647938,0.08432507599322177,-0.00022997747998151392,0.0036208846140652895,True
452,46,904.0,0.0055132564793893835,0.0,-0.0055132564793893835,0.0055132564793893835,3.0,1000.0,11.0,19.813443441000853,-0.19244808857668733,19.989962597272115,0.01592893230542472,-4.344254265115834e-05,-0.0002601861779112369,True
453,46,906.0,0.006235250510144397,0.0,-0.006235250510144397,0.006235250510144397,3.0,1000.0,11.0,19.823829853379756,-0.1837752159796461,19.9888588422212,0.018746227138201302,-5.112607401327628e-05,0.0007219940307550132,True
454,46,908.0,0.006971214379518642,0.0,-0.006971214379518642,0.006971214379518642,3.0,1000.0,11.0,19.78469279479621,-0.20784168367147987,19.98761054382078,0.004923934646912956,-1.3428912673398971e-05,0.0007359638693742454,True
455,46,910.0,0.00767609815193282,0.0,-0.00767609815193282,0.00767609815193282,3.0,1000.0,11.0,19.746028389272283,-0.2323738126506214,19.986214905306355,-0.007812703383450461,2.1307372863955807e-05,0.0007048837724141777,True
456,46,912.0,0.00810525459201017,0.0,-0.00810525459201017,0.00810525459201017,3.0,1000.0,11.0,19.709991849746626,-0.2558699383977606,19.9846781489196,-0.01881636077521445,5.131734756876668e-05,0.00042915644007734954,True
457,46,914.0,0.008666811545481323,0.0,-0.008666811545481323,0.008666811545481323,3.0,1000.0,11.0,19.688705723583304,-0.2701751530670056,19.983055475327603,-0.024174598677291714,6.593072366534104e-05,0.000561556953471154,True
458,46,916.0,0.009128292329478427,0.0,-0.009128292329478427,0.009128292329478427,3.0,1000.0,11.0,19.66119810904292,-0.28889371818271076,19.981320377921076,-0.03122855069544202,8.516877462393278e-05,0.00046148078399710357,True
459,46,918.0,0.009456519479499548,0.0,-0.009456519479499548,0.009456519479499548,3.0,1000.0,11.0,19.639274907430263,-0.3042764109826142,19.97949289196923,-0.03594157355635206,9.802247333550563e-05,0.0003282271500211209,True
460,46,920.0,0.009818229538723244,0.0,-0.009818229538723244,0.009818229538723244,3.0,1000.0,11.0,19.62439840901747,-0.31521731598331826,19.977599694876247,-0.03798396987546047,0.00010359264511489218,0.0003617100592236966,True
461,47,922.0,0.008140007912516012,0.0,-0.008140007912516012,0.008140007912516012,3.0,1000.0,12.0,19.604298349115002,-0.32727431795744144,19.975634083356976,-0.04406141628453249,0.00011015354071133122,-0.0016782216262072325,True
462,47,924.0,0.008131684880936518,0.0,-0.008131684880936518,0.008131684880936518,3.0,1000.0,12.0,19.693327750108473,-0.27133359708386706,19.97400445214328,-0.009343104950940328,2.335776237735082e-05,-8.323031579493545e-06,True
463,47,926.0,0.00821432226075558,0.0,-0.00821432226075558,0.00821432226075558,3.0,1000.0,12.0,19.693019792572855,-0.2710561626978839,19.972376487202148,-0.008300531931409371,2.0751329828523433e-05,8.263737981906161e-05,True
464,47,928.0,0.008475367525534239,0.0,-0.008475367525534239,0.008475367525534239,3.0,1000.0,12.0,19.68790988221277,-0.27381074202518596,19.97073197824103,-0.009011354003072502,2.252838500768126e-05,0.00026104526477865875,True
465,47,930.0,0.008643008586659562,0.0,-0.008643008586659562,0.008643008586659562,3.0,1000.0,12.0,19.67362457310125,-0.2825122508511413,19.969035207965636,-0.012898384013243763,3.2245960033109406e-05,0.00016764106112532318,True
466,47,932.0,0.008969738169980701,0.0,-0.008969738169980701,0.008969738169980701,3.0,1000.0,12.0,19.66448833792889,-0.28810028622198536,19.96730487591627,-0.01471625176539543,3.6790629413488585e-05,0.0003267295833211392,True
467,47,934.0,0.009036237592226826,0.0,-0.009036237592226826,0.009036237592226826,3.0,1000.0,12.0,19.647264419698445,-0.29899127233269,19.965509132538884,-0.019253440507749846,4.813360126937462e-05,6.64994222461246e-05,True
468,47,936.0,0.009035793550026483,0.0,-0.009035793550026483,0.009035793550026483,3.0,1000.0,12.0,19.643866124835757,-0.30120791974089417,19.963700075963843,-0.01862603138718806,4.656507846797016e-05,-4.4404220034266473e-07,True
469,47,938.0,0.008990172913797778,0.0,-0.008990172913797778,0.008990172913797778,3.0,1000.0,12.0,19.64385676082808,-0.3011931183342161,19.961891108286135,-0.016841229123837325,4.2103072809593315e-05,-4.5620636228704825e-05,True
470,47,940.0,0.008708912768668142,0.0,-0.008708912768668142,0.008708912768668142,3.0,1000.0,12.0,19.6460136167846,-0.2996724304599259,19.96009127386896,-0.014405226624435242,3.6013066561088105e-05,-0.00028126014512963593,True
471,48,942.0,0.005233074660679904,0.0,-0.005233074660679904,0.005233074660679904,3.0,1000.0,14.0,19.658814236544334,-0.2902970922889381,19.958347747789173,-0.009236418955902449,1.9792326334076677e-05,-0.0034758381079882383,True
472,48,944.0,0.004677297844352779,0.0,-0.004677297844352779,0.004677297844352779,3.0,1000.0,14.0,19.848244101320304,-0.17443582202266344,19.95730008519444,0.06537983814852613,-0.00014009965317541315,-0.0005557768163271248,True
473,48,946.0,0.004501396359444243,0.0,-0.004501396359444243,0.004501396359444243,3.0,1000.0,14.0,19.871387100566483,-0.15590992814509264,19.95636368922962,0.07093333948195989,-0.00015200001317562835,-0.00017590148490853608,True
474,48,948.0,0.004514415515984638,0.0,-0.004514415515984638,0.004514415515984638,3.0,1000.0,14.0,19.873314517608694,-0.1500465453148081,19.9554625087773,0.06789855414620433,-0.00014549690174186643,1.301915654039476e-05,True
475,48,950.0,0.004488479311874016,0.0,-0.004488479311874016,0.004488479311874016,3.0,1000.0,14.0,19.865223764584442,-0.1504805171994879,19.954558721887196,0.06114555989673483,-0.00013102619977871748,-2.5936204110621475e-05,True
476,48,952.0,0.004723332060564189,0.0,-0.004723332060564189,0.004723332060564189,3.0,1000.0,14.0,19.859907266128,-0.1496159770624672,19.95366012743035,0.05586311576011896,-0.00011970667662882634,0.00023485274869017303,True
477,48,954.0,0.004822371893567379,0.0,-0.004822371893567379,0.004822371893567379,3.0,1000.0,14.0,19.840822390267647,-0.1574444020188063,19.95271451540622,0.045552276880228504,-9.761202188620395e-05,9.903983300318941e-05,True
478,48,956.0,0.004988403629283766,0.0,-0.004988403629283766,0.004988403629283766,3.0,1000.0,14.0,19.830109416900846,-0.16074572978557927,19.95174907558769,0.03910607109873734,-8.379872378300857e-05,0.00016603173571638763,True
479,48,958.0,0.005066719672356612,0.0,-0.005066719672356612,0.005066719672356612,3.0,1000.0,14.0,19.81632389848111,-0.16628012097612554,19.950750396182404,0.03185362327482948,-6.82577641603489e-05,7.831604307284579e-05,True
480,48,960.0,0.005144979836074981,0.0,-0.005144979836074981,0.005144979836074981,3.0,1000.0,14.0,19.80799913477158,-0.16889065574522039,19.949736037889654,0.027153752627149186,-5.818661277246255e-05,7.826016371836886e-05,True
481,49,962.0,0.002346451658411297,0.0,-0.002346451658411297,0.002346451658411297,3.0,1000.0,16.0,19.803381982070896,-0.17149932786916602,19.948706011896434,0.02617529804362619,-4.90786838317991e-05,-0.002798528177663684,True
482,49,964.0,0.002146216577273208,0.0,-0.002146216577273208,0.002146216577273208,3.0,1000.0,16.0,19.96154762988388,-0.07821505528037656,19.948236251804662,0.09152643335959161,-0.0001716120625492343,-0.0002002350811380893,True
483,49,966.0,0.0023364366228975086,0.0,-0.0023364366228975086,0.0023364366228975086,3.0,1000.0,16.0,19.963916329821135,-0.07154055257577359,19.947806578816195,0.08765030358071442,-0.00016434431921383955,0.00019022004562430084,True
484,49,968.0,0.0027675302139300584,0.0,-0.0027675302139300584,0.0027675302139300584,3.0,1000.0,16.0,19.944135259643435,-0.07788122076325028,19.947338823736526,0.07467765667015684,-0.00014002060625654408,0.00043109359103254974,True
485,49,970.0,0.003149386643087837,0.0,-0.003149386643087837,0.003149386643087837,3.0,1000.0,16.0,19.91163644236571,-0.09225100713100194,19.94678476363362,0.057102685863097816,-0.00010706753599330841,0.0003818564291577786,True
486,49,972.0,0.003798528896766129,0.0,-0.003798528896766129,0.003798528896766129,3.0,1000.0,16.0,19.88357259808199,-0.10497955476959456,19.946154255797175,0.04239789705440512,-7.94960569770096e-05,0.000649142253678292,True
487,49,974.0,0.004279027287736881,0.0,-0.004279027287736881,0.004279027287736881,3.0,1000.0,16.0,19.841391828487357,-0.1266176298922043,19.94539378955159,0.022615668827968147,-4.240437905244028e-05,0.00048049839097075164,True
488,49,976.0,0.00479230075364967,0.0,-0.00479230075364967,0.00479230075364967,3.0,1000.0,16.0,19.81071197232537,-0.14263424292456267,19.944537127431904,0.008809087818029563,-1.6517039658805433e-05,0.0005132734659127891,True
489,49,978.0,0.0051888199254221945,0.0,-0.0051888199254221945,0.0051888199254221945,3.0,1000.0,16.0,19.779359254956773,-0.159743358454989,19.943577707861614,-0.0044750944498517945,8.390802093472115e-06,0.0003965191717725247,True
490,49,980.0,0.005552165387086916,0.0,-0.005552165387086916,0.005552165387086916,3.0,1000.0,16.0,19.755916746544024,-0.1729606641807398,19.94253890507377,-0.013661494349008306,2.5615301904390577e-05,0.00036334546166472137,True
491,50,982.0,0.0031192558257657765,0.0,-0.0031192558257657765,0.0031192558257657765,3.0,1000.0,18.0,19.732541924499625,-0.18507217956956384,19.94142736045176,-0.02381325638256836,3.968876063761393e-05,-0.0024329095613211393,True
492,50,984.0,0.0031981939923184655,0.0,-0.0031981939923184655,0.0031981939923184655,3.0,1000.0,18.0,19.88164281817179,-0.10397519419219255,19.94080288481095,0.04481512755303589,-7.469187925505983e-05,7.893816655268893e-05,True
493,50,986.0,0.0035186092085837117,0.0,-0.0035186092085837117,0.0035186092085837117,3.0,1000.0,18.0,19.87194335953014,-0.10660646641061551,19.940162605733413,0.03838722020734341,-6.397870034557235e-05,0.00032041521626524627,True
494,50,988.0,0.004075945408146708,0.0,-0.004075945408146708,0.004075945408146708,3.0,1000.0,18.0,19.84815746254893,-0.11728697361945706,19.93945817946543,0.025986256702956352,-4.3310427838260585e-05,0.0005573361995629966,True
495,50,990.0,0.004521545279601469,0.0,-0.004521545279601469,0.004521545279601469,3.0,1000.0,18.0,19.811083596727904,-0.1358648469382236,19.938642174378707,0.008306269287421559,-1.3843782145702598e-05,0.00044559987145476043,True
496,50,992.0,0.005238227046390875,0.0,-0.005238227046390875,0.005238227046390875,3.0,1000.0,18.0,19.782379124972362,-0.1507181759867156,19.9377369601085,-0.004639659149419268,7.732765249032114e-06,0.0007166817667894065,True
497,50,994.0,0.005670292938191324,0.0,-0.005670292938191324,0.005670292938191324,3.0,1000.0,18.0,19.738336342025455,-0.17460756821302917,19.93668826600511,-0.02374435576662529,3.9573926277708813e-05,0.0004320658918004483,True
498,50,996.0,0.006118139159696057,0.0,-0.006118139159696057,0.006118139159696057,3.0,1000.0,18.0,19.713279452215055,-0.18900976460637745,19.935553072223687,-0.03326385540225682,5.543975900376138e-05,0.00044784622150473297,True
499,50,998.0,0.006344535499408721,0.0,-0.006344535499408721,0.006344535499408721,3.0,1000.0,18.0,19.688084549442774,-0.20393797198986854,19.934328219539076,-0.04230569810643412,7.050949684405688e-05,0.00022639633971266448,True
500,50,1000.0,0.006430495838174011,0.0,-0.006430495838174011,0.006430495838174011,3.0,1000.0,18.0,19.677128458237096,-0.21148451664695736,19.93305804226194,-0.0444450673778884,7.407511229648068e-05,8.596033876528963e-05,True
501,51,1002.0,0.005268636700236584,0.0,-0.005268636700236584,0.005268636700236584,3.0,997.0,19.0,19.67250301576987,-0.21434986127246702,19.93176678192673,-0.04491390488439349,7.091669192272655e-05,-0.0011618591379374266,True
502,51,1004.0,0.005257217952419069,0.0,-0.005257217952419069,0.005257217952419069,3.0,997.0,19.0,19.747907878020754,-0.17562122334121946,19.930708825936584,-0.0071797245746110586,1.1336407223070094e-05,-1.1418747817515396e-05,True
503,51,1006.0,0.005389867361770939,0.0,-0.005389867361770939,0.005389867361770939,3.0,997.0,19.0,19.748246455510273,-0.17524059841396894,19.929653162860795,-0.006166108936550396,9.735961478763784e-06,0.00013264940935187042,True
504,51,1008.0,0.0055746559341400825,0.0,-0.0055746559341400825,0.0055746559341400825,3.0,997.0,19.0,19.7395117216437,-0.17966224539236464,19.928570863437656,-0.009396896401588584,1.4837204844613552e-05,0.00018478857236914337,True
505,51,1010.0,0.005673766547658943,0.0,-0.005673766547658943,0.005673766547658943,3.0,997.0,19.0,19.72780900910712,-0.18582186447133608,19.927451457987267,-0.013820584408811475,2.182197538233391e-05,9.911061351886019e-05,True
506,51,1012.0,0.005889981668985911,0.0,-0.005889981668985911,0.005889981668985911,3.0,997.0,19.0,19.721830964341265,-0.18912555158863142,19.926312150867176,-0.015355634937279507,2.424573937465186e-05,0.00021621512132696807,True
507,51,1014.0,0.0060067017297456005,0.0,-0.0060067017297456005,0.0060067017297456005,3.0,997.0,19.0,19.70868101443068,-0.19633272229953036,19.92512942718685,-0.0201156904566367,3.1761616510478996e-05,0.00011672006075968966,True
508,51,1016.0,0.006130417892961759,0.0,-0.006130417892961759,0.006130417892961759,3.0,997.0,19.0,19.702142645904438,-0.20022339099152,19.923923265813904,-0.0215572289179459,3.40377298704409e-05,0.00012371616321615875,True
509,51,1018.0,0.006188565217996711,0.0,-0.006188565217996711,0.006188565217996711,3.0,997.0,19.0,19.6952823216683,-0.2043472630987253,19.9226922619127,-0.023062677145672592,3.641475338790409e-05,5.814732503495179e-05,True
510,51,1020.0,0.006273694817025444,0.0,-0.006273694817025444,0.006273694817025444,3.0,997.0,19.0,19.692627276680692,-0.20628550726655703,19.921449581876992,-0.022536797929742367,3.558441778380374e-05,8.512959902873263e-05,True
511,52,1022.0,0.005142591675792119,0.0,-0.005142591675792119,0.005142591675792119,3.0,1000.0,20.0,19.687030531243206,-0.2091231605675148,19.92019358691862,-0.024039895107898973,3.605984266184846e-05,-0.001131103141233325,True
512,52,1024.0,0.004953625597806877,0.0,-0.004953625597806877,0.004953625597806877,3.0,1000.0,20.0,19.76027589222812,-0.17141972252640394,19.919164039035564,0.012531575718956986,-1.8797363578435482e-05,-0.000188966077985242,True
513,52,1026.0,0.005020844001080604,0.0,-0.005020844001080604,0.005020844001080604,3.0,1000.0,20.0,19.77011432010292,-0.1651208532602292,19.91817232219919,0.017062851163955936,-2.5594276745933908e-05,6.721840327372774e-05,True
514,52,1028.0,0.0051706371963859965,0.0,-0.0051706371963859965,0.0051706371963859965,3.0,1000.0,20.0,19.76320384776762,-0.1673614667026868,19.917167148225023,0.01339816624528419,-2.0097249367926286e-05,0.00014979319530539215,True
515,52,1030.0,0.005254101590651317,0.0,-0.005254101590651317,0.005254101590651317,3.0,1000.0,20.0,19.751358019963767,-0.17235457321286654,19.916131985623164,0.007580607553467292,-1.1370911330200937e-05,8.346439426532015e-05,True
516,52,1032.0,0.0054653471747201365,0.0,-0.0054653471747201365,0.0054653471747201365,3.0,1000.0,20.0,19.74427148489536,-0.1751367196883772,19.91508011343287,0.0043280911508651425,-6.492136726297713e-06,0.00021124558406881988,True
517,52,1034.0,0.005576941236029143,0.0,-0.005576941236029143,0.005576941236029143,3.0,1000.0,20.0,19.72932110577537,-0.18217823915733788,19.913985949834313,-0.0024866049016044455,3.729907352406669e-06,0.00011159406130900607,True
518,52,1036.0,0.0056890419368187395,0.0,-0.0056890419368187395,0.0056890419368187395,3.0,1000.0,20.0,19.7213401137073,-0.18589804120097142,19.912869445082382,-0.00563129017411054,8.44693526116581e-06,0.00011210070078959689,True
519,52,1038.0,0.00572025913828611,0.0,-0.00572025913828611,0.00572025913828611,3.0,1000.0,20.0,19.713604407276378,-0.1896347312272913,19.91173049774766,-0.008491359243989598,1.2737038865984395e-05,3.1217201467370614e-05,True
520,52,1040.0,0.005725149711850008,0.0,-0.005725149711850008,0.005725149711850008,3.0,1000.0,20.0,19.711282579743475,-0.190675304609537,19.910585300723007,-0.00862741636999452,1.2941124554991782e-05,4.890573563898215e-06,True
521,53,1042.0,0.006930794514971694,0.0,-0.006930794514971694,0.006930794514971694,3.0,972.0,19.0,19.71101275539446,-0.1908383237283336,19.909406107185468,-0.007555028062671375,1.1928991677902171e-05,0.001205644803121686,True
522,53,1044.0,0.007709938224195412,0.0,-0.007709938224195412,0.007709938224195412,3.0,972.0,19.0,19.63540729733546,-0.2310264838323898,19.90797859026219,-0.04154480909434112,6.559706699106493e-05,0.0007791437092237175,True
523,53,1046.0,0.007911341591295695,0.0,-0.007911341591295695,0.007911341591295695,3.0,972.0,19.0,19.58937927761692,-0.2569979408065137,19.90639059522511,-0.060013376801672985,9.475796337106261e-05,0.0002014033671002835,True
524,53,1048.0,0.007925675775311447,0.0,-0.007925675775311447,0.007925675775311447,3.0,972.0,19.0,19.580962609172577,-0.26371138637652314,19.90476111768349,-0.06008712213439221,9.487440337009298e-05,1.4334184015751816e-05,True
525,53,1050.0,0.008021601265625122,0.0,-0.008021601265625122,0.008021601265625122,3.0,972.0,19.0,19.584171374429776,-0.26418919251038153,19.903128687768966,-0.05476812082881104,8.647598025601743e-05,9.592549031367525e-05,True
526,53,1052.0,0.00796255468316076,0.0,-0.00796255468316076,0.00796255468316076,3.0,972.0,19.0,19.581784285495655,-0.2673867088541707,19.90147650034171,-0.05230550599188402,8.258764103981689e-05,-5.904658246436156e-05,True
527,53,1054.0,0.007942798735655288,0.0,-0.007942798735655288,0.007942798735655288,3.0,972.0,19.0,19.588801824299125,-0.265418489438692,19.89983647457868,-0.045616160840861876,7.202551711715033e-05,-1.975594750547316e-05,True
528,53,1056.0,0.007890569434437111,0.0,-0.007890569434437111,0.007890569434437111,3.0,972.0,19.0,19.592744475579764,-0.26475995785517625,19.898200517894505,-0.0406960844595632,6.425697546246822e-05,-5.222930121817626e-05,True
529,53,1058.0,0.007808794852223855,0.0,-0.007808794852223855,0.007808794852223855,3.0,972.0,19.0,19.59824591196243,-0.2630189811479037,19.896575318737643,-0.03531042562731001,5.575330362206843e-05,-8.177458221325651e-05,True
530,53,1060.0,0.007670291556621578,0.0,-0.007670291556621578,0.007670291556621578,3.0,972.0,19.0,19.60508590563602,-0.26029316174079514,19.894966962469418,-0.029587895092601953,4.671772909358203e-05,-0.00013850329560227692,True
531,54,1062.0,0.006393306047300484,0.0,-0.006393306047300484,0.006393306047300484,3.0,987.0,20.0,19.61375789740228,-0.2556763852207192,19.8934111429099,-0.023976860286902258,3.596529043035339e-05,-0.0012769855093210936,True
532,54,1064.0,0.005833412785193559,0.0,-0.005833412785193559,0.005833412785193559,3.0,987.0,20.0,19.696013735080562,-0.2131102015766828,19.892114343365208,0.017009593292035607,-2.551438993805341e-05,-0.0005598932621069252,True
533,54,1066.0,0.005697088784415882,0.0,-0.005697088784415882,0.005697088784415882,3.0,987.0,20.0,19.728838756622316,-0.19444709283978528,19.890931110936172,0.03235473852593025,-4.853210778889538e-05,-0.0001363240007776767,True
534,54,1068.0,0.005674777287765664,0.0,-0.005674777287765664,0.005674777287765664,3.0,987.0,20.0,19.733272333443338,-0.1899029594805294,19.88977553006973,0.033399762854135,-5.0099644281202495e-05,-2.2311496650218032e-05,True
535,54,1070.0,0.005578760920741388,0.0,-0.005578760920741388,0.005578760920741388,3.0,987.0,20.0,19.730355161955973,-0.18915924292552214,19.88862447480213,0.030889930079364837,-4.633489511904726e-05,-9.60163670242764e-05,True
536,54,1072.0,0.00562070323297803,0.0,-0.00562070323297803,0.00562070323297803,3.0,987.0,20.0,19.732387348384115,-0.18595869735804627,19.887492895214265,0.030853150527894505,-4.627972579184176e-05,4.1942312236642465e-05,True
537,54,1074.0,0.00557824536821272,0.0,-0.00557824536821272,0.00557824536821272,3.0,987.0,20.0,19.725635046528076,-0.18735677443260101,19.88635280817016,0.02663901279051729,-3.995851918577594e-05,-4.245786476531066e-05,True
538,54,1076.0,0.005530955801930304,0.0,-0.005530955801930304,0.005530955801930304,3.0,987.0,20.0,19.724664445489687,-0.18594151227375733,19.885221333155478,0.025384624607965086,-3.807693691194763e-05,-4.728956628241576e-05,True
539,54,1078.0,0.005395998982692163,0.0,-0.005395998982692163,0.005395998982692163,3.0,987.0,20.0,19.724130574455394,-0.1843651933976768,19.88409945021843,0.02439631763464152,-3.6594476451962284e-05,-0.00013495681923814118,True
540,54,1080.0,0.005225882873617138,0.0,-0.005225882873617138,0.005225882873617138,3.0,987.0,20.0,19.729297367959976,-0.1798666327564054,19.88300494152886,0.026159059187525785,-3.9238588781288684e-05,-0.00017011610907502472,True
541,55,1082.0,0.016068343081258263,0.0,-0.016068343081258263,0.016068343081258263,2.0,999.0,12.0,19.646077139705106,-0.2612941436808569,19.88143403642747,0.025937246958492324,-4.322874493082054e-05,0.010842460207641125,True
542,55,1084.0,0.015298064049545701,0.0,-0.015298064049545701,0.015298064049545701,2.0,999.0,12.0,18.80092511171957,-0.8034171540629131,19.876603878016454,-0.2722616122339676,0.0004537693537232794,-0.0007702790317125618,True
543,55,1086.0,0.015199041373250566,0.0,-0.015199041373250566,0.015199041373250566,2.0,999.0,12.0,18.881820476041337,-0.764903202477285,19.87200526617652,-0.22528158765789497,0.0003754693127631583,-9.902267629513517e-05,True
544,55,1088.0,0.014466924215355448,0.0,-0.014466924215355448,0.014466924215355448,2.0,999.0,12.0,18.906393079357343,-0.7599520686625283,19.86743642064234,-0.2010912726224652,0.000335152121037442,-0.000732117157895118,True
545,55,1090.0,0.014161248517609692,0.0,-0.014161248517609692,0.014161248517609692,2.0,999.0,12.0,18.97780043366115,-0.7233462107677724,19.863087650185594,-0.16194100575667164,0.00026990167626111944,-0.0003056756977457553,True
546,55,1092.0,0.012439161598138071,0.0,-0.012439161598138071,0.012439161598138071,2.0,999.0,12.0,19.012612018483466,-0.7080624258804846,19.858830766119073,-0.13815632175512246,0.00023026053625853745,-0.0017220869194716215,True
547,55,1094.0,0.011609810638162799,0.0,-0.011609810638162799,0.011609810638162799,2.0,999.0,12.0,19.15512518962452,-0.6219580799069035,19.85509154293249,-0.078008273401066,0.00013001378900177668,-0.0008293509599752724,True
548,55,1096.0,0.010266380851078338,0.0,-0.010266380851078338,0.010266380851078338,2.0,999.0,12.0,19.223164278366315,-0.5804905319081399,19.851601623391858,-0.04794681311740193,7.991135519566989e-05,-0.0013434297870844603,True
549,55,1098.0,0.009101057193163342,0.0,-0.009101057193163342,0.009101057193163342,2.0,999.0,12.0,19.328464935947963,-0.5133190425539169,19.84851554005592,-0.006731561554040593,1.1219269256734322e-05,-0.0011653236579149961,True
550,55,1100.0,0.007759549655872888,0.0,-0.007759549655872888,0.007759549655872888,2.0,999.0,12.0,19.41642129228413,-0.4550528596581671,19.845779754061788,0.025694397880511533,-4.282399646751922e-05,-0.001341507537290454,True
551,56,1102.0,0.005383756245407767,0.0,-0.005383756245407767,0.005383756245407767,2.0,1000.0,13.0,19.520290748852315,-0.3879774827936444,19.84344955896996,0.06481867267599747,-9.972103488614995e-05,-0.0023757934104651213,True
552,56,1104.0,0.004306725692856617,0.0,-0.004306725692856617,0.004306725692856617,2.0,1000.0,13.0,19.701479596001413,-0.26918781227038835,19.8418328153527,0.12883459291910096,-0.00019820706602938608,-0.0010770305525511503,True
553,56,1106.0,0.0034730459455545315,0.0,-0.0034730459455545315,0.0034730459455545315,2.0,1000.0,13.0,19.77357198746746,-0.21533628464283083,19.840539504333808,0.14836876777647884,-0.00022825964273304436,-0.0008336797473020852,True
554,56,1108.0,0.0027165728396880695,0.0,-0.0027165728396880695,0.0027165728396880695,2.0,1000.0,13.0,19.824693410370166,-0.17365229727772657,19.839496547593395,0.15884916005449629,-0.0002443833231607635,-0.000756473105866462,True
555,56,1110.0,0.0020832019517342815,0.0,-0.0020832019517342815,0.0020832019517342815,2.0,1000.0,13.0,19.86890068141737,-0.13582864198440348,19.838680759953842,0.166048563447929,-0.00025545932838142923,-0.000633370887953788,True
556,56,1112.0,0.0016904289668104866,0.0,-0.0016904289668104866,0.0016904289668104866,2.0,1000.0,13.0,19.90281892295731,-0.10416009758671407,19.838055173782145,0.16892384676187772,-0.00025988284117211955,-0.00039277298492379487,True
557,56,1114.0,0.001306142193186588,0.0,-0.001306142193186588,0.001306142193186588,2.0,1000.0,13.0,19.91744186186963,-0.08452144834052433,19.83754753745578,0.16441577275437574,-0.0002529473426990396,-0.0003842867736238986,True
558,56,1116.0,0.0010680432614549318,0.0,-0.0010680432614549318,0.0010680432614549318,2.0,1000.0,13.0,19.931935167670378,-0.0653071096593294,19.837155302562937,0.16008697476677242,-0.0002462876534873422,-0.0002380989317316562,True
559,56,1118.0,0.0008838381044711241,0.0,-0.0008838381044711241,0.0008838381044711241,2.0,1000.0,13.0,19.935284007783974,-0.05340216307274659,19.83683456885079,0.15185160200592884,-0.00023361784923989055,-0.00018420515698380768,True
560,56,1120.0,0.0007842789863730104,0.0,-0.0007842789863730104,0.0007842789863730104,2.0,1000.0,13.0,19.93518661373647,-0.044191905223556205,19.836569152002625,0.1428093669574011,-0.0002197067183960017,-9.955911809811369e-05,True
561,57,1122.0,0.0020287897431785495,0.0,-0.0020287897431785495,0.0020287897431785495,2.0,984.0,12.0,19.919080697785294,-0.03921394931865052,19.836329803206787,0.12196484389715635,-0.00020327473982859393,0.0012445107568055391,True
562,57,1124.0,0.002430960180333841,0.0,-0.002430960180333841,0.002430960180333841,2.0,984.0,12.0,19.810658197036684,-0.10143948715892748,19.835710650595885,0.07638703359972826,-0.00012731172266621375,0.00040217043715529144,True
563,57,1126.0,0.0025649730459349485,0.0,-0.0025649730459349485,0.0025649730459349485,2.0,984.0,12.0,19.771552191310953,-0.12154800901669205,19.834968762311135,0.05813143801651001,-9.688573002751669e-05,0.00013401286560110748,True
564,57,1128.0,0.002662273168368756,0.0,-0.002662273168368756,0.002662273168368756,2.0,984.0,12.0,19.754868472236552,-0.12824865229674742,19.834185975546948,0.048931148986353305,-8.155191497725552e-05,9.73001224338077e-05,True
565,57,1130.0,0.0028639149540481412,0.0,-0.0028639149540481412,0.0028639149540481412,2.0,984.0,12.0,19.7418696357165,-0.1331136584184378,19.833373494416907,0.04160979971803066,-6.934966619671776e-05,0.00020164178567938507,True
566,57,1132.0,0.002895150781967004,0.0,-0.002895150781967004,0.002895150781967004,2.0,984.0,12.0,19.72144467203827,-0.14319574770240706,19.832499475595032,0.03214094414564549,-5.356824024274249e-05,3.1235827918862924e-05,True
567,57,1134.0,0.0030506324955581476,0.0,-0.0030506324955581476,0.0030506324955581476,2.0,984.0,12.0,19.715081472487793,-0.1447575390983502,19.831615924122215,0.028223087463927578,-4.703847910654596e-05,0.0001554817135911435,True
568,57,1136.0,0.003140333025783093,0.0,-0.003140333025783093,0.003140333025783093,2.0,984.0,12.0,19.699443482960998,-0.15253162477790738,19.830684922237516,0.02129018550138696,-3.54836425023116e-05,8.97005302249454e-05,True
569,57,1138.0,0.003238523492598233,0.0,-0.003238523492598233,0.003238523492598233,2.0,984.0,12.0,19.689522664935886,-0.15701665128915465,19.829726545255134,0.016812770969906896,-2.8021284949844822e-05,9.81904668151401e-05,True
570,57,1140.0,0.00327958291103414,0.0,-0.00327958291103414,0.00327958291103414,2.0,984.0,12.0,19.679342922048633,-0.16192617462991166,19.82873820218869,0.012530894489853736,-2.0884824149756227e-05,4.105941843590699e-05,True
571,58,1142.0,0.0006658738356577487,0.0,-0.0006658738356577487,0.0006658738356577487,2.0,1000.0,14.0,19.675692508509254,-0.163979145551707,19.827753342455644,0.011918311605315366,-1.7026159436164808e-05,-0.0026137090753763914,True
572,58,1144.0,0.0004927998460857452,0.0,-0.0004927998460857452,0.0004927998460857452,2.0,1000.0,14.0,19.88821056715947,-0.033293691782887436,19.827553380342835,0.09395087859952055,-0.00013421554085645793,-0.00017307398957200348,True
573,58,1146.0,0.0006171083304593594,0.0,-0.0006171083304593594,0.0006171083304593594,2.0,1000.0,14.0,19.893261645055667,-0.02463999230428726,19.827405392401044,0.09049624495891055,-0.0001292803499413008,0.0001243084843736142,True
574,58,1148.0,0.0008051192789366723,0.0,-0.0008051192789366723,0.0008051192789366723,2.0,1000.0,14.0,19.87427295538366,-0.03085541652296797,19.827220074584062,0.07790829732256585,-0.0001112975676036655,0.00018801094847731292,True
575,58,1150.0,0.0008849366139997983,0.0,-0.0008849366139997983,0.0008849366139997983,2.0,1000.0,14.0,19.851216398747425,-0.04025596394683362,19.826978297022812,0.0644940656714463,-9.213437953063759e-05,7.981733506312594e-05,True
576,58,1152.0,0.0012973776765079492,0.0,-0.0012973776765079492,0.0012973776765079492,2.0,1000.0,14.0,19.838267902265336,-0.044246830699989914,19.82671255029186,0.05580218267346826,-7.971740381924037e-05,0.00041244106250815094,True
577,58,1154.0,0.0014109163393527524,0.0,-0.0014109163393527524,0.0014109163393527524,2.0,1000.0,14.0,19.79880923472124,-0.06486888382539746,19.826322947385975,0.037355171160661754,-5.336453022951679e-05,0.00011353866284480318,True
578,58,1156.0,0.0016519791469704614,0.0,-0.0016519791469704614,0.0016519791469704614,2.0,1000.0,14.0,19.785532457623304,-0.07054581696763762,19.82589924878555,0.03017902580538966,-4.311289400769951e-05,0.00024106280761770904,True
579,58,1158.0,0.001794098244261022,0.0,-0.001794098244261022,0.001794098244261022,2.0,1000.0,14.0,19.762433732996815,-0.08259895734852307,19.825403158951616,0.019629531393722935,-2.804218770531848e-05,0.0001421190972905606,True
580,58,1160.0,0.0019742488302085803,0.0,-0.0019742488302085803,0.0019742488302085803,2.0,1000.0,14.0,19.748394261966958,-0.0897049122130511,19.824864390710097,0.01323478346991543,-1.8906833528450615e-05,0.00018015058594755828,True
581,59,1162.0,0.0008049242105130361,0.0,-0.0008049242105130361,0.0008049242105130361,2.0,1000.0,15.0,19.732244632755496,-0.09871244151042902,19.824271523193516,0.006685551072408546,-8.914068096544728e-06,-0.0011693246196955442,True
582,59,1164.0,0.0009533837518915789,0.0,-0.0009533837518915789,0.0009533837518915789,2.0,1000.0,15.0,19.82969761824542,-0.040246210525651804,19.824029804211353,0.04591402455971757,-6.121869941295676e-05,0.00014845954137854278,True
583,59,1166.0,0.001072543877796761,0.0,-0.001072543877796761,0.001072543877796761,2.0,1000.0,15.0,19.81254713843672,-0.04766918759457894,19.823743502784342,0.03647282324695771,-4.863043099594362e-05,0.00011916012590518221,True
584,59,1168.0,0.0012524448692943224,0.0,-0.0012524448692943224,0.0012524448692943224,2.0,1000.0,15.0,19.79872535275291,-0.053627193889838054,19.82342141753576,0.02893112910698943,-3.8574838809319245e-05,0.00017990099149756134,True
585,59,1170.0,0.0013538130087340505,0.0,-0.0013538130087340505,0.0013538130087340505,2.0,1000.0,15.0,19.78046103786384,-0.06262224346471612,19.82304530796538,0.020037973363176417,-2.6717297817568555e-05,0.00010136813943972811,True
586,59,1172.0,0.0016301617660587908,0.0,-0.0016301617660587908,0.0016301617660587908,2.0,1000.0,15.0,19.76961868733227,-0.06769065043670253,19.8226387575123,0.014670580256670519,-1.9560773675560692e-05,0.0002763487573247403,True
587,59,1174.0,0.001734055652320876,0.0,-0.001734055652320876,0.001734055652320876,2.0,1000.0,15.0,19.744490634177055,-0.08150808830293954,19.82214921944444,0.0038495030355563276,-5.132670714075103e-06,0.00010389388626208529,True
588,59,1176.0,0.001887250037668764,0.0,-0.001887250037668764,0.001887250037668764,2.0,1000.0,15.0,19.73486590853877,-0.0867027826160438,19.82162848201132,-5.979085651122289e-05,7.972114201496384e-08,0.00015319438534788787,True
589,59,1178.0,0.0019496628164574759,0.0,-0.0019496628164574759,0.0019496628164574759,2.0,1000.0,15.0,19.721422239638994,-0.0943625018834382,19.821061740258294,-0.005276998735861626,7.035998314482167e-06,6.241277878871188e-05,True
590,59,1180.0,0.002001667137790264,0.0,-0.002001667137790264,0.002001667137790264,2.0,1000.0,15.0,19.716091625421377,-0.09748314082287379,19.820476255929055,-0.006901489684800937,9.201986246401248e-06,5.2004321332788095e-05,True
591,60,1182.0,0.002010093011392655,0.0,-0.002010093011392655,0.002010093011392655,2.0,1000.0,15.0,19.711775635859762,-0.1000833568895132,19.819875154686496,-0.008016161937217632,1.0688215916290176e-05,8.42587360239122e-06,True
592,60,1184.0,0.002008650591449168,0.0,-0.002008650591449168,0.002008650591449168,2.0,1000.0,15.0,19.71122810214146,-0.10050465056963276,19.819271523151517,-0.007538770440419934,1.0051693920559913e-05,-1.4424199434870388e-06,True
593,60,1186.0,0.0019633950336697126,0.0,-0.0019633950336697126,0.0019633950336697126,2.0,1000.0,15.0,19.711465321396595,-0.1004325295724584,19.81866832477571,-0.006770473806658888,9.027298408878518e-06,-4.525555777945556e-05,True
594,60,1188.0,0.001891950681454091,0.0,-0.001891950681454091,0.001891950681454091,2.0,1000.0,15.0,19.715327237426827,-0.09816975168348563,19.818078716657496,-0.004581727547180837,6.1089700629077825e-06,-7.144435221562162e-05,True
595,60,1190.0,0.0017841810235381672,0.0,-0.0017841810235381672,0.0017841810235381672,2.0,1000.0,15.0,19.721204128476476,-0.09459753407270455,19.817510563299688,-0.001708900750509946,2.2785343340132613e-06,-0.00010776965791592374,True
596,60,1192.0,0.0016568573241215745,0.0,-0.0016568573241215745,0.0016568573241215745,2.0,1000.0,15.0,19.7298940622208,-0.08920905117690836,19.81697477320251,0.002128340195197148,-2.837786926929531e-06,-0.00012732369941659272,True
597,60,1194.0,0.0015195610225759992,0.0,-0.0015195610225759992,0.0015195610225759992,2.0,1000.0,15.0,19.739900563787057,-0.08284286620607872,19.8164772184505,0.0062662115426318395,-8.35494872350912e-06,-0.00013729630154557526,True
598,60,1196.0,0.0014290208322904618,0.0,-0.0014290208322904618,0.0014290208322904618,2.0,1000.0,15.0,19.750392215532457,-0.07597805112879996,19.816020893819086,0.010349372842168159,-1.3799163789557544e-05,-9.054019028553739e-05,True
599,60,1198.0,0.0014518486781867068,0.0,-0.0014518486781867068,0.0014518486781867068,2.0,1000.0,15.0,19.75658968724141,-0.07145104161452309,19.815591758434024,0.012448970421906201,-1.659862722920827e-05,2.282784589624498e-05,True
600,60,1200.0,0.0016229952374828827,0.0,-0.0016229952374828827,0.0016229952374828827,2.0,1000.0,15.0,19.75304652507909,-0.07259243390933534,19.815155767839954,0.010483191148472114,-1.3977588197962818e-05,0.00017114655929617584,True
