step,decision_idx,elapsed_s,temp,temp_ref,error,abs_error,kp,ki,kd,u,u_p,u_i,u_d,diff_out,pred_delta,valid
1,1,2.0,26.438072502613068,0.0,-26.438072502613068,26.438072502613068,14.0,769.0,3.0,-100.0,-100.0,0.0,-0.0,0.0,-0.5619274973869324,True
2,1,4.0,26.10104528069496,0.0,-26.10104528069496,26.10104528069496,14.0,769.0,3.0,-100.0,-100.0,0.0,0.5473713244336401,-0.02554399514023654,-0.3370272219181061,True
3,1,6.0,25.910204723477364,0.0,-25.910204723477364,25.910204723477364,14.0,769.0,3.0,-100.0,-100.0,0.0,0.8234547036101236,-0.038427886168472446,-0.19084055721759796,True
4,1,8.0,25.73292315006256,0.0,-25.73292315006256,25.73292315006256,14.0,769.0,3.0,-100.0,-100.0,0.0,0.930802777301017,-0.04343746294071413,-0.17728157341480255,True
5,1,10.0,25.567852422595024,0.0,-25.567852422595024,25.567852422595024,14.0,769.0,3.0,-100.0,-100.0,0.0,1.0147032179865825,-0.047352816839373854,-0.16507072746753693,True
6,2,12.0,25.40902018547058,0.0,-25.40902018547058,25.40902018547058,15.0,743.0,1.0,-100.0,-100.0,0.0,0.3355973910498446,-0.05033960865747669,-0.15883223712444305,True
7,2,14.0,25.26961386203766,0.0,-25.26961386203766,25.26961386203766,15.0,743.0,1.0,-100.0,-100.0,0.0,0.35171935807079147,-0.05275790371061872,-0.13940632343292236,True
8,2,16.0,25.20538955926895,0.0,-25.20538955926895,25.20538955926895,15.0,743.0,1.0,-100.0,-100.0,0.0,0.36041639471071246,-0.05406245920660687,-0.06422430276870728,True
9,2,18.0,25.197028781287372,0.0,-25.197028781287372,25.197028781287372,15.0,743.0,1.0,-100.0,-100.0,0.0,0.3454997569207512,-0.05182496353811268,-0.008360777981579304,True
10,2,20.0,25.268148611299694,0.0,-25.268148611299694,25.268148611299694,15.0,743.0,1.0,-100.0,-100.0,0.0,0.31507645226072895,-0.04726146783910934,0.07111983001232147,True
11,3,22.0,25.285592115484178,0.0,-25.285592115484178,25.285592115484178,15.0,66.0,1.0,-100.0,-100.0,0.0,0.2634684478766714,-0.03952026718150071,0.017443504184484482,True
12,3,24.0,25.160945153795183,0.0,-25.160945153795183,25.160945153795183,15.0,66.0,1.0,-100.0,-100.0,0.0,0.2330500288198354,-0.03495750432297531,-0.12464696168899536,True
13,3,26.0,25.01607923861593,0.0,-25.01607923861593,25.01607923861593,15.0,66.0,1.0,-100.0,-100.0,0.0,0.24859402040098738,-0.03728910306014811,-0.14486591517925262,True
14,3,28.0,24.91886757221073,0.0,-24.91886757221073,24.91886757221073,15.0,66.0,1.0,-100.0,-100.0,0.0,0.2687826741467024,-0.04031740112200536,-0.09721166640520096,True
15,3,30.0,24.77346238400787,0.0,-24.77346238400787,24.77346238400787,15.0,66.0,1.0,-100.0,-100.0,0.0,0.2726038223530648,-0.04089057335295972,-0.14540518820285797,True
16,4,32.0,24.65325844939798,0.0,-24.65325844939798,24.65325844939798,15.0,240.0,1.0,-100.0,-100.0,0.0,0.2906656204372408,-0.04359984306558612,-0.12020393460988998,True
17,4,34.0,24.565279609523714,0.0,-24.565279609523714,24.565279609523714,15.0,240.0,1.0,-100.0,-100.0,0.0,0.2993672197755316,-0.04490508296632974,-0.08797883987426758,True
18,4,36.0,24.457438348792493,0.0,-24.457438348792493,24.457438348792493,15.0,240.0,1.0,-100.0,-100.0,0.0,0.2974728955124397,-0.04462093432686595,-0.10784126073122025,True
19,4,38.0,24.359009153209627,0.0,-24.359009153209627,24.359009153209627,15.0,240.0,1.0,-100.0,-100.0,0.0,0.30177861802843686,-0.045266792704265535,-0.09842919558286667,True
20,4,40.0,24.270290314219892,0.0,-24.270290314219892,24.270290314219892,15.0,240.0,1.0,-100.0,-100.0,0.0,0.30282127375354634,-0.04542319106303195,-0.08871883898973465,True
21,5,42.0,24.120743273757398,0.0,-24.120743273757398,24.120743273757398,12.0,299.0,1.0,-100.0,-100.0,0.0,0.3760271590210627,-0.045123259082527525,-0.1495470404624939,True
22,5,44.0,24.059906500391662,0.0,-24.059906500391662,24.059906500391662,12.0,299.0,1.0,-100.0,-100.0,0.0,0.39680878735068204,-0.047617054482081846,-0.06083677336573601,True
23,5,46.0,23.917703139595687,0.0,-23.917703139595687,23.917703139595687,12.0,299.0,1.0,-100.0,-100.0,0.0,0.3820032766357959,-0.04584039319629551,-0.14220336079597473,True
24,5,48.0,23.84717474412173,0.0,-23.84717474412173,23.84717474412173,12.0,299.0,1.0,-100.0,-100.0,0.0,0.3994329491630432,-0.04793195389956519,-0.07052839547395706,True
25,5,50.0,23.71572309266776,0.0,-23.71572309266776,23.71572309266776,12.0,299.0,1.0,-100.0,-100.0,0.0,0.3880484537984364,-0.04656581445581237,-0.13145165145397186,True
26,6,52.0,23.665540418587625,0.0,-23.665540418587625,23.665540418587625,16.0,381.0,1.0,-100.0,-100.0,0.0,0.30062142737492675,-0.048099428379988284,-0.05018267408013344,True
27,6,54.0,23.502820408903062,0.0,-23.502820408903062,23.502820408903062,16.0,381.0,1.0,-100.0,-100.0,0.0,0.2862027601618826,-0.045792441625901216,-0.16272000968456268,True
28,6,56.0,23.437835625372827,0.0,-23.437835625372827,23.437835625372827,16.0,381.0,1.0,-100.0,-100.0,0.0,0.3051326149789276,-0.04882121839662841,-0.06498478353023529,True
29,6,58.0,23.28276804741472,0.0,-23.28276804741472,23.28276804741472,16.0,381.0,1.0,-100.0,-100.0,0.0,0.2944890747754435,-0.04711825196407096,-0.155067577958107,True
30,6,60.0,23.21613265480846,0.0,-23.21613265480846,23.21613265480846,16.0,381.0,1.0,-100.0,-100.0,0.0,0.31045435945231986,-0.04967269751237118,-0.06663539260625839,True
31,7,62.0,23.018424450419843,0.0,-23.018424450419843,23.018424450419843,12.0,502.0,1.0,-100.0,-100.0,0.0,0.39969618312292826,-0.047963541974751396,-0.19770820438861847,True
32,7,64.0,22.94746585842222,0.0,-22.94746585842222,22.94746585842222,12.0,502.0,1.0,-100.0,-100.0,0.0,0.4364642111729933,-0.0523757053407592,-0.07095859199762344,True
33,7,66.0,22.77959059830755,0.0,-22.77959059830755,22.77959059830755,12.0,502.0,1.0,-100.0,-100.0,0.0,0.42171028645343334,-0.050605234374412,-0.1678752601146698,True
34,7,68.0,22.692735156975687,0.0,-22.692735156975687,22.692735156975687,12.0,502.0,1.0,-100.0,-100.0,0.0,0.445077229722907,-0.05340926756674884,-0.0868554413318634,True
35,7,70.0,22.530821255408227,0.0,-22.530821255408227,22.530821255408227,12.0,502.0,1.0,-100.0,-100.0,0.0,0.435523680013676,-0.05226284160164112,-0.1619139015674591,True
36,8,72.0,22.391200489364564,0.0,-22.391200489364564,22.391200489364564,10.0,711.0,1.0,-100.0,-100.0,0.0,0.5463776611414249,-0.054637766114142484,-0.13962076604366302,True
37,8,74.0,22.25042339321226,0.0,-22.25042339321226,22.25042339321226,10.0,711.0,1.0,-100.0,-100.0,0.0,0.5577275053042393,-0.05577275053042392,-0.1407770961523056,True
38,8,76.0,22.109062424860895,0.0,-22.109062424860895,22.109062424860895,10.0,711.0,1.0,-100.0,-100.0,0.0,0.5685203356627694,-0.05685203356627694,-0.14136096835136414,True
39,8,78.0,21.992365061305463,0.0,-21.992365061305463,21.992365061305463,10.0,711.0,1.0,-100.0,-100.0,0.0,0.5785490586497909,-0.057854905864979086,-0.11669736355543137,True
40,8,80.0,21.857815488241613,0.0,-21.857815488241613,21.857815488241613,10.0,711.0,1.0,-100.0,-100.0,0.0,0.5764096112009119,-0.05764096112009119,-0.1345495730638504,True
41,9,82.0,21.783808215521276,0.0,-21.783808215521276,21.783808215521276,15.0,619.0,1.0,-100.0,-100.0,0.0,0.38839297909699355,-0.058258946864549035,-0.07400727272033691,True
42,9,84.0,21.600713863037527,0.0,-21.600713863037527,21.600713863037527,15.0,619.0,1.0,-100.0,-100.0,0.0,0.3737724178216676,-0.05606586267325014,-0.1830943524837494,True
43,9,86.0,21.51653382088989,0.0,-21.51653382088989,21.51653382088989,15.0,619.0,1.0,-100.0,-100.0,0.0,0.3936055720727302,-0.05904083581090954,-0.08418004214763641,True
44,9,88.0,21.34257249440998,0.0,-21.34257249440998,21.34257249440998,15.0,619.0,1.0,-100.0,-100.0,0.0,0.3815706630644132,-0.05723559945966198,-0.1739613264799118,True
45,9,90.0,21.25060079153627,0.0,-21.25060079153627,21.25060079153627,15.0,619.0,1.0,-100.0,-100.0,0.0,0.39789216385420795,-0.059683824578131185,-0.09197170287370682,True
46,10,92.0,20.98877344187349,0.0,-20.98877344187349,20.98877344187349,5.0,640.0,1.0,-100.0,-100.0,0.0,1.163428913881024,-0.0581714456940512,-0.26182734966278076,True
47,10,94.0,20.922193258069456,0.0,-20.922193258069456,20.922193258069456,5.0,640.0,1.0,-100.0,-100.0,0.0,1.2904919629507663,-0.0645245981475383,-0.06658018380403519,True
48,10,96.0,20.76174959447235,0.0,-20.76174959447235,20.76174959447235,5.0,640.0,1.0,-100.0,-100.0,0.0,1.2279243453981805,-0.06139621726990903,-0.16044366359710693,True
49,10,98.0,20.685962087474763,0.0,-20.685962087474763,20.685962087474763,5.0,640.0,1.0,-100.0,-100.0,0.0,1.2566615932220946,-0.06283307966110473,-0.0757875069975853,True
50,10,100.0,20.456193855963647,0.0,-20.456193855963647,20.456193855963647,5.0,640.0,1.0,-100.0,-100.0,0.0,1.2056919339238898,-0.06028459669619449,-0.22976823151111603,True
51,11,102.0,20.389874084852636,0.0,-20.389874084852636,20.389874084852636,19.0,585.0,1.0,-100.0,-100.0,-0.36808266047617916,0.34199389100031524,-0.0649788392900599,-0.0663197711110115,True
52,11,104.0,20.209088294766843,0.0,-20.209088294766843,20.209088294766843,19.0,585.0,1.0,-100.0,-100.0,-0.7349719827407333,0.32523837250780574,-0.06179529077648309,-0.18078579008579254,True
53,11,106.0,20.071421950124204,0.0,-20.071421950124204,20.071421950124204,19.0,585.0,1.0,-100.0,-100.0,-1.0986082993357273,0.33746733853213784,-0.06411879432110619,-0.13766634464263916,True
54,11,108.0,19.90041123237461,0.0,-19.90041123237461,19.90041123237461,19.0,585.0,1.0,-100.0,-100.0,-1.4597674887216785,0.3382133909868263,-0.064260544287497,-0.17101071774959564,True
55,11,110.0,19.79578202869743,0.0,-19.79578202869743,19.79578202869743,19.0,585.0,1.0,-100.0,-100.0,-1.8178495621787132,0.3468659740663652,-0.06590453507260939,-0.10462920367717743,True
56,12,112.0,19.505447595380247,0.0,-19.505447595380247,19.505447595380247,5.0,647.0,1.0,-100.0,-100.0,-1.8178495621787132,1.287482958153671,-0.06437414790768355,-0.29033443331718445,True
57,12,114.0,19.432513146661222,0.0,-19.432513146661222,19.432513146661222,5.0,647.0,1.0,-100.0,-100.0,-1.8178495621787132,1.4286299451241116,-0.07143149725620558,-0.07293444871902466,True
58,12,116.0,19.27693739440292,0.0,-19.27693739440292,19.27693739440292,5.0,647.0,1.0,-100.0,-100.0,-1.8178495621787132,1.3586624315313944,-0.06793312157656972,-0.15557575225830078,True
59,12,118.0,19.192704825662076,0.0,-19.192704825662076,19.192704825662076,5.0,647.0,1.0,-100.0,-100.0,-1.8178495621787132,1.3705029440347414,-0.06852514720173707,-0.08423256874084473,True
60,12,120.0,18.929427086375654,0.0,-18.929427086375654,18.929427086375654,5.0,647.0,1.0,-100.0,-100.0,-1.8178495621787132,1.3163518937209646,-0.06581759468604823,-0.26327773928642273,True
61,13,122.0,18.86382546182722,0.0,-18.86382546182722,18.86382546182722,18.0,629.0,1.0,-100.0,-100.0,-2.1522326585640785,0.39726286777690784,-0.07150731619984342,-0.06560162454843521,True
62,13,124.0,18.65835132356733,0.0,-18.65835132356733,18.65835132356733,18.0,629.0,1.0,-100.0,-100.0,-2.4854569203875583,0.37593541131721714,-0.06766837403709909,-0.2054741382598877,True
63,13,126.0,18.49305986519903,0.0,-18.49305986519903,18.49305986519903,18.0,629.0,1.0,-100.0,-100.0,-2.815051538362607,0.3919662517039736,-0.07055392530671524,-0.1652914583683014,True
64,13,128.0,18.31063800211996,0.0,-18.31063800211996,18.31063800211996,18.0,629.0,1.0,-100.0,-100.0,-3.1417263284208823,0.39632004708360924,-0.07133760847504966,-0.18242186307907104,True
65,13,130.0,18.18079613801092,0.0,-18.18079613801092,18.18079613801092,18.0,629.0,1.0,-100.0,-100.0,-3.4651786866989305,0.404584706764732,-0.07282524721765177,-0.1298418641090393,True
66,14,132.0,17.89137255307287,0.0,-17.89137255307287,17.89137255307287,6.0,636.0,1.0,-100.0,-100.0,-3.4651786866989305,1.1963468175031962,-0.07178080905019177,-0.2894235849380493,True
67,14,134.0,17.81637743767351,0.0,-17.81637743767351,17.81637743767351,6.0,636.0,1.0,-100.0,-100.0,-3.4651786866989305,1.3015039229033187,-0.07809023537419912,-0.07499511539936066,True
68,14,136.0,17.649231306277215,0.0,-17.649231306277215,17.649231306277215,6.0,636.0,1.0,-100.0,-100.0,-3.4651786866989305,1.2341726544047307,-0.07405035926428384,-0.16714613139629364,True
69,14,138.0,17.554996362887323,0.0,-17.554996362887323,17.554996362887323,6.0,636.0,1.0,-100.0,-100.0,-3.4651786866989305,1.24308047760806,-0.0745848286564836,-0.09423494338989258,True
70,14,140.0,17.282192043028772,0.0,-17.282192043028772,17.282192043028772,6.0,636.0,1.0,-100.0,-100.0,-3.4651786866989305,1.195898868571358,-0.0717539321142815,-0.272804319858551,True
71,15,142.0,17.21432492788881,0.0,-17.21432492788881,17.21432492788881,17.0,655.0,1.0,-100.0,-100.0,-3.775590757521177,0.4547673339458866,-0.07731044677080072,-0.06786711513996124,True
72,15,144.0,17.00964220520109,0.0,-17.00964220520109,17.00964220520109,17.0,655.0,1.0,-100.0,-100.0,-4.0847838410934925,0.4295348883401835,-0.0730209310178312,-0.20468272268772125,True
73,15,146.0,16.83533205743879,0.0,-16.83533205743879,16.83533205743879,17.0,655.0,1.0,-100.0,-100.0,-4.390300539884717,0.4432936966270889,-0.07535992842660512,-0.17431014776229858,True
74,15,148.0,16.645787409506738,0.0,-16.645787409506738,16.645787409506738,17.0,655.0,1.0,-100.0,-99.03136504375759,-4.69268638734657,0.4476184656601502,-0.07609513916222553,-0.1895446479320526,True
75,15,150.0,16.522668986581266,0.0,-16.522668986581266,16.522668986581266,17.0,655.0,1.0,-100.0,-97.91639652651021,-4.991667750786297,0.4556043856467575,-0.07745274555994877,-0.12311842292547226,True
76,16,152.0,16.233558266423643,0.0,-16.233558266423643,16.233558266423643,7.0,685.0,1.0,-100.0,-100.0,-4.991667750786297,1.080875137364514,-0.07566125961551598,-0.2891107201576233,True
77,16,154.0,16.15138655062765,0.0,-16.15138655062765,16.15138655062765,7.0,685.0,1.0,-100.0,-100.0,-4.991667750786297,1.1655187067867334,-0.08158630947507134,-0.0821717157959938,True
78,16,156.0,15.967205247841775,0.0,-15.967205247841775,15.967205247841775,7.0,685.0,1.0,-100.0,-100.0,-4.991667750786297,1.1077025299303327,-0.07753917709512329,-0.1841813027858734,True
79,16,158.0,15.85291105415672,0.0,-15.85291105415672,15.85291105415672,7.0,685.0,1.0,-100.0,-100.0,-4.991667750786297,1.121646163811833,-0.07851523146682832,-0.11429419368505478,True
80,16,160.0,15.585890023969114,0.0,-15.585890023969114,15.585890023969114,7.0,685.0,1.0,-100.0,-100.0,-4.991667750786297,1.0888752191235005,-0.07622126533864504,-0.2670210301876068,True
81,17,162.0,15.516257531009614,0.0,-15.516257531009614,15.516257531009614,15.0,652.0,1.0,-100.0,-100.0,-5.310397608127179,0.5405916501572985,-0.08108874752359477,-0.06963249295949936,True
82,17,164.0,15.319234675727785,0.0,-15.319234675727785,15.319234675727785,15.0,652.0,1.0,-100.0,-100.0,-5.627703488106925,0.5101271446091518,-0.07651907169137276,-0.19702285528182983,True
83,17,166.0,15.162729150615633,0.0,-15.162729150615633,15.162729150615633,15.0,652.0,1.0,-100.0,-100.0,-5.94098027084165,0.5211745488041191,-0.07817618232061785,-0.1565055251121521,True
84,17,168.0,14.959775454364717,0.0,-14.959775454364717,14.959775454364717,15.0,652.0,1.0,-100.0,-100.0,-6.25105653159044,0.5188892849432596,-0.07783339274148894,-0.20295369625091553,True
85,17,170.0,14.85103943105787,0.0,-14.85103943105787,14.85103943105787,15.0,652.0,1.0,-100.0,-99.73183636243145,-6.556982410002796,0.5308982265144878,-0.07963473397717317,-0.10873602330684662,True
86,18,172.0,14.537087134085596,0.0,-14.537087134085596,14.537087134085596,4.0,1000.0,1.0,-100.0,-100.0,-6.556982410002796,1.924532919302055,-0.0769813167720822,-0.3139522969722748,True
87,18,174.0,14.428543730638921,0.0,-14.428543730638921,14.428543730638921,4.0,1000.0,1.0,-100.0,-100.0,-6.556982410002796,2.0977422692223455,-0.08390969076889382,-0.10854340344667435,True
88,18,176.0,14.237293555401266,0.0,-14.237293555401266,14.237293555401266,4.0,1000.0,1.0,-100.0,-100.0,-6.556982410002796,2.020993285274872,-0.08083973141099488,-0.19125017523765564,True
89,18,178.0,14.12267333175987,0.0,-14.12267333175987,14.12267333175987,4.0,1000.0,1.0,-100.0,-100.0,-6.556982410002796,2.045557074356868,-0.08182228297427471,-0.11462022364139557,True
90,18,180.0,13.87675233092159,0.0,-13.87675233092159,13.87675233092159,4.0,1000.0,1.0,-100.0,-100.0,-6.556982410002796,1.9806919849975637,-0.07922767939990255,-0.24592100083827972,True
91,19,182.0,13.803044497035444,0.0,-13.803044497035444,13.803044497035444,14.0,557.0,1.0,-100.0,-99.11965950658278,-6.912887830134159,0.591780142866625,-0.0828492200013275,-0.07370783388614655,True
92,19,184.0,13.638692169450223,0.0,-13.638692169450223,13.638692169450223,14.0,557.0,1.0,-100.0,-98.59317497882459,-7.2669028210814695,0.559263354507443,-0.07829686963104203,-0.16435232758522034,True
93,19,186.0,13.49717394914478,0.0,-13.49717394914478,13.49717394914478,14.0,557.0,1.0,-100.0,-97.41922978178731,-7.616702568951442,0.5592804730530312,-0.07829926622742436,-0.1415182203054428,True
94,19,188.0,13.294493018649518,0.0,-13.294493018649518,13.294493018649518,14.0,557.0,1.0,-100.0,-96.40838535103414,-7.962872713838467,0.5518817545219714,-0.077263445633076,-0.20268093049526215,True
95,19,190.0,13.170657924376428,0.0,-13.170657924376428,13.170657924376428,14.0,557.0,1.0,-100.0,-94.96066441892512,-8.303844578897431,0.5650482465354695,-0.07910675451496574,-0.12383509427309036,True
96,20,192.0,12.873211822472513,0.0,-12.873211822472513,12.873211822472513,5.0,1000.0,1.0,-100.0,-100.0,-8.303844578897431,1.5438014352570313,-0.07719007176285156,-0.2974461019039154,True
97,20,194.0,12.765750533901155,0.0,-12.765750533901155,12.765750533901155,5.0,1000.0,1.0,-100.0,-100.0,-8.303844578897431,1.666963943825767,-0.08334819719128835,-0.10746128857135773,True
98,20,196.0,12.549955761991441,0.0,-12.549955761991441,12.549955761991441,5.0,1000.0,1.0,-100.0,-100.0,-8.303844578897431,1.6056521572070739,-0.0802826078603537,-0.21579477190971375,True
99,20,198.0,12.448582774959505,0.0,-12.448582774959505,12.448582774959505,5.0,1000.0,1.0,-100.0,-100.0,-8.303844578897431,1.6486809371835567,-0.08243404685917784,-0.10137298703193665,True
100,20,200.0,12.215473524294794,0.0,-12.215473524294794,12.215473524294794,5.0,1000.0,1.0,-100.0,-100.0,-8.303844578897431,1.5835779403206334,-0.07917889701603167,-0.233109250664711,True
101,21,202.0,12.14161719288677,0.0,-12.14161719288677,12.14161719288677,12.0,504.0,1.0,-100.0,-100.0,-8.707795422954797,0.6851891400084883,-0.0822226968010186,-0.07385633140802383,True
102,21,204.0,11.986778049729764,0.0,-11.986778049729764,11.986778049729764,12.0,504.0,1.0,-100.0,-100.0,-9.109303928010567,0.6478071712541639,-0.07773686055049966,-0.1548391431570053,True
103,21,206.0,11.869471124373376,0.0,-11.869471124373376,11.869471124373376,12.0,504.0,1.0,-100.0,-99.88981708108136,-9.505692091030719,0.6446685632049312,-0.07736022758459174,-0.11730692535638809,True
104,21,208.0,11.669763795100152,0.0,-11.669763795100152,11.669763795100152,12.0,504.0,1.0,-100.0,-98.91225936977813,-9.898201056783792,0.6276115742932413,-0.07531338891518896,-0.19970732927322388,True
105,21,210.0,11.547017290256917,0.0,-11.547017290256917,11.547017290256917,12.0,504.0,1.0,-100.0,-97.2480316258346,-10.284105944187907,0.6433961613525996,-0.07720753936231195,-0.12274650484323502,True
106,22,212.0,11.266301347874105,0.0,-11.266301347874105,11.266301347874105,5.0,1000.0,1.0,-100.0,-100.0,-10.284105944187907,1.508450738732847,-0.07542253693664235,-0.2807159423828125,True
107,22,214.0,11.154400414787233,0.0,-11.154400414787233,11.154400414787233,5.0,1000.0,1.0,-100.0,-100.0,-10.284105944187907,1.6197750039790977,-0.08098875019895488,-0.1119009330868721,True
108,22,216.0,10.935412070713937,0.0,-10.935412070713937,10.935412070713937,5.0,1000.0,1.0,-100.0,-100.0,-10.284105944187907,1.5670008782792102,-0.0783500439139605,-0.2189883440732956,True
109,22,218.0,10.838578953407705,0.0,-10.838578953407705,10.838578953407705,5.0,1000.0,1.0,-100.0,-100.0,-10.284105944187907,1.6166200413187293,-0.08083100206593646,-0.09683311730623245,True
110,22,220.0,10.628062470816076,0.0,-10.628062470816076,10.628062470816076,5.0,1000.0,1.0,-100.0,-100.0,-10.284105944187907,1.550447866926424,-0.07752239334632119,-0.21051648259162903,True
111,23,222.0,10.551690897904336,0.0,-10.551690897904336,10.551690897904336,12.0,1000.0,1.0,-98.36428433889564,-88.56718725680062,-10.461240318701517,0.6641432366064908,-0.0796971883927789,-0.07637157291173935,True
112,23,224.0,10.368236667476594,0.0,-10.368236667476594,10.368236667476594,12.0,1000.0,1.0,-97.93813767824848,-87.93075748253614,-10.637101833666588,0.6297216379542425,-0.0755665965545091,-0.183454230427742,True
113,23,226.0,10.254317595623434,0.0,-10.254317595623434,10.254317595623434,12.0,1000.0,1.0,-96.57272997945239,-86.40197222897162,-10.809905778124543,0.6391480276437673,-0.07669776331725207,-0.11391907185316086,True
114,23,228.0,10.066548257134855,0.0,-10.066548257134855,10.066548257134855,12.0,1000.0,1.0,-95.8121234317064,-85.45264663019528,-10.98081107138493,0.6213342698738079,-0.07456011238485695,-0.1877693384885788,True
115,23,230.0,9.969221740029752,0.0,-9.969221740029752,9.969221740029752,12.0,1000.0,1.0,-94.40329366375431,-83.88790214279045,-11.14858687567052,0.6331953547066662,-0.07598344256479996,-0.09732651710510254,True
116,24,232.0,9.804021059535444,0.0,-9.804021059535444,9.804021059535444,10.0,544.0,1.0,-100.0,-99.69221740029752,-11.515102380818679,0.7315966909366866,-0.07315966909366865,-0.16520068049430847,True
117,24,234.0,9.70325659122318,0.0,-9.70325659122318,9.70325659122318,10.0,544.0,1.0,-100.0,-98.04021059535444,-11.875544331536894,0.7369066505001047,-0.07369066505001047,-0.10076446831226349,True
118,24,236.0,9.532407357357442,0.0,-9.532407357357442,9.532407357357442,10.0,544.0,1.0,-100.0,-97.0325659122318,-12.232281706214208,0.7124188026820238,-0.07124188026820238,-0.17084923386573792,True
119,24,238.0,9.410856029950082,0.0,-9.410856029950082,9.410856029950082,10.0,544.0,1.0,-100.0,-95.32407357357442,-12.582737859058222,0.7221258406286603,-0.07221258406286603,-0.12155132740736008,True
120,24,240.0,9.199895686469972,0.0,-9.199895686469972,9.199895686469972,10.0,544.0,1.0,-100.0,-94.10856029950084,-12.928725213100508,0.7084971787178391,-0.0708497178717839,-0.21096034348011017,True
121,25,242.0,9.08823977317661,0.0,-9.08823977317661,9.08823977317661,10.0,1000.0,1.0,-100.0,-91.99895686469972,-13.112723126829925,0.7368119317234277,-0.07368119317234277,-0.11165591329336166,True
122,25,244.0,8.894512890838087,0.0,-8.894512890838087,8.894512890838087,10.0,1000.0,1.0,-100.0,-90.8823977317661,-13.294487922293483,0.7172841317850868,-0.07172841317850867,-0.19372688233852386,True
123,25,246.0,8.765054105781019,0.0,-8.765054105781019,8.765054105781019,10.0,1000.0,1.0,-100.0,-88.94512890838087,-13.472378180110264,0.7369267470049351,-0.07369267470049351,-0.12945878505706787,True
124,25,248.0,8.60157388355583,0.0,-8.60157388355583,8.60157388355583,10.0,1000.0,1.0,-100.0,-87.65054105781019,-13.647679262225873,0.7254807910610961,-0.07254807910610961,-0.1634802222251892,True
125,25,250.0,8.491151629947126,0.0,-8.491151629947126,8.491151629947126,10.0,1000.0,1.0,-99.10485751478306,-86.0157388355583,-13.819710739897015,0.7305920606722548,-0.07305920606722548,-0.11042225360870361,True
126,26,252.0,8.32718579377979,0.0,-8.32718579377979,8.32718579377979,6.0,96.0,1.0,-100.0,-100.0,-13.819710739897015,1.1851612942212573,-0.07110967765327544,-0.1639658361673355,True
127,26,254.0,8.244821800850332,0.0,-8.244821800850332,8.244821800850332,6.0,96.0,1.0,-100.0,-100.0,-13.819710739897015,1.1963347997660028,-0.07178008798596017,-0.08236399292945862,True
128,26,256.0,8.072279869578779,0.0,-8.072279869578779,8.072279869578779,6.0,96.0,1.0,-100.0,-100.0,-13.819710739897015,1.1446184477028596,-0.06867710686217157,-0.17254193127155304,True
129,26,258.0,7.988063543103635,0.0,-7.988063543103635,7.988063543103635,6.0,96.0,1.0,-100.0,-100.0,-13.819710739897015,1.166156824708567,-0.06996940948251403,-0.08421632647514343,True
130,26,260.0,7.778443708084524,0.0,-7.778443708084524,7.778443708084524,6.0,96.0,1.0,-100.0,-100.0,-13.819710739897015,1.1187225190604362,-0.06712335114362618,-0.20961983501911163,True
131,27,262.0,7.649038656614721,0.0,-7.649038656614721,7.649038656614721,6.0,6.0,1.0,-100.0,-100.0,-13.819710739897015,1.170822436560893,-0.07024934619365358,-0.12940505146980286,True
132,27,264.0,7.4802122404798865,0.0,-7.4802122404798865,7.4802122404798865,6.0,6.0,1.0,-100.0,-100.0,-13.819710739897015,1.1571794240071316,-0.0694307654404279,-0.1688264161348343,True
133,27,266.0,7.345525725744665,0.0,-7.345525725744665,7.345525725744665,6.0,6.0,1.0,-100.0,-100.0,-13.819710739897015,1.1747046289729324,-0.07048227773837594,-0.13468651473522186,True
134,27,268.0,7.200402393005788,0.0,-7.200402393005788,7.200402393005788,6.0,6.0,1.0,-100.0,-100.0,-13.819710739897015,1.1646926921145666,-0.069881561526874,-0.14512333273887634,True
135,27,270.0,7.056022732518613,0.0,-7.056022732518613,7.056022732518613,6.0,6.0,1.0,-100.0,-100.0,-13.819710739897015,1.1635430378038236,-0.06981258226822942,-0.144379660487175,True
136,28,272.0,6.903651534579694,0.0,-6.903651534579694,6.903651534579694,6.0,6.0,1.0,-100.0,-100.0,-53.01983703166707,1.161939619895467,-0.06971637719372802,-0.15237119793891907,True
137,28,274.0,6.700443013571203,0.0,-6.700443013571203,6.700443013571203,6.0,6.0,1.0,-100.0,-100.0,-91.373456668221,1.1665437815129112,-0.06999262689077468,-0.20320852100849152,True
138,28,276.0,6.550449623726308,0.0,-6.550449623726308,6.550449623726308,6.0,6.0,1.0,-100.0,-100.0,-100.0,1.209224646523926,-0.07255347879143556,-0.1499933898448944,True
139,28,278.0,6.350590749643743,0.0,-6.350590749643743,6.350590749643743,6.0,6.0,1.0,-100.0,-100.0,-100.0,1.2075168128964762,-0.07245100877378857,-0.1998588740825653,True
140,28,280.0,6.231724142096937,0.0,-6.231724142096937,6.231724142096937,6.0,6.0,1.0,-100.0,-100.0,-100.0,1.2437514863914556,-0.07462508918348734,-0.11886660754680634,True
141,29,282.0,6.097849517129362,0.0,-6.097849517129362,6.097849517129362,2.0,830.0,6.0,-100.0,-100.0,-100.0,21.873016138206978,-0.07291005379402327,-0.13387462496757507,True
142,29,284.0,5.97273416724056,0.0,-5.97273416724056,5.97273416724056,2.0,830.0,6.0,-100.0,-100.0,-100.0,21.612253937182135,-0.07204084645727378,-0.12511534988880157,True
143,29,286.0,5.866006418131292,0.0,-5.866006418131292,5.866006418131292,2.0,830.0,6.0,-100.0,-100.0,-100.0,21.25691247050372,-0.07085637490167906,-0.10672774910926819,True
144,29,288.0,5.737119941972196,0.0,-5.737119941972196,5.737119941972196,2.0,830.0,6.0,-100.0,-100.0,-100.0,20.68470881990738,-0.06894902939969128,-0.12888647615909576,True
145,29,290.0,5.634242161177099,0.0,-5.634242161177099,5.634242161177099,2.0,830.0,6.0,-100.0,-100.0,-100.0,20.469273582417273,-0.06823091194139091,-0.10287778079509735,True
146,30,292.0,5.402961432002485,0.0,-5.402961432002485,5.402961432002485,3.0,1000.0,1.0,-100.0,-100.0,-100.0,2.213299898341856,-0.06639899695025568,-0.23128072917461395,True
147,30,294.0,5.293053551577032,0.0,-5.293053551577032,5.293053551577032,3.0,1000.0,1.0,-100.0,-100.0,-100.0,2.352624822551578,-0.07057874467654734,-0.10990788042545319,True
148,30,296.0,5.079799368046224,0.0,-5.079799368046224,5.079799368046224,3.0,1000.0,1.0,-100.0,-100.0,-100.0,2.2947481334444784,-0.06884244400333435,-0.2132541835308075,True
149,30,298.0,4.971189542673528,0.0,-4.971189542673528,4.971189542673528,3.0,1000.0,1.0,-100.0,-100.0,-100.0,2.398988838213998,-0.07196966514641995,-0.10860982537269592,True
150,30,300.0,4.791417448781431,0.0,-4.791417448781431,4.791417448781431,3.0,1000.0,1.0,-100.0,-100.0,-100.0,2.334722616455164,-0.07004167849365493,-0.17977209389209747,True
151,31,302.0,4.69652000721544,0.0,-4.69652000721544,4.69652000721544,2.0,1000.0,1.0,-100.0,-100.0,-100.0,3.5766241331187847,-0.07153248266237569,-0.09489744156599045,True
152,31,304.0,4.523396125994623,0.0,-4.523396125994623,4.523396125994623,2.0,1000.0,1.0,-100.0,-100.0,-100.0,3.4511431828420784,-0.06902286365684157,-0.17312388122081757,True
153,31,306.0,4.438359729014337,0.0,-4.438359729014337,4.438359729014337,2.0,1000.0,1.0,-100.0,-100.0,-100.0,3.515431943730686,-0.07030863887461372,-0.08503639698028564,True
154,31,308.0,4.257074377499521,0.0,-4.257074377499521,4.257074377499521,2.0,1000.0,1.0,-100.0,-100.0,-100.0,3.3733750109335587,-0.06746750021867118,-0.18128535151481628,True
155,31,310.0,4.178932330571115,0.0,-4.178932330571115,4.178932330571115,2.0,1000.0,1.0,-100.0,-100.0,-100.0,3.4636321699442147,-0.0692726433988843,-0.07814204692840576,True
156,32,312.0,3.9808982079848647,0.0,-3.9808982079848647,3.9808982079848647,3.0,1000.0,1.0,-100.0,-100.0,-100.0,2.207230859261628,-0.06621692577784885,-0.1980341225862503,True
157,32,314.0,3.9003702169284225,0.0,-3.9003702169284225,3.9003702169284225,3.0,1000.0,1.0,-100.0,-100.0,-100.0,2.2967574386007716,-0.06890272315802315,-0.08052799105644226,True
158,32,316.0,3.7231109952554107,0.0,-3.7231109952554107,3.7231109952554107,3.0,1000.0,1.0,-100.0,-100.0,-100.0,2.1996917284429887,-0.06599075185328966,-0.17725922167301178,True
159,32,318.0,3.6415387531742454,0.0,-3.6415387531742454,3.6415387531742454,3.0,1000.0,1.0,-100.0,-100.0,-100.0,2.2584580764350233,-0.0677537422930507,-0.08157224208116531,True
160,32,320.0,3.4641264816746116,0.0,-3.4641264816746116,3.4641264816746116,3.0,1000.0,1.0,-100.0,-100.0,-100.0,2.166628036303005,-0.06499884108909014,-0.1774122714996338,True
161,33,322.0,3.2838660469278693,0.0,-3.2838660469278693,3.2838660469278693,39.0,1000.0,1.0,-100.0,-8.882375594037466,-100.0,0.17144463264274087,-0.06686340673066894,-0.18026043474674225,True
162,33,324.0,3.185029140673578,0.0,-3.185029140673578,3.185029140673578,39.0,1000.0,1.0,-100.0,-8.420169351097101,-100.0,0.17610149647104367,-0.06867958362370703,-0.09883690625429153,True
163,33,326.0,3.012605211697519,0.0,-3.012605211697519,3.012605211697519,39.0,1000.0,1.0,-100.0,-8.166741386342506,-100.0,0.1708235403505875,-0.06662118073672912,-0.17242392897605896,True
164,33,328.0,2.8449679082259536,0.0,-2.8449679082259536,2.8449679082259536,39.0,1000.0,1.0,-100.0,-7.724628747942355,-100.0,0.174626238555069,-0.06810423303647692,-0.16763730347156525,True
165,33,330.0,2.7316912105306983,0.0,-2.7316912105306983,2.7316912105306983,39.0,1000.0,1.0,-100.0,-7.294789508271676,-100.0,0.1775082773388746,-0.06922822816216109,-0.11327669769525528,True
166,34,332.0,2.585599391721189,0.0,-2.585599391721189,2.585599391721189,46.0,1000.0,20.0,-100.0,-5.938459153327605,-100.0,2.946690942451521,-0.06777389167638499,-0.14609181880950928,True
167,34,334.0,2.502567029558122,0.0,-2.502567029558122,2.502567029558122,46.0,1000.0,20.0,-100.0,-5.62086824287215,-100.0,2.95434727353421,-0.06794998729128683,-0.08303236216306686,True
168,34,336.0,2.3726538037881255,0.0,-2.3726538037881255,2.3726538037881255,46.0,1000.0,20.0,-100.0,-5.440363107735048,-100.0,2.836640879867487,-0.0652427402369522,-0.12991322576999664,True
169,34,338.0,2.2787872245535254,0.0,-2.2787872245535254,2.2787872245535254,46.0,1000.0,20.0,-100.0,-5.157943051713317,-100.0,2.8228190310321883,-0.06492483771374033,-0.09386657923460007,True
170,34,340.0,2.1678151478990912,0.0,-2.1678151478990912,2.1678151478990912,46.0,1000.0,20.0,-100.0,-4.9538852707685335,-100.0,2.739072088660943,-0.0629986580392017,-0.1109720766544342,True
171,35,342.0,2.0611520102247596,0.0,-2.0611520102247596,2.0611520102247596,43.0,1000.0,19.0,-100.0,-5.041430576509515,-100.0,2.741028116832813,-0.062033794223058415,-0.10666313767433167,True
172,35,344.0,1.9657159438356757,0.0,-1.9657159438356757,1.9657159438356757,43.0,1000.0,19.0,-100.0,-4.793376767964557,-100.0,2.693806450800003,-0.060965093360210595,-0.09543606638908386,True
173,35,346.0,1.862050830386579,0.0,-1.862050830386579,1.862050830386579,43.0,1000.0,19.0,-100.0,-4.571432427524827,-100.0,2.628538529716961,-0.05948797725148911,-0.10366511344909668,True
174,35,348.0,1.7689828714355826,0.0,-1.7689828714355826,1.7689828714355826,43.0,1000.0,19.0,-100.0,-4.330350768340882,-100.0,2.5860253567873985,-0.058525837022030604,-0.0930679589509964,True
175,35,350.0,1.665387681685388,0.0,-1.665387681685388,1.665387681685388,43.0,1000.0,19.0,-100.0,-4.113913654501355,-100.0,2.5262820394275423,-0.05717375141862332,-0.10359518975019455,True
176,36,352.0,1.5810094317421317,0.0,-1.5810094317421317,1.5810094317421317,48.0,1000.0,20.0,-100.0,-3.469557670177892,-100.0,2.3512160625609755,-0.05642918550146342,-0.08437824994325638,True
177,36,354.0,1.4735172083601356,0.0,-1.4735172083601356,1.4735172083601356,48.0,1000.0,20.0,-100.0,-3.2937696494627744,-100.0,2.286753471327027,-0.054882083311848656,-0.10749222338199615,True
178,36,356.0,1.402473128400743,0.0,-1.402473128400743,1.402473128400743,48.0,1000.0,20.0,-100.0,-3.069827517416949,-100.0,2.2722195475483957,-0.054533269141161494,-0.07104407995939255,True
179,36,358.0,1.27345288451761,0.0,-1.27345288451761,1.27345288451761,48.0,1000.0,20.0,-100.0,-2.921819017501548,-100.0,2.1900364706626534,-0.05256087529590368,-0.12902024388313293,True
180,36,360.0,1.213832608424127,0.0,-1.213832608424127,1.213832608424127,48.0,1000.0,20.0,-100.0,-2.653026842745021,-100.0,2.225504032289354,-0.0534120967749445,-0.05962027609348297,True
181,37,362.0,1.107206060551107,0.0,-1.107206060551107,1.107206060551107,1.0,1000.0,20.0,-100.0,-100.0,-100.0,40.0,-0.05102734988244034,-0.10662654787302017,True
182,37,364.0,1.0283089643344283,0.0,-1.0283089643344283,1.0283089643344283,1.0,1000.0,20.0,-100.0,-100.0,-100.0,40.0,-0.0510068851667796,-0.07889709621667862,True
183,37,366.0,0.8551836377009749,0.0,-0.8551836377009749,0.8551836377009749,1.0,1000.0,20.0,-100.0,-100.0,-100.0,40.0,-0.049727852340336394,-0.17312532663345337,True
184,37,368.0,0.7677143281325698,0.0,-0.7677143281325698,0.7677143281325698,1.0,1000.0,20.0,-100.0,-85.5183637700975,-100.0,40.0,-0.05285423512598322,-0.08746930956840515,True
185,37,370.0,0.6418010210618377,0.0,-0.6418010210618377,0.6418010210618377,1.0,1000.0,20.0,-100.0,-76.77143281325698,-100.0,40.0,-0.051788658546384064,-0.12591330707073212,True
186,38,372.0,0.5602428382262588,0.0,-0.5602428382262588,0.5602428382262588,1.0,1.0,20.0,-100.0,-64.18010210618377,-100.0,40.0,-0.05257230685741867,-0.08155818283557892,True
187,38,374.0,0.4346333062276244,0.0,-0.4346333062276244,0.4346333062276244,1.0,1.0,20.0,-100.0,-56.024283822625875,-100.0,40.0,-0.05126491638584704,-0.12560953199863434,True
188,38,376.0,0.3654338186606765,0.0,-0.3654338186606765,0.3654338186606765,1.0,1.0,20.0,-100.0,-43.46333062276244,-100.0,40.0,-0.05208471525958967,-0.06919948756694794,True
189,38,378.0,0.27879983838647604,0.0,-0.27879983838647604,0.27879983838647604,1.0,1.0,20.0,-96.54338186606765,-36.54338186606765,-100.0,40.0,-0.05026203665693377,-0.08663398027420044,True
190,38,380.0,0.1479398375377059,0.0,-0.1479398375377059,0.1479398375377059,1.0,1.0,20.0,-87.8799838386476,-27.879983838647604,-100.0,40.0,-0.04940575640141463,-0.13086000084877014,True
191,39,382.0,0.06816763337701559,0.0,-0.06816763337701559,0.06816763337701559,1.0,1.0,18.0,-74.79398375377059,-14.79398375377059,-100.0,40.0,-0.050641574484732194,-0.07977220416069031,True
192,39,384.0,-0.05063262674957514,0.0,0.05063262674957514,0.05063262674957514,1.0,1.0,18.0,-66.81676333770156,-6.816763337701559,-100.0,40.0,-0.049437168962142966,-0.11880026012659073,True
193,39,386.0,-0.12676596734672785,0.0,0.12676596734672785,0.12676596734672785,1.0,1.0,18.0,-24.52675128926155,5.063262674957514,-69.59001396421907,40.0,-0.05012178117684775,-0.07613334059715271,True
194,39,388.0,-0.19116115663200617,0.0,0.19116115663200617,0.19116115663200617,1.0,1.0,18.0,56.683172761873855,12.676596734672785,4.006576027201068,40.0,-0.048801543708562385,-0.06439518928527832,True
195,39,390.0,-0.27000093553215265,0.0,0.27000093553215265,0.27000093553215265,1.0,1.0,18.0,100.0,19.116115663200617,42.23880735360229,40.0,-0.047073652370070516,-0.07883977890014648,True
196,40,392.0,-0.3194848904386163,0.0,0.3194848904386163,0.3194848904386163,1.0,1000.0,20.0,100.0,27.000093553215265,42.29280754070873,40.0,-0.04616720321121239,-0.04948395490646362,True
197,40,394.0,-0.33334738947451115,0.0,0.33334738947451115,0.33334738947451115,1.0,1000.0,20.0,100.0,31.948489043861628,42.356704518796455,40.0,-0.04401276824238466,-0.01386249903589487,True
198,40,396.0,-0.3142194878309965,0.0,0.3142194878309965,0.3142194878309965,1.0,1000.0,20.0,100.0,33.334738947451115,42.42337399669137,40.0,-0.04044457030794231,0.019127901643514633,True
199,40,398.0,-0.17747835628688335,0.0,0.17747835628688335,0.17747835628688335,1.0,1000.0,20.0,100.0,31.42194878309965,42.486217894257535,40.0,-0.03571706959326143,0.13674113154411316,True
200,40,400.0,0.0017918366938829422,0.0,-0.0017918366938829422,0.0017918366938829422,1.0,1000.0,20.0,100.0,17.747835628688335,42.521713565514915,40.0,-0.02609408268080161,0.1792701929807663,True
201,41,402.0,0.07675373740494251,0.0,-0.07675373740494251,0.07675373740494251,1.0,1000.0,1.0,43.88702869223475,-0.17918366938829422,42.520637387320356,1.5455749743026905,-0.015455749743026905,0.07496190071105957,True
202,41,404.0,0.45166543312370777,0.0,-0.45166543312370777,0.45166543312370777,1.0,1000.0,1.0,35.85654821878882,-7.675373740494251,42.47453904653663,1.0573829127464476,-0.010573829127464476,0.37491169571876526,True
203,41,406.0,0.653339134529233,0.0,-0.653339134529233,0.653339134529233,1.0,1000.0,1.0,-3.71102171022127,-45.16654331237078,42.20326851613197,-0.7477469139824621,0.007477469139824621,0.2016737014055252,True
204,41,408.0,0.9998520482331514,0.0,-0.9998520482331514,0.9998520482331514,1.0,1000.0,1.0,-25.11622505051378,-65.3339134529233,41.81087263953785,-1.5931842371283325,0.015931842371283325,0.34651291370391846,True
205,41,410.0,1.1473790127784014,0.0,-1.1473790127784014,1.1473790127784014,1.0,1000.0,1.0,-61.79122700843808,-99.98520482331514,41.21036089885731,-3.016383083980235,0.03016383083980235,0.14752696454524994,True
206,42,412.0,1.4554447252303362,0.0,-1.4554447252303362,1.4554447252303362,1.0,1000.0,1.0,-77.61593397130856,-100.0,40.52124437466607,-3.3992770681344826,0.033992770681344826,0.3080657124519348,True
207,42,414.0,1.55254072137177,0.0,-1.55254072137177,1.55254072137177,1.0,1000.0,1.0,-100.0,-100.0,40.52124437466607,-4.47542101846443,0.0447542101846443,0.09709599614143372,True
208,42,416.0,1.675963031128049,0.0,-1.675963031128049,1.675963031128049,1.0,1000.0,1.0,-100.0,-100.0,40.52124437466607,-4.489889921277114,0.04489889921277114,0.12342230975627899,True
209,42,418.0,1.781965123489499,0.0,-1.781965123489499,1.781965123489499,1.0,1000.0,1.0,-100.0,-100.0,40.52124437466607,-4.622652306736155,0.04622652306736155,0.1060020923614502,True
210,42,420.0,1.8159760069102049,0.0,-1.8159760069102049,1.8159760069102049,1.0,1000.0,1.0,-100.0,-100.0,40.52124437466607,-4.663562053395473,0.04663562053395472,0.034010883420705795,True
211,43,422.0,1.811448753811419,0.0,-1.811448753811419,1.811448753811419,1.0,1000.0,1.0,-100.0,-100.0,40.52124437466607,-4.373313147032,0.04373313147032,-0.004527253098785877,True
212,43,424.0,1.7839192589744925,0.0,-1.7839192589744925,1.7839192589744925,1.0,1000.0,1.0,-100.0,-100.0,40.52124437466607,-3.9355650038152654,0.039355650038152654,-0.02752949483692646,True
213,43,426.0,1.6686854576691985,0.0,-1.6686854576691985,1.6686854576691985,1.0,1000.0,1.0,-100.0,-100.0,40.52124437466607,-3.4350102852073245,0.034350102852073246,-0.11523380130529404,True
214,43,428.0,1.5201802169904113,0.0,-1.5201802169904113,1.5201802169904113,1.0,1000.0,1.0,-100.0,-100.0,40.52124437466607,-2.583518643836322,0.025835186438363217,-0.14850524067878723,True
215,43,430.0,1.3483747309073806,0.0,-1.3483747309073806,1.3483747309073806,1.0,1000.0,1.0,-100.0,-100.0,40.52124437466607,-1.662005693994503,0.01662005693994503,-0.1718054860830307,True
216,44,432.0,1.142905286513269,0.0,-1.142905286513269,1.142905286513269,1.0,1000.0,1.0,-95.03870631790242,-100.0,40.52124437466607,-0.7224776018304275,0.007224776018304275,-0.20546944439411163,True
217,44,434.0,0.9550131326541305,0.0,-0.9550131326541305,0.9550131326541305,1.0,1000.0,1.0,-74.1752555288758,-100.0,39.83481477315663,0.2804583492944743,-0.0028045834929447426,-0.1878921538591385,True
218,44,436.0,0.7976729637011886,0.0,-0.7976729637011886,0.7976729637011886,1.0,1000.0,1.0,-55.132257750341374,-95.50131326541305,39.26123331210306,1.1078222029686209,-0.011078222029686209,-0.1573401689529419,True
219,44,438.0,0.635695836506784,0.0,-0.635695836506784,0.635695836506784,1.0,1000.0,1.0,-39.26776434500115,-79.76729637011886,38.78215045102127,1.7173815740964316,-0.017173815740964316,-0.1619771271944046,True
220,44,440.0,0.5208519687876105,0.0,-0.5208519687876105,0.5208519687876105,1.0,1000.0,1.0,-22.879358533194555,-63.569583650678396,38.400351149815975,2.2898739676678668,-0.022898739676678666,-0.11484386771917343,True
221,45,442.0,0.4178738882765174,0.0,-0.4178738882765174,0.4178738882765174,1.0,1000.0,1.0,-11.404170637356371,-52.08519687876105,38.0875271445381,2.593499096866585,-0.02593499096866585,-0.10297808051109314,True
222,45,444.0,0.3461664607748389,0.0,-0.3461664607748389,0.3461664607748389,1.0,1000.0,1.0,-1.1366146942675484,-41.78738882765174,37.83655183626387,2.81422229712032,-0.0281422229712032,-0.07170742750167847,True
223,45,446.0,0.271370536647737,0.0,-0.271370536647737,0.271370536647737,1.0,1000.0,1.0,5.883739241903988,-34.61664607748389,37.6286440520147,2.871741267373182,-0.028717412673731818,-0.0747959241271019,True
224,45,448.0,0.20861696358770132,0.0,-0.20861696358770132,0.20861696358770132,1.0,1000.0,1.0,13.26641824085295,-27.137053664773703,37.46565874471873,2.9378131609079263,-0.02937813160907926,-0.0627535730600357,True
225,45,450.0,0.1362983575090766,0.0,-0.1362983575090766,0.1362983575090766,1.0,1000.0,1.0,19.42150750618937,-20.861696358770132,37.34036327109245,2.942840593867052,-0.029428405938670518,-0.07231860607862473,True
226,46,452.0,0.08474013861268759,0.0,-0.08474013861268759,0.08474013861268759,1.0,646.0,1.0,26.574676909568424,-13.62983575090766,37.21364364975986,2.990869010716225,-0.02990869010716225,-0.05155821889638901,True
227,46,454.0,0.031237653456628323,0.0,-0.031237653456628323,0.031237653456628323,1.0,646.0,1.0,31.60078883255075,-8.474013861268759,37.134858853868565,2.9399438399509497,-0.029399438399509495,-0.053502485156059265,True
228,46,456.0,0.005175820551812649,0.0,-0.005175820551812649,0.005175820551812649,1.0,646.0,1.0,36.88476577142655,-3.1237653456628323,37.10581651110166,2.9027146059877196,-0.029027146059877197,-0.026061832904815674,True
229,46,458.0,0.00012373365461826324,0.0,-0.00012373365461826324,0.00012373365461826324,1.0,646.0,1.0,39.32771982686554,-0.5175820551812649,37.10100443535545,2.7442974466913532,-0.02744297446691353,-0.0050520868971943855,True
230,46,460.0,0.02554183267056942,0.0,-0.02554183267056942,0.02554183267056942,1.0,646.0,1.0,39.59400194540776,-0.012373365461826324,37.1008893974185,2.5054859134510874,-0.025054859134510873,0.025418099015951157,True
231,47,462.0,0.057577723637223244,0.0,-0.057577723637223244,0.057577723637223244,1.0,568.0,1.0,36.67064200948438,-2.554183267056942,37.07388158044243,2.1509436960988926,-0.021509436960988927,0.032035890966653824,True
232,47,464.0,0.10323726199567318,0.0,-0.10323726199567318,0.10323726199567318,1.0,568.0,1.0,33.055364850878405,-5.757772363722324,37.01299915896759,1.800138055633137,-0.01800138055633137,0.045659538358449936,True
233,47,466.0,0.14813988097012043,0.0,-0.14813988097012043,0.14813988097012043,1.0,568.0,1.0,28.00097582609096,-10.323726199567318,36.90383655058913,1.4208654750691458,-0.014208654750691458,0.04490261897444725,True
234,47,468.0,0.21840104646980762,0.0,-0.21840104646980762,0.21840104646980762,1.0,568.0,1.0,23.01441833518527,-14.813988097012043,36.747194118399754,1.0812123137975562,-0.010812123137975561,0.0702611654996872,True
235,47,470.0,0.2790954913944006,0.0,-0.2790954913944006,0.2790954913944006,1.0,568.0,1.0,15.334837302036638,-21.840104646980762,36.5162578513548,0.6586840976626023,-0.006586840976626023,0.06069444492459297,True
236,48,472.0,0.3437639828771353,0.0,-0.3437639828771353,0.3437639828771353,1.0,1000.0,1.0,8.759032656861795,-27.90954913944006,36.34863293159839,0.31994886470347084,-0.0031994886470347083,0.06466849148273468,True
237,48,474.0,0.3732063118368387,0.0,-0.3732063118368387,0.3732063118368387,1.0,1000.0,1.0,1.7612300656735906,-34.37639828771353,36.142168077017516,-0.0045397236303986324,4.5397236303986326e-05,0.029442328959703445,True
238,48,476.0,0.4303166847676039,0.0,-0.4303166847676039,0.4303166847676039,1.0,1000.0,1.0,-1.5405561119235107,-37.32063118368387,35.918020141980406,-0.13794507022004432,0.0013794507022004431,0.05711037293076515,True
239,48,478.0,0.4667068812996149,0.0,-0.4667068812996149,0.4667068812996149,1.0,1000.0,1.0,-7.756494616079728,-43.03166847676039,35.65957168266053,-0.3843978219798632,0.003843978219798632,0.03639019653201103,True
240,48,480.0,0.49230428598821163,0.0,-0.49230428598821163,0.49230428598821163,1.0,1000.0,1.0,-11.804573054058201,-46.67068812996149,35.379267249447494,-0.5131521735442046,0.005131521735442046,0.025597404688596725,True
241,49,482.0,0.49769110325723886,0.0,-0.49769110325723886,0.49769110325723886,1.0,1000.0,1.0,-14.727402637144735,-49.23042859882116,35.083588999604714,-0.5805630379282856,0.005805630379282856,0.005386817269027233,True
242,49,484.0,0.49612738960422575,0.0,-0.49612738960422575,0.49612738960422575,1.0,1000.0,1.0,-15.534105603469767,-49.76911032572389,34.7846754240748,-0.5496707018206825,0.005496707018206825,-0.0015637136530131102,True
243,49,486.0,0.47093753167428076,0.0,-0.47093753167428076,0.47093753167428076,1.0,1000.0,1.0,-15.616167521790572,-49.612738960422575,34.4867010159041,-0.49012957727209877,0.004901295772720988,-0.025189857929944992,True
244,49,488.0,0.4290132636670023,0.0,-0.4290132636670023,0.4290132636670023,1.0,1000.0,1.0,-13.218766282858919,-47.093753167428076,34.20385565153515,-0.3288687669659892,0.003288687669659892,-0.04192426800727844,True
245,49,490.0,0.37552798935212195,0.0,-0.37552798935212195,0.37552798935212195,1.0,1000.0,1.0,-9.062055918366113,-42.90132636670023,33.94619002771114,-0.10691957937701792,0.0010691957937701791,-0.05348527431488037,True
246,50,492.0,0.3375535348895937,0.0,-0.3375535348895937,0.3375535348895937,1.0,1000.0,1.0,-3.6857394552700797,-37.552798935212195,33.72064769176396,0.1464117881781598,-0.001464117881781598,-0.03797445446252823,True
247,50,494.0,0.2963272558990866,0.0,-0.2963272558990866,0.2963272558990866,1.0,1000.0,1.0,0.06762855031064696,-33.75535348895937,33.517912835974364,0.3050692032956518,-0.003050692032956518,-0.041226278990507126,True
248,50,496.0,0.26396929868496954,0.0,-0.26396929868496954,0.26396929868496954,1.0,1000.0,1.0,4.170587365138452,-29.63272558990866,33.339938508107,0.4633744469401139,-0.004633744469401139,-0.03235795721411705,True
249,50,498.0,0.2394038571510464,0.0,-0.2394038571510464,0.2394038571510464,1.0,1000.0,1.0,7.3507340983393314,-26.396929868496954,33.181398388776635,0.5662655780596524,-0.005662655780596524,-0.02456544153392315,True
250,50,500.0,0.21667837374843657,0.0,-0.21667837374843657,0.21667837374843657,1.0,1000.0,1.0,9.721145474758043,-23.94038571510464,33.037612288385624,0.6239189014770548,-0.006239189014770548,-0.022725483402609825,True
251,51,502.0,0.19414068781770766,0.0,-0.19414068781770766,0.19414068781770766,1.0,1000.0,1.0,11.907346406913877,-21.667837374843657,32.9074751269751,0.6677086547824334,-0.006677086547824333,-0.022537685930728912,True
252,51,504.0,0.17505078972317278,0.0,-0.17505078972317278,0.17505078972317278,1.0,1000.0,1.0,14.083272969813738,-19.414068781770766,32.79087411327073,0.7064676383137694,-0.007064676383137694,-0.019089898094534874,True
253,51,506.0,0.15710434899665415,0.0,-0.15710434899665415,0.15710434899665415,1.0,1000.0,1.0,15.906516063031681,-17.50507897231728,32.68573850382737,0.7258565315215875,-0.007258565315215875,-0.01794644072651863,True
254,51,508.0,0.14166562189348042,0.0,-0.14166562189348042,0.14166562189348042,1.0,1000.0,1.0,17.61914465818594,-15.710434899665415,32.59138153746298,0.7381980203883822,-0.007381980203883822,-0.015438727103173733,True
255,51,510.0,0.12918155477382243,0.0,-0.12918155477382243,0.12918155477382243,1.0,1000.0,1.0,19.077697633366114,-14.166562189348042,32.50629707986928,0.7379627428448781,-0.0073796274284487805,-0.012484067119657993,True
256,52,512.0,0.11919375625438988,0.0,-0.11919375625438988,0.11919375625438988,1.0,1000.0,1.0,20.234873753292263,-12.918155477382243,32.428710560485555,0.7243186701889475,-0.007243186701889475,-0.009987798519432545,True
257,52,514.0,0.1111400241497904,0.0,-0.1111400241497904,0.1111400241497904,1.0,1000.0,1.0,21.138375701380678,-11.919375625438988,32.35712271889133,0.7006286079283303,-0.007006286079283303,-0.008053732104599476,True
258,52,516.0,0.10579704423435032,0.0,-0.10579704423435032,0.10579704423435032,1.0,1000.0,1.0,21.846776025029417,-11.11400241497904,32.290371953636246,0.6704064863722079,-0.006704064863722079,-0.0053429799154400826,True
259,52,518.0,0.1006450226996094,0.0,-0.1006450226996094,0.1006450226996094,1.0,1000.0,1.0,22.277870513736843,-10.579704423435032,32.22683018532733,0.6307447518445422,-0.006307447518445421,-0.005152021534740925,True
260,52,520.0,0.09968258574372157,0.0,-0.09968258574372157,0.09968258574372157,1.0,1000.0,1.0,22.69587873037296,-10.06450226996094,32.16638272424653,0.5939982760873745,-0.005939982760873746,-0.0009624369558878243,True
261,53,522.0,0.09798352111829445,0.0,-0.09798352111829445,0.09798352111829445,1.0,1000.0,1.0,22.679966822745076,-9.968258574372157,32.10651330337942,0.5417120937378141,-0.005417120937378141,-0.0016990646254271269,True
262,53,524.0,0.09867328766267747,0.0,-0.09867328766267747,0.09867328766267747,1.0,1000.0,1.0,22.747074243419245,-9.798352111829445,32.04766434174676,0.497762013501935,-0.00497762013501935,0.0006897665443830192,True
263,53,526.0,0.10577502741944045,0.0,-0.10577502741944045,0.10577502741944045,1.0,1000.0,1.0,22.568217545877793,-9.867328766267747,31.988401105913372,0.44714520623216625,-0.0044714520623216625,0.007101739756762981,True
264,53,528.0,0.11077943991404027,0.0,-0.11077943991404027,0.11077943991404027,1.0,1000.0,1.0,21.719579102894855,-10.577502741944045,31.92487256091668,0.3722092839222195,-0.0037220928392221954,0.005004412494599819,True
265,53,530.0,0.12085886753629893,0.0,-0.12085886753629893,0.12085886753629893,1.0,1000.0,1.0,21.09434982568255,-11.077943991404027,31.858338362770063,0.313955454316514,-0.00313955454316514,0.010079427622258663,True
266,54,532.0,0.1340588218299672,0.0,-0.1340588218299672,0.1340588218299672,1.0,1000.0,1.0,19.93805222134431,-12.085886753629893,31.78575045433983,0.2381885206343754,-0.002381885206343754,0.01319995429366827,True
267,54,534.0,0.14743685617577285,0.0,-0.14743685617577285,0.14743685617577285,1.0,1000.0,1.0,18.454816188989724,-13.40588218299672,31.705234645432938,0.15546372655350438,-0.0015546372655350438,0.013378034345805645,True
268,54,536.0,0.1602960507152602,0.0,-0.1602960507152602,0.1602960507152602,1.0,1000.0,1.0,16.952818861362868,-14.743685617577285,31.616683981063083,0.0798204978770706,-0.000798204978770706,0.012859194539487362,True
269,54,538.0,0.1702981487615034,0.0,-0.1702981487615034,0.1702981487615034,1.0,1000.0,1.0,15.50455637795145,-16.02960507152602,31.52041007672955,0.013751372747921795,-0.00013751372747921795,0.01000209804624319,True
270,54,540.0,0.164002142730169,0.0,-0.164002142730169,0.164002142730169,1.0,1000.0,1.0,14.3552863157193,-17.02981487615034,31.41812890630223,-0.03302771443258916,0.0003302771443258916,-0.0062960060313344,True
271,55,542.0,0.1733894896460697,0.0,-0.1733894896460697,0.1733894896460697,1.0,149.0,1.0,14.355585297809023,-16.4002142730169,30.757056520909416,-0.001256950083492144,1.2569500834921439e-05,0.009387346915900707,True
272,55,544.0,0.16100253339391202,0.0,-0.16100253339391202,0.16100253339391202,1.0,149.0,1.0,12.675386058336807,-17.33894896460697,30.05814489930368,-0.04380987635990198,0.00043809876359901984,-0.012386956252157688,True
273,55,546.0,0.15982276306021959,0.0,-0.15982276306021959,0.15982276306021959,1.0,149.0,1.0,13.325587750242976,-16.1002533393912,29.40916356873589,0.01667752089828766,-0.0001667752089828766,-0.0011797703336924314,True
274,55,548.0,0.16523813095409423,0.0,-0.16523813095409423,0.16523813095409423,1.0,149.0,1.0,12.803111078796336,-15.982276306021959,28.764937746698177,0.02044963812011891,-0.0002044963812011891,0.005415367893874645,True
275,55,550.0,0.1671455012401566,0.0,-0.1671455012401566,0.1671455012401566,1.0,149.0,1.0,11.568952028806281,-16.523813095409423,28.09888324540187,-0.006118121186162789,6.118121186162789e-05,0.0019073702860623598,True
276,56,552.0,0.15786678565200418,0.0,-0.15786678565200418,0.15786678565200418,1.0,118.0,4.0,10.476769980123642,-16.71455012401566,27.248140123092274,-0.05682001895297328,0.0001420500473824332,-0.009278715588152409,True
277,56,554.0,0.15518364089075476,0.0,-0.15518364089075476,0.15518364089075476,1.0,118.0,4.0,10.775261635383435,-15.786678565200418,26.44462413768987,0.11731606289398192,-0.0002932901572349548,-0.002683144761249423,True
278,56,556.0,0.12833281012717634,0.0,-0.12833281012717634,0.12833281012717634,1.0,118.0,4.0,10.29131412614018,-15.518364089075476,25.65476491800876,0.15491329720689778,-0.00038728324301724444,-0.026850830763578415,True
279,56,558.0,0.24104240688029677,0.0,-0.24104240688029677,0.24104240688029677,1.0,118.0,4.0,12.796659210409953,-12.833281012717634,25.001572012592327,0.6283682105352598,-0.0015709205263381497,0.11270959675312042,True
280,56,560.0,0.15293673577252775,0.0,-0.15293673577252775,0.15293673577252775,1.0,118.0,4.0,-1.8105191425282732,-24.104240688029677,23.77470578935063,-1.4809842438492273,0.0037024606096230685,-0.08810567110776901,True
281,57,562.0,0.15408537245821208,0.0,-0.15408537245821208,0.15408537245821208,1.0,118.0,4.0,7.9649319533370555,-15.293673577252775,22.996282947326236,0.26232258326359503,-0.0006558064581589876,0.0011486366856843233,True
282,57,564.0,0.1633387616602704,0.0,-0.1633387616602704,0.1633387616602704,1.0,118.0,4.0,7.019890440919855,-15.408537245821208,22.21201373340957,0.21641395333149285,-0.0005410348833287321,0.009253389202058315,True
283,57,566.0,0.11430753010790795,0.0,-0.11430753010790795,0.11430753010790795,1.0,118.0,4.0,5.07428491928329,-16.33387616602704,21.380646289727228,0.027514795583100483,-6.878698895775121e-05,-0.04903123155236244,True
284,57,568.0,0.13430261972825974,0.0,-0.13430261972825974,0.13430261972825974,1.0,118.0,4.0,10.284517939064063,-11.430753010790795,20.798839753829107,0.9164311960257518,-0.0022910779900643797,0.01999508962035179,True
285,57,570.0,0.08156865078490227,0.0,-0.08156865078490227,0.08156865078490227,1.0,118.0,4.0,7.150439571954473,-13.430261972825974,20.115261498989884,0.4654400457905633,-0.0011636001144764083,-0.05273396894335747,True
286,58,572.0,0.0902584072900936,0.0,-0.0902584072900936,0.0902584072900936,1.0,129.0,3.0,12.613560306704738,-8.156865078490227,19.735492656729452,1.0349327284655134,-0.003449775761551712,0.008689756505191326,True
287,58,574.0,0.05592135607730597,0.0,-0.05592135607730597,0.05592135607730597,1.0,129.0,3.0,11.107130949886738,-9.02584072900936,19.315265884421823,0.8177057944742753,-0.0027256859815809175,-0.03433705121278763,True
288,58,576.0,0.04906417976599187,0.0,-0.04906417976599187,0.04906417976599187,1.0,129.0,3.0,14.670741994587297,-5.592135607730597,19.05490619413939,1.2079714081785005,-0.004026571360595001,-0.006857176311314106,True
289,58,578.0,0.03617014817427844,0.0,-0.03617014817427844,0.03617014817427844,1.0,129.0,3.0,15.106311563748804,-4.906417976599187,18.82647227293453,1.1862572674134586,-0.003954190891378195,-0.012894031591713428,True
290,58,580.0,0.029673073324374855,0.0,-0.029673073324374855,0.029673073324374855,1.0,129.0,3.0,16.289996906319374,-3.617014817427844,18.658070623963336,1.2489410997838826,-0.004163136999279608,-0.0064970748499035835,True
291,59,582.0,0.03263933875132352,0.0,-0.03263933875132352,0.03263933875132352,1.0,221.0,4.0,17.234666340220706,-2.9673073324374855,18.577429602876045,1.6245440697821467,-0.004061360174455367,0.0029662654269486666,True
292,59,584.0,0.023857304942794144,0.0,-0.023857304942794144,0.023857304942794144,1.0,221.0,4.0,16.640437051546332,-3.263933875132352,18.488727311214298,1.415643615464386,-0.0035391090386609654,-0.008782033808529377,True
293,59,586.0,0.01831714913714677,0.0,-0.01831714913714677,0.01831714913714677,1.0,221.0,4.0,17.478451888901848,-2.3857304942794144,18.42389151176925,1.4402908714120133,-0.003600727178530033,-0.005540155805647373,True
294,59,588.0,0.013055428978987038,0.0,-0.013055428978987038,0.013055428978987038,1.0,221.0,4.0,17.9460365655365,-1.831714913714677,18.374111915511065,1.4036395637401111,-0.003509098909350278,-0.005261720158159733,True
295,59,590.0,0.010796579881571233,0.0,-0.010796579881571233,0.010796579881571233,1.0,221.0,4.0,18.398510510422966,-1.3055428978987038,18.338631831864554,1.3654215764571154,-0.0034135539411427884,-0.002258849097415805,True
296,60,592.0,0.0036689549451693892,0.0,-0.0036689549451693892,0.0036689549451693892,1.0,260.0,3.0,18.191219422296285,-1.0796579881571233,18.31369170739798,0.9571857030554316,-0.003190619010184772,-0.007127624936401844,True
297,60,594.0,0.008390580653212965,0.0,-0.008390580653212965,0.008390580653212965,1.0,260.0,3.0,18.90140300965251,-0.3668954945169389,18.305216412999354,0.9630820911700942,-0.0032102736372336474,0.004721625708043575,True
298,60,596.0,0.008256368892034516,0.0,-0.008256368892034516,0.008256368892034516,1.0,260.0,3.0,18.253599806364363,-0.8390580653212965,18.28583415230815,0.8068237193775087,-0.002689412397925029,-0.0001342117611784488,True
299,60,598.0,0.01072471946827136,0.0,-0.01072471946827136,0.01072471946827136,1.0,260.0,3.0,18.172816516120704,-0.8256368892034516,18.266761921095316,0.7316914842288427,-0.0024389716140961423,0.002468350576236844,True
300,60,600.0,0.01298897629021667,0.0,-0.01298897629021667,0.01298897629021667,1.0,260.0,3.0,17.797749886750942,-1.072471946827136,18.241987794349473,0.6282340392286023,-0.002094113464095341,0.0022642568219453096,True
301,61,602.0,0.004606844944646582,0.0,-0.004606844944646582,0.004606844944646582,1.0,840.0,1.0,17.112945920306167,-1.298897629021667,18.23270066701486,0.17914288231297026,-0.0017914288231297027,-0.008382131345570087,True
302,61,604.0,0.009231564676156268,0.0,-0.009231564676156268,0.009231564676156268,1.0,840.0,1.0,17.968880139918966,-0.4606844944646582,18.229406769585548,0.20015786479807662,-0.0020015786479807662,0.0046247197315096855,True
303,61,606.0,0.015029274014523253,0.0,-0.015029274014523253,0.015029274014523253,1.0,840.0,1.0,17.459691664321802,-0.9231564676156268,18.22280619424153,0.1600419376958985,-0.001600419376958985,0.005797709338366985,True
304,61,608.0,0.018300677969818935,0.0,-0.018300677969818935,0.018300677969818935,1.0,840.0,1.0,16.827553346506978,-1.5029274014523253,18.212060252575196,0.1184204953841079,-0.001184204953841079,0.003271403955295682,True
305,61,610.0,0.02090110126300715,0.0,-0.02090110126300715,0.02090110126300715,1.0,840.0,1.0,16.46116079201304,-1.8300677969818935,18.19897525474177,0.09225333425316132,-0.0009225333425316132,0.0026004232931882143,True
306,62,612.0,0.022127775329863653,0.0,-0.022127775329863653,0.022127775329863653,1.0,975.0,5.0,16.45415192422223,-2.090110126300715,18.18610016348869,0.3581618870342572,-0.0007163237740685144,0.0012266740668565035,True
307,62,614.0,0.02028039944707416,0.0,-0.02028039944707416,0.02028039944707416,1.0,975.0,5.0,16.255807943694457,-2.2127775329863653,18.172469440254783,0.29611603642603535,-0.0005922320728520707,-0.0018473758827894926,True
308,62,616.0,0.022275246999925002,0.0,-0.022275246999925002,0.022275246999925002,1.0,975.0,5.0,16.441795260706968,-2.028039944707416,18.159976701702647,0.30985850371173745,-0.0006197170074234749,0.0019948475528508425,True
309,62,618.0,0.020738027611514553,0.0,-0.020738027611514553,0.020738027611514553,1.0,975.0,5.0,16.153690982107037,-2.2275246999925002,18.146255135829108,0.2349605462704259,-0.0004699210925408518,-0.001537219388410449,True
310,62,620.0,0.020415718492586166,0.0,-0.020415718492586166,0.020415718492586166,1.0,975.0,5.0,16.307164825311595,-2.0738027611514553,18.133480498045788,0.24748708841726225,-0.0004949741768345245,-0.00032230911892838776,True
311,63,622.0,0.017661260499153286,0.0,-0.017661260499153286,0.017661260499153286,1.0,998.0,6.0,16.357068560775268,-2.0415718492586166,18.12119423272683,0.2774461773070544,-0.00046241029551175733,-0.0027544579934328794,True
312,63,624.0,0.016947173746302724,0.0,-0.016947173746302724,0.016947173746302724,1.0,998.0,6.0,16.670547263570505,-1.7661260499153286,18.110565611821876,0.32610770166395786,-0.0005435128361065965,-0.0007140867528505623,True
313,63,626.0,0.014538623858243227,0.0,-0.014538623858243227,0.014538623858243227,1.0,998.0,6.0,16.72012629460363,-1.6947173746302724,18.100366731330404,0.3144769379035015,-0.0005241282298391692,-0.002408549888059497,True
314,63,628.0,0.013597886718343943,0.0,-0.013597886718343943,0.013597886718343943,1.0,998.0,6.0,16.987926520668946,-1.4538623858243227,18.091617326299197,0.35017158019407335,-0.0005836193003234556,-0.0009407371398992836,True
315,63,630.0,0.011132623010780662,0.0,-0.011132623010780662,0.011132623010780662,1.0,998.0,6.0,17.066072582179096,-1.3597886718343943,18.08343406083833,0.34242719317516285,-0.0005707119886252714,-0.002465263707563281,True
316,64,632.0,0.01024347369093448,0.0,-0.01024347369093448,0.01024347369093448,1.0,1000.0,6.0,17.340488025456477,-1.1132623010780662,18.07674780077177,0.3770025257627728,-0.0006283375429379547,-0.0008891493198461831,True
317,64,634.0,0.007940513431094587,0.0,-0.007940513431094587,0.007940513431094587,1.0,1000.0,6.0,17.41153990127092,-1.024347369093448,18.07059556432076,0.36529170604360583,-0.0006088195100726764,-0.0023029602598398924,True
318,64,636.0,0.007190824078861624,0.0,-0.007190824078861624,0.007190824078861624,1.0,1000.0,6.0,17.665034371932204,-0.7940513431094587,18.06582648718495,0.3932592278567159,-0.0006554320464278599,-0.0007496893522329628,True
319,64,638.0,0.005299497221130878,0.0,-0.005299497221130878,0.005299497221130878,1.0,1000.0,6.0,17.718619228086833,-0.7190824078861624,18.061507673924375,0.37619396204861955,-0.0006269899367476993,-0.0018913268577307463,True
320,64,640.0,0.004641815088689327,0.0,-0.004641815088689327,0.004641815088689327,1.0,1000.0,6.0,17.920269420944784,-0.5299497221130878,18.058324792710508,0.39189435034736647,-0.0006531572505789442,-0.0006576821324415505,True
321,65,642.0,0.0033441020641475916,0.0,-0.0033441020641475916,0.0033441020641475916,1.0,992.0,6.0,17.96378273538283,-0.4641815088689327,18.055514432901916,0.37244981134984617,-0.0006207496855830769,-0.0012977130245417356,True
322,65,644.0,0.002761905489023775,0.0,-0.002761905489023775,0.002761905489023775,1.0,992.0,6.0,18.091396279825936,-0.33441020641475916,18.05348976585734,0.3723167203833548,-0.0006205278673055912,-0.0005821965751238167,True
323,65,646.0,0.0018067104974761605,0.0,-0.0018067104974761605,0.0018067104974761605,1.0,992.0,6.0,18.128307874515805,-0.2761905489023775,18.05181758632555,0.3526808370926286,-0.000587801395154381,-0.0009551949915476143,True
324,65,648.0,0.0013365073536988348,0.0,-0.0013365073536988348,0.0013365073536988348,1.0,992.0,6.0,18.215144100923546,-0.18067104974761605,18.05072372401721,0.34509142665395054,-0.0005751523777565843,-0.00047020314377732575,True
325,65,650.0,0.0007855920412112027,0.0,-0.0007855920412112027,0.0007855920412112027,1.0,992.0,6.0,18.241261773259005,-0.13365073536988348,18.049914543453376,0.3249979651755116,-0.0005416632752925193,-0.000550915312487632,True
326,66,652.0,0.0015882609586697072,0.0,-0.0015882609586697072,0.0015882609586697072,1.0,963.0,5.0,18.228384224384108,-0.07855920412112027,18.04942458805174,0.25751884045348983,-0.0005150376809069797,0.0008026689174585044,True
327,66,654.0,0.0014475820935331285,0.0,-0.0014475820935331285,0.0014475820935331285,1.0,963.0,5.0,18.104318386068012,-0.15882609586697072,18.048434026799715,0.2147104551352672,-0.0004294209102705344,-0.00014067886513657868,True
328,66,656.0,0.0014687819875689456,0.0,-0.0014687819875689456,0.0014687819875689456,1.0,963.0,5.0,18.100199799033433,-0.14475820935331285,18.04753120366907,0.1974268047176769,-0.0003948536094353538,2.1199894035817124e-05,True
329,66,658.0,0.0016615240547253052,0.0,-0.0016615240547253052,0.0016615240547253052,1.0,963.0,5.0,18.07784946612749,-0.14687819875689456,18.046615158659833,0.17811250622455213,-0.0003562250124491043,0.00019274206715635955,True
330,66,660.0,0.0019164933710271725,0.0,-0.0019164933710271725,0.0019164933710271725,1.0,963.0,5.0,18.036168122822048,-0.16615240547253052,18.04557890492651,0.1567416233680688,-0.0003134832467361376,0.00025496931630186737,True
331,67,662.0,0.0020807034397876123,0.0,-0.0020807034397876123,0.0020807034397876123,1.0,954.0,5.0,17.98871796096607,-0.19164933710271725,18.044372356635456,0.13599494143333046,-0.00027198988286666095,0.00016421006876043975,True
332,67,664.0,0.002479036827935488,0.0,-0.002479036827935488,0.002479036827935488,1.0,954.0,5.0,17.95428221819186,-0.20807034397876123,18.04306242819141,0.11929013397921227,-0.00023858026795842456,0.00039833338814787567,True
333,67,666.0,0.0026430010275362292,0.0,-0.0026430010275362292,0.0026430010275362292,1.0,954.0,5.0,17.89245546507558,-0.2479036827935488,18.041501724828972,0.09885742304015804,-0.0001977148460803161,0.00016396419960074127,True
334,67,668.0,0.003010109032402397,0.0,-0.003010109032402397,0.003010109032402397,1.0,954.0,5.0,17.861238427315946,-0.2643001027536229,18.039837796103058,0.08570073396650885,-0.0001714014679330177,0.0003671080048661679,True
335,67,670.0,0.003238703293391154,0.0,-0.003238703293391154,0.003238703293391154,1.0,954.0,5.0,17.806113666063393,-0.3010109032402397,18.03794275072283,0.06918181858080213,-0.00013836363716160426,0.00022859426098875701,True
336,68,672.0,0.002014408290051506,0.0,-0.002014408290051506,0.002014408290051506,1.0,960.0,6.0,17.780910486256538,-0.3238703293391154,18.035916534948665,0.06886428064698825,-0.00011477380107831377,-0.0012242950033396482,True
337,68,674.0,0.0027628407060547033,0.0,-0.0027628407060547033,0.0027628407060547033,1.0,960.0,6.0,17.928903054535944,-0.2014408290051506,18.03465626950194,0.09568761403915148,-0.00015947935673191912,0.0007484324160031974,True
338,68,676.0,0.0027055263835791266,0.0,-0.0027055263835791266,0.0027055263835791266,1.0,960.0,6.0,17.82279045292209,-0.27628407060547033,18.03292776555669,0.0661467579708696,-0.00011024459661811599,-5.731432247557677e-05,True
339,68,678.0,0.003208074738722644,0.0,-0.003208074738722644,0.003208074738722644,1.0,960.0,6.0,17.82208276131377,-0.27055263835791266,18.031235118920335,0.061400280751348166,-0.00010233380125224694,0.0005025483551435173,True
340,68,680.0,0.0031937688909238204,0.0,-0.0031937688909238204,0.0031937688909238204,1.0,960.0,6.0,17.75025707922728,-0.3208074738722644,18.02922806515487,0.04183648794467149,-6.972747990778583e-05,-1.4305847798823379e-05,True
341,69,682.0,0.0005965255986666307,0.0,-0.0005965255986666307,0.0005965255986666307,1.0,966.0,8.0,17.75884670029807,-0.31937688909238204,18.02724237207613,0.05098121731431859,-6.372652164289824e-05,-0.0025972432922571898,True
342,69,684.0,0.0020713338017230853,0.0,-0.0020713338017230853,0.0020713338017230853,1.0,966.0,8.0,18.10778907209163,-0.05965255986666307,18.02687148839825,0.1405701435600445,-0.0001757126794500556,0.0014748082030564547,True
343,69,686.0,0.001490020120400004,0.0,-0.001490020120400004,0.001490020120400004,1.0,966.0,8.0,17.891978258241807,-0.20713338017230853,18.02558365783367,0.07352798058044153,-9.190997572555191e-05,-0.0005813136813230813,True
344,69,688.0,0.0022694693034281954,0.0,-0.0022694693034281954,0.0022694693034281954,1.0,966.0,8.0,17.96330962181249,-0.1490020120400004,18.024657253093253,0.08765438075923485,-0.00010956797594904356,0.0007794491830281913,True
345,69,690.0,0.0021266856492729858,0.0,-0.0021266856492729858,0.0021266856492729858,1.0,966.0,8.0,17.847246730731495,-0.22694693034281954,18.023246233810948,0.05094742726336689,-6.368428407920861e-05,-0.00014278365415520966,True
346,70,692.0,0.002928885180153884,0.0,-0.002928885180153884,0.002928885180153884,1.0,966.0,8.0,17.86053550664965,-0.21266856492729858,18.021923988802406,0.05128008277454422,-6.410010346818027e-05,0.0008021995308808982,True
347,70,694.0,0.002690834677196108,0.0,-0.002690834677196108,0.002690834677196108,1.0,966.0,8.0,17.744429977686625,-0.2928885180153884,18.020102984456372,0.01721551124564508,-2.151938905705635e-05,-0.0002380505029577762,True
348,70,696.0,0.0033593856933293864,0.0,-0.0033593856933293864,0.0033593856933293864,1.0,966.0,8.0,17.773576853961018,-0.2690834677196108,18.018429985571053,0.024230336109573397,-3.0287920136966745e-05,0.0006685510161332786,True
349,70,698.0,0.003171466421918012,0.0,-0.003171466421918012,0.003171466421918012,1.0,966.0,8.0,17.678009074894774,-0.33593856933293864,18.016341321942615,-0.002393677714900759,2.992097143625949e-06,-0.0001879192714113742,True
350,70,700.0,0.003376896827830933,0.0,-0.003376896827830933,0.003376896827830933,1.0,966.0,8.0,17.701891426347323,-0.3171466421918012,18.0143694951954,0.004668573343728094,-5.835716679660118e-06,0.00020543040591292083,True
351,71,702.0,0.005059009985416196,0.0,-0.005059009985416196,0.005059009985416196,1.0,948.0,7.0,17.671698839955983,-0.3376896827830933,18.012230079306175,-0.002841556567097299,4.059366524424713e-06,0.0016821131575852633,True
352,71,704.0,0.004723464910057373,0.0,-0.004723464910057373,0.004723464910057373,1.0,948.0,7.0,17.44702783890263,-0.5059009985416196,18.009024969141958,-0.05609613169770456,8.01373309967208e-05,-0.00033554507535882294,True
353,71,706.0,0.0049471008096588776,0.0,-0.0049471008096588776,0.0049471008096588776,1.0,948.0,7.0,17.493618003939833,-0.47234649100573733,18.006032441861482,-0.04006794691591077,5.7239924165586816e-05,0.0002236358996015042,True
354,71,708.0,0.004879672320384998,0.0,-0.004879672320384998,0.004879672320384998,1.0,948.0,7.0,17.46482606627457,-0.49471008096588776,18.002898231188986,-0.043362083948527176,6.194583421218168e-05,-6.742848927387968e-05,True
355,71,710.0,0.004871837301834603,0.0,-0.004871837301834603,0.004871837301834603,1.0,948.0,7.0,17.47475931803276,-0.4879672320384998,17.999806739494513,-0.03708018942325151,5.297169917607359e-05,-7.835018550395034e-06,True
356,72,712.0,0.004665515096348827,0.0,-0.004665515096348827,0.004665515096348827,1.0,948.0,7.0,17.476242667456194,-0.4871837301834603,17.99672021163638,-0.033293813996726596,4.756259142389514e-05,-0.00020632220548577607,True
357,72,714.0,0.004799617368917097,0.0,-0.004799617368917097,0.004799617368917097,1.0,948.0,7.0,17.503660224838104,-0.4665515096348827,17.993764398167006,-0.023552663694020752,3.3646662420029646e-05,0.00013410227256827056,True
358,72,716.0,0.00456128001860634,0.0,-0.00456128001860634,0.00456128001860634,1.0,948.0,7.0,17.485188704346097,-0.47996173689170973,17.990723624881728,-0.02557318364392084,3.653311949131549e-05,-0.00023833735031075776,True
359,72,718.0,0.004516378363405238,0.0,-0.004516378363405238,0.004516378363405238,1.0,948.0,7.0,17.516156083523356,-0.45612800186063396,17.987833849018127,-0.015549763634137721,2.221394804876817e-05,-4.4901655201101676e-05,True
360,72,720.0,0.0038783657637395663,0.0,-0.0038783657637395663,0.0038783657637395663,1.0,948.0,7.0,17.520696996615477,-0.4516378363405238,17.984972520370885,-0.012637687414881553,1.8053839164116503e-05,-0.0006380125996656716,True
361,73,722.0,0.003774679023990757,0.0,-0.003774679023990757,0.003774679023990757,1.0,948.0,7.0,17.603548500768632,-0.38783657637395663,17.982515401376116,0.008869675766474298,-1.2670965380677568e-05,-0.00010368673974880949,True
362,73,724.0,0.0034634787207323825,0.0,-0.0034634787207323825,0.0034634787207323825,1.0,948.0,7.0,17.613979032550308,-0.3774679023990757,17.980123972590395,0.011322962358990246,-1.617566051284321e-05,-0.00031120030325837433,True
363,73,726.0,0.0032792772890388733,0.0,-0.0032792772890388733,0.0032792772890388733,1.0,948.0,7.0,17.65172724117672,-0.34634787207323825,17.977929703181278,0.020145410068678257,-2.8779157240968937e-05,-0.00018420143169350922,True
364,73,728.0,0.0029186051306169247,0.0,-0.0029186051306169247,0.0029186051306169247,1.0,948.0,7.0,17.67200952980589,-0.32792772890388733,17.975852133656637,0.02408512505313788,-3.440732150448268e-05,-0.00036067215842194855,True
365,73,730.0,0.0025494430356047815,0.0,-0.0025494430356047815,0.0025494430356047815,1.0,948.0,7.0,17.7154069669244,-0.2918605130616925,17.97400306615203,0.03326441383406631,-4.75205911915233e-05,-0.00036916209501214325,True
366,74,732.0,0.003943654583054013,0.0,-0.003943654583054013,0.003943654583054013,1.0,922.0,6.0,17.75325938409729,-0.25494430356047815,17.972342331858776,0.03586135579899505,-5.9768926331658414e-05,0.0013942115474492311,True
367,74,734.0,0.00332642537796346,0.0,-0.00332642537796346,0.00332642537796346,1.0,922.0,6.0,17.56982180858062,-0.39436545830540126,17.96977339334342,-0.005586126457396301,9.310210762327169e-06,-0.0006172292050905526,True
368,74,736.0,0.0032690626267140033,0.0,-0.0032690626267140033,0.0032690626267140033,1.0,922.0,6.0,17.64674545205858,-0.332642537796346,17.967606524493235,0.01178146536169051,-1.9635775602817517e-05,-5.736275124945678e-05,True
369,74,738.0,0.0028837439476774307,0.0,-0.0028837439476774307,0.0028837439476774307,1.0,922.0,6.0,17.650792947851183,-0.3269062626714003,17.965477022349003,0.012222188173578969,-2.0370313622631615e-05,-0.0003853186790365726,True
370,74,740.0,0.0027020198340323986,0.0,-0.0027020198340323986,0.0027020198340323986,1.0,922.0,6.0,17.69678989232661,-0.28837439476774307,17.96359852088812,0.0215657662062323,-3.594294367705383e-05,-0.00018172411364503205,True
371,75,742.0,0.005649871151035768,0.0,-0.005649871151035768,0.005649871151035768,1.0,885.0,4.0,17.707872883652623,-0.27020198340323986,17.961764809322972,0.016310057732891608,-4.077514433222902e-05,0.0029478513170033693,True
372,75,744.0,0.005194140760067967,0.0,-0.005194140760067967,0.005194140760067967,1.0,885.0,4.0,17.354096538342393,-0.5649871151035768,17.95793055394827,-0.03884690050230066,9.711725125575166e-05,-0.0004557303909678012,True
373,75,746.0,0.004993942931832862,0.0,-0.004993942931832862,0.004993942931832862,1.0,885.0,4.0,17.408136791052648,-0.5194140760067967,17.954405577609172,-0.026854710549729856,6.713677637432464e-05,-0.00020019782823510468,True
374,75,748.0,0.00471630749416363,0.0,-0.00471630749416363,0.00471630749416363,1.0,885.0,4.0,17.430969340865072,-0.4993942931832862,17.951016464474485,-0.020652830426123564,5.1632076065308914e-05,-0.0002776354376692325,True
375,75,750.0,0.004468530258236569,0.0,-0.004468530258236569,0.004468530258236569,1.0,885.0,4.0,17.462550530835667,-0.47163074941636296,17.947815767170955,-0.01363448691892208,3.40862172973052e-05,-0.00024777723592706025,True
376,76,752.0,0.0021722606197727146,0.0,-0.0021722606197727146,0.0021722606197727146,1.0,883.0,5.0,17.488137658970587,-0.44685302582365694,17.944776353856255,-0.009785669062012649,1.95713381240253e-05,-0.002296269638463855,True
377,76,754.0,0.002624022121381131,0.0,-0.002624022121381131,0.002624022121381131,1.0,883.0,5.0,17.76941223877766,-0.21722606197727146,17.943298821542648,0.04333947921228599,-8.667895842457196e-05,0.00045176150160841644,True
378,76,756.0,0.002090533716909704,0.0,-0.002090533716909704,0.002090533716909704,1.0,883.0,5.0,17.70804909926004,-0.2624022121381131,17.941514009241306,0.028937302156847356,-5.7874604313694716e-05,-0.0005334884044714272,True
379,76,758.0,0.002152652197764837,0.0,-0.002152652197764837,0.002152652197764837,1.0,883.0,5.0,17.76934128928235,-0.20905337169097038,17.940092066086194,0.038302594887129233,-7.660518977425846e-05,6.211848085513338e-05,True
380,76,760.0,0.002021696340307244,0.0,-0.002021696340307244,0.002021696340307244,1.0,883.0,5.0,17.756599694900356,-0.21526521977648372,17.938627871065965,0.033237043610874116,-6.647408722174823e-05,-0.00013095585745759308,True
381,77,762.0,0.0022817879307694966,0.0,-0.0022817879307694966,0.0022817879307694966,1.0,883.0,5.0,17.768126177245104,-0.2021696340307244,17.937252749847126,0.03304306142870325,-6.60861228574065e-05,0.0002600915904622525,True
382,77,764.0,0.002202632227636059,0.0,-0.002202632227636059,0.002202632227636059,1.0,883.0,5.0,17.731501428181613,-0.22817879307694966,17.935700719041144,0.023979502217420037,-4.7959004434840075e-05,-7.915570313343778e-05,True
383,77,766.0,0.002486140992914443,0.0,-0.002486140992914443,0.002486140992914443,1.0,883.0,5.0,17.737430537342863,-0.22026322276360588,17.93420252851023,0.023491231596239927,-4.698246319247985e-05,0.0002835087652783841,True
384,77,768.0,0.0025502525040792534,0.0,-0.0025502525040792534,0.0025502525040792534,1.0,883.0,5.0,17.69870397123006,-0.2486140992914443,17.932511500454147,0.014806570067357498,-2.9613140134714995e-05,6.411151116481051e-05,True
385,77,770.0,0.0028043091242579976,0.0,-0.0028043091242579976,0.0028043091242579976,1.0,883.0,5.0,17.687688608416384,-0.25502525040792534,17.93077686490983,0.011936993914476893,-2.3873987828953788e-05,0.0002540566201787442,True
386,78,772.0,0.002885992829760653,0.0,-0.002885992829760653,0.002885992829760653,1.0,884.0,5.0,17.653464570590042,-0.28043091242579976,17.92887158239363,0.005023900622210129,-1.004780124442026e-05,8.168370550265536e-05,True
387,78,774.0,0.00306001903845754,0.0,-0.00306001903845754,0.00306001903845754,1.0,884.0,5.0,17.640999611821897,-0.2885992829760653,17.92691080295143,0.002688091846534391,-5.376183693068782e-06,0.0001740262086968869,True
388,78,776.0,0.0031287610854633385,0.0,-0.0031287610854633385,0.0031287610854633385,1.0,884.0,5.0,17.617306134715108,-0.306001903845754,17.92483178793745,-0.0015237493765903167,3.0474987531806337e-06,6.874204700579867e-05,True
389,78,778.0,0.0032369353302783566,0.0,-0.0032369353302783566,0.0032369353302783566,1.0,884.0,5.0,17.60688912895786,-0.31287610854633385,17.9227060687213,-0.0029408312171085786,5.881662434217157e-06,0.00010817424481501803,True
390,78,780.0,0.0032571033189014997,0.0,-0.0032571033189014997,0.0032571033189014997,1.0,884.0,5.0,17.591694332509178,-0.32369353302783566,17.920506854577116,-0.005118989040103562,1.0237978080207124e-05,2.0167988623143174e-05,True
391,79,782.0,0.0032863647411431884,0.0,-0.0032863647411431884,0.0032863647411431884,1.0,884.0,5.0,17.58749451869774,-0.32571033189015,17.918293938050482,-0.005089087462594984,1.0178174925189967e-05,2.9261422241688706e-05,True
392,79,784.0,0.0032431618183181854,0.0,-0.0032431618183181854,0.0032431618183181854,1.0,884.0,5.0,17.58215594485008,-0.32863647411431884,17.91606114094944,-0.005268721985043624,1.0537443970087247e-05,-4.320292282500304e-05,True
393,79,786.0,0.00318269590025011,0.0,-0.00318269590025011,0.00318269590025011,1.0,884.0,5.0,17.585757328689784,-0.32431618183181854,17.913857696451803,-0.003784185930198289,7.568371860396578e-06,-6.046591806807555e-05,True
394,79,788.0,0.0030494154616462765,0.0,-0.0030494154616462765,0.0030494154616462765,1.0,884.0,5.0,17.591376853175124,-0.318269590025011,17.911695333251306,-0.002048890051166945,4.097780102333889e-06,-0.00013328043860383332,True
395,79,790.0,0.0028964729408471612,0.0,-0.0028964729408471612,0.0028964729408471612,1.0,884.0,5.0,17.60585784749413,-0.30494154616462765,17.909623522439393,0.0011758712193625134,-2.351742438725027e-06,-0.0001529425207991153,True
396,80,792.0,0.002701859322769451,0.0,-0.002701859322769451,0.002701859322769451,1.0,885.0,5.0,17.62255047389981,-0.2896472940847161,17.90765784629487,0.004539921689656927,-9.079843379313853e-06,-0.00019461361807771027,True
397,80,794.0,0.0025160671921184985,0.0,-0.0025160671921184985,0.0025160671921184985,1.0,885.0,5.0,17.644168526859627,-0.2701859322769451,17.90582424365987,0.008530215476704243,-1.7060430953408483e-05,-0.00018579213065095246,True
398,80,796.0,0.0022848674980195938,0.0,-0.0022848674980195938,0.0022848674980195938,1.0,885.0,5.0,17.664449382958995,-0.25160671921184985,17.904116727878268,0.011939374292579229,-2.3878748585158458e-05,-0.00023119969409890473,True
399,80,798.0,0.00202607830397028,0.0,-0.00202607830397028,0.00202607830397028,1.0,885.0,5.0,17.69013476410459,-0.22848674980195938,17.902566114554414,0.016055399352138143,-3.211079870427628e-05,-0.00025878919404931366,True
400,80,800.0,0.0017485061962361215,0.0,-0.0017485061962361215,0.0017485061962361215,1.0,885.0,5.0,17.718989174684435,-0.202607830397028,17.901191127157528,0.020405877923934234,-4.0811755847868465e-05,-0.00027757210773415864,True
401,81,802.0,0.0016563715817028424,0.0,-0.0016563715817028424,0.0016563715817028424,1.0,868.0,5.0,17.74989893436697,-0.17485061962361215,17.899981272466707,0.02476828152387464,-4.953656304774928e-05,-9.213461453327909e-05,True
402,81,804.0,0.0015236909148370614,0.0,-0.0015236909148370614,0.0015236909148370614,1.0,868.0,5.0,17.75769777696615,-0.16563715817028424,17.89883516904876,0.02449976608767477,-4.8999532175349533e-05,-0.00013268066686578095,True
403,81,806.0,0.0013406704001681646,0.0,-0.0013406704001681646,0.0013406704001681646,1.0,868.0,5.0,17.770590212344338,-0.15236909148370614,17.89778087218406,0.02517843164398652,-5.0356863287973046e-05,-0.0001830205146688968,True
404,81,808.0,0.0012290748691157205,0.0,-0.0012290748691157205,0.0012290748691157205,1.0,868.0,5.0,17.789722703132313,-0.13406704001681646,17.89685321383437,0.0269365293147604,-5.38730586295208e-05,-0.00011159553105244413,True
405,81,810.0,0.0011469910878076917,0.0,-0.0011469910878076917,0.0011469910878076917,1.0,868.0,5.0,17.799998796673957,-0.12290748691157205,17.89600277246965,0.02690351111588066,-5.3807022231761315e-05,-8.208378130802885e-05,True
406,82,812.0,0.0010893824673985364,0.0,-0.0010893824673985364,0.0010893824673985364,1.0,868.0,5.0,17.806712891767294,-0.11469910878076917,17.895209127842687,0.02620287270537445,-5.2405745410748904e-05,-5.7608620409155264e-05,True
407,82,814.0,0.0010914902491094836,0.0,-0.0010914902491094836,0.0010914902491094836,1.0,868.0,5.0,17.810529872176105,-0.10893824673985364,17.894455344704223,0.025012774211736328,-5.0025548423472654e-05,2.1077817109471653e-06,True
408,82,816.0,0.001124633425661159,0.0,-0.001124633425661159,0.001124633425661159,1.0,868.0,5.0,17.80712998832356,-0.10914902491094836,17.893700103115346,0.02257891011916545,-4.51578202383309e-05,3.3143176551675424e-05,True
409,82,818.0,0.0011983673616668966,0.0,-0.0011983673616668966,0.0011983673616668966,1.0,868.0,5.0,17.800130396562196,-0.1124633425661159,17.892921928563606,0.0196718105647084,-3.93436211294168e-05,7.373393600573763e-05,True
410,82,820.0,0.0012947361615260888,0.0,-0.0012947361615260888,0.0012947361615260888,1.0,868.0,5.0,17.78837543293,-0.11983673616668966,17.892092734834147,0.01611943426254361,-3.223886852508722e-05,9.636879985919222e-05,True
411,83,822.0,0.0014093402573962521,0.0,-0.0014093402573962521,0.0014093402573962521,1.0,868.0,5.0,17.774114695617907,-0.12947361615260888,17.89119686004585,0.012391451724665244,-2.4782903449330488e-05,0.00011460409587016329,True
412,83,824.0,0.0015036601475912903,0.0,-0.0015036601475912903,0.0015036601475912903,1.0,868.0,5.0,17.75789227210998,-0.1409340257396252,17.89022168653774,0.008604611311865074,-1.7209222623730147e-05,9.431989019503817e-05,True
413,83,826.0,0.0016128737483995792,0.0,-0.0016128737483995792,0.0016128737483995792,1.0,868.0,5.0,17.744455268528718,-0.15036601475912903,17.88918124968551,0.005640033602337777,-1.1280067204675553e-05,0.0001092136008082889,True
414,83,828.0,0.0017019037263708015,0.0,-0.0017019037263708015,0.0017019037263708015,1.0,868.0,5.0,17.72939759693218,-0.16128737483995792,17.888065243991985,0.0026197277801549867,-5.2394555603099735e-06,8.902997797122225e-05,True
415,83,830.0,0.0017820451616898936,0.0,-0.0017820451616898936,0.0017820451616898936,1.0,868.0,5.0,17.717043541755764,-0.17019037263708015,17.886887635235976,0.00034627915686747236,-6.925583137349447e-07,8.014143531909212e-05,True
416,84,832.0,0.0018397231001472392,0.0,-0.0018397231001472392,0.0018397231001472392,1.0,868.0,5.0,17.705941778113793,-0.17820451616898936,17.885654573721695,-0.0015082794389111264,3.016558877822253e-06,5.767793845734559e-05,True
417,84,834.0,0.001880901727872697,0.0,-0.001880901727872697,0.001880901727872697,1.0,868.0,5.0,17.697733930880286,-0.18397231001472392,17.884381602755223,-0.002675361860213415,5.35072372042683e-06,4.117862772545777e-05,True
418,84,836.0,0.001890068934244482,0.0,-0.001890068934244482,0.001890068934244482,1.0,868.0,5.0,17.69163386046101,-0.1880901727872697,17.883080138806555,-0.0033561055582754505,6.7122111165509e-06,9.167206371785142e-06,True
419,84,838.0,0.0018784490207508497,0.0,-0.0018784490207508497,0.0018784490207508497,1.0,868.0,5.0,17.689521109473972,-0.1890068934244482,17.881772331736194,-0.003244328837777061,6.488657675554122e-06,-1.1619913493632339e-05,True
420,84,840.0,0.0018308949588572432,0.0,-0.0018308949588572432,0.0018308949588572432,1.0,868.0,5.0,17.689956916888907,-0.18784490207508497,17.88047256490431,-0.002670745940315718,5.341491880631437e-06,-4.755406189360656e-05,True
421,85,842.0,0.0017686110954855394,0.0,-0.0017686110954855394,0.0017686110954855394,1.0,868.0,5.0,17.69478107362302,-0.18308949588572432,17.879205702448147,-0.0013351329394040966,2.670265878808193e-06,-6.228386337170377e-05,True
422,85,844.0,0.0016788010620985006,0.0,-0.0016788010620985006,0.0016788010620985006,1.0,868.0,5.0,17.70132869576162,-0.17686110954855394,17.877981936450222,0.00020786885995358216,-4.157377199071643e-07,-8.981003338703886e-05,True
423,85,846.0,0.0015864988095017907,0.0,-0.0015864988095017907,0.0015864988095017907,1.0,868.0,5.0,17.711169531257916,-0.16788010620985006,17.87682031326336,0.00222932420440581,-4.4586484088116204e-06,-9.230225259670988e-05,True
424,85,848.0,0.0014821824956925411,0.0,-0.0014821824956925411,0.0014821824956925411,1.0,868.0,5.0,17.721187275705912,-0.15864988095017907,17.875722557344194,0.00411459931189715,-8.2291986237943e-06,-0.00010431631380924955,True
425,85,850.0,0.0013791067035526794,0.0,-0.0013791067035526794,0.0013791067035526794,1.0,868.0,5.0,17.732571837493804,-0.1482182495692541,17.874696981656264,0.006093105406795077,-1.2186210813590155e-05,-0.00010307579213986173,True
426,86,852.0,0.0012820360793739383,0.0,-0.0012820360793739383,0.0012820360793739383,1.0,866.0,5.0,17.743684540717513,-0.13791067035526794,17.873740524018338,0.00785468705444313,-1.570937410888626e-05,-9.707062417874113e-05,True
427,86,854.0,0.001166827016731986,0.0,-0.001166827016731986,0.001166827016731986,1.0,866.0,5.0,17.75395952161225,-0.12820360793739383,17.87285138817622,0.009311741373422302,-1.8623482746844606e-05,-0.00011520906264195219,True
428,86,856.0,0.0010709298589972605,0.0,-0.0010709298589972605,0.0010709298589972605,1.0,866.0,5.0,17.766401526937127,-0.11668270167319861,17.87204215375702,0.011042074853304199,-2.2084149706608398e-05,-9.589715773472562e-05,True
429,86,858.0,0.0010085640392389905,0.0,-0.0010085640392389905,0.0010085640392389905,1.0,866.0,5.0,17.776374855566633,-0.10709298589972605,17.871299427294524,0.012168414171838126,-2.4336828343676253e-05,-6.236581975826994e-05,True
430,86,860.0,0.0009786790274119994,0.0,-0.0009786790274119994,0.0009786790274119994,1.0,866.0,5.0,17.78216873161255,-0.10085640392389905,17.87059995365973,0.01242518187671591,-2.485036375343182e-05,-2.9885011826991104e-05,True
431,87,862.0,0.002855907989669504,0.0,-0.002855907989669504,0.002855907989669504,1.0,833.0,4.0,17.781561777118515,-0.09786790274119994,17.869894317151118,0.009535362708595901,-2.3838406771489753e-05,0.0018772289622575045,True
432,87,864.0,0.0026191203601229063,0.0,-0.0026191203601229063,0.0026191203601229063,1.0,833.0,4.0,17.55673628219544,-0.2855907989669504,17.867835181432184,-0.025508100269794116,6.377025067448529e-05,-0.0002367876295465976,True
433,87,866.0,0.0026790371980496275,0.0,-0.0026790371980496275,0.0026790371980496275,1.0,833.0,4.0,17.585265380027828,-0.2619120360122906,17.86594677175472,-0.018769355714600082,4.69233892865002e-05,5.99168379267212e-05,True
434,87,868.0,0.0025446205459047633,0.0,-0.0025446205459047633,0.0025446205459047633,1.0,833.0,4.0,17.578043010430527,-0.26790371980496275,17.864015161490425,-0.018068431254935603,4.517107813733901e-05,-0.0001344166521448642,True
435,87,870.0,0.00249918989948128,0.0,-0.00249918989948128,0.00249918989948128,1.0,833.0,4.0,17.59381763481212,-0.2544620545904763,17.862180466858764,-0.013900777456166925,3.475194364041731e-05,-4.543064642348327e-05,True
436,88,872.0,0.00210761645803359,0.0,-0.00210761645803359,0.00210761645803359,1.0,841.0,4.0,17.598727961267326,-0.249918989948128,17.86039566905299,-0.0117487178375407,2.9371794593851753e-05,-0.00039157344144769013,True
437,88,874.0,0.0021171040393710427,0.0,-0.0021171040393710427,0.0021171040393710427,1.0,841.0,4.0,17.644620883464494,-0.210761645803359,17.85889051363025,-0.003507984362396898,8.769960905992246e-06,9.487581337452866e-06,True
438,88,876.0,0.0018979705605488562,0.0,-0.0018979705605488562,0.0018979705605488562,1.0,841.0,4.0,17.642322305410655,-0.21171040393710427,17.857378582646227,-0.003345873298468083,8.364683246170207e-06,-0.0002191334788221866,True
439,88,878.0,0.0018569320313872595,0.0,-0.0018569320313872595,0.0018569320313872595,1.0,841.0,4.0,17.66718390933503,-0.18979705605488562,17.856023145953507,0.0009578194364058457,-2.394548591014614e-06,-4.103852916159667e-05,True
440,88,880.0,0.001702924077562784,0.0,-0.001702924077562784,0.001702924077562784,1.0,841.0,4.0,17.67061647602507,-0.18569320313872595,17.854697016948347,0.0016126622154515136,-4.031655538628784e-06,-0.0001540079538244754,True
441,89,882.0,0.0016495026834491,0.0,-0.0016495026834491,0.0016495026834491,1.0,841.0,4.0,17.68744764210198,-0.1702924077562784,17.853480872805953,0.004259177052301024,-1.0647942630752559e-05,-5.342139411368407e-05,True
442,89,884.0,0.001508030331478949,0.0,-0.001508030331478949,0.001508030331478949,1.0,841.0,4.0,17.69217687533393,-0.16495026834491,17.852302879580765,0.00482426409807514,-1.206066024518785e-05,-0.00014147235197015107,True
443,89,886.0,0.0014394321010513522,0.0,-0.0014394321010513522,0.0014394321010513522,1.0,841.0,4.0,17.707359375119093,-0.1508030331478949,17.851225918911567,0.00693648935542076,-1.73412233885519e-05,-6.859823042759672e-05,True
444,89,888.0,0.001314749632456369,0.0,-0.001314749632456369,0.001314749632456369,1.0,841.0,4.0,17.71377688878198,-0.14394321010513522,17.850197947705354,0.007522151181761569,-1.8805377954403923e-05,-0.00012468246859498322,True
445,89,890.0,0.0012347594642960757,0.0,-0.0012347594642960757,0.0012347594642960757,1.0,841.0,4.0,17.726855789039178,-0.1314749632456369,17.849259018550928,0.009071733733885543,-2.2679334334713856e-05,-7.999016816029325e-05,True
446,90,892.0,0.0012223721410009603,0.0,-0.0012223721410009603,0.0012223721410009603,1.0,832.0,4.0,17.734552585896594,-0.12347594642960757,17.848367675671312,0.009660856654893052,-2.415214163723263e-05,-1.2387323295115493e-05,True
447,90,894.0,0.0011767328783207631,0.0,-0.0011767328783207631,0.0011767328783207631,1.0,832.0,4.0,17.73421261322875,-0.12223721410009603,17.84748527489964,0.008964552429207068,-2.241138107301767e-05,-4.5639262680197135e-05,True
448,90,896.0,0.0011013993230335473,0.0,-0.0011013993230335473,0.0011013993230335473,1.0,832.0,4.0,17.737901824678808,-0.11767328783207631,17.84663582000366,0.00893929250722622,-2.2348231268065554e-05,-7.533355528721586e-05,True
449,90,898.0,0.0010602490351629967,0.0,-0.0010602490351629967,0.0010602490351629967,1.0,832.0,4.0,17.745157191427143,-0.11013993230335473,17.84584074657229,0.009456377158210124,-2.364094289552531e-05,-4.115028787055053e-05,True
450,90,900.0,0.001024194944420742,0.0,-0.001024194944420742,0.001024194944420742,1.0,832.0,4.0,17.748353053738793,-0.10602490351629967,17.845075378534673,0.009302578720415074,-2.3256446801037685e-05,-3.605409074225463e-05,True
451,91,902.0,0.0009977968043131114,0.0,-0.0009977968043131114,0.0009977968043131114,1.0,832.0,4.0,17.75098732887892,-0.10241949444207421,17.844336037069848,0.009070786251146826,-2.2676965627867066e-05,-2.6398140107630752e-05,True
452,91,904.0,0.0009931841623256332,0.0,-0.0009931841623256332,0.0009931841623256332,1.0,832.0,4.0,17.7525216003447,-0.09977968043131114,17.84361575178143,0.008685528994578036,-2.1713822486445088e-05,-4.612641987478128e-06,True
453,91,906.0,0.0009919876115418447,0.0,-0.0009919876115418447,0.0009919876115418447,1.0,832.0,4.0,17.75152127281689,-0.09931841623256332,17.842898796247326,0.007940892802131441,-1.9852232005328603e-05,-1.1965507837885525e-06,True
454,91,908.0,0.001000607200239756,0.0,-0.001000607200239756,0.001000607200239756,1.0,832.0,4.0,17.750189115204275,-0.09919876115418447,17.84218270447417,0.007205171884293032,-1.801292971073258e-05,8.61958869791124e-06,True
455,91,910.0,0.001010951598345855,0.0,-0.001010951598345855,0.001010951598345855,1.0,832.0,4.0,17.7477608133432,-0.10006072002397559,17.841460390429205,0.00636114293797205,-1.5902857344930124e-05,1.0344398106099106e-05,True
456,92,912.0,0.0010230543334728281,0.0,-0.0010230543334728281,0.0010230543334728281,1.0,832.0,4.0,17.745201712261768,-0.1010951598345855,17.84073060901435,0.005566263082005139,-1.3915657705012848e-05,1.210273512697313e-05,True
457,92,914.0,0.0010327281793252041,0.0,-0.0010327281793252041,0.0010327281793252041,1.0,832.0,4.0,17.742501891953037,-0.10230543334728281,17.83999209092883,0.004815234371488292,-1.203808592872073e-05,9.673845852375962e-06,True
458,92,916.0,0.001041683044149977,0.0,-0.001041683044149977,0.001041683044149977,1.0,832.0,4.0,17.740153782323183,-0.10327281793252041,17.839246589528884,0.004180010726821433,-1.0450026817053583e-05,8.954864824772812e-06,True
459,92,918.0,0.0010420175876220128,0.0,-0.0010420175876220128,0.0010420175876220128,1.0,832.0,4.0,17.737944773497002,-0.10416830441499769,17.838494623829398,0.0036184540826016427,-9.046135206504107e-06,3.345434720358753e-07,True
460,92,920.0,0.001037568858407667,0.0,-0.001037568858407667,0.001037568858407667,1.0,832.0,4.0,17.736807866308613,-0.10420175876220128,17.837742416631148,0.003267208439666464,-8.16802109916616e-06,-4.4487292143458035e-06,True
461,93,922.0,0.0010147693487283505,0.0,-0.0010147693487283505,0.0010147693487283505,1.0,833.0,4.0,17.73627387697247,-0.1037568858407667,17.836994320017048,0.0030364427961901167,-7.591106990475292e-06,-2.2799509679316543e-05,True
462,93,924.0,0.0009901369962221906,0.0,-0.0009901369962221906,0.0009901369962221906,1.0,833.0,4.0,17.737947091500565,-0.10147693487283505,17.836262662057496,0.003161364315907187,-7.903410789767967e-06,-2.4632352506159805e-05,True
463,93,926.0,0.0009580391637769026,0.0,-0.0009580391637769026,0.0009580391637769026,1.0,833.0,4.0,17.739842761069134,-0.09901369962221906,17.83554876424885,0.0033076964425055046,-8.269241106263762e-06,-3.209783244528808e-05,True
464,93,928.0,0.0009172651302264967,0.0,-0.0009172651302264967,0.0009172651302264967,1.0,833.0,4.0,17.74262990866703,-0.09580391637769026,17.834858009270242,0.0035758157744747595,-8.939539436186899e-06,-4.0774033550405875e-05,True
465,93,930.0,0.0008673902124769484,0.0,-0.0008673902124769484,0.0008673902124769484,1.0,833.0,4.0,17.746446259502584,-0.09172651302264967,17.83419665274187,0.003976119783367719,-9.940299458419297e-06,-4.987491774954833e-05,True
466,94,932.0,0.000812385569986418,0.0,-0.000812385569986418,0.000812385569986418,1.0,833.0,4.0,17.751335956738835,-0.08673902124769484,17.83357125648431,0.004503721502219993,-1.1259303755549981e-05,-5.5004642490530387e-05,True
467,94,934.0,0.0007501315089371019,0.0,-0.0007501315089371019,0.0007501315089371019,1.0,833.0,4.0,17.756821232051077,-0.0812385569986418,17.832985519075844,0.005074269973873835,-1.2685674934684588e-05,-6.225406104931608e-05,True
468,94,936.0,0.0006855938449348287,0.0,-0.0006855938449348287,0.0006855938449348287,1.0,833.0,4.0,17.763153727706083,-0.07501315089371019,17.832444667413444,0.005722211186347618,-1.4305527965869045e-05,-6.453766400227323e-05,True
469,94,938.0,0.0006183441695952752,0.0,-0.0006183441695952752,0.0006183441695952752,1.0,833.0,4.0,17.7697408321384,-0.06855938449348287,17.831950347995658,0.006349868636226232,-1.587467159056558e-05,-6.72496753395535e-05,True
470,94,940.0,0.000551645837219894,0.0,-0.000551645837219894,0.000551645837219894,1.0,833.0,4.0,17.776637066233047,-0.061834416959527516,17.831504516207392,0.00696696698518429,-1.7417417462960725e-05,-6.669833237538114e-05,True
471,95,942.0,0.002389200457798779,0.0,-0.002389200457798779,0.002389200457798779,1.0,812.0,3.0,17.781568285991177,-0.0551645837219894,17.83109648810253,0.005636381610636584,-1.8787938702121945e-05,0.001837554620578885,True
472,95,944.0,0.002153683152243957,0.0,-0.002153683152243957,0.002153683152243957,1.0,812.0,3.0,17.57044862161525,-0.2389200457798779,17.829329301858802,-0.019960634463679097,6.653544821226365e-05,-0.0002355173055548221,True
473,95,946.0,0.0021139931781704036,0.0,-0.0021139931781704036,0.0021139931781704036,1.0,812.0,3.0,17.5975232335252,-0.2153683152243957,17.82773631738253,-0.014844768632931635,4.948256210977212e-05,-3.968997407355346e-05,True
474,95,948.0,0.001953410086969143,0.0,-0.001953410086969143,0.001953410086969143,1.0,812.0,3.0,17.601885904557328,-0.21139931781704036,17.826172689830205,-0.012887467455836575,4.295822485278858e-05,-0.00016058309120126069,True
475,95,950.0,0.001828358814634612,0.0,-0.001828358814634612,0.001828358814634612,1.0,812.0,3.0,17.61991861853206,-0.1953410086969143,17.82472783851067,-0.009468211281699255,3.156070427233085e-05,-0.00012505127233453095,True
476,96,952.0,0.001617674294209337,0.0,-0.001617674294209337,0.001617674294209337,1.0,798.0,3.0,17.633656199143655,-0.1828358814634612,17.82335175655307,-0.006859675945952498,2.2865586486508327e-05,-0.00021068452042527497,True
477,96,954.0,0.0015663465132433885,0.0,-0.0015663465132433885,0.0015663465132433885,1.0,798.0,3.0,17.65703465566878,-0.1617674294209337,17.822134242577263,-0.003332157487549061,1.1107191625163536e-05,-5.132778096594848e-05,True
478,96,956.0,0.0013133091674149,0.0,-0.0013133091674149,0.0013133091674149,1.0,798.0,3.0,17.66200637824133,-0.15663465132433885,17.820955359548957,-0.0023143299832874883,7.714433277624961e-06,-0.00025303734582848847,True
479,96,958.0,0.001230901285850905,0.0,-0.001230901285850905,0.001230901285850905,1.0,798.0,3.0,17.68999319401963,-0.13133091674149,17.819966920608206,0.0013571901529172768,-4.523967176390922e-06,-8.240788156399503e-05,True
480,96,960.0,0.0011021657014111952,0.0,-0.0011021657014111952,0.0011021657014111952,1.0,798.0,3.0,17.698301928977365,-0.1230901285850905,17.819040504503487,0.0023515530589693447,-7.838510196564482e-06,-0.00012873558443970978,True
481,97,962.0,0.0010467699034393263,0.0,-0.0010467699034393263,0.0010467699034393263,1.0,798.0,3.0,17.711877259803014,-0.11021657014111952,17.81821097896184,0.0038828509822932365,-1.2942836607644122e-05,-5.539579797186889e-05,True
482,97,964.0,0.0009946672620912977,0.0,-0.0009946672620912977,0.0009946672620912977,1.0,798.0,3.0,17.717014074985656,-0.10467699034393263,17.81742314608879,0.004267919240799337,-1.4226397469331125e-05,-5.2102641348028556e-05,True
483,97,966.0,0.0009919060893821552,0.0,-0.0009919060893821552,0.0009919060893821552,1.0,798.0,3.0,17.721779147252644,-0.09946672620912977,17.81667452734818,0.004571346113591006,-1.5237820378636685e-05,-2.7611727091425564e-06,True
484,97,968.0,0.0009855425609544,0.0,-0.0009855425609544,0.0009855425609544,1.0,798.0,3.0,17.720910320482417,-0.09919060893821552,17.815927986755447,0.004172942665184483,-1.3909808883948275e-05,-6.363528427755227e-06,True
485,97,970.0,0.0010102703049028605,0.0,-0.0010102703049028605,0.0010102703049028605,1.0,798.0,3.0,17.720493648758737,-0.09855425609544,17.815186235559928,0.003861669294248758,-1.2872230980829193e-05,2.4727743948460557e-05,True
486,98,972.0,0.001031473924228976,0.0,-0.001031473924228976,0.001031473924228976,1.0,798.0,3.0,17.71655492874077,-0.10102703049028605,17.814425873464806,0.003156085766248827,-1.052028588749609e-05,2.1203619326115586e-05,True
487,98,974.0,0.0010697058473283505,0.0,-0.0010697058473283505,0.0010697058473283505,1.0,798.0,3.0,17.71306802762896,-0.10314739242289761,17.813649552840243,0.0025658672116159807,-8.552890705386602e-06,3.82319230993744e-05,True
488,98,976.0,0.001111260729373953,0.0,-0.001111260729373953,0.001111260729373953,1.0,798.0,3.0,17.707673601387857,-0.10697058473283505,17.81284445763424,0.0017997284864487545,-5.9990949548291826e-06,4.1554882045602426e-05,True
489,98,978.0,0.0011699929249857632,0.0,-0.0011699929249857632,0.0011699929249857632,1.0,798.0,3.0,17.701943368975407,-0.11112607293739529,17.812008086880475,0.0010613550323240743,-3.5378501077469145e-06,5.873219561181031e-05,True
490,98,980.0,0.0012341565902147522,0.0,-0.0012341565902147522,0.0012341565902147522,1.0,798.0,3.0,17.694287381613442,-0.11699929249857632,17.81112751237744,0.0001591617345780522,-5.305391152601741e-07,6.416366522898898e-05,True
491,99,982.0,0.0012819550588005768,0.0,-0.0012819550588005768,0.0012819550588005768,1.0,798.0,3.0,17.686051944606938,-0.12341565902147522,17.810198646225388,-0.0007310425969773166,2.4368086565910555e-06,4.7798468585824594e-05,True
492,99,984.0,0.0013042874410871264,0.0,-0.0013042874410871264,0.0013042874410871264,1.0,798.0,3.0,17.679725146570544,-0.12819550588005768,17.80923380540049,-0.0013131529498857293,4.377176499619098e-06,2.2332382286549546e-05,True
493,99,986.0,0.0013185769216192966,0.0,-0.0013185769216192966,0.0013185769216192966,1.0,798.0,3.0,17.676330966095392,-0.13042874410871264,17.80825215650265,-0.00149244629854823,4.974820995160766e-06,1.4289480532170273e-05,True
494,99,988.0,0.0013137295863430154,0.0,-0.0013137295863430154,0.0013137295863430154,1.0,798.0,3.0,17.673857107594408,-0.13185769216192966,17.807259752879762,-0.0015449531234225538,5.149843744741846e-06,-4.847335276281228e-06,True
495,99,990.0,0.0012953445456673762,0.0,-0.0012953445456673762,0.0012953445456673762,1.0,798.0,3.0,17.673566562875116,-0.13137295863430154,17.80627099751812,-0.001331476008704732,4.438253362349107e-06,-1.8385040675639175e-05,True
496,100,992.0,0.0012595065217624324,0.0,-0.0012595065217624324,0.0012595065217624324,1.0,798.0,3.0,17.674807880736793,-0.12953445456673762,17.805296079332493,-0.0009537440289629153,3.1791467632097174e-06,-3.583802390494384e-05,True
497,100,994.0,0.0012132451356023921,0.0,-0.0012132451356023921,0.0012132451356023921,1.0,798.0,3.0,17.67802345043957,-0.12595065217624324,17.804348134002375,-0.0003740313865603298,1.2467712885344326e-06,-4.6261386160040274e-05,True
498,100,996.0,0.0011511251850038207,0.0,-0.0011511251850038207,0.0011511251850038207,1.0,798.0,3.0,17.682403022648142,-0.12132451356023921,17.803435006487163,0.0002925297212191998,-9.75099070730666e-07,-6.211995059857145e-05,True
499,100,998.0,0.0010799974824635683,0.0,-0.0010799974824635683,0.0010799974824635683,1.0,798.0,3.0,17.688567890537318,-0.11511251850038207,17.802568632455255,0.001111776582445031,-3.7059219414834375e-06,-7.112770254025236e-05,True
500,100,1000.0,0.0009980180092838964,0.0,-0.0009980180092838964,0.0009980180092838964,1.0,798.0,3.0,17.695731760875827,-0.10799974824635683,17.801755791431933,0.001975717690250425,-6.5857256341680834e-06,-8.197947317967191e-05,True
501,101,1002.0,0.0009109795918789132,0.0,-0.0009109795918789132,0.0009109795918789132,1.0,798.0,3.0,17.704108087081334,-0.09980180092838964,17.80100465081062,0.002905237199102533,-9.684123997008442e-06,-8.703841740498319e-05,True
502,101,1004.0,0.0008192175063754803,0.0,-0.0008192175063754803,0.0008192175063754803,1.0,798.0,3.0,17.71303613977922,-0.09109795918789132,17.80031901811639,0.003815080850721443,-1.2716936169071476e-05,-9.17620855034329e-05,True
503,101,1006.0,0.0007284053698981552,0.0,-0.0007284053698981552,0.0007284053698981552,1.0,798.0,3.0,17.72248325113678,-0.08192175063754803,17.7997024485345,0.004702553239827385,-1.5675177466091286e-05,-9.081213647732511e-05,True
504,101,1008.0,0.0006381967304491809,0.0,-0.0006381967304491809,0.0006381967304491809,1.0,798.0,3.0,17.731806105395208,-0.07284053698981552,17.799154227102637,0.005492415282387923,-1.830805094129308e-05,-9.020863944897428e-05,True
505,101,1010.0,0.0005536356310926749,0.0,-0.0005536356310926749,0.0005536356310926749,1.0,798.0,3.0,17.74105292923202,-0.06381967304491809,17.798673899609412,0.006198702667526726,-2.0662342225089087e-05,-8.456109935650602e-05,True
506,102,1012.0,0.0004754671298883295,0.0,-0.0004754671298883295,0.0004754671298883295,1.0,798.0,3.0,17.749654252615933,-0.05536356310926749,17.798257215533557,0.0067606001916449545,-2.253533397214985e-05,-7.816850120434538e-05,True
507,102,1014.0,0.00040518134295552954,0.0,-0.00040518134295552954,0.00040518134295552954,1.0,798.0,3.0,17.757534371131374,-0.04754671298883295,17.797899363598972,0.007181720521235398,-2.393906840411799e-05,-7.028578693279997e-05,True
508,102,1016.0,0.0003440485942860505,0.0,-0.0003440485942860505,0.0003440485942860505,1.0,798.0,3.0,17.76453144782383,-0.040518134295552954,17.797594411020118,0.007455171099265989,-2.485057033088663e-05,-6.113274866947904e-05,True
509,102,1018.0,0.00029349939899248056,0.0,-0.00029349939899248056,0.00029349939899248056,1.0,798.0,3.0,17.770508323723046,-0.03440485942860505,17.79733546892441,0.007577714227245574,-2.5259047424151913e-05,-5.054919529356994e-05,True
510,102,1020.0,0.000253381016534604,0.0,-0.000253381016534604,0.000253381016534604,1.0,798.0,3.0,17.775308868355967,-0.029349939899248056,17.797114571787436,0.00754423646777903,-2.5147454892596764e-05,-4.011838245787658e-05,True
511,103,1022.0,0.0002241293040583514,0.0,-0.0002241293040583514,0.0002241293040583514,1.0,798.0,3.0,17.77895747094238,-0.0253381016534604,17.796923869042175,0.007371703553664993,-2.4572345178883308e-05,-2.9251712476252578e-05,True
512,103,1024.0,0.00020506998583869063,0.0,-0.00020506998583869063,0.00020506998583869063,1.0,798.0,3.0,17.781409687631182,-0.02241293040583514,17.796755182081498,0.007067435955519948,-2.355811985173316e-05,-1.905931821966078e-05,True
513,103,1026.0,0.00019570014768532928,0.0,-0.00019570014768532928,0.00019570014768532928,1.0,798.0,3.0,17.78274703630757,-0.020506998583869063,17.79660083977989,0.006653195111546479,-2.2177317038488264e-05,-9.369838153361343e-06,True
514,103,1028.0,0.00019486122471334966,0.0,-0.00019486122471334966,0.00019486122471334966,1.0,798.0,3.0,17.78302986448355,-0.01957001476853293,17.796453549521456,0.006146329730623948,-2.0487765768746498e-05,-8.389229719796276e-07,True
515,103,1030.0,0.0002015883663943896,0.0,-0.0002015883663943896,0.0002015883663943896,1.0,798.0,3.0,17.78239224316287,-0.019486122471334966,17.796306890663566,0.005571474970640304,-1.857158323546768e-05,6.727141681039939e-06,True
516,104,1032.0,0.0002140934328735966,0.0,-0.0002140934328735966,0.0002140934328735966,1.0,798.0,3.0,17.780944606406234,-0.02015883663943896,17.79615516874137,0.004948274304300882,-1.649424768100294e-05,1.2505066479207017e-05,True
517,104,1034.0,0.00023141529970871488,0.0,-0.00023141529970871488,0.00023141529970871488,1.0,798.0,3.0,17.77889041671705,-0.02140934328735966,17.79599403510183,0.004305724902578017,-1.4352416341926723e-05,1.732186683511827e-05,True
518,104,1036.0,0.0002511213523348488,0.0,-0.0002511213523348488,0.0002511213523348488,1.0,798.0,3.0,17.776337114110998,-0.02314152997087149,17.79581986446525,0.003658779616619782,-1.2195932055399274e-05,1.9706052626133896e-05,True
519,104,1038.0,0.000272362224563949,0.0,-0.000272362224563949,0.000272362224563949,1.0,798.0,3.0,17.773559759352032,-0.025112135233484878,17.79563086241635,0.003041032169167535,-1.0136773897225117e-05,2.1240872229100205e-05,True
520,104,1040.0,0.0002924855097035106,0.0,-0.0002924855097035106,0.0002924855097035106,1.0,798.0,3.0,17.770650931835128,-0.0272362224563949,17.79542587380027,0.002461280491252791,-8.204268304175972e-06,2.012328513956163e-05,True
521,105,1042.0,0.00034779416353103443,0.0,-0.00034779416353103443,0.00034779416353103443,1.0,795.0,3.0,17.76790843005121,-0.02924855097035106,17.7952049090546,0.0019520719669590871,-6.50690655653029e-06,5.530865382752381e-05,True
522,105,1044.0,0.0003710727695533933,0.0,-0.0003710727695533933,0.0003710727695533933,1.0,795.0,3.0,17.76117434541678,-0.03477941635310344,17.79494216014453,0.0010116016253565688,-3.3720054178552294e-06,2.3278606022358872e-05,True
523,105,1046.0,0.00038680021214076987,0.0,-0.00038680021214076987,0.00038680021214076987,1.0,795.0,3.0,17.75815219500928,-0.03710727695533933,17.794661824888852,0.0005976470757682834,-1.9921569192276116e-06,1.5727442587376572e-05,True
524,105,1048.0,0.0004007544165460786,0.0,-0.0004007544165460786,0.0004007544165460786,1.0,795.0,3.0,17.756015744034077,-0.03868002121407699,17.794369607983512,0.0003261572646405703,-1.0871908821352342e-06,1.3954204405308701e-05,True
525,105,1050.0,0.0004125256008364886,0.0,-0.0004125256008364886,0.0004125256008364886,1.0,795.0,3.0,17.754096154401683,-0.04007544165460786,17.794066849061135,0.00010474699515422769,-3.491566505140923e-07,1.177118429041002e-05,True
526,106,1052.0,0.00041647367595487594,0.0,-0.00041647367595487594,0.00041647367595487594,1.0,795.0,3.0,17.752436864790706,-0.04125256008364886,17.793755197333322,-6.577245896423393e-05,2.1924152988077976e-07,3.948075118387351e-06,True
527,106,1054.0,0.0004260320378079996,0.0,-0.0004260320378079996,0.0004260320378079996,1.0,795.0,3.0,17.751679855634094,-0.041647367595487594,17.793440562943502,-0.00011333971391867901,3.777990463955967e-07,9.558361853123643e-06,True
528,106,1056.0,0.00043487514392381854,0.0,-0.00043487514392381854,0.00043487514392381854,1.0,795.0,3.0,17.750282624732833,-0.04260320378079996,17.793118707474616,-0.0002328789609807484,7.762632032691614e-07,8.843106115818955e-06,True
529,106,1058.0,0.0004572857573066358,0.0,-0.0004572857573066358,0.0004572857573066358,1.0,795.0,3.0,17.748971395662064,-0.043487514392381854,17.79279017128264,-0.0003312612281941823,1.1042040939806078e-06,2.2410613382817246e-05,True
530,106,1060.0,0.0004887562785143018,0.0,-0.0004887562785143018,0.0004887562785143018,1.0,795.0,3.0,17.746110845137938,-0.04572857573066358,17.79244470448958,-0.0006052836209765024,2.0176120699216748e-06,3.1470521207666025e-05,True
531,107,1062.0,0.0005032730017546783,0.0,-0.0005032730017546783,0.0005032730017546783,1.0,795.0,3.0,17.742223114504966,-0.04887562785143018,17.792075462584638,-0.0009767202282421445,3.255734094140482e-06,1.451672324037645e-05,True
532,107,1064.0,0.0005033952036797018,0.0,-0.0005033952036797018,0.0005033952036797018,1.0,795.0,3.0,17.74028643261745,-0.050327300175467826,17.791695253695156,-0.001081520902238794,3.605069674129313e-06,1.222019250235462e-07,True
533,107,1066.0,0.0005026084347719006,0.0,-0.0005026084347719006,0.0005026084347719006,1.0,795.0,3.0,17.73999541046507,-0.05033952036797018,17.79131495248552,-0.0009800216524809622,3.266738841603207e-06,-7.867689078011608e-07,True
534,107,1068.0,0.0004925494179133239,0.0,-0.0004925494179133239,0.0004925494179133239,1.0,795.0,3.0,17.73979859376136,-0.050260843477190065,17.790935245658098,-0.000875808419546139,2.9193613984871302e-06,-1.0059016858576797e-05,True
535,107,1070.0,0.00047999445655477757,0.0,-0.00047999445655477757,0.00047999445655477757,1.0,795.0,3.0,17.74065310914692,-0.049254941791332385,17.790563138140854,-0.0006550872025990966,2.1836240086636554e-06,-1.255496135854628e-05,True
536,108,1072.0,0.00046167274581421225,0.0,-0.00046167274581421225,0.00046167274581421225,1.0,795.0,3.0,17.74177968747262,-0.04799944565547776,17.790200515551064,-0.00042138242296918836,1.404608076563961e-06,-1.8321710740565322e-05,True
537,108,1074.0,0.00044050118799532356,0.0,-0.00044050118799532356,0.00044050118799532356,1.0,795.0,3.0,17.743553132442212,-0.046167274581421225,17.789851734509014,-0.00013132748538110633,4.377582846036878e-07,-2.1171557818888687e-05,True
538,108,1076.0,0.0004135740566653112,0.0,-0.0004135740566653112,0.0004135740566653112,1.0,795.0,3.0,17.745638752791944,-0.044050118799532356,17.789518947995724,0.00016992359575362814,-5.664119858454271e-07,-2.6927131330012344e-05,True
539,108,1078.0,0.0003852275897315849,0.0,-0.0003852275897315849,0.0003852275897315849,1.0,795.0,3.0,17.748370027738257,-0.04135740566653112,17.7892065041884,0.0005209292163917176,-1.7364307213057255e-06,-2.8346466933726333e-05,True
540,108,1080.0,0.00035369227612136456,0.0,-0.00035369227612136456,0.00035369227612136456,1.0,795.0,3.0,17.751250524930047,-0.03852275897315849,17.788915475355978,0.0008578085472272836,-2.8593618240909456e-06,-3.153531361022033e-05,True
541,109,1082.0,0.0003215646413536888,0.0,-0.0003215646413536888,0.0003215646413536888,1.0,795.0,3.0,17.754485083491534,-0.035369227612136456,17.788648270584336,0.0012060405193364545,-4.020135064454848e-06,-3.212763476767577e-05,True
542,109,1084.0,0.0002887813554934837,0.0,-0.0002887813554934837,0.0002887813554934837,1.0,795.0,3.0,17.757778005718585,-0.03215646413536888,17.788405337355744,0.0015291324982106356,-5.0971083273687856e-06,-3.278328586020507e-05,True
543,109,1086.0,0.0002572721189153526,0.0,-0.0002572721189153526,0.0002572721189153526,1.0,795.0,3.0,17.761139381675033,-0.02887813554934837,17.788187170996544,0.0018303462278356814,-6.1011540927856045e-06,-3.1509236578131095e-05,True
544,109,1088.0,0.00022699967689732148,0.0,-0.00022699967689732148,0.00022699967689732148,1.0,795.0,3.0,17.76435104978229,-0.025727211891535262,17.787992808997604,0.0020854526762216683,-6.951508920738894e-06,-3.0272442018031143e-05,True
545,109,1090.0,0.00019930141047552752,0.0,-0.00019930141047552752,0.00019930141047552752,1.0,795.0,3.0,17.767420707355235,-0.022699967689732148,17.78782131699473,0.002299358050238177,-7.664526834127257e-06,-2.769826642179396e-05,True
546,110,1092.0,0.00017430025422981998,0.0,-0.00017430025422981998,0.00017430025422981998,1.0,795.0,3.0,17.77019836339702,-0.019930141047552752,17.78767075026914,0.0024577541754345926,-8.192513918115309e-06,-2.5001156245707534e-05,True
547,110,1094.0,0.00015294988247660513,0.0,-0.00015294988247660513,0.00015294988247660513,1.0,795.0,3.0,17.772673305356683,-0.017430025422982,17.787539071228416,0.0025642595512506564,-8.547531837502189e-06,-2.135037175321486e-05,True
548,110,1096.0,0.0001349708984434983,0.0,-0.0001349708984434983,0.0001349708984434983,1.0,795.0,3.0,17.774739351984483,-0.015294988247660513,17.78742352180544,0.0026108184267038836,-8.702728089012945e-06,-1.7978984033106826e-05,True
549,110,1098.0,0.00012081033696631494,0.0,-0.00012081033696631494,0.00012081033696631494,1.0,795.0,3.0,17.776431424464857,-0.01349708984434983,17.787321555009655,0.0026069592995492915,-8.689864331830972e-06,-1.4160561477183364e-05,True
550,110,1100.0,0.00011021115301446116,0.0,-0.00011021115301446116,0.00011021115301446116,1.0,795.0,3.0,17.77770064758239,-0.012081033696631494,17.78723028612798,0.002551395151039249,-8.504650503464163e-06,-1.0599183951853774e-05,True
551,111,1102.0,0.00011506447367537476,0.0,-0.00011506447367537476,0.00011506447367537476,1.0,794.0,3.0,17.778578367982806,-0.011021115301446116,17.78714691977444,0.0024525635098143392,-8.175211699381131e-06,4.853320660913596e-06,True
552,111,1104.0,0.00011343206392666616,0.0,-0.00011343206392666616,0.00011343206392666616,1.0,794.0,3.0,17.77770586313698,-0.011506447367537476,17.787059882253025,0.002152428251492089,-7.174760838306964e-06,-1.6324097487085965e-06,True
553,111,1106.0,0.00011309978043527735,0.0,-0.00011309978043527735,0.00011309978043527735,1.0,794.0,3.0,17.777600244020274,-0.011343206392666616,17.786974079525436,0.001969370887506515,-6.564569625021717e-06,-3.322834913888073e-07,True
554,111,1108.0,0.00011612770884994461,0.0,-0.00011612770884994461,0.00011612770884994461,1.0,794.0,3.0,17.77736459511012,-0.011309978043527735,17.786888528145013,0.0017860450086383687,-5.953483362127895e-06,3.027928414667258e-06,True
555,111,1110.0,0.00012170746111905828,0.0,-0.00012170746111905828,0.00012170746111905828,1.0,794.0,3.0,17.776762297613942,-0.011612770884994461,17.786800686367048,0.0015743821318891615,-5.247940439630539e-06,5.579752269113669e-06,True
556,112,1112.0,0.0001273691697747381,0.0,-0.0001273691697747381,0.0001273691697747381,1.0,794.0,3.0,17.77588598739484,-0.012170746111905828,17.786708623930984,0.0013481095757608705,-4.493698585869568e-06,5.661708655679831e-06,True
557,112,1114.0,0.00013619737472936322,0.0,-0.00013619737472936322,0.00013619737472936322,1.0,794.0,3.0,17.775017665248207,-0.012736916977473811,17.786612278843023,0.001142303382658342,-3.8076779421944735e-06,8.828204954625107e-06,True
558,112,1116.0,0.0001438111355014371,0.0,-0.0001438111355014371,0.0001438111355014371,1.0,794.0,3.0,17.773802464760998,-0.013619737472936322,17.78650925588952,0.0009129463444104128,-3.043154481368043e-06,7.613760772073874e-06,True
559,112,1118.0,0.00015211407452397907,0.0,-0.00015211407452397907,0.00015211407452397907,1.0,794.0,3.0,17.772741389511943,-0.01438111355014371,17.786400473705203,0.0007220293568802238,-2.4067645229340794e-06,8.302939022541977e-06,True
560,112,1120.0,0.00015881886446322824,0.0,-0.00015881886446322824,0.00015881886446322824,1.0,794.0,3.0,17.771613928815007,-0.015211407452397907,17.786285410979136,0.0005399252882715628,-1.7997509609052094e-06,6.704789939249167e-06,True
561,113,1122.0,0.00018915689560117244,0.0,-0.00018915689560117244,0.00018915689560117244,1.0,792.0,3.0,17.77068007332149,-0.015881886446322824,17.786164973219815,0.0003969865479977907,-1.323288493325969e-06,3.03380311379442e-05,True
562,113,1124.0,0.00019850291590728375,0.0,-0.00019850291590728375,0.00019850291590728375,1.0,792.0,3.0,17.767051227564313,-0.018915689560117244,17.78602152909718,-5.46119727503726e-05,1.8203990916790866e-07,9.346020306111313e-06,True
563,113,1126.0,0.00020409756933759127,0.0,-0.00020409756933759127,0.00020409756933759127,1.0,792.0,3.0,17.76584384852191,-0.019850291590728375,17.78587099756877,-0.00017685745613113763,5.895248537704588e-07,5.594653430307517e-06,True
564,113,1128.0,0.00021001632302386497,0.0,-0.00021001632302386497,0.00021001632302386497,1.0,792.0,3.0,17.76507018316888,-0.020409756933759127,17.785716223423936,-0.0002362833212941596,7.876110709805319e-07,5.918753686273703e-06,True
565,113,1130.0,0.0002164417161907295,0.0,-0.0002164417161907295,0.0002164417161907295,1.0,792.0,3.0,17.764260868135626,-0.021001632302386497,17.78555696088639,-0.0002944604483763979,9.815348279213263e-07,6.425393166864524e-06,True
566,114,1132.0,0.00021897045570540286,0.0,-0.00021897045570540286,0.00021897045570540286,1.0,792.0,3.0,17.763394656830965,-0.02164417161907295,17.785392825754126,-0.00035399730408941976,1.1799910136313994e-06,2.5287395146733616e-06,True
567,114,1134.0,0.0002252952660342089,0.0,-0.0002252952660342089,0.0002252952660342089,1.0,792.0,3.0,17.76297501246021,-0.021897045570540286,17.785226772992473,-0.00035471496172339683,1.1823832057446562e-06,6.324810328806052e-06,True
568,114,1136.0,0.0002279096872257469,0.0,-0.0002279096872257469,0.0002279096872257469,1.0,792.0,3.0,17.762119264822523,-0.02252952660342089,17.785055923911536,-0.00040713248559153285,1.3571082853051095e-06,2.6144211915379856e-06,True
569,114,1138.0,0.0002314517057016019,0.0,-0.0002314517057016019,0.0002314517057016019,1.0,792.0,3.0,17.761688173429054,-0.02279096872257469,17.784883092225908,-0.0004039500742768677,1.346500247589559e-06,3.542018475855002e-06,True
570,114,1140.0,0.00023242699916181664,0.0,-0.00023242699916181664,0.00023242699916181664,1.0,792.0,3.0,17.761148682741883,-0.02314517057016019,17.784707574506882,-0.0004137211948380336,1.379070649460112e-06,9.752934602147434e-07,True
571,115,1142.0,0.000232910554245791,0.0,-0.000232910554245791,0.000232910554245791,1.0,792.0,3.0,17.760901060332294,-0.023242699916181664,17.784531317189582,-0.00038755694110574314,1.2918564703524772e-06,4.835550839743519e-07,True
572,115,1144.0,0.00023093914307992236,0.0,-0.00023093914307992236,0.00023093914307992236,1.0,792.0,3.0,17.76070645527381,-0.0232910554245791,17.784354693176002,-0.0003571824776136583,1.1906082587121944e-06,-1.9714111658686306e-06,True
573,115,1146.0,0.0002280028817267521,0.0,-0.0002280028817267521,0.0002280028817267521,1.0,792.0,3.0,17.760789423642194,-0.023093914307992236,17.78417956415072,-0.0002962262005357215,9.87420668452405e-07,-2.9362613531702664e-06,True
574,115,1148.0,0.00022293947961316007,0.0,-0.00022293947961316007,0.00022293947961316007,1.0,792.0,3.0,17.76097844710022,-0.02280028817267521,17.78400666179251,-0.00022792651961338106,7.59755065377937e-07,-5.063402113592019e-06,True
575,115,1150.0,0.00021667653402346332,0.0,-0.00021667653402346332,0.00021667653402346332,1.0,792.0,3.0,17.761406517861122,-0.022293947961316007,17.783837599184764,-0.0001371333623275466,4.571112077584887e-07,-6.262945589696756e-06,True
576,116,1152.0,0.00020852859108799748,0.0,-0.00020852859108799748,0.00020852859108799748,1.0,792.0,3.0,17.761966990246044,-0.021667653402346332,17.783673285982164,-3.8642333774442554e-05,1.2880777924814184e-07,-8.147942935465835e-06,True
577,116,1154.0,0.0001996132383510485,0.0,-0.0001996132383510485,0.0001996132383510485,1.0,792.0,3.0,17.762738452573597,-0.02085285910879975,17.783515151642433,7.616003996730813e-05,-2.538667998910271e-07,-8.91535273694899e-06,True
578,116,1156.0,0.00018955049620217324,0.0,-0.00018955049620217324,0.00018955049620217324,1.0,792.0,3.0,17.76359293118536,-0.01996132383510485,17.78336377811866,0.0001904769018077726,-6.349230060259087e-07,-1.0062742148875259e-05,True
579,116,1158.0,0.00017874642128390406,0.0,-0.00017874642128390406,0.00017874642128390406,1.0,792.0,3.0,17.764574522372193,-0.018955049620217324,17.783220035515285,0.0003095364771256562,-1.0317882570855208e-06,-1.080407491826918e-05,True
580,116,1160.0,0.00016766294959325023,0.0,-0.00016766294959325023,0.00016766294959325023,1.0,792.0,3.0,17.765637192708557,-0.017874642128390406,17.783084486010274,0.0004273488266734211,-1.4244960889114037e-06,-1.1083471690653823e-05,True
581,117,1162.0,0.00015634105932349485,0.0,-0.00015634105932349485,0.00015634105932349485,1.0,792.0,3.0,17.766728779863037,-0.016766294959325023,17.782957341479705,0.0005377333426562974,-1.7924444755209914e-06,-1.1321890269755386e-05,True
582,117,1164.0,0.00014483290453881636,0.0,-0.00014483290453881636,0.00014483290453881636,1.0,792.0,3.0,17.76784551652099,-0.015634105932349485,17.782838782724504,0.0006408397288354653,-2.136132429451551e-06,-1.1508154784678482e-05,True
583,117,1166.0,0.00013350356368846406,0.0,-0.00013350356368846406,0.00013350356368846406,1.0,792.0,3.0,17.76898231154113,-0.014483290453881636,17.782728950995402,0.0007366509996071775,-2.4555033320239247e-06,-1.132934085035231e-05,True
584,117,1168.0,0.0001225020483843764,0.0,-0.0001225020483843764,0.0001225020483843764,1.0,792.0,3.0,17.770098238655017,-0.013350356368846406,17.782627710691706,0.0008208843321549341,-2.7362811071831134e-06,-1.1001515304087661e-05,True
585,117,1170.0,0.00011207795307655033,0.0,-0.00011207795307655033,0.00011207795307655033,1.0,792.0,3.0,17.771177220391515,-0.01225020483843764,17.78253481321211,0.0008926120178446935,-2.9753733928156453e-06,-1.0424095307826065e-05,True
586,118,1172.0,0.00010233931118364126,0.0,-0.00010233931118364126,0.00010233931118364126,1.0,792.0,3.0,17.77219164853069,-0.011207795307655033,17.782449820679375,0.0009496231589680311,-3.165410529893437e-06,-9.738641892909072e-06,True
587,118,1174.0,9.336062851161842e-05,0.0,-9.336062851161842e-05,9.336062851161842e-05,1.0,792.0,3.0,17.773130130443196,-0.010233931118364126,17.782372213290802,0.0009918482707576936,-3.306160902525645e-06,-8.978682672022842e-06,True
588,118,1176.0,8.536542247838952e-05,0.0,-8.536542247838952e-05,8.536542247838952e-05,1.0,792.0,3.0,17.77398503361638,-0.009336062851161842,17.78230141474339,0.001019681724150148,-3.398939080500493e-06,-7.995206033228897e-06,True
589,118,1178.0,7.82866383133296e-05,0.0,-7.82866383133296e-05,7.82866383133296e-05,1.0,792.0,3.0,17.77473158513406,-0.008536542247838952,17.78223667923327,0.0010314481486270025,-3.4381604954233415e-06,-7.078784165059915e-06,True
590,118,1180.0,7.223603427064518e-05,0.0,-7.223603427064518e-05,7.223603427064518e-05,1.0,792.0,3.0,17.775378242594513,-0.00782866383133296,17.782177311806517,0.0010295946193286702,-3.4319820644289007e-06,-6.0506040426844265e-06,True
591,119,1182.0,7.907865995093744e-05,0.0,-7.907865995093744e-05,7.907865995093744e-05,1.0,791.0,3.0,17.775912756330463,-0.007223603427064518,17.782122463506173,0.0010138962513555172,-3.379654171185057e-06,6.842625680292258e-06,True
592,119,1184.0,7.741272258954268e-05,0.0,-7.741272258954268e-05,7.741272258954268e-05,1.0,791.0,3.0,17.7749784195895,-0.007907865995093744,17.782062419649453,0.0008238659351438018,-2.7462197838126726e-06,-1.6659373613947537e-06,True
593,119,1186.0,7.545248729456944e-05,0.0,-7.545248729456944e-05,7.545248729456944e-05,1.0,791.0,3.0,17.775030365188016,-0.007741272258954268,17.782003640726945,0.0007679967200250763,-2.5599890667502543e-06,-1.960235294973245e-06,True
594,119,1188.0,7.538097413117839e-05,0.0,-7.538097413117839e-05,7.538097413117839e-05,1.0,791.0,3.0,17.775122571752195,-0.007545248729456944,17.781946350197014,0.0007214702846402152,-2.4049009488007177e-06,-7.151316339104596e-08,True
595,119,1190.0,7.714975442496552e-05,0.0,-7.714975442496552e-05,7.714975442496552e-05,1.0,791.0,3.0,17.77500464138366,-0.007538097413117839,17.781889113966482,0.0006536248302964881,-2.1787494343216273e-06,1.768780293787131e-06,True
596,120,1192.0,7.843797227025107e-05,0.0,-7.843797227025107e-05,7.843797227025107e-05,1.0,791.0,3.0,17.774682713677777,-0.007714975442496552,17.781830534713812,0.0005671544064620161,-1.8905146882067206e-06,1.2882178452855442e-06,True
597,120,1194.0,8.282935693415538e-05,0.0,-8.282935693415538e-05,8.282935693415538e-05,1.0,791.0,3.0,17.774422666049812,-0.007843797227025107,17.781770977326623,0.0004954859502146143,-1.6516198340487145e-06,4.391384663904319e-06,True
598,120,1196.0,8.6408628312995e-05,0.0,-8.6408628312995e-05,8.6408628312995e-05,1.0,791.0,3.0,17.773813484859705,-0.008282935693415538,17.78170808559269,0.000388334960429876,-1.2944498680995866e-06,3.5792713788396213e-06,True
599,120,1198.0,9.120979490973014e-05,0.0,-9.120979490973014e-05,9.120979490973014e-05,1.0,791.0,3.0,17.77330409343279,-0.0086408628312995,17.781642476143816,0.0003024801202722671,-1.0082670675742238e-06,4.801166596735129e-06,True
600,120,1200.0,9.526590344677288e-05,0.0,-9.526590344677288e-05,9.526590344677288e-05,1.0,791.0,3.0,17.77266039323954,-0.009120979490973014,17.781573221203757,0.00020815152675818019,-6.938384225272673e-07,4.056108537042746e-06,True
