run_id,timestamp,kp,ki,kd,temp,temp_ref,temp_raw,temp_u,temp_u_p,temp_u_i,temp_u_d,sq_error,mae,start_temp
run_1780110874_652630f9,1780111355.7011096,19.0,926.0,1.0,23.283300399780273,0.0,19.69371223449707,-100.0,-100.0,0.0,0.021924138069152832,542.1120775064082,23.283300399780273,23.283300399780273
run_1780110874_652630f9,1780111357.4008052,19.0,926.0,1.0,23.194446563720703,0.0,19.593751907348633,-100.0,-100.0,0.0,0.04174985736608505,537.9823513972951,23.194446563720703,23.283300399780273
run_1780110874_652630f9,1780111359.408573,19.0,926.0,1.0,23.23885154724121,0.0,19.643707275390625,-100.0,-100.0,0.0,0.026708725839853287,540.0442212347152,23.23885154724121,23.283300399780273
run_1780110874_652630f9,1780111361.4061284,19.0,926.0,1.0,23.14999771118164,0.0,19.543746948242188,-100.0,-100.0,0.0,0.045419398695230484,535.9223940277152,23.14999771118164,23.283300399780273
run_1780110874_652630f9,1780111363.3998685,19.0,926.0,1.0,23.061176300048828,0.0,19.443824768066406,-100.0,-100.0,0.0,0.0632070004940033,531.8178523419338,23.061176300048828,23.283300399780273
run_1780110874_652630f9,1780111365.407302,19.0,926.0,1.0,22.97231674194336,0.0,19.343856811523438,-100.0,-100.0,0.0,0.07843749225139618,527.7273364921712,22.97231674194336,23.283300399780273
run_1780110874_652630f9,1780111367.412773,19.0,926.0,1.0,22.83904266357422,0.0,19.19392204284668,-100.0,-100.0,0.0,0.10414604097604752,521.6218697885633,22.83904266357422,23.283300399780273
run_1780110874_652630f9,1780111369.4080164,19.0,926.0,1.0,22.705760955810547,0.0,19.043981552124023,-100.0,-100.0,-0.05162160471081734,0.12876221537590027,515.5515805824107,22.705760955810547,23.283300399780273
run_1780110874_652630f9,1780111371.4039705,19.0,926.0,1.0,22.61692237854004,0.0,18.94403839111328,-100.0,-100.0,-0.309123694896698,0.138604074716568,511.5251778769052,22.61692237854004,23.283300399780273
run_1780110874_652630f9,1780111373.4131627,19.0,926.0,1.0,22.48368263244629,0.0,18.794143676757812,-100.0,-100.0,-0.5655149817466736,0.15903465449810028,505.5159847165669,22.48368263244629,23.283300399780273
run_1780110874_652630f9,1780111375.4071968,19.0,926.0,1.0,22.439247131347656,0.0,18.744152069091797,-100.0,-100.0,-0.8207953572273254,0.1549306958913803,503.519811821694,22.439247131347656,23.283300399780273
run_1780110874_652630f9,1780111377.4048579,19.0,926.0,1.0,22.217159271240234,0.0,18.49430274963379,-100.0,-100.0,-1.0741572380065918,0.1950613260269165,493.6021660836559,22.217159271240234,23.283300399780273
run_1780110874_652630f9,1780111379.4003463,19.0,926.0,1.0,22.172725677490234,0.0,18.44431495666504,-100.0,-100.0,-1.3264085054397583,0.18752028048038483,491.6297639692348,22.172725677490234,23.283300399780273
run_1780110874_652630f9,1780111381.412153,19.0,926.0,1.0,22.03950309753418,0.0,18.29444122314453,-100.0,-100.0,-1.5773472785949707,0.20239360630512238,485.7396967862187,22.03950309753418,23.283300399780273
run_1780110874_652630f9,1780111383.4036906,19.0,926.0,1.0,21.950687408447266,0.0,18.194522857666016,-100.0,-100.0,-1.8272747993469238,0.20520612597465515,481.83267770336533,21.950687408447266,23.283300399780273
run_1780110874_652630f9,1780111385.4091067,19.0,926.0,1.0,21.817445755004883,0.0,18.044626235961914,-100.0,-100.0,-2.076495885848999,0.22017189860343933,476.0009392725806,21.817445755004883,23.283300399780273
run_1780110874_652630f9,1780111387.4040596,19.0,926.0,1.0,21.7286376953125,0.0,17.944717407226562,-100.0,-100.0,-2.323901414871216,0.2212865799665451,472.1336960941553,21.7286376953125,23.283300399780273
run_1780110874_652630f9,1780111389.403126,19.0,926.0,1.0,21.639829635620117,0.0,17.84480857849121,-100.0,-100.0,-2.570295810699463,0.22231294214725494,468.2822266586627,21.639829635620117,23.283300399780273
run_1780110874_652630f9,1780111391.4128594,19.0,926.0,1.0,21.59540557861328,0.0,17.794830322265625,-100.0,-100.0,-2.815984010696411,0.21217000484466553,466.36154210480163,21.59540557861328,23.283300399780273
run_1780110874_652630f9,1780111393.4088604,19.0,926.0,1.0,21.417802810668945,0.0,17.595027923583984,-100.0,-100.0,-3.060459852218628,0.23662732541561127,458.7222772366986,21.417802810668945,23.283300399780273
run_1780110874_652630f9,1780111395.4048188,19.0,926.0,1.0,21.373382568359375,0.0,17.545055389404297,-100.0,-100.0,-3.3036251068115234,0.2251179814338684,456.8214824134484,21.373382568359375,23.283300399780273
run_1780110874_652630f9,1780111397.4001303,19.0,926.0,1.0,21.284587860107422,0.0,17.445159912109375,-100.0,-100.0,-3.546081781387329,0.22599080204963684,453.03368037463224,21.284587860107422,23.283300399780273
run_1780110874_652630f9,1780111399.4072373,19.0,926.0,1.0,21.240196228027344,0.0,17.395221710205078,-100.0,-100.0,-3.7877326011657715,0.215489000082016,451.145935805107,21.240196228027344,23.283300399780273
run_1780110874_652630f9,1780111401.4041092,19.0,926.0,1.0,21.107013702392578,0.0,17.245391845703125,-100.0,-100.0,-4.028575420379639,0.22878696024417877,445.50602743298805,21.107013702392578,23.283300399780273
run_1780110874_652630f9,1780111403.3999457,19.0,926.0,1.0,21.06261444091797,0.0,17.19544219970703,-100.0,-100.0,-4.26820707321167,0.21802033483982086,443.63372708676616,21.06261444091797,23.283300399780273
run_1780110874_652630f9,1780111405.4138548,19.0,926.0,1.0,20.973798751831055,0.0,17.095523834228516,-100.0,-100.0,-4.507735729217529,0.22091910243034363,439.9002340823099,20.973798751831055,23.283300399780273
run_1780110874_652630f9,1780111407.4085438,19.0,926.0,1.0,20.973798751831055,0.0,17.095523834228516,-100.0,-100.0,-4.746154308319092,0.19984573125839233,439.9002340823099,20.973798751831055,23.283300399780273
run_1780110874_652630f9,1780111409.4013114,19.0,926.0,1.0,20.840633392333984,0.0,16.945711135864258,-100.0,-100.0,-4.983666896820068,0.21395941078662872,434.3320001936663,20.840633392333984,23.283300399780273
run_1780110874_652630f9,1780111411.4134927,19.0,926.0,1.0,20.796220779418945,0.0,16.895748138427734,-100.0,-100.0,-5.220269203186035,0.20461048185825348,432.4827987063363,20.796220779418945,23.283300399780273
run_1780110874_652630f9,1780111413.4087696,19.0,926.0,1.0,20.707443237304688,0.0,16.795873641967773,-100.0,-100.0,-5.456167697906494,0.2074352502822876,428.79820542619564,20.707443237304688,23.283300399780273
run_1780110874_652630f9,1780111415.401978,19.0,926.0,1.0,20.707443237304688,0.0,16.795873641967773,-100.0,-100.0,-5.691561698913574,0.18764808773994446,428.79820542619564,20.707443237304688,23.283300399780273
run_1780110874_652630f9,1780111417.413733,19.0,926.0,1.0,20.663061141967773,0.0,16.745943069458008,-100.0,-100.0,-5.92624568939209,0.1799105852842331,426.96209575669855,20.663061141967773,23.283300399780273
run_1780110874_652630f9,1780111419.410945,19.0,926.0,1.0,20.57428741455078,0.0,16.646072387695312,-100.0,-100.0,-6.160730361938477,0.18530504405498505,423.30130261654267,20.57428741455078,23.283300399780273
run_1780110874_652630f9,1780111421.4028938,19.0,926.0,1.0,20.57428741455078,0.0,16.646072387695312,-100.0,-100.0,-6.394302845001221,0.1669573336839676,423.30130261654267,20.57428741455078,23.283300399780273
run_1780110874_652630f9,1780111423.4107778,19.0,926.0,1.0,20.441104888916016,0.0,16.496244430541992,-100.0,-100.0,-6.627574443817139,0.18487094342708588,417.83876907966624,20.441104888916016,23.283300399780273
run_1780110874_652630f9,1780111425.4072878,19.0,926.0,1.0,20.441104888916016,0.0,16.496244430541992,-100.0,-100.0,-6.859943389892578,0.16723620891571045,417.83876907966624,20.441104888916016,23.283300399780273
run_1780110874_652630f9,1780111427.4034874,19.0,926.0,1.0,20.35234260559082,0.0,16.396385192871094,-100.0,-100.0,-7.091906547546387,0.17383673787117004,414.21784953534734,20.35234260559082,23.283300399780273
run_1780110874_652630f9,1780111429.4131548,19.0,926.0,1.0,20.307950973510742,0.0,16.346445083618164,-100.0,-100.0,-7.323160648345947,0.1687621772289276,412.4128727425159,20.307950973510742,23.283300399780273
run_1780110874_652630f9,1780111431.407745,19.0,926.0,1.0,20.26357650756836,0.0,16.296524047851562,-100.0,-100.0,-7.553806781768799,0.16393890976905823,410.6125328780763,20.26357650756836,23.283300399780273
run_1780110874_652630f9,1780111433.4062688,19.0,926.0,1.0,20.219173431396484,0.0,16.246570587158203,-100.0,-100.0,-7.784047603607178,0.15981151163578033,408.8149742488895,20.219173431396484,23.283300399780273
run_1780110874_652630f9,1780111435.4024475,19.0,926.0,1.0,20.17481231689453,0.0,16.196664810180664,-100.0,-100.0,-8.013686180114746,0.15583863854408264,407.0230520219193,20.17481231689453,23.283300399780273
run_1780110874_652630f9,1780111437.4014475,19.0,926.0,1.0,20.17481231689453,0.0,16.196664810180664,-100.0,-100.0,-8.243030548095703,0.1409732699394226,407.0230520219193,20.17481231689453,23.283300399780273
run_1780110874_652630f9,1780111439.41495,19.0,926.0,1.0,20.086040496826172,0.0,16.09679412841797,-100.0,-100.0,-8.471968650817871,0.15008144080638885,403.44902284014097,20.086040496826172,23.283300399780273
run_1780110874_652630f9,1780111441.403188,19.0,926.0,1.0,20.04165267944336,0.0,16.046859741210938,-100.0,-100.0,-8.699893951416016,0.14660020172595978,401.6678421234392,20.04165267944336,23.283300399780273
run_1780110874_652630f9,1780111443.412448,19.0,926.0,1.0,20.04165267944336,0.0,16.046859741210938,-100.0,-100.0,-8.927718162536621,0.1326160877943039,401.6678421234392,20.04165267944336,23.283300399780273
run_1780110874_652630f9,1780111445.4093661,19.0,926.0,1.0,20.04165267944336,0.0,16.046859741210938,-100.0,-100.0,-9.15554141998291,0.11996591836214066,401.6678421234392,20.04165267944336,23.283300399780273
run_1780110874_652630f9,1780111447.4049687,19.0,926.0,1.0,19.952898025512695,0.0,15.947010040283203,-100.0,-100.0,-9.382351875305176,0.1297571063041687,398.1181396165084,19.952898025512695,23.283300399780273
run_1780110874_652630f9,1780111449.4024012,19.0,926.0,1.0,19.864131927490234,0.0,15.847146987915039,-100.0,-100.0,-9.60836410522461,0.13904717564582825,394.5837372327369,19.864131927490234,23.283300399780273
run_1780110874_652630f9,1780111451.4137778,19.0,926.0,1.0,19.819747924804688,0.0,15.797216415405273,-100.0,-100.0,-9.834268569946289,0.13771890103816986,392.8224078027997,19.819747924804688,23.283300399780273
run_1780110874_652630f9,1780111453.409778,19.0,926.0,1.0,19.819747924804688,0.0,15.797216415405273,-100.0,-100.0,-10.059574127197266,0.12458198517560959,392.8224078027997,19.819747924804688,23.283300399780273
run_1780110874_652630f9,1780111455.4068003,19.0,926.0,1.0,19.819747924804688,0.0,15.797216415405273,-100.0,-100.0,-10.284879684448242,0.11269818991422653,392.8224078027997,19.819747924804688,23.283300399780273
run_1780110874_652630f9,1780111457.4030073,19.0,926.0,1.0,19.730985641479492,0.0,15.697358131408691,-100.0,-100.0,-10.509374618530273,0.12361456453800201,389.3117943842699,19.730985641479492,23.283300399780273
run_1780110874_652630f9,1780111459.4126208,19.0,926.0,1.0,19.686634063720703,0.0,15.647462844848633,-100.0,-100.0,-10.733464241027832,0.12309207022190094,387.5635607588483,19.686634063720703,23.283300399780273
run_1780110874_652630f9,1780111461.4119344,19.0,926.0,1.0,19.730985641479492,0.0,15.697358131408691,-100.0,-100.0,-10.95765495300293,0.10052431374788284,389.3117943842699,19.730985641479492,23.283300399780273
run_1780110874_652630f9,1780111463.4068618,19.0,926.0,1.0,19.64223861694336,0.0,15.597518920898438,-100.0,-100.0,-11.180933952331543,0.11216820776462555,385.817537884941,19.64223861694336,23.283300399780273
run_1780110874_652630f9,1780111465.405861,19.0,926.0,1.0,19.597858428955078,0.0,15.547592163085938,-100.0,-100.0,-11.403807640075684,0.11230161041021347,384.0760550013656,19.597858428955078,23.283300399780273
run_1780110874_652630f9,1780111467.4008653,19.0,926.0,1.0,19.553495407104492,0.0,15.497682571411133,-100.0,-100.0,-11.626383781433105,0.11286118626594543,382.33918263565647,19.553495407104492,23.283300399780273
run_1780110874_652630f9,1780111469.4145868,19.0,926.0,1.0,19.509103775024414,0.0,15.447741508483887,-100.0,-100.0,-11.848258972167969,0.11293124407529831,380.60513010467184,19.509103775024414,23.283300399780273
run_1780110874_652630f9,1780111471.4090102,19.0,926.0,1.0,19.46475601196289,0.0,15.397850036621094,-100.0,-100.0,-12.069526672363281,0.11276909708976746,378.8767266052455,19.46475601196289,23.283300399780273
run_1780110874_652630f9,1780111473.4004552,19.0,926.0,1.0,19.420364379882812,0.0,15.347909927368164,-100.0,-100.0,-12.290489196777344,0.11306742578744888,377.15055264742114,19.420364379882812,23.283300399780273
run_1780110874_652630f9,1780111475.4128778,19.0,926.0,1.0,19.420364379882812,0.0,15.347909927368164,-100.0,-100.0,-12.510946273803711,0.10162398964166641,377.15055264742114,19.420364379882812,23.283300399780273
run_1780110874_652630f9,1780111477.4108207,19.0,926.0,1.0,19.331626892089844,0.0,15.24808120727539,-100.0,-100.0,-12.731114387512207,0.11402936279773712,373.71179829497123,19.331626892089844,23.283300399780273
run_1780110874_652630f9,1780111479.4052458,19.0,926.0,1.0,19.24289321899414,0.0,15.148255348205566,-100.0,-100.0,-12.950166702270508,0.12504003942012787,370.2889394376107,19.24289321899414,23.283300399780273
run_1780110874_652630f9,1780111481.4016554,19.0,926.0,1.0,19.198535919189453,0.0,15.098352432250977,-100.0,-100.0,-13.168612480163574,0.1241593137383461,368.5837814404076,19.198535919189453,23.283300399780273
run_1780110874_652630f9,1780111483.414874,19.0,926.0,1.0,19.10977554321289,0.0,14.998497009277344,-100.0,-100.0,-13.38614559173584,0.13421005010604858,365.18352131197753,19.10977554321289,23.283300399780273
run_1780110874_652630f9,1780111485.411875,19.0,926.0,1.0,19.10977554321289,0.0,14.998497009277344,-100.0,-100.0,-13.603374481201172,0.12140783667564392,365.18352131197753,19.10977554321289,23.283300399780273
run_1780110874_652630f9,1780111487.4058278,19.0,926.0,1.0,18.976694107055664,0.0,14.848780632019043,-100.0,-99.8773422241211,-13.819387435913086,0.14232465624809265,360.11491923276117,18.976694107055664,23.283300399780273
run_1780110874_652630f9,1780111489.4032593,19.0,926.0,1.0,18.887969970703125,0.0,14.748967170715332,-100.0,-99.41036987304688,-14.034488677978516,0.1508442759513855,356.755409614183,18.887969970703125,23.283300399780273
run_1780110874_652630f9,1780111491.4144235,19.0,926.0,1.0,18.843589782714844,0.0,14.699037551879883,-100.0,-99.17678833007812,-14.24870777130127,0.14707337319850922,355.08087589923525,18.843589782714844,23.283300399780273
run_1780110874_652630f9,1780111493.4063704,19.0,926.0,1.0,18.754871368408203,0.0,14.599228858947754,-100.0,-98.70985412597656,-14.462319374084473,0.15513858199119568,351.7452000455378,18.754871368408203,23.283300399780273
run_1780110874_652630f9,1780111495.4147978,19.0,926.0,1.0,18.621774673461914,0.0,14.449496269226074,-100.0,-98.00933837890625,-14.674917221069336,0.1741577684879303,346.7704919891876,18.621774673461914,23.283300399780273
run_1780110874_652630f9,1780111497.4136956,19.0,926.0,1.0,18.621774673461914,0.0,14.449496269226074,-100.0,-98.00933837890625,-14.886602401733398,0.15754495561122894,346.7704919891876,18.621774673461914,23.283300399780273
run_1780110874_652630f9,1780111499.4112682,19.0,926.0,1.0,18.444351196289062,0.0,14.249896049499512,-100.0,-97.07553100585938,-15.096667289733887,0.18585199117660522,340.19409105204977,18.444351196289062,23.283300399780273
run_1780110874_652630f9,1780111501.406177,19.0,926.0,1.0,18.35563087463379,0.0,14.15008544921875,-100.0,-96.60858154296875,-15.305718421936035,0.19021864235401154,336.9291848058092,18.35563087463379,23.283300399780273
run_1780110874_652630f9,1780111503.4048462,19.0,926.0,1.0,18.22256851196289,0.0,14.000389099121094,-100.0,-95.90825653076172,-15.51366138458252,0.20568189024925232,332.06200317318144,18.22256851196289,23.283300399780273
run_1780110874_652630f9,1780111505.4131439,19.0,926.0,1.0,18.17819595336914,0.0,13.950470924377441,-100.0,-95.67472076416016,-15.720513343811035,0.19711259007453918,330.4468081190862,18.17819595336914,23.283300399780273
run_1780110874_652630f9,1780111507.411194,19.0,926.0,1.0,18.133853912353516,0.0,13.900585174560547,-100.0,-95.44133758544922,-15.926655769348145,0.18891900777816772,328.8366577145789,18.133853912353516,23.283300399780273
run_1780110874_652630f9,1780111509.4056745,19.0,926.0,1.0,18.000816345214844,0.0,13.750919342041016,-100.0,-94.74114227294922,-16.131887435913086,0.2040298581123352,324.0293890941539,18.000816345214844,23.283300399780273
run_1780110874_652630f9,1780111511.4011679,19.0,926.0,1.0,17.91212272644043,0.0,13.651138305664062,-100.0,-94.27433013916016,-16.33549690246582,0.20578759908676147,320.84414056706373,17.91212272644043,23.283300399780273
run_1780110874_652630f9,1780111513.4138281,19.0,926.0,1.0,17.779064178466797,0.0,13.501448631286621,-100.0,-93.57402038574219,-16.53819465637207,0.21929460763931274,316.09512306204124,17.779064178466797,23.283300399780273
run_1780110874_652630f9,1780111515.4098954,19.0,926.0,1.0,17.690380096435547,0.0,13.401676177978516,-100.0,-93.10726165771484,-16.739299774169922,0.21959401667118073,312.94954795636295,17.690380096435547,23.283300399780273
run_1780110874_652630f9,1780111517.4098926,19.0,926.0,1.0,17.55733299255371,0.0,13.251999855041504,-100.0,-92.40702056884766,-16.93949317932129,0.23178118467330933,308.25994181141505,17.55733299255371,23.283300399780273
run_1780110874_652630f9,1780111519.4077184,19.0,926.0,1.0,17.468652725219727,0.0,13.15223503112793,-100.0,-91.94027709960938,-17.1380672454834,0.23088860511779785,305.1538280343266,17.468652725219727,23.283300399780273
run_1780110874_652630f9,1780111521.4140956,19.0,926.0,1.0,17.335643768310547,0.0,13.00260066986084,-100.0,-91.240234375,-17.33572769165039,0.2419888973236084,300.5245448617643,17.335643768310547,23.283300399780273
run_1780110874_652630f9,1780111523.4120376,19.0,926.0,1.0,17.15827178955078,0.0,12.803055763244629,-100.0,-90.30669403076172,-17.53159523010254,0.26311373710632324,294.40629080409417,17.15827178955078,23.283300399780273
run_1780110874_652630f9,1780111525.4068928,19.0,926.0,1.0,17.15827178955078,0.0,12.803055763244629,-100.0,-90.30669403076172,-17.72665023803711,0.23801550269126892,294.40629080409417,17.15827178955078,23.283300399780273
run_1780110874_652630f9,1780111527.4008932,19.0,926.0,1.0,16.93658447265625,0.0,12.553658485412598,-100.0,-89.13992309570312,-17.9202880859375,0.2707662880420685,286.8478935994208,16.93658447265625,23.283300399780273
run_1780110874_652630f9,1780111529.4145677,19.0,926.0,1.0,16.847909927368164,0.0,12.453899383544922,-100.0,-88.67321014404297,-18.11220359802246,0.2670215666294098,283.85206892071074,16.847909927368164,23.283300399780273
run_1780110874_652630f9,1780111531.4034722,19.0,926.0,1.0,16.759252548217773,0.0,12.354159355163574,-100.0,-88.20659637451172,-18.303207397460938,0.2638622522354126,280.87254597494393,16.759252548217773,23.283300399780273
run_1780110874_652630f9,1780111533.4127667,19.0,926.0,1.0,16.626277923583984,0.0,12.204562187194824,-100.0,-87.50672912597656,-18.492809295654297,0.27180859446525574,276.43311759225617,16.626277923583984,23.283300399780273
run_1780110874_652630f9,1780111535.4060068,19.0,926.0,1.0,16.537626266479492,0.0,12.104829788208008,-100.0,-87.0401382446289,-18.681005477905273,0.2675205171108246,273.4930825297524,16.537626266479492,23.283300399780273
run_1780110874_652630f9,1780111537.404253,19.0,926.0,1.0,16.360301971435547,0.0,11.905338287353516,-100.0,-86.10685729980469,-18.867782592773438,0.286162793636322,267.65948059655784,16.360301971435547,23.283300399780273
run_1780110874_652630f9,1780111539.4015152,19.0,926.0,1.0,16.22731590270996,0.0,11.755729675292969,-100.0,-85.40692901611328,-19.053146362304688,0.29266878962516785,263.3257814063436,16.22731590270996,23.283300399780273
run_1780110874_652630f9,1780111541.4118154,19.0,926.0,1.0,16.138690948486328,0.0,11.656026840209961,-100.0,-84.94048309326172,-19.237014770507812,0.28682246804237366,260.45734553075454,16.138690948486328,23.283300399780273
run_1780110874_652630f9,1780111543.4044783,19.0,926.0,1.0,15.96139144897461,0.0,11.456564903259277,-100.0,-84.00732421875,-19.419464111328125,0.3040826916694641,254.76601698739978,15.96139144897461,23.283300399780273
run_1780110874_652630f9,1780111545.4156585,19.0,926.0,1.0,15.872759819030762,0.0,11.356854438781738,-100.0,-83.54084014892578,-19.600292205810547,0.29714933037757874,251.94450427263746,15.872759819030762,23.283300399780273
run_1780110874_652630f9,1780111547.4125106,19.0,926.0,1.0,15.739794731140137,0.0,11.207268714904785,-100.0,-82.84102630615234,-19.780115127563477,0.30260199308395386,247.7411381784268,15.739794731140137,23.283300399780273
run_1780110874_652630f9,1780111549.409133,19.0,926.0,1.0,15.606865882873535,0.0,11.057723999023438,-100.0,-82.14140319824219,-19.9581356048584,0.30684158205986023,243.57426268600193,15.606865882873535,23.283300399780273
run_1780110874_652630f9,1780111551.4030628,19.0,926.0,1.0,15.429627418518066,0.0,10.858330726623535,-100.0,-81.20857238769531,-20.13453483581543,0.32217657566070557,238.0734022742845,15.429627418518066,23.283300399780273
run_1780110874_652630f9,1780111553.4143562,19.0,926.0,1.0,15.385299682617188,0.0,10.80846118927002,-100.0,-80.97526550292969,-20.30971908569336,0.3027072846889496,236.70744632394053,15.385299682617188,23.283300399780273
run_1780110874_652630f9,1780111555.412897,19.0,926.0,1.0,15.163745880126953,0.0,10.55921459197998,-99.96314239501953,-79.80918884277344,-20.483203887939453,0.32925376296043396,229.93918911706714,15.163745880126953,23.283300399780273
run_1780110874_652630f9,1780111557.4067965,19.0,926.0,1.0,15.030815124511719,0.0,10.409667015075684,-99.43290710449219,-79.10955810546875,-20.65497398376465,0.33162206411361694,225.92540330725024,15.030815124511719,23.283300399780273
run_1780110874_652630f9,1780111559.4031675,19.0,926.0,1.0,14.897917747497559,0.0,10.260157585144043,-98.90192413330078,-78.41009521484375,-20.82492446899414,0.3330994248390198,221.94795321120273,14.897917747497559,23.283300399780273
run_1780110874_652630f9,1780111561.4053996,19.0,926.0,1.0,14.764999389648438,0.0,10.110624313354492,-98.36911010742188,-77.71051788330078,-20.993682861328125,0.33509767055511475,218.00520697631873,14.764999389648438,23.283300399780273
run_1780110874_652630f9,1780111563.4086049,19.0,926.0,1.0,14.587810516357422,0.0,9.911287307739258,-97.59073638916016,-76.7779541015625,-21.1605167388916,0.3477248251438141,212.8042156611482,14.587810516357422,23.283300399780273
run_1780110874_652630f9,1780111565.4012568,19.0,926.0,1.0,14.54349422454834,0.0,9.861431121826172,-97.5450210571289,-76.54470825195312,-21.326133728027344,0.3258156478404999,211.51322425947092,14.54349422454834,23.283300399780273
run_1780110874_652630f9,1780111567.4119258,19.0,926.0,1.0,14.277765274047852,0.0,9.56248664855957,-96.27410888671875,-75.14613342285156,-21.49025535583496,0.3622805178165436,203.85458122080672,14.277765274047852,23.283300399780273
run_1780110874_652630f9,1780111569.4069488,19.0,926.0,1.0,14.189144134521484,0.0,9.462786674499512,-95.98161315917969,-74.6797103881836,-21.65215301513672,0.35023999214172363,201.33181127022544,14.189144134521484,23.283300399780273
run_1780110874_652630f9,1780111571.4050827,19.0,926.0,1.0,14.056269645690918,0.0,9.313302993774414,-95.4429702758789,-73.9803695678711,-21.812530517578125,0.3499354124069214,197.57871635237188,14.056269645690918,23.283300399780273
run_1780110874_652630f9,1780111573.4160035,19.0,926.0,1.0,13.967681884765625,0.0,9.213642120361328,-95.14695739746094,-73.51411437988281,-21.971908569335938,0.3390640616416931,195.0961372340098,13.967681884765625,23.283300399780273
run_1780110874_652630f9,1780111575.413486,19.0,926.0,1.0,13.790572166442871,0.0,9.01439380645752,-94.36034393310547,-72.58195495605469,-22.129682540893555,0.3512926995754242,190.17988067786882,13.790572166442871,23.283300399780273
run_1780110874_652630f9,1780111577.4061763,19.0,926.0,1.0,13.657672882080078,0.0,8.864882469177246,-93.81678009033203,-71.88249206542969,-22.28583335876465,0.3515506386756897,186.53202855390555,13.657672882080078,23.283300399780273
run_1780110874_652630f9,1780111579.402162,19.0,926.0,1.0,13.569112777709961,0.0,8.765252113342285,-93.51703643798828,-71.4163818359375,-22.44028663635254,0.3396337032318115,184.12082157421173,13.569112777709961,23.283300399780273
run_1780110874_652630f9,1780111581.4097183,19.0,926.0,1.0,13.347726821899414,0.0,8.516192436218262,-92.48194122314453,-70.2511978149414,-22.59292221069336,0.36217328906059265,178.16181131205303,13.347726821899414,23.283300399780273
run_1780110874_652630f9,1780111583.404863,19.0,926.0,1.0,13.30342960357666,0.0,8.466358184814453,-92.4238510131836,-70.01805114746094,-22.74424171447754,0.33843863010406494,176.98123921731985,13.30342960357666,23.283300399780273
run_1780110874_652630f9,1780111585.4132996,19.0,926.0,1.0,13.082035064697266,0.0,8.217289924621582,-91.38629913330078,-68.85282135009766,-22.893259048461914,0.3597811460494995,171.1396414339688,13.082035064697266,23.283300399780273
run_1780110874_652630f9,1780111587.4026735,19.0,926.0,1.0,12.993492126464844,0.0,8.11767864227295,-91.08087921142578,-68.38680267333984,-23.041162490844727,0.34707486629486084,168.8308376405039,12.993492126464844,23.283300399780273
run_1780110874_652630f9,1780111589.4148853,19.0,926.0,1.0,12.727863311767578,0.0,7.818845272064209,-89.79637908935547,-66.98875427246094,-23.186460494995117,0.3788329064846039,161.99850448303914,12.727863311767578,23.283300399780273
run_1780110874_652630f9,1780111591.4088857,19.0,926.0,1.0,12.683572769165039,0.0,7.769019603729248,-89.73287963867188,-66.75564575195312,-23.330745697021484,0.35350745916366577,160.8730181907049,12.683572769165039,23.283300399780273
run_1780110874_652630f9,1780111593.4052374,19.0,926.0,1.0,12.506511688232422,0.0,7.569826126098633,-88.93379211425781,-65.82374572753906,-23.4735107421875,0.36346179246902466,156.41283460789418,12.506511688232422,23.283300399780273
run_1780110874_652630f9,1780111595.4149473,19.0,926.0,1.0,12.417984008789062,0.0,7.470232963562012,-88.6222915649414,-65.3578109741211,-23.614879608154297,0.35040074586868286,154.20632684254088,12.417984008789062,23.283300399780273
run_1780110874_652630f9,1780111597.410727,19.0,926.0,1.0,12.196659088134766,0.0,7.221240997314453,-87.5758285522461,-64.19294738769531,-23.75412940979004,0.3712415099143982,148.75849291218037,12.196659088134766,23.283300399780273
run_1780110874_652630f9,1780111599.407114,19.0,926.0,1.0,12.10812759399414,0.0,7.121643543243408,-87.26151275634766,-63.726985931396484,-23.891958236694336,0.357439249753952,146.60675383244234,12.10812759399414,23.283300399780273
run_1780110874_652630f9,1780111601.4027412,19.0,926.0,1.0,11.931102752685547,0.0,6.922489643096924,-86.4568099975586,-62.7952766418457,-24.02789306640625,0.36635324358940125,142.35121289514063,11.931102752685547,23.283300399780273
run_1780110874_652630f9,1780111603.4150896,19.0,926.0,1.0,11.798316955566406,0.0,6.773106575012207,-85.89488983154297,-62.096405029296875,-24.162307739257812,0.3638196289539337,139.20028298400575,11.798316955566406,23.283300399780273
run_1780110874_652630f9,1780111605.4080532,19.0,926.0,1.0,11.621309280395508,0.0,6.573972702026367,-85.0870132446289,-61.1647834777832,-24.295011520385742,0.37277713418006897,135.05482939060676,11.621309280395508,23.283300399780273
run_1780110874_652630f9,1780111607.4032123,19.0,926.0,1.0,11.532794952392578,0.0,6.474394798278809,-84.76617431640625,-60.69892120361328,-24.426517486572266,0.35926178097724915,133.00535941393173,11.532794952392578,23.283300399780273
run_1780110874_652630f9,1780111609.407119,19.0,926.0,1.0,11.311535835266113,0.0,6.225478172302246,-83.71051788330078,-59.534400939941406,-24.556007385253906,0.379897803068161,127.95084295250945,11.311535835266113,23.283300399780273
run_1780110874_652630f9,1780111611.4023283,19.0,926.0,1.0,11.311535835266113,0.0,6.225478172302246,-83.8753433227539,-59.534400939941406,-24.68460464477539,0.34365952014923096,127.95084295250945,11.311535835266113,23.283300399780273
run_1780110874_652630f9,1780111613.4110146,19.0,926.0,1.0,11.046072959899902,0.0,5.92683219909668,-82.57229614257812,-58.13722610473633,-24.81077003479004,0.375702828168869,122.01572783543179,11.046072959899902,23.283300399780273
run_1780110874_652630f9,1780111615.4038563,19.0,926.0,1.0,11.001839637756348,0.0,5.877069473266602,-82.48956298828125,-57.904422760009766,-24.936023712158203,0.35088062286376953,121.04047541490672,11.001839637756348,23.283300399780273
run_1780110874_652630f9,1780111617.4129536,19.0,926.0,1.0,10.780590057373047,0.0,5.628164291381836,-81.42711639404297,-56.739952087402344,-25.059478759765625,0.372313529253006,116.2211219851306,10.780590057373047,23.283300399780273
run_1780110874_652630f9,1780111619.4056869,19.0,926.0,1.0,10.64788818359375,0.0,5.4788737297058105,-80.85279846191406,-56.0415153503418,-25.181133270263672,0.3698468804359436,113.37752277031541,10.64788818359375,23.283300399780273
run_1780110874_652630f9,1780111621.402881,19.0,926.0,1.0,10.515192031860352,0.0,5.329590797424316,-80.277099609375,-55.343116760253906,-25.300962448120117,0.36697113513946533,110.56926346689943,10.515192031860352,23.283300399780273
run_1780110874_652630f9,1780111623.410695,19.0,926.0,1.0,10.42669677734375,0.0,5.2300333976745605,-79.94324493408203,-54.87735366821289,-25.419897079467773,0.3540048599243164,108.71600568667054,10.42669677734375,23.283300399780273
run_1780110874_652630f9,1780111625.4069326,19.0,926.0,1.0,10.249772071838379,0.0,5.030993461608887,-79.11931610107422,-53.9461669921875,-25.537031173706055,0.3638781011104584,105.05782752463801,10.249772071838379,23.283300399780273
run_1780110874_652630f9,1780111627.4043467,19.0,926.0,1.0,10.161300659179688,0.0,4.931462287902832,-78.78227996826172,-53.48052978515625,-25.652950286865234,0.35120099782943726,103.25203108624555,10.161300659179688,23.283300399780273
run_1780110874_652630f9,1780111629.414212,19.0,926.0,1.0,9.98436164855957,0.0,4.732407093048096,-77.95497131347656,-52.54927444458008,-25.767045974731445,0.3613455295562744,99.68747752922718,9.98436164855957,23.283300399780273
run_1780110874_652630f9,1780111631.6149747,20.0,436.0,48.0,9.851696014404297,0.0,4.583157539367676,-58.82897186279297,-49.258480072021484,-25.9826717376709,16.412172317504883,97.05591436022951,9.851696014404297,23.283300399780273
run_1780110874_652630f9,1780111633.4059076,20.0,436.0,48.0,9.674793243408203,0.0,4.3841423988342285,-57.68349075317383,-48.373966217041016,-26.207012176513672,16.897491455078125,93.60162430269702,9.674793243408203,23.283300399780273
run_1780110874_652630f9,1780111635.4143643,20.0,436.0,48.0,9.586321830749512,0.0,4.28461217880249,-58.06895446777344,-47.931610107421875,-26.427703857421875,16.290353775024414,91.89756624270467,9.586321830749512,23.283300399780273
run_1780110874_652630f9,1780111637.4109154,20.0,436.0,48.0,9.409448623657227,0.0,4.085629940032959,-56.94573974609375,-47.0472412109375,-26.645153045654297,16.746654510498047,88.53772340124488,9.409448623657227,23.283300399780273
run_1780110874_652630f9,1780111639.4160326,20.0,436.0,48.0,9.32103157043457,0.0,3.9861607551574707,-57.31163787841797,-46.60515594482422,-26.859766006469727,16.15328598022461,86.88162953703795,9.32103157043457,23.283300399780273
run_1780110874_652630f9,1780111641.4111507,20.0,436.0,48.0,9.144145965576172,0.0,3.787163496017456,-56.169044494628906,-45.72072982788086,-27.071136474609375,16.62281608581543,83.61540543976298,9.144145965576172,23.283300399780273
run_1780110874_652630f9,1780111643.4023154,20.0,436.0,48.0,9.055721282958984,0.0,3.68768572807312,-56.51692199707031,-45.27860641479492,-27.2796688079834,16.041349411010742,82.00608795463631,9.055721282958984,23.283300399780273
run_1780110874_652630f9,1780111645.4105864,20.0,436.0,48.0,8.878865242004395,0.0,3.4887235164642334,-55.358070373535156,-44.394325256347656,-27.48495864868164,16.52121353149414,78.83424798567376,8.878865242004395,23.283300399780273
run_1780110874_652630f9,1780111647.4037495,20.0,436.0,48.0,8.702033996582031,0.0,3.289788246154785,-54.24296188354492,-43.510169982910156,-27.68619728088379,16.95340347290039,75.72539567766944,8.702033996582031,23.283300399780273
run_1780110874_652630f9,1780111649.4027097,20.0,436.0,48.0,8.56939697265625,0.0,3.140571355819702,-53.8675422668457,-42.84698486328125,-27.884382247924805,16.86382484436035,73.4345644749701,8.56939697265625,23.283300399780273
run_1780110874_652630f9,1780111651.4118302,20.0,436.0,48.0,8.48099136352539,0.0,3.0411148071289062,-54.225486755371094,-42.40495681762695,-28.079683303833008,16.2591495513916,71.92721450819226,8.48099136352539,23.283300399780273
run_1780110874_652630f9,1780111653.4036431,20.0,436.0,48.0,8.304170608520508,0.0,2.842191696166992,-53.07475280761719,-41.52085494995117,-28.271739959716797,16.717838287353516,68.95924949541586,8.304170608520508,23.283300399780273
run_1780110874_652630f9,1780111655.4116428,20.0,436.0,48.0,8.215742111206055,0.0,2.7427096366882324,-53.41231918334961,-41.078712463378906,-28.460962295532227,16.127351760864258,67.49841843784452,8.215742111206055,23.283300399780273
run_1780110874_652630f9,1780111657.4071913,20.0,436.0,48.0,8.038980484008789,0.0,2.543853282928467,-52.243919372558594,-40.19490051269531,-28.646940231323242,16.597919464111328,64.62520722227418,8.038980484008789,23.283300399780273
run_1780110874_652630f9,1780111659.4056067,20.0,436.0,48.0,7.950559616088867,0.0,2.4443798065185547,-52.56410217285156,-39.75279998779297,-28.830081939697266,16.018779754638672,63.211398208983155,7.950559616088867,23.283300399780273
run_1780110874_652630f9,1780111661.4166596,20.0,436.0,48.0,7.7737717628479,0.0,2.2454934120178223,-51.359703063964844,-38.868858337402344,-29.010385513305664,16.519542694091797,60.43152742085135,7.7737717628479,23.283300399780273
run_1780110874_652630f9,1780111663.4120064,20.0,436.0,48.0,7.729557991027832,0.0,2.195753335952759,-52.389991760253906,-38.64779281616211,-29.18805503845215,15.445855140686035,59.746066736662215,7.729557991027832,23.283300399780273
run_1780110874_652630f9,1780111665.4072723,20.0,436.0,48.0,7.552798271179199,0.0,1.9968980550765991,-51.12633514404297,-37.76399230957031,-29.363292694091797,16.000947952270508,57.0447617251275,7.552798271179199,23.283300399780273
run_1780110874_652630f9,1780111667.4056606,20.0,436.0,48.0,7.464449882507324,0.0,1.8975062370300293,-51.379608154296875,-37.32225036621094,-29.535287857055664,15.477934837341309,55.718012048463606,7.464449882507324,23.283300399780273
run_1780110874_652630f9,1780111669.4026046,20.0,436.0,48.0,7.287662506103516,0.0,1.6986202001571655,-50.11248779296875,-36.43831253051758,-29.704444885253906,16.0302734375,53.110024802866974,7.287662506103516,23.283300399780273
run_1780110874_652630f9,1780111671.4106584,20.0,436.0,48.0,7.199294090270996,0.0,1.5992058515548706,-50.36214065551758,-35.9964714050293,-29.870361328125,15.50468635559082,51.82983539821089,7.199294090270996,23.283300399780273
run_1780110874_652630f9,1780111673.4054282,20.0,436.0,48.0,7.066725254058838,0.0,1.4500659704208374,-49.8354606628418,-35.33362579345703,-30.033641815185547,15.531806945800781,49.93860581635295,7.066725254058838,23.283300399780273
run_1780110874_652630f9,1780111675.403068,20.0,436.0,48.0,6.978363037109375,0.0,1.350658655166626,-50.0326042175293,-34.891815185546875,-30.194490432739258,15.053699493408203,48.69755067769438,6.978363037109375,23.283300399780273
run_1780110874_652630f9,1780111677.4151862,20.0,436.0,48.0,6.801617622375488,0.0,1.1518203020095825,-48.71452331542969,-34.008087158203125,-30.352502822875977,15.646071434020996,46.26200228100879,6.801617622375488,23.283300399780273
run_1780110874_652630f9,1780111679.4094582,20.0,436.0,48.0,6.713279724121094,0.0,1.0524399280548096,-48.9168815612793,-33.56639862060547,-30.507272720336914,15.15678596496582,45.06812465429539,6.713279724121094,23.283300399780273
run_1780110874_652630f9,1780111681.414953,20.0,436.0,48.0,6.536581993103027,0.0,0.8536547422409058,-47.603370666503906,-32.68291091918945,-30.659204483032227,15.738747596740723,42.726904152558745,6.536581993103027,23.283300399780273
run_1780110874_652630f9,1780111683.4061024,20.0,436.0,48.0,6.448222637176514,0.0,0.7542498707771301,-47.80813980102539,-32.24111557006836,-30.807893753051758,15.240867614746094,41.57957517859563,6.448222637176514,23.283300399780273
run_1780110874_652630f9,1780111685.4162822,20.0,436.0,48.0,6.227333068847656,0.0,0.5057496428489685,-45.75302505493164,-31.13666534423828,-30.95354461669922,16.33717918395996,38.77967715036357,6.227333068847656,23.283300399780273
run_1780110874_652630f9,1780111687.4069316,20.0,436.0,48.0,6.227333068847656,0.0,0.5057496428489685,-47.45423126220703,-31.13666534423828,-31.096357345581055,14.778785705566406,38.77967715036357,6.227333068847656,23.283300399780273
run_1780110874_652630f9,1780111689.4044666,20.0,436.0,48.0,6.050678253173828,0.0,0.30701321363449097,-46.09421920776367,-30.253393173217773,-31.23714256286621,15.396313667297363,36.61070732343069,6.050678253173828,23.283300399780273
run_1780110874_652630f9,1780111691.4156098,20.0,436.0,48.0,5.962317943572998,0.0,0.2076079398393631,-46.235252380371094,-29.81159019470215,-31.375091552734375,14.951433181762695,35.549235260252544,5.962317943572998,23.283300399780273
run_1780110874_652630f9,1780111693.4122047,20.0,436.0,48.0,5.785650253295898,0.0,0.00885683298110962,-44.88541030883789,-28.928253173828125,-31.509798049926758,15.552639961242676,33.473748853462894,5.785650253295898,23.283300399780273
run_1780110874_652630f9,1780111695.4092047,20.0,436.0,48.0,5.697328090667725,0.0,-0.09050619602203369,-45.03590393066406,-28.486642837524414,-31.64166831970215,15.09240436553955,32.45954737271154,5.697328090667725,23.283300399780273
run_1780110874_652630f9,1780111697.4036748,20.0,436.0,48.0,5.476510524749756,0.0,-0.33892518281936646,-42.950584411621094,-27.382553100585938,-31.770092010498047,16.20206069946289,29.992167527694846,5.476510524749756,23.283300399780273
run_1780110874_652630f9,1780111699.4144635,20.0,436.0,48.0,5.432346343994141,0.0,-0.3886098265647888,-43.888755798339844,-27.161731719970703,-31.895273208618164,15.168252944946289,29.510386801106506,5.432346343994141,23.283300399780273
run_1780110874_652630f9,1780111701.4081507,20.0,436.0,48.0,5.3440351486206055,0.0,-0.4879609942436218,-44.00419616699219,-26.72017478942871,-32.01883316040039,14.734808921813965,28.558711669692457,5.3440351486206055,23.283300399780273
run_1780110874_652630f9,1780111703.4129612,20.0,436.0,48.0,5.255739688873291,0.0,-0.5872930288314819,-44.066993713378906,-26.278697967529297,-32.14057159423828,14.352276802062988,27.622799677197918,5.255739688873291,23.283300399780273
run_1780110874_652630f9,1780111705.4093037,20.0,436.0,48.0,5.079100131988525,0.0,-0.7860120534896851,-42.64424514770508,-25.39550018310547,-32.259063720703125,15.010319709777832,25.797258150765856,5.079100131988525,23.283300399780273
run_1780110874_652630f9,1780111707.4044151,20.0,436.0,48.0,5.03494119644165,0.0,-0.8356907963752747,-43.45970916748047,-25.174707412719727,-32.375125885009766,14.090127944946289,25.350632851625278,5.03494119644165,23.283300399780273
run_1780110874_652630f9,1780111709.4153044,20.0,436.0,48.0,4.8141889572143555,0.0,-1.08403742313385,-41.26466369628906,-24.070945739746094,-32.48835372924805,15.294638633728027,23.176415315764643,4.8141889572143555,23.283300399780273
run_1780110874_652630f9,1780111711.4111683,20.0,436.0,48.0,4.725896835327148,0.0,-1.183365821838379,-41.368778228759766,-23.629484176635742,-32.59795379638672,14.858661651611328,22.334100898155157,4.725896835327148,23.283300399780273
run_1780110874_652630f9,1780111713.407565,20.0,436.0,48.0,4.725896835327148,0.0,-1.183365821838379,-42.894554138183594,-23.629484176635742,-32.70637512207031,13.441305160522461,22.334100898155157,4.725896835327148,23.283300399780273
run_1780110874_652630f9,1780111715.406973,20.0,436.0,48.0,4.593454360961914,0.0,-1.3323642015457153,-42.14569854736328,-22.96727180480957,-32.81236267089844,13.63393783569336,21.099822966240026,4.593454360961914,23.283300399780273
run_1780110874_652630f9,1780111717.4163113,20.0,436.0,48.0,4.505138397216797,0.0,-1.431719183921814,-42.12538146972656,-22.525691986083984,-32.91612243652344,13.316434860229492,20.29627197807713,4.505138397216797,23.283300399780273
run_1780110874_652630f9,1780111719.4090645,20.0,436.0,48.0,4.372720718383789,0.0,-1.580689549446106,-41.35995101928711,-21.863603591918945,-33.01704406738281,13.520696640014648,19.12068648098284,4.372720718383789,23.283300399780273
run_1780110874_652630f9,1780111721.406513,20.0,436.0,48.0,4.284426689147949,0.0,-1.6800205707550049,-41.324127197265625,-21.422134399414062,-33.11573791503906,13.213748931884766,18.356312054683258,4.284426689147949,23.283300399780273
run_1780110874_652630f9,1780111723.4040923,20.0,436.0,48.0,4.107860088348389,0.0,-1.8786572217941284,-39.8111572265625,-20.5393009185791,-33.21118927001953,13.939332962036133,16.87451450544563,4.107860088348389,23.283300399780273
run_1780110874_652630f9,1780111725.4028573,20.0,436.0,48.0,4.0196027755737305,0.0,-1.9779469966888428,-39.80976867675781,-20.09801483154297,-33.303802490234375,13.592044830322266,16.157206473400038,4.0196027755737305,23.283300399780273
run_1780110874_652630f9,1780111727.408824,20.0,436.0,48.0,3.931304693222046,0.0,-2.077282190322876,-39.73316955566406,-19.656524658203125,-33.39520263671875,13.318550109863281,15.455156590949684,3.931304693222046,23.283300399780273
run_1780110874_652630f9,1780111729.416516,20.0,436.0,48.0,3.843038320541382,0.0,-2.176582098007202,-39.668373107910156,-19.215192794799805,-33.483760833740234,13.030579566955566,14.768943533149525,3.843038320541382,23.283300399780273
run_1780110874_652630f9,1780111731.408374,20.0,436.0,48.0,3.7106361389160156,0.0,-2.3255343437194824,-38.83147430419922,-18.553180694580078,-33.570091247558594,13.29179859161377,13.768820555429556,3.7106361389160156,23.283300399780273
run_1780110874_652630f9,1780111733.4094796,20.0,436.0,48.0,3.6664979457855225,0.0,-2.3751895427703857,-39.47168731689453,-18.332490921020508,-33.654396057128906,12.51519775390625,13.443207186449456,3.6664979457855225,23.283300399780273
run_1780110874_652630f9,1780111735.4031594,20.0,436.0,48.0,3.4899845123291016,0.0,-2.57376766204834,-37.908016204833984,-17.449922561645508,-33.73505401611328,13.276956558227539,12.179991896296997,3.4899845123291016,23.283300399780273
run_1780110874_652630f9,1780111737.4142015,20.0,436.0,48.0,3.445863723754883,0.0,-2.623403549194336,-38.54203796386719,-17.229318618774414,-33.814292907714844,12.501575469970703,11.873976802689867,3.445863723754883,23.283300399780273
run_1780110874_652630f9,1780111739.411039,20.0,436.0,48.0,3.2693350315093994,0.0,-2.821998357772827,-36.9425163269043,-16.346675872802734,-33.8904914855957,13.294651985168457,10.688551548254566,3.2693350315093994,23.283300399780273
run_1780110874_652630f9,1780111741.4061992,20.0,436.0,48.0,3.181072950363159,0.0,-2.921293020248413,-36.84081268310547,-15.905364990234375,-33.96426010131836,13.028809547424316,10.119225115532174,3.181072950363159,23.283300399780273
run_1780110874_652630f9,1780111743.4160454,20.0,436.0,48.0,3.048701286315918,0.0,-3.070211410522461,-35.98905944824219,-15.24350643157959,-34.0353889465332,13.289840698242188,9.294579533184333,3.048701286315918,23.283300399780273
run_1780110874_652630f9,1780111745.4116235,20.0,436.0,48.0,3.0045735836029053,0.0,-3.119854688644409,-36.60431671142578,-15.022868156433105,-34.104698181152344,12.523253440856934,9.027462419284404,3.0045735836029053,23.283300399780273
run_1780110874_652630f9,1780111747.4098146,20.0,436.0,48.0,2.8280842304229736,0.0,-3.3184049129486084,-34.997344970703125,-14.140420913696289,-34.1707649230957,13.313843727111816,7.998060414367103,2.8280842304229736,23.283300399780273
run_1780110874_652630f9,1780111749.6098363,1.0,6.0,2.0,2.7839462757110596,0.0,-3.368060350418091,-100.0,-100.0,-34.177249908447266,10.45423698425293,7.750356866045479,2.7839462757110596,23.283300399780273
run_1780110874_652630f9,1780111751.412919,1.0,6.0,2.0,2.651620626449585,0.0,-3.5169270038604736,-100.0,-100.0,-34.177249908447266,10.684922218322754,7.031091946612889,2.651620626449585,23.283300399780273
run_1780110874_652630f9,1780111753.4070432,1.0,6.0,2.0,2.5633790493011475,0.0,-3.616198778152466,-100.0,-100.0,-34.177249908447266,10.500773429870605,6.570912150396055,2.5633790493011475,23.283300399780273
run_1780110874_652630f9,1780111755.4055974,1.0,6.0,2.0,2.431035280227661,0.0,-3.765084981918335,-100.0,-100.0,-34.177249908447266,10.727189064025879,5.909932533711583,2.431035280227661,23.283300399780273
run_1780110874_652630f9,1780111757.403843,1.0,6.0,2.0,2.3428285121917725,0.0,-3.8643181324005127,-100.0,-100.0,-34.177249908447266,10.538675308227539,5.488845437538714,2.3428285121917725,23.283300399780273
run_1780110874_652630f9,1780111759.4111924,1.0,6.0,2.0,2.2104506492614746,0.0,-4.013243198394775,-100.0,-100.0,-34.177249908447266,10.786650657653809,4.886092072820475,2.2104506492614746,23.283300399780273
run_1780110874_652630f9,1780111761.4094138,1.0,6.0,2.0,2.122250556945801,0.0,-4.1124677658081055,-100.0,-100.0,-34.177249908447266,10.592401504516602,4.503947426456762,2.122250556945801,23.283300399780273
run_1780110874_652630f9,1780111763.403581,1.0,6.0,2.0,1.9899277687072754,0.0,-4.261331081390381,-100.0,-100.0,-34.177249908447266,10.809883117675781,3.9598125246723157,1.9899277687072754,23.283300399780273
run_1780110874_652630f9,1780111765.4131758,1.0,6.0,2.0,1.9458293914794922,0.0,-4.310941696166992,-100.0,-100.0,-34.177249908447266,10.196060180664062,3.786252020745451,1.9458293914794922,23.283300399780273
run_1780110874_652630f9,1780111767.4081478,1.0,6.0,2.0,1.7693910598754883,0.0,-4.509435176849365,-100.0,-100.0,-34.177249908447266,10.894522666931152,3.1307447227673038,1.7693910598754883,23.283300399780273
run_1780110874_652630f9,1780111769.4171658,1.0,6.0,2.0,1.7252821922302246,0.0,-4.559057712554932,-100.0,-100.0,-34.177249908447266,10.272726058959961,2.9765986428267297,1.7252821922302246,23.283300399780273
run_1780110874_652630f9,1780111771.4109788,1.0,6.0,2.0,1.5929765701293945,0.0,-4.707901477813721,-100.0,-100.0,-34.177249908447266,10.529155731201172,2.53757435298121,1.5929765701293945,23.283300399780273
run_1780110874_652630f9,1780111773.415912,1.0,6.0,2.0,1.5488848686218262,0.0,-4.757504463195801,-100.0,-100.0,-34.177249908447266,9.942047119140625,2.3990443362456517,1.5488848686218262,23.283300399780273
run_1780110874_652630f9,1780111775.4115064,1.0,6.0,2.0,1.3724846839904785,0.0,-4.9559550285339355,-100.0,-100.0,-34.177249908447266,10.664397239685059,1.8837142077884437,1.3724846839904785,23.283300399780273
run_1780110874_652630f9,1780111777.4077632,1.0,6.0,2.0,1.3283824920654297,0.0,-5.0055694580078125,-100.0,-100.0,-34.177249908447266,10.06448745727539,1.7646000452259614,1.3283824920654297,23.283300399780273
run_1780110874_652630f9,1780111779.4059567,1.0,6.0,2.0,1.1960945129394531,0.0,-5.154393672943115,-100.0,-100.0,-42.15121841430664,10.34062385559082,1.4306420838838676,1.1960945129394531,23.283300399780273
run_1780110874_652630f9,1780111781.4026318,1.0,6.0,2.0,1.1078968048095703,0.0,-5.2536163330078125,-100.0,-100.0,-80.25704956054688,10.188899993896484,1.2274353301072551,1.1078968048095703,23.283300399780273
run_1780110874_652630f9,1780111783.4161332,1.0,6.0,2.0,0.9756040573120117,0.0,-5.4024457931518555,-100.0,-97.56040954589844,-100.0,10.48669147491455,0.951803276643659,0.9756040573120117,23.283300399780273
run_1780110874_652630f9,1780111785.41034,1.0,6.0,2.0,0.9315223693847656,0.0,-5.452037334442139,-100.0,-93.15223693847656,-100.0,9.903539657592773,0.8677339246642077,0.9315223693847656,23.283300399780273
run_1780110874_652630f9,1780111787.4027407,1.0,6.0,2.0,0.7551732063293457,0.0,-5.650430202484131,-100.0,-75.51731872558594,-100.0,10.62907600402832,0.5702865715577445,0.7551732063293457,23.283300399780273
run_1780110874_652630f9,1780111789.4132097,1.0,6.0,2.0,0.7110810279846191,0.0,-5.700033664703369,-100.0,-71.10810089111328,-100.0,10.032441139221191,0.5056362283596627,0.7110810279846191,23.283300399780273
run_1780110874_652630f9,1780111791.4075165,1.0,6.0,2.0,0.578819751739502,0.0,-5.848827838897705,-100.0,-57.88197326660156,-100.0,10.311384201049805,0.3350323050037787,0.578819751739502,23.283300399780273
run_1780110874_652630f9,1780111793.4042451,1.0,6.0,2.0,0.49062681198120117,0.0,-5.948044776916504,-100.0,-49.06268310546875,-100.0,10.162402153015137,0.24071466863483693,0.49062681198120117,23.283300399780273
run_1780110874_652630f9,1780111795.4157395,1.0,6.0,2.0,0.35839080810546875,0.0,-6.096810340881348,-100.0,-35.839080810546875,-100.0,10.470293045043945,0.12844397133449093,0.35839080810546875,23.283300399780273
run_1780110874_652630f9,1780111797.4129438,1.0,6.0,2.0,0.2702336311340332,0.0,-6.195987224578857,-100.0,-27.02336311340332,-100.0,10.305818557739258,0.07302621539588472,0.2702336311340332,23.283300399780273
run_1780110874_652630f9,1780111799.4114168,1.0,6.0,2.0,0.13799333572387695,0.0,-6.344757556915283,-100.0,-13.799333572387695,-100.0,10.60007095336914,0.019042160704202615,0.13799333572387695,23.283300399780273
run_1780110874_652630f9,1780111801.4148617,1.0,6.0,2.0,0.04982709884643555,0.0,-6.443944454193115,-94.55941009521484,-4.982709884643555,-100.0,10.423301696777344,0.0024827397794524586,0.04982709884643555,23.283300399780273
run_1780110874_652630f9,1780111803.4074368,1.0,6.0,2.0,-0.038336753845214844,0.0,-6.543128967285156,-85.12667083740234,3.8336753845214844,-99.23250579833984,10.272157669067383,0.001469706695388595,0.038336753845214844,23.283300399780273
run_1780110874_652630f9,1780111805.4128418,1.0,6.0,2.0,-0.12648344039916992,0.0,-6.642293930053711,-67.32610321044922,12.648344039916992,-90.1009292602539,10.126482963562012,0.01599806069521037,0.12648344039916992,23.283300399780273
run_1780110874_652630f9,1780111807.4100215,1.0,6.0,2.0,-0.25869035720825195,0.0,-6.791026592254639,-35.839176177978516,25.869035720825195,-72.14572143554688,10.437511444091797,0.066920700912533,0.25869035720825195,23.283300399780273
run_1780110874_652630f9,1780111809.4081395,1.0,6.0,2.0,-0.3468303680419922,0.0,-6.89018440246582,4.001923084259033,34.68303680419922,-40.95711135864258,10.275997161865234,0.12029130419614376,0.3468303680419922,23.283300399780273
run_1780110874_652630f9,1780111811.403625,1.0,6.0,2.0,-0.47905588150024414,0.0,-7.038938045501709,57.534385681152344,47.90558624267578,-0.9441437125205994,10.572940826416016,0.22949453759997596,0.47905588150024414,23.283300399780273
run_1780110874_652630f9,1780111813.4130313,1.0,6.0,2.0,-0.5231304168701172,0.0,-7.088521957397461,79.7996597290039,52.31304168701172,17.505125045776367,9.981493949890137,0.2736654330547026,0.5231304168701172,23.283300399780273
run_1780110874_652630f9,1780111815.407112,1.0,6.0,2.0,-0.6553487777709961,0.0,-7.23726749420166,100.0,65.53488159179688,37.58719253540039,10.281124114990234,0.4294820205259384,0.6553487777709961,23.283300399780273
run_1780110874_652630f9,1780111817.403441,1.0,6.0,2.0,-0.6994061470031738,0.0,-7.286831855773926,100.0,69.94061279296875,60.31330108642578,9.717351913452148,0.4891689584658252,0.6994061470031738,23.283300399780273
run_1780110874_652630f9,1780111819.4153852,1.0,6.0,2.0,-0.6994061470031738,0.0,-7.286831855773926,100.0,69.94061279296875,84.50823211669922,8.76507568359375,0.4891689584658252,0.6994061470031738,23.283300399780273
run_1780110874_652630f9,1780111821.4096973,1.0,6.0,2.0,-0.6553487777709961,0.0,-7.23726749420166,100.0,65.53488159179688,100.0,7.503598213195801,0.4294820205259384,0.6553487777709961,23.283300399780273
run_1780110874_652630f9,1780111823.4077423,1.0,6.0,2.0,-0.5231304168701172,0.0,-7.088521957397461,100.0,52.31304168701172,100.0,5.510729789733887,0.2736654330547026,0.5231304168701172,23.283300399780273
run_1780110874_652630f9,1780111825.4180243,1.0,6.0,2.0,-0.39092063903808594,0.0,-6.939785957336426,100.0,39.092063903808594,100.0,3.708552598953247,0.15281894602594548,0.39092063903808594,23.283300399780273
run_1780110874_652630f9,1780111827.413117,1.0,6.0,2.0,-0.12648344039916992,0.0,-6.642293930053711,100.0,12.648344039916992,100.0,0.800586462020874,0.01599806069521037,0.12648344039916992,23.283300399780273
run_1780110874_652630f9,1780111829.4095178,1.0,6.0,2.0,0.04982709884643555,0.0,-6.443944454193115,92.04410552978516,-4.982709884643555,98.00491333007812,-0.9780941605567932,0.0024827397794524586,0.04982709884643555,23.283300399780273
run_1780110874_652630f9,1780111831.407525,1.0,6.0,2.0,0.44655275344848633,0.0,-5.997628211975098,25.13737678527832,-44.6552734375,74.48408508300781,-4.691432952880859,0.19940936161242462,0.44655275344848633,23.283300399780273
run_1780110874_652630f9,1780111833.4069853,1.0,6.0,2.0,0.6229124069213867,0.0,-5.79922342300415,-45.515316009521484,-62.29124069213867,22.722631454467773,-5.946706771850586,0.3880198666965953,0.6229124069213867,23.283300399780273
run_1780110874_652630f9,1780111835.4045339,1.0,6.0,2.0,1.0637993812561035,0.0,-5.303225994110107,-100.0,-100.0,-22.153148651123047,-9.59575366973877,1.1316691235608687,1.0637993812561035,23.283300399780273
run_1780110874_652630f9,1780111837.417704,1.0,6.0,2.0,1.2842812538146973,0.0,-5.055183410644531,-100.0,-100.0,-43.42914581298828,-10.80921745300293,1.6493783388998509,1.2842812538146973,23.283300399780273
run_1780110874_652630f9,1780111839.4147046,1.0,6.0,2.0,1.637068271636963,0.0,-4.658298015594482,-100.0,-100.0,-43.42914581298828,-13.151900291442871,2.679992526000433,1.637068271636963,23.283300399780273
run_1780110874_652630f9,1780111841.411098,1.0,6.0,2.0,1.7693910598754883,0.0,-4.509435176849365,-100.0,-100.0,-43.42914581298828,-13.174949645996094,3.1307447227673038,1.7693910598754883,23.283300399780273
run_1780110874_652630f9,1780111843.4059854,1.0,6.0,2.0,2.0340394973754883,0.0,-4.211705684661865,-100.0,-100.0,-43.42914581298828,-14.44908332824707,4.137316676883529,2.0340394973754883,23.283300399780273
run_1780110874_652630f9,1780111845.4167788,1.0,6.0,2.0,2.122250556945801,0.0,-4.1124677658081055,-100.0,-100.0,-43.42914581298828,-13.922489166259766,4.503947426456762,2.122250556945801,23.283300399780273
run_1780110874_652630f9,1780111847.4117389,1.0,6.0,2.0,2.166349411010742,0.0,-4.062856674194336,-100.0,-100.0,-43.42914581298828,-13.003477096557617,4.69306977058659,2.166349411010742,23.283300399780273
run_1780110874_652630f9,1780111849.407899,1.0,6.0,2.0,2.2986812591552734,0.0,-3.9139833450317383,-100.0,-100.0,-43.42914581298828,-12.991049766540527,5.283935531191673,2.2986812591552734,23.283300399780273
run_1780110874_652630f9,1780111851.405189,1.0,6.0,2.0,2.2986812591552734,0.0,-3.9139833450317383,-100.0,-100.0,-43.42914581298828,-11.751840591430664,5.283935531191673,2.2986812591552734,23.283300399780273
run_1780110874_652630f9,1780111853.403014,1.0,6.0,2.0,2.3428285121917725,0.0,-3.8643181324005127,-100.0,-100.0,-43.42914581298828,-11.032205581665039,5.488845437538714,2.3428285121917725,23.283300399780273
run_1780110874_652630f9,1780111855.4143972,1.0,6.0,2.0,2.3428285121917725,0.0,-3.8643181324005127,-100.0,-100.0,-43.42914581298828,-9.97984790802002,5.488845437538714,2.3428285121917725,23.283300399780273
run_1780110874_652630f9,1780111857.4100833,1.0,6.0,2.0,2.3428285121917725,0.0,-3.8643181324005127,-100.0,-100.0,-43.42914581298828,-9.027876853942871,5.488845437538714,2.3428285121917725,23.283300399780273
run_1780110874_652630f9,1780111859.4080336,1.0,6.0,2.0,2.3428285121917725,0.0,-3.8643181324005127,-100.0,-100.0,-43.42914581298828,-8.166712760925293,5.488845437538714,2.3428285121917725,23.283300399780273
run_1780110874_652630f9,1780111861.4108253,1.0,6.0,2.0,2.2986812591552734,0.0,-3.9139833450317383,-100.0,-100.0,-43.42914581298828,-6.986326694488525,5.283935531191673,2.2986812591552734,23.283300399780273
run_1780110874_652630f9,1780111863.4042525,1.0,6.0,2.0,2.254566192626953,0.0,-3.9636125564575195,-100.0,-100.0,-43.42914581298828,-5.910708904266357,5.0830687169363955,2.254566192626953,23.283300399780273
run_1780110874_652630f9,1780111865.4034212,1.0,6.0,2.0,2.166349411010742,0.0,-4.062856674194336,-100.0,-100.0,-43.42914581298828,-4.5200042724609375,4.69306977058659,2.166349411010742,23.283300399780273
run_1780110874_652630f9,1780111867.4164164,1.0,6.0,2.0,2.122250556945801,0.0,-4.1124677658081055,-100.0,-100.0,-43.42914581298828,-3.6797962188720703,4.503947426456762,2.122250556945801,23.283300399780273
run_1780110874_652630f9,1780111869.416417,1.0,6.0,2.0,2.0340394973754883,0.0,-4.211705684661865,-100.0,-100.0,-43.42914581298828,-2.5019514560699463,4.137316676883529,2.0340394973754883,23.283300399780273
run_1780110874_652630f9,1780111871.4026513,1.0,6.0,2.0,1.9899277687072754,0.0,-4.261331081390381,-100.0,-100.0,-43.42914581298828,-1.8541253805160522,3.9598125246723157,1.9899277687072754,23.283300399780273
run_1780110874_652630f9,1780111873.413442,1.0,6.0,2.0,1.901719093322754,0.0,-4.360566139221191,-100.0,-100.0,-43.42914581298828,-0.850445032119751,3.616535509908317,1.901719093322754,23.283300399780273
run_1780110874_652630f9,1780111875.4122615,1.0,6.0,2.0,1.8134989738464355,0.0,-4.459813594818115,-100.0,-100.0,-43.42914581298828,0.0655527412891388,3.2887785281420747,1.8134989738464355,23.283300399780273
run_1780110874_652630f9,1780111877.4056287,1.0,6.0,2.0,1.7252821922302246,0.0,-4.559057712554932,-100.0,-100.0,-43.42914581298828,0.8861889839172363,2.9765986428267297,1.7252821922302246,23.283300399780273
run_1780110874_652630f9,1780111879.413821,1.0,6.0,2.0,1.6811747550964355,0.0,-4.608678340911865,-100.0,-100.0,-43.42914581298828,1.219068169593811,2.82634855717356,1.6811747550964355,23.283300399780273
run_1780110874_652630f9,1780111881.4059064,1.0,6.0,2.0,1.5488848686218262,0.0,-4.757504463195801,-100.0,-100.0,-43.42914581298828,2.3552064895629883,2.3990443362456517,1.5488848686218262,23.283300399780273
run_1780110874_652630f9,1780111883.4138637,1.0,6.0,2.0,1.504781723022461,0.0,-4.8071208000183105,-100.0,-100.0,-43.42914581298828,2.5479159355163574,2.2643680339424463,1.504781723022461,23.283300399780273
run_1780110874_652630f9,1780111885.4098635,1.0,6.0,2.0,1.3724846839904785,0.0,-4.9559550285339355,-100.0,-100.0,-43.42914581298828,3.5325076580047607,1.8837142077884437,1.3724846839904785,23.283300399780273
run_1780110874_652630f9,1780111887.4040906,1.0,6.0,2.0,1.3283824920654297,0.0,-5.0055694580078125,-100.0,-100.0,-43.42914581298828,3.6129064559936523,1.7646000452259614,1.3283824920654297,23.283300399780273
run_1780110874_652630f9,1780111889.4034734,1.0,6.0,2.0,1.240194320678711,0.0,-5.104781150817871,-100.0,-100.0,-43.42914581298828,4.0948896408081055,1.5380819530437293,1.240194320678711,23.283300399780273
run_1780110874_652630f9,1780111891.4181626,1.0,6.0,2.0,1.1519956588745117,0.0,-5.204005241394043,-100.0,-100.0,-66.46903991699219,4.538951396942139,1.3270939980657204,1.1519956588745117,23.283300399780273
run_1780110874_652630f9,1780111893.4144955,1.0,6.0,2.0,1.0637993812561035,0.0,-5.303225994110107,-100.0,-100.0,-100.0,4.932678699493408,1.1316691235608687,1.0637993812561035,23.283300399780273
run_1780110874_652630f9,1780111895.410586,1.0,6.0,2.0,1.0197148323059082,0.0,-5.352820873260498,-100.0,-100.0,-100.0,4.879349708557129,1.0398183392246665,1.0197148323059082,23.283300399780273
run_1780110874_652630f9,1780111897.4051545,1.0,6.0,2.0,0.8874416351318359,0.0,-5.501628398895264,-100.0,-88.7441635131836,-100.0,5.6413254737854,0.7875526557654666,0.8874416351318359,23.283300399780273
run_1780110874_652630f9,1780111899.4046566,1.0,6.0,2.0,0.8433465957641602,0.0,-5.551235198974609,-100.0,-84.33465576171875,-100.0,5.5204973220825195,0.7112334805869978,0.8433465957641602,23.283300399780273
run_1780110874_652630f9,1780111901.4036648,1.0,6.0,2.0,0.7551732063293457,0.0,-5.650430202484131,-100.0,-75.51731872558594,-100.0,5.829007148742676,0.5702865715577445,0.7551732063293457,23.283300399780273
run_1780110874_652630f9,1780111903.4029841,1.0,6.0,2.0,0.6670031547546387,0.0,-5.749621391296387,-100.0,-66.7003173828125,-100.0,6.107382774353027,0.44489320845264047,0.6670031547546387,23.283300399780273
run_1780110874_652630f9,1780111905.4095378,1.0,6.0,2.0,0.578819751739502,0.0,-5.848827838897705,-100.0,-57.88197326660156,-100.0,6.360002040863037,0.3350323050037787,0.578819751739502,23.283300399780273
run_1780110874_652630f9,1780111907.4059439,1.0,6.0,2.0,0.49062681198120117,0.0,-5.948044776916504,-100.0,-49.06268310546875,-100.0,6.587942123413086,0.24071466863483693,0.49062681198120117,23.283300399780273
run_1780110874_652630f9,1780111909.4172843,1.0,6.0,2.0,0.4024643898010254,0.0,-6.047227382659912,-100.0,-40.246437072753906,-100.0,6.79452657699585,0.1619775850579117,0.4024643898010254,23.283300399780273
run_1780110874_652630f9,1780111911.4097102,1.0,6.0,2.0,0.3143186569213867,0.0,-6.14639139175415,-100.0,-31.431865692138672,-100.0,6.980570316314697,0.09879621808886441,0.3143186569213867,23.283300399780273
run_1780110874_652630f9,1780111913.4056125,1.0,6.0,2.0,0.22616147994995117,0.0,-6.24556827545166,-100.0,-22.616147994995117,-100.0,7.1496429443359375,0.051149015013152166,0.22616147994995117,23.283300399780273
run_1780110874_652630f9,1780111915.4166086,1.0,6.0,2.0,0.13799333572387695,0.0,-6.344757556915283,-100.0,-13.799333572387695,-100.0,7.302023410797119,0.019042160704202615,0.13799333572387695,23.283300399780273
run_1780110874_652630f9,1780111917.4082701,1.0,6.0,2.0,0.04982709884643555,0.0,-6.443944454193115,-97.54217529296875,-4.982709884643555,-100.0,7.440532684326172,0.0024827397794524586,0.04982709884643555,23.283300399780273
run_1780110874_652630f9,1780111919.4057398,1.0,6.0,2.0,0.005744457244873047,0.0,-6.493537425994873,-93.42648315429688,-0.5744457244873047,-100.0,7.147963523864746,3.2998789038174436e-05,0.005744457244873047,23.283300399780273
run_1780110874_652630f9,1780111921.416992,1.0,6.0,2.0,-0.12648344039916992,0.0,-6.642293930053711,-67.02239227294922,12.648344039916992,-87.33901977539062,7.668279647827148,0.01599806069521037,0.12648344039916992,23.283300399780273
run_1780110874_652630f9,1780111923.4094274,1.0,6.0,2.0,-0.21464109420776367,0.0,-6.741471290588379,-40.14808654785156,21.464109420776367,-69.38328552246094,7.77108907699585,0.04607079932270608,0.21464109420776367,23.283300399780273
run_1780110874_652630f9,1780111925.4177923,1.0,6.0,2.0,-0.3468303680419922,0.0,-6.89018440246582,1.2577377557754517,34.68303680419922,-41.72383117675781,8.298530578613281,0.12029130419614376,0.3468303680419922,23.283300399780273
run_1780110874_652630f9,1780111927.4172199,1.0,6.0,2.0,-0.39092063903808594,0.0,-6.939785957336426,42.65823745727539,39.092063903808594,-4.35801887512207,7.924190044403076,0.15281894602594548,0.39092063903808594,23.283300399780273
run_1780110874_652630f9,1780111929.4100885,1.0,6.0,2.0,-0.5231304168701172,0.0,-7.088521957397461,75.96487426757812,52.31304168701172,15.23184585571289,8.419984817504883,0.2736654330547026,0.5231304168701172,23.283300399780273
run_1780110874_652630f9,1780111931.4055343,1.0,6.0,2.0,-0.567204475402832,0.0,-7.1381049156188965,98.30535888671875,56.7204475402832,33.55100631713867,8.033904075622559,0.3217209169170019,0.567204475402832,23.283300399780273
run_1780110874_652630f9,1780111933.4169745,1.0,6.0,2.0,-0.6553487777709961,0.0,-7.23726749420166,100.0,65.53488159179688,53.92691421508789,8.11049747467041,0.4294820205259384,0.6553487777709961,23.283300399780273
run_1780110874_652630f9,1780111935.4129548,1.0,6.0,2.0,-0.6553487777709961,0.0,-7.23726749420166,100.0,65.53488159179688,75.77189636230469,7.336841583251953,0.4294820205259384,0.6553487777709961,23.283300399780273
run_1780110874_652630f9,1780111937.4073164,1.0,6.0,2.0,-0.567204475402832,0.0,-7.1381049156188965,100.0,56.7204475402832,97.02925109863281,5.7686967849731445,0.3217209169170019,0.567204475402832,23.283300399780273
run_1780110874_652630f9,1780111939.4047692,1.0,6.0,2.0,-0.5231304168701172,0.0,-7.088521957397461,100.0,52.31304168701172,100.0,4.801327705383301,0.2736654330547026,0.5231304168701172,23.283300399780273
run_1780110874_652630f9,1780111941.4158201,1.0,6.0,2.0,-0.3027677536010742,0.0,-6.84061336517334,100.0,30.276775360107422,100.0,2.2232792377471924,0.09166831262064079,0.3027677536010742,23.283300399780273
run_1780110874_652630f9,1780111943.4088879,1.0,6.0,2.0,-0.170562744140625,0.0,-6.691883087158203,100.0,17.0562744140625,100.0,0.7600747346878052,0.029091649688780308,0.170562744140625,23.283300399780273
run_1780110874_652630f9,1780111945.40575,1.0,6.0,2.0,0.09392404556274414,0.0,-6.3943352699279785,86.88545227050781,-9.392404556274414,98.11964416503906,-1.8417812585830688,0.008821726334872437,0.09392404556274414,23.283300399780273
run_1780110874_652630f9,1780111947.416865,1.0,6.0,2.0,0.35839080810546875,0.0,-6.096810340881348,32.82597732543945,-35.839080810546875,72.83394622802734,-4.168885231018066,0.12844397133449093,0.35839080810546875,23.283300399780273
run_1780110874_652630f9,1780111949.4150517,1.0,6.0,2.0,0.7992668151855469,0.0,-5.60082483291626,-73.0204086303711,-79.92668151855469,14.89367961883545,-7.9874114990234375,0.6388274418568471,0.7992668151855469,23.283300399780273
run_1780110874_652630f9,1780111951.4117713,1.0,6.0,2.0,1.0197148323059082,0.0,-5.352820873260498,-100.0,-100.0,-26.83040428161621,-9.311714172363281,1.0398183392246665,1.0197148323059082,23.283300399780273
run_1780110874_652630f9,1780111953.4102902,1.0,6.0,2.0,1.4165730476379395,0.0,-4.906355381011963,-100.0,-100.0,-33.62850570678711,-12.206032752990723,2.00667919929424,1.4165730476379395,23.283300399780273
run_1780110874_652630f9,1780111955.408554,1.0,6.0,2.0,1.5929765701293945,0.0,-4.707901477813721,-100.0,-100.0,-33.62850570678711,-12.744916915893555,2.53757435298121,1.5929765701293945,23.283300399780273
run_1780110874_652630f9,1780111957.4043162,1.0,6.0,2.0,1.901719093322754,0.0,-4.360566139221191,-100.0,-100.0,-33.62850570678711,-14.469079971313477,3.616535509908317,1.901719093322754,23.283300399780273
run_1780110874_652630f9,1780111959.414651,1.0,6.0,2.0,2.0340394973754883,0.0,-4.211705684661865,-100.0,-100.0,-33.62850570678711,-14.366461753845215,4.137316676883529,2.0340394973754883,23.283300399780273
run_1780110874_652630f9,1780111961.4097292,1.0,6.0,2.0,2.2104506492614746,0.0,-4.013243198394775,-100.0,-100.0,-33.62850570678711,-14.68310832977295,4.886092072820475,2.2104506492614746,23.283300399780273
run_1780110874_652630f9,1780111963.4174807,1.0,6.0,2.0,2.2986812591552734,0.0,-3.9139833450317383,-100.0,-100.0,-33.62850570678711,-14.134380340576172,5.283935531191673,2.2986812591552734,23.283300399780273
run_1780110874_652630f9,1780111965.4099894,1.0,6.0,2.0,2.386930227279663,0.0,-3.8147032260894775,-100.0,-100.0,-33.62850570678711,-13.630043029785156,5.697435909901344,2.386930227279663,23.283300399780273
run_1780110874_652630f9,1780111967.417887,1.0,6.0,2.0,2.386930227279663,0.0,-3.8147032260894775,-100.0,-100.0,-33.62850570678711,-12.329880714416504,5.697435909901344,2.386930227279663,23.283300399780273
run_1780110874_652630f9,1780111969.4115057,1.0,6.0,2.0,2.431035280227661,0.0,-3.765084981918335,-100.0,-100.0,-33.62850570678711,-11.58820915222168,5.909932533711583,2.431035280227661,23.283300399780273
run_1780110874_652630f9,1780111971.4070811,1.0,6.0,2.0,2.431035280227661,0.0,-3.765084981918335,-100.0,-100.0,-33.62850570678711,-10.482816696166992,5.909932533711583,2.431035280227661,23.283300399780273
run_1780110874_652630f9,1780111973.4039173,1.0,6.0,2.0,2.386930227279663,0.0,-3.8147032260894775,-100.0,-100.0,-33.62850570678711,-9.073762893676758,5.697435909901344,2.386930227279663,23.283300399780273
run_1780110874_652630f9,1780111975.4136674,1.0,6.0,2.0,2.386930227279663,0.0,-3.8147032260894775,-100.0,-100.0,-33.62850570678711,-8.208221435546875,5.697435909901344,2.386930227279663,23.283300399780273
run_1780110874_652630f9,1780111977.417741,1.0,6.0,2.0,2.2986812591552734,0.0,-3.9139833450317383,-100.0,-100.0,-33.62850570678711,-6.58128547668457,5.283935531191673,2.2986812591552734,23.283300399780273
run_1780110874_652630f9,1780111979.410447,1.0,6.0,2.0,2.2104506492614746,0.0,-4.013243198394775,-100.0,-100.0,-33.62850570678711,-5.101617336273193,4.886092072820475,2.2104506492614746,23.283300399780273
run_1780110874_652630f9,1780111981.4165907,1.0,6.0,2.0,2.254566192626953,0.0,-3.9636125564575195,-100.0,-100.0,-33.62850570678711,-5.024178504943848,5.0830687169363955,2.254566192626953,23.283300399780273
run_1780110874_652630f9,1780111983.4040525,1.0,6.0,2.0,2.166349411010742,0.0,-4.062856674194336,-100.0,-100.0,-33.62850570678711,-3.7180395126342773,4.69306977058659,2.166349411010742,23.283300399780273
run_1780110874_652630f9,1780111985.4112918,1.0,6.0,2.0,2.0781373977661133,0.0,-4.162095546722412,-100.0,-100.0,-33.62850570678711,-2.545151472091675,4.318655043994113,2.0781373977661133,23.283300399780273
run_1780110874_652630f9,1780111987.416656,1.0,6.0,2.0,1.9899277687072754,0.0,-4.261331081390381,-100.0,-100.0,-33.62850570678711,-1.4755446910858154,3.9598125246723157,1.9899277687072754,23.283300399780273
run_1780110874_652630f9,1780111989.4088576,1.0,6.0,2.0,1.9458293914794922,0.0,-4.310941696166992,-100.0,-100.0,-33.62850570678711,-0.9257508516311646,3.786252020745451,1.9458293914794922,23.283300399780273
run_1780110874_652630f9,1780111991.4176764,1.0,6.0,2.0,1.8575944900512695,0.0,-4.410206317901611,-100.0,-100.0,-33.62850570678711,-0.010381028056144714,3.450657289468836,1.8575944900512695,23.283300399780273
run_1780110874_652630f9,1780111993.4110093,1.0,6.0,2.0,1.7693910598754883,0.0,-4.509435176849365,-100.0,-100.0,-33.62850570678711,0.8087560534477234,3.1307447227673038,1.7693910598754883,23.283300399780273
run_1780110874_652630f9,1780111995.4067576,1.0,6.0,2.0,1.6811747550964355,0.0,-4.608678340911865,-100.0,-100.0,-33.62850570678711,1.5584936141967773,2.82634855717356,1.6811747550964355,23.283300399780273
run_1780110874_652630f9,1780111997.4162643,1.0,6.0,2.0,1.5929765701293945,0.0,-4.707901477813721,-100.0,-100.0,-33.62850570678711,2.227928400039673,2.53757435298121,1.5929765701293945,23.283300399780273
run_1780110874_652630f9,1780111999.4135883,1.0,6.0,2.0,1.504781723022461,0.0,-4.8071208000183105,-100.0,-100.0,-33.62850570678711,2.86694598197937,2.2643680339424463,1.504781723022461,23.283300399780273
run_1780110874_652630f9,1780112001.4119277,1.0,6.0,2.0,1.460690975189209,0.0,-4.856722354888916,-100.0,-100.0,-33.62850570678711,3.00244140625,2.1336181249992023,1.460690975189209,23.283300399780273
run_1780110874_652630f9,1780112003.4186516,1.0,6.0,2.0,1.3283824920654297,0.0,-5.0055694580078125,-100.0,-100.0,-33.62850570678711,3.9437875747680664,1.7646000452259614,1.3283824920654297,23.283300399780273
run_1780110874_652630f9,1780112005.415819,1.0,6.0,2.0,1.2842812538146973,0.0,-5.055183410644531,-100.0,-100.0,-33.62850570678711,3.976661443710327,1.6493783388998509,1.2842812538146973,23.283300399780273
run_1780110874_652630f9,1780112007.4148657,1.0,6.0,2.0,1.1519956588745117,0.0,-5.204005241394043,-100.0,-100.0,-72.91032409667969,4.824867248535156,1.3270939980657204,1.1519956588745117,23.283300399780273
run_1780110874_652630f9,1780112009.4091387,1.0,6.0,2.0,1.0637993812561035,0.0,-5.303225994110107,-100.0,-100.0,-100.0,5.199275493621826,1.1316691235608687,1.0637993812561035,23.283300399780273
run_1780110874_652630f9,1780112011.4048846,1.0,6.0,2.0,0.9756040573120117,0.0,-5.4024457931518555,-100.0,-97.56040954589844,-100.0,5.530014991760254,0.951803276643659,0.9756040573120117,23.283300399780273
run_1780110874_652630f9,1780112013.4143877,1.0,6.0,2.0,0.8874416351318359,0.0,-5.501628398895264,-100.0,-88.7441635131836,-100.0,5.836838722229004,0.7875526557654666,0.8874416351318359,23.283300399780273
run_1780110874_652630f9,1780112015.4107783,1.0,6.0,2.0,0.7992668151855469,0.0,-5.60082483291626,-100.0,-79.92668151855469,-100.0,6.106556415557861,0.6388274418568471,0.7992668151855469,23.283300399780273
run_1780110874_652630f9,1780112017.407863,1.0,6.0,2.0,0.7110810279846191,0.0,-5.700033664703369,-100.0,-71.10810089111328,-100.0,6.3586039543151855,0.5056362283596627,0.7110810279846191,23.283300399780273
run_1780110874_652630f9,1780112019.4186213,1.0,6.0,2.0,0.578819751739502,0.0,-5.848827838897705,-100.0,-57.88197326660156,-100.0,7.0042243003845215,0.3350323050037787,0.578819751739502,23.283300399780273
run_1780110874_652630f9,1780112021.416195,1.0,6.0,2.0,0.5347304344177246,0.0,-5.898428440093994,-100.0,-53.473045349121094,-100.0,6.753335952758789,0.2859366374925685,0.5347304344177246,23.283300399780273
run_1780110874_652630f9,1780112023.4135327,1.0,6.0,2.0,0.44655275344848633,0.0,-5.997628211975098,-100.0,-44.6552734375,-100.0,6.935654640197754,0.19940936161242462,0.44655275344848633,23.283300399780273
run_1780110874_652630f9,1780112025.4064817,1.0,6.0,2.0,0.35839080810546875,0.0,-6.096810340881348,-100.0,-35.839080810546875,-100.0,7.108389377593994,0.12844397133449093,0.35839080810546875,23.283300399780273
run_1780110874_652630f9,1780112027.4142969,1.0,6.0,2.0,0.22616147994995117,0.0,-6.24556827545166,-100.0,-22.616147994995117,-100.0,7.682183265686035,0.051149015013152166,0.22616147994995117,23.283300399780273
run_1780110874_652630f9,1780112029.418129,1.0,6.0,2.0,0.18207740783691406,0.0,-6.295163154602051,-100.0,-18.207740783691406,-100.0,7.366575241088867,0.033152182444609934,0.18207740783691406,23.283300399780273
run_1780110874_652630f9,1780112031.408522,1.0,6.0,2.0,0.04982709884643555,0.0,-6.443944454193115,-97.09161376953125,-4.982709884643555,-100.0,7.891097545623779,0.0024827397794524586,0.04982709884643555,23.283300399780273
run_1780110874_652630f9,1780112033.403836,1.0,6.0,2.0,0.005744457244873047,0.0,-6.493537425994873,-93.0188980102539,-0.5744457244873047,-100.0,7.555548667907715,3.2998789038174436e-05,0.005744457244873047,23.283300399780273
run_1780110874_652630f9,1780112035.4145985,1.0,6.0,2.0,-0.12648344039916992,0.0,-6.642293930053711,-70.1490249633789,12.648344039916992,-90.86780548095703,8.070440292358398,0.01599806069521037,0.12648344039916992,23.283300399780273
run_1780110874_652630f9,1780112037.403195,1.0,6.0,2.0,-0.21464109420776367,0.0,-6.741471290588379,-43.313072204589844,21.464109420776367,-72.91207122802734,8.134889602661133,0.04607079932270608,0.21464109420776367,23.283300399780273
run_1780110874_652630f9,1780112039.4131913,1.0,6.0,2.0,-0.3468303680419922,0.0,-6.89018440246582,-1.941952109336853,34.68303680419922,-45.25261688232422,8.627629280090332,0.12029130419614376,0.3468303680419922,23.283300399780273
run_1780110874_652630f9,1780112041.4153883,1.0,6.0,2.0,-0.39092063903808594,0.0,-6.939785957336426,39.427146911621094,39.092063903808594,-7.886807441711426,8.221891403198242,0.15281894602594548,0.39092063903808594,23.283300399780273
run_1780110874_652630f9,1780112043.4067087,1.0,6.0,2.0,-0.5231304168701172,0.0,-7.088521957397461,75.75865173339844,52.31304168701172,14.772553443908691,8.67306137084961,0.2736654330547026,0.5231304168701172,23.283300399780273
run_1780110874_652630f9,1780112045.4062965,1.0,6.0,2.0,-0.6112766265869141,0.0,-7.187685966491699,100.0,61.127662658691406,33.97315979003906,8.679917335510254,0.37365911421147757,0.6112766265869141,23.283300399780273
run_1780110874_652630f9,1780112047.404479,1.0,6.0,2.0,-0.6994061470031738,0.0,-7.286831855773926,100.0,69.94061279296875,56.111846923828125,8.686627388000488,0.4891689584658252,0.6994061470031738,23.283300399780273
run_1780110874_652630f9,1780112049.4129794,1.0,6.0,2.0,-0.6994061470031738,0.0,-7.286831855773926,100.0,69.94061279296875,79.42536926269531,7.858015060424805,0.4891689584658252,0.6994061470031738,23.283300399780273
run_1780110874_652630f9,1780112051.4099758,1.0,6.0,2.0,-0.6553487777709961,0.0,-7.23726749420166,100.0,65.53488159179688,100.0,6.674446105957031,0.4294820205259384,0.6553487777709961,23.283300399780273
run_1780110874_652630f9,1780112053.40803,1.0,6.0,2.0,-0.567204475402832,0.0,-7.1381049156188965,100.0,56.7204475402832,100.0,5.203618049621582,0.3217209169170019,0.567204475402832,23.283300399780273
run_1780110874_652630f9,1780112055.404033,1.0,6.0,2.0,-0.39092063903808594,0.0,-6.939785957336426,100.0,39.092063903808594,100.0,3.0376436710357666,0.15281894602594548,0.39092063903808594,23.283300399780273
run_1780110874_652630f9,1780112057.416437,1.0,6.0,2.0,-0.21464109420776367,0.0,-6.741471290588379,100.0,21.464109420776367,100.0,1.0796563625335693,0.04607079932270608,0.21464109420776367,23.283300399780273
run_1780110874_652630f9,1780112059.4099236,1.0,6.0,2.0,0.09392404556274414,0.0,-6.3943352699279785,86.76469421386719,-9.392404556274414,98.11964416503906,-1.9625436067581177,0.008821726334872437,0.09392404556274414,23.283300399780273
run_1780110874_652630f9,1780112061.4071891,1.0,6.0,2.0,0.2702336311340332,0.0,-6.195987224578857,47.66148376464844,-27.02336311340332,78.12869262695312,-3.443849802017212,0.07302621539588472,0.2702336311340332,23.283300399780273
run_1780110874_652630f9,1780112063.4181414,1.0,6.0,2.0,0.6670031547546387,0.0,-5.749621391296387,-43.69928741455078,-66.7003173828125,29.898103713989258,-6.89707612991333,0.44489320845264047,0.6670031547546387,23.283300399780273
run_1780110874_652630f9,1780112065.415225,1.0,6.0,2.0,0.8874416351318359,0.0,-5.501628398895264,-100.0,-88.7441635131836,-17.520145416259766,-8.325295448303223,0.7875526557654666,0.8874416351318359,23.283300399780273
run_1780110874_652630f9,1780112067.4118319,1.0,6.0,2.0,1.3283824920654297,0.0,-5.0055694580078125,-100.0,-100.0,-45.59436798095703,-11.747970581054688,1.7646000452259614,1.3283824920654297,23.283300399780273
run_1780110874_652630f9,1780112069.406319,1.0,6.0,2.0,1.504781723022461,0.0,-4.8071208000183105,-100.0,-100.0,-45.59436798095703,-12.296699523925781,2.2643680339424463,1.504781723022461,23.283300399780273
run_1780110874_652630f9,1780112071.4176924,1.0,6.0,2.0,1.8134989738464355,0.0,-4.459813594818115,-100.0,-100.0,-45.59436798095703,-14.063382148742676,3.2887785281420747,1.8134989738464355,23.283300399780273
run_1780110874_652630f9,1780112073.4135382,1.0,6.0,2.0,1.901719093322754,0.0,-4.360566139221191,-100.0,-100.0,-45.59436798095703,-13.556760787963867,3.616535509908317,1.901719093322754,23.283300399780273
run_1780110874_652630f9,1780112075.4127202,1.0,6.0,2.0,2.122250556945801,0.0,-4.1124677658081055,-100.0,-100.0,-45.59436798095703,-14.35989761352539,4.503947426456762,2.122250556945801,23.283300399780273
run_1780110874_652630f9,1780112077.409488,1.0,6.0,2.0,2.166349411010742,0.0,-4.062856674194336,-100.0,-100.0,-45.59436798095703,-13.407444953918457,4.69306977058659,2.166349411010742,23.283300399780273
run_1780110874_652630f9,1780112079.417709,1.0,6.0,2.0,2.254566192626953,0.0,-3.9636125564575195,-100.0,-100.0,-45.59436798095703,-12.972153663635254,5.0830687169363955,2.254566192626953,23.283300399780273
run_1780110874_652630f9,1780112081.4140363,1.0,6.0,2.0,2.2986812591552734,0.0,-3.9139833450317383,-100.0,-100.0,-45.59436798095703,-12.15223217010498,5.283935531191673,2.2986812591552734,23.283300399780273
run_1780110874_652630f9,1780112083.405717,1.0,6.0,2.0,2.2986812591552734,0.0,-3.9139833450317383,-100.0,-100.0,-45.59436798095703,-10.993036270141602,5.283935531191673,2.2986812591552734,23.283300399780273
run_1780110874_652630f9,1780112085.4153202,1.0,6.0,2.0,2.2986812591552734,0.0,-3.9139833450317383,-100.0,-100.0,-45.59436798095703,-9.944415092468262,5.283935531191673,2.2986812591552734,23.283300399780273
run_1780110874_652630f9,1780112087.4099545,1.0,6.0,2.0,2.2986812591552734,0.0,-3.9139833450317383,-100.0,-100.0,-45.59436798095703,-8.995820045471191,5.283935531191673,2.2986812591552734,23.283300399780273
run_1780110874_652630f9,1780112089.4169724,1.0,6.0,2.0,2.2104506492614746,0.0,-4.013243198394775,-100.0,-100.0,-45.59436798095703,-7.285829067230225,4.886092072820475,2.2104506492614746,23.283300399780273
run_1780110874_652630f9,1780112091.412062,1.0,6.0,2.0,2.2104506492614746,0.0,-4.013243198394775,-100.0,-100.0,-45.59436798095703,-6.565468788146973,4.886092072820475,2.2104506492614746,23.283300399780273
run_1780110874_652630f9,1780112093.4088616,1.0,6.0,2.0,2.166349411010742,0.0,-4.062856674194336,-100.0,-100.0,-45.59436798095703,-5.513386249542236,4.69306977058659,2.166349411010742,23.283300399780273
run_1780110874_652630f9,1780112095.4178174,1.0,6.0,2.0,2.0781373977661133,0.0,-4.162095546722412,-100.0,-100.0,-45.59436798095703,-4.143874168395996,4.318655043994113,2.0781373977661133,23.283300399780273
run_1780110874_652630f9,1780112097.4078574,1.0,6.0,2.0,2.0340394973754883,0.0,-4.211705684661865,-100.0,-100.0,-45.59436798095703,-3.3228187561035156,4.137316676883529,2.0340394973754883,23.283300399780273
run_1780110874_652630f9,1780112099.4130828,1.0,6.0,2.0,1.9458293914794922,0.0,-4.310941696166992,-100.0,-100.0,-45.59436798095703,-2.1622891426086426,3.786252020745451,1.9458293914794922,23.283300399780273
run_1780110874_652630f9,1780112101.4126787,1.0,6.0,2.0,1.8575944900512695,0.0,-4.410206317901611,-100.0,-100.0,-45.59436798095703,-1.104103922843933,3.450657289468836,1.8575944900512695,23.283300399780273
run_1780110874_652630f9,1780112103.4115303,1.0,6.0,2.0,1.7693910598754883,0.0,-4.509435176849365,-100.0,-100.0,-45.59436798095703,-0.1552724689245224,3.1307447227673038,1.7693910598754883,23.283300399780273
run_1780110874_652630f9,1780112105.4049487,1.0,6.0,2.0,1.7252821922302246,0.0,-4.559057712554932,-100.0,-100.0,-45.59436798095703,0.28541868925094604,2.9765986428267297,1.7252821922302246,23.283300399780273
run_1780110874_652630f9,1780112107.4151938,1.0,6.0,2.0,1.5929765701293945,0.0,-4.707901477813721,-100.0,-100.0,-45.59436798095703,1.5107728242874146,2.53757435298121,1.5929765701293945,23.283300399780273
run_1780110874_652630f9,1780112109.4123363,1.0,6.0,2.0,1.5488848686218262,0.0,-4.757504463195801,-100.0,-100.0,-45.59436798095703,1.7923752069473267,2.3990443362456517,1.5488848686218262,23.283300399780273
run_1780110874_652630f9,1780112111.4180639,1.0,6.0,2.0,1.4165730476379395,0.0,-4.906355381011963,-100.0,-100.0,-45.59436798095703,2.874053955078125,2.00667919929424,1.4165730476379395,23.283300399780273
run_1780110874_652630f9,1780112113.4093282,1.0,6.0,2.0,1.3724846839904785,0.0,-4.9559550285339355,-100.0,-100.0,-45.59436798095703,3.0255813598632812,1.8837142077884437,1.3724846839904785,23.283300399780273
run_1780110874_652630f9,1780112115.4182262,1.0,6.0,2.0,1.2842812538146973,0.0,-5.055183410644531,-100.0,-100.0,-45.59436798095703,3.555119514465332,1.6493783388998509,1.2842812538146973,23.283300399780273
run_1780110874_652630f9,1780112117.4094393,1.0,6.0,2.0,1.1960945129394531,0.0,-5.154393672943115,-100.0,-100.0,-61.54228973388672,4.042610168457031,1.4306420838838676,1.1960945129394531,23.283300399780273
run_1780110874_652630f9,1780112119.4037306,1.0,6.0,2.0,1.1078968048095703,0.0,-5.2536163330078125,-100.0,-100.0,-99.06012725830078,4.475080966949463,1.2274353301072551,1.1078968048095703,23.283300399780273
run_1780110874_652630f9,1780112121.4180503,1.0,6.0,2.0,1.0197148323059082,0.0,-5.352820873260498,-100.0,-100.0,-100.0,4.874764919281006,1.0398183392246665,1.0197148323059082,23.283300399780273
run_1780110874_652630f9,1780112123.4050694,1.0,6.0,2.0,0.9315223693847656,0.0,-5.452037334442139,-100.0,-93.15223693847656,-100.0,5.227808475494385,0.8677339246642077,0.9315223693847656,23.283300399780273
run_1780110874_652630f9,1780112125.417534,1.0,6.0,2.0,0.7992668151855469,0.0,-5.60082483291626,-100.0,-79.92668151855469,-100.0,5.98123836517334,0.6388274418568471,0.7992668151855469,23.283300399780273
run_1780110874_652630f9,1780112127.415534,1.0,6.0,2.0,0.7551732063293457,0.0,-5.650430202484131,-100.0,-75.51731872558594,-100.0,5.819691181182861,0.5702865715577445,0.7551732063293457,23.283300399780273
run_1780110874_652630f9,1780112129.4049785,1.0,6.0,2.0,0.6229124069213867,0.0,-5.79922342300415,-100.0,-62.29124069213867,-100.0,6.491861343383789,0.3880198666965953,0.6229124069213867,23.283300399780273
run_1780110874_652630f9,1780112131.4169943,1.0,6.0,2.0,0.5347304344177246,0.0,-5.898428440093994,-100.0,-53.473045349121094,-100.0,6.690555095672607,0.2859366374925685,0.5347304344177246,23.283300399780273
run_1780110874_652630f9,1780112133.4050891,1.0,6.0,2.0,0.4024643898010254,0.0,-6.047227382659912,-100.0,-40.246437072753906,-100.0,7.279700756072998,0.1619775850579117,0.4024643898010254,23.283300399780273
run_1780110874_652630f9,1780112135.4171813,1.0,6.0,2.0,0.35839080810546875,0.0,-6.096810340881348,-100.0,-35.839080810546875,-100.0,6.994107246398926,0.12844397133449093,0.35839080810546875,23.283300399780273
run_1780110874_652630f9,1780112137.4129126,1.0,6.0,2.0,0.18207740783691406,0.0,-6.295163154602051,-100.0,-18.207740783691406,-100.0,7.979594707489014,0.033152182444609934,0.18207740783691406,23.283300399780273
run_1780110874_652630f9,1780112139.4101918,1.0,6.0,2.0,0.13799333572387695,0.0,-6.344757556915283,-100.0,-13.799333572387695,-100.0,7.627336025238037,0.019042160704202615,0.13799333572387695,23.283300399780273
run_1780110874_652630f9,1780112141.4055154,1.0,6.0,2.0,0.005744457244873047,0.0,-6.493537425994873,-92.4474868774414,-0.5744457244873047,-100.0,8.126960754394531,3.2998789038174436e-05,0.005744457244873047,23.283300399780273
run_1780110874_652630f9,1780112143.4107707,1.0,6.0,2.0,-0.08241701126098633,0.0,-6.592719078063965,-78.62224578857422,8.241701126098633,-95.05000305175781,8.186054229736328,0.006792563745193547,0.08241701126098633,23.283300399780273
run_1780110874_652630f9,1780112145.4187255,1.0,6.0,2.0,-0.170562744140625,0.0,-6.691883087158203,-55.336368560791016,17.0562744140625,-80.62405395507812,8.231415748596191,0.029091649688780308,0.170562744140625,23.283300399780273
run_1780110874_652630f9,1780112147.4112315,1.0,6.0,2.0,-0.25869035720825195,0.0,-6.791026592254639,-24.108509063720703,25.869035720825195,-58.25777053833008,8.28022575378418,0.066920700912533,0.25869035720825195,23.283300399780273
run_1780110874_652630f9,1780112149.4058702,1.0,6.0,2.0,-0.39092063903808594,0.0,-6.939785957336426,26.034826278686523,39.092063903808594,-21.774646759033203,8.71741008758545,0.15281894602594548,0.39092063903808594,23.283300399780273
run_1780110874_652630f9,1780112151.4178734,1.0,6.0,2.0,-0.47905588150024414,0.0,-7.038938045501709,64.8822250366211,47.90558624267578,8.256701469421387,8.719932556152344,0.22949453759997596,0.47905588150024414,23.283300399780273
run_1780110874_652630f9,1780112153.4134073,1.0,6.0,2.0,-0.6112766265869141,0.0,-7.187685966491699,97.13723754882812,61.127662658691406,26.869657516479492,9.139917373657227,0.37365911421147757,0.6112766265869141,23.283300399780273
run_1780110874_652630f9,1780112155.4118044,1.0,6.0,2.0,-0.6553487777709961,0.0,-7.23726749420166,100.0,65.53488159179688,48.127010345458984,8.685144424438477,0.4294820205259384,0.6553487777709961,23.283300399780273
run_1780110874_652630f9,1780112157.4050944,1.0,6.0,2.0,-0.6994061470031738,0.0,-7.286831855773926,100.0,69.94061279296875,70.55940246582031,8.28205680847168,0.4891689584658252,0.6994061470031738,23.283300399780273
run_1780110874_652630f9,1780112159.4146702,1.0,6.0,2.0,-0.6994061470031738,0.0,-7.286831855773926,100.0,69.94061279296875,93.8729248046875,7.49203634262085,0.4891689584658252,0.6994061470031738,23.283300399780273
run_1780110874_652630f9,1780112161.4132378,1.0,6.0,2.0,-0.6112766265869141,0.0,-7.187685966491699,100.0,61.127662658691406,100.0,5.951299667358398,0.37365911421147757,0.6112766265869141,23.283300399780273
run_1780110874_652630f9,1780112163.4113362,1.0,6.0,2.0,-0.5231304168701172,0.0,-7.088521957397461,100.0,52.31304168701172,100.0,4.54943323135376,0.2736654330547026,0.5231304168701172,23.283300399780273
run_1780110874_652630f9,1780112165.4086986,1.0,6.0,2.0,-0.3027677536010742,0.0,-6.84061336517334,100.0,30.276775360107422,100.0,2.0623395442962646,0.09166831262064079,0.3027677536010742,23.283300399780273
run_1780110874_652630f9,1780112167.4057047,1.0,6.0,2.0,-0.12648344039916992,0.0,-6.642293930053711,100.0,12.648344039916992,100.0,0.19734112918376923,0.01599806069521037,0.12648344039916992,23.283300399780273
run_1780110874_652630f9,1780112169.4165964,1.0,6.0,2.0,0.22616147994995117,0.0,-6.24556827545166,65.70447540283203,-22.616147994995117,91.48207092285156,-3.1614444255828857,0.051149015013152166,0.22616147994995117,23.283300399780273
run_1780110874_652630f9,1780112171.4139926,1.0,6.0,2.0,0.4024643898010254,0.0,-6.047227382659912,13.479715347290039,-40.246437072753906,58.254478454589844,-4.528325080871582,0.1619775850579117,0.4024643898010254,23.283300399780273
run_1780110874_652630f9,1780112173.408993,1.0,6.0,2.0,0.8433465957641602,0.0,-5.551235198974609,-95.48815155029297,-84.33465576171875,-2.881470203399658,-8.272025108337402,0.7112334805869978,0.8433465957641602,23.283300399780273
run_1780110874_652630f9,1780112175.4051704,1.0,6.0,2.0,1.0637993812561035,0.0,-5.303225994110107,-100.0,-100.0,-35.4020881652832,-9.56922435760498,1.1316691235608687,1.0637993812561035,23.283300399780273
run_1780110874_652630f9,1780112177.4168544,1.0,6.0,2.0,1.460690975189209,0.0,-4.856722354888916,-100.0,-100.0,-35.4020881652832,-12.432181358337402,2.1336181249992023,1.460690975189209,23.283300399780273
run_1780110874_652630f9,1780112179.4144006,1.0,6.0,2.0,1.637068271636963,0.0,-4.658298015594482,-100.0,-100.0,-35.4020881652832,-12.915435791015625,2.679992526000433,1.637068271636963,23.283300399780273
run_1780110874_652630f9,1780112181.4108577,1.0,6.0,2.0,1.9458293914794922,0.0,-4.310941696166992,-100.0,-100.0,-35.4020881652832,-14.624507904052734,3.786252020745451,1.9458293914794922,23.283300399780273
run_1780110874_652630f9,1780112183.4202404,1.0,6.0,2.0,2.0340394973754883,0.0,-4.211705684661865,-100.0,-100.0,-35.4020881652832,-14.064266204833984,4.137316676883529,2.0340394973754883,23.283300399780273
run_1780110874_652630f9,1780112185.4075818,1.0,6.0,2.0,2.2104506492614746,0.0,-4.013243198394775,-100.0,-100.0,-35.4020881652832,-14.393494606018066,4.886092072820475,2.2104506492614746,23.283300399780273
run_1780110874_652630f9,1780112187.4168937,1.0,6.0,2.0,2.254566192626953,0.0,-3.9636125564575195,-100.0,-100.0,-35.4020881652832,-13.437997817993164,5.0830687169363955,2.254566192626953,23.283300399780273
run_1780110874_652630f9,1780112189.4123514,1.0,6.0,2.0,2.3428285121917725,0.0,-3.8643181324005127,-100.0,-100.0,-35.4020881652832,-12.992111206054688,5.488845437538714,2.3428285121917725,23.283300399780273
run_1780110874_652630f9,1780112191.4087777,1.0,6.0,2.0,2.386930227279663,0.0,-3.8147032260894775,-100.0,-100.0,-35.4020881652832,-12.170160293579102,5.697435909901344,2.386930227279663,23.283300399780273
run_1780110874_652630f9,1780112193.4047432,1.0,6.0,2.0,2.386930227279663,0.0,-3.8147032260894775,-100.0,-100.0,-35.4020881652832,-11.009256362915039,5.697435909901344,2.386930227279663,23.283300399780273
run_1780110874_652630f9,1780112195.4158316,1.0,6.0,2.0,2.386930227279663,0.0,-3.8147032260894775,-100.0,-100.0,-35.4020881652832,-9.959089279174805,5.697435909901344,2.386930227279663,23.283300399780273
run_1780110874_652630f9,1780112197.4153442,1.0,6.0,2.0,2.3428285121917725,0.0,-3.8643181324005127,-100.0,-100.0,-35.4020881652832,-8.574665069580078,5.488845437538714,2.3428285121917725,23.283300399780273
run_1780110874_652630f9,1780112199.4125152,1.0,6.0,2.0,2.3428285121917725,0.0,-3.8643181324005127,-100.0,-100.0,-35.4020881652832,-7.75673246383667,5.488845437538714,2.3428285121917725,23.283300399780273
run_1780110874_652630f9,1780112201.4110124,1.0,6.0,2.0,2.254566192626953,0.0,-3.9636125564575195,-100.0,-100.0,-35.4020881652832,-6.147373199462891,5.0830687169363955,2.254566192626953,23.283300399780273
run_1780110874_652630f9,1780112203.4076235,1.0,6.0,2.0,2.254566192626953,0.0,-3.9636125564575195,-100.0,-100.0,-35.4020881652832,-5.560977935791016,5.0830687169363955,2.254566192626953,23.283300399780273
run_1780110874_652630f9,1780112205.406289,1.0,6.0,2.0,2.166349411010742,0.0,-4.062856674194336,-100.0,-100.0,-35.4020881652832,-4.2122483253479,4.69306977058659,2.166349411010742,23.283300399780273
run_1780110874_652630f9,1780112207.41612,1.0,6.0,2.0,2.122250556945801,0.0,-4.1124677658081055,-100.0,-100.0,-35.4020881652832,-3.393112897872925,4.503947426456762,2.122250556945801,23.283300399780273
run_1780110874_652630f9,1780112209.4087126,1.0,6.0,2.0,2.0340394973754883,0.0,-4.211705684661865,-100.0,-100.0,-35.4020881652832,-2.2258691787719727,4.137316676883529,2.0340394973754883,23.283300399780273
run_1780110874_652630f9,1780112211.4209728,1.0,6.0,2.0,1.9899277687072754,0.0,-4.261331081390381,-100.0,-100.0,-35.4020881652832,-1.5960921049118042,3.9598125246723157,1.9899277687072754,23.283300399780273
run_1780110874_652630f9,1780112213.4181626,1.0,6.0,2.0,1.8134989738464355,0.0,-4.459813594818115,-100.0,-100.0,-35.4020881652832,0.2687532901763916,3.2887785281420747,1.8134989738464355,23.283300399780273
run_1780110874_652630f9,1780112215.4169676,1.0,6.0,2.0,1.8134989738464355,0.0,-4.459813594818115,-100.0,-100.0,-35.4020881652832,0.2431170791387558,3.2887785281420747,1.8134989738464355,23.283300399780273
run_1780110874_652630f9,1780112217.410735,1.0,6.0,2.0,1.6811747550964355,0.0,-4.608678340911865,-100.0,-100.0,-35.4020881652832,1.498052954673767,2.82634855717356,1.6811747550964355,23.283300399780273
run_1780110874_652630f9,1780112219.4077349,1.0,6.0,2.0,1.5929765701293945,0.0,-4.707901477813721,-100.0,-100.0,-35.4020881652832,2.189821481704712,2.53757435298121,1.5929765701293945,23.283300399780273
run_1780110874_652630f9,1780112221.4197347,1.0,6.0,2.0,1.504781723022461,0.0,-4.8071208000183105,-100.0,-100.0,-35.4020881652832,2.849719524383545,2.2643680339424463,1.504781723022461,23.283300399780273
run_1780110874_652630f9,1780112223.415047,1.0,6.0,2.0,1.460690975189209,0.0,-4.856722354888916,-100.0,-100.0,-35.4020881652832,3.003591299057007,2.1336181249992023,1.460690975189209,23.283300399780273
run_1780110874_652630f9,1780112225.4101098,1.0,6.0,2.0,1.3283824920654297,0.0,-5.0055694580078125,-100.0,-100.0,-35.4020881652832,3.969693183898926,1.7646000452259614,1.3283824920654297,23.283300399780273
run_1780110874_652630f9,1780112227.407088,1.0,6.0,2.0,1.1960945129394531,0.0,-5.154393672943115,-100.0,-100.0,-51.35002136230469,4.868291854858398,1.4306420838838676,1.1960945129394531,23.283300399780273
run_1780110874_652630f9,1780112229.4065752,1.0,6.0,2.0,1.1078968048095703,0.0,-5.2536163330078125,-100.0,-100.0,-90.63182067871094,5.272721290588379,1.2274353301072551,1.1078968048095703,23.283300399780273
run_1780110874_652630f9,1780112231.406089,1.0,6.0,2.0,1.0637993812561035,0.0,-5.303225994110107,-100.0,-100.0,-100.0,5.195528984069824,1.1316691235608687,1.0637993812561035,23.283300399780273
run_1780110874_652630f9,1780112233.4199908,1.0,6.0,2.0,0.9315223693847656,0.0,-5.452037334442139,-100.0,-93.15223693847656,-100.0,5.9522385597229,0.8677339246642077,0.9315223693847656,23.283300399780273
run_1780110874_652630f9,1780112235.4182262,1.0,6.0,2.0,0.8433465957641602,0.0,-5.551235198974609,-100.0,-84.33465576171875,-100.0,6.235811710357666,0.7112334805869978,0.8433465957641602,23.283300399780273
run_1780110874_652630f9,1780112237.41481,1.0,6.0,2.0,0.7110810279846191,0.0,-5.700033664703369,-100.0,-71.10810089111328,-100.0,6.918546676635742,0.5056362283596627,0.7110810279846191,23.283300399780273
run_1780110874_652630f9,1780112239.4123514,1.0,6.0,2.0,0.6229124069213867,0.0,-5.79922342300415,-100.0,-62.29124069213867,-100.0,7.1098761558532715,0.3880198666965953,0.6229124069213867,23.283300399780273
run_1780110874_652630f9,1780112241.4102736,1.0,6.0,2.0,0.5347304344177246,0.0,-5.898428440093994,-100.0,-53.473045349121094,-100.0,7.274970531463623,0.2859366374925685,0.5347304344177246,23.283300399780273
run_1780110874_652630f9,1780112243.409679,1.0,6.0,2.0,0.44655275344848633,0.0,-5.997628211975098,-100.0,-44.6552734375,-100.0,7.432387828826904,0.19940936161242462,0.44655275344848633,23.283300399780273
run_1780110874_652630f9,1780112245.4192333,1.0,6.0,2.0,0.3143186569213867,0.0,-6.14639139175415,-100.0,-31.431865692138672,-100.0,8.000667572021484,0.09879621808886441,0.3143186569213867,23.283300399780273
run_1780110874_652630f9,1780112247.4137316,1.0,6.0,2.0,0.2702336311340332,0.0,-6.195987224578857,-100.0,-27.02336311340332,-100.0,7.663139820098877,0.07302621539588472,0.2702336311340332,23.283300399780273
run_1780110874_652630f9,1780112249.4059434,1.0,6.0,2.0,0.13799333572387695,0.0,-6.344757556915283,-100.0,-13.799333572387695,-100.0,8.158777236938477,0.019042160704202615,0.13799333572387695,23.283300399780273
run_1780110874_652630f9,1780112251.418616,1.0,6.0,2.0,0.04982709884643555,0.0,-6.443944454193115,-96.75093078613281,-4.982709884643555,-100.0,8.231778144836426,0.0024827397794524586,0.04982709884643555,23.283300399780273
run_1780110874_652630f9,1780112253.4130797,1.0,6.0,2.0,-0.038336753845214844,0.0,-6.543128967285156,-84.83201599121094,3.8336753845214844,-96.93002319335938,8.264335632324219,0.001469706695388595,0.038336753845214844,23.283300399780273
run_1780110874_652630f9,1780112255.4079466,1.0,6.0,2.0,-0.12648344039916992,0.0,-6.642293930053711,-65.96505737304688,12.648344039916992,-86.91563415527344,8.30223560333252,0.01599806069521037,0.12648344039916992,23.283300399780273
run_1780110874_652630f9,1780112257.4200091,1.0,6.0,2.0,-0.21464109420776367,0.0,-6.741471290588379,-37.402862548828125,21.464109420776367,-67.19498443603516,8.32801342010498,0.04607079932270608,0.21464109420776367,23.283300399780273
run_1780110874_652630f9,1780112259.4165592,1.0,6.0,2.0,-0.3468303680419922,0.0,-6.89018440246582,5.6971659660339355,34.68303680419922,-37.77096176147461,8.7850923538208,0.12029130419614376,0.3468303680419922,23.283300399780273
run_1780110874_652630f9,1780112261.4127693,1.0,6.0,2.0,-0.39092063903808594,0.0,-6.939785957336426,47.925655364990234,39.092063903808594,0.47753751277923584,8.356054306030273,0.15281894602594548,0.39092063903808594,23.283300399780273
run_1780110874_652630f9,1780112263.407551,1.0,6.0,2.0,-0.5231304168701172,0.0,-7.088521957397461,78.13257598876953,52.31304168701172,17.033723831176758,8.785807609558105,0.2736654330547026,0.5231304168701172,23.283300399780273
run_1780110874_652630f9,1780112265.4166057,1.0,6.0,2.0,-0.6112766265869141,0.0,-7.187685966491699,100.0,61.127662658691406,36.82197570800781,8.765350341796875,0.37365911421147757,0.6112766265869141,23.283300399780273
run_1780110874_652630f9,1780112267.4114342,1.0,6.0,2.0,-0.6553487777709961,0.0,-7.23726749420166,100.0,65.53488159179688,58.66695785522461,8.329912185668945,0.4294820205259384,0.6553487777709961,23.283300399780273
run_1780110874_652630f9,1780112269.4079862,1.0,6.0,2.0,-0.6994061470031738,0.0,-7.286831855773926,100.0,69.94061279296875,81.686767578125,7.943988800048828,0.4891689584658252,0.6994061470031738,23.283300399780273
run_1780110874_652630f9,1780112271.4167302,1.0,6.0,2.0,-0.6553487777709961,0.0,-7.23726749420166,100.0,65.53488159179688,100.0,6.760833263397217,0.4294820205259384,0.6553487777709961,23.283300399780273
run_1780110874_652630f9,1780112273.413055,1.0,6.0,2.0,-0.567204475402832,0.0,-7.1381049156188965,100.0,56.7204475402832,100.0,5.298323154449463,0.3217209169170019,0.567204475402832,23.283300399780273
run_1780110874_652630f9,1780112275.4105108,1.0,6.0,2.0,-0.39092063903808594,0.0,-6.939785957336426,100.0,39.092063903808594,100.0,3.140547752380371,0.15281894602594548,0.39092063903808594,23.283300399780273
run_1780110874_652630f9,1780112277.4080956,1.0,6.0,2.0,-0.21464109420776367,0.0,-6.741471290588379,100.0,21.464109420776367,100.0,1.1727449893951416,0.04607079932270608,0.21464109420776367,23.283300399780273
run_1780110874_652630f9,1780112279.4062674,1.0,6.0,2.0,0.09392404556274414,0.0,-6.3943352699279785,85.00302124023438,-9.392404556274414,96.2392807006836,-1.8438525199890137,0.008821726334872437,0.09392404556274414,23.283300399780273
run_1780110874_652630f9,1780112281.4177098,1.0,6.0,2.0,0.3143186569213867,0.0,-6.14639139175415,38.41498565673828,-31.431865692138672,73.60053253173828,-3.753680467605591,0.09879621808886441,0.3143186569213867,23.283300399780273
run_1780110874_652630f9,1780112283.408535,1.0,6.0,2.0,0.7551732063293457,0.0,-5.650430202484131,-69.17384338378906,-75.51731872558594,13.89626407623291,-7.5527825355529785,0.5702865715577445,0.7551732063293457,23.283300399780273
run_1780110874_652630f9,1780112285.4202318,1.0,6.0,2.0,0.9756040573120117,0.0,-5.4024457931518555,-100.0,-97.56040954589844,-25.768890380859375,-8.91838264465332,0.951803276643659,0.9756040573120117,23.283300399780273
run_1780110874_652630f9,1780112287.4177725,1.0,6.0,2.0,1.3724846839904785,0.0,-4.9559550285339355,-100.0,-100.0,-49.690799713134766,-11.775345802307129,1.8837142077884437,1.3724846839904785,23.283300399780273
run_1780110874_652630f9,1780112289.417373,1.0,6.0,2.0,1.504781723022461,0.0,-4.8071208000183105,-100.0,-100.0,-49.690799713134766,-11.904098510742188,2.2643680339424463,1.504781723022461,23.283300399780273
run_1780110874_652630f9,1780112291.4099696,1.0,6.0,2.0,1.901719093322754,0.0,-4.360566139221191,-100.0,-100.0,-49.690799713134766,-14.451937675476074,3.616535509908317,1.901719093322754,23.283300399780273
run_1780110874_652630f9,1780112293.4079695,1.0,6.0,2.0,1.9899277687072754,0.0,-4.261331081390381,-100.0,-100.0,-49.690799713134766,-13.908143043518066,3.9598125246723157,1.9899277687072754,23.283300399780273
run_1780110874_652630f9,1780112295.4127517,1.0,6.0,2.0,2.2104506492614746,0.0,-4.013243198394775,-100.0,-100.0,-49.690799713134766,-14.63606071472168,4.886092072820475,2.2104506492614746,23.283300399780273
run_1780110874_652630f9,1780112297.4073043,1.0,6.0,2.0,2.2986812591552734,0.0,-3.9139833450317383,-100.0,-100.0,-49.690799713134766,-14.074909210205078,5.283935531191673,2.2986812591552734,23.283300399780273
run_1780110874_652630f9,1780112299.4163744,1.0,6.0,2.0,2.2986812591552734,0.0,-3.9139833450317383,-100.0,-100.0,-49.690799713134766,-12.707427024841309,5.283935531191673,2.2986812591552734,23.283300399780273
run_1780110874_652630f9,1780112301.4139187,1.0,6.0,2.0,2.431035280227661,0.0,-3.765084981918335,-100.0,-100.0,-49.690799713134766,-12.747812271118164,5.909932533711583,2.431035280227661,23.283300399780273
run_1780110874_652630f9,1780112303.4097366,1.0,6.0,2.0,2.431035280227661,0.0,-3.765084981918335,-100.0,-100.0,-49.690799713134766,-11.531804084777832,5.909932533711583,2.431035280227661,23.283300399780273
run_1780110874_652630f9,1780112305.418161,1.0,6.0,2.0,2.431035280227661,0.0,-3.765084981918335,-100.0,-100.0,-49.690799713134766,-10.431792259216309,5.909932533711583,2.431035280227661,23.283300399780273
run_1780110874_652630f9,1780112307.4139566,1.0,6.0,2.0,2.386930227279663,0.0,-3.8147032260894775,-100.0,-100.0,-49.690799713134766,-9.069207191467285,5.697435909901344,2.386930227279663,23.283300399780273
run_1780110874_652630f9,1780112309.4113004,1.0,6.0,2.0,2.386930227279663,0.0,-3.8147032260894775,-100.0,-100.0,-49.690799713134766,-8.204102516174316,5.697435909901344,2.386930227279663,23.283300399780273
run_1780110874_652630f9,1780112311.408301,1.0,6.0,2.0,2.2986812591552734,0.0,-3.9139833450317383,-100.0,-100.0,-49.690799713134766,-6.585682392120361,5.283935531191673,2.2986812591552734,23.283300399780273
run_1780110874_652630f9,1780112313.4167876,1.0,6.0,2.0,2.254566192626953,0.0,-3.9636125564575195,-100.0,-100.0,-49.690799713134766,-5.5399932861328125,5.0830687169363955,2.254566192626953,23.283300399780273
run_1780110874_652630f9,1780112315.4118183,1.0,6.0,2.0,2.166349411010742,0.0,-4.062856674194336,-100.0,-100.0,-49.690799713134766,-4.176027774810791,4.69306977058659,2.166349411010742,23.283300399780273
run_1780110874_652630f9,1780112317.4171865,1.0,6.0,2.0,2.122250556945801,0.0,-4.1124677658081055,-100.0,-100.0,-49.690799713134766,-3.3603477478027344,4.503947426456762,2.122250556945801,23.283300399780273
run_1780110874_652630f9,1780112319.4109516,1.0,6.0,2.0,1.9899277687072754,0.0,-4.261331081390381,-100.0,-100.0,-49.690799713134766,-1.7698187828063965,3.9598125246723157,1.9899277687072754,23.283300399780273
run_1780110874_652630f9,1780112321.416836,1.0,6.0,2.0,1.9458293914794922,0.0,-4.310941696166992,-100.0,-100.0,-49.690799713134766,-1.183670163154602,3.786252020745451,1.9458293914794922,23.283300399780273
run_1780110874_652630f9,1780112323.4093442,1.0,6.0,2.0,1.8134989738464355,0.0,-4.459813594818115,-100.0,-100.0,-49.690799713134766,0.16580523550510406,3.2887785281420747,1.8134989738464355,23.283300399780273
run_1780110874_652630f9,1780112325.420419,1.0,6.0,2.0,1.7693910598754883,0.0,-4.509435176849365,-100.0,-100.0,-49.690799713134766,0.5674059987068176,3.1307447227673038,1.7693910598754883,23.283300399780273
run_1780110874_652630f9,1780112327.4147975,1.0,6.0,2.0,1.637068271636963,0.0,-4.658298015594482,-100.0,-100.0,-49.690799713134766,1.749786138534546,2.679992526000433,1.637068271636963,23.283300399780273
run_1780110874_652630f9,1780112329.4065757,1.0,6.0,2.0,1.5488848686218262,0.0,-4.757504463195801,-100.0,-100.0,-49.690799713134766,2.4174020290374756,2.3990443362456517,1.5488848686218262,23.283300399780273
run_1780110874_652630f9,1780112331.415201,1.0,6.0,2.0,1.460690975189209,0.0,-4.856722354888916,-100.0,-100.0,-49.690799713134766,3.0302212238311768,2.1336181249992023,1.460690975189209,23.283300399780273
run_1780110874_652630f9,1780112333.4110346,1.0,6.0,2.0,1.3724846839904785,0.0,-4.9559550285339355,-100.0,-100.0,-49.690799713134766,3.575913906097412,1.8837142077884437,1.3724846839904785,23.283300399780273
run_1780110874_652630f9,1780112335.4067514,1.0,6.0,2.0,1.240194320678711,0.0,-5.104781150817871,-100.0,-100.0,-49.690799713134766,4.487246036529541,1.5380819530437293,1.240194320678711,23.283300399780273
run_1780110874_652630f9,1780112337.4175918,1.0,6.0,2.0,1.1519956588745117,0.0,-5.204005241394043,-100.0,-100.0,-72.7306900024414,4.893880844116211,1.3270939980657204,1.1519956588745117,23.283300399780273
run_1780110874_652630f9,1780112339.4146583,1.0,6.0,2.0,1.0637993812561035,0.0,-5.303225994110107,-100.0,-100.0,-100.0,5.270495414733887,1.1316691235608687,1.0637993812561035,23.283300399780273
run_1780110874_652630f9,1780112341.419167,1.0,6.0,2.0,0.9756040573120117,0.0,-5.4024457931518555,-100.0,-97.56040954589844,-100.0,5.602385520935059,0.951803276643659,0.9756040573120117,23.283300399780273
run_1780110874_652630f9,1780112343.406802,1.0,6.0,2.0,0.8433465957641602,0.0,-5.551235198974609,-100.0,-84.33465576171875,-100.0,6.294755458831787,0.7112334805869978,0.8433465957641602,23.283300399780273
run_1780110874_652630f9,1780112345.4155426,1.0,6.0,2.0,0.7992668151855469,0.0,-5.60082483291626,-100.0,-79.92668151855469,-100.0,6.111453533172607,0.6388274418568471,0.7992668151855469,23.283300399780273
run_1780110874_652630f9,1780112347.412399,1.0,6.0,2.0,0.6670031547546387,0.0,-5.749621391296387,-100.0,-66.7003173828125,-100.0,6.780668258666992,0.44489320845264047,0.6670031547546387,23.283300399780273
run_1780110874_652630f9,1780112349.420865,1.0,6.0,2.0,0.578819751739502,0.0,-5.848827838897705,-100.0,-57.88197326660156,-100.0,6.968390941619873,0.3350323050037787,0.578819751739502,23.283300399780273
run_1780110874_652630f9,1780112351.418338,1.0,6.0,2.0,0.4024643898010254,0.0,-6.047227382659912,-100.0,-40.246437072753906,-100.0,8.015558242797852,0.1619775850579117,0.4024643898010254,23.283300399780273
run_1780110874_652630f9,1780112353.4164696,1.0,6.0,2.0,0.35839080810546875,0.0,-6.096810340881348,-100.0,-35.839080810546875,-100.0,7.668051242828369,0.12844397133449093,0.35839080810546875,23.283300399780273
run_1780110874_652630f9,1780112355.4100957,1.0,6.0,2.0,0.2702336311340332,0.0,-6.195987224578857,-100.0,-27.02336311340332,-100.0,7.779667377471924,0.07302621539588472,0.2702336311340332,23.283300399780273
run_1780110874_652630f9,1780112357.4215248,1.0,6.0,2.0,0.18207740783691406,0.0,-6.295163154602051,-100.0,-18.207740783691406,-100.0,7.888735294342041,0.033152182444609934,0.18207740783691406,23.283300399780273
run_1780110874_652630f9,1780112359.4100919,1.0,6.0,2.0,0.04982709884643555,0.0,-6.443944454193115,-96.61976623535156,-4.982709884643555,-100.0,8.362945556640625,0.0024827397794524586,0.04982709884643555,23.283300399780273
run_1780110874_652630f9,1780112361.4121668,1.0,6.0,2.0,-0.08241701126098633,0.0,-6.592719078063965,-79.61624908447266,8.241701126098633,-96.69999694824219,8.842050552368164,0.006792563745193547,0.08241701126098633,23.283300399780273
run_1780110874_652630f9,1780112363.4179986,1.0,6.0,2.0,-0.170562744140625,0.0,-6.691883087158203,-58.14088439941406,17.0562744140625,-84.03873443603516,8.841572761535645,0.029091649688780308,0.170562744140625,23.283300399780273
run_1780110874_652630f9,1780112365.416998,1.0,6.0,2.0,-0.25869035720825195,0.0,-6.791026592254639,-28.71864128112793,25.869035720825195,-63.436744689941406,8.849068641662598,0.066920700912533,0.25869035720825195,23.283300399780273
run_1780110874_652630f9,1780112367.415232,1.0,6.0,2.0,-0.39092063903808594,0.0,-6.939785957336426,16.12693977355957,39.092063903808594,-32.24730682373047,9.282179832458496,0.15281894602594548,0.39092063903808594,23.283300399780273
run_1780110874_652630f9,1780112369.4093487,1.0,6.0,2.0,-0.4349956512451172,0.0,-6.989370346069336,56.61404037475586,43.49956512451172,4.29216194152832,8.822310447692871,0.18922121660216362,0.4349956512451172,23.283300399780273
run_1780110874_652630f9,1780112371.406762,1.0,6.0,2.0,-0.6112766265869141,0.0,-7.187685966491699,92.5241470336914,61.127662658691406,21.72991371154785,9.666570663452148,0.37365911421147757,0.6112766265869141,23.283300399780273
run_1780110874_652630f9,1780112373.4081235,1.0,6.0,2.0,-0.6553487777709961,0.0,-7.23726749420166,100.0,65.53488159179688,42.693443298339844,9.17000961303711,0.4294820205259384,0.6553487777709961,23.283300399780273
run_1780110874_652630f9,1780112375.4186168,1.0,6.0,2.0,-0.6994061470031738,0.0,-7.286831855773926,100.0,69.94061279296875,65.71326446533203,8.703948974609375,0.4891689584658252,0.6994061470031738,23.283300399780273
run_1780110874_652630f9,1780112377.413993,1.0,6.0,2.0,-0.6994061470031738,0.0,-7.286831855773926,100.0,69.94061279296875,89.02678680419922,7.873685836791992,0.4891689584658252,0.6994061470031738,23.283300399780273
run_1780110874_652630f9,1780112379.4088767,1.0,6.0,2.0,-0.6112766265869141,0.0,-7.187685966491699,100.0,61.127662658691406,100.0,6.254478454589844,0.37365911421147757,0.6112766265869141,23.283300399780273
run_1780110874_652630f9,1780112381.406778,1.0,6.0,2.0,-0.567204475402832,0.0,-7.1381049156188965,100.0,56.7204475402832,100.0,5.232341766357422,0.3217209169170019,0.567204475402832,23.283300399780273
run_1780110874_652630f9,1780112383.4175243,1.0,6.0,2.0,-0.4349956512451172,0.0,-6.989370346069336,100.0,43.49956512451172,100.0,3.5069053173065186,0.18922121660216362,0.4349956512451172,23.283300399780273
run_1780110874_652630f9,1780112385.4096837,1.0,6.0,2.0,-0.12648344039916992,0.0,-6.642293930053711,100.0,12.648344039916992,100.0,0.2681666612625122,0.01599806069521037,0.12648344039916992,23.283300399780273
run_1780110874_652630f9,1780112387.40768,1.0,6.0,2.0,0.005744457244873047,0.0,-6.493537425994873,97.98158264160156,-0.5744457244873047,99.53994750976562,-0.9839175343513489,3.2998789038174436e-05,0.005744457244873047,23.283300399780273
run_1780110874_652630f9,1780112389.4149497,1.0,6.0,2.0,0.4024643898010254,0.0,-6.047227382659912,24.999282836914062,-40.246437072753906,69.84195709228516,-4.5962347984313965,0.1619775850579117,0.4024643898010254,23.283300399780273
run_1780110874_652630f9,1780112391.4203956,1.0,6.0,2.0,0.6229124069213867,0.0,-5.79922342300415,-56.59213638305664,-62.29124069213867,11.901713371276855,-6.202608108520508,0.3880198666965953,0.6229124069213867,23.283300399780273
run_1780110874_652630f9,1780112393.415926,1.0,6.0,2.0,1.0637993812561035,0.0,-5.303225994110107,-100.0,-100.0,-27.59534454345703,-9.743550300598145,1.1316691235608687,1.0637993812561035,23.283300399780273
run_1780110874_652630f9,1780112395.4101145,1.0,6.0,2.0,1.2842812538146973,0.0,-5.055183410644531,-100.0,-100.0,-34.68734359741211,-10.85923957824707,1.6493783388998509,1.2842812538146973,23.283300399780273
run_1780110874_652630f9,1780112397.4160674,1.0,6.0,2.0,1.637068271636963,0.0,-4.658298015594482,-100.0,-100.0,-34.68734359741211,-13.130182266235352,2.679992526000433,1.637068271636963,23.283300399780273
run_1780110874_652630f9,1780112399.4117777,1.0,6.0,2.0,1.7693910598754883,0.0,-4.509435176849365,-100.0,-100.0,-34.68734359741211,-13.105085372924805,3.1307447227673038,1.7693910598754883,23.283300399780273
run_1780110874_652630f9,1780112401.4183776,1.0,6.0,2.0,2.0340394973754883,0.0,-4.211705684661865,-100.0,-100.0,-34.68734359741211,-14.33564567565918,4.137316676883529,2.0340394973754883,23.283300399780273
run_1780110874_652630f9,1780112403.4103014,1.0,6.0,2.0,2.122250556945801,0.0,-4.1124677658081055,-100.0,-100.0,-34.68734359741211,-13.786393165588379,4.503947426456762,2.122250556945801,23.283300399780273
run_1780110874_652630f9,1780112405.4201074,1.0,6.0,2.0,2.254566192626953,0.0,-3.9636125564575195,-100.0,-100.0,-34.68734359741211,-13.699139595031738,5.0830687169363955,2.254566192626953,23.283300399780273
run_1780110874_652630f9,1780112407.4166305,1.0,6.0,2.0,2.2986812591552734,0.0,-3.9139833450317383,-100.0,-100.0,-34.68734359741211,-12.801583290100098,5.283935531191673,2.2986812591552734,23.283300399780273
run_1780110874_652630f9,1780112409.4128537,1.0,6.0,2.0,2.2986812591552734,0.0,-3.9139833450317383,-100.0,-100.0,-34.68734359741211,-11.555564880371094,5.283935531191673,2.2986812591552734,23.283300399780273
run_1780110874_652630f9,1780112411.408142,1.0,6.0,2.0,2.386930227279663,0.0,-3.8147032260894775,-100.0,-100.0,-34.68734359741211,-11.288434028625488,5.697435909901344,2.386930227279663,23.283300399780273
run_1780110874_652630f9,1780112413.4210296,1.0,6.0,2.0,2.386930227279663,0.0,-3.8147032260894775,-100.0,-100.0,-34.68734359741211,-10.211636543273926,5.697435909901344,2.386930227279663,23.283300399780273
run_1780110874_652630f9,1780112415.4168413,1.0,6.0,2.0,2.386930227279663,0.0,-3.8147032260894775,-100.0,-100.0,-34.68734359741211,-9.237556457519531,5.697435909901344,2.386930227279663,23.283300399780273
run_1780110874_652630f9,1780112417.41425,1.0,6.0,2.0,2.3428285121917725,0.0,-3.8643181324005127,-100.0,-100.0,-34.68734359741211,-7.930579662322998,5.488845437538714,2.3428285121917725,23.283300399780273
run_1780110874_652630f9,1780112419.4082432,1.0,6.0,2.0,2.2986812591552734,0.0,-3.9139833450317383,-100.0,-100.0,-34.68734359741211,-6.756297588348389,5.283935531191673,2.2986812591552734,23.283300399780273
run_1780110874_652630f9,1780112421.418109,1.0,6.0,2.0,2.2986812591552734,0.0,-3.9139833450317383,-100.0,-100.0,-34.68734359741211,-6.111818313598633,5.283935531191673,2.2986812591552734,23.283300399780273
run_1780110874_652630f9,1780112423.4134278,1.0,6.0,2.0,2.2104506492614746,0.0,-4.013243198394775,-100.0,-100.0,-34.68734359741211,-4.693841934204102,4.886092072820475,2.2104506492614746,23.283300399780273
run_1780110874_652630f9,1780112425.4093082,1.0,6.0,2.0,2.166349411010742,0.0,-4.062856674194336,-100.0,-100.0,-34.68734359741211,-3.8202927112579346,4.69306977058659,2.166349411010742,23.283300399780273
run_1780110874_652630f9,1780112427.420307,1.0,6.0,2.0,2.122250556945801,0.0,-4.1124677658081055,-100.0,-100.0,-34.68734359741211,-3.038546085357666,4.503947426456762,2.122250556945801,23.283300399780273
run_1780110874_652630f9,1780112429.408824,1.0,6.0,2.0,2.0340394973754883,0.0,-4.211705684661865,-100.0,-100.0,-34.68734359741211,-1.9218696355819702,4.137316676883529,2.0340394973754883,23.283300399780273
run_1780110874_652630f9,1780112431.4159255,1.0,6.0,2.0,1.901719093322754,0.0,-4.360566139221191,-100.0,-100.0,-34.68734359741211,-0.4863243103027344,3.616535509908317,1.901719093322754,23.283300399780273
run_1780110874_652630f9,1780112433.4066682,1.0,6.0,2.0,1.8575944900512695,0.0,-4.410206317901611,-100.0,-100.0,-34.68734359741211,-0.01390236709266901,3.450657289468836,1.8575944900512695,23.283300399780273
run_1780110874_652630f9,1780112435.4215875,1.0,6.0,2.0,1.7693910598754883,0.0,-4.509435176849365,-100.0,-100.0,-34.68734359741211,0.8221402764320374,3.1307447227673038,1.7693910598754883,23.283300399780273
run_1780110874_652630f9,1780112437.4192262,1.0,6.0,2.0,1.6811747550964355,0.0,-4.608678340911865,-100.0,-100.0,-34.68734359741211,1.579225778579712,2.82634855717356,1.6811747550964355,23.283300399780273
run_1780110874_652630f9,1780112439.4132833,1.0,6.0,2.0,1.637068271636963,0.0,-4.658298015594482,-100.0,-100.0,-34.68734359741211,1.8459875583648682,2.679992526000433,1.637068271636963,23.283300399780273
run_1780110874_652630f9,1780112441.4176533,1.0,6.0,2.0,1.504781723022461,0.0,-4.8071208000183105,-100.0,-100.0,-34.68734359741211,2.9060730934143066,2.2643680339424463,1.504781723022461,23.283300399780273
run_1780110874_652630f9,1780112443.4160004,1.0,6.0,2.0,1.4165730476379395,0.0,-4.906355381011963,-100.0,-100.0,-34.68734359741211,3.463630437850952,2.00667919929424,1.4165730476379395,23.283300399780273
run_1780110874_652630f9,1780112445.4111614,1.0,6.0,2.0,1.3283824920654297,0.0,-5.0055694580078125,-100.0,-100.0,-34.68734359741211,3.9685065746307373,1.7646000452259614,1.3283824920654297,23.283300399780273
run_1780110874_652630f9,1780112447.4090054,1.0,6.0,2.0,1.240194320678711,0.0,-5.104781150817871,-100.0,-100.0,-34.68734359741211,4.424525260925293,1.5380819530437293,1.240194320678711,23.283300399780273
run_1780110874_652630f9,1780112449.4184952,1.0,6.0,2.0,1.1078968048095703,0.0,-5.2536163330078125,-100.0,-100.0,-72.79318237304688,5.238741874694824,1.2274353301072551,1.1078968048095703,23.283300399780273
run_1780110874_652630f9,1780112451.4147127,1.0,6.0,2.0,1.0197148323059082,0.0,-5.352820873260498,-100.0,-100.0,-100.0,5.573534965515137,1.0398183392246665,1.0197148323059082,23.283300399780273
run_1780110874_652630f9,1780112453.4086468,1.0,6.0,2.0,0.8874416351318359,0.0,-5.501628398895264,-100.0,-88.7441635131836,-100.0,6.311379909515381,0.7875526557654666,0.8874416351318359,23.283300399780273
run_1780110874_652630f9,1780112455.4206464,1.0,6.0,2.0,0.8433465957641602,0.0,-5.551235198974609,-100.0,-84.33465576171875,-100.0,6.126635551452637,0.7112334805869978,0.8433465957641602,23.283300399780273
run_1780110874_652630f9,1780112457.4152255,1.0,6.0,2.0,0.7110810279846191,0.0,-5.700033664703369,-100.0,-71.10810089111328,-100.0,6.778192520141602,0.5056362283596627,0.7110810279846191,23.283300399780273
run_1780110874_652630f9,1780112459.4107506,1.0,6.0,2.0,0.6229124069213867,0.0,-5.79922342300415,-100.0,-62.29124069213867,-100.0,6.966011047363281,0.3880198666965953,0.6229124069213867,23.283300399780273
run_1780110874_652630f9,1780112461.4187236,1.0,6.0,2.0,0.49062681198120117,0.0,-5.948044776916504,-100.0,-49.06268310546875,-100.0,7.571163654327393,0.24071466863483693,0.49062681198120117,23.283300399780273
run_1780110874_652630f9,1780112463.4082646,1.0,6.0,2.0,0.4024643898010254,0.0,-6.047227382659912,-100.0,-40.246437072753906,-100.0,7.683282852172852,0.1619775850579117,0.4024643898010254,23.283300399780273
run_1780110874_652630f9,1780112465.4153397,1.0,6.0,2.0,0.2702336311340332,0.0,-6.195987224578857,-100.0,-27.02336311340332,-100.0,8.227604866027832,0.07302621539588472,0.2702336311340332,23.283300399780273
run_1780110874_652630f9,1780112467.410107,1.0,6.0,2.0,0.22616147994995117,0.0,-6.24556827545166,-100.0,-22.616147994995117,-100.0,7.859856605529785,0.051149015013152166,0.22616147994995117,23.283300399780273
run_1780110874_652630f9,1780112469.4091077,1.0,6.0,2.0,0.09392404556274414,0.0,-6.3943352699279785,-100.0,-9.392404556274414,-100.0,8.362043380737305,0.008821726334872437,0.09392404556274414,23.283300399780273
run_1780110874_652630f9,1780112471.4207761,1.0,6.0,2.0,0.005744457244873047,0.0,-6.493537425994873,-92.1755599975586,-0.5744457244873047,-100.0,8.398883819580078,3.2998789038174436e-05,0.005744457244873047,23.283300399780273
run_1780110874_652630f9,1780112473.417769,1.0,6.0,2.0,-0.12648344039916992,0.0,-6.642293930053711,-71.0198974609375,12.648344039916992,-92.51780700683594,8.849564552307129,0.01599806069521037,0.12648344039916992,23.283300399780273
run_1780110874_652630f9,1780112475.4102724,1.0,6.0,2.0,-0.21464109420776367,0.0,-6.741471290588379,-44.25827407836914,21.464109420776367,-74.56207275390625,8.839691162109375,0.04607079932270608,0.21464109420776367,23.283300399780273
run_1780110874_652630f9,1780112477.419428,1.0,6.0,2.0,-0.39092063903808594,0.0,-6.939785957336426,1.897895336151123,39.092063903808594,-46.901798248291016,9.707630157470703,0.15281894602594548,0.39092063903808594,23.283300399780273
run_1780110874_652630f9,1780112479.4148886,1.0,6.0,2.0,-0.47905588150024414,0.0,-7.038938045501709,55.0440788269043,47.90558624267578,-2.4772050380706787,9.615696907043457,0.22949453759997596,0.47905588150024414,23.283300399780273
run_1780110874_652630f9,1780112481.413685,1.0,6.0,2.0,-0.5231304168701172,0.0,-7.088521957397461,78.4293212890625,52.31304168701172,16.983654022216797,9.132628440856934,0.2736654330547026,0.5231304168701172,23.283300399780273
run_1780110874_652630f9,1780112483.4226286,1.0,6.0,2.0,-0.6112766265869141,0.0,-7.187685966491699,100.0,61.127662658691406,36.18426513671875,9.095646858215332,0.37365911421147757,0.6112766265869141,23.283300399780273
run_1780110874_652630f9,1780112485.4166193,1.0,6.0,2.0,-0.6994061470031738,0.0,-7.286831855773926,100.0,69.94061279296875,58.02914047241211,9.070816993713379,0.4891689584658252,0.6994061470031738,23.283300399780273
run_1780110874_652630f9,1780112487.4208775,1.0,6.0,2.0,-0.6994061470031738,0.0,-7.286831855773926,100.0,69.94061279296875,81.34265899658203,8.20555591583252,0.4891689584658252,0.6994061470031738,23.283300399780273
run_1780110874_652630f9,1780112489.4153993,1.0,6.0,2.0,-0.6994061470031738,0.0,-7.286831855773926,100.0,69.94061279296875,100.0,7.422832489013672,0.4891689584658252,0.6994061470031738,23.283300399780273
run_1780110874_652630f9,1780112491.410198,1.0,6.0,2.0,-0.6112766265869141,0.0,-7.187685966491699,100.0,61.127662658691406,100.0,5.863865375518799,0.37365911421147757,0.6112766265869141,23.283300399780273
run_1780110874_652630f9,1780112493.4159114,1.0,6.0,2.0,-0.3468303680419922,0.0,-6.89018440246582,100.0,34.68303680419922,100.0,2.775557279586792,0.12029130419614376,0.3468303680419922,23.283300399780273
run_1780110874_652630f9,1780112495.4084444,1.0,6.0,2.0,-0.21464109420776367,0.0,-6.741471290588379,100.0,21.464109420776367,100.0,1.2344849109649658,0.04607079932270608,0.21464109420776367,23.283300399780273
run_1780110874_652630f9,1780112497.4198296,1.0,6.0,2.0,0.13799333572387695,0.0,-6.344757556915283,81.15709686279297,-13.799333572387695,97.23737335205078,-2.280945301055908,0.019042160704202615,0.13799333572387695,23.283300399780273
run_1780110874_652630f9,1780112499.4104223,1.0,6.0,2.0,0.3143186569213867,0.0,-6.14639139175415,41.16645050048828,-31.431865692138672,76.3641357421875,-3.7658228874206543,0.09879621808886441,0.3143186569213867,23.283300399780273
run_1780110874_652630f9,1780112501.4135532,1.0,6.0,2.0,0.7551732063293457,0.0,-5.650430202484131,-60.30297088623047,-75.51731872558594,22.836946487426758,-7.622598171234131,0.5702865715577445,0.7551732063293457,23.283300399780273
run_1780110874_652630f9,1780112503.4092321,1.0,6.0,2.0,0.9756040573120117,0.0,-5.4024457931518555,-100.0,-97.56040954589844,-22.92173957824707,-9.023786544799805,0.951803276643659,0.9756040573120117,23.283300399780273
run_1780110874_652630f9,1780112505.4062324,1.0,6.0,2.0,1.4165730476379395,0.0,-4.906355381011963,-100.0,-100.0,-53.34766387939453,-12.380086898803711,2.00667919929424,1.4165730476379395,23.283300399780273
run_1780110874_652630f9,1780112507.418235,1.0,6.0,2.0,1.5929765701293945,0.0,-4.707901477813721,-100.0,-100.0,-53.34766387939453,-12.902368545532227,2.53757435298121,1.5929765701293945,23.283300399780273
run_1780110874_652630f9,1780112509.4102492,1.0,6.0,2.0,1.901719093322754,0.0,-4.360566139221191,-100.0,-100.0,-53.34766387939453,-14.636877059936523,3.616535509908317,1.901719093322754,23.283300399780273
run_1780110874_652630f9,1780112511.4095995,1.0,6.0,2.0,1.9899277687072754,0.0,-4.261331081390381,-100.0,-100.0,-53.34766387939453,-14.092345237731934,3.9598125246723157,1.9899277687072754,23.283300399780273
run_1780110874_652630f9,1780112513.4149885,1.0,6.0,2.0,2.166349411010742,0.0,-4.062856674194336,-100.0,-100.0,-53.34766387939453,-14.409875869750977,4.69306977058659,2.166349411010742,23.283300399780273
run_1780110874_652630f9,1780112515.4217424,1.0,6.0,2.0,2.254566192626953,0.0,-3.9636125564575195,-100.0,-100.0,-53.34766387939453,-13.887076377868652,5.0830687169363955,2.254566192626953,23.283300399780273
run_1780110874_652630f9,1780112517.4155807,1.0,6.0,2.0,2.2986812591552734,0.0,-3.9139833450317383,-100.0,-100.0,-53.34766387939453,-12.97159194946289,5.283935531191673,2.2986812591552734,23.283300399780273
run_1780110874_652630f9,1780112519.421745,1.0,6.0,2.0,2.3428285121917725,0.0,-3.8643181324005127,-100.0,-100.0,-53.34766387939453,-12.160490989685059,5.488845437538714,2.3428285121917725,23.283300399780273
run_1780110874_652630f9,1780112521.4200895,1.0,6.0,2.0,2.3428285121917725,0.0,-3.8643181324005127,-100.0,-100.0,-53.34766387939453,-11.000508308410645,5.488845437538714,2.3428285121917725,23.283300399780273
run_1780110874_652630f9,1780112523.4146118,1.0,6.0,2.0,2.3428285121917725,0.0,-3.8643181324005127,-100.0,-100.0,-53.34766387939453,-9.951177597045898,5.488845437538714,2.3428285121917725,23.283300399780273
run_1780110874_652630f9,1780112525.4113083,1.0,6.0,2.0,2.2986812591552734,0.0,-3.9139833450317383,-100.0,-100.0,-53.34766387939453,-8.59244441986084,5.283935531191673,2.2986812591552734,23.283300399780273
run_1780110874_652630f9,1780112527.4089053,1.0,6.0,2.0,2.254566192626953,0.0,-3.9636125564575195,-100.0,-100.0,-53.34766387939453,-7.346875190734863,5.0830687169363955,2.254566192626953,23.283300399780273
run_1780110874_652630f9,1780112529.411485,1.0,6.0,2.0,2.2104506492614746,0.0,-4.013243198394775,-100.0,-100.0,-53.34766387939453,-6.236860752105713,4.886092072820475,2.2104506492614746,23.283300399780273
run_1780110874_652630f9,1780112531.4204388,1.0,6.0,2.0,2.166349411010742,0.0,-4.062856674194336,-100.0,-100.0,-53.34766387939453,-5.216123580932617,4.69306977058659,2.166349411010742,23.283300399780273
run_1780110874_652630f9,1780112533.4178348,1.0,6.0,2.0,2.0340394973754883,0.0,-4.211705684661865,-100.0,-100.0,-53.34766387939453,-3.491295576095581,4.137316676883529,2.0340394973754883,23.283300399780273
run_1780110874_652630f9,1780112535.416835,1.0,6.0,2.0,1.9899277687072754,0.0,-4.261331081390381,-100.0,-100.0,-53.34766387939453,-2.7323553562164307,3.9598125246723157,1.9899277687072754,23.283300399780273
run_1780110874_652630f9,1780112537.4098003,1.0,6.0,2.0,1.9458293914794922,0.0,-4.310941696166992,-100.0,-100.0,-53.34766387939453,-2.0626747608184814,3.786252020745451,1.9458293914794922,23.283300399780273
run_1780110874_652630f9,1780112539.4186788,1.0,6.0,2.0,1.7693910598754883,0.0,-4.509435176849365,-100.0,-100.0,-53.34766387939453,-0.23695756494998932,3.1307447227673038,1.7693910598754883,23.283300399780273
run_1780110874_652630f9,1780112541.416883,1.0,6.0,2.0,1.7693910598754883,0.0,-4.509435176849365,-100.0,-100.0,-53.34766387939453,-0.2143542766571045,3.1307447227673038,1.7693910598754883,23.283300399780273
run_1780110874_652630f9,1780112543.408299,1.0,6.0,2.0,1.637068271636963,0.0,-4.658298015594482,-100.0,-100.0,-53.34766387939453,1.033972978591919,2.679992526000433,1.637068271636963,23.283300399780273
run_1780110874_652630f9,1780112545.4180164,1.0,6.0,2.0,1.5929765701293945,0.0,-4.707901477813721,-100.0,-100.0,-53.34766387939453,1.3526062965393066,2.53757435298121,1.5929765701293945,23.283300399780273
run_1780110874_652630f9,1780112547.4131818,1.0,6.0,2.0,1.4165730476379395,0.0,-4.906355381011963,-100.0,-100.0,-53.34766387939453,2.8770828247070312,2.00667919929424,1.4165730476379395,23.283300399780273
run_1780110874_652630f9,1780112549.4111822,1.0,6.0,2.0,1.3283824920654297,0.0,-5.0055694580078125,-100.0,-100.0,-53.34766387939453,3.4372341632843018,1.7646000452259614,1.3283824920654297,23.283300399780273
run_1780110874_652630f9,1780112551.4217424,1.0,6.0,2.0,1.240194320678711,0.0,-5.104781150817871,-100.0,-100.0,-53.34766387939453,3.9608325958251953,1.5380819530437293,1.240194320678711,23.283300399780273
run_1780110874_652630f9,1780112553.4100635,1.0,6.0,2.0,1.1519956588745117,0.0,-5.204005241394043,-100.0,-100.0,-76.38755798339844,4.417683124542236,1.3270939980657204,1.1519956588745117,23.283300399780273
run_1780110874_652630f9,1780112555.4090607,nan,nan,nan,1.0197148323059082,nan,-5.352820873260498,nan,nan,nan,nan,nan,nan,23.283300399780273
