run_id,timestamp,kp,ki,kd,temp,temp_ref,temp_raw,temp_u,temp_u_p,temp_u_i,temp_u_d,sq_error,mae,start_temp
run_1780546896_1e418bf6,1780547377.539275,1.0,998.0,3.0,24.749921798706055,0.0,21.34366226196289,-100.0,-100.0,0.0,0.08625996857881546,612.5586290420651,24.749921798706055,24.749921798706055
run_1780546896_1e418bf6,1780547379.2384152,1.0,998.0,3.0,24.749921798706055,0.0,21.34366226196289,-100.0,-100.0,0.0,0.07803168892860413,612.5586290420651,24.749921798706055,24.749921798706055
run_1780546896_1e418bf6,1780547381.2418528,1.0,998.0,3.0,24.749921798706055,0.0,21.34366226196289,-100.0,-100.0,0.0,0.07058827579021454,612.5586290420651,24.749921798706055,24.749921798706055
run_1780546896_1e418bf6,1780547383.2456763,1.0,998.0,3.0,24.749921798706055,0.0,21.34366226196289,-100.0,-100.0,0.0,0.0638548955321312,612.5586290420651,24.749921798706055,24.749921798706055
run_1780546896_1e418bf6,1780547385.2463174,1.0,998.0,3.0,24.705448150634766,0.0,21.293630599975586,-100.0,-100.0,0.0,0.7248679399490356,610.3591683237028,24.705448150634766,24.749921798706055
run_1780546896_1e418bf6,1780547387.2499373,1.0,998.0,3.0,24.705448150634766,0.0,21.293630599975586,-100.0,-100.0,0.0,0.6557231545448303,610.3591683237028,24.705448150634766,24.749921798706055
run_1780546896_1e418bf6,1780547389.2362096,1.0,998.0,3.0,24.705448150634766,0.0,21.293630599975586,-100.0,-100.0,0.0,0.5931739807128906,610.3591683237028,24.705448150634766,24.749921798706055
run_1780546896_1e418bf6,1780547391.2382748,1.0,998.0,3.0,24.705448150634766,0.0,21.293630599975586,-100.0,-100.0,0.0,0.5365914106369019,610.3591683237028,24.705448150634766,24.749921798706055
run_1780546896_1e418bf6,1780547393.2436197,1.0,998.0,3.0,24.705448150634766,0.0,21.293630599975586,-100.0,-100.0,0.0,0.4854063093662262,610.3591683237028,24.705448150634766,24.749921798706055
run_1780546896_1e418bf6,1780547395.2437682,1.0,998.0,3.0,24.661008834838867,0.0,21.243635177612305,-100.0,-100.0,0.0,1.0924606323242188,608.1653567520007,24.661008834838867,24.749921798706055
run_1780546896_1e418bf6,1780547397.2457216,1.0,998.0,3.0,24.661008834838867,0.0,21.243635177612305,-100.0,-100.0,0.0,0.9882514476776123,608.1653567520007,24.661008834838867,24.749921798706055
run_1780546896_1e418bf6,1780547399.2501311,1.0,998.0,3.0,24.661008834838867,0.0,21.243635177612305,-100.0,-100.0,0.0,0.8939827084541321,608.1653567520007,24.661008834838867,24.749921798706055
run_1780546896_1e418bf6,1780547401.237418,1.0,998.0,3.0,24.661008834838867,0.0,21.243635177612305,-100.0,-100.0,0.0,0.8087062239646912,608.1653567520007,24.661008834838867,24.749921798706055
run_1780546896_1e418bf6,1780547403.2377613,1.0,998.0,3.0,24.616539001464844,0.0,21.193607330322266,-100.0,-100.0,0.0,1.385369896888733,605.9739924106398,24.616539001464844,24.749921798706055
run_1780546896_1e418bf6,1780547405.2370787,1.0,998.0,3.0,24.616539001464844,0.0,21.193607330322266,-100.0,-100.0,0.0,1.2532204389572144,605.9739924106398,24.616539001464844,24.749921798706055
run_1780546896_1e418bf6,1780547407.238971,1.0,998.0,3.0,24.616539001464844,0.0,21.193607330322266,-100.0,-100.0,0.0,1.1336764097213745,605.9739924106398,24.616539001464844,24.749921798706055
run_1780546896_1e418bf6,1780547409.2442665,1.0,998.0,3.0,24.616539001464844,0.0,21.193607330322266,-100.0,-100.0,0.0,1.0255355834960938,605.9739924106398,24.616539001464844,24.749921798706055
run_1780546896_1e418bf6,1780547411.2458117,1.0,998.0,3.0,24.57208251953125,0.0,21.143592834472656,-100.0,-100.0,0.0,1.5813194513320923,603.7872393466532,24.57208251953125,24.749921798706055
run_1780546896_1e418bf6,1780547413.2502828,1.0,998.0,3.0,24.57208251953125,0.0,21.143592834472656,-100.0,-100.0,0.0,1.4304784536361694,603.7872393466532,24.57208251953125,24.749921798706055
run_1780546896_1e418bf6,1780547415.2386546,1.0,998.0,3.0,24.57208251953125,0.0,21.143592834472656,-100.0,-100.0,0.0,1.2940258979797363,603.7872393466532,24.57208251953125,24.749921798706055
run_1780546896_1e418bf6,1780547417.2431138,1.0,998.0,3.0,24.57208251953125,0.0,21.143592834472656,-100.0,-100.0,0.0,1.1705894470214844,603.7872393466532,24.57208251953125,24.749921798706055
run_1780546896_1e418bf6,1780547419.2439616,1.0,998.0,3.0,24.57208251953125,0.0,21.143592834472656,-100.0,-100.0,0.0,1.0589275360107422,603.7872393466532,24.57208251953125,24.749921798706055
run_1780546896_1e418bf6,1780547421.2480223,1.0,998.0,3.0,24.527645111083984,0.0,21.093599319458008,-100.0,-100.0,0.0,1.5855655670166016,601.6053746952821,24.527645111083984,24.749921798706055
run_1780546896_1e418bf6,1780547423.2516723,1.0,998.0,3.0,24.527645111083984,0.0,21.093599319458008,-100.0,-100.0,0.0,1.434319257736206,601.6053746952821,24.527645111083984,24.749921798706055
run_1780546896_1e418bf6,1780547425.2412689,1.0,998.0,3.0,24.527645111083984,0.0,21.093599319458008,-100.0,-100.0,0.0,1.2975003719329834,601.6053746952821,24.527645111083984,24.749921798706055
run_1780546896_1e418bf6,1780547427.2423887,1.0,998.0,3.0,24.527645111083984,0.0,21.093599319458008,-100.0,-100.0,0.0,1.1737327575683594,601.6053746952821,24.527645111083984,24.749921798706055
run_1780546896_1e418bf6,1780547429.244465,1.0,998.0,3.0,24.527645111083984,0.0,21.093599319458008,-100.0,-100.0,0.0,1.0617709159851074,601.6053746952821,24.527645111083984,24.749921798706055
run_1780546896_1e418bf6,1780547431.2433753,1.0,998.0,3.0,24.527645111083984,0.0,21.093599319458008,-100.0,-100.0,0.0,0.9604891538619995,601.6053746952821,24.527645111083984,24.749921798706055
run_1780546896_1e418bf6,1780547433.2417047,1.0,998.0,3.0,24.483177185058594,0.0,21.0435733795166,-100.0,-100.0,0.0,1.4969478845596313,599.4259650749736,24.483177185058594,24.749921798706055
run_1780546896_1e418bf6,1780547435.2436557,1.0,998.0,3.0,24.483177185058594,0.0,21.0435733795166,-100.0,-100.0,0.0,1.3541548252105713,599.4259650749736,24.483177185058594,24.749921798706055
run_1780546896_1e418bf6,1780547437.24417,1.0,998.0,3.0,24.483177185058594,0.0,21.0435733795166,-100.0,-100.0,0.0,1.224982738494873,599.4259650749736,24.483177185058594,24.749921798706055
run_1780546896_1e418bf6,1780547439.2440758,1.0,998.0,3.0,24.483177185058594,0.0,21.0435733795166,-100.0,-100.0,0.0,1.108132243156433,599.4259650749736,24.483177185058594,24.749921798706055
run_1780546896_1e418bf6,1780547441.2466762,1.0,998.0,3.0,24.483177185058594,0.0,21.0435733795166,-100.0,-100.0,0.0,1.0024281740188599,599.4259650749736,24.483177185058594,24.749921798706055
run_1780546896_1e418bf6,1780547443.247296,1.0,998.0,3.0,24.483177185058594,0.0,21.0435733795166,-100.0,-100.0,0.0,0.9068071842193604,599.4259650749736,24.483177185058594,24.749921798706055
run_1780546896_1e418bf6,1780547445.2476208,1.0,998.0,3.0,24.438722610473633,0.0,20.993562698364258,-100.0,-100.0,0.0,1.4481985569000244,597.2511628316752,24.438722610473633,24.749921798706055
run_1780546896_1e418bf6,1780547447.246298,1.0,998.0,3.0,24.438722610473633,0.0,20.993562698364258,-100.0,-100.0,0.0,1.3100557327270508,597.2511628316752,24.438722610473633,24.749921798706055
run_1780546896_1e418bf6,1780547449.2490256,1.0,998.0,3.0,24.438722610473633,0.0,20.993562698364258,-100.0,-100.0,0.0,1.185090184211731,597.2511628316752,24.438722610473633,24.749921798706055
run_1780546896_1e418bf6,1780547451.2469134,1.0,998.0,3.0,24.438722610473633,0.0,20.993562698364258,-100.0,-100.0,0.0,1.072045087814331,597.2511628316752,24.438722610473633,24.749921798706055
run_1780546896_1e418bf6,1780547453.2501636,1.0,998.0,3.0,24.438722610473633,0.0,20.993562698364258,-100.0,-100.0,0.0,0.9697833061218262,597.2511628316752,24.438722610473633,24.749921798706055
run_1780546896_1e418bf6,1780547455.2522075,1.0,998.0,3.0,24.438722610473633,0.0,20.993562698364258,-100.0,-100.0,0.0,0.8772762417793274,597.2511628316752,24.438722610473633,24.749921798706055
run_1780546896_1e418bf6,1780547457.2398975,1.0,998.0,3.0,24.394285202026367,0.0,20.943571090698242,-100.0,-100.0,0.0,1.4339536428451538,595.0811505178026,24.394285202026367,24.749921798706055
run_1780546896_1e418bf6,1780547459.2454855,1.0,998.0,3.0,24.394285202026367,0.0,20.943571090698242,-100.0,-100.0,0.0,1.2971696853637695,595.0811505178026,24.394285202026367,24.749921798706055
run_1780546896_1e418bf6,1780547461.2448106,1.0,998.0,3.0,24.394285202026367,0.0,20.943571090698242,-100.0,-100.0,0.0,1.1734336614608765,595.0811505178026,24.394285202026367,24.749921798706055
run_1780546896_1e418bf6,1780547463.2479753,1.0,998.0,3.0,24.394285202026367,0.0,20.943571090698242,-100.0,-100.0,0.0,1.0615003108978271,595.0811505178026,24.394285202026367,24.749921798706055
run_1780546896_1e418bf6,1780547465.2489374,1.0,998.0,3.0,24.394285202026367,0.0,20.943571090698242,-100.0,-100.0,0.0,0.9602445363998413,595.0811505178026,24.394285202026367,24.749921798706055
run_1780546896_1e418bf6,1780547467.2395346,1.0,998.0,3.0,24.394285202026367,0.0,20.943571090698242,-100.0,-100.0,0.0,0.8686471581459045,595.0811505178026,24.394285202026367,24.749921798706055
run_1780546896_1e418bf6,1780547469.2467246,1.0,998.0,3.0,24.394285202026367,0.0,20.943571090698242,-100.0,-100.0,0.0,0.7857874035835266,595.0811505178026,24.394285202026367,24.749921798706055
run_1780546896_1e418bf6,1780547471.2476554,1.0,998.0,3.0,24.34983253479004,0.0,20.89356231689453,-100.0,-100.0,0.0,1.3643850088119507,592.9143444723195,24.34983253479004,24.749921798706055
run_1780546896_1e418bf6,1780547473.2501547,1.0,998.0,3.0,24.394285202026367,0.0,20.943571090698242,-100.0,-100.0,0.0,0.5936570763587952,595.0811505178026,24.394285202026367,24.749921798706055
run_1780546896_1e418bf6,1780547475.2394829,1.0,998.0,3.0,24.34983253479004,0.0,20.89356231689453,-100.0,-100.0,0.0,1.152429223060608,592.9143444723195,24.34983253479004,24.749921798706055
run_1780546896_1e418bf6,1780547477.241929,1.0,998.0,3.0,24.34983253479004,0.0,20.89356231689453,-100.0,-100.0,0.0,1.0424995422363281,592.9143444723195,24.34983253479004,24.749921798706055
run_1780546896_1e418bf6,1780547479.2406611,1.0,998.0,3.0,24.34983253479004,0.0,20.89356231689453,-100.0,-100.0,0.0,0.9430562257766724,592.9143444723195,24.34983253479004,24.749921798706055
run_1780546896_1e418bf6,1780547481.2425256,1.0,998.0,3.0,24.34983253479004,0.0,20.89356231689453,-100.0,-100.0,0.0,0.8530986309051514,592.9143444723195,24.34983253479004,24.749921798706055
run_1780546896_1e418bf6,1780547483.250668,1.0,998.0,3.0,24.34983253479004,0.0,20.89356231689453,-100.0,-100.0,0.0,0.7717219591140747,592.9143444723195,24.34983253479004,24.749921798706055
run_1780546896_1e418bf6,1780547485.238764,1.0,998.0,3.0,24.34983253479004,0.0,20.89356231689453,-100.0,-100.0,0.0,0.6981078386306763,592.9143444723195,24.34983253479004,24.749921798706055
run_1780546896_1e418bf6,1780547487.2413552,1.0,998.0,3.0,24.305397033691406,0.0,20.843570709228516,-100.0,-100.0,0.0,1.2466787099838257,590.752324965375,24.305397033691406,24.749921798706055
run_1780546896_1e418bf6,1780547489.2462237,1.0,998.0,3.0,24.305397033691406,0.0,20.843570709228516,-100.0,-100.0,0.0,1.1277588605880737,590.752324965375,24.305397033691406,24.749921798706055
run_1780546896_1e418bf6,1780547491.2494838,1.0,998.0,3.0,24.305397033691406,0.0,20.843570709228516,-100.0,-100.0,0.0,1.020182490348816,590.752324965375,24.305397033691406,24.749921798706055
run_1780546896_1e418bf6,1780547493.2503705,1.0,998.0,3.0,24.305397033691406,0.0,20.843570709228516,-100.0,-100.0,0.0,0.9228678345680237,590.752324965375,24.305397033691406,24.749921798706055
run_1780546896_1e418bf6,1780547495.2380865,1.0,998.0,3.0,24.305397033691406,0.0,20.843570709228516,-100.0,-100.0,0.0,0.8348360657691956,590.752324965375,24.305397033691406,24.749921798706055
run_1780546896_1e418bf6,1780547497.240141,1.0,998.0,3.0,24.305397033691406,0.0,20.843570709228516,-100.0,-100.0,0.0,0.7552014589309692,590.752324965375,24.305397033691406,24.749921798706055
run_1780546896_1e418bf6,1780547499.2431552,1.0,998.0,3.0,24.305397033691406,0.0,20.843570709228516,-100.0,-100.0,0.0,0.6831632852554321,590.752324965375,24.305397033691406,24.749921798706055
run_1780546896_1e418bf6,1780547501.241521,1.0,998.0,3.0,24.260963439941406,0.0,20.793582916259766,-100.0,-100.0,0.0,1.258302092552185,588.5943470341736,24.260963439941406,24.749921798706055
run_1780546896_1e418bf6,1780547503.2420497,1.0,998.0,3.0,24.260963439941406,0.0,20.793582916259766,-100.0,-100.0,0.0,1.1382732391357422,588.5943470341736,24.260963439941406,24.749921798706055
run_1780546896_1e418bf6,1780547505.2430644,1.0,998.0,3.0,24.260963439941406,0.0,20.793582916259766,-100.0,-100.0,0.0,1.029693841934204,588.5943470341736,24.260963439941406,24.749921798706055
run_1780546896_1e418bf6,1780547507.2463636,1.0,998.0,3.0,24.216514587402344,0.0,20.74357795715332,-100.0,-100.0,0.0,1.5592824220657349,586.4395787618705,24.216514587402344,24.749921798706055
run_1780546896_1e418bf6,1780547509.2448132,1.0,998.0,3.0,24.172046661376953,0.0,20.693553924560547,-100.0,-100.0,0.0,2.0513429641723633,584.2878397997847,24.172046661376953,24.749921798706055
run_1780546896_1e418bf6,1780547511.2450833,1.0,998.0,3.0,24.172046661376953,0.0,20.693553924560547,-100.0,-100.0,0.0,1.8556665182113647,584.2878397997847,24.172046661376953,24.749921798706055
run_1780546896_1e418bf6,1780547513.2470682,1.0,998.0,3.0,24.127613067626953,0.0,20.643566131591797,-100.0,-100.0,0.0,2.3189609050750732,582.1417123411229,24.127613067626953,24.749921798706055
run_1780546896_1e418bf6,1780547515.251346,1.0,998.0,3.0,24.083168029785156,0.0,20.593564987182617,-100.0,-100.0,0.0,2.7644314765930176,579.9989823508658,24.083168029785156,24.749921798706055
run_1780546896_1e418bf6,1780547517.23716,1.0,998.0,3.0,24.083168029785156,0.0,20.593564987182617,-100.0,-100.0,0.0,2.5007336139678955,579.9989823508658,24.083168029785156,24.749921798706055
run_1780546896_1e418bf6,1780547519.238823,1.0,998.0,3.0,24.038734436035156,0.0,20.543577194213867,-100.0,-100.0,0.0,2.889784812927246,577.8607532862225,24.038734436035156,24.749921798706055
run_1780546896_1e418bf6,1780547521.2400966,1.0,998.0,3.0,23.994287490844727,0.0,20.493574142456055,-100.0,-100.0,0.0,3.2546274662017822,575.7258321933077,23.994287490844727,24.749921798706055
run_1780546896_1e418bf6,1780547523.2433202,1.0,998.0,3.0,23.949857711791992,0.0,20.44359016418457,-100.0,-100.0,0.0,3.6106162071228027,573.5956844150824,23.949857711791992,24.749921798706055
run_1780546896_1e418bf6,1780547525.2488782,1.0,998.0,3.0,23.949857711791992,0.0,20.44359016418457,-100.0,-100.0,0.0,3.2662014961242676,573.5956844150824,23.949857711791992,24.749921798706055
run_1780546896_1e418bf6,1780547527.251138,1.0,998.0,3.0,23.86095428466797,0.0,20.34357261657715,-100.0,-100.0,0.0,4.249261379241943,569.3451393750147,23.86095428466797,24.749921798706055
run_1780546896_1e418bf6,1780547529.2395656,1.0,998.0,3.0,23.86095428466797,0.0,20.34357261657715,-100.0,-100.0,0.0,3.8439266681671143,569.3451393750147,23.86095428466797,24.749921798706055
run_1780546896_1e418bf6,1780547531.2428727,1.0,998.0,3.0,23.772083282470703,0.0,20.243593215942383,-100.0,-100.0,0.0,4.771414279937744,565.1119435887231,23.772083282470703,24.749921798706055
run_1780546896_1e418bf6,1780547533.245334,1.0,998.0,3.0,23.772083282470703,0.0,20.243593215942383,-100.0,-100.0,0.0,4.316272258758545,565.1119435887231,23.772083282470703,24.749921798706055
run_1780546896_1e418bf6,1780547535.250167,1.0,998.0,3.0,23.683202743530273,0.0,20.14360237121582,-100.0,-100.0,0.0,5.198846817016602,560.8940921911599,23.683202743530273,24.749921798706055
run_1780546896_1e418bf6,1780547537.2430906,1.0,998.0,3.0,23.638790130615234,0.0,20.093637466430664,-100.0,-100.0,0.0,5.35589599609375,558.7923988392722,23.638790130615234,24.749921798706055
run_1780546896_1e418bf6,1780547539.2391436,1.0,998.0,3.0,23.59433364868164,0.0,20.043624877929688,-100.0,-100.0,0.0,5.511846542358398,556.6925803253107,23.59433364868164,24.749921798706055
run_1780546896_1e418bf6,1780547541.2506812,1.0,998.0,3.0,23.549909591674805,0.0,19.993648529052734,-100.0,-100.0,0.0,5.639207363128662,554.598241776057,23.549909591674805,24.749921798706055
run_1780546896_1e418bf6,1780547543.2472312,1.0,998.0,3.0,23.46104621887207,0.0,19.8936767578125,-100.0,-100.0,0.0,6.395322799682617,550.4206896840515,23.46104621887207,24.749921798706055
run_1780546896_1e418bf6,1780547545.2402382,1.0,998.0,3.0,23.46104621887207,0.0,19.8936767578125,-100.0,-100.0,0.0,5.785277366638184,550.4206896840515,23.46104621887207,24.749921798706055
run_1780546896_1e418bf6,1780547547.2519124,1.0,998.0,3.0,23.37218475341797,0.0,19.79370880126953,-100.0,-100.0,0.0,6.488532543182373,546.2590201479034,23.37218475341797,24.749921798706055
run_1780546896_1e418bf6,1780547549.2516518,1.0,998.0,3.0,23.327735900878906,0.0,19.743703842163086,-100.0,-100.0,0.0,6.523090362548828,544.1832622611546,23.327735900878906,24.749921798706055
run_1780546896_1e418bf6,1780547551.2509105,1.0,998.0,3.0,23.23885154724121,0.0,19.643707275390625,-100.0,-100.0,0.0,7.195211410522461,540.0442212347152,23.23885154724121,24.749921798706055
run_1780546896_1e418bf6,1780547553.2489142,1.0,998.0,3.0,23.14999771118164,0.0,19.543746948242188,-100.0,-100.0,0.0,7.815213680267334,535.9223940277152,23.14999771118164,24.749921798706055
run_1780546896_1e418bf6,1780547555.244912,1.0,998.0,3.0,23.10558319091797,0.0,19.4937801361084,-100.0,-100.0,0.0,7.697052001953125,533.867974592431,23.10558319091797,24.749921798706055
run_1780546896_1e418bf6,1780547557.2400022,1.0,998.0,3.0,23.01673126220703,0.0,19.393823623657227,-100.0,-100.0,0.0,8.231040954589844,529.7699179966585,23.01673126220703,24.749921798706055
run_1780546896_1e418bf6,1780547559.246447,1.0,998.0,3.0,22.97231674194336,0.0,19.343856811523438,-100.0,-100.0,0.0,8.073211669921875,527.7273364921712,22.97231674194336,24.749921798706055
run_1780546896_1e418bf6,1780547561.2433193,1.0,998.0,3.0,22.83904266357422,0.0,19.19392204284668,-100.0,-100.0,0.0,9.186285972595215,521.6218697885633,22.83904266357422,24.749921798706055
run_1780546896_1e418bf6,1780547563.2383177,1.0,998.0,3.0,22.794599533081055,0.0,19.143924713134766,-100.0,-100.0,0.0,8.937740325927734,519.593767873539,22.794599533081055,24.749921798706055
run_1780546896_1e418bf6,1780547565.2383342,1.0,998.0,3.0,22.705760955810547,0.0,19.043981552124023,-100.0,-100.0,0.0,9.353157997131348,515.5515805824107,22.705760955810547,24.749921798706055
run_1780546896_1e418bf6,1780547567.2405145,1.0,998.0,3.0,22.61692237854004,0.0,18.94403839111328,-100.0,-100.0,0.0,9.715749740600586,511.5251778769052,22.61692237854004,24.749921798706055
run_1780546896_1e418bf6,1780547569.2485602,1.0,998.0,3.0,22.528078079223633,0.0,18.844087600708008,-100.0,-100.0,0.0,10.05704116821289,507.51430194359637,22.528078079223633,24.749921798706055
run_1780546896_1e418bf6,1780547571.2465513,1.0,998.0,3.0,22.439247131347656,0.0,18.744152069091797,-100.0,-100.0,0.0,10.352381706237793,503.519811821694,22.439247131347656,24.749921798706055
run_1780546896_1e418bf6,1780547573.2425609,1.0,998.0,3.0,22.350419998168945,0.0,18.644222259521484,-100.0,-100.0,0.0,10.632719039916992,499.5412740945503,22.350419998168945,24.749921798706055
run_1780546896_1e418bf6,1780547575.239558,1.0,998.0,3.0,22.305980682373047,0.0,18.594228744506836,-100.0,-100.0,0.0,10.24614429473877,497.55677420239954,22.305980682373047,24.749921798706055
run_1780546896_1e418bf6,1780547577.2505467,1.0,998.0,3.0,22.172725677490234,0.0,18.44431495666504,-100.0,-100.0,0.0,11.151683807373047,491.6297639692348,22.172725677490234,24.749921798706055
run_1780546896_1e418bf6,1780547579.2475512,1.0,998.0,3.0,22.12833595275879,0.0,18.394378662109375,-100.0,-100.0,0.0,10.71490478515625,489.6632520381572,22.12833595275879,24.749921798706055
run_1780546896_1e418bf6,1780547581.2455544,1.0,998.0,3.0,21.995086669921875,0.0,18.24447250366211,-100.0,-100.0,0.0,11.57563591003418,483.78383761737496,21.995086669921875,24.749921798706055
run_1780546896_1e418bf6,1780547583.2405598,1.0,998.0,3.0,21.90630340576172,0.0,18.144590377807617,-100.0,-100.0,0.0,11.750843048095703,479.8861289052875,21.90630340576172,24.749921798706055
run_1780546896_1e418bf6,1780547585.240561,1.0,998.0,3.0,21.77306365966797,0.0,17.99469566345215,-100.0,-100.0,0.0,12.550698280334473,474.0663011279539,21.77306365966797,24.749921798706055
run_1780546896_1e418bf6,1780547587.2405446,1.0,998.0,3.0,21.684242248535156,0.0,17.894771575927734,-100.0,-100.0,0.0,12.633444786071777,470.206361893157,21.684242248535156,24.749921798706055
run_1780546896_1e418bf6,1780547589.2395632,1.0,998.0,3.0,21.551025390625,0.0,17.744903564453125,-100.0,-100.0,0.0,13.348812103271484,464.44669538736343,21.551025390625,24.749921798706055
run_1780546896_1e418bf6,1780547591.2515593,1.0,998.0,3.0,21.506603240966797,0.0,17.694929122924805,-100.0,-100.0,0.0,12.715617179870605,462.53398296436353,21.506603240966797,24.749921798706055
run_1780546896_1e418bf6,1780547593.2525613,1.0,998.0,3.0,21.373382568359375,0.0,17.545055389404297,-100.0,-100.0,0.0,13.38510513305664,456.8214824134484,21.373382568359375,24.749921798706055
run_1780546896_1e418bf6,1780547595.250559,1.0,998.0,3.0,21.284587860107422,0.0,17.445159912109375,-100.0,-100.0,0.0,13.3878755569458,453.03368037463224,21.284587860107422,24.749921798706055
run_1780546896_1e418bf6,1780547597.247551,1.0,998.0,3.0,21.151405334472656,0.0,17.295330047607422,-100.0,-100.0,0.0,13.992706298828125,447.38194762315834,21.151405334472656,24.749921798706055
run_1780546896_1e418bf6,1780547599.245556,1.0,998.0,3.0,21.06261444091797,0.0,17.19544219970703,-100.0,-100.0,0.0,13.937461853027344,443.63372708676616,21.06261444091797,24.749921798706055
run_1780546896_1e418bf6,1780547601.239562,1.0,998.0,3.0,20.885013580322266,0.0,16.995641708374023,-100.0,-100.0,0.0,15.142874717712402,436.18379225024546,20.885013580322266,24.749921798706055
run_1780546896_1e418bf6,1780547603.2395613,1.0,998.0,3.0,20.796220779418945,0.0,16.895748138427734,-100.0,-100.0,0.0,14.977943420410156,432.4827987063363,20.796220779418945,24.749921798706055
run_1780546896_1e418bf6,1780547605.2485588,1.0,998.0,3.0,20.663061141967773,0.0,16.745943069458008,-100.0,-100.0,0.0,15.4688720703125,426.96209575669855,20.663061141967773,24.749921798706055
run_1780546896_1e418bf6,1780547607.2425442,1.0,998.0,3.0,20.57428741455078,0.0,16.646072387695312,-100.0,-100.0,0.0,15.27256965637207,423.30130261654267,20.57428741455078,24.749921798706055
run_1780546896_1e418bf6,1780547609.2395735,1.0,998.0,3.0,20.396717071533203,0.0,16.446306228637695,-100.0,-100.0,0.0,16.376625061035156,416.026067296174,20.396717071533203,24.749921798706055
run_1780546896_1e418bf6,1780547611.2385676,1.0,998.0,3.0,20.35234260559082,0.0,16.396385192871094,-100.0,-100.0,0.0,15.4539213180542,414.21784953534734,20.35234260559082,24.749921798706055
run_1780546896_1e418bf6,1780547613.248551,1.0,998.0,3.0,20.17481231689453,0.0,16.196664810180664,-100.0,-100.0,0.0,16.540115356445312,407.0230520219193,20.17481231689453,24.749921798706055
run_1780546896_1e418bf6,1780547615.246559,1.0,998.0,3.0,20.086040496826172,0.0,16.09679412841797,-100.0,-100.0,0.0,16.241601943969727,403.44902284014097,20.086040496826172,24.749921798706055
run_1780546896_1e418bf6,1780547617.2395613,1.0,998.0,3.0,19.952898025512695,0.0,15.947010040283203,-100.0,-100.0,0.0,16.58681869506836,398.1181396165084,19.952898025512695,24.749921798706055
run_1780546896_1e418bf6,1780547619.2385619,1.0,998.0,3.0,19.864131927490234,0.0,15.847146987915039,-100.0,-100.0,0.0,16.28376579284668,394.5837372327369,19.864131927490234,24.749921798706055
run_1780546896_1e418bf6,1780547621.2495565,1.0,998.0,3.0,19.686634063720703,0.0,15.647462844848633,-100.0,-100.0,0.0,17.290332794189453,387.5635607588483,19.686634063720703,24.749921798706055
run_1780546896_1e418bf6,1780547623.236559,1.0,998.0,3.0,19.597858428955078,0.0,15.547592163085938,-100.0,-100.0,0.0,16.920307159423828,384.0760550013656,19.597858428955078,24.749921798706055
run_1780546896_1e418bf6,1780547625.2485504,1.0,998.0,3.0,19.420364379882812,0.0,15.347909927368164,-100.0,-100.0,0.0,17.8660945892334,377.15055264742114,19.420364379882812,24.749921798706055
run_1780546896_1e418bf6,1780547627.2465591,1.0,998.0,3.0,19.331626892089844,0.0,15.24808120727539,-100.0,-100.0,0.0,17.440601348876953,373.71179829497123,19.331626892089844,24.749921798706055
run_1780546896_1e418bf6,1780547629.2465687,1.0,998.0,3.0,19.15414810180664,0.0,15.048417091369629,-100.0,-100.0,0.0,18.336551666259766,366.88138950594293,19.15414810180664,24.749921798706055
run_1780546896_1e418bf6,1780547631.2425559,1.0,998.0,3.0,19.065420150756836,0.0,14.948596954345703,-100.0,-100.0,0.0,17.866046905517578,363.4902455248848,19.065420150756836,24.749921798706055
run_1780546896_1e418bf6,1780547633.2395456,1.0,998.0,3.0,18.887969970703125,0.0,14.748967170715332,-100.0,-100.0,0.0,18.720996856689453,356.755409614183,18.887969970703125,24.749921798706055
run_1780546896_1e418bf6,1780547635.2475555,1.0,998.0,3.0,18.799236297607422,0.0,14.649140357971191,-100.0,-100.0,0.0,18.213895797729492,353.4112853732804,18.799236297607422,24.749921798706055
run_1780546896_1e418bf6,1780547637.238572,1.0,998.0,3.0,18.621774673461914,0.0,14.449496269226074,-100.0,-100.0,0.0,19.06071662902832,346.7704919891876,18.621774673461914,24.749921798706055
run_1780546896_1e418bf6,1780547639.250561,1.0,998.0,3.0,18.48871612548828,0.0,14.2998046875,-100.0,-100.0,0.0,19.159948348999023,341.8326239688904,18.48871612548828,24.749921798706055
run_1780546896_1e418bf6,1780547641.2415595,1.0,998.0,3.0,18.31130027770996,0.0,14.100213050842285,-100.0,-100.0,0.0,19.91584587097168,335.3037178604609,18.31130027770996,24.749921798706055
run_1780546896_1e418bf6,1780547643.2385592,1.0,998.0,3.0,18.22256851196289,0.0,14.000389099121094,-100.0,-100.0,0.0,19.294742584228516,332.06200317318144,18.22256851196289,24.749921798706055
run_1780546896_1e418bf6,1780547645.23856,1.0,998.0,3.0,18.045156478881836,0.0,13.800801277160645,-100.0,-100.0,0.0,20.037723541259766,325.6276723473311,18.045156478881836,24.749921798706055
run_1780546896_1e418bf6,1780547647.2495594,1.0,998.0,3.0,17.95646095275879,0.0,13.701018333435059,-100.0,-100.0,0.0,19.40447235107422,322.4344899479511,17.95646095275879,24.749921798706055
run_1780546896_1e418bf6,1780547649.2465615,1.0,998.0,3.0,17.779064178466797,0.0,13.501448631286621,-100.0,-100.0,0.0,20.175617218017578,316.09512306204124,17.779064178466797,24.749921798706055
run_1780546896_1e418bf6,1780547651.2435539,1.0,998.0,3.0,17.690380096435547,0.0,13.401676177978516,-100.0,-100.0,0.0,19.529050827026367,312.94954795636295,17.690380096435547,24.749921798706055
run_1780546896_1e418bf6,1780547653.2395606,1.0,998.0,3.0,17.468652725219727,0.0,13.15223503112793,-100.0,-100.0,0.0,20.914405822753906,305.1538280343266,17.468652725219727,24.749921798706055
run_1780546896_1e418bf6,1780547655.2525594,1.0,998.0,3.0,17.379974365234375,0.0,13.052472114562988,-100.0,-100.0,0.0,20.19727897644043,302.063508936204,17.379974365234375,24.749921798706055
run_1780546896_1e418bf6,1780547657.2485526,1.0,998.0,3.0,17.202613830566406,0.0,12.852941513061523,-100.0,-100.0,0.0,20.85343360900879,295.9299226035946,17.202613830566406,24.749921798706055
run_1780546896_1e418bf6,1780547659.2415798,1.0,998.0,3.0,17.069589614868164,0.0,12.703289031982422,-100.0,-100.0,0.0,20.78116226196289,291.3708896200151,17.069589614868164,24.749921798706055
run_1780546896_1e418bf6,1780547661.2425754,1.0,998.0,3.0,16.892263412475586,0.0,12.503795623779297,-100.0,-100.0,0.0,21.3811092376709,285.3485631964613,16.892263412475586,24.749921798706055
run_1780546896_1e418bf6,1780547663.238791,1.0,998.0,3.0,16.803573608398438,0.0,12.404019355773926,-100.0,-100.0,0.0,20.6455135345459,282.3600860128645,16.803573608398438,24.749921798706055
run_1780546896_1e418bf6,1780547665.2397885,1.0,998.0,3.0,16.58194351196289,0.0,12.154685974121094,-100.0,-100.0,0.0,21.922977447509766,274.9608506339282,16.58194351196289,24.749921798706055
run_1780546896_1e418bf6,1780547667.2391114,1.0,998.0,3.0,16.49327850341797,0.0,12.054938316345215,-100.0,-100.0,0.0,21.135330200195312,272.02823579130927,16.49327850341797,24.749921798706055
run_1780546896_1e418bf6,1780547669.253454,1.0,998.0,3.0,16.315956115722656,0.0,11.855451583862305,-100.0,-100.0,0.0,21.701427459716797,266.21042397018755,16.315956115722656,24.749921798706055
run_1780546896_1e418bf6,1780547671.2526474,1.0,998.0,3.0,16.22731590270996,0.0,11.755729675292969,-100.0,-100.0,0.0,20.934547424316406,263.3257814063436,16.22731590270996,24.749921798706055
run_1780546896_1e418bf6,1780547673.2506428,1.0,998.0,3.0,16.0500545501709,0.0,11.556310653686523,-100.0,-100.0,0.0,21.518924713134766,257.60425106346156,16.0500545501709,24.749921798706055
run_1780546896_1e418bf6,1780547675.2530532,1.0,998.0,3.0,15.96139144897461,0.0,11.456564903259277,-100.0,-100.0,0.0,20.769792556762695,254.76601698739978,15.96139144897461,24.749921798706055
run_1780546896_1e418bf6,1780547677.2470374,1.0,998.0,3.0,15.739794731140137,0.0,11.207268714904785,-100.0,-100.0,0.0,22.07370948791504,247.7411381784268,15.739794731140137,24.749921798706055
run_1780546896_1e418bf6,1780547679.243053,1.0,998.0,3.0,15.695489883422852,0.0,11.157426834106445,-100.0,-100.0,0.0,20.61948585510254,246.34840268062908,15.695489883422852,24.749921798706055
run_1780546896_1e418bf6,1780547681.240053,1.0,998.0,3.0,15.518245697021484,0.0,10.958025932312012,-100.0,-100.0,0.0,21.194873809814453,240.81594951312582,15.518245697021484,24.749921798706055
run_1780546896_1e418bf6,1780547683.2390554,1.0,998.0,3.0,15.385299682617188,0.0,10.80846118927002,-100.0,-100.0,0.0,21.12770652770996,236.70744632394053,15.385299682617188,24.749921798706055
run_1780546896_1e418bf6,1780547685.2490456,1.0,998.0,3.0,15.208072662353516,0.0,10.609081268310547,-100.0,-100.0,0.0,21.69314956665039,231.28547410342435,15.208072662353516,24.749921798706055
run_1780546896_1e418bf6,1780547687.2470758,1.0,998.0,3.0,15.119450569152832,0.0,10.509381294250488,-100.0,-100.0,0.0,20.926794052124023,228.5977855130559,15.119450569152832,24.749921798706055
run_1780546896_1e418bf6,1780547689.2442656,1.0,998.0,3.0,15.030815124511719,0.0,10.409667015075684,-100.0,-100.0,0.0,20.182518005371094,225.92540330725024,15.030815124511719,24.749921798706055
run_1780546896_1e418bf6,1780547691.2412755,1.0,998.0,3.0,14.809318542480469,0.0,10.160483360290527,-100.0,-100.0,0.0,21.399749755859375,219.31591569265584,14.809318542480469,24.749921798706055
run_1780546896_1e418bf6,1780547693.252264,1.0,998.0,3.0,14.720722198486328,0.0,10.060812950134277,-100.0,-100.0,0.0,20.609804153442383,216.69966204500815,14.720722198486328,24.749921798706055
run_1780546896_1e418bf6,1780547695.2482648,1.0,998.0,3.0,14.54349422454834,0.0,9.861431121826172,-100.0,-100.0,0.0,21.173460006713867,211.51322425947092,14.54349422454834,24.749921798706055
run_1780546896_1e418bf6,1780547697.2462592,1.0,998.0,3.0,14.454906463623047,0.0,9.761770248413086,-100.0,-100.0,0.0,20.404979705810547,208.94432087209134,14.454906463623047,24.749921798706055
run_1780546896_1e418bf6,1780547699.2422833,1.0,998.0,3.0,14.322036743164062,0.0,9.61229133605957,-100.0,-100.0,0.0,20.33603286743164,205.12073647254147,14.322036743164062,24.749921798706055
run_1780546896_1e418bf6,1780547701.242273,1.0,998.0,3.0,14.14484691619873,0.0,9.412952423095703,-100.0,-100.0,0.0,20.898876190185547,200.07669428269674,14.14484691619873,24.749921798706055
run_1780546896_1e418bf6,1780547703.2392907,1.0,998.0,3.0,13.967681884765625,0.0,9.213642120361328,-100.0,-100.0,0.0,21.434038162231445,195.0961372340098,13.967681884765625,24.749921798706055
run_1780546896_1e418bf6,1780547705.248257,1.0,998.0,3.0,13.879110336303711,0.0,9.113999366760254,-100.0,-100.0,0.0,20.640474319458008,192.6297037272925,13.879110336303711,24.749921798706055
run_1780546896_1e418bf6,1780547707.2432752,1.0,998.0,3.0,13.657672882080078,0.0,8.864882469177246,-100.0,-100.0,0.0,21.813196182250977,186.53202855390555,13.657672882080078,24.749921798706055
run_1780546896_1e418bf6,1780547709.2402742,1.0,998.0,3.0,13.569112777709961,0.0,8.765252113342285,-100.0,-100.0,0.0,20.983301162719727,184.12082157421173,13.569112777709961,24.749921798706055
run_1780546896_1e418bf6,1780547711.2422822,1.0,998.0,3.0,13.391983985900879,0.0,8.5659818649292,-100.0,-100.0,0.0,21.50989532470703,179.3452350786256,13.391983985900879,24.749921798706055
run_1780546896_1e418bf6,1780547713.253269,1.0,998.0,3.0,13.259162902832031,0.0,8.416558265686035,-100.0,-100.0,0.0,21.33408546447754,175.80540088383714,13.259162902832031,24.749921798706055
run_1780546896_1e418bf6,1780547715.2482667,1.0,998.0,3.0,13.126331329345703,0.0,8.267122268676758,-100.0,-100.0,0.0,21.17593765258789,172.30057416776253,13.126331329345703,24.749921798706055
run_1780546896_1e418bf6,1780547717.2432764,1.0,998.0,3.0,12.993492126464844,0.0,8.11767864227295,-100.0,-100.0,0.0,21.070240020751953,168.8308376405039,12.993492126464844,24.749921798706055
run_1780546896_1e418bf6,1780547719.2382886,1.0,998.0,3.0,12.77212142944336,0.0,7.868636131286621,-100.0,-100.0,0.0,22.239011764526367,163.12708580844628,12.77212142944336,24.749921798706055
run_1780546896_1e418bf6,1780547721.248272,1.0,998.0,3.0,12.683572769165039,0.0,7.769019603729248,-100.0,-100.0,0.0,21.39366912841797,160.8730181907049,12.683572769165039,24.749921798706055
run_1780546896_1e418bf6,1780547723.2422657,1.0,998.0,3.0,12.506511688232422,0.0,7.569826126098633,-100.0,-100.0,0.0,21.880144119262695,156.41283460789418,12.506511688232422,24.749921798706055
run_1780546896_1e418bf6,1780547725.254272,1.0,998.0,3.0,12.417984008789062,0.0,7.470232963562012,-100.0,-100.0,0.0,21.068727493286133,154.20632684254088,12.417984008789062,24.749921798706055
run_1780546896_1e418bf6,1780547727.2512617,1.0,998.0,3.0,12.285179138183594,0.0,7.320826053619385,-100.0,-100.0,0.0,20.935531616210938,150.9256264572614,12.285179138183594,24.749921798706055
run_1780546896_1e418bf6,1780547729.246272,1.0,998.0,3.0,12.152406692504883,0.0,7.171457767486572,-100.0,-100.0,0.0,20.851806640625,147.68098842003747,12.152406692504883,24.749921798706055
run_1780546896_1e418bf6,1780547731.2462695,1.0,998.0,3.0,11.931102752685547,0.0,6.922489643096924,-100.0,-100.0,0.0,22.040456771850586,142.35121289514063,11.931102752685547,24.749921798706055
run_1780546896_1e418bf6,1780547733.2402804,1.0,998.0,3.0,11.886825561523438,0.0,6.872678279876709,-100.0,-100.0,0.0,20.576078414916992,141.29662193008699,11.886825561523438,24.749921798706055
run_1780546896_1e418bf6,1780547735.2392757,1.0,998.0,3.0,11.70981216430664,0.0,6.6735382080078125,-100.0,-100.0,0.0,21.101892471313477,137.11970092334377,11.70981216430664,24.749921798706055
run_1780546896_1e418bf6,1780547737.2482724,1.0,998.0,3.0,11.577066421508789,0.0,6.524200439453125,-100.0,-100.0,0.0,21.001914978027344,134.02846692802632,11.577066421508789,24.749921798706055
run_1780546896_1e418bf6,1780547739.2482624,1.0,998.0,3.0,11.400043487548828,0.0,6.325048923492432,-100.0,-100.0,0.0,21.52522850036621,129.96099151800445,11.400043487548828,24.749921798706055
run_1780546896_1e418bf6,1780547741.2422729,1.0,998.0,3.0,11.311535835266113,0.0,6.225478172302246,-100.0,-100.0,0.0,20.747379302978516,127.95084295250945,11.311535835266113,24.749921798706055
run_1780546896_1e418bf6,1780547743.2402737,1.0,998.0,3.0,11.134557723999023,0.0,6.0263776779174805,-100.0,-100.0,0.0,21.37180519104004,123.97837570906631,11.134557723999023,24.749921798706055
run_1780546896_1e418bf6,1780547745.2502723,1.0,998.0,3.0,11.046072959899902,0.0,5.92683219909668,-100.0,-100.0,0.0,20.608261108398438,122.01572783543179,11.046072959899902,24.749921798706055
run_1780546896_1e418bf6,1780547747.2452724,1.0,998.0,3.0,10.824850082397461,0.0,5.677956581115723,-100.0,-100.0,0.0,21.85848617553711,117.17737930638032,10.824850082397461,24.749921798706055
run_1780546896_1e418bf6,1780547749.2392716,1.0,998.0,3.0,10.73636245727539,0.0,5.578406810760498,-100.0,-100.0,0.0,21.04855728149414,115.26947881399246,10.73636245727539,24.749921798706055
run_1780546896_1e418bf6,1780547751.2522643,1.0,998.0,3.0,10.559417724609375,0.0,5.379344940185547,-100.0,-100.0,0.0,21.592636108398438,111.50130268279463,10.559417724609375,24.749921798706055
run_1780546896_1e418bf6,1780547753.248272,1.0,998.0,3.0,10.470951080322266,0.0,5.279819488525391,-100.0,-100.0,0.0,20.80776596069336,109.64081652650202,10.470951080322266,24.749921798706055
run_1780546896_1e418bf6,1780547755.2452803,1.0,998.0,3.0,10.2940092086792,0.0,5.0807600021362305,-100.0,-100.0,0.0,21.37476921081543,105.96662558837215,10.2940092086792,24.749921798706055
run_1780546896_1e418bf6,1780547757.2412891,1.0,998.0,3.0,10.205520629882812,0.0,4.981210231781006,-100.0,-100.0,0.0,20.610994338989258,104.15265132696368,10.205520629882812,24.749921798706055
run_1780546896_1e418bf6,1780547759.2472727,1.0,998.0,3.0,10.072844505310059,0.0,4.8319501876831055,-100.0,-100.0,0.0,20.583942413330078,101.46219642815504,10.072844505310059,24.749921798706055
run_1780546896_1e418bf6,1780547761.242279,1.0,998.0,3.0,9.940144538879395,0.0,4.6826629638671875,-100.0,-100.0,0.0,20.53270721435547,98.80647345381385,9.940144538879395,24.749921798706055
run_1780546896_1e418bf6,1780547763.4562728,7.0,671.0,44.0,9.719036102294922,0.0,4.433915138244629,-98.8433837890625,-100.0,0.0,40.0,94.45966275771207,9.719036102294922,24.749921798706055
run_1780546896_1e418bf6,1780547765.2432754,7.0,671.0,44.0,9.630563735961914,0.0,4.334384441375732,-97.5794906616211,-100.0,0.0,40.0,92.7477578724247,9.630563735961914,24.749921798706055
run_1780546896_1e418bf6,1780547767.2542672,7.0,671.0,44.0,9.45367431640625,0.0,4.135383605957031,-95.05250549316406,-100.0,0.0,40.0,89.37195808067918,9.45367431640625,24.749921798706055
run_1780546896_1e418bf6,1780547769.2512717,7.0,671.0,44.0,9.365240097045898,0.0,4.035895347595215,-93.78914642333984,-100.0,0.0,40.0,87.70772207531627,9.365240097045898,24.749921798706055
run_1780546896_1e418bf6,1780547771.2532628,7.0,671.0,44.0,9.188379287719727,0.0,3.8369274139404297,-91.26256561279297,-100.0,0.0,40.0,84.42631393499687,9.188379287719727,24.749921798706055
run_1780546896_1e418bf6,1780547773.2546573,7.0,671.0,44.0,9.09992504119873,0.0,3.7374155521392822,-89.99893951416016,-100.0,0.0,40.0,82.80863575543572,9.09992504119873,24.749921798706055
run_1780546896_1e418bf6,1780547775.2496657,7.0,671.0,44.0,8.923067092895508,0.0,3.538450241088867,-87.4723892211914,-100.0,0.0,40.0,79.62112634431469,8.923067092895508,24.749921798706055
run_1780546896_1e418bf6,1780547777.2476666,7.0,671.0,44.0,8.878865242004395,0.0,3.4887235164642334,-86.8409423828125,-100.0,0.0,40.0,78.83424798567376,8.878865242004395,24.749921798706055
run_1780546896_1e418bf6,1780547779.242652,7.0,671.0,44.0,8.702033996582031,0.0,3.289788246154785,-84.31477355957031,-100.0,0.0,40.0,75.72539567766944,8.702033996582031,24.749921798706055
run_1780546896_1e418bf6,1780547781.2536654,7.0,671.0,44.0,8.61362361907959,0.0,3.190326690673828,-83.05177307128906,-100.0,0.0,40.0,74.19451185116577,8.61362361907959,24.749921798706055
run_1780546896_1e418bf6,1780547783.2520022,7.0,671.0,44.0,8.348362922668457,0.0,2.8919076919555664,-79.28011322021484,-100.0,-0.017773820087313652,40.0,69.69516348858542,8.348362922668457,24.749921798706055
run_1780546896_1e418bf6,1780547785.2500055,7.0,671.0,44.0,8.348362922668457,0.0,2.8919076919555664,-79.6355972290039,-100.0,-0.3732503056526184,40.0,69.69516348858542,8.348362922668457,24.749921798706055
run_1780546896_1e418bf6,1780547787.2484505,7.0,671.0,44.0,8.083155632019043,0.0,2.59355092048645,-76.19730377197266,-100.0,-0.7236454486846924,40.0,65.33740497144117,8.083155632019043,24.749921798706055
run_1780546896_1e418bf6,1780547789.244125,7.0,671.0,44.0,8.038980484008789,0.0,2.543853282928467,-75.9095687866211,-100.0,-1.066982388496399,40.0,64.62520722227418,8.038980484008789,24.749921798706055
run_1780546896_1e418bf6,1780547791.2445247,7.0,671.0,44.0,7.817986488342285,0.0,2.2952349185943604,-73.09095764160156,-100.0,-1.4054265022277832,40.0,61.120912731902536,7.817986488342285,24.749921798706055
run_1780546896_1e418bf6,1780547793.2436388,7.0,671.0,44.0,7.729557991027832,0.0,2.195753335952759,-72.15889739990234,-100.0,-1.7366236448287964,40.0,59.746066736662215,7.729557991027832,24.749921798706055
run_1780546896_1e418bf6,1780547795.2417874,7.0,671.0,44.0,7.597007751464844,0.0,2.04663348197937,-70.59302520751953,-100.0,-2.064340591430664,40.0,57.71452677581692,7.597007751464844,24.749921798706055
run_1780546896_1e418bf6,1780547797.2398918,7.0,671.0,44.0,7.464449882507324,0.0,1.8975062370300293,-69.02141571044922,-100.0,-2.386411428451538,40.0,55.718012048463606,7.464449882507324,24.749921798706055
run_1780546896_1e418bf6,1780547799.2529104,7.0,671.0,44.0,7.287662506103516,0.0,1.6986202001571655,-66.81108093261719,-100.0,-2.701615810394287,40.0,53.110024802866974,7.287662506103516,24.749921798706055
run_1780546896_1e418bf6,1780547801.2525258,7.0,671.0,44.0,7.243470191955566,0.0,1.6489039659500122,-66.4896011352539,-100.0,-3.0114574432373047,40.0,52.46786042174881,7.243470191955566,24.749921798706055
run_1780546896_1e418bf6,1780547803.2495751,7.0,671.0,44.0,7.066725254058838,0.0,1.4500659704208374,-64.26934814453125,-100.0,-3.3161230087280273,40.0,49.93860581635295,7.066725254058838,24.749921798706055
run_1780546896_1e418bf6,1780547805.2485776,7.0,671.0,44.0,6.978363037109375,0.0,1.350658655166626,-63.30699920654297,-99.69090270996094,-3.616089105606079,40.0,48.69755067769438,6.978363037109375,24.749921798706055
run_1780546896_1e418bf6,1780547807.2465682,7.0,671.0,44.0,6.845804214477539,0.0,1.201529622077942,-61.70676803588867,-97.79721069335938,-3.909562110900879,40.0,46.865035342958436,6.845804214477539,24.749921798706055
run_1780546896_1e418bf6,1780547809.24258,7.0,671.0,44.0,6.66909646987915,0.0,1.0027337074279785,-59.471988677978516,-95.27281188964844,-4.199177265167236,40.0,44.476847724554545,6.66909646987915,24.749921798706055
run_1780546896_1e418bf6,1780547811.2549033,7.0,671.0,44.0,6.536581993103027,0.0,0.8536547422409058,-57.86148452758789,-93.37974548339844,-4.481740474700928,40.0,42.726904152558745,6.536581993103027,24.749921798706055
run_1780546896_1e418bf6,1780547813.2449114,7.0,671.0,44.0,6.448222637176514,0.0,0.7542498707771301,-56.8765983581543,-92.11746978759766,-4.759130954742432,40.0,41.57957517859563,6.448222637176514,24.749921798706055
run_1780546896_1e418bf6,1780547815.2399247,7.0,671.0,44.0,6.315700531005859,0.0,0.6051628589630127,-55.2565803527832,-90.22429656982422,-5.032286643981934,40.0,39.888073197347694,6.315700531005859,24.749921798706055
run_1780546896_1e418bf6,1780547817.247904,7.0,671.0,44.0,6.227333068847656,0.0,0.5057496428489685,-54.26217269897461,-88.96190643310547,-5.300267219543457,40.0,38.77967715036357,6.227333068847656,24.749921798706055
run_1780546896_1e418bf6,1780547819.249899,7.0,671.0,44.0,6.0948357582092285,0.0,0.35669058561325073,-52.63310623168945,-87.069091796875,-5.564017295837402,40.0,37.14702291954586,6.0948357582092285,24.749921798706055
run_1780546896_1e418bf6,1780547821.2478957,7.0,671.0,44.0,6.0948357582092285,0.0,0.35669058561325073,-56.03914260864258,-87.069091796875,-5.823535919189453,36.853477478027344,37.14702291954586,6.0948357582092285,24.749921798706055
run_1780546896_1e418bf6,1780547823.2458968,7.0,671.0,44.0,6.006490707397461,0.0,0.257302463054657,-55.93510818481445,-85.80701446533203,-6.08060884475708,35.9525146484375,36.07793061805205,6.006490707397461,24.749921798706055
run_1780546896_1e418bf6,1780547825.242912,7.0,671.0,44.0,5.873990535736084,0.0,0.10823900997638702,-53.72277069091797,-83.91415405273438,-6.333827972412109,36.52521514892578,34.50376481391709,5.873990535736084,24.749921798706055
run_1780546896_1e418bf6,1780547827.240922,7.0,671.0,44.0,5.785650253295898,0.0,0.00885683298110962,-53.57822036743164,-82.65215301513672,-6.581502914428711,35.65542984008789,33.473748853462894,5.785650253295898,24.749921798706055
run_1780546896_1e418bf6,1780547829.2529078,7.0,671.0,44.0,5.697328090667725,0.0,-0.09050619602203369,-53.39887619018555,-81.3904037475586,-6.82465934753418,34.81618881225586,32.45954737271154,5.697328090667725,24.749921798706055
run_1780546896_1e418bf6,1780547831.2508998,7.0,671.0,44.0,5.5648417472839355,0.0,-0.23955287039279938,-51.14545822143555,-79.49774169921875,-7.063589096069336,35.41587448120117,30.967463672314125,5.5648417472839355,24.749921798706055
run_1780546896_1e418bf6,1780547833.2459118,7.0,671.0,44.0,5.432346343994141,0.0,-0.3886098265647888,-48.863304138183594,-77.60494995117188,-7.298000335693359,36.03964614868164,29.510386801106506,5.432346343994141,24.749921798706055
run_1780546896_1e418bf6,1780547835.2419198,7.0,671.0,44.0,5.38819694519043,0.0,-0.43827831745147705,-50.59394836425781,-76.9742431640625,-7.528090476989746,33.908382415771484,29.03266632015948,5.38819694519043,24.749921798706055
run_1780546896_1e418bf6,1780547837.239923,7.0,671.0,44.0,5.211578845977783,0.0,-0.6369737386703491,-46.24877166748047,-74.45113372802734,-7.753389358520508,35.95574951171875,27.160554067843123,5.211578845977783,24.749921798706055
run_1780546896_1e418bf6,1780547839.2389214,7.0,671.0,44.0,5.211578845977783,0.0,-0.6369737386703491,-49.90047836303711,-74.45113372802734,-7.975297451019287,32.52595138549805,27.160554067843123,5.211578845977783,24.749921798706055
run_1780546896_1e418bf6,1780547841.2489088,7.0,671.0,44.0,5.079100131988525,0.0,-0.7860120534896851,-47.3283576965332,-72.55857849121094,-8.194670677185059,33.42489242553711,25.797258150765856,5.079100131988525,24.749921798706055
run_1780546896_1e418bf6,1780547843.2458992,7.0,671.0,44.0,4.94664192199707,0.0,-0.9350281953811646,-44.91714096069336,-70.66632080078125,-8.407275199890137,34.15645217895508,24.46926630445887,4.94664192199707,24.749921798706055
run_1780546896_1e418bf6,1780547845.2549107,7.0,671.0,44.0,4.858329772949219,0.0,-1.0343787670135498,-44.40296173095703,-69.40471649169922,-8.616964340209961,33.61872100830078,23.603368182724807,4.858329772949219,24.749921798706055
run_1780546896_1e418bf6,1780547847.252906,7.0,671.0,44.0,4.8141889572143555,0.0,-1.08403742313385,-45.878604888916016,-68.77413177490234,-8.822616577148438,31.718143463134766,23.176415315764643,4.8141889572143555,24.749921798706055
run_1780546896_1e418bf6,1780547849.247902,7.0,671.0,44.0,4.681757926940918,0.0,-1.2330224514007568,-43.37116622924805,-66.88225555419922,-9.022811889648438,32.53390884399414,21.918857286474122,4.681757926940918,24.749921798706055
run_1780546896_1e418bf6,1780547851.2439113,7.0,671.0,44.0,4.593454360961914,0.0,-1.3323642015457153,-42.744571685791016,-65.62078094482422,-9.22046947479248,32.0966796875,21.099822966240026,4.593454360961914,24.749921798706055
run_1780546896_1e418bf6,1780547853.2419114,7.0,671.0,44.0,4.461002826690674,0.0,-1.4813719987869263,-40.10646057128906,-63.72861099243164,-9.41352367401123,33.035675048828125,19.900546219742182,4.461002826690674,24.749921798706055
run_1780546896_1e418bf6,1780547855.252908,7.0,671.0,44.0,4.416855335235596,0.0,-1.5310379266738892,-41.48318099975586,-63.09793472290039,-9.60262393951416,31.217378616333008,19.508611052399147,4.416855335235596,24.749921798706055
run_1780546896_1e418bf6,1780547857.2509036,7.0,671.0,44.0,4.284426689147949,0.0,-1.6800205707550049,-38.8328857421875,-61.20609664916992,-9.787030220031738,32.160240173339844,18.356312054683258,4.284426689147949,24.749921798706055
run_1780546896_1e418bf6,1780547859.2439113,7.0,671.0,44.0,4.240294933319092,0.0,-1.7296682596206665,-40.119293212890625,-60.575645446777344,-9.968620300292969,30.424972534179688,17.98010112153156,4.240294933319092,24.749921798706055
run_1780546896_1e418bf6,1780547861.2549005,7.0,671.0,44.0,4.063732147216797,0.0,-1.9283020496368408,-35.47366714477539,-58.053321838378906,-10.143908500671387,32.72355651855469,16.51391896432324,4.063732147216797,24.749921798706055
run_1780546896_1e418bf6,1780547863.251908,7.0,671.0,44.0,3.975431442260742,0.0,-2.027639389038086,-34.83897399902344,-56.79187774658203,-10.315250396728516,32.26815414428711,15.804055152115325,3.975431442260742,24.749921798706055
run_1780546896_1e418bf6,1780547865.2498996,7.0,671.0,44.0,3.931304693222046,0.0,-2.077282190322876,-36.17435836791992,-56.1614990234375,-10.482932090759277,30.470073699951172,15.455156590949684,3.931304693222046,24.749921798706055
run_1780546896_1e418bf6,1780547867.246896,7.0,671.0,44.0,3.8871779441833496,0.0,-2.126924991607666,-37.28472137451172,-55.53111267089844,-10.649486541748047,28.895875930786133,15.110152369745492,3.8871779441833496,24.749921798706055
run_1780546896_1e418bf6,1780547869.2438977,7.0,671.0,44.0,3.7106361389160156,0.0,-2.3255343437194824,-32.40085983276367,-53.00909423828125,-10.81086540222168,31.419097900390625,13.768820555429556,3.7106361389160156,24.749921798706055
run_1780546896_1e418bf6,1780547871.243912,7.0,671.0,44.0,3.7106361389160156,0.0,-2.3255343437194824,-35.555904388427734,-53.00909423828125,-10.968862533569336,28.42205238342285,13.768820555429556,3.7106361389160156,24.749921798706055
run_1780546896_1e418bf6,1780547873.2539036,7.0,671.0,44.0,3.5782253742218018,0.0,-2.474496603012085,-32.68793487548828,-51.11750793457031,-11.122072219848633,29.551645278930664,12.803696828724753,3.5782253742218018,24.749921798706055
run_1780546896_1e418bf6,1780547875.2529013,7.0,671.0,44.0,3.4899845123291016,0.0,-2.57376766204834,-31.732669830322266,-49.85692596435547,-11.272746086120605,29.397001266479492,12.179991896296997,3.4899845123291016,24.749921798706055
run_1780546896_1e418bf6,1780547877.2498999,7.0,671.0,44.0,3.313464879989624,0.0,-2.7723519802093506,-26.72096824645996,-47.33521270751953,-11.419477462768555,32.033721923828125,10.979049510924654,3.313464879989624,24.749921798706055
run_1780546896_1e418bf6,1780547879.2468956,7.0,671.0,44.0,3.2693350315093994,0.0,-2.821998357772827,-27.95404815673828,-46.70478820800781,-11.55971622467041,30.310457229614258,10.688551548254566,3.2693350315093994,24.749921798706055
run_1780546896_1e418bf6,1780547881.2419221,7.0,671.0,44.0,3.225202798843384,0.0,-2.8716466426849365,-29.07238006591797,-46.0743293762207,-11.697327613830566,28.69927215576172,10.401933093667196,3.225202798843384,24.749921798706055
run_1780546896_1e418bf6,1780547883.254904,7.0,671.0,44.0,3.136943817138672,0.0,-2.970938205718994,-28.019962310791016,-44.81348419189453,-11.832966804504395,28.62648582458496,9.840416511884541,3.136943817138672,24.749921798706055
run_1780546896_1e418bf6,1780547885.252911,7.0,671.0,44.0,3.0045735836029053,0.0,-3.119854688644409,-24.938068389892578,-42.922481536865234,-11.964756965637207,29.949172973632812,9.027462419284404,3.0045735836029053,24.749921798706055
run_1780546896_1e418bf6,1780547887.2509053,7.0,671.0,44.0,2.960460662841797,0.0,-3.1694817543029785,-25.959896087646484,-42.29229736328125,-12.091853141784668,28.424251556396484,8.764327336233691,2.960460662841797,24.749921798706055
run_1780546896_1e418bf6,1780547889.4508991,1.0,986.0,48.0,2.7839462757110596,0.0,-3.368060350418091,-100.0,-100.0,-12.104459762573242,40.0,7.750356866045479,2.7839462757110596,24.749921798706055
run_1780546896_1e418bf6,1780547891.2419243,1.0,986.0,48.0,2.7839462757110596,0.0,-3.368060350418091,-100.0,-100.0,-12.104459762573242,40.0,7.750356866045479,2.7839462757110596,24.749921798706055
run_1780546896_1e418bf6,1780547893.252902,1.0,986.0,48.0,2.607499599456787,0.0,-3.566563129425049,-100.0,-100.0,-12.104459762573242,40.0,6.799054161167305,2.607499599456787,24.749921798706055
run_1780546896_1e418bf6,1780547895.248911,1.0,986.0,48.0,2.519273042678833,0.0,-3.665817975997925,-100.0,-100.0,-12.104459762573242,40.0,6.346736663568265,2.519273042678833,24.749921798706055
run_1780546896_1e418bf6,1780547897.2459111,1.0,986.0,48.0,2.4751534461975098,0.0,-3.715452194213867,-100.0,-100.0,-12.104459762573242,40.0,6.126384582223409,2.4751534461975098,24.749921798706055
run_1780546896_1e418bf6,1780547899.24193,1.0,986.0,48.0,2.3428285121917725,0.0,-3.8643181324005127,-100.0,-100.0,-12.104459762573242,40.0,5.488845437538714,2.3428285121917725,24.749921798706055
run_1780546896_1e418bf6,1780547901.2399201,1.0,986.0,48.0,2.254566192626953,0.0,-3.9636125564575195,-100.0,-100.0,-12.104459762573242,40.0,5.0830687169363955,2.254566192626953,24.749921798706055
run_1780546896_1e418bf6,1780547903.254961,1.0,986.0,48.0,2.166349411010742,0.0,-4.062856674194336,-100.0,-100.0,-12.104459762573242,40.0,4.69306977058659,2.166349411010742,24.749921798706055
run_1780546896_1e418bf6,1780547905.2499626,1.0,986.0,48.0,2.0340394973754883,0.0,-4.211705684661865,-100.0,-100.0,-12.104459762573242,40.0,4.137316676883529,2.0340394973754883,24.749921798706055
run_1780546896_1e418bf6,1780547907.2459617,1.0,986.0,48.0,2.0340394973754883,0.0,-4.211705684661865,-100.0,-100.0,-12.104459762573242,40.0,4.137316676883529,2.0340394973754883,24.749921798706055
run_1780546896_1e418bf6,1780547909.2411354,1.0,986.0,48.0,1.901719093322754,0.0,-4.360566139221191,-100.0,-100.0,-12.104459762573242,40.0,3.616535509908317,1.901719093322754,24.749921798706055
run_1780546896_1e418bf6,1780547911.239253,1.0,986.0,48.0,1.8134989738464355,0.0,-4.459813594818115,-100.0,-100.0,-12.104459762573242,40.0,3.2887785281420747,1.8134989738464355,24.749921798706055
run_1780546896_1e418bf6,1780547913.24129,1.0,986.0,48.0,1.6811747550964355,0.0,-4.608678340911865,-100.0,-100.0,-12.104459762573242,40.0,2.82634855717356,1.6811747550964355,24.749921798706055
run_1780546896_1e418bf6,1780547915.252277,1.0,986.0,48.0,1.637068271636963,0.0,-4.658298015594482,-100.0,-100.0,-12.104459762573242,40.0,2.679992526000433,1.637068271636963,24.749921798706055
run_1780546896_1e418bf6,1780547917.2442918,1.0,986.0,48.0,1.504781723022461,0.0,-4.8071208000183105,-100.0,-100.0,-12.104459762573242,40.0,2.2643680339424463,1.504781723022461,24.749921798706055
run_1780546896_1e418bf6,1780547919.2532918,1.0,986.0,48.0,1.4165730476379395,0.0,-4.906355381011963,-100.0,-100.0,-12.104459762573242,40.0,2.00667919929424,1.4165730476379395,24.749921798706055
run_1780546896_1e418bf6,1780547921.2471955,1.0,986.0,48.0,1.3283824920654297,0.0,-5.0055694580078125,-100.0,-100.0,-12.104459762573242,40.0,1.7646000452259614,1.3283824920654297,24.749921798706055
run_1780546896_1e418bf6,1780547923.245332,1.0,986.0,48.0,1.1960945129394531,0.0,-5.154393672943115,-91.82308959960938,-100.0,-12.213639259338379,40.0,1.4306420838838676,1.1960945129394531,24.749921798706055
run_1780546896_1e418bf6,1780547925.2453494,1.0,986.0,48.0,1.1078968048095703,0.0,-5.2536163330078125,-83.23967742919922,-100.0,-12.449991226196289,40.0,1.2274353301072551,1.1078968048095703,24.749921798706055
run_1780546896_1e418bf6,1780547927.2444396,1.0,986.0,48.0,1.0637993812561035,0.0,-5.303225994110107,-79.05242156982422,-100.0,-12.6724853515625,40.0,1.1316691235608687,1.0637993812561035,24.749921798706055
run_1780546896_1e418bf6,1780547929.2404535,1.0,986.0,48.0,0.9315223693847656,0.0,-5.452037334442139,-66.02306365966797,-93.15223693847656,-12.870820045471191,40.0,0.8677339246642077,0.9315223693847656,24.749921798706055
run_1780546896_1e418bf6,1780547931.2397685,1.0,986.0,48.0,0.8433465957641602,0.0,-5.551235198974609,-57.389949798583984,-84.33465576171875,-13.055295944213867,40.0,0.7112334805869978,0.8433465957641602,24.749921798706055
run_1780546896_1e418bf6,1780547933.2407496,1.0,986.0,48.0,0.7551732063293457,0.0,-5.650430202484131,-48.737422943115234,-75.51731872558594,-13.22010326385498,40.0,0.5702865715577445,0.7551732063293457,24.749921798706055
run_1780546896_1e418bf6,1780547935.253757,1.0,986.0,48.0,0.6229124069213867,0.0,-5.79922342300415,-35.65782165527344,-62.29124069213867,-13.366581916809082,40.0,0.3880198666965953,0.6229124069213867,24.749921798706055
run_1780546896_1e418bf6,1780547937.2517483,1.0,986.0,48.0,0.49062681198120117,0.0,-5.948044776916504,-22.543535232543945,-49.06268310546875,-13.480854034423828,40.0,0.24071466863483693,0.49062681198120117,24.749921798706055
run_1780546896_1e418bf6,1780547939.2457478,1.0,986.0,48.0,0.49062681198120117,0.0,-5.948044776916504,-22.64304542541504,-49.06268310546875,-13.580364227294922,40.0,0.24071466863483693,0.49062681198120117,24.749921798706055
run_1780546896_1e418bf6,1780547941.2427604,1.0,986.0,48.0,0.35839080810546875,0.0,-6.096810340881348,-9.506884574890137,-35.839080810546875,-13.667803764343262,40.0,0.12844397133449093,0.35839080810546875,24.749921798706055
run_1780546896_1e418bf6,1780547943.2547598,1.0,986.0,48.0,0.3143186569213867,0.0,-6.14639139175415,-5.170121669769287,-31.431865692138672,-13.738256454467773,40.0,0.09879621808886441,0.3143186569213867,24.749921798706055
run_1780546896_1e418bf6,1780547945.2487476,1.0,986.0,48.0,0.18207740783691406,0.0,-6.295163154602051,8.002326011657715,-18.207740783691406,-13.789934158325195,40.0,0.033152182444609934,0.18207740783691406,24.749921798706055
run_1780546896_1e418bf6,1780547947.241773,1.0,986.0,48.0,0.13799333572387695,0.0,-6.344757556915283,12.376043319702148,-13.799333572387695,-13.824624061584473,40.0,0.019042160704202615,0.13799333572387695,24.749921798706055
run_1780546896_1e418bf6,1780547949.2407718,1.0,986.0,48.0,0.005744457244873047,0.0,-6.493537425994873,25.58501625061035,-0.5744457244873047,-13.840538024902344,40.0,3.2998789038174436e-05,0.005744457244873047,24.749921798706055
run_1780546896_1e418bf6,1780547951.2507493,1.0,986.0,48.0,-0.08241701126098633,0.0,-6.592719078063965,34.412845611572266,8.241701126098633,-13.828855514526367,40.0,0.006792563745193547,0.08241701126098633,24.749921798706055
run_1780546896_1e418bf6,1780547953.2467608,1.0,986.0,48.0,-0.08241701126098633,0.0,-6.592719078063965,34.46306228637695,8.241701126098633,-13.77863883972168,40.0,0.006792563745193547,0.08241701126098633,24.749921798706055
run_1780546896_1e418bf6,1780547955.2457607,1.0,986.0,48.0,-0.12648344039916992,0.0,-6.642293930053711,38.94272232055664,12.648344039916992,-13.705623626708984,40.0,0.01599806069521037,0.12648344039916992,24.749921798706055
run_1780546896_1e418bf6,1780547957.2417722,1.0,986.0,48.0,-0.12648344039916992,0.0,-6.642293930053711,39.01976013183594,12.648344039916992,-13.628583908081055,40.0,0.01599806069521037,0.12648344039916992,24.749921798706055
run_1780546896_1e418bf6,1780547959.255751,1.0,986.0,48.0,-0.170562744140625,0.0,-6.691883087158203,43.527557373046875,17.0562744140625,-13.52872085571289,40.0,0.029091649688780308,0.170562744140625,24.749921798706055
run_1780546896_1e418bf6,1780547961.250749,1.0,986.0,48.0,-0.170562744140625,0.0,-6.691883087158203,43.631446838378906,17.0562744140625,-13.424830436706543,40.0,0.029091649688780308,0.170562744140625,24.749921798706055
run_1780546896_1e418bf6,1780547963.2507555,1.0,986.0,48.0,-0.08241701126098633,0.0,-6.592719078063965,34.891231536865234,8.241701126098633,-13.350468635559082,40.0,0.006792563745193547,0.08241701126098633,24.749921798706055
run_1780546896_1e418bf6,1780547965.2467453,1.0,986.0,48.0,-0.038336753845214844,0.0,-6.543128967285156,30.515968322753906,3.8336753845214844,-13.317706108093262,40.0,0.001469706695388595,0.038336753845214844,24.749921798706055
run_1780546896_1e418bf6,1780547967.2427692,1.0,986.0,48.0,0.04982709884643555,0.0,-6.443944454193115,21.714582443237305,-4.982709884643555,-13.30270767211914,40.0,0.0024827397794524586,0.04982709884643555,24.749921798706055
run_1780546896_1e418bf6,1780547969.2547598,1.0,986.0,48.0,0.04982709884643555,0.0,-6.443944454193115,21.704479217529297,-4.982709884643555,-13.312810897827148,40.0,0.0024827397794524586,0.04982709884643555,24.749921798706055
run_1780546896_1e418bf6,1780547971.25075,1.0,986.0,48.0,0.18207740783691406,0.0,-6.295163154602051,-6.50026798248291,-18.207740783691406,-13.340348243713379,25.047821044921875,0.033152182444609934,0.18207740783691406,24.749921798706055
run_1780546896_1e418bf6,1780547973.2457604,1.0,986.0,48.0,0.22616147994995117,0.0,-6.24556827545166,-23.30323600769043,-22.616147994995117,-13.383084297180176,12.695996284484863,0.051149015013152166,0.22616147994995117,24.749921798706055
run_1780546896_1e418bf6,1780547975.2427711,1.0,986.0,48.0,0.3143186569213867,0.0,-6.14639139175415,-52.918182373046875,-31.431865692138672,-13.444149017333984,-8.042170524597168,0.09879621808886441,0.3143186569213867,24.749921798706055
run_1780546896_1e418bf6,1780547977.2407694,1.0,986.0,48.0,0.4024643898010254,0.0,-6.047227382659912,-80.96098327636719,-40.246437072753906,-13.519519805908203,-27.195024490356445,0.1619775850579117,0.4024643898010254,24.749921798706055
run_1780546896_1e418bf6,1780547979.2547603,1.0,986.0,48.0,0.4024643898010254,0.0,-6.047227382659912,-77.84841918945312,-40.246437072753906,-13.606512069702148,-23.995471954345703,0.1619775850579117,0.4024643898010254,24.749921798706055
run_1780546896_1e418bf6,1780547981.252752,1.0,986.0,48.0,0.44655275344848633,0.0,-5.997628211975098,-90.21928405761719,-44.6552734375,-13.692164421081543,-31.87183952331543,0.19940936161242462,0.44655275344848633,24.749921798706055
run_1780546896_1e418bf6,1780547983.2517464,1.0,986.0,48.0,0.5347304344177246,0.0,-5.898428440093994,-100.0,-53.473045349121094,-13.797932624816895,-40.0,0.2859366374925685,0.5347304344177246,24.749921798706055
run_1780546896_1e418bf6,1780547985.2427611,1.0,986.0,48.0,0.5347304344177246,0.0,-5.898428440093994,-100.0,-53.473045349121094,-13.906383514404297,-40.0,0.2859366374925685,0.5347304344177246,24.749921798706055
run_1780546896_1e418bf6,1780547987.2547612,1.0,986.0,48.0,0.44655275344848633,0.0,-5.997628211975098,-78.10001373291016,-44.6552734375,-14.004999160766602,-19.439739227294922,0.19940936161242462,0.44655275344848633,24.749921798706055
run_1780546896_1e418bf6,1780547989.2487564,1.0,986.0,48.0,0.49062681198120117,0.0,-5.948044776916504,-90.90966033935547,-49.06268310546875,-14.099592208862305,-27.74738311767578,0.24071466863483693,0.49062681198120117,24.749921798706055
run_1780546896_1e418bf6,1780547991.2547474,1.0,986.0,48.0,0.4024643898010254,0.0,-6.047227382659912,-60.002647399902344,-40.246437072753906,-14.183902740478516,-5.572306156158447,0.1619775850579117,0.4024643898010254,24.749921798706055
run_1780546896_1e418bf6,1780547993.2547548,1.0,986.0,48.0,0.4024643898010254,0.0,-6.047227382659912,-59.552734375,-40.246437072753906,-14.265531539916992,-5.040767192840576,0.1619775850579117,0.4024643898010254,24.749921798706055
run_1780546896_1e418bf6,1780547995.252748,1.0,986.0,48.0,0.2702336311340332,0.0,-6.195987224578857,-15.418231964111328,-27.02336311340332,-14.335089683532715,25.940221786499023,0.07302621539588472,0.2702336311340332,24.749921798706055
run_1780546896_1e418bf6,1780547997.2507477,1.0,986.0,48.0,0.22616147994995117,0.0,-6.24556827545166,-3.374677896499634,-22.616147994995117,-14.385872840881348,33.627342224121094,0.051149015013152166,0.22616147994995117,24.749921798706055
run_1780546896_1e418bf6,1780547999.244769,1.0,986.0,48.0,0.13799333572387695,0.0,-6.344757556915283,11.773398399353027,-13.799333572387695,-14.427268981933594,40.0,0.019042160704202615,0.13799333572387695,24.749921798706055
run_1780546896_1e418bf6,1780548001.25576,1.0,986.0,48.0,0.13799333572387695,0.0,-6.344757556915283,11.745413780212402,-13.799333572387695,-14.455252647399902,40.0,0.019042160704202615,0.13799333572387695,24.749921798706055
run_1780546896_1e418bf6,1780548003.2527492,1.0,986.0,48.0,0.04982709884643555,0.0,-6.443944454193115,20.543888092041016,-4.982709884643555,-14.47340202331543,40.0,0.0024827397794524586,0.04982709884643555,24.749921798706055
run_1780546896_1e418bf6,1780548005.2477598,1.0,986.0,48.0,-0.038336753845214844,0.0,-6.543128967285156,29.365230560302734,3.8336753845214844,-14.46844482421875,40.0,0.001469706695388595,0.038336753845214844,24.749921798706055
run_1780546896_1e418bf6,1780548007.2467487,1.0,986.0,48.0,-0.038336753845214844,0.0,-6.543128967285156,29.368972778320312,3.8336753845214844,-14.464701652526855,40.0,0.001469706695388595,0.038336753845214844,24.749921798706055
run_1780546896_1e418bf6,1780548009.2437663,1.0,986.0,48.0,-0.08241701126098633,0.0,-6.592719078063965,33.81244659423828,8.241701126098633,-14.429253578186035,40.0,0.006792563745193547,0.08241701126098633,24.749921798706055
run_1780546896_1e418bf6,1780548011.2547607,1.0,986.0,48.0,-0.12648344039916992,0.0,-6.642293930053711,38.27064895629883,12.648344039916992,-14.377695083618164,40.0,0.01599806069521037,0.12648344039916992,24.749921798706055
run_1780546896_1e418bf6,1780548013.2517607,1.0,986.0,48.0,-0.12648344039916992,0.0,-6.642293930053711,38.347686767578125,12.648344039916992,-14.30065631866455,40.0,0.01599806069521037,0.12648344039916992,24.749921798706055
run_1780546896_1e418bf6,1780548015.24975,1.0,986.0,48.0,-0.12648344039916992,0.0,-6.642293930053711,38.42472839355469,12.648344039916992,-14.223617553710938,40.0,0.01599806069521037,0.12648344039916992,24.749921798706055
run_1780546896_1e418bf6,1780548017.2417767,1.0,986.0,48.0,-0.08241701126098633,0.0,-6.592719078063965,34.08305358886719,8.241701126098633,-14.158648490905762,40.0,0.006792563745193547,0.08241701126098633,24.749921798706055
run_1780546896_1e418bf6,1780548019.2547534,1.0,986.0,48.0,-0.038336753845214844,0.0,-6.543128967285156,20.72484016418457,3.8336753845214844,-14.088315963745117,30.979480743408203,0.001469706695388595,0.038336753845214844,24.749921798706055
run_1780546896_1e418bf6,1780548021.247757,1.0,986.0,48.0,0.005744457244873047,0.0,-6.493537425994873,3.2103002071380615,-0.5744457244873047,-14.07598876953125,17.860734939575195,3.2998789038174436e-05,0.005744457244873047,24.749921798706055
run_1780546896_1e418bf6,1780548023.2448416,1.0,986.0,48.0,0.09392404556274414,0.0,-6.3943352699279785,-28.476520538330078,-9.392404556274414,-14.078044891357422,-5.006072044372559,0.008821726334872437,0.09392404556274414,24.749921798706055
run_1780546896_1e418bf6,1780548025.243856,1.0,986.0,48.0,0.13799333572387695,0.0,-6.344757556915283,-42.589874267578125,-13.799333572387695,-14.101112365722656,-14.68942928314209,0.019042160704202615,0.13799333572387695,24.749921798706055
run_1780546896_1e418bf6,1780548027.242857,1.0,986.0,48.0,0.22616147994995117,0.0,-6.24556827545166,-69.57818603515625,-22.616147994995117,-14.144295692443848,-32.81774139404297,0.051149015013152166,0.22616147994995117,24.749921798706055
run_1780546896_1e418bf6,1780548029.2406585,1.0,986.0,48.0,0.3143186569213867,0.0,-6.14639139175415,-85.63007354736328,-31.431865692138672,-14.19820785522461,-40.0,0.09879621808886441,0.3143186569213867,24.749921798706055
run_1780546896_1e418bf6,1780548031.254657,1.0,986.0,48.0,0.3143186569213867,0.0,-6.14639139175415,-85.70097351074219,-31.431865692138672,-14.269107818603516,-40.0,0.09879621808886441,0.3143186569213867,24.749921798706055
run_1780546896_1e418bf6,1780548033.251261,1.0,986.0,48.0,0.35839080810546875,0.0,-6.096810340881348,-90.17596435546875,-35.839080810546875,-14.336877822875977,-40.0,0.12844397133449093,0.35839080810546875,24.749921798706055
run_1780546896_1e418bf6,1780548035.248249,1.0,986.0,48.0,0.35839080810546875,0.0,-6.096810340881348,-90.24327850341797,-35.839080810546875,-14.40420150756836,-40.0,0.12844397133449093,0.35839080810546875,24.749921798706055
run_1780546896_1e418bf6,1780548037.2402642,1.0,986.0,48.0,0.35839080810546875,0.0,-6.096810340881348,-90.31597137451172,-35.839080810546875,-14.476889610290527,-40.0,0.12844397133449093,0.35839080810546875,24.749921798706055
run_1780546896_1e418bf6,1780548039.253261,1.0,986.0,48.0,0.2702336311340332,0.0,-6.195987224578857,-58.192569732666016,-27.02336311340332,-14.548683166503906,-16.620521545410156,0.07302621539588472,0.2702336311340332,24.749921798706055
run_1780546896_1e418bf6,1780548041.2523415,1.0,986.0,48.0,0.3143186569213867,0.0,-6.14639139175415,-71.2389907836914,-31.431865692138672,-14.607513427734375,-25.199609756469727,0.09879621808886441,0.3143186569213867,24.749921798706055
run_1780546896_1e418bf6,1780548043.25104,1.0,986.0,48.0,0.22616147994995117,0.0,-6.24556827545166,-40.14904022216797,-22.616147994995117,-14.659637451171875,-2.873257637023926,0.051149015013152166,0.22616147994995117,24.749921798706055
run_1780546896_1e418bf6,1780548045.248032,1.0,986.0,48.0,0.22616147994995117,0.0,-6.24556827545166,-39.92082977294922,-22.616147994995117,-14.705503463745117,-2.5991790294647217,0.051149015013152166,0.22616147994995117,24.749921798706055
run_1780546896_1e418bf6,1780548047.2440467,1.0,986.0,48.0,0.13799333572387695,0.0,-6.344757556915283,-10.35299301147461,-13.799333572387695,-14.745110511779785,18.191450119018555,0.019042160704202615,0.13799333572387695,24.749921798706055
run_1780546896_1e418bf6,1780548049.2450516,1.0,986.0,48.0,0.09392404556274414,0.0,-6.3943352699279785,2.455592155456543,-9.392404556274414,-14.769071578979492,26.617067337036133,0.008821726334872437,0.09392404556274414,24.749921798706055
run_1780546896_1e418bf6,1780548051.2400515,1.0,986.0,48.0,0.005744457244873047,0.0,-6.493537425994873,24.638334274291992,-0.5744457244873047,-14.78722095489502,40.0,3.2998789038174436e-05,0.005744457244873047,24.749921798706055
run_1780546896_1e418bf6,1780548053.2480283,1.0,986.0,48.0,0.005744457244873047,0.0,-6.493537425994873,24.637170791625977,-0.5744457244873047,-14.788383483886719,40.0,3.2998789038174436e-05,0.005744457244873047,24.749921798706055
run_1780546896_1e418bf6,1780548055.2480152,1.0,986.0,48.0,-0.08241701126098633,0.0,-6.592719078063965,33.48555374145508,8.241701126098633,-14.756149291992188,40.0,0.006792563745193547,0.08241701126098633,24.749921798706055
run_1780546896_1e418bf6,1780548057.242034,1.0,986.0,48.0,-0.12648344039916992,0.0,-6.642293930053711,37.95448303222656,12.648344039916992,-14.693861961364746,40.0,0.01599806069521037,0.12648344039916992,24.749921798706055
run_1780546896_1e418bf6,1780548059.2560248,1.0,986.0,48.0,-0.12648344039916992,0.0,-6.642293930053711,38.04763412475586,12.648344039916992,-14.600711822509766,40.0,0.01599806069521037,0.12648344039916992,24.749921798706055
run_1780546896_1e418bf6,1780548061.2540212,1.0,986.0,48.0,-0.21464109420776367,0.0,-6.741471290588379,46.953861236572266,21.464109420776367,-14.510247230529785,40.0,0.04607079932270608,0.21464109420776367,24.749921798706055
run_1780546896_1e418bf6,1780548063.2470107,1.0,986.0,48.0,-0.12648344039916992,0.0,-6.642293930053711,38.26615524291992,12.648344039916992,-14.382189750671387,40.0,0.01599806069521037,0.12648344039916992,24.749921798706055
run_1780546896_1e418bf6,1780548065.2450273,1.0,986.0,48.0,-0.170562744140625,0.0,-6.691883087158203,42.75783920288086,17.0562744140625,-14.298437118530273,40.0,0.029091649688780308,0.170562744140625,24.749921798706055
run_1780546896_1e418bf6,1780548067.244025,1.0,986.0,48.0,-0.038336753845214844,0.0,-6.543128967285156,3.4675657749176025,3.8336753845214844,-14.230777740478516,13.864667892456055,0.001469706695388595,0.038336753845214844,24.749921798706055
run_1780546896_1e418bf6,1780548069.2550168,1.0,986.0,48.0,0.005744457244873047,0.0,-6.493537425994873,-12.615338325500488,-0.5744457244873047,-14.213543891906738,2.1726527214050293,3.2998789038174436e-05,0.005744457244873047,24.749921798706055
run_1780546896_1e418bf6,1780548071.251021,1.0,986.0,48.0,0.09392404556274414,0.0,-6.3943352699279785,-42.193424224853516,-9.392404556274414,-14.220964431762695,-18.580055236816406,0.008821726334872437,0.09392404556274414,24.749921798706055
run_1780546896_1e418bf6,1780548073.2480197,1.0,986.0,48.0,0.13799333572387695,0.0,-6.344757556915283,-55.21596145629883,-13.799333572387695,-14.242243766784668,-27.17438316345215,0.019042160704202615,0.13799333572387695,24.749921798706055
run_1780546896_1e418bf6,1780548075.256013,1.0,986.0,48.0,0.2702336311340332,0.0,-6.195987224578857,-81.30029296875,-27.02336311340332,-14.276933670043945,-40.0,0.07302621539588472,0.2702336311340332,24.749921798706055
run_1780546896_1e418bf6,1780548077.2500248,1.0,986.0,48.0,0.3143186569213867,0.0,-6.14639139175415,-85.76583862304688,-31.431865692138672,-14.333974838256836,-40.0,0.09879621808886441,0.3143186569213867,24.749921798706055
run_1780546896_1e418bf6,1780548079.244035,1.0,986.0,48.0,0.35839080810546875,0.0,-6.096810340881348,-90.23188018798828,-35.839080810546875,-14.392805099487305,-40.0,0.12844397133449093,0.35839080810546875,24.749921798706055
run_1780546896_1e418bf6,1780548081.241035,1.0,986.0,48.0,0.35839080810546875,0.0,-6.096810340881348,-90.30458068847656,-35.839080810546875,-14.465493202209473,-40.0,0.12844397133449093,0.35839080810546875,24.749921798706055
run_1780546896_1e418bf6,1780548083.240027,1.0,986.0,48.0,0.35839080810546875,0.0,-6.096810340881348,-90.37725830078125,-35.839080810546875,-14.53818130493164,-40.0,0.12844397133449093,0.35839080810546875,24.749921798706055
run_1780546896_1e418bf6,1780548085.2520247,1.0,986.0,48.0,0.35839080810546875,0.0,-6.096810340881348,-90.449951171875,-35.839080810546875,-14.610868453979492,-40.0,0.12844397133449093,0.35839080810546875,24.749921798706055
run_1780546896_1e418bf6,1780548087.2460256,1.0,986.0,48.0,0.3143186569213867,0.0,-6.14639139175415,-80.45259857177734,-31.431865692138672,-14.67774486541748,-34.34298324584961,0.09879621808886441,0.3143186569213867,24.749921798706055
run_1780546896_1e418bf6,1780548089.2560244,1.0,986.0,48.0,0.2702336311340332,0.0,-6.195987224578857,-63.05929946899414,-27.02336311340332,-14.733892440795898,-21.302045822143555,0.07302621539588472,0.2702336311340332,24.749921798706055
run_1780546896_1e418bf6,1780548091.2520194,1.0,986.0,48.0,0.2702336311340332,0.0,-6.195987224578857,-61.08211898803711,-27.02336311340332,-14.78869915008545,-19.270057678222656,0.07302621539588472,0.2702336311340332,24.749921798706055
run_1780546896_1e418bf6,1780548093.250017,1.0,986.0,48.0,0.13799333572387695,0.0,-6.344757556915283,-15.560251235961914,-13.799333572387695,-14.831436157226562,13.070517539978027,0.019042160704202615,0.13799333572387695,24.749921798706055
run_1780546896_1e418bf6,1780548095.2450168,1.0,986.0,48.0,0.09392404556274414,0.0,-6.3943352699279785,-2.463099479675293,-9.392404556274414,-14.853609085083008,21.782913208007812,0.008821726334872437,0.09392404556274414,24.749921798706055
run_1780546896_1e418bf6,1780548097.2430346,1.0,986.0,48.0,0.04982709884643555,0.0,-6.443944454193115,10.824915885925293,-4.982709884643555,-14.875782012939453,30.683406829833984,0.0024827397794524586,0.04982709884643555,24.749921798706055
run_1780546896_1e418bf6,1780548099.2550223,1.0,986.0,48.0,0.005744457244873047,0.0,-6.493537425994873,22.264217376708984,-0.5744457244873047,-14.880073547363281,37.7187385559082,3.2998789038174436e-05,0.005744457244873047,24.749921798706055
run_1780546896_1e418bf6,1780548101.251018,1.0,986.0,48.0,-0.038336753845214844,0.0,-6.543128967285156,28.95857048034668,3.8336753845214844,-14.875103950500488,40.0,0.001469706695388595,0.038336753845214844,24.749921798706055
run_1780546896_1e418bf6,1780548103.248025,1.0,986.0,48.0,-0.12648344039916992,0.0,-6.642293930053711,37.83149337768555,12.648344039916992,-14.816850662231445,40.0,0.01599806069521037,0.12648344039916992,24.749921798706055
run_1780546896_1e418bf6,1780548105.2460124,1.0,986.0,48.0,-0.12648344039916992,0.0,-6.642293930053711,37.89244079589844,12.648344039916992,-14.755905151367188,40.0,0.01599806069521037,0.12648344039916992,24.749921798706055
run_1780546896_1e418bf6,1780548107.2560158,1.0,986.0,48.0,-0.170562744140625,0.0,-6.691883087158203,42.39486312866211,17.0562744140625,-14.661412239074707,40.0,0.029091649688780308,0.170562744140625,24.749921798706055
run_1780546896_1e418bf6,1780548109.2550218,1.0,986.0,48.0,-0.12648344039916992,0.0,-6.642293930053711,38.06800079345703,12.648344039916992,-14.580345153808594,40.0,0.01599806069521037,0.12648344039916992,24.749921798706055
run_1780546896_1e418bf6,1780548111.2540183,1.0,986.0,48.0,-0.170562744140625,0.0,-6.691883087158203,42.5704231262207,17.0562744140625,-14.485852241516113,40.0,0.029091649688780308,0.170562744140625,24.749921798706055
run_1780546896_1e418bf6,1780548113.2470262,1.0,986.0,48.0,-0.08241701126098633,0.0,-6.592719078063965,18.948333740234375,8.241701126098633,-14.411491394042969,25.11812400817871,0.006792563745193547,0.08241701126098633,24.749921798706055
run_1780546896_1e418bf6,1780548115.2560174,1.0,986.0,48.0,-0.038336753845214844,0.0,-6.543128967285156,2.019019365310669,3.8336753845214844,-14.373357772827148,12.558701515197754,0.001469706695388595,0.038336753845214844,24.749921798706055
run_1780546896_1e418bf6,1780548117.2500188,1.0,986.0,48.0,0.005744457244873047,0.0,-6.493537425994873,-14.528523445129395,-0.5744457244873047,-14.34001350402832,0.38593629002571106,3.2998789038174436e-05,0.005744457244873047,24.749921798706055
run_1780546896_1e418bf6,1780548119.2470272,1.0,986.0,48.0,0.005744457244873047,0.0,-6.493537425994873,-14.566498756408691,-0.5744457244873047,-14.341175079345703,0.34912213683128357,3.2998789038174436e-05,0.005744457244873047,24.749921798706055
run_1780546896_1e418bf6,1780548121.2400286,1.0,986.0,48.0,0.13799333572387695,0.0,-6.344757556915283,-58.34221267700195,-13.799333572387695,-14.354408264160156,-30.1884708404541,0.019042160704202615,0.13799333572387695,24.749921798706055
run_1780546896_1e418bf6,1780548123.2530224,1.0,986.0,48.0,0.18207740783691406,0.0,-6.295163154602051,-70.0672607421875,-18.207740783691406,-14.386415481567383,-37.473106384277344,0.033152182444609934,0.18207740783691406,24.749921798706055
run_1780546896_1e418bf6,1780548125.2500114,1.0,986.0,48.0,0.18207740783691406,0.0,-6.295163154602051,-67.1296615600586,-18.207740783691406,-14.417976379394531,-34.503944396972656,0.033152182444609934,0.18207740783691406,24.749921798706055
run_1780546896_1e418bf6,1780548127.242038,1.0,986.0,48.0,0.22616147994995117,0.0,-6.24556827545166,-77.0750732421875,-22.616147994995117,-14.458924293518066,-40.0,0.051149015013152166,0.22616147994995117,24.749921798706055
run_1780546896_1e418bf6,1780548129.2550213,1.0,986.0,48.0,0.22616147994995117,0.0,-6.24556827545166,-75.15097045898438,-22.616147994995117,-14.499425888061523,-38.03539276123047,0.051149015013152166,0.22616147994995117,24.749921798706055
run_1780546896_1e418bf6,1780548131.251021,1.0,986.0,48.0,0.22616147994995117,0.0,-6.24556827545166,-71.56866455078125,-22.616147994995117,-14.545291900634766,-34.407222747802734,0.051149015013152166,0.22616147994995117,24.749921798706055
run_1780546896_1e418bf6,1780548133.2460134,1.0,986.0,48.0,0.18207740783691406,0.0,-6.295163154602051,-54.15167236328125,-18.207740783691406,-14.583558082580566,-21.360374450683594,0.033152182444609934,0.18207740783691406,24.749921798706055
run_1780546896_1e418bf6,1780548135.2520156,1.0,986.0,48.0,0.18207740783691406,0.0,-6.295163154602051,-52.15103530883789,-18.207740783691406,-14.6204833984375,-19.32281494140625,0.033152182444609934,0.18207740783691406,24.749921798706055
run_1780546896_1e418bf6,1780548137.2470126,1.0,986.0,48.0,0.13799333572387695,0.0,-6.344757556915283,-36.163997650146484,-13.799333572387695,-14.649808883666992,-7.714855670928955,0.019042160704202615,0.13799333572387695,24.749921798706055
run_1780546896_1e418bf6,1780548139.245025,1.0,986.0,48.0,0.04982709884643555,0.0,-6.443944454193115,-6.303247928619385,-4.982709884643555,-14.669746398925781,13.349207878112793,0.0024827397794524586,0.04982709884643555,24.749921798706055
run_1780546896_1e418bf6,1780548141.2560253,1.0,986.0,48.0,-0.038336753845214844,0.0,-6.543128967285156,21.582414627075195,3.8336753845214844,-14.67102336883545,32.419761657714844,0.001469706695388595,0.038336753845214844,24.749921798706055
run_1780546896_1e418bf6,1780548143.25498,1.0,986.0,48.0,-0.08241701126098633,0.0,-6.592719078063965,33.0968017578125,8.241701126098633,-14.635574340820312,39.49067687988281,0.006792563745193547,0.08241701126098633,24.749921798706055
run_1780546896_1e418bf6,1780548145.2519743,1.0,986.0,48.0,-0.08241701126098633,0.0,-6.592719078063965,28.58640480041504,8.241701126098633,-14.563899993896484,34.90860366821289,0.006792563745193547,0.08241701126098633,24.749921798706055
run_1780546896_1e418bf6,1780548147.2459745,1.0,986.0,48.0,-0.12648344039916992,0.0,-6.642293930053711,38.146732330322266,12.648344039916992,-14.50161361694336,40.0,0.01599806069521037,0.12648344039916992,24.749921798706055
run_1780546896_1e418bf6,1780548149.2429867,1.0,986.0,48.0,-0.170562744140625,0.0,-6.691883087158203,42.6330451965332,17.0562744140625,-14.423232078552246,40.0,0.029091649688780308,0.170562744140625,24.749921798706055
run_1780546896_1e418bf6,1780548151.2551074,1.0,986.0,48.0,-0.21464109420776367,0.0,-6.741471290588379,47.15685272216797,21.464109420776367,-14.307257652282715,40.0,0.04607079932270608,0.21464109420776367,24.749921798706055
run_1780546896_1e418bf6,1780548153.255718,1.0,986.0,48.0,-0.170562744140625,0.0,-6.691883087158203,41.047889709472656,17.0562744140625,-14.177857398986816,38.169471740722656,0.029091649688780308,0.170562744140625,24.749921798706055
run_1780546896_1e418bf6,1780548155.2517715,1.0,986.0,48.0,-0.12648344039916992,0.0,-6.642293930053711,22.927610397338867,12.648344039916992,-14.086050033569336,24.36531639099121,0.01599806069521037,0.12648344039916992,24.749921798706055
run_1780546896_1e418bf6,1780548157.2447817,1.0,986.0,48.0,-0.038336753845214844,0.0,-6.543128967285156,-8.498465538024902,3.8336753845214844,-14.03315258026123,1.7010115385055542,0.001469706695388595,0.038336753845214844,24.749921798706055
run_1780546896_1e418bf6,1780548159.2500436,1.0,986.0,48.0,-0.038336753845214844,0.0,-6.543128967285156,-8.637358665466309,3.8336753845214844,-14.009787559509277,1.5387531518936157,0.001469706695388595,0.038336753845214844,24.749921798706055
run_1780546896_1e418bf6,1780548161.246482,1.0,986.0,48.0,0.09392404556274414,0.0,-6.3943352699279785,-52.127586364746094,-9.392404556274414,-14.0153169631958,-28.71986961364746,0.008821726334872437,0.09392404556274414,24.749921798706055
run_1780546896_1e418bf6,1780548163.2440135,1.0,986.0,48.0,0.13799333572387695,0.0,-6.344757556915283,-63.97889709472656,-13.799333572387695,-14.038383483886719,-36.14118576049805,0.019042160704202615,0.13799333572387695,24.749921798706055
run_1780546896_1e418bf6,1780548165.2420142,1.0,986.0,48.0,0.13799333572387695,0.0,-6.344757556915283,-60.55940246582031,-13.799333572387695,-14.066368103027344,-32.693702697753906,0.019042160704202615,0.13799333572387695,24.749921798706055
run_1780546896_1e418bf6,1780548167.2410185,1.0,986.0,48.0,0.18207740783691406,0.0,-6.295163154602051,-72.04547882080078,-18.207740783691406,-14.098376274108887,-39.739356994628906,0.033152182444609934,0.18207740783691406,24.749921798706055
run_1780546896_1e418bf6,1780548169.2555056,1.0,986.0,48.0,0.13799333572387695,0.0,-6.344757556915283,-53.302669525146484,-13.799333572387695,-14.134854316711426,-25.368478775024414,0.019042160704202615,0.13799333572387695,24.749921798706055
run_1780546896_1e418bf6,1780548171.2549667,1.0,986.0,48.0,0.13799333572387695,0.0,-6.344757556915283,-50.9107666015625,-13.799333572387695,-14.162837982177734,-22.948591232299805,0.019042160704202615,0.13799333572387695,24.749921798706055
run_1780546896_1e418bf6,1780548173.2469676,1.0,986.0,48.0,0.13799333572387695,0.0,-6.344757556915283,-48.13741683959961,-13.799333572387695,-14.196187019348145,-20.141897201538086,0.019042160704202615,0.13799333572387695,24.749921798706055
run_1780546896_1e418bf6,1780548175.242976,1.0,986.0,48.0,0.13799333572387695,0.0,-6.344757556915283,-46.244075775146484,-13.799333572387695,-14.22417163848877,-18.220571517944336,0.019042160704202615,0.13799333572387695,24.749921798706055
run_1780546896_1e418bf6,1780548177.2409837,1.0,986.0,48.0,0.09392404556274414,0.0,-6.3943352699279785,-30.162084579467773,-9.392404556274414,-14.246344566345215,-6.523334980010986,0.008821726334872437,0.09392404556274414,24.749921798706055
run_1780546896_1e418bf6,1780548179.2519612,1.0,986.0,48.0,0.04982709884643555,0.0,-6.443944454193115,-14.977890014648438,-4.982709884643555,-14.261364936828613,4.2661848068237305,0.0024827397794524586,0.04982709884643555,24.749921798706055
run_1780546896_1e418bf6,1780548181.2519536,1.0,986.0,48.0,-0.038336753845214844,0.0,-6.543128967285156,13.367276191711426,3.8336753845214844,-14.249713897705078,23.783313751220703,0.001469706695388595,0.038336753845214844,24.749921798706055
run_1780546896_1e418bf6,1780548183.2459533,1.0,986.0,48.0,-0.12648344039916992,0.0,-6.642293930053711,38.44614791870117,12.648344039916992,-14.202195167541504,40.0,0.01599806069521037,0.12648344039916992,24.749921798706055
run_1780546896_1e418bf6,1780548185.2439704,1.0,986.0,48.0,-0.12648344039916992,0.0,-6.642293930053711,36.37053298950195,12.648344039916992,-14.12515640258789,37.847347259521484,0.01599806069521037,0.12648344039916992,24.749921798706055
run_1780546896_1e418bf6,1780548187.2559595,1.0,986.0,48.0,-0.12648344039916992,0.0,-6.642293930053711,32.83732986450195,12.648344039916992,-14.048117637634277,34.23710632324219,0.01599806069521037,0.12648344039916992,24.749921798706055
run_1780546896_1e418bf6,1780548189.2529552,1.0,986.0,48.0,-0.21464109420776367,0.0,-6.741471290588379,47.52793884277344,21.464109420776367,-13.93617057800293,40.0,0.04607079932270608,0.21464109420776367,24.749921798706055
run_1780546896_1e418bf6,1780548191.249957,1.0,986.0,48.0,-0.170562744140625,0.0,-6.691883087158203,39.11498260498047,17.0562744140625,-13.817511558532715,35.876220703125,0.029091649688780308,0.170562744140625,24.749921798706055
run_1780546896_1e418bf6,1780548193.2449565,1.0,986.0,48.0,-0.170562744140625,0.0,-6.691883087158203,35.195213317871094,17.0562744140625,-13.697509765625,31.83644676208496,0.029091649688780308,0.170562744140625,24.749921798706055
run_1780546896_1e418bf6,1780548195.2419858,1.0,986.0,48.0,-0.170562744140625,0.0,-6.691883087158203,32.26224136352539,17.0562744140625,-13.593618392944336,28.799585342407227,0.029091649688780308,0.170562744140625,24.749921798706055
run_1780546896_1e418bf6,1780548197.2409785,1.0,986.0,48.0,-0.08241701126098633,0.0,-6.592719078063965,0.849500298500061,8.241701126098633,-13.524616241455078,6.132414817810059,0.006792563745193547,0.08241701126098633,24.749921798706055
run_1780546896_1e418bf6,1780548199.2559638,1.0,986.0,48.0,0.005744457244873047,0.0,-6.493537425994873,-29.25296401977539,-0.5744457244873047,-13.48724365234375,-15.191274642944336,3.2998789038174436e-05,0.005744457244873047,24.749921798706055
run_1780546896_1e418bf6,1780548201.2549663,1.0,986.0,48.0,0.09392404556274414,0.0,-6.3943352699279785,-57.17471694946289,-9.392404556274414,-13.494664192199707,-34.28765106201172,0.008821726334872437,0.09392404556274414,24.749921798706055
run_1780546896_1e418bf6,1780548203.2489514,1.0,986.0,48.0,0.13799333572387695,0.0,-6.344757556915283,-67.31527709960938,-13.799333572387695,-13.51594352722168,-40.0,0.019042160704202615,0.13799333572387695,24.749921798706055
run_1780546896_1e418bf6,1780548205.2434728,1.0,986.0,48.0,0.18207740783691406,0.0,-6.295163154602051,-71.75212097167969,-18.207740783691406,-13.544374465942383,-40.0,0.033152182444609934,0.18207740783691406,24.749921798706055
run_1780546896_1e418bf6,1780548207.2516625,1.0,986.0,48.0,0.18207740783691406,0.0,-6.295163154602051,-71.7890396118164,-18.207740783691406,-13.581299781799316,-40.0,0.033152182444609934,0.18207740783691406,24.749921798706055
run_1780546896_1e418bf6,1780548209.243979,1.0,986.0,48.0,0.18207740783691406,0.0,-6.295163154602051,-71.11863708496094,-18.207740783691406,-13.61822509765625,-39.29267120361328,0.033152182444609934,0.18207740783691406,24.749921798706055
run_1780546896_1e418bf6,1780548211.256102,1.0,986.0,48.0,0.22616147994995117,0.0,-6.24556827545166,-76.2735366821289,-22.616147994995117,-13.657384872436523,-40.0,0.051149015013152166,0.22616147994995117,24.749921798706055
run_1780546896_1e418bf6,1780548213.252223,1.0,986.0,48.0,0.18207740783691406,0.0,-6.295163154602051,-64.0898666381836,-18.207740783691406,-13.6920747756958,-32.19004821777344,0.033152182444609934,0.18207740783691406,24.749921798706055
run_1780546896_1e418bf6,1780548215.251536,1.0,986.0,48.0,0.13799333572387695,0.0,-6.344757556915283,-46.275413513183594,-13.799333572387695,-13.726764678955078,-18.74931526184082,0.019042160704202615,0.13799333572387695,24.749921798706055
run_1780546896_1e418bf6,1780548217.2486367,1.0,986.0,48.0,0.09392404556274414,0.0,-6.3943352699279785,-29.530912399291992,-9.392404556274414,-13.754302024841309,-6.3842058181762695,0.008821726334872437,0.09392404556274414,24.749921798706055
run_1780546896_1e418bf6,1780548219.2566278,1.0,986.0,48.0,0.04982709884643555,0.0,-6.443944454193115,-14.155866622924805,-4.982709884643555,-13.771110534667969,4.597954273223877,0.0024827397794524586,0.04982709884643555,24.749921798706055
run_1780546896_1e418bf6,1780548221.2536237,1.0,986.0,48.0,-0.038336753845214844,0.0,-6.543128967285156,14.157658576965332,3.8336753845214844,-13.759459495544434,24.08344268798828,0.001469706695388595,0.038336753845214844,24.749921798706055
run_1780546896_1e418bf6,1780548223.246623,1.0,986.0,48.0,-0.038336753845214844,0.0,-6.543128967285156,11.883719444274902,3.8336753845214844,-13.73609447479248,21.7861385345459,0.001469706695388595,0.038336753845214844,24.749921798706055
run_1780546896_1e418bf6,1780548225.2456367,1.0,986.0,48.0,-0.08241701126098633,0.0,-6.592719078063965,24.2160587310791,8.241701126098633,-13.695276260375977,29.669633865356445,0.006792563745193547,0.08241701126098633,24.749921798706055
run_1780546896_1e418bf6,1780548227.242623,1.0,986.0,48.0,-0.170562744140625,0.0,-6.691883087158203,43.45684051513672,17.0562744140625,-13.599435806274414,40.0,0.029091649688780308,0.170562744140625,24.749921798706055
run_1780546896_1e418bf6,1780548229.2557588,1.0,986.0,48.0,-0.170562744140625,0.0,-6.691883087158203,43.56072998046875,17.0562744140625,-13.495545387268066,40.0,0.029091649688780308,0.170562744140625,24.749921798706055
run_1780546896_1e418bf6,1780548231.2487612,1.0,986.0,48.0,-0.21464109420776367,0.0,-6.741471290588379,48.095279693603516,21.464109420776367,-13.368829727172852,40.0,0.04607079932270608,0.21464109420776367,24.749921798706055
run_1780546896_1e418bf6,1780548233.2467663,1.0,986.0,48.0,-0.21464109420776367,0.0,-6.741471290588379,48.22602081298828,21.464109420776367,-13.23808765411377,40.0,0.04607079932270608,0.21464109420776367,24.749921798706055
run_1780546896_1e418bf6,1780548235.2567554,1.0,986.0,48.0,-0.25869035720825195,0.0,-6.791026592254639,52.78449249267578,25.869035720825195,-13.084546089172363,40.0,0.066920700912533,0.25869035720825195,24.749921798706055
run_1780546896_1e418bf6,1780548237.2547624,1.0,986.0,48.0,-0.25869035720825195,0.0,-6.791026592254639,52.942054748535156,25.869035720825195,-12.926980972290039,40.0,0.066920700912533,0.25869035720825195,24.749921798706055
run_1780546896_1e418bf6,1780548239.2487667,1.0,986.0,48.0,-0.08241701126098633,0.0,-6.592719078063965,-4.323741912841797,8.241701126098633,-12.844568252563477,0.2791256606578827,0.006792563745193547,0.08241701126098633,24.749921798706055
run_1780546896_1e418bf6,1780548241.2437663,1.0,986.0,48.0,-0.038336753845214844,0.0,-6.543128967285156,-18.68729591369629,3.8336753845214844,-12.811805725097656,-9.709165573120117,0.001469706695388595,0.038336753845214844,24.749921798706055
run_1780546896_1e418bf6,1780548243.2557557,1.0,986.0,48.0,0.04982709884643555,0.0,-6.443944454193115,-47.30181121826172,-4.982709884643555,-12.796807289123535,-29.522293090820312,0.0024827397794524586,0.04982709884643555,24.749921798706055
run_1780546896_1e418bf6,1780548245.2517521,1.0,986.0,48.0,0.09392404556274414,0.0,-6.3943352699279785,-58.876739501953125,-9.392404556274414,-12.812721252441406,-36.6716194152832,0.008821726334872437,0.09392404556274414,24.749921798706055
run_1780546896_1e418bf6,1780548247.2457778,1.0,986.0,48.0,0.18207740783691406,0.0,-6.295163154602051,-71.0547103881836,-18.207740783691406,-12.846964836120605,-40.0,0.033152182444609934,0.18207740783691406,24.749921798706055
run_1780546896_1e418bf6,1780548249.2567656,1.0,986.0,48.0,0.22616147994995117,0.0,-6.24556827545166,-75.50406646728516,-22.616147994995117,-12.88791275024414,-40.0,0.051149015013152166,0.22616147994995117,24.749921798706055
run_1780546896_1e418bf6,1780548251.254759,1.0,986.0,48.0,0.2702336311340332,0.0,-6.195987224578857,-79.9647445678711,-27.02336311340332,-12.941378593444824,-40.0,0.07302621539588472,0.2702336311340332,24.749921798706055
run_1780546896_1e418bf6,1780548253.2467668,1.0,986.0,48.0,0.3143186569213867,0.0,-6.14639139175415,-84.43207550048828,-31.431865692138672,-13.000207901000977,-40.0,0.09879621808886441,0.3143186569213867,24.749921798706055
run_1780546896_1e418bf6,1780548255.2427547,1.0,986.0,48.0,0.2702336311340332,0.0,-6.195987224578857,-80.0850830078125,-27.02336311340332,-13.06171989440918,-40.0,0.07302621539588472,0.2702336311340332,24.749921798706055
run_1780546896_1e418bf6,1780548257.25677,1.0,986.0,48.0,0.2702336311340332,0.0,-6.195987224578857,-80.13988494873047,-27.02336311340332,-13.11652660369873,-40.0,0.07302621539588472,0.2702336311340332,24.749921798706055
run_1780546896_1e418bf6,1780548259.2487519,1.0,986.0,48.0,0.2702336311340332,0.0,-6.195987224578857,-80.18933868408203,-27.02336311340332,-13.165968894958496,-40.0,0.07302621539588472,0.2702336311340332,24.749921798706055
run_1780546896_1e418bf6,1780548261.2557662,1.0,986.0,48.0,0.22616147994995117,0.0,-6.24556827545166,-62.956268310546875,-22.616147994995117,-13.216752052307129,-27.123367309570312,0.051149015013152166,0.22616147994995117,24.749921798706055
run_1780546896_1e418bf6,1780548263.2517555,1.0,986.0,48.0,0.18207740783691406,0.0,-6.295163154602051,-45.63405990600586,-18.207740783691406,-13.260382652282715,-14.165937423706055,0.033152182444609934,0.18207740783691406,24.749921798706055
run_1780546896_1e418bf6,1780548265.2447762,1.0,986.0,48.0,0.13799333572387695,0.0,-6.344757556915283,-29.74298095703125,-13.799333572387695,-13.29328441619873,-2.6503636837005615,0.019042160704202615,0.13799333572387695,24.749921798706055
run_1780546896_1e418bf6,1780548267.254753,1.0,986.0,48.0,0.005744457244873047,0.0,-6.493537425994873,13.62309455871582,-0.5744457244873047,-13.303833961486816,27.501375198364258,3.2998789038174436e-05,0.005744457244873047,24.749921798706055
run_1780546896_1e418bf6,1780548269.2517512,1.0,986.0,48.0,0.005744457244873047,0.0,-6.493537425994873,10.998587608337402,-0.5744457244873047,-13.304996490478516,24.878028869628906,3.2998789038174436e-05,0.005744457244873047,24.749921798706055
run_1780546896_1e418bf6,1780548271.2487507,1.0,986.0,48.0,-0.038336753845214844,0.0,-6.543128967285156,22.228212356567383,3.8336753845214844,-13.26919937133789,31.66373634338379,0.001469706695388595,0.038336753845214844,24.749921798706055
run_1780546896_1e418bf6,1780548273.244767,1.0,986.0,48.0,-0.08241701126098633,0.0,-6.592719078063965,33.81471252441406,8.241701126098633,-13.23375129699707,38.8067626953125,0.006792563745193547,0.08241701126098633,24.749921798706055
run_1780546896_1e418bf6,1780548275.240768,1.0,986.0,48.0,-0.170562744140625,0.0,-6.691883087158203,43.89688491821289,17.0562744140625,-13.159392356872559,40.0,0.029091649688780308,0.170562744140625,24.749921798706055
run_1780546896_1e418bf6,1780548277.252767,1.0,986.0,48.0,-0.170562744140625,0.0,-6.691883087158203,44.00077438354492,17.0562744140625,-13.055501937866211,40.0,0.029091649688780308,0.170562744140625,24.749921798706055
run_1780546896_1e418bf6,1780548279.2507546,1.0,986.0,48.0,-0.170562744140625,0.0,-6.691883087158203,44.12614822387695,17.0562744140625,-12.930129051208496,40.0,0.029091649688780308,0.170562744140625,24.749921798706055
run_1780546896_1e418bf6,1780548281.2477672,1.0,986.0,48.0,-0.21464109420776367,0.0,-6.741471290588379,48.64995574951172,21.464109420776367,-12.814155578613281,40.0,0.04607079932270608,0.21464109420776367,24.749921798706055
run_1780546896_1e418bf6,1780548283.242773,1.0,986.0,48.0,-0.08241701126098633,0.0,-6.592719078063965,11.063072204589844,8.241701126098633,-12.730401992797852,15.551773071289062,0.006792563745193547,0.08241701126098633,24.749921798706055
run_1780546896_1e418bf6,1780548285.2417686,1.0,986.0,48.0,-0.038336753845214844,0.0,-6.543128967285156,-4.953712463378906,3.8336753845214844,-12.692268371582031,3.9048805236816406,0.001469706695388595,0.038336753845214844,24.749921798706055
run_1780546896_1e418bf6,1780548287.2517545,1.0,986.0,48.0,0.005744457244873047,0.0,-6.493537425994873,-19.495933532714844,-0.5744457244873047,-12.689751625061035,-6.23173713684082,3.2998789038174436e-05,0.005744457244873047,24.749921798706055
run_1780546896_1e418bf6,1780548289.2457666,1.0,986.0,48.0,0.09392404556274414,0.0,-6.3943352699279785,-48.059879302978516,-9.392404556274414,-12.698960304260254,-25.968515396118164,0.008821726334872437,0.09392404556274414,24.749921798706055
run_1780546896_1e418bf6,1780548291.2557588,1.0,986.0,48.0,0.13799333572387695,0.0,-6.344757556915283,-59.77782440185547,-13.799333572387695,-12.725603103637695,-33.25288772583008,0.019042160704202615,0.13799333572387695,24.749921798706055
run_1780546896_1e418bf6,1780548293.250761,1.0,986.0,48.0,0.18207740783691406,0.0,-6.295163154602051,-70.96534729003906,-18.207740783691406,-12.757611274719238,-40.0,0.033152182444609934,0.18207740783691406,24.749921798706055
run_1780546896_1e418bf6,1780548295.2477837,1.0,986.0,48.0,0.22616147994995117,0.0,-6.24556827545166,-75.4111328125,-22.616147994995117,-12.79498291015625,-40.0,0.051149015013152166,0.22616147994995117,24.749921798706055
run_1780546896_1e418bf6,1780548297.2447736,1.0,986.0,48.0,0.22616147994995117,0.0,-6.24556827545166,-75.45700073242188,-22.616147994995117,-12.840848922729492,-40.0,0.051149015013152166,0.22616147994995117,24.749921798706055
run_1780546896_1e418bf6,1780548299.251765,1.0,986.0,48.0,0.2702336311340332,0.0,-6.195987224578857,-79.91053009033203,-27.02336311340332,-12.887162208557129,-40.0,0.07302621539588472,0.2702336311340332,24.749921798706055
run_1780546896_1e418bf6,1780548301.2467537,1.0,986.0,48.0,0.2702336311340332,0.0,-6.195987224578857,-79.96533203125,-27.02336311340332,-12.94196891784668,-40.0,0.07302621539588472,0.2702336311340332,24.749921798706055
run_1780546896_1e418bf6,1780548303.243767,1.0,986.0,48.0,0.22616147994995117,0.0,-6.24556827545166,-66.37953186035156,-22.616147994995117,-12.985599517822266,-30.77778434753418,0.051149015013152166,0.22616147994995117,24.749921798706055
run_1780546896_1e418bf6,1780548305.2567627,1.0,986.0,48.0,0.18207740783691406,0.0,-6.295163154602051,-48.91279602050781,-18.207740783691406,-13.027441024780273,-17.677614212036133,0.033152182444609934,0.18207740783691406,24.749921798706055
run_1780546896_1e418bf6,1780548307.2497633,1.0,986.0,48.0,0.13799333572387695,0.0,-6.344757556915283,-32.886714935302734,-13.799333572387695,-13.058555603027344,-6.028829097747803,0.019042160704202615,0.13799333572387695,24.749921798706055
run_1780546896_1e418bf6,1780548309.2447665,1.0,986.0,48.0,0.09392404556274414,0.0,-6.3943352699279785,-17.767778396606445,-9.392404556274414,-13.082515716552734,4.707141876220703,0.008821726334872437,0.09392404556274414,24.749921798706055
run_1780546896_1e418bf6,1780548311.2407663,1.0,986.0,48.0,0.04982709884643555,0.0,-6.443944454193115,-3.854888677597046,-4.982709884643555,-13.095748901367188,14.223569869995117,0.0024827397794524586,0.04982709884643555,24.749921798706055
run_1780546896_1e418bf6,1780548313.2557504,1.0,986.0,48.0,0.005744457244873047,0.0,-6.493537425994873,9.354482650756836,-0.5744457244873047,-13.101827621459961,23.0307559967041,3.2998789038174436e-05,0.005744457244873047,24.749921798706055
run_1780546896_1e418bf6,1780548315.2467527,1.0,986.0,48.0,-0.12648344039916992,0.0,-6.642293930053711,39.58009338378906,12.648344039916992,-13.068252563476562,40.0,0.01599806069521037,0.12648344039916992,24.749921798706055
run_1780546896_1e418bf6,1780548317.2427657,1.0,986.0,48.0,-0.170562744140625,0.0,-6.691883087158203,44.077144622802734,17.0562744140625,-12.979130744934082,40.0,0.029091649688780308,0.170562744140625,24.749921798706055
run_1780546896_1e418bf6,1780548319.2547653,1.0,986.0,48.0,-0.25869035720825195,0.0,-6.791026592254639,52.99647903442383,25.869035720825195,-12.87255573272705,40.0,0.066920700912533,0.25869035720825195,24.749921798706055
run_1780546896_1e418bf6,1780548321.2497506,1.0,986.0,48.0,-0.25869035720825195,0.0,-6.791026592254639,53.15404510498047,25.869035720825195,-12.714990615844727,40.0,0.066920700912533,0.25869035720825195,24.749921798706055
run_1780546896_1e418bf6,1780548323.2489614,1.0,986.0,48.0,-0.25869035720825195,0.0,-6.791026592254639,53.31161117553711,25.869035720825195,-12.557426452636719,40.0,0.066920700912533,0.25869035720825195,24.749921798706055
run_1780546896_1e418bf6,1780548325.2440424,1.0,986.0,48.0,-0.170562744140625,0.0,-6.691883087158203,37.87199401855469,17.0562744140625,-12.42401123046875,33.23973083496094,0.029091649688780308,0.170562744140625,24.749921798706055
run_1780546896_1e418bf6,1780548327.2534528,1.0,986.0,48.0,-0.170562744140625,0.0,-6.691883087158203,34.80516815185547,17.0562744140625,-12.320120811462402,30.069013595581055,0.029091649688780308,0.170562744140625,24.749921798706055
run_1780546896_1e418bf6,1780548329.2564557,1.0,986.0,48.0,-0.12648344039916992,0.0,-6.642293930053711,17.257123947143555,12.648344039916992,-12.222942352294922,16.831722259521484,0.01599806069521037,0.12648344039916992,24.749921798706055
run_1780546896_1e418bf6,1780548331.2534523,1.0,986.0,48.0,0.005744457244873047,0.0,-6.493537425994873,-27.427112579345703,-0.5744457244873047,-12.196734428405762,-14.65593147277832,3.2998789038174436e-05,0.005744457244873047,24.749921798706055
run_1780546896_1e418bf6,1780548333.2514534,1.0,986.0,48.0,0.09392404556274414,0.0,-6.3943352699279785,-55.595664978027344,-9.392404556274414,-12.202370643615723,-34.000892639160156,0.008821726334872437,0.09392404556274414,24.749921798706055
run_1780546896_1e418bf6,1780548335.245102,1.0,986.0,48.0,0.22616147994995117,0.0,-6.24556827545166,-74.84427642822266,-22.616147994995117,-12.228126525878906,-40.0,0.051149015013152166,0.22616147994995117,24.749921798706055
run_1780546896_1e418bf6,1780548337.2550905,1.0,986.0,48.0,0.2702336311340332,0.0,-6.195987224578857,-79.29960632324219,-27.02336311340332,-12.27624225616455,-40.0,0.07302621539588472,0.2702336311340332,24.749921798706055
run_1780546896_1e418bf6,1780548339.2562063,1.0,986.0,48.0,0.35839080810546875,0.0,-6.096810340881348,-88.1710433959961,-35.839080810546875,-12.331957817077637,-40.0,0.12844397133449093,0.35839080810546875,24.749921798706055
run_1780546896_1e418bf6,1780548341.2412746,1.0,986.0,48.0,0.35839080810546875,0.0,-6.096810340881348,-88.24374389648438,-35.839080810546875,-12.40466022491455,-40.0,0.12844397133449093,0.35839080810546875,24.749921798706055
run_1780546896_1e418bf6,1780548343.2556612,1.0,986.0,48.0,0.35839080810546875,0.0,-6.096810340881348,-88.31643676757812,-35.839080810546875,-12.477362632751465,-40.0,0.12844397133449093,0.35839080810546875,24.749921798706055
run_1780546896_1e418bf6,1780548345.2536907,1.0,986.0,48.0,0.3143186569213867,0.0,-6.14639139175415,-83.97969055175781,-31.431865692138672,-12.547821044921875,-40.0,0.09879621808886441,0.3143186569213867,24.749921798706055
run_1780546896_1e418bf6,1780548347.2526793,1.0,986.0,48.0,0.2702336311340332,0.0,-6.195987224578857,-73.41986083984375,-27.02336311340332,-12.616485595703125,-33.78001022338867,0.07302621539588472,0.2702336311340332,24.749921798706055
run_1780546896_1e418bf6,1780548349.2466903,1.0,986.0,48.0,0.3143186569213867,0.0,-6.14639139175415,-84.10539245605469,-31.431865692138672,-12.673526763916016,-40.0,0.09879621808886441,0.3143186569213867,24.749921798706055
run_1780546896_1e418bf6,1780548351.246167,1.0,986.0,48.0,0.18207740783691406,0.0,-6.295163154602051,-36.84210968017578,-18.207740783691406,-12.730568885803223,-5.9037981033325195,0.033152182444609934,0.18207740783691406,24.749921798706055
run_1780546896_1e418bf6,1780548353.2451687,1.0,986.0,48.0,0.18207740783691406,0.0,-6.295163154602051,-36.31587219238281,-18.207740783691406,-12.767494201660156,-5.340636730194092,0.033152182444609934,0.18207740783691406,24.749921798706055
run_1780546896_1e418bf6,1780548355.2561498,1.0,986.0,48.0,0.09392404556274414,0.0,-6.3943352699279785,-7.094681262969971,-9.392404556274414,-12.79279613494873,15.090518951416016,0.008821726334872437,0.09392404556274414,24.749921798706055
run_1780546896_1e418bf6,1780548357.2511506,1.0,986.0,48.0,0.005744457244873047,0.0,-6.493537425994873,21.01220703125,-0.5744457244873047,-12.807369232177734,34.39402389526367,3.2998789038174436e-05,0.005744457244873047,24.749921798706055
run_1780546896_1e418bf6,1780548359.2501476,1.0,986.0,48.0,-0.038336753845214844,0.0,-6.543128967285156,31.041086196899414,3.8336753845214844,-12.79258918762207,40.0,0.001469706695388595,0.038336753845214844,24.749921798706055
run_1780546896_1e418bf6,1780548361.2461622,1.0,986.0,48.0,-0.12648344039916992,0.0,-6.642293930053711,39.892539978027344,12.648344039916992,-12.755805015563965,40.0,0.01599806069521037,0.12648344039916992,24.749921798706055
run_1780546896_1e418bf6,1780548363.2571557,1.0,986.0,48.0,-0.170562744140625,0.0,-6.691883087158203,44.394962310791016,17.0562744140625,-12.661312103271484,40.0,0.029091649688780308,0.170562744140625,24.749921798706055
run_1780546896_1e418bf6,1780548365.254163,1.0,986.0,48.0,-0.21464109420776367,0.0,-6.741471290588379,48.91340255737305,21.464109420776367,-12.550708770751953,40.0,0.04607079932270608,0.21464109420776367,24.749921798706055
run_1780546896_1e418bf6,1780548367.251147,1.0,986.0,48.0,-0.21464109420776367,0.0,-6.741471290588379,49.04414367675781,21.464109420776367,-12.419965744018555,40.0,0.04607079932270608,0.21464109420776367,24.749921798706055
run_1780546896_1e418bf6,1780548369.2481742,1.0,986.0,48.0,-0.21464109420776367,0.0,-6.741471290588379,49.19099044799805,21.464109420776367,-12.273120880126953,40.0,0.04607079932270608,0.21464109420776367,24.749921798706055
run_1780546896_1e418bf6,1780548371.2461634,1.0,986.0,48.0,-0.21464109420776367,0.0,-6.741471290588379,49.32173156738281,21.464109420776367,-12.142377853393555,40.0,0.04607079932270608,0.21464109420776367,24.749921798706055
run_1780546896_1e418bf6,1780548373.2571628,1.0,986.0,48.0,-0.12648344039916992,0.0,-6.642293930053711,24.681602478027344,12.648344039916992,-12.04117202758789,24.074430465698242,0.01599806069521037,0.12648344039916992,24.749921798706055
run_1780546896_1e418bf6,1780548375.2531507,1.0,986.0,48.0,-0.12648344039916992,0.0,-6.642293930053711,22.46219253540039,12.648344039916992,-11.964133262634277,21.77798080444336,0.01599806069521037,0.12648344039916992,24.749921798706055
run_1780546896_1e418bf6,1780548377.2471633,1.0,986.0,48.0,0.04982709884643555,0.0,-6.443944454193115,-38.07648849487305,-4.982709884643555,-11.924982070922852,-21.168798446655273,0.0024827397794524586,0.04982709884643555,24.749921798706055
run_1780546896_1e418bf6,1780548379.2471633,1.0,986.0,48.0,0.04982709884643555,0.0,-6.443944454193115,-36.06731414794922,-4.982709884643555,-11.93508529663086,-19.149518966674805,0.0024827397794524586,0.04982709884643555,24.749921798706055
run_1780546896_1e418bf6,1780548381.2561505,1.0,986.0,48.0,0.22616147994995117,0.0,-6.24556827545166,-74.58638000488281,-22.616147994995117,-11.970234870910645,-40.0,0.051149015013152166,0.22616147994995117,24.749921798706055
run_1780546896_1e418bf6,1780548383.2521513,1.0,986.0,48.0,0.2702336311340332,0.0,-6.195987224578857,-79.04350280761719,-27.02336311340332,-12.02013874053955,-40.0,0.07302621539588472,0.2702336311340332,24.749921798706055
run_1780546896_1e418bf6,1780548385.2471619,1.0,986.0,48.0,0.2702336311340332,0.0,-6.195987224578857,-79.09832000732422,-27.02336311340332,-12.074959754943848,-40.0,0.07302621539588472,0.2702336311340332,24.749921798706055
run_1780546896_1e418bf6,1780548387.2441635,1.0,986.0,48.0,0.35839080810546875,0.0,-6.096810340881348,-87.9769058227539,-35.839080810546875,-12.13782787322998,-40.0,0.12844397133449093,0.35839080810546875,24.749921798706055
run_1780546896_1e418bf6,1780548389.2561505,1.0,986.0,48.0,0.35839080810546875,0.0,-6.096810340881348,-88.04425048828125,-35.839080810546875,-12.205166816711426,-40.0,0.12844397133449093,0.35839080810546875,24.749921798706055
run_1780546896_1e418bf6,1780548391.251154,1.0,986.0,48.0,0.3143186569213867,0.0,-6.14639139175415,-83.7057113647461,-31.431865692138672,-12.273845672607422,-40.0,0.09879621808886441,0.3143186569213867,24.749921798706055
run_1780546896_1e418bf6,1780548393.2441702,1.0,986.0,48.0,0.2702336311340332,0.0,-6.195987224578857,-72.12171173095703,-27.02336311340332,-12.340737342834473,-32.75761032104492,0.07302621539588472,0.2702336311340332,24.749921798706055
run_1780546896_1e418bf6,1780548395.2551475,1.0,986.0,48.0,0.3143186569213867,0.0,-6.14639139175415,-83.62883758544922,-31.431865692138672,-12.399581909179688,-39.797393798828125,0.09879621808886441,0.3143186569213867,24.749921798706055
run_1780546896_1e418bf6,1780548397.2521532,1.0,986.0,48.0,0.22616147994995117,0.0,-6.24556827545166,-51.538330078125,-22.616147994995117,-12.448144912719727,-16.47403907775879,0.051149015013152166,0.22616147994995117,24.749921798706055
run_1780546896_1e418bf6,1780548399.249155,1.0,986.0,48.0,0.22616147994995117,0.0,-6.24556827545166,-50.012760162353516,-22.616147994995117,-12.494025230407715,-14.902588844299316,0.051149015013152166,0.22616147994995117,24.749921798706055
run_1780546896_1e418bf6,1780548401.245162,1.0,986.0,48.0,0.09392404556274414,0.0,-6.3943352699279785,-4.899689674377441,-9.392404556274414,-12.527823448181152,17.020538330078125,0.008821726334872437,0.09392404556274414,24.749921798706055
run_1780546896_1e418bf6,1780548403.2431626,1.0,986.0,48.0,0.09392404556274414,0.0,-6.3943352699279785,-6.542314529418945,-9.392404556274414,-12.546867370605469,15.396957397460938,0.008821726334872437,0.09392404556274414,24.749921798706055
run_1780546896_1e418bf6,1780548405.2521484,1.0,986.0,48.0,0.005744457244873047,0.0,-6.493537425994873,20.93515396118164,-0.5744457244873047,-12.556076049804688,34.065673828125,3.2998789038174436e-05,0.005744457244873047,24.749921798706055
run_1780546896_1e418bf6,1780548407.2461624,1.0,986.0,48.0,0.005744457244873047,0.0,-6.493537425994873,17.684486389160156,-0.5744457244873047,-12.557238578796387,30.81616973876953,3.2998789038174436e-05,0.005744457244873047,24.749921798706055
run_1780546896_1e418bf6,1780548409.2431622,1.0,986.0,48.0,-0.12648344039916992,0.0,-6.642293930053711,40.11347579956055,12.648344039916992,-12.534868240356445,40.0,0.01599806069521037,0.12648344039916992,24.749921798706055
run_1780546896_1e418bf6,1780548411.2541625,1.0,986.0,48.0,-0.170562744140625,0.0,-6.691883087158203,44.610530853271484,17.0562744140625,-12.445746421813965,40.0,0.029091649688780308,0.170562744140625,24.749921798706055
run_1780546896_1e418bf6,1780548413.2501595,1.0,986.0,48.0,-0.170562744140625,0.0,-6.691883087158203,44.73590087890625,17.0562744140625,-12.32037353515625,40.0,0.029091649688780308,0.170562744140625,24.749921798706055
run_1780546896_1e418bf6,1780548415.2441638,1.0,986.0,48.0,-0.170562744140625,0.0,-6.691883087158203,44.83979415893555,17.0562744140625,-12.216483116149902,40.0,0.029091649688780308,0.170562744140625,24.749921798706055
run_1780546896_1e418bf6,1780548417.2531505,1.0,986.0,48.0,-0.170562744140625,0.0,-6.691883087158203,44.96516418457031,17.0562744140625,-12.091110229492188,40.0,0.029091649688780308,0.170562744140625,24.749921798706055
run_1780546896_1e418bf6,1780548419.247163,1.0,986.0,48.0,-0.170562744140625,0.0,-6.691883087158203,45.06905746459961,17.0562744140625,-11.98721981048584,40.0,0.029091649688780308,0.170562744140625,24.749921798706055
run_1780546896_1e418bf6,1780548421.2541595,1.0,986.0,48.0,-0.08241701126098633,0.0,-6.592719078063965,11.569734573364258,8.241701126098633,-11.864531517028809,15.192564964294434,0.006792563745193547,0.08241701126098633,24.749921798706055
run_1780546896_1e418bf6,1780548423.2481694,1.0,986.0,48.0,-0.12648344039916992,0.0,-6.642293930053711,24.74967384338379,12.648344039916992,-11.802252769470215,23.903583526611328,0.01599806069521037,0.12648344039916992,24.749921798706055
run_1780546896_1e418bf6,1780548425.2571492,1.0,986.0,48.0,0.005744457244873047,0.0,-6.493537425994873,-20.031604766845703,-0.5744457244873047,-11.791685104370117,-7.665474891662598,3.2998789038174436e-05,0.005744457244873047,24.749921798706055
run_1780546896_1e418bf6,1780548427.2521505,1.0,986.0,48.0,0.09392404556274414,0.0,-6.3943352699279785,-48.458797454833984,-9.392404556274414,-11.80090045928955,-27.265491485595703,0.008821726334872437,0.09392404556274414,24.749921798706055
run_1780546896_1e418bf6,1780548429.2581623,1.0,986.0,48.0,0.13799333572387695,0.0,-6.344757556915283,-60.86100769042969,-13.799333572387695,-11.820405960083008,-35.24127197265625,0.019042160704202615,0.13799333572387695,24.749921798706055
run_1780546896_1e418bf6,1780548431.2541504,1.0,986.0,48.0,0.2702336311340332,0.0,-6.195987224578857,-78.88382720947266,-27.02336311340332,-11.860466957092285,-40.0,0.07302621539588472,0.2702336311340332,24.749921798706055
run_1780546896_1e418bf6,1780548433.2481747,1.0,986.0,48.0,0.3143186569213867,0.0,-6.14639139175415,-83.34044647216797,-31.431865692138672,-11.90858268737793,-40.0,0.09879621808886441,0.3143186569213867,24.749921798706055
run_1780546896_1e418bf6,1780548435.2581627,1.0,986.0,48.0,0.35839080810546875,0.0,-6.096810340881348,-87.8154525756836,-35.839080810546875,-11.976367950439453,-40.0,0.12844397133449093,0.35839080810546875,24.749921798706055
run_1780546896_1e418bf6,1780548437.2531552,1.0,986.0,48.0,0.2702336311340332,0.0,-6.195987224578857,-79.0608139038086,-27.02336311340332,-12.037447929382324,-40.0,0.07302621539588472,0.2702336311340332,24.749921798706055
run_1780546896_1e418bf6,1780548439.2501633,1.0,986.0,48.0,0.2702336311340332,0.0,-6.195987224578857,-79.11563110351562,-27.02336311340332,-12.092268943786621,-40.0,0.07302621539588472,0.2702336311340332,24.749921798706055
run_1780546896_1e418bf6,1780548441.245169,1.0,986.0,48.0,0.22616147994995117,0.0,-6.24556827545166,-60.817420959472656,-22.616147994995117,-12.14664363861084,-26.05463218688965,0.051149015013152166,0.22616147994995117,24.749921798706055
run_1780546896_1e418bf6,1780548443.2551565,1.0,986.0,48.0,0.2702336311340332,0.0,-6.195987224578857,-72.95075225830078,-27.02336311340332,-12.196547508239746,-33.73084259033203,0.07302621539588472,0.2702336311340332,24.749921798706055
run_1780546896_1e418bf6,1780548445.2501557,1.0,986.0,48.0,0.13799333572387695,0.0,-6.344757556915283,-25.437101364135742,-13.799333572387695,-12.244662284851074,0.6068944931030273,0.019042160704202615,0.13799333572387695,24.749921798706055
run_1780546896_1e418bf6,1780548447.247694,1.0,986.0,48.0,0.09392404556274414,0.0,-6.3943352699279785,-10.951146125793457,-9.392404556274414,-12.268630027770996,10.709887504577637,0.008821726334872437,0.09392404556274414,24.749921798706055
run_1780546896_1e418bf6,1780548449.2469304,1.0,986.0,48.0,0.005744457244873047,0.0,-6.493537425994873,17.37767219543457,-0.5744457244873047,-12.281420707702637,30.233537673950195,3.2998789038174436e-05,0.005744457244873047,24.749921798706055
run_1780546896_1e418bf6,1780548451.2421608,1.0,986.0,48.0,0.04982709884643555,0.0,-6.443944454193115,-0.0836983323097229,-4.982709884643555,-12.286606788635254,17.185617446899414,0.0024827397794524586,0.04982709884643555,24.749921798706055
run_1780546896_1e418bf6,1780548453.2561471,1.0,986.0,48.0,-0.08241701126098633,0.0,-6.592719078063965,35.953372955322266,8.241701126098633,-12.288330078125,40.0,0.006792563745193547,0.08241701126098633,24.749921798706055
run_1780546896_1e418bf6,1780548455.2561576,1.0,986.0,48.0,-0.08241701126098633,0.0,-6.592719078063965,36.00357437133789,8.241701126098633,-12.238127708435059,40.0,0.006792563745193547,0.08241701126098633,24.749921798706055
run_1780546896_1e418bf6,1780548457.2512794,1.0,986.0,48.0,-0.21464109420776367,0.0,-6.741471290588379,49.29631423950195,21.464109420776367,-12.16779613494873,40.0,0.04607079932270608,0.21464109420776367,24.749921798706055
run_1780546896_1e418bf6,1780548459.2492714,1.0,986.0,48.0,-0.170562744140625,0.0,-6.691883087158203,45.00714111328125,17.0562744140625,-12.049137115478516,40.0,0.029091649688780308,0.170562744140625,24.749921798706055
run_1780546896_1e418bf6,1780548461.2462847,1.0,986.0,48.0,-0.21464109420776367,0.0,-6.741471290588379,49.53631591796875,21.464109420776367,-11.9277925491333,40.0,0.04607079932270608,0.21464109420776367,24.749921798706055
run_1780546896_1e418bf6,1780548463.244285,1.0,986.0,48.0,-0.25869035720825195,0.0,-6.791026592254639,54.078697204589844,25.869035720825195,-11.790340423583984,40.0,0.066920700912533,0.25869035720825195,24.749921798706055
run_1780546896_1e418bf6,1780548465.257282,1.0,986.0,48.0,-0.170562744140625,0.0,-6.691883087158203,40.682010650634766,17.0562744140625,-11.635444641113281,35.26118469238281,0.029091649688780308,0.170562744140625,24.749921798706055
run_1780546896_1e418bf6,1780548467.250137,1.0,986.0,48.0,-0.12648344039916992,0.0,-6.642293930053711,22.638690948486328,12.648344039916992,-11.538267135620117,21.528614044189453,0.01599806069521037,0.12648344039916992,24.749921798706055
run_1780546896_1e418bf6,1780548469.2481515,1.0,986.0,48.0,-0.12648344039916992,0.0,-6.642293930053711,21.263418197631836,12.648344039916992,-11.477330207824707,20.092403411865234,0.01599806069521037,0.12648344039916992,24.749921798706055
run_1780546896_1e418bf6,1780548471.249444,1.0,986.0,48.0,0.005744457244873047,0.0,-6.493537425994873,-24.92320442199707,-0.5744457244873047,-11.419841766357422,-12.928916931152344,3.2998789038174436e-05,0.005744457244873047,24.749921798706055
run_1780546896_1e418bf6,1780548473.248454,1.0,986.0,48.0,0.13799333572387695,0.0,-6.344757556915283,-65.232421875,-13.799333572387695,-11.433082580566406,-40.0,0.019042160704202615,0.13799333572387695,24.749921798706055
run_1780546896_1e418bf6,1780548475.258458,1.0,986.0,48.0,0.18207740783691406,0.0,-6.295163154602051,-69.6710433959961,-18.207740783691406,-11.463306427001953,-40.0,0.033152182444609934,0.18207740783691406,24.749921798706055
run_1780546896_1e418bf6,1780548477.256449,1.0,986.0,48.0,0.2702336311340332,0.0,-6.195987224578857,-78.52450561523438,-27.02336311340332,-11.501140594482422,-40.0,0.07302621539588472,0.2702336311340332,24.749921798706055
run_1780546896_1e418bf6,1780548479.248458,1.0,986.0,48.0,0.22616147994995117,0.0,-6.24556827545166,-74.16987609863281,-22.616147994995117,-11.553726196289062,-40.0,0.051149015013152166,0.22616147994995117,24.749921798706055
run_1780546896_1e418bf6,1780548481.2464576,1.0,986.0,48.0,0.3143186569213867,0.0,-6.14639139175415,-83.04309844970703,-31.431865692138672,-11.61122989654541,-40.0,0.09879621808886441,0.3143186569213867,24.749921798706055
run_1780546896_1e418bf6,1780548483.258454,1.0,986.0,48.0,0.2702336311340332,0.0,-6.195987224578857,-78.69612121582031,-27.02336311340332,-11.672757148742676,-40.0,0.07302621539588472,0.2702336311340332,24.749921798706055
run_1780546896_1e418bf6,1780548485.255457,1.0,986.0,48.0,0.2702336311340332,0.0,-6.195987224578857,-78.75094604492188,-27.02336311340332,-11.727578163146973,-40.0,0.07302621539588472,0.2702336311340332,24.749921798706055
run_1780546896_1e418bf6,1780548487.249457,1.0,986.0,48.0,0.22616147994995117,0.0,-6.24556827545166,-62.766502380371094,-22.616147994995117,-11.78016471862793,-28.370195388793945,0.051149015013152166,0.22616147994995117,24.749921798706055
run_1780546896_1e418bf6,1780548489.2464588,1.0,986.0,48.0,0.18207740783691406,0.0,-6.295163154602051,-45.729427337646484,-18.207740783691406,-11.820233345031738,-15.701452255249023,0.033152182444609934,0.18207740783691406,24.749921798706055
run_1780546896_1e418bf6,1780548491.2564576,1.0,986.0,48.0,0.18207740783691406,0.0,-6.295163154602051,-44.268611907958984,-18.207740783691406,-11.857173919677734,-14.203697204589844,0.033152182444609934,0.18207740783691406,24.749921798706055
run_1780546896_1e418bf6,1780548493.2544456,1.0,986.0,48.0,0.13799333572387695,0.0,-6.344757556915283,-28.573911666870117,-13.799333572387695,-11.88829231262207,-2.8862876892089844,0.019042160704202615,0.13799333572387695,24.749921798706055
run_1780546896_1e418bf6,1780548495.2454576,1.0,986.0,48.0,0.04982709884643555,0.0,-6.443944454193115,0.034356117248535156,-4.982709884643555,-11.901077270507812,16.91814422607422,0.0024827397794524586,0.04982709884643555,24.749921798706055
run_1780546896_1e418bf6,1780548497.256445,1.0,986.0,48.0,-0.038336753845214844,0.0,-6.543128967285156,27.172657012939453,3.8336753845214844,-11.889435768127441,35.22842025756836,0.001469706695388595,0.038336753845214844,24.749921798706055
run_1780546896_1e418bf6,1780548499.251449,1.0,986.0,48.0,-0.08241701126098633,0.0,-6.592719078063965,36.398441314697266,8.241701126098633,-11.84326171875,40.0,0.006792563745193547,0.08241701126098633,24.749921798706055
run_1780546896_1e418bf6,1780548501.2514482,1.0,986.0,48.0,-0.12648344039916992,0.0,-6.642293930053711,40.87273025512695,12.648344039916992,-11.775615692138672,40.0,0.01599806069521037,0.12648344039916992,24.749921798706055
run_1780546896_1e418bf6,1780548503.2524467,1.0,986.0,48.0,-0.170562744140625,0.0,-6.691883087158203,45.39663314819336,17.0562744140625,-11.65964126586914,40.0,0.029091649688780308,0.170562744140625,24.749921798706055
run_1780546896_1e418bf6,1780548505.2584503,1.0,986.0,48.0,-0.25869035720825195,0.0,-6.791026592254639,54.348182678222656,25.869035720825195,-11.520853042602539,40.0,0.066920700912533,0.25869035720825195,24.749921798706055
run_1780546896_1e418bf6,1780548507.2544441,1.0,986.0,48.0,-0.21464109420776367,0.0,-6.741471290588379,50.07802200317383,21.464109420776367,-11.38608455657959,40.0,0.04607079932270608,0.21464109420776367,24.749921798706055
run_1780546896_1e418bf6,1780548509.252445,1.0,986.0,48.0,-0.25869035720825195,0.0,-6.791026592254639,54.63113784790039,25.869035720825195,-11.237897872924805,40.0,0.066920700912533,0.25869035720825195,24.749921798706055
run_1780546896_1e418bf6,1780548511.2474573,1.0,986.0,48.0,-0.12648344039916992,0.0,-6.642293930053711,22.368980407714844,12.648344039916992,-11.13266658782959,20.853302001953125,0.01599806069521037,0.12648344039916992,24.749921798706055
run_1780546896_1e418bf6,1780548513.2454612,1.0,986.0,48.0,-0.08241701126098633,0.0,-6.592719078063965,6.074207305908203,8.241701126098633,-11.073071479797363,8.905577659606934,0.006792563745193547,0.08241701126098633,24.749921798706055
run_1780546896_1e418bf6,1780548515.255449,1.0,986.0,48.0,0.005744457244873047,0.0,-6.493537425994873,-23.703580856323242,-0.5744457244873047,-11.0518217086792,-12.077314376831055,3.2998789038174436e-05,0.005744457244873047,24.749921798706055
run_1780546896_1e418bf6,1780548517.2484438,1.0,986.0,48.0,0.04982709884643555,0.0,-6.443944454193115,-37.128944396972656,-4.982709884643555,-11.0570068359375,-21.089229583740234,0.0024827397794524586,0.04982709884643555,24.749921798706055
run_1780546896_1e418bf6,1780548519.2454603,1.0,986.0,48.0,0.13799333572387695,0.0,-6.344757556915283,-63.4882926940918,-13.799333572387695,-11.08230972290039,-38.606651306152344,0.019042160704202615,0.13799333572387695,24.749921798706055
run_1780546896_1e418bf6,1780548521.2564478,1.0,986.0,48.0,0.18207740783691406,0.0,-6.295163154602051,-69.32205963134766,-18.207740783691406,-11.114323616027832,-40.0,0.033152182444609934,0.18207740783691406,24.749921798706055
run_1780546896_1e418bf6,1780548523.2534454,1.0,986.0,48.0,0.3143186569213867,0.0,-6.14639139175415,-82.59519958496094,-31.431865692138672,-11.163333892822266,-40.0,0.09879621808886441,0.3143186569213867,24.749921798706055
run_1780546896_1e418bf6,1780548525.249457,1.0,986.0,48.0,0.3143186569213867,0.0,-6.14639139175415,-82.6589584350586,-31.431865692138672,-11.227095603942871,-40.0,0.09879621808886441,0.3143186569213867,24.749921798706055
run_1780546896_1e418bf6,1780548527.2504573,1.0,986.0,48.0,0.3143186569213867,0.0,-6.14639139175415,-82.72272491455078,-31.431865692138672,-11.290858268737793,-40.0,0.09879621808886441,0.3143186569213867,24.749921798706055
run_1780546896_1e418bf6,1780548529.2464643,1.0,986.0,48.0,0.2702336311340332,0.0,-6.195987224578857,-78.37395477294922,-27.02336311340332,-11.35059642791748,-40.0,0.07302621539588472,0.2702336311340332,24.749921798706055
run_1780546896_1e418bf6,1780548531.242458,1.0,986.0,48.0,0.2702336311340332,0.0,-6.195987224578857,-76.972900390625,-27.02336311340332,-11.405418395996094,-38.544124603271484,0.07302621539588472,0.2702336311340332,24.749921798706055
run_1780546896_1e418bf6,1780548533.2564514,1.0,986.0,48.0,0.2702336311340332,0.0,-6.195987224578857,-73.35102844238281,-27.02336311340332,-11.46023941040039,-34.86742401123047,0.07302621539588472,0.2702336311340332,24.749921798706055
run_1780546896_1e418bf6,1780548535.2514422,1.0,986.0,48.0,0.13799333572387695,0.0,-6.344757556915283,-26.94135856628418,-13.799333572387695,-11.4976224899292,-1.6444036960601807,0.019042160704202615,0.13799333572387695,24.749921798706055
run_1780546896_1e418bf6,1780548537.251446,1.0,986.0,48.0,0.13799333572387695,0.0,-6.344757556915283,-26.812484741210938,-13.799333572387695,-11.525607109069824,-1.4875450134277344,0.019042160704202615,0.13799333572387695,24.749921798706055
run_1780546896_1e418bf6,1780548539.2584503,1.0,986.0,48.0,0.04982709884643555,0.0,-6.443944454193115,2.8623640537261963,-4.982709884643555,-11.549120903015137,19.394195556640625,0.0024827397794524586,0.04982709884643555,24.749921798706055
run_1780546896_1e418bf6,1780548541.2524502,1.0,986.0,48.0,0.04982709884643555,0.0,-6.443944454193115,1.0022610425949097,-4.982709884643555,-11.559224128723145,17.5441951751709,0.0024827397794524586,0.04982709884643555,24.749921798706055
run_1780546896_1e418bf6,1780548543.2504566,1.0,986.0,48.0,-0.038336753845214844,0.0,-6.543128967285156,28.48776626586914,3.8336753845214844,-11.560502052307129,36.21459197998047,0.001469706695388595,0.038336753845214844,24.749921798706055
run_1780546896_1e418bf6,1780548545.2484653,1.0,986.0,48.0,-0.08241701126098633,0.0,-6.592719078063965,36.71663284301758,8.241701126098633,-11.525068283081055,40.0,0.006792563745193547,0.08241701126098633,24.749921798706055
run_1780546896_1e418bf6,1780548547.2444713,1.0,986.0,48.0,-0.170562744140625,0.0,-6.691883087158203,45.60556411743164,17.0562744140625,-11.450712203979492,40.0,0.029091649688780308,0.170562744140625,24.749921798706055
run_1780546896_1e418bf6,1780548549.2574482,1.0,986.0,48.0,-0.21464109420776367,0.0,-6.741471290588379,50.129371643066406,21.464109420776367,-11.334737777709961,40.0,0.04607079932270608,0.21464109420776367,24.749921798706055
run_1780546896_1e418bf6,1780548551.2524593,1.0,986.0,48.0,-0.25869035720825195,0.0,-6.791026592254639,54.68785095214844,25.869035720825195,-11.181183815002441,40.0,0.066920700912533,0.25869035720825195,24.749921798706055
run_1780546896_1e418bf6,1780548553.248443,1.0,986.0,48.0,-0.25869035720825195,0.0,-6.791026592254639,54.845428466796875,25.869035720825195,-11.023604393005371,40.0,0.066920700912533,0.25869035720825195,24.749921798706055
run_1780546896_1e418bf6,1780548555.2454677,1.0,986.0,48.0,-0.21464109420776367,0.0,-6.741471290588379,50.57527542114258,21.464109420776367,-10.888835906982422,40.0,0.04607079932270608,0.21464109420776367,24.749921798706055
run_1780546896_1e418bf6,1780548557.2574499,1.0,986.0,48.0,-0.21464109420776367,0.0,-6.741471290588379,50.706016540527344,21.464109420776367,-10.758092880249023,40.0,0.04607079932270608,0.21464109420776367,24.749921798706055
run_1780546896_1e418bf6,1780548559.2564495,1.0,986.0,48.0,-0.038336753845214844,0.0,-6.543128967285156,-11.188590049743652,3.8336753845214844,-10.65420150756836,-4.368063926696777,0.001469706695388595,0.038336753845214844,24.749921798706055
run_1780546896_1e418bf6,1780548561.2504442,1.0,986.0,48.0,-0.038336753845214844,0.0,-6.543128967285156,-10.74857234954834,3.8336753845214844,-10.630850791931152,-3.9513967037200928,0.001469706695388595,0.038336753845214844,24.749921798706055
run_1780546896_1e418bf6,1780548563.248445,1.0,986.0,48.0,0.13799333572387695,0.0,-6.344757556915283,-64.44332885742188,-13.799333572387695,-10.64399528503418,-40.0,0.019042160704202615,0.13799333572387695,24.749921798706055
run_1780546896_1e418bf6,1780548565.2519886,1.0,986.0,48.0,0.22616147994995117,0.0,-6.24556827545166,-73.29618072509766,-22.616147994995117,-10.680032730102539,-40.0,0.051149015013152166,0.22616147994995117,24.749921798706055
run_1780546896_1e418bf6,1780548567.2571023,1.0,986.0,48.0,0.2702336311340332,0.0,-6.195987224578857,-77.74972534179688,-27.02336311340332,-10.726360321044922,-40.0,0.07302621539588472,0.2702336311340332,24.749921798706055
run_1780546896_1e418bf6,1780548569.2540956,1.0,986.0,48.0,0.2702336311340332,0.0,-6.195987224578857,-77.8045425415039,-27.02336311340332,-10.781181335449219,-40.0,0.07302621539588472,0.2702336311340332,24.749921798706055
run_1780546896_1e418bf6,1780548571.249319,1.0,986.0,48.0,0.35839080810546875,0.0,-6.096810340881348,-86.68134307861328,-35.839080810546875,-10.84226131439209,-40.0,0.12844397133449093,0.35839080810546875,24.749921798706055
run_1780546896_1e418bf6,1780548573.246325,1.0,986.0,48.0,0.35839080810546875,0.0,-6.096810340881348,-86.7540512084961,-35.839080810546875,-10.91496467590332,-40.0,0.12844397133449093,0.35839080810546875,24.749921798706055
run_1780546896_1e418bf6,1780548575.2433295,1.0,986.0,48.0,0.35839080810546875,0.0,-6.096810340881348,-86.82138061523438,-35.839080810546875,-10.98230266571045,-40.0,0.12844397133449093,0.35839080810546875,24.749921798706055
run_1780546896_1e418bf6,1780548577.252702,nan,nan,nan,0.2702336311340332,nan,-6.195987224578857,nan,nan,nan,nan,nan,nan,24.749921798706055
