run_id,timestamp,kp,ki,kd,temp,temp_ref,temp_raw,temp_u,temp_u_p,temp_u_i,temp_u_d,sq_error,mae,start_temp
run_1780126152_ba0cbdf6,1780126633.803321,2.0,995.0,1.0,24.57208251953125,0.0,21.143592834472656,-100.0,-100.0,0.0,-0.020170502364635468,603.7872393466532,24.57208251953125,24.57208251953125
run_1780126152_ba0cbdf6,1780126635.5006812,2.0,995.0,1.0,24.483177185058594,0.0,21.0435733795166,-100.0,-100.0,0.0,0.19209331274032593,599.4259650749736,24.483177185058594,24.57208251953125
run_1780126152_ba0cbdf6,1780126637.5002081,2.0,995.0,1.0,24.57208251953125,0.0,21.143592834472656,-100.0,-100.0,0.0,-0.028302296996116638,603.7872393466532,24.57208251953125,24.57208251953125
run_1780126152_ba0cbdf6,1780126639.513667,2.0,995.0,1.0,24.527645111083984,0.0,21.093599319458008,-100.0,-100.0,0.0,0.079531230032444,601.6053746952821,24.527645111083984,24.57208251953125
run_1780126152_ba0cbdf6,1780126641.505883,2.0,995.0,1.0,24.527645111083984,0.0,21.093599319458008,-100.0,-100.0,0.0,0.07194479554891586,601.6053746952821,24.527645111083984,24.57208251953125
run_1780126152_ba0cbdf6,1780126643.502448,2.0,995.0,1.0,24.483177185058594,0.0,21.0435733795166,-100.0,-100.0,0.0,0.17028802633285522,599.4259650749736,24.483177185058594,24.57208251953125
run_1780126152_ba0cbdf6,1780126645.514026,2.0,995.0,1.0,24.438722610473633,0.0,20.993562698364258,-100.0,-100.0,0.0,0.2635219395160675,597.2511628316752,24.438722610473633,24.57208251953125
run_1780126152_ba0cbdf6,1780126647.5088017,2.0,995.0,1.0,24.394285202026367,0.0,20.943571090698242,-100.0,-100.0,0.0,0.34351852536201477,595.0811505178026,24.394285202026367,24.57208251953125
run_1780126152_ba0cbdf6,1780126649.5077426,2.0,995.0,1.0,24.34983253479004,0.0,20.89356231689453,-100.0,-100.0,0.0,0.4202234148979187,592.9143444723195,24.34983253479004,24.57208251953125
run_1780126152_ba0cbdf6,1780126651.504614,2.0,995.0,1.0,24.305397033691406,0.0,20.843570709228516,-100.0,-100.0,0.0,0.48526766896247864,590.752324965375,24.305397033691406,24.57208251953125
run_1780126152_ba0cbdf6,1780126653.505541,2.0,995.0,1.0,24.260963439941406,0.0,20.793582916259766,-100.0,-100.0,0.0,0.548404335975647,588.5943470341736,24.260963439941406,24.57208251953125
run_1780126152_ba0cbdf6,1780126655.5017378,2.0,995.0,1.0,24.260963439941406,0.0,20.793582916259766,-100.0,-100.0,0.0,0.4960923492908478,588.5943470341736,24.260963439941406,24.57208251953125
run_1780126152_ba0cbdf6,1780126657.5014033,2.0,995.0,1.0,24.172046661376953,0.0,20.693553924560547,-100.0,-100.0,0.0,0.659308135509491,584.2878397997847,24.172046661376953,24.57208251953125
run_1780126152_ba0cbdf6,1780126659.5005164,2.0,995.0,1.0,24.172046661376953,0.0,20.693553924560547,-100.0,-100.0,0.0,0.5964171886444092,584.2878397997847,24.172046661376953,24.57208251953125
run_1780126152_ba0cbdf6,1780126661.503468,2.0,995.0,1.0,24.083168029785156,0.0,20.593564987182617,-100.0,-100.0,0.0,0.7415366172790527,579.9989823508658,24.083168029785156,24.57208251953125
run_1780126152_ba0cbdf6,1780126663.5064096,2.0,995.0,1.0,24.038734436035156,0.0,20.543577194213867,-100.0,-100.0,0.0,0.7759265899658203,577.8607532862225,24.038734436035156,24.57208251953125
run_1780126152_ba0cbdf6,1780126665.5020206,2.0,995.0,1.0,23.994287490844727,0.0,20.493574142456055,-100.0,-100.0,0.0,0.8113701939582825,575.7258321933077,23.994287490844727,24.57208251953125
run_1780126152_ba0cbdf6,1780126667.512665,2.0,995.0,1.0,23.949857711791992,0.0,20.44359016418457,-100.0,-100.0,0.0,0.8390898108482361,573.5956844150824,23.949857711791992,24.57208251953125
run_1780126152_ba0cbdf6,1780126669.5111237,2.0,995.0,1.0,23.905399322509766,0.0,20.393573760986328,-100.0,-100.0,0.0,0.8685364127159119,571.4681167686504,23.905399322509766,24.57208251953125
run_1780126152_ba0cbdf6,1780126671.5082247,2.0,995.0,1.0,23.86095428466797,0.0,20.34357261657715,-100.0,-100.0,0.0,0.8908390998840332,569.3451393750147,23.86095428466797,24.57208251953125
run_1780126152_ba0cbdf6,1780126673.5117555,2.0,995.0,1.0,23.816524505615234,0.0,20.293590545654297,-100.0,-100.0,0.0,0.9152790307998657,567.226839526571,23.816524505615234,24.57208251953125
run_1780126152_ba0cbdf6,1780126675.5139854,2.0,995.0,1.0,23.816524505615234,0.0,20.293590545654297,-100.0,-100.0,0.0,0.8279709815979004,567.226839526571,23.816524505615234,24.57208251953125
run_1780126152_ba0cbdf6,1780126677.5129163,2.0,995.0,1.0,23.72765350341797,0.0,20.19361114501953,-100.0,-100.0,0.0,0.9614636301994324,563.001540778263,23.72765350341797,24.57208251953125
run_1780126152_ba0cbdf6,1780126679.5090096,2.0,995.0,1.0,23.72765350341797,0.0,20.19361114501953,-100.0,-100.0,0.0,0.8697501420974731,563.001540778263,23.72765350341797,24.57208251953125
run_1780126152_ba0cbdf6,1780126681.5045097,2.0,995.0,1.0,23.683202743530273,0.0,20.14360237121582,-100.0,-100.0,0.0,0.8962534666061401,560.8940921911599,23.683202743530273,24.57208251953125
run_1780126152_ba0cbdf6,1780126683.5005877,2.0,995.0,1.0,23.638790130615234,0.0,20.093637466430664,-100.0,-100.0,0.0,0.9158353209495544,558.7923988392722,23.638790130615234,24.57208251953125
run_1780126152_ba0cbdf6,1780126685.5025399,2.0,995.0,1.0,23.59433364868164,0.0,20.043624877929688,-100.0,-100.0,0.0,0.9379565715789795,556.6925803253107,23.59433364868164,24.57208251953125
run_1780126152_ba0cbdf6,1780126687.5155697,2.0,995.0,1.0,23.59433364868164,0.0,20.043624877929688,-100.0,-100.0,0.0,0.8484853506088257,556.6925803253107,23.59433364868164,24.57208251953125
run_1780126152_ba0cbdf6,1780126689.5089705,2.0,995.0,1.0,23.549909591674805,0.0,19.993648529052734,-100.0,-100.0,0.0,0.8769513964653015,554.598241776057,23.549909591674805,24.57208251953125
run_1780126152_ba0cbdf6,1780126691.5127168,2.0,995.0,1.0,23.549909591674805,0.0,19.993648529052734,-100.0,-100.0,0.0,0.7932996153831482,554.598241776057,23.549909591674805,24.57208251953125
run_1780126152_ba0cbdf6,1780126693.511895,2.0,995.0,1.0,23.505470275878906,0.0,19.943653106689453,-100.0,-100.0,0.0,0.8206785917282104,552.5071328902268,23.505470275878906,24.57208251953125
run_1780126152_ba0cbdf6,1780126695.5096054,2.0,995.0,1.0,23.46104621887207,0.0,19.8936767578125,-100.0,-100.0,0.0,0.849625289440155,550.4206896840515,23.46104621887207,24.57208251953125
run_1780126152_ba0cbdf6,1780126697.512961,2.0,995.0,1.0,23.416608810424805,0.0,19.843685150146484,-100.0,-100.0,0.0,0.8716269135475159,548.3375681804646,23.416608810424805,24.57208251953125
run_1780126152_ba0cbdf6,1780126699.5140762,2.0,995.0,1.0,23.416608810424805,0.0,19.843685150146484,-100.0,-100.0,0.0,0.7884829044342041,548.3375681804646,23.416608810424805,24.57208251953125
run_1780126152_ba0cbdf6,1780126701.5119207,2.0,995.0,1.0,23.37218475341797,0.0,19.79370880126953,-100.0,-100.0,0.0,0.8162857890129089,546.2590201479034,23.37218475341797,24.57208251953125
run_1780126152_ba0cbdf6,1780126703.5002675,2.0,995.0,1.0,23.37218475341797,0.0,19.79370880126953,-100.0,-100.0,0.0,0.7384207844734192,546.2590201479034,23.37218475341797,24.57208251953125
run_1780126152_ba0cbdf6,1780126705.5125315,2.0,995.0,1.0,23.327735900878906,0.0,19.743703842163086,-100.0,-100.0,0.0,0.771056592464447,544.1832622611546,23.327735900878906,24.57208251953125
run_1780126152_ba0cbdf6,1780126707.5096314,2.0,995.0,1.0,23.283300399780273,0.0,19.69371223449707,-100.0,-100.0,0.0,0.8047642111778259,542.1120775064082,23.283300399780273,24.57208251953125
run_1780126152_ba0cbdf6,1780126709.510608,2.0,995.0,1.0,23.283300399780273,0.0,19.69371223449707,-100.0,-100.0,0.0,0.7279981374740601,542.1120775064082,23.283300399780273,24.57208251953125
run_1780126152_ba0cbdf6,1780126711.507426,2.0,995.0,1.0,23.23885154724121,0.0,19.643707275390625,-100.0,-100.0,0.0,0.7658454775810242,540.0442212347152,23.23885154724121,24.57208251953125
run_1780126152_ba0cbdf6,1780126713.5012023,2.0,995.0,1.0,23.23885154724121,0.0,19.643707275390625,-100.0,-100.0,0.0,0.6927919387817383,540.0442212347152,23.23885154724121,24.57208251953125
run_1780126152_ba0cbdf6,1780126715.5065196,2.0,995.0,1.0,23.194446563720703,0.0,19.593751907348633,-100.0,-100.0,0.0,0.7338916659355164,537.9823513972951,23.194446563720703,24.57208251953125
run_1780126152_ba0cbdf6,1780126717.504993,2.0,995.0,1.0,23.14999771118164,0.0,19.543746948242188,-100.0,-100.0,0.0,0.7733497023582458,535.9223940277152,23.14999771118164,24.57208251953125
run_1780126152_ba0cbdf6,1780126719.507087,2.0,995.0,1.0,23.14999771118164,0.0,19.543746948242188,-100.0,-100.0,0.0,0.6995803713798523,535.9223940277152,23.14999771118164,24.57208251953125
run_1780126152_ba0cbdf6,1780126721.5085099,2.0,995.0,1.0,23.14999771118164,0.0,19.543746948242188,-100.0,-100.0,0.0,0.6328478455543518,535.9223940277152,23.14999771118164,24.57208251953125
run_1780126152_ba0cbdf6,1780126723.5072284,2.0,995.0,1.0,23.10558319091797,0.0,19.4937801361084,-100.0,-100.0,0.0,0.679688572883606,533.867974592431,23.10558319091797,24.57208251953125
run_1780126152_ba0cbdf6,1780126725.5020692,2.0,995.0,1.0,23.10558319091797,0.0,19.4937801361084,-100.0,-100.0,0.0,0.6148533821105957,533.867974592431,23.10558319091797,24.57208251953125
run_1780126152_ba0cbdf6,1780126727.515105,2.0,995.0,1.0,23.061176300048828,0.0,19.443824768066406,-100.0,-100.0,0.0,0.6633923649787903,531.8178523419338,23.061176300048828,24.57208251953125
run_1780126152_ba0cbdf6,1780126729.5127983,2.0,995.0,1.0,23.061176300048828,0.0,19.443824768066406,-100.0,-100.0,0.0,0.6001118421554565,531.8178523419338,23.061176300048828,24.57208251953125
run_1780126152_ba0cbdf6,1780126731.5126731,2.0,995.0,1.0,23.01673126220703,0.0,19.393823623657227,-100.0,-100.0,0.0,0.6501489281654358,529.7699179966585,23.01673126220703,24.57208251953125
run_1780126152_ba0cbdf6,1780126733.5136266,2.0,995.0,1.0,23.01673126220703,0.0,19.393823623657227,-100.0,-100.0,0.0,0.5881316065788269,529.7699179966585,23.01673126220703,24.57208251953125
run_1780126152_ba0cbdf6,1780126735.5112827,2.0,995.0,1.0,22.97231674194336,0.0,19.343856811523438,-100.0,-100.0,0.0,0.6392378211021423,527.7273364921712,22.97231674194336,24.57208251953125
run_1780126152_ba0cbdf6,1780126737.5063012,2.0,995.0,1.0,22.97231674194336,0.0,19.343856811523438,-100.0,-100.0,0.0,0.578261137008667,527.7273364921712,22.97231674194336,24.57208251953125
run_1780126152_ba0cbdf6,1780126739.5034678,2.0,995.0,1.0,22.927886962890625,0.0,19.293872833251953,-100.0,-100.0,0.0,0.6303456425666809,525.6880005830899,22.927886962890625,24.57208251953125
run_1780126152_ba0cbdf6,1780126741.5159388,2.0,995.0,1.0,22.927886962890625,0.0,19.293872833251953,-100.0,-100.0,0.0,0.570217490196228,525.6880005830899,22.927886962890625,24.57208251953125
run_1780126152_ba0cbdf6,1780126743.5114396,2.0,995.0,1.0,22.927886962890625,0.0,19.293872833251953,-100.0,-100.0,0.0,0.5095662474632263,525.6880005830899,22.927886962890625,24.57208251953125
run_1780126152_ba0cbdf6,1780126745.5086725,2.0,995.0,1.0,22.883472442626953,0.0,19.243906021118164,-100.0,-100.0,0.0,0.5639528036117554,523.6533110324672,22.883472442626953,24.57208251953125
run_1780126152_ba0cbdf6,1780126747.5033524,2.0,995.0,1.0,22.83904266357422,0.0,19.19392204284668,-100.0,-100.0,0.0,0.6174022555351257,521.6218697885633,22.83904266357422,24.57208251953125
run_1780126152_ba0cbdf6,1780126749.5004175,2.0,995.0,1.0,22.83904266357422,0.0,19.19392204284668,-100.0,-100.0,0.0,0.5585086345672607,521.6218697885633,22.83904266357422,24.57208251953125
run_1780126152_ba0cbdf6,1780126751.5137365,2.0,995.0,1.0,22.794599533081055,0.0,19.143924713134766,-100.0,-100.0,0.0,0.606247067451477,519.593767873539,22.794599533081055,24.57208251953125
run_1780126152_ba0cbdf6,1780126753.5082722,2.0,995.0,1.0,22.750158309936523,0.0,19.09392738342285,-100.0,-100.0,0.0,0.6535603404045105,517.5697031271739,22.750158309936523,24.57208251953125
run_1780126152_ba0cbdf6,1780126755.5074937,2.0,995.0,1.0,22.705760955810547,0.0,19.043981552124023,-100.0,-100.0,0.0,0.6921279430389404,515.5515805824107,22.705760955810547,24.57208251953125
run_1780126152_ba0cbdf6,1780126757.5034533,2.0,995.0,1.0,22.66132354736328,0.0,18.993988037109375,-100.0,-100.0,0.0,0.7312399744987488,513.5355849182815,22.66132354736328,24.57208251953125
run_1780126152_ba0cbdf6,1780126759.504647,2.0,995.0,1.0,22.61692237854004,0.0,18.94403839111328,-100.0,-100.0,0.0,0.7686631083488464,511.5251778769052,22.61692237854004,24.57208251953125
run_1780126152_ba0cbdf6,1780126761.5033035,2.0,995.0,1.0,22.572484970092773,0.0,18.894044876098633,-100.0,-100.0,0.0,0.8004744648933411,509.51707772506415,22.572484970092773,24.57208251953125
run_1780126152_ba0cbdf6,1780126763.5145636,2.0,995.0,1.0,22.48368263244629,0.0,18.794143676757812,-100.0,-100.0,0.0,0.93221116065979,505.5159847165669,22.48368263244629,24.57208251953125
run_1780126152_ba0cbdf6,1780126765.5105178,2.0,995.0,1.0,22.439247131347656,0.0,18.744152069091797,-100.0,-100.0,0.0,0.9484173655509949,503.519811821694,22.439247131347656,24.57208251953125
run_1780126152_ba0cbdf6,1780126767.5058982,2.0,995.0,1.0,22.350419998168945,0.0,18.644222259521484,-100.0,-100.0,0.0,1.0661016702651978,499.5412740945503,22.350419998168945,24.57208251953125
run_1780126152_ba0cbdf6,1780126769.5148277,2.0,995.0,1.0,22.305980682373047,0.0,18.594228744506836,-100.0,-100.0,0.0,1.069545030593872,497.55677420239954,22.305980682373047,24.57208251953125
run_1780126152_ba0cbdf6,1780126771.511935,2.0,995.0,1.0,22.217159271240234,0.0,18.49430274963379,-100.0,-100.0,0.0,1.1694029569625854,493.6021660836559,22.217159271240234,24.57208251953125
run_1780126152_ba0cbdf6,1780126773.5102253,2.0,995.0,1.0,22.172725677490234,0.0,18.44431495666504,-100.0,-100.0,0.0,1.162979245185852,491.6297639692348,22.172725677490234,24.57208251953125
run_1780126152_ba0cbdf6,1780126775.5086944,2.0,995.0,1.0,22.03950309753418,0.0,18.29444122314453,-100.0,-100.0,0.0,1.3717035055160522,485.7396967862187,22.03950309753418,24.57208251953125
run_1780126152_ba0cbdf6,1780126777.5064907,2.0,995.0,1.0,21.995086669921875,0.0,18.24447250366211,-100.0,-100.0,0.0,1.3459416627883911,483.78383761737496,21.995086669921875,24.57208251953125
run_1780126152_ba0cbdf6,1780126779.5033028,2.0,995.0,1.0,21.90630340576172,0.0,18.144590377807617,-100.0,-100.0,0.0,1.4277710914611816,479.8861289052875,21.90630340576172,24.57208251953125
run_1780126152_ba0cbdf6,1780126781.515601,2.0,995.0,1.0,21.817445755004883,0.0,18.044626235961914,-100.0,-100.0,0.0,1.5018038749694824,476.0009392725806,21.817445755004883,24.57208251953125
run_1780126152_ba0cbdf6,1780126783.514434,2.0,995.0,1.0,21.7286376953125,0.0,17.944717407226562,-100.0,-100.0,0.0,1.5688303709030151,472.1336960941553,21.7286376953125,24.57208251953125
run_1780126152_ba0cbdf6,1780126785.5096118,2.0,995.0,1.0,21.639829635620117,0.0,17.84480857849121,-100.0,-100.0,0.0,1.629290223121643,468.2822266586627,21.639829635620117,24.57208251953125
run_1780126152_ba0cbdf6,1780126787.5081952,2.0,995.0,1.0,21.551025390625,0.0,17.744903564453125,-100.0,-100.0,0.0,1.6841384172439575,464.44669538736343,21.551025390625,24.57208251953125
run_1780126152_ba0cbdf6,1780126789.504663,2.0,995.0,1.0,21.46221160888672,0.0,17.644987106323242,-100.0,-100.0,0.0,1.7336126565933228,460.62652714463184,21.46221160888672,24.57208251953125
run_1780126152_ba0cbdf6,1780126791.501662,2.0,995.0,1.0,21.329004287719727,0.0,17.49513053894043,-100.0,-100.0,0.0,1.887863278388977,454.9264239055665,21.329004287719727,24.57208251953125
run_1780126152_ba0cbdf6,1780126793.5088859,2.0,995.0,1.0,21.284587860107422,0.0,17.445159912109375,-100.0,-100.0,0.0,1.8128652572631836,453.03368037463224,21.284587860107422,24.57208251953125
run_1780126152_ba0cbdf6,1780126795.5035777,2.0,995.0,1.0,21.151405334472656,0.0,17.295330047607422,-100.0,-100.0,0.0,1.9510759115219116,447.38194762315834,21.151405334472656,24.57208251953125
run_1780126152_ba0cbdf6,1780126797.501179,2.0,995.0,1.0,21.06261444091797,0.0,17.19544219970703,-100.0,-100.0,0.0,1.9750326871871948,443.63372708676616,21.06261444091797,24.57208251953125
run_1780126152_ba0cbdf6,1780126799.505176,2.0,995.0,1.0,20.929414749145508,0.0,17.045591354370117,-100.0,-100.0,0.0,2.1062352657318115,438.0404017417495,20.929414749145508,24.57208251953125
run_1780126152_ba0cbdf6,1780126801.511725,2.0,995.0,1.0,20.840633392333984,0.0,16.945711135864258,-100.0,-100.0,0.0,2.1153697967529297,434.3320001936663,20.840633392333984,24.57208251953125
run_1780126152_ba0cbdf6,1780126803.5119896,2.0,995.0,1.0,20.707443237304688,0.0,16.795873641967773,-100.0,-100.0,0.0,2.228827953338623,428.79820542619564,20.707443237304688,24.57208251953125
run_1780126152_ba0cbdf6,1780126805.513608,2.0,995.0,1.0,20.618696212768555,0.0,16.696033477783203,-100.0,-100.0,0.0,2.226186752319336,425.13063351443634,20.618696212768555,24.57208251953125
run_1780126152_ba0cbdf6,1780126807.5101237,2.0,995.0,1.0,20.441104888916016,0.0,16.496244430541992,-100.0,-100.0,0.0,2.4384193420410156,417.83876907966624,20.441104888916016,24.57208251953125
run_1780126152_ba0cbdf6,1780126809.500982,2.0,995.0,1.0,20.396717071533203,0.0,16.446306228637695,-100.0,-100.0,0.0,2.310835838317871,416.026067296174,20.396717071533203,24.57208251953125
run_1780126152_ba0cbdf6,1780126811.509373,2.0,995.0,1.0,20.219173431396484,0.0,16.246570587158203,-100.0,-100.0,0.0,2.5148792266845703,408.8149742488895,20.219173431396484,24.57208251953125
run_1780126152_ba0cbdf6,1780126813.5101922,2.0,995.0,1.0,20.130413055419922,0.0,16.146713256835938,-100.0,-100.0,0.0,2.48498272895813,405.23352978182083,20.130413055419922,24.57208251953125
run_1780126152_ba0cbdf6,1780126815.5046964,2.0,995.0,1.0,19.952898025512695,0.0,15.947010040283203,-100.0,-100.0,0.0,2.67234468460083,398.1181396165084,19.952898025512695,24.57208251953125
run_1780126152_ba0cbdf6,1780126817.5146637,2.0,995.0,1.0,19.864131927490234,0.0,15.847146987915039,-100.0,-100.0,0.0,2.62744140625,394.5837372327369,19.864131927490234,24.57208251953125
run_1780126152_ba0cbdf6,1780126819.5097554,2.0,995.0,1.0,19.686634063720703,0.0,15.647462844848633,-100.0,-100.0,0.0,2.8011727333068848,387.5635607588483,19.686634063720703,24.57208251953125
run_1780126152_ba0cbdf6,1780126821.5036213,2.0,995.0,1.0,19.597858428955078,0.0,15.547592163085938,-100.0,-100.0,0.0,2.7440032958984375,384.0760550013656,19.597858428955078,24.57208251953125
run_1780126152_ba0cbdf6,1780126823.513556,2.0,995.0,1.0,19.420364379882812,0.0,15.347909927368164,-100.0,-100.0,0.0,2.906606435775757,377.15055264742114,19.420364379882812,24.57208251953125
run_1780126152_ba0cbdf6,1780126825.5075557,2.0,995.0,1.0,19.331626892089844,0.0,15.24808120727539,-100.0,-100.0,0.0,2.8392891883850098,373.71179829497123,19.331626892089844,24.57208251953125
run_1780126152_ba0cbdf6,1780126827.5061839,2.0,995.0,1.0,19.15414810180664,0.0,15.048417091369629,-100.0,-100.0,0.0,2.9927687644958496,366.88138950594293,19.15414810180664,24.57208251953125
run_1780126152_ba0cbdf6,1780126829.5156527,2.0,995.0,1.0,19.065420150756836,0.0,14.948596954345703,-100.0,-100.0,0.0,2.9214625358581543,363.4902455248848,19.065420150756836,24.57208251953125
run_1780126152_ba0cbdf6,1780126831.5094755,2.0,995.0,1.0,18.887969970703125,0.0,14.748967170715332,-100.0,-100.0,0.0,3.0670340061187744,356.755409614183,18.887969970703125,24.57208251953125
run_1780126152_ba0cbdf6,1780126833.502908,2.0,995.0,1.0,18.799236297607422,0.0,14.649140357971191,-100.0,-100.0,0.0,2.988656520843506,353.4112853732804,18.799236297607422,24.57208251953125
run_1780126152_ba0cbdf6,1780126835.512409,2.0,995.0,1.0,18.577425003051758,0.0,14.399602890014648,-100.0,-100.0,0.0,3.230684518814087,345.1207197440126,18.577425003051758,24.57208251953125
run_1780126152_ba0cbdf6,1780126837.5056736,2.0,995.0,1.0,18.48871612548828,0.0,14.2998046875,-100.0,-100.0,0.0,3.1366376876831055,341.8326239688904,18.48871612548828,24.57208251953125
run_1780126152_ba0cbdf6,1780126839.5165522,2.0,995.0,1.0,18.26692771911621,0.0,14.05029296875,-100.0,-100.0,0.0,3.3644979000091553,333.6806482954162,18.26692771911621,24.57208251953125
run_1780126152_ba0cbdf6,1780126841.5140898,2.0,995.0,1.0,18.133853912353516,0.0,13.900585174560547,-100.0,-100.0,0.0,3.3647735118865967,328.8366577145789,18.133853912353516,24.57208251953125
run_1780126152_ba0cbdf6,1780126843.512212,2.0,995.0,1.0,17.95646095275879,0.0,13.701018333435059,-100.0,-100.0,0.0,3.467921495437622,322.4344899479511,17.95646095275879,24.57208251953125
run_1780126152_ba0cbdf6,1780126845.5062087,2.0,995.0,1.0,17.867769241333008,0.0,13.601240158081055,-100.0,-100.0,0.0,3.3512022495269775,319.25717766152593,17.867769241333008,24.57208251953125
run_1780126152_ba0cbdf6,1780126847.5052118,2.0,995.0,1.0,17.646028518676758,0.0,13.35178279876709,-100.0,-100.0,0.0,3.5584819316864014,311.38232248195345,17.646028518676758,24.57208251953125
run_1780126152_ba0cbdf6,1780126849.5028305,2.0,995.0,1.0,17.512983322143555,0.0,13.202106475830078,-100.0,-100.0,0.0,3.540184259414673,306.7045848416783,17.512983322143555,24.57208251953125
run_1780126152_ba0cbdf6,1780126851.5103362,2.0,995.0,1.0,17.335643768310547,0.0,13.00260066986084,-100.0,-100.0,0.0,3.6264729499816895,300.5245448617643,17.335643768310547,24.57208251953125
run_1780126152_ba0cbdf6,1780126853.505121,2.0,995.0,1.0,17.246944427490234,0.0,12.902811050415039,-100.0,-100.0,0.0,3.49464750289917,297.45709208493645,17.246944427490234,24.57208251953125
run_1780126152_ba0cbdf6,1780126855.514927,2.0,995.0,1.0,17.11394500732422,0.0,12.753189086914062,-100.0,-100.0,0.0,3.4697108268737793,292.88711371371755,17.11394500732422,24.57208251953125
run_1780126152_ba0cbdf6,1780126857.5089855,2.0,995.0,1.0,16.93658447265625,0.0,12.553658485412598,-100.0,-100.0,0.0,3.554351329803467,286.8478935994208,16.93658447265625,24.57208251953125
run_1780126152_ba0cbdf6,1780126859.5158265,2.0,995.0,1.0,16.803573608398438,0.0,12.404019355773926,-100.0,-100.0,0.0,3.52374529838562,282.3600860128645,16.803573608398438,24.57208251953125
run_1780126152_ba0cbdf6,1780126861.502255,2.0,995.0,1.0,16.626277923583984,0.0,12.204562187194824,-100.0,-100.0,0.0,3.6030828952789307,276.43311759225617,16.626277923583984,24.57208251953125
run_1780126152_ba0cbdf6,1780126863.5162542,2.0,995.0,1.0,16.49327850341797,0.0,12.054938316345215,-100.0,-100.0,0.0,3.5678014755249023,272.02823579130927,16.49327850341797,24.57208251953125
run_1780126152_ba0cbdf6,1780126865.5163102,2.0,995.0,1.0,16.315956115722656,0.0,11.855451583862305,-100.0,-100.0,0.0,3.642995595932007,266.21042397018755,16.315956115722656,24.57208251953125
run_1780126152_ba0cbdf6,1780126867.514568,2.0,995.0,1.0,16.22731590270996,0.0,11.755729675292969,-100.0,-100.0,0.0,3.501041889190674,263.3257814063436,16.22731590270996,24.57208251953125
run_1780126152_ba0cbdf6,1780126869.5111022,2.0,995.0,1.0,16.005727767944336,0.0,11.506443977355957,-100.0,-100.0,0.0,3.689460515975952,256.1833213815444,16.005727767944336,24.57208251953125
run_1780126152_ba0cbdf6,1780126871.5059032,2.0,995.0,1.0,15.91706657409668,0.0,11.406699180603027,-100.0,-100.0,0.0,3.543123245239258,253.3530083242258,15.91706657409668,24.57208251953125
run_1780126152_ba0cbdf6,1780126873.5082638,2.0,995.0,1.0,15.739794731140137,0.0,11.207268714904785,-100.0,-100.0,0.0,3.620554208755493,247.7411381784268,15.739794731140137,24.57208251953125
run_1780126152_ba0cbdf6,1780126875.5047252,2.0,995.0,1.0,15.606865882873535,0.0,11.057723999023438,-100.0,-100.0,0.0,3.5834431648254395,243.57426268600193,15.606865882873535,24.57208251953125
run_1780126152_ba0cbdf6,1780126877.502343,2.0,995.0,1.0,15.429627418518066,0.0,10.858330726623535,-100.0,-100.0,0.0,3.656951427459717,238.0734022742845,15.429627418518066,24.57208251953125
run_1780126152_ba0cbdf6,1780126879.5114548,2.0,995.0,1.0,15.296683311462402,0.0,10.708768844604492,-100.0,-100.0,0.0,3.616403818130493,233.98852033117237,15.296683311462402,24.57208251953125
run_1780126152_ba0cbdf6,1780126881.5165153,2.0,995.0,1.0,15.119450569152832,0.0,10.509381294250488,-100.0,-100.0,0.0,3.686755418777466,228.5977855130559,15.119450569152832,24.57208251953125
run_1780126152_ba0cbdf6,1780126883.5099125,2.0,995.0,1.0,15.030815124511719,0.0,10.409667015075684,-100.0,-100.0,0.0,3.544779062271118,225.92540330725024,15.030815124511719,24.57208251953125
run_1780126152_ba0cbdf6,1780126885.5064435,2.0,995.0,1.0,14.809318542480469,0.0,10.160483360290527,-100.0,-100.0,0.0,3.7225663661956787,219.31591569265584,14.809318542480469,24.57208251953125
run_1780126152_ba0cbdf6,1780126887.5065482,2.0,995.0,1.0,14.720722198486328,0.0,10.060812950134277,-100.0,-100.0,0.0,3.5770814418792725,216.69966204500815,14.720722198486328,24.57208251953125
run_1780126152_ba0cbdf6,1780126889.5030587,2.0,995.0,1.0,14.499221801757812,0.0,9.811623573303223,-100.0,-100.0,0.0,3.758039712905884,210.22743285656907,14.499221801757812,24.57208251953125
run_1780126152_ba0cbdf6,1780126891.507396,2.0,995.0,1.0,14.410621643066406,0.0,9.711949348449707,-100.0,-100.0,0.0,3.609179735183716,207.66601613961393,14.410621643066406,24.57208251953125
run_1780126152_ba0cbdf6,1780126893.5155973,2.0,995.0,1.0,14.189144134521484,0.0,9.462786674499512,-100.0,-100.0,0.0,3.7870213985443115,201.33181127022544,14.189144134521484,24.57208251953125
run_1780126152_ba0cbdf6,1780126895.5063262,2.0,995.0,1.0,14.100564956665039,0.0,9.36313533782959,-100.0,-100.0,0.0,3.635347604751587,198.82593209713013,14.100564956665039,24.57208251953125
run_1780126152_ba0cbdf6,1780126897.5117838,2.0,995.0,1.0,13.879110336303711,0.0,9.113999366760254,-100.0,-100.0,0.0,3.8106400966644287,192.6297037272925,13.879110336303711,24.57208251953125
run_1780126152_ba0cbdf6,1780126899.5080929,2.0,995.0,1.0,13.790572166442871,0.0,9.01439380645752,-100.0,-100.0,0.0,3.656616449356079,190.17988067786882,13.790572166442871,24.57208251953125
run_1780126152_ba0cbdf6,1780126901.5021951,2.0,995.0,1.0,13.613385200500488,0.0,8.815058708190918,-100.0,-100.0,0.0,3.7230257987976074,185.32425661720572,13.613385200500488,24.57208251953125
run_1780126152_ba0cbdf6,1780126903.5103278,2.0,995.0,1.0,13.524840354919434,0.0,8.715445518493652,-100.0,-100.0,0.0,3.5773749351501465,182.92130662605723,13.524840354919434,24.57208251953125
run_1780126152_ba0cbdf6,1780126905.5027707,2.0,995.0,1.0,13.30342960357666,0.0,8.466358184814453,-100.0,-100.0,0.0,3.7518515586853027,176.98123921731985,13.30342960357666,24.57208251953125
run_1780126152_ba0cbdf6,1780126907.5039499,2.0,995.0,1.0,13.21487808227539,0.0,8.366738319396973,-100.0,-100.0,0.0,3.6034677028656006,174.6330027294025,13.21487808227539,24.57208251953125
run_1780126152_ba0cbdf6,1780126909.5101073,2.0,995.0,1.0,12.993492126464844,0.0,8.11767864227295,-100.0,-100.0,0.0,3.7797253131866455,168.8308376405039,12.993492126464844,24.57208251953125
run_1780126152_ba0cbdf6,1780126911.5080874,2.0,995.0,1.0,12.904950141906738,0.0,8.01806926727295,-100.0,-100.0,0.0,3.628659963607788,166.53773816509874,12.904950141906738,24.57208251953125
run_1780126152_ba0cbdf6,1780126913.504545,2.0,995.0,1.0,12.683572769165039,0.0,7.769019603729248,-100.0,-100.0,0.0,3.8109004497528076,160.8730181907049,12.683572769165039,24.57208251953125
run_1780126152_ba0cbdf6,1780126915.510897,2.0,995.0,1.0,12.595041275024414,0.0,7.669421195983887,-100.0,-100.0,0.0,3.6568357944488525,158.63506471956862,12.595041275024414,24.57208251953125
run_1780126152_ba0cbdf6,1780126917.5038974,2.0,995.0,1.0,12.373730659484863,0.0,7.420446872711182,-100.0,-100.0,0.0,3.836228370666504,153.1092104334757,12.373730659484863,24.57208251953125
run_1780126152_ba0cbdf6,1780126919.5101519,2.0,995.0,1.0,12.285179138183594,0.0,7.320826053619385,-100.0,-100.0,0.0,3.679795503616333,150.9256264572614,12.285179138183594,24.57208251953125
run_1780126152_ba0cbdf6,1780126921.517798,2.0,995.0,1.0,12.063891410827637,0.0,7.071877479553223,-100.0,-100.0,0.0,3.8485445976257324,145.53747597224083,12.063891410827637,24.57208251953125
run_1780126152_ba0cbdf6,1780126923.5072763,2.0,995.0,1.0,11.975364685058594,0.0,6.972285270690918,-100.0,-100.0,0.0,3.690878391265869,143.4093593401485,11.975364685058594,24.57208251953125
run_1780126152_ba0cbdf6,1780126925.5091915,2.0,995.0,1.0,11.798316955566406,0.0,6.773106575012207,-100.0,-100.0,0.0,3.7580161094665527,139.20028298400575,11.798316955566406,24.57208251953125
run_1780126152_ba0cbdf6,1780126927.5049756,2.0,995.0,1.0,11.665567398071289,0.0,6.623763084411621,-100.0,-100.0,0.0,3.713611125946045,136.08546271894375,11.665567398071289,24.57208251953125
run_1780126152_ba0cbdf6,1780126929.5015209,2.0,995.0,1.0,11.488567352294922,0.0,6.424638748168945,-100.0,-100.0,0.0,3.778470277786255,131.98717980821675,11.488567352294922,24.57208251953125
run_1780126152_ba0cbdf6,1780126931.5155208,2.0,995.0,1.0,11.400043487548828,0.0,6.325048923492432,-100.0,-100.0,0.0,3.62748122215271,129.96099151800445,11.400043487548828,24.57208251953125
run_1780126152_ba0cbdf6,1780126933.5140316,2.0,995.0,1.0,11.17880916595459,0.0,6.076160430908203,-100.0,-100.0,0.0,3.8094899654388428,124.96577436883035,11.17880916595459,24.57208251953125
run_1780126152_ba0cbdf6,1780126935.5103424,2.0,995.0,1.0,11.090322494506836,0.0,5.976613521575928,-100.0,-100.0,0.0,3.655454635620117,122.99525303216433,11.090322494506836,24.57208251953125
run_1780126152_ba0cbdf6,1780126937.507711,2.0,995.0,1.0,10.913329124450684,0.0,5.77749490737915,-100.0,-100.0,0.0,3.7299203872680664,119.10075257858352,10.913329124450684,24.57208251953125
run_1780126152_ba0cbdf6,1780126939.5029583,2.0,995.0,1.0,10.780590057373047,0.0,5.628164291381836,-100.0,-100.0,0.0,3.6881706714630127,116.2211219851306,10.780590057373047,24.57208251953125
run_1780126152_ba0cbdf6,1780126941.5132241,2.0,995.0,1.0,10.603660583496094,0.0,5.429118633270264,-100.0,-100.0,0.0,3.7593603134155273,112.43761776998872,10.603660583496094,24.57208251953125
run_1780126152_ba0cbdf6,1780126943.5061433,2.0,995.0,1.0,10.515192031860352,0.0,5.329590797424316,-100.0,-100.0,0.0,3.6100637912750244,110.56926346689943,10.515192031860352,24.57208251953125
run_1780126152_ba0cbdf6,1780126945.5026586,2.0,995.0,1.0,10.2940092086792,0.0,5.0807600021362305,-100.0,-100.0,0.0,3.7976832389831543,105.96662558837215,10.2940092086792,24.57208251953125
run_1780126152_ba0cbdf6,1780126947.5042646,2.0,995.0,1.0,10.205520629882812,0.0,4.981210231781006,-100.0,-100.0,0.0,3.644777774810791,104.15265132696368,10.205520629882812,24.57208251953125
run_1780126152_ba0cbdf6,1780126949.5146258,2.0,995.0,1.0,10.028596878051758,0.0,4.782171249389648,-100.0,-100.0,0.0,3.7200942039489746,100.57275534246946,10.028596878051758,24.57208251953125
run_1780126152_ba0cbdf6,1780126951.5096369,2.0,995.0,1.0,9.895941734313965,0.0,4.6329345703125,-100.0,-100.0,0.0,3.6790833473205566,97.92966280893688,9.895941734313965,24.57208251953125
run_1780126152_ba0cbdf6,1780126953.7118218,20.0,597.0,50.0,9.719036102294922,0.0,4.433915138244629,-29.987472534179688,-48.59518051147461,-0.1477033644914627,18.755413055419922,94.45966275771207,9.719036102294922,24.57208251953125
run_1780126152_ba0cbdf6,1780126955.511592,20.0,597.0,50.0,9.630563735961914,0.0,4.334384441375732,-30.449508666992188,-48.1528205871582,-0.3096120059490204,18.012922286987305,92.7477578724247,9.630563735961914,24.57208251953125
run_1780126152_ba0cbdf6,1780126957.5065196,20.0,597.0,50.0,9.409448623657227,0.0,4.085629940032959,-28.562746047973633,-47.0472412109375,-0.469298392534256,18.953794479370117,88.53772340124488,9.409448623657227,24.57208251953125
run_1780126152_ba0cbdf6,1780126959.5147252,20.0,597.0,50.0,9.32103157043457,0.0,3.9861607551574707,-29.03945541381836,-46.60515594482422,-0.6260222792625427,18.19172477722168,86.88162953703795,9.32103157043457,24.57208251953125
run_1780126152_ba0cbdf6,1780126961.5068285,20.0,597.0,50.0,9.144145965576172,0.0,3.787163496017456,-27.93047332763672,-45.72072982788086,-0.7806721329689026,18.5709285736084,83.61540543976298,9.144145965576172,24.57208251953125
run_1780126152_ba0cbdf6,1780126963.516958,20.0,597.0,50.0,9.055721282958984,0.0,3.68768572807312,-28.345197677612305,-45.27860641479492,-0.9332481026649475,17.866657257080078,82.00608795463631,9.055721282958984,24.57208251953125
run_1780126152_ba0cbdf6,1780126965.5145497,20.0,597.0,50.0,8.834650039672852,0.0,3.4389805793762207,-26.43560791015625,-44.173248291015625,-1.0833053588867188,18.82094955444336,78.05104132349152,8.834650039672852,24.57208251953125
run_1780126152_ba0cbdf6,1780126967.5103526,20.0,597.0,50.0,8.74625015258789,0.0,3.339531183242798,-26.86941909790039,-43.73125076293945,-1.230696439743042,18.092527389526367,76.4968917316437,8.74625015258789,24.57208251953125
run_1780126152_ba0cbdf6,1780126969.5068445,20.0,597.0,50.0,8.56939697265625,0.0,3.140571355819702,-25.74191665649414,-42.84698486328125,-1.375718355178833,18.48078727722168,73.4345644749701,8.56939697265625,24.57208251953125
run_1780126152_ba0cbdf6,1780126971.516144,20.0,597.0,50.0,8.48099136352539,0.0,3.0411148071289062,-26.13874626159668,-42.40495681762695,-1.5186669826507568,17.784879684448242,71.92721450819226,8.48099136352539,24.57208251953125
run_1780126152_ba0cbdf6,1780126973.5134418,20.0,597.0,50.0,8.304170608520508,0.0,2.842191696166992,-24.97798728942871,-41.52085494995117,-1.6592456102371216,18.202112197875977,68.95924949541586,8.304170608520508,24.57208251953125
run_1780126152_ba0cbdf6,1780126975.511744,20.0,597.0,50.0,8.215742111206055,0.0,2.7427096366882324,-25.343395233154297,-41.078712463378906,-1.7977511882781982,17.53306770324707,67.49841843784452,8.215742111206055,24.57208251953125
run_1780126152_ba0cbdf6,1780126977.5054202,20.0,597.0,50.0,8.038980484008789,0.0,2.543853282928467,-24.155195236206055,-40.19490051269531,-1.9338881969451904,17.973594665527344,64.62520722227418,8.038980484008789,24.57208251953125
run_1780126152_ba0cbdf6,1780126979.502049,20.0,597.0,50.0,7.950559616088867,0.0,2.4443798065185547,-24.4945011138916,-39.75279998779297,-2.067953109741211,17.326251983642578,63.211398208983155,7.950559616088867,24.57208251953125
run_1780126152_ba0cbdf6,1780126981.5101902,20.0,597.0,50.0,7.7737717628479,0.0,2.2454934120178223,-23.28167724609375,-38.868858337402344,-2.1996467113494873,17.786828994750977,60.43152742085135,7.7737717628479,24.57208251953125
run_1780126152_ba0cbdf6,1780126983.5155623,20.0,597.0,50.0,7.685389041900635,0.0,2.1460623741149902,-23.599369049072266,-38.426944732666016,-2.3292689323425293,17.156845092773438,59.06520472536636,7.685389041900635,24.57208251953125
run_1780126152_ba0cbdf6,1780126985.5083807,20.0,597.0,50.0,7.5086164474487305,0.0,1.9471931457519531,-22.334890365600586,-37.54308319091797,-2.4569666385650635,17.665157318115234,56.379320954897594,7.5086164474487305,24.57208251953125
run_1780126152_ba0cbdf6,1780126987.5028603,20.0,597.0,50.0,7.464449882507324,0.0,1.8975062370300293,-23.391559600830078,-37.32225036621094,-2.5824432373046875,16.513134002685547,55.718012048463606,7.464449882507324,24.57208251953125
run_1780126152_ba0cbdf6,1780126989.5169716,20.0,597.0,50.0,7.376034259796143,0.0,1.798038363456726,-23.623361587524414,-36.88017272949219,-2.706292152404785,15.963101387023926,54.40588140168643,7.376034259796143,24.57208251953125
run_1780126152_ba0cbdf6,1780126991.5134442,20.0,597.0,50.0,7.199294090270996,0.0,1.5992058515548706,-22.313032150268555,-35.9964714050293,-2.827770709991455,16.511205673217773,51.82983539821089,7.199294090270996,24.57208251953125
run_1780126152_ba0cbdf6,1780126993.5099552,20.0,597.0,50.0,7.110928535461426,0.0,1.4997944831848145,-22.54104995727539,-35.55464553833008,-2.947179079055786,15.960772514343262,50.56530463643958,7.110928535461426,24.57208251953125
run_1780126152_ba0cbdf6,1780126995.5048895,20.0,597.0,50.0,6.978363037109375,0.0,1.350658655166626,-21.9497013092041,-34.891815185546875,-3.0649585723876953,16.00707244873047,48.69755067769438,6.978363037109375,24.57208251953125
run_1780126152_ba0cbdf6,1780126997.5033953,20.0,597.0,50.0,6.89003324508667,0.0,1.251287579536438,-22.12651252746582,-34.45016860961914,-3.1806647777557373,15.50432014465332,47.47255811839955,6.89003324508667,24.57208251953125
run_1780126152_ba0cbdf6,1780126999.5143778,20.0,597.0,50.0,6.757449150085449,0.0,1.1021301746368408,-21.487627029418945,-33.78724670410156,-3.294743537902832,15.594366073608398,45.66311901599056,6.757449150085449,24.57208251953125
run_1780126152_ba0cbdf6,1780127001.5109434,20.0,597.0,50.0,6.66909646987915,0.0,1.0027337074279785,-21.620986938476562,-33.345481872558594,-3.4067466259002686,15.131242752075195,44.476847724554545,6.66909646987915,24.57208251953125
run_1780126152_ba0cbdf6,1780127003.5085022,20.0,597.0,50.0,6.492386817932129,0.0,0.803935170173645,-20.18929100036621,-32.461936950683594,-3.5168275833129883,15.789472579956055,42.151086593658874,6.492386817932129,24.57208251953125
run_1780126152_ba0cbdf6,1780127005.5038817,20.0,597.0,50.0,6.448222637176514,0.0,0.7542498707771301,-21.070709228515625,-32.24111557006836,-3.624986171722412,14.795391082763672,41.57957517859563,6.448222637176514,24.57208251953125
run_1780126152_ba0cbdf6,1780127007.517296,20.0,597.0,50.0,6.315700531005859,0.0,0.6051628589630127,-20.357818603515625,-31.578502655029297,-3.7316665649414062,14.952347755432129,39.888073197347694,6.315700531005859,24.57208251953125
run_1780126152_ba0cbdf6,1780127009.5122628,20.0,597.0,50.0,6.227333068847656,0.0,0.5057496428489685,-20.422298431396484,-31.13666534423828,-3.836271286010742,14.550638198852539,38.77967715036357,6.227333068847656,24.57208251953125
run_1780126152_ba0cbdf6,1780127011.510595,20.0,597.0,50.0,6.0948357582092285,0.0,0.35669058561325073,-19.68276596069336,-30.474180221557617,-3.939248561859131,14.730660438537598,37.14702291954586,6.0948357582092285,24.57208251953125
run_1780126152_ba0cbdf6,1780127013.5062654,20.0,597.0,50.0,6.006490707397461,0.0,0.257302463054657,-19.7227725982666,-30.032453536987305,-4.040156364440918,14.349834442138672,36.07793061805205,6.006490707397461,24.57208251953125
run_1780126152_ba0cbdf6,1780127015.502157,20.0,597.0,50.0,5.873990535736084,0.0,0.10823900997638702,-18.99102210998535,-29.369953155517578,-4.138991355895996,14.517922401428223,34.50376481391709,5.873990535736084,24.57208251953125
run_1780126152_ba0cbdf6,1780127017.514625,20.0,597.0,50.0,5.785650253295898,0.0,0.00885683298110962,-18.986663818359375,-28.928253173828125,-4.236494064331055,14.178080558776855,33.473748853462894,5.785650253295898,24.57208251953125
run_1780126152_ba0cbdf6,1780127019.5121806,20.0,597.0,50.0,5.609006881713867,0.0,-0.18986715376377106,-17.481048583984375,-28.045034408569336,-4.331335544586182,14.8953218460083,31.46095819911352,5.609006881713867,24.57208251953125
run_1780126152_ba0cbdf6,1780127021.509178,20.0,597.0,50.0,5.5648417472839355,0.0,-0.23955287039279938,-18.252138137817383,-27.824207305908203,-4.424844741821289,13.99691390991211,30.967463672314125,5.5648417472839355,24.57208251953125
run_1780126152_ba0cbdf6,1780127023.513152,20.0,597.0,50.0,5.38819694519043,0.0,-0.43827831745147705,-16.725522994995117,-26.94098663330078,-4.51598596572876,14.731447219848633,29.03266632015948,5.38819694519043,24.57208251953125
run_1780126152_ba0cbdf6,1780127025.5088544,20.0,597.0,50.0,5.3440351486206055,0.0,-0.4879609942436218,-17.477340698242188,-26.72017478942871,-4.605795383453369,13.848630905151367,28.558711669692457,5.3440351486206055,24.57208251953125
run_1780126152_ba0cbdf6,1780127027.50785,20.0,597.0,50.0,5.1674323081970215,0.0,-0.6866382360458374,-15.93356990814209,-25.837162017822266,-4.693238258361816,14.59682846069336,26.702356659798397,5.1674323081970215,24.57208251953125
run_1780126152_ba0cbdf6,1780127029.5169861,20.0,597.0,50.0,5.079100131988525,0.0,-0.7860120534896851,-15.925042152404785,-25.39550018310547,-4.77890682220459,14.249364852905273,25.797258150765856,5.079100131988525,24.57208251953125
run_1780126152_ba0cbdf6,1780127031.5124242,20.0,597.0,50.0,4.94664192199707,0.0,-0.9350281953811646,-15.138212203979492,-24.73320960998535,-4.862654209136963,14.45765209197998,24.46926630445887,4.94664192199707,24.57208251953125
run_1780126152_ba0cbdf6,1780127033.509371,20.0,597.0,50.0,4.902484893798828,0.0,-0.9847038984298706,-15.856595039367676,-24.51242446899414,-4.945069313049316,13.600899696350098,24.034358133925707,4.902484893798828,24.57208251953125
run_1780126152_ba0cbdf6,1780127035.5056193,20.0,597.0,50.0,4.725896835327148,0.0,-1.183365821838379,-14.28205394744873,-23.629484176635742,-5.025116920471191,14.37254810333252,22.334100898155157,4.725896835327148,24.57208251953125
run_1780126152_ba0cbdf6,1780127037.5036173,20.0,597.0,50.0,4.681757926940918,0.0,-1.2330224514007568,-14.988930702209473,-23.408790588378906,-5.103837013244629,13.523695945739746,21.918857286474122,4.681757926940918,24.57208251953125
run_1780126152_ba0cbdf6,1780127039.5121312,20.0,597.0,50.0,4.54927396774292,0.0,-1.3820666074752808,-14.156441688537598,-22.746370315551758,-5.180483818054199,13.770415306091309,20.69589363358341,4.54927396774292,24.57208251953125
run_1780126152_ba0cbdf6,1780127041.5060046,20.0,597.0,50.0,4.505138397216797,0.0,-1.431719183921814,-14.802972793579102,-22.525691986083984,-5.256241798400879,12.978960990905762,20.29627197807713,4.505138397216797,24.57208251953125
run_1780126152_ba0cbdf6,1780127043.5046325,20.0,597.0,50.0,4.372720718383789,0.0,-1.580689549446106,-13.906044006347656,-21.863603591918945,-5.330078125,13.287639617919922,19.12068648098284,4.372720718383789,24.57208251953125
run_1780126152_ba0cbdf6,1780127045.5141838,20.0,597.0,50.0,4.284426689147949,0.0,-1.6800205707550049,-13.759960174560547,-21.422134399414062,-5.402435302734375,13.06460952758789,18.356312054683258,4.284426689147949,24.57208251953125
run_1780126152_ba0cbdf6,1780127047.5075154,20.0,597.0,50.0,4.152003765106201,0.0,-1.828996181488037,-12.82610034942627,-20.760019302368164,-5.473166465759277,13.407084465026855,17.23913526545607,4.152003765106201,24.57208251953125
run_1780126152_ba0cbdf6,1780127049.504155,20.0,597.0,50.0,4.107860088348389,0.0,-1.8786572217941284,-13.431188583374023,-20.5393009185791,-5.542270660400391,12.650382995605469,16.87451450544563,4.107860088348389,24.57208251953125
run_1780126152_ba0cbdf6,1780127051.5177348,20.0,597.0,50.0,3.975431442260742,0.0,-2.027639389038086,-12.496045112609863,-19.87715721130371,-5.609454154968262,12.990567207336426,15.804055152115325,3.975431442260742,24.57208251953125
run_1780126152_ba0cbdf6,1780127053.512537,20.0,597.0,50.0,3.8871779441833496,0.0,-2.126924991607666,-12.315654754638672,-19.435890197753906,-5.6751580238342285,12.795394897460938,15.110152369745492,3.8871779441833496,24.57208251953125
run_1780126152_ba0cbdf6,1780127055.5078444,20.0,597.0,50.0,3.7547738552093506,0.0,-2.275879144668579,-11.3497953414917,-18.77387046813965,-5.739234447479248,13.163309097290039,14.09832670376369,3.7547738552093506,24.57208251953125
run_1780126152_ba0cbdf6,1780127057.5069335,20.0,597.0,50.0,3.6664979457855225,0.0,-2.3751895427703857,-11.181809425354004,-18.332490921020508,-5.801239490509033,12.951920509338379,13.443207186449456,3.6664979457855225,24.57208251953125
run_1780126152_ba0cbdf6,1780127059.5148041,20.0,597.0,50.0,3.534104585647583,0.0,-2.524132490158081,-10.227368354797363,-17.670522689819336,-5.8616204261779785,13.304774284362793,12.489895222295274,3.534104585647583,24.57208251953125
run_1780126152_ba0cbdf6,1780127061.5123253,20.0,597.0,50.0,3.4899845123291016,0.0,-2.57376766204834,-10.812743186950684,-17.449922561645508,-5.92037296295166,12.557552337646484,12.179991896296997,3.4899845123291016,24.57208251953125
run_1780126152_ba0cbdf6,1780127063.5086448,20.0,597.0,50.0,3.357583522796631,0.0,-2.7227182388305664,-9.81757640838623,-16.787918090820312,-5.977797508239746,12.948139190673828,11.273367112555434,3.357583522796631,24.57208251953125
run_1780126152_ba0cbdf6,1780127065.5186503,20.0,597.0,50.0,3.2693350315093994,0.0,-2.821998357772827,-9.622878074645996,-16.346675872802734,-6.0331525802612305,12.756949424743652,10.688551548254566,3.2693350315093994,24.57208251953125
run_1780126152_ba0cbdf6,1780127067.513115,20.0,597.0,50.0,3.181072950363159,0.0,-2.921293020248413,-9.40739631652832,-15.905364990234375,-6.087028980255127,12.58499813079834,10.119225115532174,3.181072950363159,24.57208251953125
run_1780126152_ba0cbdf6,1780127069.5103214,20.0,597.0,50.0,3.136943817138672,0.0,-2.970938205718994,-9.918042182922363,-15.68471908569336,-6.13986873626709,11.906545639038086,9.840416511884541,3.136943817138672,24.57208251953125
run_1780126152_ba0cbdf6,1780127071.5034661,20.0,597.0,50.0,3.0045735836029053,0.0,-3.119854688644409,-8.876659393310547,-15.022868156433105,-6.19108247756958,12.33729076385498,9.027462419284404,3.0045735836029053,24.57208251953125
run_1780126152_ba0cbdf6,1780127073.515627,20.0,597.0,50.0,2.960460662841797,0.0,-3.1694817543029785,-9.36099624633789,-14.8023042678833,-6.240968227386475,11.682275772094727,8.764327336233691,2.960460662841797,24.57208251953125
run_1780126152_ba0cbdf6,1780127075.718696,6.0,123.0,2.0,2.8280842304229736,0.0,-3.3184049129486084,-52.46622085571289,-47.13473892211914,-6.953644752502441,1.6221615076065063,7.998060414367103,2.8280842304229736,24.57208251953125
run_1780126152_ba0cbdf6,1780127077.5138865,6.0,123.0,2.0,2.7839462757110596,0.0,-3.368060350418091,-52.574951171875,-46.399105072021484,-7.712885856628418,1.5370413064956665,7.750356866045479,2.7839462757110596,24.57208251953125
run_1780126152_ba0cbdf6,1780127079.5078557,6.0,123.0,2.0,2.651620626449585,0.0,-3.5169270038604736,-51.040279388427734,-44.19367980957031,-8.445823669433594,1.599219799041748,7.031091946612889,2.651620626449585,24.57208251953125
run_1780126152_ba0cbdf6,1780127081.5052748,6.0,123.0,2.0,2.607499599456787,0.0,-3.566563129425049,-51.09931182861328,-43.45832824707031,-9.157246589660645,1.5162609815597534,6.799054161167305,2.607499599456787,24.57208251953125
run_1780126152_ba0cbdf6,1780127083.513369,6.0,123.0,2.0,2.4751534461975098,0.0,-3.715452194213867,-49.514469146728516,-41.252559661865234,-9.842366218566895,1.5804545879364014,6.126384582223409,2.4751534461975098,24.57208251953125
run_1780126152_ba0cbdf6,1780127085.514497,6.0,123.0,2.0,2.386930227279663,0.0,-3.8147032260894775,-48.71211624145508,-39.78217315673828,-10.498791694641113,1.5688464641571045,5.697435909901344,2.386930227279663,24.57208251953125
run_1780126152_ba0cbdf6,1780127087.5107749,6.0,123.0,2.0,2.254566192626953,0.0,-3.9636125564575195,-47.07512664794922,-37.57610321044922,-11.131307601928711,1.63228178024292,5.0830687169363955,2.254566192626953,24.57208251953125
run_1780126152_ba0cbdf6,1780127089.5049193,6.0,123.0,2.0,2.2104506492614746,0.0,-4.013243198394775,-47.029815673828125,-36.840843200683594,-11.735129356384277,1.5461604595184326,4.886092072820475,2.2104506492614746,24.57208251953125
run_1780126152_ba0cbdf6,1780127091.5160997,6.0,123.0,2.0,2.0781373977661133,0.0,-4.162095546722412,-45.3408317565918,-34.635623931884766,-12.31265640258789,1.6074504852294922,4.318655043994113,2.0781373977661133,24.57208251953125
run_1780126152_ba0cbdf6,1780127093.5117998,6.0,123.0,2.0,1.9899277687072754,0.0,-4.261331081390381,-44.43370819091797,-33.165462493896484,-12.861490249633789,1.5932457447052002,3.9598125246723157,1.9899277687072754,24.57208251953125
run_1780126152_ba0cbdf6,1780127095.5076811,6.0,123.0,2.0,1.8575944900512695,0.0,-4.410206317901611,-42.6890869140625,-30.959909439086914,-13.379251480102539,1.6500763893127441,3.450657289468836,1.8575944900512695,24.57208251953125
run_1780126152_ba0cbdf6,1780127097.5171287,6.0,123.0,2.0,1.7693910598754883,0.0,-4.509435176849365,-41.72835159301758,-29.489850997924805,-13.873111724853516,1.6346133947372437,3.1307447227673038,1.7693910598754883,24.57208251953125
run_1780126152_ba0cbdf6,1780127099.512598,6.0,123.0,2.0,1.637068271636963,0.0,-4.658298015594482,-39.9280891418457,-27.284473419189453,-14.331096649169922,1.6874797344207764,2.679992526000433,1.637068271636963,24.57208251953125
run_1780126152_ba0cbdf6,1780127101.5113597,6.0,123.0,2.0,1.5929765701293945,0.0,-4.707901477813721,-39.72209930419922,-26.549610137939453,-14.769953727722168,1.5974647998809814,2.53757435298121,1.5929765701293945,24.57208251953125
run_1780126152_ba0cbdf6,1780127103.5085633,6.0,123.0,2.0,1.460690975189209,0.0,-4.856722354888916,-37.87117004394531,-24.3448486328125,-15.180134773254395,1.653815746307373,2.1336181249992023,1.460690975189209,24.57208251953125
run_1780126152_ba0cbdf6,1780127105.5098212,6.0,123.0,2.0,1.3724846839904785,0.0,-4.9559550285339355,-36.80316925048828,-22.874746322631836,-15.566426277160645,1.63800048828125,1.8837142077884437,1.3724846839904785,24.57208251953125
run_1780126152_ba0cbdf6,1780127107.5043523,6.0,123.0,2.0,1.240194320678711,0.0,-5.104781150817871,-34.89921569824219,-20.669906616210938,-15.92402458190918,1.694718599319458,1.5380819530437293,1.240194320678711,24.57208251953125
run_1780126152_ba0cbdf6,1780127109.509097,6.0,123.0,2.0,1.1960945129394531,0.0,-5.154393672943115,-34.58622741699219,-19.93490982055664,-16.255342483520508,1.6040256023406982,1.4306420838838676,1.1960945129394531,24.57208251953125
run_1780126152_ba0cbdf6,1780127111.5033166,6.0,123.0,2.0,1.0637993812561035,0.0,-5.303225994110107,-32.62818908691406,-17.729990005493164,-16.55796241760254,1.6597661972045898,1.1316691235608687,1.0637993812561035,24.57208251953125
run_1780126152_ba0cbdf6,1780127113.516764,6.0,123.0,2.0,0.9756040573120117,0.0,-5.4024457931518555,-31.45339584350586,-16.260068893432617,-16.83669090270996,1.6433659791946411,0.951803276643659,0.9756040573120117,24.57208251953125
run_1780126152_ba0cbdf6,1780127115.5130336,6.0,123.0,2.0,0.8433465957641602,0.0,-5.551235198974609,-29.44301414489746,-14.055776596069336,-17.086755752563477,1.699520468711853,0.7112334805869978,0.8433465957641602,24.57208251953125
run_1780126152_ba0cbdf6,1780127117.5115318,6.0,123.0,2.0,0.7992668151855469,0.0,-5.60082483291626,-29.023303985595703,-13.321113586425781,-17.310529708862305,1.608337640762329,0.6388274418568471,0.7992668151855469,24.57208251953125
run_1780126152_ba0cbdf6,1780127119.5134404,6.0,123.0,2.0,0.6670031547546387,0.0,-5.749621391296387,-26.958724975585938,-11.116719245910645,-17.50562286376953,1.6636165380477905,0.44489320845264047,0.6670031547546387,24.57208251953125
run_1780126152_ba0cbdf6,1780127121.504543,6.0,123.0,2.0,0.578819751739502,0.0,-5.848827838897705,-25.67698097229004,-9.64699649810791,-17.67681312561035,1.6468297243118286,0.3350323050037787,0.578819751739502,24.57208251953125
run_1780126152_ba0cbdf6,1780127123.5135424,6.0,123.0,2.0,0.5347304344177246,0.0,-5.898428440093994,-25.17837905883789,-8.912174224853516,-17.824100494384766,1.5578991174697876,0.2859366374925685,0.5347304344177246,24.57208251953125
run_1780126152_ba0cbdf6,1780127125.5077095,6.0,123.0,2.0,0.35839080810546875,0.0,-6.096810340881348,-22.223974227905273,-5.973180294036865,-17.93556785583496,1.684774398803711,0.12844397133449093,0.35839080810546875,24.57208251953125
run_1780126152_ba0cbdf6,1780127127.5036914,6.0,123.0,2.0,0.3143186569213867,0.0,-6.14639139175415,-21.669580459594727,-5.238644599914551,-18.02313232421875,1.5921980142593384,0.09879621808886441,0.3143186569213867,24.57208251953125
run_1780126152_ba0cbdf6,1780127129.5104117,6.0,123.0,2.0,0.18207740783691406,0.0,-6.295163154602051,-19.47245216369629,-3.034623622894287,-18.086809158325195,1.6489801406860352,0.033152182444609934,0.18207740783691406,24.57208251953125
run_1780126152_ba0cbdf6,1780127131.5053265,6.0,123.0,2.0,0.13799333572387695,0.0,-6.344757556915283,-18.86665153503418,-2.299889087677002,-18.12660026550293,1.559836745262146,0.019042160704202615,0.13799333572387695,24.57208251953125
run_1780126152_ba0cbdf6,1780127133.5103197,6.0,123.0,2.0,0.005744457244873047,0.0,-6.493537425994873,-16.61548614501953,-0.09574095904827118,-18.13532066345215,1.615577220916748,3.2998789038174436e-05,0.005744457244873047,24.57208251953125
run_1780126152_ba0cbdf6,1780127135.505783,6.0,123.0,2.0,-0.08241701126098633,0.0,-6.592719078063965,-15.110583305358887,1.3736169338226318,-18.08196258544922,1.5977615118026733,0.006792563745193547,0.08241701126098633,24.57208251953125
run_1780126152_ba0cbdf6,1780127137.5028532,6.0,123.0,2.0,-0.170562744140625,0.0,-6.691883087158203,-13.538904190063477,2.84271240234375,-17.964672088623047,1.5830562114715576,0.029091649688780308,0.170562744140625,24.57208251953125
run_1780126152_ba0cbdf6,1780127139.511988,6.0,123.0,2.0,-0.25869035720825195,0.0,-6.791026592254639,-11.888694763183594,4.311506271362305,-17.768489837646484,1.5682895183563232,0.066920700912533,0.25869035720825195,24.57208251953125
run_1780126152_ba0cbdf6,1780127141.5171018,6.0,123.0,2.0,-0.3468303680419922,0.0,-6.89018440246582,-10.170852661132812,5.780506134033203,-17.50774383544922,1.5563855171203613,0.12029130419614376,0.3468303680419922,24.57208251953125
run_1780126152_ba0cbdf6,1780127143.5133045,6.0,123.0,2.0,-0.4349956512451172,0.0,-6.989370346069336,-8.373926162719727,7.249927520751953,-17.168075561523438,1.5442216396331787,0.18922121660216362,0.4349956512451172,24.57208251953125
run_1780126152_ba0cbdf6,1780127145.510113,6.0,123.0,2.0,-0.567204475402832,0.0,-7.1381049156188965,-5.690568447113037,9.453408241271973,-16.749507904052734,1.6055305004119873,0.3217209169170019,0.567204475402832,24.57208251953125
run_1780126152_ba0cbdf6,1780127147.518607,6.0,123.0,2.0,-0.6112766265869141,0.0,-7.187685966491699,-4.550760269165039,10.187944412231445,-16.25921630859375,1.5205128192901611,0.37365911421147757,0.6112766265869141,24.57208251953125
run_1780126152_ba0cbdf6,1780127149.5156057,6.0,123.0,2.0,-0.6994061470031738,0.0,-7.286831855773926,-2.5416147708892822,11.656769752502441,-15.71153450012207,1.5131497383117676,0.4891689584658252,0.6994061470031738,24.57208251953125
run_1780126152_ba0cbdf6,1780127151.511006,6.0,123.0,2.0,-0.7875461578369141,0.0,-7.385989189147949,-0.4656982719898224,13.12576961517334,-15.099298477172852,1.5078308582305908,0.6202289507236856,0.7875461578369141,24.57208251953125
run_1780126152_ba0cbdf6,1780127153.5046127,6.0,123.0,2.0,-0.8756842613220215,0.0,-7.485145092010498,1.6882647275924683,14.594738006591797,-14.408164978027344,1.5016916990280151,0.7668229255270944,0.8756842613220215,24.57208251953125
run_1780126152_ba0cbdf6,1780127155.5130475,6.0,123.0,2.0,-0.9637908935546875,0.0,-7.584264755249023,3.9081151485443115,16.063182830810547,-13.65247917175293,1.4974128007888794,0.928892886498943,0.9637908935546875,24.57208251953125
run_1780126152_ba0cbdf6,1780127157.5062072,6.0,123.0,2.0,-1.0519099235534668,0.0,-7.683398723602295,6.206150531768799,17.53183364868164,-12.81791877746582,1.492236852645874,1.1065144872702604,1.0519099235534668,24.57208251953125
run_1780126152_ba0cbdf6,1780127159.5146263,6.0,123.0,2.0,-1.09598970413208,0.0,-7.732988357543945,7.74558687210083,18.266496658325195,-11.940327644348145,1.4194183349609375,1.2011934315635244,1.09598970413208,24.57208251953125
run_1780126152_ba0cbdf6,1780127161.5069025,6.0,123.0,2.0,-1.1841039657592773,0.0,-7.832117080688477,10.158547401428223,19.73506736755371,-10.99819564819336,1.421675682067871,1.4021022017268479,1.1841039657592773,24.57208251953125
run_1780126152_ba0cbdf6,1780127163.514168,6.0,123.0,2.0,-1.22816801071167,0.0,-7.881689071655273,11.81199836730957,20.469467163085938,-10.013031959533691,1.3555631637573242,1.5083966625354606,1.22816801071167,24.57208251953125
run_1780126152_ba0cbdf6,1780127165.5081518,6.0,123.0,2.0,-1.316293716430664,0.0,-7.980830192565918,14.356216430664062,21.938228607177734,-8.941802024841309,1.3597899675369263,1.7326291479148495,1.316293716430664,24.57208251953125
run_1780126152_ba0cbdf6,1780127167.5112698,6.0,123.0,2.0,-1.3603544235229492,0.0,-8.03039836883545,16.12308692932129,22.672574996948242,-7.849061489105225,1.2995755672454834,1.8505641575984555,1.3603544235229492,24.57208251953125
run_1780126152_ba0cbdf6,1780127169.5170515,6.0,123.0,2.0,-1.4484591484069824,0.0,-8.1295166015625,18.762449264526367,24.140987396240234,-6.691786766052246,1.3132503032684326,2.0980339046038807,1.4484591484069824,24.57208251953125
run_1780126152_ba0cbdf6,1780127171.514035,6.0,123.0,2.0,-1.4484591484069824,0.0,-8.1295166015625,19.81596565246582,24.140987396240234,-5.51300048828125,1.187980055809021,2.0980339046038807,1.4484591484069824,24.57208251953125
run_1780126152_ba0cbdf6,1780127173.5053864,6.0,123.0,2.0,-1.5365495681762695,0.0,-8.228618621826172,22.537405014038086,25.609159469604492,-4.284031867980957,1.2122766971588135,2.3609845754626804,1.5365495681762695,24.57208251953125
run_1780126152_ba0cbdf6,1780127175.5180354,6.0,123.0,2.0,-1.5365495681762695,0.0,-8.228618621826172,23.672243118286133,25.609159469604492,-3.033555746078491,1.0966384410858154,2.3609845754626804,1.5365495681762695,24.57208251953125
run_1780126152_ba0cbdf6,1780127177.514606,6.0,123.0,2.0,-1.5806069374084473,0.0,-8.278182983398438,25.65501594543457,26.34345054626465,-1.7472240924835205,1.0587890148162842,2.498318290583711,1.5806069374084473,24.57208251953125
run_1780126152_ba0cbdf6,1780127179.5104704,6.0,123.0,2.0,-1.5806069374084473,0.0,-8.278182983398438,26.84035301208496,26.34345054626465,-0.46089109778404236,0.9577916860580444,2.498318290583711,1.5806069374084473,24.57208251953125
run_1780126152_ba0cbdf6,1780127181.506098,6.0,123.0,2.0,-1.5806069374084473,0.0,-8.278182983398438,27.52052879333496,26.34345054626465,0.3106512129306793,0.8664283752441406,2.498318290583711,1.5806069374084473,24.57208251953125
run_1780126152_ba0cbdf6,1780127183.5164955,6.0,123.0,2.0,-1.5806069374084473,0.0,-8.278182983398438,27.866230010986328,26.34345054626465,0.7389999628067017,0.7837803363800049,2.498318290583711,1.5806069374084473,24.57208251953125
run_1780126152_ba0cbdf6,1780127185.5062537,6.0,123.0,2.0,-1.5806069374084473,0.0,-8.278182983398438,28.219812393188477,26.34345054626465,1.1673487424850464,0.7090158462524414,2.498318290583711,1.5806069374084473,24.57208251953125
run_1780126152_ba0cbdf6,1780127187.5125854,6.0,123.0,2.0,-1.5365495681762695,0.0,-8.228618621826172,27.769588470458984,25.609159469604492,1.588533878326416,0.5718936324119568,2.3609845754626804,1.5365495681762695,24.57208251953125
run_1780126152_ba0cbdf6,1780127189.5076134,6.0,123.0,2.0,-1.5365495681762695,0.0,-8.228618621826172,28.13144302368164,25.609159469604492,2.0049431324005127,0.5173410177230835,2.3609845754626804,1.5365495681762695,24.57208251953125
run_1780126152_ba0cbdf6,1780127191.5057113,6.0,123.0,2.0,-1.4925050735473633,0.0,-8.179068565368652,27.68779945373535,24.875085830688477,2.4141907691955566,0.39852261543273926,2.2275713945646203,1.4925050735473633,24.57208251953125
run_1780126152_ba0cbdf6,1780127193.5128548,6.0,123.0,2.0,-1.40440034866333,0.0,-8.079950332641602,26.43244171142578,23.406673431396484,2.804340362548828,0.22143162786960602,1.972340339325683,1.40440034866333,24.57208251953125
run_1780126152_ba0cbdf6,1780127195.5054235,6.0,123.0,2.0,-1.40440034866333,0.0,-8.079950332641602,26.791921615600586,23.406673431396484,3.184938430786133,0.20030942559242249,1.972340339325683,1.40440034866333,24.57208251953125
run_1780126152_ba0cbdf6,1780127197.509589,6.0,123.0,2.0,-1.316293716430664,0.0,-7.980830192565918,25.53156280517578,21.938228607177734,3.5512118339538574,0.04212263226509094,1.7326291479148495,1.316293716430664,24.57208251953125
run_1780126152_ba0cbdf6,1780127199.5175831,6.0,123.0,2.0,-1.316293716430664,0.0,-7.980830192565918,25.88426399230957,21.938228607177734,3.907930850982666,0.03810456767678261,1.7326291479148495,1.316293716430664,24.57208251953125
run_1780126152_ba0cbdf6,1780127201.507297,6.0,123.0,2.0,-1.22816801071167,0.0,-7.881689071655273,24.615148544311523,20.469467163085938,4.250319480895996,-0.10463708639144897,1.5083966625354606,1.22816801071167,24.57208251953125
run_1780126152_ba0cbdf6,1780127203.5154998,6.0,123.0,2.0,-1.1841039657592773,0.0,-7.832117080688477,24.14690399169922,19.73506736755371,4.575993061065674,-0.16415610909461975,1.4021022017268479,1.1841039657592773,24.57208251953125
run_1780126152_ba0cbdf6,1780127205.5096657,6.0,123.0,2.0,-1.09598970413208,0.0,-7.732988357543945,22.862504959106445,18.266496658325195,4.884947776794434,-0.28893929719924927,1.2011934315635244,1.09598970413208,24.57208251953125
run_1780126152_ba0cbdf6,1780127207.506432,6.0,123.0,2.0,-1.0519099235534668,0.0,-7.683398723602295,22.375730514526367,17.53183364868164,5.17479944229126,-0.330902636051178,1.1065144872702604,1.0519099235534668,24.57208251953125
run_1780126152_ba0cbdf6,1780127209.5048394,6.0,123.0,2.0,-0.9637908935546875,0.0,-7.584264755249023,21.07132339477539,16.063182830810547,5.447930335998535,-0.43978890776634216,0.928892886498943,0.9637908935546875,24.57208251953125
run_1780126152_ba0cbdf6,1780127211.516839,6.0,123.0,2.0,-0.9637908935546875,0.0,-7.584264755249023,21.374462127685547,16.063182830810547,5.709117889404297,-0.39783772826194763,0.928892886498943,0.9637908935546875,24.57208251953125
run_1780126152_ba0cbdf6,1780127213.5149078,6.0,123.0,2.0,-0.8756842613220215,0.0,-7.485145092010498,20.05278968811035,14.594738006591797,5.958369255065918,-0.500318706035614,0.7668229255270944,0.8756842613220215,24.57208251953125
run_1780126152_ba0cbdf6,1780127215.5076659,6.0,123.0,2.0,-0.8316159248352051,0.0,-7.435567855834961,19.526683807373047,13.860265731811523,6.188519477844238,-0.5221006274223328,0.6915850464395135,0.8316159248352051,24.57208251953125
run_1780126152_ba0cbdf6,1780127217.5037365,6.0,123.0,2.0,-0.7875461578369141,0.0,-7.385989189147949,18.98967933654785,13.12576961517334,6.404337406158447,-0.5404272079467773,0.6202289507236856,0.7875461578369141,24.57208251953125
run_1780126152_ba0cbdf6,1780127219.5177357,6.0,123.0,2.0,-0.7434768676757812,0.0,-7.336411476135254,18.443492889404297,12.391281127929688,6.610596179962158,-0.5583847761154175,0.5527578527689911,0.7434768676757812,24.57208251953125
run_1780126152_ba0cbdf6,1780127221.510995,6.0,123.0,2.0,-0.6994061470031738,0.0,-7.286831855773926,17.886043548583984,11.656769752502441,6.802525997161865,-0.5732517838478088,0.4891689584658252,0.6994061470031738,24.57208251953125
run_1780126152_ba0cbdf6,1780127223.5058262,6.0,123.0,2.0,-0.6553487777709961,0.0,-7.23726749420166,17.31932830810547,10.922479629516602,6.984907150268555,-0.5880593061447144,0.4294820205259384,0.6553487777709961,24.57208251953125
run_1780126152_ba0cbdf6,1780127225.5144687,6.0,123.0,2.0,-0.6112766265869141,0.0,-7.187685966491699,16.740800857543945,10.187944412231445,7.152953624725342,-0.6000978350639343,0.37365911421147757,0.6112766265869141,24.57208251953125
run_1780126152_ba0cbdf6,1780127227.513056,6.0,123.0,2.0,-0.567204475402832,0.0,-7.1381049156188965,16.152488708496094,9.453408241271973,7.311448574066162,-0.6123679876327515,0.3217209169170019,0.567204475402832,24.57208251953125
run_1780126152_ba0cbdf6,1780127229.506924,6.0,123.0,2.0,-0.5231304168701172,0.0,-7.088521957397461,15.555304527282715,8.718840599060059,7.462778568267822,-0.6263149380683899,0.2736654330547026,0.5231304168701172,24.57208251953125
run_1780126152_ba0cbdf6,1780127231.5125527,6.0,123.0,2.0,-0.5231304168701172,0.0,-7.088521957397461,15.756818771362305,8.718840599060059,7.604548454284668,-0.5665709972381592,0.2736654330547026,0.5231304168701172,24.57208251953125
run_1780126152_ba0cbdf6,1780127233.5162299,6.0,123.0,2.0,-0.47905588150024414,0.0,-7.038938045501709,15.140360832214355,7.984264850616455,7.736757278442383,-0.5806630253791809,0.22949453759997596,0.47905588150024414,24.57208251953125
run_1780126152_ba0cbdf6,1780127235.5127547,6.0,123.0,2.0,-0.47905588150024414,0.0,-7.038938045501709,15.325568199157715,7.984264850616455,7.866576194763184,-0.5252739191055298,0.22949453759997596,0.47905588150024414,24.57208251953125
run_1780126152_ba0cbdf6,1780127237.5091136,6.0,123.0,2.0,-0.4349956512451172,0.0,-6.989370346069336,14.693490982055664,7.249927520751953,7.986846446990967,-0.5432830452919006,0.18922121660216362,0.4349956512451172,24.57208251953125
run_1780126152_ba0cbdf6,1780127239.5187724,6.0,123.0,2.0,-0.39092063903808594,0.0,-6.939785957336426,14.052915573120117,6.515344142913818,8.099955558776855,-0.5623850226402283,0.15281894602594548,0.39092063903808594,24.57208251953125
run_1780126152_ba0cbdf6,1780127241.5130875,6.0,123.0,2.0,-0.39092063903808594,0.0,-6.939785957336426,14.212508201599121,6.515344142913818,8.205902099609375,-0.5087395310401917,0.15281894602594548,0.39092063903808594,24.57208251953125
run_1780126152_ba0cbdf6,1780127243.506655,6.0,123.0,2.0,-0.3468303680419922,0.0,-6.89018440246582,13.556414604187012,5.780506134033203,8.307069778442383,-0.5311611890792847,0.12029130419614376,0.3468303680419922,24.57208251953125
run_1780126152_ba0cbdf6,1780127245.5188973,6.0,123.0,2.0,-0.3468303680419922,0.0,-6.89018440246582,13.704022407531738,5.780506134033203,8.408236503601074,-0.48471981287002563,0.12029130419614376,0.3468303680419922,24.57208251953125
run_1780126152_ba0cbdf6,1780127247.5161738,6.0,123.0,2.0,-0.3468303680419922,0.0,-6.89018440246582,13.844256401062012,5.780506134033203,8.502233505249023,-0.4384826421737671,0.12029130419614376,0.3468303680419922,24.57208251953125
run_1780126152_ba0cbdf6,1780127249.505952,6.0,123.0,2.0,-0.3468303680419922,0.0,-6.89018440246582,13.980080604553223,5.780506134033203,8.596229553222656,-0.39665597677230835,0.12029130419614376,0.3468303680419922,24.57208251953125
run_1780126152_ba0cbdf6,1780127251.5034578,6.0,123.0,2.0,-0.3468303680419922,0.0,-6.89018440246582,14.111913681030273,5.780506134033203,8.690225601196289,-0.3588191866874695,0.12029130419614376,0.3468303680419922,24.57208251953125
run_1780126152_ba0cbdf6,1780127253.5133889,6.0,123.0,2.0,-0.3027677536010742,0.0,-6.84061336517334,13.431029319763184,5.04612922668457,8.781832695007324,-0.39693331718444824,0.09166831262064079,0.3027677536010742,24.57208251953125
run_1780126152_ba0cbdf6,1780127255.5071084,6.0,123.0,2.0,-0.3027677536010742,0.0,-6.84061336517334,13.55093765258789,5.04612922668457,8.86387825012207,-0.3590700626373291,0.09166831262064079,0.3027677536010742,24.57208251953125
run_1780126152_ba0cbdf6,1780127257.5038977,6.0,123.0,2.0,-0.3027677536010742,0.0,-6.84061336517334,13.667234420776367,5.04612922668457,8.945923805236816,-0.32481858134269714,0.09166831262064079,0.3027677536010742,24.57208251953125
run_1780126152_ba0cbdf6,1780127259.5170093,6.0,123.0,2.0,-0.3027677536010742,0.0,-6.84061336517334,13.780264854431152,5.04612922668457,9.027969360351562,-0.2938343286514282,0.09166831262064079,0.3027677536010742,24.57208251953125
run_1780126152_ba0cbdf6,1780127261.5134616,6.0,123.0,2.0,-0.3027677536010742,0.0,-6.84061336517334,13.890339851379395,5.04612922668457,9.110015869140625,-0.2658056616783142,0.09166831262064079,0.3027677536010742,24.57208251953125
run_1780126152_ba0cbdf6,1780127263.5094411,6.0,123.0,2.0,-0.3027677536010742,0.0,-6.84061336517334,13.997739791870117,5.04612922668457,9.192061424255371,-0.24045059084892273,0.09166831262064079,0.3027677536010742,24.57208251953125
run_1780126152_ba0cbdf6,1780127265.505361,6.0,123.0,2.0,-0.3027677536010742,0.0,-6.84061336517334,14.102723121643066,5.04612922668457,9.274106979370117,-0.21751411259174347,0.09166831262064079,0.3027677536010742,24.57208251953125
run_1780126152_ba0cbdf6,1780127267.5160275,6.0,123.0,2.0,-0.3027677536010742,0.0,-6.84061336517334,14.205516815185547,5.04612922668457,9.35615348815918,-0.19676557183265686,0.09166831262064079,0.3027677536010742,24.57208251953125
run_1780126152_ba0cbdf6,1780127269.5137303,6.0,123.0,2.0,-0.3027677536010742,0.0,-6.84061336517334,14.3063325881958,5.04612922668457,9.438199043273926,-0.1779962182044983,0.09166831262064079,0.3027677536010742,24.57208251953125
run_1780126152_ba0cbdf6,1780127271.512335,6.0,123.0,2.0,-0.3027677536010742,0.0,-6.84061336517334,14.405356407165527,5.04612922668457,9.520244598388672,-0.16101719439029694,0.09166831262064079,0.3027677536010742,24.57208251953125
run_1780126152_ba0cbdf6,1780127273.5109103,6.0,123.0,2.0,-0.3027677536010742,0.0,-6.84061336517334,14.502761840820312,5.04612922668457,9.602290153503418,-0.14565782248973846,0.09166831262064079,0.3027677536010742,24.57208251953125
run_1780126152_ba0cbdf6,1780127275.5058045,6.0,123.0,2.0,-0.3027677536010742,0.0,-6.84061336517334,14.598701477050781,5.04612922668457,9.684335708618164,-0.13176360726356506,0.09166831262064079,0.3027677536010742,24.57208251953125
run_1780126152_ba0cbdf6,1780127277.5167701,6.0,123.0,2.0,-0.3027677536010742,0.0,-6.84061336517334,14.693316459655762,5.04612922668457,9.766382217407227,-0.11919476091861725,0.09166831262064079,0.3027677536010742,24.57208251953125
run_1780126152_ba0cbdf6,1780127279.5139387,6.0,123.0,2.0,-0.3027677536010742,0.0,-6.84061336517334,14.786731719970703,5.04612922668457,9.848427772521973,-0.10782484710216522,0.09166831262064079,0.3027677536010742,24.57208251953125
run_1780126152_ba0cbdf6,1780127281.5081882,6.0,123.0,2.0,-0.3027677536010742,0.0,-6.84061336517334,14.87906265258789,5.04612922668457,9.930473327636719,-0.0975394994020462,0.09166831262064079,0.3027677536010742,24.57208251953125
run_1780126152_ba0cbdf6,1780127283.5049374,6.0,123.0,2.0,-0.25869035720825195,0.0,-6.791026592254639,14.160086631774902,4.311506271362305,10.007744789123535,-0.15916456282138824,0.066920700912533,0.25869035720825195,24.57208251953125
run_1780126152_ba0cbdf6,1780127285.5179574,6.0,123.0,2.0,-0.3027677536010742,0.0,-6.84061336517334,15.056684494018555,5.04612922668457,10.085016250610352,-0.07446062564849854,0.09166831262064079,0.3027677536010742,24.57208251953125
run_1780126152_ba0cbdf6,1780127287.5110943,6.0,123.0,2.0,-0.3027677536010742,0.0,-6.84061336517334,15.145833969116211,5.04612922668457,10.167062759399414,-0.0673578605055809,0.09166831262064079,0.3027677536010742,24.57208251953125
run_1780126152_ba0cbdf6,1780127289.5194602,6.0,123.0,2.0,-0.3027677536010742,0.0,-6.84061336517334,15.234305381774902,5.04612922668457,10.24910831451416,-0.06093262881040573,0.09166831262064079,0.3027677536010742,24.57208251953125
run_1780126152_ba0cbdf6,1780127291.5037234,6.0,123.0,2.0,-0.3027677536010742,0.0,-6.84061336517334,15.319141387939453,5.04612922668457,10.323992729187012,-0.05097963288426399,0.09166831262064079,0.3027677536010742,24.57208251953125
run_1780126152_ba0cbdf6,1780127293.516254,6.0,123.0,2.0,-0.25869035720825195,0.0,-6.791026592254639,14.594745635986328,4.311506271362305,10.398876190185547,-0.11563806235790253,0.066920700912533,0.25869035720825195,24.57208251953125
run_1780126152_ba0cbdf6,1780127295.5098162,6.0,123.0,2.0,-0.25869035720825195,0.0,-6.791026592254639,14.675885200500488,4.311506271362305,10.468986511230469,-0.10460743308067322,0.066920700912533,0.25869035720825195,24.57208251953125
run_1780126152_ba0cbdf6,1780127297.506816,6.0,123.0,2.0,-0.25869035720825195,0.0,-6.791026592254639,14.755974769592285,4.311506271362305,10.53909683227539,-0.09462898969650269,0.066920700912533,0.25869035720825195,24.57208251953125
run_1780126152_ba0cbdf6,1780127299.5056758,6.0,123.0,2.0,-0.25869035720825195,0.0,-6.791026592254639,14.835110664367676,4.311506271362305,10.609206199645996,-0.08560237288475037,0.066920700912533,0.25869035720825195,24.57208251953125
run_1780126152_ba0cbdf6,1780127301.5105581,6.0,123.0,2.0,-0.25869035720825195,0.0,-6.791026592254639,14.913386344909668,4.311506271362305,10.679316520690918,-0.07743681967258453,0.066920700912533,0.25869035720825195,24.57208251953125
run_1780126152_ba0cbdf6,1780127303.5189507,6.0,123.0,2.0,-0.25869035720825195,0.0,-6.791026592254639,14.990882873535156,4.311506271362305,10.74942684173584,-0.07005015760660172,0.066920700912533,0.25869035720825195,24.57208251953125
run_1780126152_ba0cbdf6,1780127305.5156364,6.0,123.0,2.0,-0.25869035720825195,0.0,-6.791026592254639,15.06767463684082,4.311506271362305,10.819536209106445,-0.06336811184883118,0.066920700912533,0.25869035720825195,24.57208251953125
run_1780126152_ba0cbdf6,1780127307.5141063,6.0,123.0,2.0,-0.25869035720825195,0.0,-6.791026592254639,15.143829345703125,4.311506271362305,10.889646530151367,-0.057323455810546875,0.066920700912533,0.25869035720825195,24.57208251953125
run_1780126152_ba0cbdf6,1780127309.5076795,6.0,123.0,2.0,-0.25869035720825195,0.0,-6.791026592254639,15.219407081604004,4.311506271362305,10.959756851196289,-0.05185538902878761,0.066920700912533,0.25869035720825195,24.57208251953125
run_1780126152_ba0cbdf6,1780127311.5127604,6.0,123.0,2.0,-0.21464109420776367,0.0,-6.741471290588379,14.485602378845215,3.5773515701293945,11.02747917175293,-0.11922857165336609,0.04607079932270608,0.21464109420776367,24.57208251953125
run_1780126152_ba0cbdf6,1780127313.5066247,6.0,123.0,2.0,-0.25869035720825195,0.0,-6.791026592254639,15.36594295501709,4.311506271362305,11.092814445495605,-0.03837845101952553,0.066920700912533,0.25869035720825195,24.57208251953125
run_1780126152_ba0cbdf6,1780127315.5191016,6.0,123.0,2.0,-0.21464109420776367,0.0,-6.741471290588379,14.630852699279785,3.5773515701293945,11.160537719726562,-0.10703720897436142,0.04607079932270608,0.21464109420776367,24.57208251953125
run_1780126152_ba0cbdf6,1780127317.5050359,6.0,123.0,2.0,-0.21464109420776367,0.0,-6.741471290588379,14.699235916137695,3.5773515701293945,11.218711853027344,-0.09682700037956238,0.04607079932270608,0.21464109420776367,24.57208251953125
run_1780126152_ba0cbdf6,1780127319.518128,6.0,123.0,2.0,-0.21464109420776367,0.0,-6.741471290588379,14.766647338867188,3.5773515701293945,11.276885986328125,-0.08759071677923203,0.04607079932270608,0.21464109420776367,24.57208251953125
run_1780126152_ba0cbdf6,1780127321.5085676,6.0,123.0,2.0,-0.21464109420776367,0.0,-6.741471290588379,14.833175659179688,3.5773515701293945,11.335060119628906,-0.0792355015873909,0.04607079932270608,0.21464109420776367,24.57208251953125
run_1780126152_ba0cbdf6,1780127323.506397,6.0,123.0,2.0,-0.21464109420776367,0.0,-6.741471290588379,14.898908615112305,3.5773515701293945,11.393234252929688,-0.07167726010084152,0.04607079932270608,0.21464109420776367,24.57208251953125
run_1780126152_ba0cbdf6,1780127325.5161898,6.0,123.0,2.0,-0.21464109420776367,0.0,-6.741471290588379,14.963920593261719,3.5773515701293945,11.451408386230469,-0.06484000384807587,0.04607079932270608,0.21464109420776367,24.57208251953125
run_1780126152_ba0cbdf6,1780127327.5130177,6.0,123.0,2.0,-0.21464109420776367,0.0,-6.741471290588379,15.028278350830078,3.5773515701293945,11.50958251953125,-0.058654963970184326,0.04607079932270608,0.21464109420776367,24.57208251953125
run_1780126152_ba0cbdf6,1780127329.510226,6.0,123.0,2.0,-0.21464109420776367,0.0,-6.741471290588379,15.092047691345215,3.5773515701293945,11.567756652832031,-0.0530598908662796,0.04607079932270608,0.21464109420776367,24.57208251953125
run_1780126152_ba0cbdf6,1780127331.506663,6.0,123.0,2.0,-0.21464109420776367,0.0,-6.741471290588379,15.15528392791748,3.5773515701293945,11.625930786132812,-0.04799853637814522,0.04607079932270608,0.21464109420776367,24.57208251953125
run_1780126152_ba0cbdf6,1780127333.5164146,6.0,123.0,2.0,-0.21464109420776367,0.0,-6.741471290588379,15.218035697937012,3.5773515701293945,11.684104919433594,-0.043419986963272095,0.04607079932270608,0.21464109420776367,24.57208251953125
run_1780126152_ba0cbdf6,1780127335.5128684,6.0,123.0,2.0,-0.21464109420776367,0.0,-6.741471290588379,15.280352592468262,3.5773515701293945,11.742279052734375,-0.03927817568182945,0.04607079932270608,0.21464109420776367,24.57208251953125
run_1780126152_ba0cbdf6,1780127337.5092626,6.0,123.0,2.0,-0.21464109420776367,0.0,-6.741471290588379,15.342272758483887,3.5773515701293945,11.800453186035156,-0.035531457513570786,0.04607079932270608,0.21464109420776367,24.57208251953125
run_1780126152_ba0cbdf6,1780127339.509262,6.0,123.0,2.0,-0.21464109420776367,0.0,-6.741471290588379,15.403837203979492,3.5773515701293945,11.858627319335938,-0.03214213252067566,0.04607079932270608,0.21464109420776367,24.57208251953125
run_1780126152_ba0cbdf6,1780127341.5145767,6.0,123.0,2.0,-0.21464109420776367,0.0,-6.741471290588379,15.465076446533203,3.5773515701293945,11.916801452636719,-0.0290761087089777,0.04607079932270608,0.21464109420776367,24.57208251953125
run_1780126152_ba0cbdf6,1780127343.511361,6.0,123.0,2.0,-0.170562744140625,0.0,-6.691883087158203,14.716628074645996,2.84271240234375,11.972585678100586,-0.09866994619369507,0.029091649688780308,0.170562744140625,24.57208251953125
run_1780126152_ba0cbdf6,1780127345.5060854,6.0,123.0,2.0,-0.170562744140625,0.0,-6.691883087158203,14.772263526916504,2.84271240234375,12.018808364868164,-0.0892578661441803,0.029091649688780308,0.170562744140625,24.57208251953125
run_1780126152_ba0cbdf6,1780127347.5182998,6.0,123.0,2.0,-0.170562744140625,0.0,-6.691883087158203,14.827001571655273,2.84271240234375,12.065032005310059,-0.08074361085891724,0.029091649688780308,0.170562744140625,24.57208251953125
run_1780126152_ba0cbdf6,1780127349.5169578,6.0,123.0,2.0,-0.170562744140625,0.0,-6.691883087158203,14.880927085876465,2.84271240234375,12.111255645751953,-0.07304152846336365,0.029091649688780308,0.170562744140625,24.57208251953125
run_1780126152_ba0cbdf6,1780127351.5146077,6.0,123.0,2.0,-0.170562744140625,0.0,-6.691883087158203,14.93411636352539,2.84271240234375,12.157479286193848,-0.06607412546873093,0.029091649688780308,0.170562744140625,24.57208251953125
run_1780126152_ba0cbdf6,1780127353.512734,6.0,123.0,2.0,-0.170562744140625,0.0,-6.691883087158203,14.986642837524414,2.84271240234375,12.203701972961426,-0.059771351516246796,0.029091649688780308,0.170562744140625,24.57208251953125
run_1780126152_ba0cbdf6,1780127355.5088375,6.0,123.0,2.0,-0.170562744140625,0.0,-6.691883087158203,15.038567543029785,2.84271240234375,12.24992561340332,-0.05406980216503143,0.029091649688780308,0.170562744140625,24.57208251953125
run_1780126152_ba0cbdf6,1780127357.5197332,6.0,123.0,2.0,-0.170562744140625,0.0,-6.691883087158203,15.089949607849121,2.84271240234375,12.296149253845215,-0.048912107944488525,0.029091649688780308,0.170562744140625,24.57208251953125
run_1780126152_ba0cbdf6,1780127359.514139,6.0,123.0,2.0,-0.170562744140625,0.0,-6.691883087158203,15.140838623046875,2.84271240234375,12.34237289428711,-0.04424642026424408,0.029091649688780308,0.170562744140625,24.57208251953125
run_1780126152_ba0cbdf6,1780127361.509681,6.0,123.0,2.0,-0.170562744140625,0.0,-6.691883087158203,15.191282272338867,2.84271240234375,12.388595581054688,-0.040025778114795685,0.029091649688780308,0.170562744140625,24.57208251953125
run_1780126152_ba0cbdf6,1780127363.5086796,6.0,123.0,2.0,-0.170562744140625,0.0,-6.691883087158203,15.241323471069336,2.84271240234375,12.434819221496582,-0.03620774298906326,0.029091649688780308,0.170562744140625,24.57208251953125
run_1780126152_ba0cbdf6,1780127365.5078955,6.0,123.0,2.0,-0.170562744140625,0.0,-6.691883087158203,15.291001319885254,2.84271240234375,12.481042861938477,-0.03275390341877937,0.029091649688780308,0.170562744140625,24.57208251953125
run_1780126152_ba0cbdf6,1780127367.5063982,6.0,123.0,2.0,-0.170562744140625,0.0,-6.691883087158203,15.340349197387695,2.84271240234375,12.527266502380371,-0.029629526659846306,0.029091649688780308,0.170562744140625,24.57208251953125
run_1780126152_ba0cbdf6,1780127369.5161142,6.0,123.0,2.0,-0.170562744140625,0.0,-6.691883087158203,15.389399528503418,2.84271240234375,12.57348918914795,-0.026803184300661087,0.029091649688780308,0.170562744140625,24.57208251953125
run_1780126152_ba0cbdf6,1780127371.5117667,6.0,123.0,2.0,-0.170562744140625,0.0,-6.691883087158203,15.438178062438965,2.84271240234375,12.619712829589844,-0.024246441200375557,0.029091649688780308,0.170562744140625,24.57208251953125
run_1780126152_ba0cbdf6,1780127373.5083246,6.0,123.0,2.0,-0.170562744140625,0.0,-6.691883087158203,15.486715316772461,2.84271240234375,12.665936470031738,-0.02193358726799488,0.029091649688780308,0.170562744140625,24.57208251953125
run_1780126152_ba0cbdf6,1780127375.5192454,6.0,123.0,2.0,-0.170562744140625,0.0,-6.691883087158203,15.53503131866455,2.84271240234375,12.712160110473633,-0.019841358065605164,0.029091649688780308,0.170562744140625,24.57208251953125
run_1780126152_ba0cbdf6,1780127377.51568,6.0,123.0,2.0,-0.170562744140625,0.0,-6.691883087158203,15.583147048950195,2.84271240234375,12.758382797241211,-0.017948703840374947,0.029091649688780308,0.170562744140625,24.57208251953125
run_1780126152_ba0cbdf6,1780127379.5128608,6.0,123.0,2.0,-0.170562744140625,0.0,-6.691883087158203,15.631082534790039,2.84271240234375,12.804606437683105,-0.01623658835887909,0.029091649688780308,0.170562744140625,24.57208251953125
run_1780126152_ba0cbdf6,1780127381.517946,6.0,123.0,2.0,-0.170562744140625,0.0,-6.691883087158203,15.678853988647461,2.84271240234375,12.850830078125,-0.014687789604067802,0.029091649688780308,0.170562744140625,24.57208251953125
run_1780126152_ba0cbdf6,1780127383.5162568,6.0,123.0,2.0,-0.170562744140625,0.0,-6.691883087158203,15.726478576660156,2.84271240234375,12.897053718566895,-0.013286731205880642,0.029091649688780308,0.170562744140625,24.57208251953125
run_1780126152_ba0cbdf6,1780127385.5195162,6.0,123.0,2.0,-0.170562744140625,0.0,-6.691883087158203,15.773969650268555,2.84271240234375,12.943276405334473,-0.012019319459795952,0.029091649688780308,0.170562744140625,24.57208251953125
run_1780126152_ba0cbdf6,1780127387.5130036,6.0,123.0,2.0,-0.170562744140625,0.0,-6.691883087158203,15.82133960723877,2.84271240234375,12.989500045776367,-0.010872802697122097,0.029091649688780308,0.170562744140625,24.57208251953125
run_1780126152_ba0cbdf6,1780127389.5087948,6.0,123.0,2.0,-0.170562744140625,0.0,-6.691883087158203,15.868599891662598,2.84271240234375,13.035723686218262,-0.009835653007030487,0.029091649688780308,0.170562744140625,24.57208251953125
run_1780126152_ba0cbdf6,1780127391.5069823,6.0,123.0,2.0,-0.170562744140625,0.0,-6.691883087158203,15.915761947631836,2.84271240234375,13.081947326660156,-0.008897436782717705,0.029091649688780308,0.170562744140625,24.57208251953125
run_1780126152_ba0cbdf6,1780127393.5162058,6.0,123.0,2.0,-0.170562744140625,0.0,-6.691883087158203,15.962834358215332,2.84271240234375,13.128170013427734,-0.008048716001212597,0.029091649688780308,0.170562744140625,24.57208251953125
run_1780126152_ba0cbdf6,1780127395.5116754,6.0,123.0,2.0,-0.170562744140625,0.0,-6.691883087158203,16.009824752807617,2.84271240234375,13.174393653869629,-0.007280953228473663,0.029091649688780308,0.170562744140625,24.57208251953125
run_1780126152_ba0cbdf6,1780127397.519487,6.0,123.0,2.0,-0.170562744140625,0.0,-6.691883087158203,16.053714752197266,2.84271240234375,13.213446617126465,-0.0024456018581986427,0.029091649688780308,0.170562744140625,24.57208251953125
run_1780126152_ba0cbdf6,1780127399.5121737,6.0,123.0,2.0,-0.12648344039916992,0.0,-6.642293930053711,15.287810325622559,2.1080574989318848,13.250109672546387,-0.0703565776348114,0.01599806069521037,0.12648344039916992,24.57208251953125
run_1780126152_ba0cbdf6,1780127401.5200176,6.0,123.0,2.0,-0.12648344039916992,0.0,-6.642293930053711,15.3287935256958,2.1080574989318848,13.284381866455078,-0.06364530324935913,0.01599806069521037,0.12648344039916992,24.57208251953125
run_1780126152_ba0cbdf6,1780127403.5191607,6.0,123.0,2.0,-0.12648344039916992,0.0,-6.642293930053711,15.36913776397705,2.1080574989318848,13.318655014038086,-0.05757421627640724,0.01599806069521037,0.12648344039916992,24.57208251953125
run_1780126152_ba0cbdf6,1780127405.508708,6.0,123.0,2.0,-0.170562744140625,0.0,-6.691883087158203,16.219270706176758,2.84271240234375,13.357707977294922,0.01885015144944191,0.029091649688780308,0.170562744140625,24.57208251953125
run_1780126152_ba0cbdf6,1780127407.51889,6.0,123.0,2.0,-0.12648344039916992,0.0,-6.642293930053711,15.451335906982422,2.1080574989318848,13.394371032714844,-0.05109222233295441,0.01599806069521037,0.12648344039916992,24.57208251953125
run_1780126152_ba0cbdf6,1780127409.514914,6.0,123.0,2.0,-0.12648344039916992,0.0,-6.642293930053711,15.49048137664795,2.1080574989318848,13.428643226623535,-0.04621855914592743,0.01599806069521037,0.12648344039916992,24.57208251953125
run_1780126152_ba0cbdf6,1780127411.5098927,6.0,123.0,2.0,-0.12648344039916992,0.0,-6.642293930053711,15.529163360595703,2.1080574989318848,13.462916374206543,-0.0418098047375679,0.01599806069521037,0.12648344039916992,24.57208251953125
run_1780126152_ba0cbdf6,1780127413.506612,6.0,123.0,2.0,-0.12648344039916992,0.0,-6.642293930053711,15.567423820495605,2.1080574989318848,13.497188568115234,-0.03782159835100174,0.01599806069521037,0.12648344039916992,24.57208251953125
run_1780126152_ba0cbdf6,1780127415.51734,6.0,123.0,2.0,-0.170562744140625,0.0,-6.691883087158203,16.41766357421875,2.84271240234375,13.541022300720215,0.033930454403162,0.029091649688780308,0.170562744140625,24.57208251953125
run_1780126152_ba0cbdf6,1780127417.5110004,6.0,123.0,2.0,-0.12648344039916992,0.0,-6.642293930053711,15.647253036499023,2.1080574989318848,13.575294494628906,-0.03609772026538849,0.01599806069521037,0.12648344039916992,24.57208251953125
run_1780126152_ba0cbdf6,1780127419.5191355,6.0,123.0,2.0,-0.12648344039916992,0.0,-6.642293930053711,15.684969902038574,2.1080574989318848,13.609567642211914,-0.032654378563165665,0.01599806069521037,0.12648344039916992,24.57208251953125
run_1780126152_ba0cbdf6,1780127421.5181355,6.0,123.0,2.0,-0.12648344039916992,0.0,-6.642293930053711,15.722356796264648,2.1080574989318848,13.643839836120605,-0.029539497569203377,0.01599806069521037,0.12648344039916992,24.57208251953125
run_1780126152_ba0cbdf6,1780127423.5132692,6.0,123.0,2.0,-0.12648344039916992,0.0,-6.642293930053711,15.75944709777832,2.1080574989318848,13.678112983703613,-0.026721743866801262,0.01599806069521037,0.12648344039916992,24.57208251953125
run_1780126152_ba0cbdf6,1780127425.5083592,6.0,123.0,2.0,-0.12648344039916992,0.0,-6.642293930053711,15.796269416809082,2.1080574989318848,13.712385177612305,-0.024172766134142876,0.01599806069521037,0.12648344039916992,24.57208251953125
run_1780126152_ba0cbdf6,1780127427.5178316,6.0,123.0,2.0,-0.12648344039916992,0.0,-6.642293930053711,15.832847595214844,2.1080574989318848,13.746658325195312,-0.0218669343739748,0.01599806069521037,0.12648344039916992,24.57208251953125
run_1780126152_ba0cbdf6,1780127429.5166702,6.0,123.0,2.0,-0.12648344039916992,0.0,-6.642293930053711,15.869206428527832,2.1080574989318848,13.780930519104004,-0.01978105679154396,0.01599806069521037,0.12648344039916992,24.57208251953125
run_1780126152_ba0cbdf6,1780127431.5126612,6.0,123.0,2.0,-0.12648344039916992,0.0,-6.642293930053711,15.905364990234375,2.1080574989318848,13.815203666687012,-0.01789415255188942,0.01599806069521037,0.12648344039916992,24.57208251953125
run_1780126152_ba0cbdf6,1780127433.509256,6.0,123.0,2.0,-0.12648344039916992,0.0,-6.642293930053711,15.94134521484375,2.1080574989318848,13.849475860595703,-0.016187241300940514,0.01599806069521037,0.12648344039916992,24.57208251953125
run_1780126152_ba0cbdf6,1780127435.5170734,6.0,123.0,2.0,-0.12648344039916992,0.0,-6.642293930053711,15.97716236114502,2.1080574989318848,13.883749008178711,-0.01464314665645361,0.01599806069521037,0.12648344039916992,24.57208251953125
run_1780126152_ba0cbdf6,1780127437.5082552,6.0,123.0,2.0,-0.12648344039916992,0.0,-6.642293930053711,16.012832641601562,2.1080574989318848,13.918021202087402,-0.01324634812772274,0.01599806069521037,0.12648344039916992,24.57208251953125
run_1780126152_ba0cbdf6,1780127439.5051563,6.0,123.0,2.0,-0.12648344039916992,0.0,-6.642293930053711,16.04836654663086,2.1080574989318848,13.95229434967041,-0.011982784606516361,0.01599806069521037,0.12648344039916992,24.57208251953125
run_1780126152_ba0cbdf6,1780127441.5130472,6.0,123.0,2.0,-0.12648344039916992,0.0,-6.642293930053711,16.083784103393555,2.1080574989318848,13.986566543579102,-0.010839754715561867,0.01599806069521037,0.12648344039916992,24.57208251953125
run_1780126152_ba0cbdf6,1780127443.5110466,6.0,123.0,2.0,-0.12648344039916992,0.0,-6.642293930053711,16.119089126586914,2.1080574989318848,14.02083969116211,-0.00980575755238533,0.01599806069521037,0.12648344039916992,24.57208251953125
run_1780126152_ba0cbdf6,1780127445.5084062,6.0,123.0,2.0,-0.12648344039916992,0.0,-6.642293930053711,16.154298782348633,2.1080574989318848,14.0551118850708,-0.008870390243828297,0.01599806069521037,0.12648344039916992,24.57208251953125
run_1780126152_ba0cbdf6,1780127447.5152733,6.0,123.0,2.0,-0.12648344039916992,0.0,-6.642293930053711,16.189416885375977,2.1080574989318848,14.089385032653809,-0.008024249225854874,0.01599806069521037,0.12648344039916992,24.57208251953125
run_1780126152_ba0cbdf6,1780127449.5102475,6.0,123.0,2.0,-0.12648344039916992,0.0,-6.642293930053711,16.224456787109375,2.1080574989318848,14.1236572265625,-0.007258819881826639,0.01599806069521037,0.12648344039916992,24.57208251953125
run_1780126152_ba0cbdf6,1780127451.518187,6.0,123.0,2.0,-0.12648344039916992,0.0,-6.642293930053711,16.25942039489746,2.1080574989318848,14.157930374145508,-0.006566406227648258,0.01599806069521037,0.12648344039916992,24.57208251953125
run_1780126152_ba0cbdf6,1780127453.509619,6.0,123.0,2.0,-0.12648344039916992,0.0,-6.642293930053711,16.29431915283203,2.1080574989318848,14.1922025680542,-0.005940039176493883,0.01599806069521037,0.12648344039916992,24.57208251953125
run_1780126152_ba0cbdf6,1780127455.505646,6.0,123.0,2.0,-0.12648344039916992,0.0,-6.642293930053711,16.329158782958984,2.1080574989318848,14.226475715637207,-0.005373422056436539,0.01599806069521037,0.12648344039916992,24.57208251953125
run_1780126152_ba0cbdf6,1780127457.5175767,6.0,123.0,2.0,-0.12648344039916992,0.0,-6.642293930053711,16.36394500732422,2.1080574989318848,14.260747909545898,-0.004860856104642153,0.01599806069521037,0.12648344039916992,24.57208251953125
run_1780126152_ba0cbdf6,1780127459.5138535,6.0,123.0,2.0,-0.12648344039916992,0.0,-6.642293930053711,16.398679733276367,2.1080574989318848,14.295021057128906,-0.004397182259708643,0.01599806069521037,0.12648344039916992,24.57208251953125
run_1780126152_ba0cbdf6,1780127461.5106506,6.0,123.0,2.0,-0.12648344039916992,0.0,-6.642293930053711,16.433372497558594,2.1080574989318848,14.329293251037598,-0.003977736923843622,0.01599806069521037,0.12648344039916992,24.57208251953125
run_1780126152_ba0cbdf6,1780127463.5064778,6.0,123.0,2.0,-0.08241701126098633,0.0,-6.592719078063965,15.65691089630127,1.3736169338226318,14.356395721435547,-0.07310236245393753,0.006792563745193547,0.08241701126098633,24.57208251953125
run_1780126152_ba0cbdf6,1780127465.5197387,6.0,123.0,2.0,-0.12648344039916992,0.0,-6.642293930053711,16.499366760253906,2.1080574989318848,14.390667915344238,0.0006428926135413349,0.01599806069521037,0.12648344039916992,24.57208251953125
run_1780126152_ba0cbdf6,1780127467.5152304,6.0,123.0,2.0,-0.08241701126098633,0.0,-6.592719078063965,15.722465515136719,1.3736169338226318,14.417770385742188,-0.0689224824309349,0.006792563745193547,0.08241701126098633,24.57208251953125
run_1780126152_ba0cbdf6,1780127469.510741,6.0,123.0,2.0,-0.12648344039916992,0.0,-6.642293930053711,16.56053924560547,2.1080574989318848,14.442482948303223,0.009999805130064487,0.01599806069521037,0.12648344039916992,24.57208251953125
run_1780126152_ba0cbdf6,1780127471.5112073,6.0,123.0,2.0,-0.08241701126098633,0.0,-6.592719078063965,15.782743453979492,1.3736169338226318,14.469584465026855,-0.060458119958639145,0.006792563745193547,0.08241701126098633,24.57208251953125
run_1780126152_ba0cbdf6,1780127473.5072076,6.0,123.0,2.0,-0.08241701126098633,0.0,-6.592719078063965,15.810832023620605,1.3736169338226318,14.491907119750977,-0.054691050201654434,0.006792563745193547,0.08241701126098633,24.57208251953125
run_1780126152_ba0cbdf6,1780127475.5203784,6.0,123.0,2.0,-0.08241701126098633,0.0,-6.592719078063965,15.838371276855469,1.3736169338226318,14.514228820800781,-0.04947410151362419,0.006792563745193547,0.08241701126098633,24.57208251953125
run_1780126152_ba0cbdf6,1780127477.515093,6.0,123.0,2.0,-0.08241701126098633,0.0,-6.592719078063965,15.865413665771484,1.3736169338226318,14.536550521850586,-0.044754792004823685,0.006792563745193547,0.08241701126098633,24.57208251953125
run_1780126152_ba0cbdf6,1780127479.5117548,6.0,123.0,2.0,-0.08241701126098633,0.0,-6.592719078063965,15.89200496673584,1.3736169338226318,14.55887222290039,-0.04048566520214081,0.006792563745193547,0.08241701126098633,24.57208251953125
run_1780126152_ba0cbdf6,1780127481.5176716,6.0,123.0,2.0,-0.08241701126098633,0.0,-6.592719078063965,15.918188095092773,1.3736169338226318,14.581194877624512,-0.0366237536072731,0.006792563745193547,0.08241701126098633,24.57208251953125
run_1780126152_ba0cbdf6,1780127483.520737,6.0,123.0,2.0,-0.08241701126098633,0.0,-6.592719078063965,15.94400405883789,1.3736169338226318,14.603516578674316,-0.033130235970020294,0.006792563745193547,0.08241701126098633,24.57208251953125
run_1780126152_ba0cbdf6,1780127485.5171785,6.0,123.0,2.0,-0.08241701126098633,0.0,-6.592719078063965,15.969486236572266,1.3736169338226318,14.625838279724121,-0.0299699567258358,0.006792563745193547,0.08241701126098633,24.57208251953125
run_1780126152_ba0cbdf6,1780127487.5140197,6.0,123.0,2.0,-0.08241701126098633,0.0,-6.592719078063965,15.99466609954834,1.3736169338226318,14.648159980773926,-0.02711113728582859,0.006792563745193547,0.08241701126098633,24.57208251953125
run_1780126152_ba0cbdf6,1780127489.5097399,6.0,123.0,2.0,-0.08241701126098633,0.0,-6.592719078063965,16.019575119018555,1.3736169338226318,14.670482635498047,-0.024525023996829987,0.006792563745193547,0.08241701126098633,24.57208251953125
run_1780126152_ba0cbdf6,1780127491.5198195,6.0,123.0,2.0,-0.08241701126098633,0.0,-6.592719078063965,16.044235229492188,1.3736169338226318,14.692804336547852,-0.02218559756875038,0.006792563745193547,0.08241701126098633,24.57208251953125
run_1780126152_ba0cbdf6,1780127493.5170693,6.0,123.0,2.0,-0.08241701126098633,0.0,-6.592719078063965,16.068674087524414,1.3736169338226318,14.715126037597656,-0.02006932720541954,0.006792563745193547,0.08241701126098633,24.57208251953125
run_1780126152_ba0cbdf6,1780127495.512214,6.0,123.0,2.0,-0.08241701126098633,0.0,-6.592719078063965,16.092910766601562,1.3736169338226318,14.737447738647461,-0.018154922872781754,0.006792563745193547,0.08241701126098633,24.57208251953125
run_1780126152_ba0cbdf6,1780127497.5134099,6.0,123.0,2.0,-0.08241701126098633,0.0,-6.592719078063965,16.11696434020996,1.3736169338226318,14.759770393371582,-0.01642313413321972,0.006792563745193547,0.08241701126098633,24.57208251953125
run_1780126152_ba0cbdf6,1780127499.511009,6.0,123.0,2.0,-0.08241701126098633,0.0,-6.592719078063965,16.140851974487305,1.3736169338226318,14.782092094421387,-0.01485653966665268,0.006792563745193547,0.08241701126098633,24.57208251953125
run_1780126152_ba0cbdf6,1780127501.5070884,6.0,123.0,2.0,-0.08241701126098633,0.0,-6.592719078063965,16.164592742919922,1.3736169338226318,14.804413795471191,-0.013439382426440716,0.006792563745193547,0.08241701126098633,24.57208251953125
run_1780126152_ba0cbdf6,1780127503.5152898,6.0,123.0,2.0,-0.08241701126098633,0.0,-6.592719078063965,16.188196182250977,1.3736169338226318,14.826735496520996,-0.012157407589256763,0.006792563745193547,0.08241701126098633,24.57208251953125
run_1780126152_ba0cbdf6,1780127505.511184,6.0,123.0,2.0,-0.08241701126098633,0.0,-6.592719078063965,16.21167755126953,1.3736169338226318,14.849058151245117,-0.010997719131410122,0.006792563745193547,0.08241701126098633,24.57208251953125
run_1780126152_ba0cbdf6,1780127507.5065796,6.0,123.0,2.0,-0.08241701126098633,0.0,-6.592719078063965,16.235048294067383,1.3736169338226318,14.871379852294922,-0.009948655031621456,0.006792563745193547,0.08241701126098633,24.57208251953125
run_1780126152_ba0cbdf6,1780127509.5187109,6.0,123.0,2.0,-0.08241701126098633,0.0,-6.592719078063965,16.258317947387695,1.3736169338226318,14.893701553344727,-0.008999657817184925,0.006792563745193547,0.08241701126098633,24.57208251953125
run_1780126152_ba0cbdf6,1780127511.514267,6.0,123.0,2.0,-0.08241701126098633,0.0,-6.592719078063965,16.2814998626709,1.3736169338226318,14.916023254394531,-0.008141187019646168,0.006792563745193547,0.08241701126098633,24.57208251953125
run_1780126152_ba0cbdf6,1780127513.508682,6.0,123.0,2.0,-0.08241701126098633,0.0,-6.592719078063965,16.304597854614258,1.3736169338226318,14.938345909118652,-0.007364603690803051,0.006792563745193547,0.08241701126098633,24.57208251953125
run_1780126152_ba0cbdf6,1780127515.5211537,6.0,123.0,2.0,-0.08241701126098633,0.0,-6.592719078063965,16.32762336730957,1.3736169338226318,14.960667610168457,-0.006662098225206137,0.006792563745193547,0.08241701126098633,24.57208251953125
run_1780126152_ba0cbdf6,1780127517.5165305,6.0,123.0,2.0,-0.08241701126098633,0.0,-6.592719078063965,16.3505802154541,1.3736169338226318,14.982989311218262,-0.006026603747159243,0.006792563745193547,0.08241701126098633,24.57208251953125
run_1780126152_ba0cbdf6,1780127519.510101,6.0,123.0,2.0,-0.08241701126098633,0.0,-6.592719078063965,16.373476028442383,1.3736169338226318,15.005311012268066,-0.00545172905549407,0.006792563745193547,0.08241701126098633,24.57208251953125
run_1780126152_ba0cbdf6,1780127521.507072,6.0,123.0,2.0,-0.08241701126098633,0.0,-6.592719078063965,16.396318435668945,1.3736169338226318,15.027633666992188,-0.0049316915683448315,0.006792563745193547,0.08241701126098633,24.57208251953125
run_1780126152_ba0cbdf6,1780127523.513046,6.0,123.0,2.0,-0.08241701126098633,0.0,-6.592719078063965,16.419111251831055,1.3736169338226318,15.049955368041992,-0.004461260512471199,0.006792563745193547,0.08241701126098633,24.57208251953125
run_1780126152_ba0cbdf6,1780127525.5058486,6.0,123.0,2.0,-0.08241701126098633,0.0,-6.592719078063965,16.44186019897461,1.3736169338226318,15.072277069091797,-0.004035703372210264,0.006792563745193547,0.08241701126098633,24.57208251953125
run_1780126152_ba0cbdf6,1780127527.5107896,6.0,123.0,2.0,-0.08241701126098633,0.0,-6.592719078063965,16.46456527709961,1.3736169338226318,15.094598770141602,-0.003650739323347807,0.006792563745193547,0.08241701126098633,24.57208251953125
run_1780126152_ba0cbdf6,1780127529.5200112,6.0,123.0,2.0,-0.08241701126098633,0.0,-6.592719078063965,16.48723602294922,1.3736169338226318,15.116921424865723,-0.0033024977892637253,0.006792563745193547,0.08241701126098633,24.57208251953125
run_1780126152_ba0cbdf6,1780127531.5153577,6.0,123.0,2.0,-0.08241701126098633,0.0,-6.592719078063965,16.509872436523438,1.3736169338226318,15.139243125915527,-0.002987474435940385,0.006792563745193547,0.08241701126098633,24.57208251953125
run_1780126152_ba0cbdf6,1780127533.5128834,6.0,123.0,2.0,-0.038336753845214844,0.0,-6.543128967285156,15.720126152038574,0.6389459371566772,15.15202808380127,-0.0708482414484024,0.001469706695388595,0.038336753845214844,24.57208251953125
run_1780126152_ba0cbdf6,1780127535.5104074,6.0,123.0,2.0,-0.08241701126098633,0.0,-6.592719078063965,16.550670623779297,1.3736169338226318,15.174349784851074,0.0027029525954276323,0.006792563745193547,0.08241701126098633,24.57208251953125
run_1780126152_ba0cbdf6,1780127537.521377,6.0,123.0,2.0,-0.08241701126098633,0.0,-6.592719078063965,16.572734832763672,1.3736169338226318,15.196672439575195,0.0024451196659356356,0.006792563745193547,0.08241701126098633,24.57208251953125
run_1780126152_ba0cbdf6,1780127539.5184832,6.0,123.0,2.0,-0.08241701126098633,0.0,-6.592719078063965,16.59482192993164,1.3736169338226318,15.218994140625,0.002211881335824728,0.006792563745193547,0.08241701126098633,24.57208251953125
run_1780126152_ba0cbdf6,1780127541.511109,6.0,123.0,2.0,-0.038336753845214844,0.0,-6.543128967285156,15.804579734802246,0.6389459371566772,15.231779098510742,-0.06614485383033752,0.001469706695388595,0.038336753845214844,24.57208251953125
run_1780126152_ba0cbdf6,1780127543.520622,6.0,123.0,2.0,-0.08241701126098633,0.0,-6.592719078063965,16.634675979614258,1.3736169338226318,15.254100799560547,0.006957679055631161,0.006792563745193547,0.08241701126098633,24.57208251953125
run_1780126152_ba0cbdf6,1780127545.5167842,6.0,123.0,2.0,-0.08241701126098633,0.0,-6.592719078063965,16.656333923339844,1.3736169338226318,15.276423454284668,0.006293991580605507,0.006792563745193547,0.08241701126098633,24.57208251953125
run_1780126152_ba0cbdf6,1780127547.510968,6.0,123.0,2.0,-0.08241701126098633,0.0,-6.592719078063965,16.678056716918945,1.3736169338226318,15.298745155334473,0.0056936112232506275,0.006792563745193547,0.08241701126098633,24.57208251953125
run_1780126152_ba0cbdf6,1780127549.509968,6.0,123.0,2.0,-0.08241701126098633,0.0,-6.592719078063965,16.6998348236084,1.3736169338226318,15.321066856384277,0.0051505002193152905,0.006792563745193547,0.08241701126098633,24.57208251953125
run_1780126152_ba0cbdf6,1780127551.5058515,6.0,123.0,2.0,-0.08241701126098633,0.0,-6.592719078063965,16.72166633605957,1.3736169338226318,15.343388557434082,0.004659196361899376,0.006792563745193547,0.08241701126098633,24.57208251953125
run_1780126152_ba0cbdf6,1780127553.519607,6.0,123.0,2.0,-0.08241701126098633,0.0,-6.592719078063965,16.743541717529297,1.3736169338226318,15.365711212158203,0.004214757587760687,0.006792563745193547,0.08241701126098633,24.57208251953125
run_1780126152_ba0cbdf6,1780127555.5109653,6.0,123.0,2.0,-0.08241701126098633,0.0,-6.592719078063965,16.76546287536621,1.3736169338226318,15.388032913208008,0.0038127137813717127,0.006792563745193547,0.08241701126098633,24.57208251953125
run_1780126152_ba0cbdf6,1780127557.5061474,6.0,123.0,2.0,-0.08241701126098633,0.0,-6.592719078063965,16.78742218017578,1.3736169338226318,15.410354614257812,0.0034490213729441166,0.006792563745193547,0.08241701126098633,24.57208251953125
run_1780126152_ba0cbdf6,1780127559.509709,6.0,123.0,2.0,-0.08241701126098633,0.0,-6.592719078063965,16.80941390991211,1.3736169338226318,15.432676315307617,0.0031200209632515907,0.006792563745193547,0.08241701126098633,24.57208251953125
run_1780126152_ba0cbdf6,1780127561.5057142,6.0,123.0,2.0,-0.08241701126098633,0.0,-6.592719078063965,16.831438064575195,1.3736169338226318,15.454998970031738,0.0028224042616784573,0.006792563745193547,0.08241701126098633,24.57208251953125
run_1780126152_ba0cbdf6,1780127563.5097563,6.0,123.0,2.0,-0.08241701126098633,0.0,-6.592719078063965,16.853490829467773,1.3736169338226318,15.477320671081543,0.0025531768333166838,0.006792563745193547,0.08241701126098633,24.57208251953125
run_1780126152_ba0cbdf6,1780127565.519995,6.0,123.0,2.0,-0.08241701126098633,0.0,-6.592719078063965,16.87557029724121,1.3736169338226318,15.499642372131348,0.0023096310906112194,0.006792563745193547,0.08241701126098633,24.57208251953125
run_1780126152_ba0cbdf6,1780127567.5168688,6.0,123.0,2.0,-0.08241701126098633,0.0,-6.592719078063965,16.89767074584961,1.3736169338226318,15.521964073181152,0.002089316491037607,0.006792563745193547,0.08241701126098633,24.57208251953125
run_1780126152_ba0cbdf6,1780127569.5068712,6.0,123.0,2.0,-0.08241701126098633,0.0,-6.592719078063965,16.9197940826416,1.3736169338226318,15.544286727905273,0.0018900178838521242,0.006792563745193547,0.08241701126098633,24.57208251953125
run_1780126152_ba0cbdf6,1780127571.517899,6.0,123.0,2.0,-0.08241701126098633,0.0,-6.592719078063965,16.94193458557129,1.3736169338226318,15.566608428955078,0.0017097304807975888,0.006792563745193547,0.08241701126098633,24.57208251953125
run_1780126152_ba0cbdf6,1780127573.5095882,6.0,123.0,2.0,-0.08241701126098633,0.0,-6.592719078063965,16.964094161987305,1.3736169338226318,15.588930130004883,0.0015466405311599374,0.006792563745193547,0.08241701126098633,24.57208251953125
run_1780126152_ba0cbdf6,1780127575.5066943,6.0,123.0,2.0,-0.08241701126098633,0.0,-6.592719078063965,16.986268997192383,1.3736169338226318,15.611251831054688,0.001399107277393341,0.006792563745193547,0.08241701126098633,24.57208251953125
run_1780126152_ba0cbdf6,1780127577.5194812,6.0,123.0,2.0,-0.08241701126098633,0.0,-6.592719078063965,17.00845718383789,1.3736169338226318,15.633574485778809,0.0012656472390517592,0.006792563745193547,0.08241701126098633,24.57208251953125
run_1780126152_ba0cbdf6,1780127579.5125368,6.0,123.0,2.0,-0.08241701126098633,0.0,-6.592719078063965,17.030658721923828,1.3736169338226318,15.655896186828613,0.0011449179146438837,0.006792563745193547,0.08241701126098633,24.57208251953125
run_1780126152_ba0cbdf6,1780127581.5093627,6.0,123.0,2.0,-0.08241701126098633,0.0,-6.592719078063965,17.052871704101562,1.3736169338226318,15.678217887878418,0.0010357048595324159,0.006792563745193547,0.08241701126098633,24.57208251953125
run_1780126152_ba0cbdf6,1780127583.5083416,6.0,123.0,2.0,-0.08241701126098633,0.0,-6.592719078063965,17.07509422302246,1.3736169338226318,15.700539588928223,0.0009369095787405968,0.006792563745193547,0.08241701126098633,24.57208251953125
run_1780126152_ba0cbdf6,1780127585.520026,6.0,123.0,2.0,-0.08241701126098633,0.0,-6.592719078063965,17.097326278686523,1.3736169338226318,15.722862243652344,0.0008475382928736508,0.006792563745193547,0.08241701126098633,24.57208251953125
run_1780126152_ba0cbdf6,1780127587.517435,6.0,123.0,2.0,-0.08241701126098633,0.0,-6.592719078063965,17.11956787109375,1.3736169338226318,15.745183944702148,0.0007666920428164303,0.006792563745193547,0.08241701126098633,24.57208251953125
run_1780126152_ba0cbdf6,1780127589.5132964,6.0,123.0,2.0,-0.08241701126098633,0.0,-6.592719078063965,17.141815185546875,1.3736169338226318,15.767505645751953,0.0006935579003766179,0.006792563745193547,0.08241701126098633,24.57208251953125
run_1780126152_ba0cbdf6,1780127591.5071568,6.0,123.0,2.0,-0.08241701126098633,0.0,-6.592719078063965,17.164072036743164,1.3736169338226318,15.789827346801758,0.0006273998296819627,0.006792563745193547,0.08241701126098633,24.57208251953125
run_1780126152_ba0cbdf6,1780127593.520803,6.0,123.0,2.0,-0.08241701126098633,0.0,-6.592719078063965,17.18633460998535,1.3736169338226318,15.812150001525879,0.0005675526335835457,0.006792563745193547,0.08241701126098633,24.57208251953125
run_1780126152_ba0cbdf6,1780127595.513849,6.0,123.0,2.0,-0.08241701126098633,0.0,-6.592719078063965,17.208602905273438,1.3736169338226318,15.834471702575684,0.000513414095621556,0.006792563745193547,0.08241701126098633,24.57208251953125
run_1780126152_ba0cbdf6,1780127597.5086255,6.0,123.0,2.0,-0.08241701126098633,0.0,-6.592719078063965,17.23087501525879,1.3736169338226318,15.856793403625488,0.0004644397122319788,0.006792563745193547,0.08241701126098633,24.57208251953125
run_1780126152_ba0cbdf6,1780127599.5186725,6.0,123.0,2.0,-0.038336753845214844,0.0,-6.543128967285156,16.4437255859375,0.6389459371566772,15.876730918884277,-0.07195038348436356,0.001469706695388595,0.038336753845214844,24.57208251953125
run_1780126152_ba0cbdf6,1780127601.5121243,6.0,123.0,2.0,-0.038336753845214844,0.0,-6.543128967285156,16.46099090576172,0.6389459371566772,15.88713264465332,-0.06508707255125046,0.001469706695388595,0.038336753845214844,24.57208251953125
run_1780126152_ba0cbdf6,1780127603.508661,6.0,123.0,2.0,-0.08241701126098633,0.0,-6.592719078063965,17.287025451660156,1.3736169338226318,15.899917602539062,0.013492072932422161,0.006792563745193547,0.08241701126098633,24.57208251953125
run_1780126152_ba0cbdf6,1780127605.5086627,6.0,123.0,2.0,-0.038336753845214844,0.0,-6.543128967285156,16.49671173095703,0.6389459371566772,15.91508674621582,-0.05732079595327377,0.001469706695388595,0.038336753845214844,24.57208251953125
run_1780126152_ba0cbdf6,1780127607.5061417,6.0,123.0,2.0,-0.08241701126098633,0.0,-6.592719078063965,17.322006225585938,1.3736169338226318,15.927871704101562,0.02051752433180809,0.006792563745193547,0.08241701126098633,24.57208251953125
run_1780126152_ba0cbdf6,1780127609.5177386,6.0,123.0,2.0,-0.038336753845214844,0.0,-6.543128967285156,16.531021118164062,0.6389459371566772,15.943041801452637,-0.05096549913287163,0.001469706695388595,0.038336753845214844,24.57208251953125
run_1780126152_ba0cbdf6,1780127611.515701,6.0,123.0,2.0,-0.038336753845214844,0.0,-6.543128967285156,16.546283721923828,0.6389459371566772,15.953442573547363,-0.04610392078757286,0.001469706695388595,0.038336753845214844,24.57208251953125
run_1780126152_ba0cbdf6,1780127613.5085948,6.0,123.0,2.0,-0.038336753845214844,0.0,-6.543128967285156,16.56108283996582,0.6389459371566772,15.96384334564209,-0.04170610010623932,0.001469706695388595,0.038336753845214844,24.57208251953125
run_1780126152_ba0cbdf6,1780127615.5212114,6.0,123.0,2.0,-0.08241701126098633,0.0,-6.592719078063965,17.3848876953125,1.3736169338226318,15.976628303527832,0.034642741084098816,0.006792563745193547,0.08241701126098633,24.57208251953125
run_1780126152_ba0cbdf6,1780127617.519547,6.0,123.0,2.0,-0.038336753845214844,0.0,-6.543128967285156,16.59255599975586,0.6389459371566772,15.991798400878906,-0.038187671452760696,0.001469706695388595,0.038336753845214844,24.57208251953125
run_1780126152_ba0cbdf6,1780127619.5060835,6.0,123.0,2.0,-0.08241701126098633,0.0,-6.592719078063965,17.416025161743164,1.3736169338226318,16.00458335876465,0.037825558334589005,0.006792563745193547,0.08241701126098633,24.57208251953125
run_1780126152_ba0cbdf6,1780127621.5109942,6.0,123.0,2.0,-0.038336753845214844,0.0,-6.543128967285156,16.623390197753906,0.6389459371566772,16.019752502441406,-0.035308461636304855,0.001469706695388595,0.038336753845214844,24.57208251953125
run_1780126152_ba0cbdf6,1780127623.5074718,6.0,123.0,2.0,-0.038336753845214844,0.0,-6.543128967285156,16.637157440185547,0.6389459371566772,16.030153274536133,-0.031940411776304245,0.001469706695388595,0.038336753845214844,24.57208251953125
run_1780126152_ba0cbdf6,1780127625.5197878,6.0,123.0,2.0,-0.038336753845214844,0.0,-6.543128967285156,16.650606155395508,0.6389459371566772,16.04055404663086,-0.02889363467693329,0.001469706695388595,0.038336753845214844,24.57208251953125
run_1780126152_ba0cbdf6,1780127627.515993,6.0,123.0,2.0,-0.08241701126098633,0.0,-6.592719078063965,17.473190307617188,1.3736169338226318,16.0533390045166,0.04623303562402725,0.006792563745193547,0.08241701126098633,24.57208251953125
run_1780126152_ba0cbdf6,1780127629.5102334,6.0,123.0,2.0,-0.08241701126098633,0.0,-6.592719078063965,17.49110221862793,1.3736169338226318,16.07566261291504,0.0418228954076767,0.006792563745193547,0.08241701126098633,24.57208251953125
run_1780126152_ba0cbdf6,1780127631.509522,6.0,123.0,2.0,-0.08241701126098633,0.0,-6.592719078063965,17.509435653686523,1.3736169338226318,16.097984313964844,0.037833429872989655,0.006792563745193547,0.08241701126098633,24.57208251953125
run_1780126152_ba0cbdf6,1780127633.5203776,6.0,123.0,2.0,-0.08241701126098633,0.0,-6.592719078063965,17.528148651123047,1.3736169338226318,16.12030601501465,0.03422452136874199,0.006792563745193547,0.08241701126098633,24.57208251953125
run_1780126152_ba0cbdf6,1780127635.5167847,6.0,123.0,2.0,-0.08241701126098633,0.0,-6.592719078063965,17.547204971313477,1.3736169338226318,16.142627716064453,0.03095986321568489,0.006792563745193547,0.08241701126098633,24.57208251953125
run_1780126152_ba0cbdf6,1780127637.512934,6.0,123.0,2.0,-0.08241701126098633,0.0,-6.592719078063965,17.566574096679688,1.3736169338226318,16.164949417114258,0.028006622567772865,0.006792563745193547,0.08241701126098633,24.57208251953125
run_1780126152_ba0cbdf6,1780127639.5089347,6.0,123.0,2.0,-0.08241701126098633,0.0,-6.592719078063965,17.586223602294922,1.3736169338226318,16.187271118164062,0.02533508837223053,0.006792563745193547,0.08241701126098633,24.57208251953125
run_1780126152_ba0cbdf6,1780127641.5218112,6.0,123.0,2.0,-0.038336753845214844,0.0,-6.543128967285156,16.795753479003906,0.6389459371566772,16.204824447631836,-0.048015546053647995,0.001469706695388595,0.038336753845214844,24.57208251953125
run_1780126152_ba0cbdf6,1780127643.5101607,6.0,123.0,2.0,-0.038336753845214844,0.0,-6.543128967285156,16.81073570251465,0.6389459371566772,16.215225219726562,-0.043435364961624146,0.001469706695388595,0.038336753845214844,24.57208251953125
run_1780126152_ba0cbdf6,1780127645.5206294,6.0,123.0,2.0,-0.038336753845214844,0.0,-6.543128967285156,16.825281143188477,0.6389459371566772,16.225627899169922,-0.03929208219051361,0.001469706695388595,0.038336753845214844,24.57208251953125
run_1780126152_ba0cbdf6,1780127647.51805,6.0,123.0,2.0,-0.038336753845214844,0.0,-6.543128967285156,16.83942985534668,0.6389459371566772,16.23602867126465,-0.035544030368328094,0.001469706695388595,0.038336753845214844,24.57208251953125
run_1780126152_ba0cbdf6,1780127649.5136855,6.0,123.0,2.0,-0.038336753845214844,0.0,-6.543128967285156,16.853219985961914,0.6389459371566772,16.246429443359375,-0.03215350955724716,0.001469706695388595,0.038336753845214844,24.57208251953125
run_1780126152_ba0cbdf6,1780127651.5108166,6.0,123.0,2.0,-0.038336753845214844,0.0,-6.543128967285156,16.866687774658203,0.6389459371566772,16.2568302154541,-0.029086409136652946,0.001469706695388595,0.038336753845214844,24.57208251953125
run_1780126152_ba0cbdf6,1780127653.506407,6.0,123.0,2.0,-0.038336753845214844,0.0,-6.543128967285156,16.879863739013672,0.6389459371566772,16.267230987548828,-0.02631187066435814,0.001469706695388595,0.038336753845214844,24.57208251953125
run_1780126152_ba0cbdf6,1780127655.5162997,6.0,123.0,2.0,-0.038336753845214844,0.0,-6.543128967285156,16.892776489257812,0.6389459371566772,16.277631759643555,-0.023802002891898155,0.001469706695388595,0.038336753845214844,24.57208251953125
run_1780126152_ba0cbdf6,1780127657.5131176,6.0,123.0,2.0,-0.038336753845214844,0.0,-6.543128967285156,16.905447006225586,0.6389459371566772,16.28803253173828,-0.021531548351049423,0.001469706695388595,0.038336753845214844,24.57208251953125
run_1780126152_ba0cbdf6,1780127659.5069973,6.0,123.0,2.0,-0.038336753845214844,0.0,-6.543128967285156,16.91790199279785,0.6389459371566772,16.298433303833008,-0.019477663561701775,0.001469706695388595,0.038336753845214844,24.57208251953125
run_1780126152_ba0cbdf6,1780127661.5187125,6.0,123.0,2.0,-0.038336753845214844,0.0,-6.543128967285156,16.930160522460938,0.6389459371566772,16.308835983276367,-0.017619701102375984,0.001469706695388595,0.038336753845214844,24.57208251953125
run_1780126152_ba0cbdf6,1780127663.5144477,6.0,123.0,2.0,-0.038336753845214844,0.0,-6.543128967285156,16.942243576049805,0.6389459371566772,16.319236755371094,-0.01593896560370922,0.001469706695388595,0.038336753845214844,24.57208251953125
run_1780126152_ba0cbdf6,1780127665.5094442,6.0,123.0,2.0,-0.038336753845214844,0.0,-6.543128967285156,16.954164505004883,0.6389459371566772,16.32963752746582,-0.014418558217585087,0.001469706695388595,0.038336753845214844,24.57208251953125
run_1780126152_ba0cbdf6,1780127667.5214918,6.0,123.0,2.0,-0.038336753845214844,0.0,-6.543128967285156,16.965940475463867,0.6389459371566772,16.340038299560547,-0.013043178245425224,0.001469706695388595,0.038336753845214844,24.57208251953125
run_1780126152_ba0cbdf6,1780127669.519966,6.0,123.0,2.0,-0.038336753845214844,0.0,-6.543128967285156,16.97758674621582,0.6389459371566772,16.350439071655273,-0.011798997409641743,0.001469706695388595,0.038336753845214844,24.57208251953125
run_1780126152_ba0cbdf6,1780127671.5142255,6.0,123.0,2.0,-0.038336753845214844,0.0,-6.543128967285156,16.989112854003906,0.6389459371566772,16.36083984375,-0.010673499666154385,0.001469706695388595,0.038336753845214844,24.57208251953125
run_1780126152_ba0cbdf6,1780127673.5071375,6.0,123.0,2.0,-0.038336753845214844,0.0,-6.543128967285156,17.000530242919922,0.6389459371566772,16.371240615844727,-0.009655358269810677,0.001469706695388595,0.038336753845214844,24.57208251953125
run_1780126152_ba0cbdf6,1780127675.5201256,6.0,123.0,2.0,-0.038336753845214844,0.0,-6.543128967285156,17.011852264404297,0.6389459371566772,16.381641387939453,-0.008734338916838169,0.001469706695388595,0.038336753845214844,24.57208251953125
run_1780126152_ba0cbdf6,1780127677.5176508,6.0,123.0,2.0,-0.038336753845214844,0.0,-6.543128967285156,17.026100158691406,0.6389459371566772,16.39919662475586,-0.0120420902967453,0.001469706695388595,0.038336753845214844,24.57208251953125
run_1780126152_ba0cbdf6,1780127679.5139394,6.0,123.0,2.0,-0.038336753845214844,0.0,-6.543128967285156,17.037649154663086,0.6389459371566772,16.409597396850586,-0.010893402621150017,0.001469706695388595,0.038336753845214844,24.57208251953125
run_1780126152_ba0cbdf6,1780127681.513314,6.0,123.0,2.0,-0.08241701126098633,0.0,-6.592719078063965,17.86247444152832,1.3736169338226318,16.43191909790039,0.05693872645497322,0.006792563745193547,0.08241701126098633,24.57208251953125
run_1780126152_ba0cbdf6,1780127683.5119472,6.0,123.0,2.0,-0.08241701126098633,0.0,-6.592719078063965,17.879365921020508,1.3736169338226318,16.454240798950195,0.0515073761343956,0.006792563745193547,0.08241701126098633,24.57208251953125
run_1780126152_ba0cbdf6,1780127685.5100846,6.0,123.0,2.0,-0.038336753845214844,0.0,-6.543128967285156,17.083389282226562,0.6389459371566772,16.464641571044922,-0.020198892802000046,0.001469706695388595,0.038336753845214844,24.57208251953125
run_1780126152_ba0cbdf6,1780127687.5081582,6.0,123.0,2.0,-0.08241701126098633,0.0,-6.592719078063965,17.907066345214844,1.3736169338226318,16.482194900512695,0.051253724843263626,0.006792563745193547,0.08241701126098633,24.57208251953125
run_1780126152_ba0cbdf6,1780127689.5187118,6.0,123.0,2.0,-0.08241701126098633,0.0,-6.592719078063965,17.92449951171875,1.3736169338226318,16.5045166015625,0.046364668756723404,0.006792563745193547,0.08241701126098633,24.57208251953125
run_1780126152_ba0cbdf6,1780127691.5112026,6.0,123.0,2.0,-0.08241701126098633,0.0,-6.592719078063965,17.942398071289062,1.3736169338226318,16.526838302612305,0.04194197803735733,0.006792563745193547,0.08241701126098633,24.57208251953125
run_1780126152_ba0cbdf6,1780127693.520032,6.0,123.0,2.0,-0.08241701126098633,0.0,-6.592719078063965,17.96072006225586,1.3736169338226318,16.549161911010742,0.037941157817840576,0.006792563745193547,0.08241701126098633,24.57208251953125
run_1780126152_ba0cbdf6,1780127695.5162039,6.0,123.0,2.0,-0.08241701126098633,0.0,-6.592719078063965,17.979421615600586,1.3736169338226318,16.571483612060547,0.034321971237659454,0.006792563745193547,0.08241701126098633,24.57208251953125
run_1780126152_ba0cbdf6,1780127697.5139043,6.0,123.0,2.0,-0.08241701126098633,0.0,-6.592719078063965,17.998470306396484,1.3736169338226318,16.59380531311035,0.031048018485307693,0.006792563745193547,0.08241701126098633,24.57208251953125
run_1780126152_ba0cbdf6,1780127699.508826,6.0,123.0,2.0,-0.08241701126098633,0.0,-6.592719078063965,18.01782989501953,1.3736169338226318,16.616127014160156,0.028086364269256592,0.006792563745193547,0.08241701126098633,24.57208251953125
run_1780126152_ba0cbdf6,1780127701.5174086,6.0,123.0,2.0,-0.08241701126098633,0.0,-6.592719078063965,18.034461975097656,1.3736169338226318,16.631296157836914,0.029548142105340958,0.006792563745193547,0.08241701126098633,24.57208251953125
run_1780126152_ba0cbdf6,1780127703.5140462,6.0,123.0,2.0,-0.08241701126098633,0.0,-6.592719078063965,18.053964614868164,1.3736169338226318,16.65361785888672,0.026729557663202286,0.006792563745193547,0.08241701126098633,24.57208251953125
run_1780126152_ba0cbdf6,1780127705.5112085,6.0,123.0,2.0,-0.08241701126098633,0.0,-6.592719078063965,18.07373809814453,1.3736169338226318,16.675939559936523,0.024179840460419655,0.006792563745193547,0.08241701126098633,24.57208251953125
run_1780126152_ba0cbdf6,1780127707.505582,6.0,123.0,2.0,-0.08241701126098633,0.0,-6.592719078063965,18.093753814697266,1.3736169338226318,16.698261260986328,0.021873341873288155,0.006792563745193547,0.08241701126098633,24.57208251953125
run_1780126152_ba0cbdf6,1780127709.514113,6.0,123.0,2.0,-0.038336753845214844,0.0,-6.543128967285156,17.300601959228516,0.6389459371566772,16.708663940429688,-0.04700616002082825,0.001469706695388595,0.038336753845214844,24.57208251953125
run_1780126152_ba0cbdf6,1780127711.5106053,6.0,123.0,2.0,-0.038336753845214844,0.0,-6.543128967285156,17.315486907958984,0.6389459371566772,16.719064712524414,-0.04252226650714874,0.001469706695388595,0.038336753845214844,24.57208251953125
run_1780126152_ba0cbdf6,1780127713.517637,6.0,123.0,2.0,-0.038336753845214844,0.0,-6.543128967285156,17.329944610595703,0.6389459371566772,16.72946548461914,-0.03846609592437744,0.001469706695388595,0.038336753845214844,24.57208251953125
run_1780126152_ba0cbdf6,1780127715.5141156,6.0,123.0,2.0,-0.038336753845214844,0.0,-6.543128967285156,17.34401512145996,0.6389459371566772,16.739866256713867,-0.03479683771729469,0.001469706695388595,0.038336753845214844,24.57208251953125
run_1780126152_ba0cbdf6,1780127717.5119789,6.0,123.0,2.0,-0.038336753845214844,0.0,-6.543128967285156,17.35773468017578,0.6389459371566772,16.750267028808594,-0.03147758170962334,0.001469706695388595,0.038336753845214844,24.57208251953125
run_1780126152_ba0cbdf6,1780127719.5207114,6.0,123.0,2.0,-0.038336753845214844,0.0,-6.543128967285156,17.371139526367188,0.6389459371566772,16.76066780090332,-0.02847496047616005,0.001469706695388595,0.038336753845214844,24.57208251953125
run_1780126152_ba0cbdf6,1780127721.519818,6.0,123.0,2.0,-0.038336753845214844,0.0,-6.543128967285156,17.38425636291504,0.6389459371566772,16.771068572998047,-0.025758756324648857,0.001469706695388595,0.038336753845214844,24.57208251953125
run_1780126152_ba0cbdf6,1780127723.517469,6.0,123.0,2.0,-0.038336753845214844,0.0,-6.543128967285156,17.397113800048828,0.6389459371566772,16.781469345092773,-0.02330164425075054,0.001469706695388595,0.038336753845214844,24.57208251953125
run_1780126152_ba0cbdf6,1780127725.5156698,6.0,123.0,2.0,-0.038336753845214844,0.0,-6.543128967285156,17.40973663330078,0.6389459371566772,16.791872024536133,-0.021078914403915405,0.001469706695388595,0.038336753845214844,24.57208251953125
run_1780126152_ba0cbdf6,1780127727.5222518,6.0,123.0,2.0,-0.038336753845214844,0.0,-6.543128967285156,17.422149658203125,0.6389459371566772,16.80227279663086,-0.019068211317062378,0.001469706695388595,0.038336753845214844,24.57208251953125
run_1780126152_ba0cbdf6,1780127729.5186727,6.0,123.0,2.0,-0.038336753845214844,0.0,-6.543128967285156,17.434368133544922,0.6389459371566772,16.812673568725586,-0.017249304801225662,0.001469706695388595,0.038336753845214844,24.57208251953125
run_1780126152_ba0cbdf6,1780127731.513972,6.0,123.0,2.0,-0.038336753845214844,0.0,-6.543128967285156,17.446414947509766,0.6389459371566772,16.823074340820312,-0.01560390554368496,0.001469706695388595,0.038336753845214844,24.57208251953125
run_1780126152_ba0cbdf6,1780127733.5125139,6.0,123.0,2.0,-0.038336753845214844,0.0,-6.543128967285156,17.45830535888672,0.6389459371566772,16.83347511291504,-0.014115456491708755,0.001469706695388595,0.038336753845214844,24.57208251953125
run_1780126152_ba0cbdf6,1780127735.5203757,6.0,123.0,2.0,-0.038336753845214844,0.0,-6.543128967285156,17.47005271911621,0.6389459371566772,16.843875885009766,-0.01276899129152298,0.001469706695388595,0.038336753845214844,24.57208251953125
run_1780126152_ba0cbdf6,1780127737.5165818,6.0,123.0,2.0,-0.038336753845214844,0.0,-6.543128967285156,17.481670379638672,0.6389459371566772,16.854276657104492,-0.011550965718925,0.001469706695388595,0.038336753845214844,24.57208251953125
run_1780126152_ba0cbdf6,1780127739.5158117,6.0,123.0,2.0,-0.038336753845214844,0.0,-6.543128967285156,17.493175506591797,0.6389459371566772,16.86467742919922,-0.010449127294123173,0.001469706695388595,0.038336753845214844,24.57208251953125
run_1780126152_ba0cbdf6,1780127741.5108116,6.0,123.0,2.0,-0.038336753845214844,0.0,-6.543128967285156,17.504573822021484,0.6389459371566772,16.875080108642578,-0.009452391415834427,0.001469706695388595,0.038336753845214844,24.57208251953125
run_1780126152_ba0cbdf6,1780127743.5173242,6.0,123.0,2.0,-0.038336753845214844,0.0,-6.543128967285156,17.5158748626709,0.6389459371566772,16.885480880737305,-0.0085507333278656,0.001469706695388595,0.038336753845214844,24.57208251953125
run_1780126152_ba0cbdf6,1780127745.521462,6.0,123.0,2.0,-0.038336753845214844,0.0,-6.543128967285156,17.52709197998047,0.6389459371566772,16.89588165283203,-0.007735081948339939,0.001469706695388595,0.038336753845214844,24.57208251953125
run_1780126152_ba0cbdf6,1780127747.5139236,6.0,123.0,2.0,-0.038336753845214844,0.0,-6.543128967285156,17.538230895996094,0.6389459371566772,16.906282424926758,-0.0069972374476492405,0.001469706695388595,0.038336753845214844,24.57208251953125
run_1780126152_ba0cbdf6,1780127749.5115519,6.0,123.0,2.0,-0.038336753845214844,0.0,-6.543128967285156,17.549299240112305,0.6389459371566772,16.916683197021484,-0.006329776253551245,0.001469706695388595,0.038336753845214844,24.57208251953125
run_1780126152_ba0cbdf6,1780127751.5086262,6.0,123.0,2.0,-0.038336753845214844,0.0,-6.543128967285156,17.560302734375,0.6389459371566772,16.92708396911621,-0.005725982133299112,0.001469706695388595,0.038336753845214844,24.57208251953125
run_1780126152_ba0cbdf6,1780127753.5197558,6.0,123.0,2.0,-0.038336753845214844,0.0,-6.543128967285156,17.571250915527344,0.6389459371566772,16.937484741210938,-0.005179784260690212,0.001469706695388595,0.038336753845214844,24.57208251953125
run_1780126152_ba0cbdf6,1780127755.5155594,6.0,123.0,2.0,-0.038336753845214844,0.0,-6.543128967285156,17.58214569091797,0.6389459371566772,16.947885513305664,-0.0046856882981956005,0.001469706695388595,0.038336753845214844,24.57208251953125
run_1780126152_ba0cbdf6,1780127757.5114577,6.0,123.0,2.0,-0.038336753845214844,0.0,-6.543128967285156,17.592992782592773,0.6389459371566772,16.958288192749023,-0.00423872284591198,0.001469706695388595,0.038336753845214844,24.57208251953125
run_1780126152_ba0cbdf6,1780127759.507546,6.0,123.0,2.0,-0.038336753845214844,0.0,-6.543128967285156,17.60379981994629,0.6389459371566772,16.96868896484375,-0.003834393573924899,0.001469706695388595,0.038336753845214844,24.57208251953125
run_1780126152_ba0cbdf6,1780127761.5121233,6.0,123.0,2.0,-0.038336753845214844,0.0,-6.543128967285156,17.614564895629883,0.6389459371566772,16.979089736938477,-0.0034686322323977947,0.001469706695388595,0.038336753845214844,24.57208251953125
run_1780126152_ba0cbdf6,1780127763.5179644,6.0,123.0,2.0,-0.038336753845214844,0.0,-6.543128967285156,17.62529754638672,0.6389459371566772,16.989490509033203,-0.0031377621926367283,0.001469706695388595,0.038336753845214844,24.57208251953125
run_1780126152_ba0cbdf6,1780127765.5117352,6.0,123.0,2.0,-0.038336753845214844,0.0,-6.543128967285156,17.635997772216797,0.6389459371566772,16.99989128112793,-0.002838452812284231,0.001469706695388595,0.038336753845214844,24.57208251953125
run_1780126152_ba0cbdf6,1780127767.521291,6.0,123.0,2.0,-0.038336753845214844,0.0,-6.543128967285156,17.646671295166016,0.6389459371566772,17.010292053222656,-0.0025676933582872152,0.001469706695388595,0.038336753845214844,24.57208251953125
run_1780126152_ba0cbdf6,1780127769.5089176,6.0,123.0,2.0,-0.038336753845214844,0.0,-6.543128967285156,17.657316207885742,0.6389459371566772,17.020692825317383,-0.002322762506082654,0.001469706695388595,0.038336753845214844,24.57208251953125
run_1780126152_ba0cbdf6,1780127771.5070982,6.0,123.0,2.0,-0.038336753845214844,0.0,-6.543128967285156,17.667938232421875,0.6389459371566772,17.03109359741211,-0.0021011955104768276,0.001469706695388595,0.038336753845214844,24.57208251953125
run_1780126152_ba0cbdf6,1780127773.516519,6.0,123.0,2.0,-0.038336753845214844,0.0,-6.543128967285156,17.678539276123047,0.6389459371566772,17.04149627685547,-0.0019007637165486813,0.001469706695388595,0.038336753845214844,24.57208251953125
run_1780126152_ba0cbdf6,1780127775.52144,6.0,123.0,2.0,-0.038336753845214844,0.0,-6.543128967285156,17.689123153686523,0.6389459371566772,17.051897048950195,-0.0017194506945088506,0.001469706695388595,0.038336753845214844,24.57208251953125
run_1780126152_ba0cbdf6,1780127777.5176175,6.0,123.0,2.0,-0.038336753845214844,0.0,-6.543128967285156,17.699687957763672,0.6389459371566772,17.062297821044922,-0.0015554331475868821,0.001469706695388595,0.038336753845214844,24.57208251953125
run_1780126152_ba0cbdf6,1780127779.513124,6.0,123.0,2.0,-0.038336753845214844,0.0,-6.543128967285156,17.710237503051758,0.6389459371566772,17.07269859313965,-0.0014070612378418446,0.001469706695388595,0.038336753845214844,24.57208251953125
run_1780126152_ba0cbdf6,1780127781.5115404,6.0,123.0,2.0,-0.038336753845214844,0.0,-6.543128967285156,17.72077178955078,0.6389459371566772,17.083099365234375,-0.0012728427536785603,0.001469706695388595,0.038336753845214844,24.57208251953125
run_1780126152_ba0cbdf6,1780127783.518471,6.0,123.0,2.0,-0.038336753845214844,0.0,-6.543128967285156,17.731294631958008,0.6389459371566772,17.0935001373291,-0.0011514270445331931,0.001469706695388595,0.038336753845214844,24.57208251953125
run_1780126152_ba0cbdf6,1780127785.512634,6.0,123.0,2.0,-0.038336753845214844,0.0,-6.543128967285156,17.741806030273438,0.6389459371566772,17.103900909423828,-0.0010415929136797786,0.001469706695388595,0.038336753845214844,24.57208251953125
run_1780126152_ba0cbdf6,1780127787.51915,6.0,123.0,2.0,-0.038336753845214844,0.0,-6.543128967285156,17.75230598449707,0.6389459371566772,17.114301681518555,-0.0009422358707524836,0.001469706695388595,0.038336753845214844,24.57208251953125
run_1780126152_ba0cbdf6,1780127789.5122483,6.0,123.0,2.0,-0.038336753845214844,0.0,-6.543128967285156,17.76279640197754,0.6389459371566772,17.124704360961914,-0.0008523566066287458,0.001469706695388595,0.038336753845214844,24.57208251953125
run_1780126152_ba0cbdf6,1780127791.5212271,6.0,123.0,2.0,-0.038336753845214844,0.0,-6.543128967285156,17.773279190063477,0.6389459371566772,17.13510513305664,-0.0007710508070886135,0.001469706695388595,0.038336753845214844,24.57208251953125
run_1780126152_ba0cbdf6,1780127793.5143425,6.0,123.0,2.0,-0.038336753845214844,0.0,-6.543128967285156,17.783754348754883,0.6389459371566772,17.145505905151367,-0.0006975006544962525,0.001469706695388595,0.038336753845214844,24.57208251953125
run_1780126152_ba0cbdf6,1780127795.5106382,6.0,123.0,2.0,-0.038336753845214844,0.0,-6.543128967285156,17.794221878051758,0.6389459371566772,17.155906677246094,-0.0006309664458967745,0.001469706695388595,0.038336753845214844,24.57208251953125
run_1780126152_ba0cbdf6,1780127797.5166533,6.0,123.0,2.0,-0.038336753845214844,0.0,-6.543128967285156,17.8046817779541,0.6389459371566772,17.16630744934082,-0.0005707788513973355,0.001469706695388595,0.038336753845214844,24.57208251953125
run_1780126152_ba0cbdf6,1780127799.5130455,6.0,123.0,2.0,-0.038336753845214844,0.0,-6.543128967285156,17.815135955810547,0.6389459371566772,17.176708221435547,-0.0005163326277397573,0.001469706695388595,0.038336753845214844,24.57208251953125
run_1780126152_ba0cbdf6,1780127801.5111153,6.0,123.0,2.0,-0.038336753845214844,0.0,-6.543128967285156,17.82558822631836,0.6389459371566772,17.187108993530273,-0.0004670799244195223,0.001469706695388595,0.038336753845214844,24.57208251953125
run_1780126152_ba0cbdf6,1780127803.5187154,6.0,123.0,2.0,-0.038336753845214844,0.0,-6.543128967285156,17.83603286743164,0.6389459371566772,17.197509765625,-0.0004225254524499178,0.001469706695388595,0.038336753845214844,24.57208251953125
run_1780126152_ba0cbdf6,1780127805.5158908,6.0,123.0,2.0,-0.038336753845214844,0.0,-6.543128967285156,17.846473693847656,0.6389459371566772,17.20791244506836,-0.0003822209546342492,0.001469706695388595,0.038336753845214844,24.57208251953125
run_1780126152_ba0cbdf6,1780127807.5107522,6.0,123.0,2.0,-0.038336753845214844,0.0,-6.543128967285156,17.85691261291504,0.6389459371566772,17.218313217163086,-0.00034576113102957606,0.001469706695388595,0.038336753845214844,24.57208251953125
run_1780126152_ba0cbdf6,1780127809.5185015,6.0,123.0,2.0,-0.038336753845214844,0.0,-6.543128967285156,17.867345809936523,0.6389459371566772,17.228713989257812,-0.00031277918606065214,0.001469706695388595,0.038336753845214844,24.57208251953125
run_1780126152_ba0cbdf6,1780127811.509546,6.0,123.0,2.0,-0.038336753845214844,0.0,-6.543128967285156,17.87286949157715,0.6389459371566772,17.230066299438477,0.0038580612745136023,0.001469706695388595,0.038336753845214844,24.57208251953125
run_1780126152_ba0cbdf6,1780127813.512573,6.0,123.0,2.0,-0.038336753845214844,0.0,-6.543128967285156,17.882902145385742,0.6389459371566772,17.240467071533203,0.0034900421742349863,0.001469706695388595,0.038336753845214844,24.57208251953125
run_1780126152_ba0cbdf6,1780127815.5212622,6.0,123.0,2.0,-0.038336753845214844,0.0,-6.543128967285156,17.89297103881836,0.6389459371566772,17.25086784362793,0.003157129744067788,0.001469706695388595,0.038336753845214844,24.57208251953125
run_1780126152_ba0cbdf6,1780127817.517315,6.0,123.0,2.0,0.005744457244873047,0.0,-6.493537425994873,17.088172912597656,-0.09574095904827118,17.24920654296875,-0.06529124081134796,3.2998789038174436e-05,0.005744457244873047,24.57208251953125
run_1780126152_ba0cbdf6,1780127819.5095434,6.0,123.0,2.0,-0.038336753845214844,0.0,-6.543128967285156,17.906282424926758,0.6389459371566772,17.259607315063477,0.007731311023235321,0.001469706695388595,0.038336753845214844,24.57208251953125
run_1780126152_ba0cbdf6,1780127821.5201452,6.0,123.0,2.0,-0.038336753845214844,0.0,-6.543128967285156,17.91594696044922,0.6389459371566772,17.270008087158203,0.006993826478719711,0.001469706695388595,0.038336753845214844,24.57208251953125
run_1780126152_ba0cbdf6,1780127823.5129273,6.0,123.0,2.0,-0.038336753845214844,0.0,-6.543128967285156,17.925682067871094,0.6389459371566772,17.28040885925293,0.006326688919216394,0.001469706695388595,0.038336753845214844,24.57208251953125
run_1780126152_ba0cbdf6,1780127825.5155573,6.0,123.0,2.0,0.005744457244873047,0.0,-6.493537425994873,17.122217178344727,-0.09574095904827118,17.281761169433594,-0.06380417943000793,3.2998789038174436e-05,0.005744457244873047,24.57208251953125
run_1780126152_ba0cbdf6,1780127827.5195549,6.0,123.0,2.0,-0.038336753845214844,0.0,-6.543128967285156,17.940183639526367,0.6389459371566772,17.29216194152832,0.009076524525880814,0.001469706695388595,0.038336753845214844,24.57208251953125
run_1780126152_ba0cbdf6,1780127829.512625,6.0,123.0,2.0,-0.038336753845214844,0.0,-6.543128967285156,17.94972038269043,0.6389459371566772,17.30256462097168,0.008210720494389534,0.001469706695388595,0.038336753845214844,24.57208251953125
run_1780126152_ba0cbdf6,1780127831.520718,6.0,123.0,2.0,-0.038336753845214844,0.0,-6.543128967285156,17.959339141845703,0.6389459371566772,17.312965393066406,0.007427504286170006,0.001469706695388595,0.038336753845214844,24.57208251953125
run_1780126152_ba0cbdf6,1780127833.5133169,nan,nan,nan,-0.038336753845214844,nan,-6.543128967285156,nan,nan,nan,nan,nan,nan,24.57208251953125
