run_id,timestamp,kp,ki,kd,temp,temp_ref,temp_raw,temp_u,temp_u_p,temp_u_i,temp_u_d,sq_error,mae,start_temp
run_1777423155_f6085e3f,1777423636.6215835,7.0,966.0,1.0,31.55516242980957,0.0,28.70329475402832,-100.0,-100.0,-1.1025563478469849,0.13953937590122223,995.7282759716654,31.55516242980957,31.55516242980957
run_1777423155_f6085e3f,1777423638.7420616,7.0,966.0,1.0,31.50708770751953,0.0,28.653217315673828,-100.0,-100.0,-1.1025563478469849,0.15824070572853088,992.6965758093284,31.50708770751953,31.55516242980957
run_1777423155_f6085e3f,1777423640.7390797,7.0,966.0,1.0,31.458982467651367,0.0,28.603107452392578,-100.0,-100.0,-1.1025563478469849,0.17843428254127502,989.6675778999961,31.458982467651367,31.55516242980957
run_1777423155_f6085e3f,1777423642.724752,7.0,966.0,1.0,31.458982467651367,0.0,28.603107452392578,-100.0,-100.0,-1.1025563478469849,0.1614135354757309,989.6675778999961,31.458982467651367,31.55516242980957
run_1777423155_f6085e3f,1777423644.725554,7.0,966.0,1.0,31.266510009765625,0.0,28.40261459350586,-100.0,-100.0,-1.1025563478469849,0.2735818326473236,977.594648190774,31.266510009765625,31.55516242980957
run_1777423155_f6085e3f,1777423646.725806,7.0,966.0,1.0,31.17027473449707,0.0,28.302370071411133,-100.0,-100.0,-1.1025563478469849,0.31156599521636963,971.5860270240264,31.17027473449707,31.55516242980957
run_1777423155_f6085e3f,1777423648.7316465,7.0,966.0,1.0,30.97785186767578,0.0,28.1019287109375,-100.0,-100.0,-1.1025563478469849,0.41132470965385437,959.6273063356639,30.97785186767578,31.55516242980957
run_1777423155_f6085e3f,1777423650.7214925,7.0,966.0,1.0,30.97785186767578,0.0,28.1019287109375,-100.0,-100.0,-1.1025563478469849,0.3720887303352356,959.6273063356639,30.97785186767578,31.55516242980957
run_1777423155_f6085e3f,1777423652.728039,7.0,966.0,1.0,30.68921661376953,0.0,27.801267623901367,-100.0,-100.0,-1.1025563478469849,0.5288681983947754,941.8280163668678,30.68921661376953,31.55516242980957
run_1777423155_f6085e3f,1777423654.731629,7.0,966.0,1.0,30.593002319335938,0.0,27.7010440826416,-100.0,-100.0,-1.1025563478469849,0.5424869060516357,935.931790910894,30.593002319335938,31.55516242980957
run_1777423155_f6085e3f,1777423656.729744,7.0,966.0,1.0,30.448699951171875,0.0,27.550729751586914,-100.0,-100.0,-1.1025563478469849,0.5888113975524902,927.1233287164941,30.448699951171875,31.55516242980957
run_1777423155_f6085e3f,1777423658.7238045,7.0,966.0,1.0,30.30437469482422,0.0,27.400390625,-100.0,-100.0,-1.1025563478469849,0.6287479996681213,918.3551256443025,30.30437469482422,31.55516242980957
run_1777423155_f6085e3f,1777423660.7276769,7.0,966.0,1.0,30.160085678100586,0.0,27.250089645385742,-100.0,-100.0,-1.1025563478469849,0.6668360829353333,909.6307681103681,30.160085678100586,31.55516242980957
run_1777423155_f6085e3f,1777423662.7251174,7.0,966.0,1.0,30.063920974731445,0.0,27.149917602539062,-100.0,-100.0,-1.1025563478469849,0.6685577034950256,903.8393443748973,30.063920974731445,31.55516242980957
run_1777423155_f6085e3f,1777423664.7221603,7.0,966.0,1.0,29.823450088500977,0.0,26.89942741394043,-100.0,-100.0,-1.1025563478469849,0.7656222581863403,889.4381751813089,29.823450088500977,31.55516242980957
run_1777423155_f6085e3f,1777423666.7336667,7.0,966.0,1.0,29.775339126586914,0.0,26.84931182861328,-100.0,-100.0,-1.1025563478469849,0.7252747416496277,886.5708201032576,29.775339126586914,31.55516242980957
run_1777423155_f6085e3f,1777423668.7328343,7.0,966.0,1.0,29.582998275756836,0.0,26.648956298828125,-100.0,-100.0,-1.1025563478469849,0.7874614596366882,875.1537869834319,29.582998275756836,31.55516242980957
run_1777423155_f6085e3f,1777423670.7336383,7.0,966.0,1.0,29.534893035888672,0.0,26.598846435546875,-100.0,-100.0,-1.1025563478469849,0.7450268864631653,872.3099066413852,29.534893035888672,31.55516242980957
run_1777423155_f6085e3f,1777423672.7331517,7.0,966.0,1.0,29.43877410888672,0.0,26.498722076416016,-100.0,-100.0,-1.1025563478469849,0.7386372685432434,866.641421034059,29.43877410888672,31.55516242980957
run_1777423155_f6085e3f,1777423674.718009,7.0,966.0,1.0,29.29449462890625,0.0,26.348432540893555,-100.0,-100.0,-1.1025563478469849,0.7661975026130676,858.1674155630171,29.29449462890625,31.55516242980957
run_1777423155_f6085e3f,1777423676.7231746,7.0,966.0,1.0,29.150251388549805,0.0,26.198179244995117,-100.0,-100.0,-1.1025563478469849,0.7911434173583984,849.7371560156498,29.150251388549805,31.55516242980957
run_1777423155_f6085e3f,1777423678.73339,7.0,966.0,1.0,29.102149963378906,0.0,26.148073196411133,-100.0,-100.0,-1.1025563478469849,0.7483553290367126,846.9351324909949,29.102149963378906,31.55516242980957
run_1777423155_f6085e3f,1777423680.726172,7.0,966.0,1.0,29.006013870239258,0.0,26.047931671142578,-100.0,-100.0,-1.1025563478469849,0.7436041831970215,841.3488406405122,29.006013870239258,31.55516242980957
run_1777423155_f6085e3f,1777423682.7279747,7.0,966.0,1.0,28.957948684692383,0.0,25.99786376953125,-100.0,-100.0,-1.1025563478469849,0.7053258419036865,838.5627920252773,28.957948684692383,31.55516242980957
run_1777423155_f6085e3f,1777423684.7190747,7.0,966.0,1.0,28.813722610473633,0.0,25.847627639770508,-100.0,-100.0,-1.1025563478469849,0.7341204881668091,830.2306106733195,28.813722610473633,31.55516242980957
run_1777423155_f6085e3f,1777423686.732064,7.0,966.0,1.0,28.765625,0.0,25.79752540588379,-100.0,-100.0,-1.1025563478469849,0.6967690587043762,827.461181640625,28.765625,31.55516242980957
run_1777423155_f6085e3f,1777423688.7217638,7.0,966.0,1.0,28.573347091674805,0.0,25.59723663330078,-100.0,-100.0,-1.1025563478469849,0.7636566162109375,816.436164021321,28.573347091674805,31.55516242980957
run_1777423155_f6085e3f,1777423690.724276,7.0,966.0,1.0,28.573347091674805,0.0,25.59723663330078,-100.0,-100.0,-1.1025563478469849,0.6908119320869446,816.436164021321,28.573347091674805,31.55516242980957
run_1777423155_f6085e3f,1777423692.7241986,7.0,966.0,1.0,28.477195739746094,0.0,25.49707794189453,-100.0,-100.0,-1.1025563478469849,0.6876698732376099,810.9506771998131,28.477195739746094,31.55516242980957
run_1777423155_f6085e3f,1777423694.7252822,7.0,966.0,1.0,28.429136276245117,0.0,25.447017669677734,-100.0,-100.0,-1.1025563478469849,0.6547232270240784,808.2157894133161,28.429136276245117,31.55516242980957
run_1777423155_f6085e3f,1777423696.7215586,7.0,966.0,1.0,28.33299446105957,0.0,25.34686851501465,-100.0,-100.0,-1.1025563478469849,0.652396559715271,802.7585751304323,28.33299446105957,31.55516242980957
run_1777423155_f6085e3f,1777423698.7326798,7.0,966.0,1.0,28.18879508972168,0.0,25.1966609954834,-100.0,-100.0,-1.1025563478469849,0.688128650188446,794.6081686103171,28.18879508972168,31.55516242980957
run_1777423155_f6085e3f,1777423700.7262514,7.0,966.0,1.0,28.140708923339844,0.0,25.14657211303711,-100.0,-100.0,-1.1025563478469849,0.6538723707199097,791.8994987081387,28.140708923339844,31.55516242980957
run_1777423155_f6085e3f,1777423702.7242084,7.0,966.0,1.0,28.04460334777832,0.0,25.04646110534668,-100.0,-100.0,-1.1025563478469849,0.6567904949188232,786.499776934219,28.04460334777832,31.55516242980957
run_1777423155_f6085e3f,1777423704.739616,7.0,966.0,1.0,27.952314376831055,0.0,24.946353912353516,-100.0,-100.0,-1.1025563478469849,0.6567979454994202,781.3318790211961,27.952314376831055,31.55516242980957
run_1777423155_f6085e3f,1777423706.7251077,7.0,966.0,1.0,27.952314376831055,0.0,24.946353912353516,-100.0,-100.0,-1.1025563478469849,0.5941462516784668,781.3318790211961,27.952314376831055,31.55516242980957
run_1777423155_f6085e3f,1777423708.723304,7.0,966.0,1.0,27.86327362060547,0.0,24.84618377685547,-100.0,-100.0,-1.1025563478469849,0.5955843925476074,776.3620168567286,27.86327362060547,31.55516242980957
run_1777423155_f6085e3f,1777423710.7280283,7.0,966.0,1.0,27.818754196166992,0.0,24.796098709106445,-100.0,-100.0,-1.1025563478469849,0.5690167546272278,773.8830850267586,27.818754196166992,31.55516242980957
run_1777423155_f6085e3f,1777423712.7269459,7.0,966.0,1.0,27.729778289794922,0.0,24.695999145507812,-100.0,-100.0,-1.1025563478469849,0.5776587128639221,768.9406040011818,27.729778289794922,31.55516242980957
run_1777423155_f6085e3f,1777423714.7199464,7.0,966.0,1.0,27.729778289794922,0.0,24.695999145507812,-100.0,-100.0,-1.1025563478469849,0.5225562453269958,768.9406040011818,27.729778289794922,31.55516242980957
run_1777423155_f6085e3f,1777423716.727099,7.0,966.0,1.0,27.59628677368164,0.0,24.545822143554688,-100.0,-100.0,-1.1025563478469849,0.5652733445167542,761.5550436952763,27.59628677368164,31.55516242980957
run_1777423155_f6085e3f,1777423718.7333996,7.0,966.0,1.0,27.59628677368164,0.0,24.545822143554688,-100.0,-100.0,-1.1025563478469849,0.5113521814346313,761.5550436952763,27.59628677368164,31.55516242980957
run_1777423155_f6085e3f,1777423720.7289789,7.0,966.0,1.0,27.551774978637695,0.0,24.495746612548828,-100.0,-100.0,-1.1025563478469849,0.49405157566070557,759.1003044734862,27.551774978637695,31.55516242980957
run_1777423155_f6085e3f,1777423722.7326117,7.0,966.0,1.0,27.462833404541016,0.0,24.395687103271484,-100.0,-100.0,-1.1025563478469849,0.5073479413986206,754.2072186055739,27.462833404541016,31.55516242980957
run_1777423155_f6085e3f,1777423724.725819,7.0,966.0,1.0,27.373836517333984,0.0,24.295564651489258,-100.0,-100.0,-1.1025563478469849,0.5200496912002563,749.3269256777276,27.373836517333984,31.55516242980957
run_1777423155_f6085e3f,1777423726.7211022,7.0,966.0,1.0,27.373836517333984,0.0,24.295564651489258,-100.0,-100.0,-1.1025563478469849,0.4704425036907196,749.3269256777276,27.373836517333984,31.55516242980957
run_1777423155_f6085e3f,1777423728.7235558,7.0,966.0,1.0,27.284839630126953,0.0,24.195446014404297,-100.0,-100.0,-1.1025563478469849,0.4866635501384735,744.4624736417463,27.284839630126953,31.55516242980957
run_1777423155_f6085e3f,1777423730.732975,7.0,966.0,1.0,27.329294204711914,0.0,24.24545669555664,-100.0,-100.0,-1.1025563478469849,0.4100401997566223,746.8903217277002,27.329294204711914,31.55516242980957
run_1777423155_f6085e3f,1777423732.7228258,7.0,966.0,1.0,27.240333557128906,0.0,24.145374298095703,-100.0,-100.0,-1.1025563478469849,0.43016356229782104,742.0357723036432,27.240333557128906,31.55516242980957
run_1777423155_f6085e3f,1777423734.722856,7.0,966.0,1.0,27.151344299316406,0.0,24.045263290405273,-100.0,-100.0,-1.1025563478469849,0.4495866000652313,737.1954972600215,27.151344299316406,31.55516242980957
run_1777423155_f6085e3f,1777423736.7296443,7.0,966.0,1.0,27.10686492919922,0.0,23.995223999023438,-100.0,-100.0,-1.1025563478469849,0.4381548762321472,734.7821262898506,27.10686492919922,31.55516242980957
run_1777423155_f6085e3f,1777423738.7502582,7.0,966.0,1.0,27.06238555908203,0.0,23.94518280029297,-100.0,-100.0,-1.1025563478469849,0.4265771210193634,732.3727121484117,27.06238555908203,31.55516242980957
run_1777423155_f6085e3f,1777423740.7447417,7.0,966.0,1.0,27.017908096313477,0.0,23.8951473236084,-100.0,-100.0,-1.1025563478469849,0.415502667427063,729.9673579008413,27.017908096313477,31.55516242980957
run_1777423155_f6085e3f,1777423742.7423046,7.0,966.0,1.0,27.017908096313477,0.0,23.8951473236084,-100.0,-100.0,-1.1025563478469849,0.3758681118488312,729.9673579008413,27.017908096313477,31.55516242980957
run_1777423155_f6085e3f,1777423744.7193227,7.0,966.0,1.0,26.928926467895508,0.0,23.795042037963867,-100.0,-100.0,-1.1025563478469849,0.39926519989967346,725.1670807133232,26.928926467895508,31.55516242980957
run_1777423155_f6085e3f,1777423746.7208178,7.0,966.0,1.0,26.884422302246094,0.0,23.74497413635254,-100.0,-100.0,-1.1025563478469849,0.3920263648033142,722.7721625255072,26.884422302246094,31.55516242980957
run_1777423155_f6085e3f,1777423748.7232234,7.0,966.0,1.0,26.79547119140625,0.0,23.64490509033203,-100.0,-100.0,-1.1025563478469849,0.41753387451171875,717.9972763694823,26.79547119140625,31.55516242980957
run_1777423155_f6085e3f,1777423750.7218904,7.0,966.0,1.0,26.79547119140625,0.0,23.64490509033203,-100.0,-100.0,-1.1025563478469849,0.3777056336402893,717.9972763694823,26.79547119140625,31.55516242980957
run_1777423155_f6085e3f,1777423752.7315896,7.0,966.0,1.0,26.70649528503418,0.0,23.54480743408203,-100.0,-100.0,-1.1025563478469849,0.40092360973358154,713.2368904095529,26.70649528503418,31.55516242980957
run_1777423155_f6085e3f,1777423754.7246122,7.0,966.0,1.0,26.617523193359375,0.0,23.444713592529297,-100.0,-100.0,-1.1025563478469849,0.4243483245372772,708.4925409490243,26.617523193359375,31.55516242980957
run_1777423155_f6085e3f,1777423756.726815,7.0,966.0,1.0,26.528583526611328,0.0,23.344655990600586,-100.0,-100.0,-1.1025563478469849,0.4449286162853241,703.7657439283939,26.528583526611328,31.55516242980957
run_1777423155_f6085e3f,1777423758.7292635,7.0,966.0,1.0,26.528583526611328,0.0,23.344655990600586,-100.0,-100.0,-1.1025563478469849,0.4024871587753296,703.7657439283939,26.528583526611328,31.55516242980957
run_1777423155_f6085e3f,1777423760.7286346,7.0,966.0,1.0,26.395118713378906,0.0,23.194509506225586,-100.0,-100.0,-1.1025563478469849,0.4529654383659363,696.7022918933653,26.395118713378906,31.55516242980957
run_1777423155_f6085e3f,1777423762.7305686,7.0,966.0,1.0,26.306182861328125,0.0,23.09445571899414,-100.0,-100.0,-1.1025563478469849,0.47140079736709595,692.0152567336336,26.306182861328125,31.55516242980957
run_1777423155_f6085e3f,1777423764.7282858,7.0,966.0,1.0,26.21722412109375,0.0,22.99437713623047,-100.0,-100.0,-1.1025563478469849,0.48750653862953186,687.34284061566,26.21722412109375,31.55516242980957
run_1777423155_f6085e3f,1777423766.7219317,7.0,966.0,1.0,26.128292083740234,0.0,22.894329071044922,-100.0,-100.0,-1.1025563478469849,0.5026443600654602,682.6876472132426,26.128292083740234,31.55516242980957
run_1777423155_f6085e3f,1777423768.7238286,7.0,966.0,1.0,26.083799362182617,0.0,22.844274520874023,-100.0,-100.0,-1.1025563478469849,0.4843241572380066,680.3645891665983,26.083799362182617,31.55516242980957
run_1777423155_f6085e3f,1777423770.71899,7.0,966.0,1.0,25.905921936035156,0.0,22.644163131713867,-100.0,-100.0,-1.1025563478469849,0.55961674451828,671.1167913559475,25.905921936035156,31.55516242980957
run_1777423155_f6085e3f,1777423772.7250898,7.0,966.0,1.0,25.861433029174805,0.0,22.594112396240234,-100.0,-100.0,-1.1025563478469849,0.5358594059944153,668.8137183224935,25.861433029174805,31.55516242980957
run_1777423155_f6085e3f,1777423774.7342558,7.0,966.0,1.0,25.728031158447266,0.0,22.444034576416016,-100.0,-100.0,-1.1025563478469849,0.5754091143608093,661.9315872900333,25.728031158447266,31.55516242980957
run_1777423155_f6085e3f,1777423776.7192507,7.0,966.0,1.0,25.63908576965332,0.0,22.343971252441406,-100.0,-100.0,-1.1025563478469849,0.5797480344772339,657.3627191036394,25.63908576965332,31.55516242980957
run_1777423155_f6085e3f,1777423778.7166612,7.0,966.0,1.0,25.505664825439453,0.0,22.193872451782227,-100.0,-100.0,-1.1025563478469849,0.615124523639679,650.5389381876594,25.505664825439453,31.55516242980957
run_1777423155_f6085e3f,1777423780.7242002,7.0,966.0,1.0,25.461238861083984,0.0,22.143892288208008,-100.0,-100.0,-1.1025563478469849,0.5860304236412048,648.2746843411733,25.461238861083984,31.55516242980957
run_1777423155_f6085e3f,1777423782.7175858,7.0,966.0,1.0,25.283370971679688,0.0,21.94379234313965,-100.0,-100.0,-1.1025563478469849,0.6498151421546936,639.2488476915751,25.283370971679688,31.55516242980957
run_1777423155_f6085e3f,1777423784.7245562,7.0,966.0,1.0,25.238922119140625,0.0,21.893787384033203,-100.0,-100.0,-1.1025563478469849,0.6174271106719971,637.0031897360459,25.238922119140625,31.55516242980957
run_1777423155_f6085e3f,1777423786.7307146,7.0,966.0,1.0,25.01659393310547,0.0,21.643667221069336,-100.0,-100.0,-1.1025563478469849,0.7090347409248352,625.8299720138893,25.01659393310547,31.55516242980957
run_1777423155_f6085e3f,1777423788.7267153,7.0,966.0,1.0,24.972171783447266,0.0,21.59369468688965,-100.0,-100.0,-1.1025563478469849,0.6709801554679871,623.6093635819998,24.972171783447266,31.55516242980957
run_1777423155_f6085e3f,1777423790.7258005,7.0,966.0,1.0,24.749921798706055,0.0,21.34366226196289,-100.0,-100.0,-1.1025563478469849,0.7556261420249939,612.5586290420651,24.749921798706055,31.55516242980957
run_1777423155_f6085e3f,1777423792.725719,7.0,966.0,1.0,24.705448150634766,0.0,21.293630599975586,-100.0,-100.0,-1.1025563478469849,0.713161289691925,610.3591683237028,24.705448150634766,31.55516242980957
run_1777423155_f6085e3f,1777423794.7332838,7.0,966.0,1.0,24.483177185058594,0.0,21.0435733795166,-100.0,-100.0,-1.1025563478469849,0.7937979698181152,599.4259650749736,24.483177185058594,31.55516242980957
run_1777423155_f6085e3f,1777423796.7233517,7.0,966.0,1.0,24.34983253479004,0.0,20.89356231689453,-100.0,-100.0,-1.1025563478469849,0.8086676001548767,592.9143444723195,24.34983253479004,31.55516242980957
run_1777423155_f6085e3f,1777423798.7300432,7.0,966.0,1.0,24.216514587402344,0.0,20.74357795715332,-100.0,-100.0,-1.1025563478469849,0.820339024066925,586.4395787618705,24.216514587402344,31.55516242980957
run_1777423155_f6085e3f,1777423800.7268732,7.0,966.0,1.0,24.127613067626953,0.0,20.643566131591797,-100.0,-100.0,-1.1025563478469849,0.802483856678009,582.1417123411229,24.127613067626953,31.55516242980957
run_1777423155_f6085e3f,1777423802.7251682,7.0,966.0,1.0,23.905399322509766,0.0,20.393573760986328,-100.0,-100.0,-1.1025563478469849,0.8745620250701904,571.4681167686504,23.905399322509766,31.55516242980957
run_1777423155_f6085e3f,1777423804.7200768,7.0,966.0,1.0,23.86095428466797,0.0,20.34357261657715,-100.0,-100.0,-1.1025563478469849,0.8213322758674622,569.3451393750147,23.86095428466797,31.55516242980957
run_1777423155_f6085e3f,1777423806.7313063,7.0,966.0,1.0,23.59433364868164,0.0,20.043624877929688,-100.0,-100.0,-1.1025563478469849,0.9205943942070007,556.6925803253107,23.59433364868164,31.55516242980957
run_1777423155_f6085e3f,1777423808.725589,7.0,966.0,1.0,23.505470275878906,0.0,19.943653106689453,-100.0,-100.0,-1.1025563478469849,0.8931499719619751,552.5071328902268,23.505470275878906,31.55516242980957
run_1777423155_f6085e3f,1777423810.7254498,7.0,966.0,1.0,23.283300399780273,0.0,19.69371223449707,-100.0,-100.0,-1.1025563478469849,0.9601463675498962,542.1120775064082,23.283300399780273,31.55516242980957
run_1777423155_f6085e3f,1777423812.7184832,7.0,966.0,1.0,23.194446563720703,0.0,19.593751907348633,-100.0,-100.0,-1.1025563478469849,0.9289226531982422,537.9823513972951,23.194446563720703,31.55516242980957
run_1777423155_f6085e3f,1777423814.715946,7.0,966.0,1.0,22.97231674194336,0.0,19.343856811523438,-100.0,-100.0,-1.1025563478469849,0.988883912563324,527.7273364921712,22.97231674194336,31.55516242980957
run_1777423155_f6085e3f,1777423816.715803,7.0,966.0,1.0,22.883472442626953,0.0,19.243906021118164,-100.0,-100.0,-1.1025563478469849,0.9549124240875244,523.6533110324672,22.883472442626953,31.55516242980957
run_1777423155_f6085e3f,1777423818.724384,7.0,966.0,1.0,22.66132354736328,0.0,18.993988037109375,-100.0,-100.0,-1.1025563478469849,1.0142041444778442,513.5355849182815,22.66132354736328,31.55516242980957
run_1777423155_f6085e3f,1777423820.7166724,7.0,966.0,1.0,22.572484970092773,0.0,18.894044876098633,-100.0,-100.0,-1.1025563478469849,0.9778134822845459,509.51707772506415,22.572484970092773,31.55516242980957
run_1777423155_f6085e3f,1777423822.7182517,7.0,966.0,1.0,22.350419998168945,0.0,18.644222259521484,-100.0,-100.0,-1.1025563478469849,1.034314513206482,499.5412740945503,22.350419998168945,31.55516242980957
run_1777423155_f6085e3f,1777423824.7215676,7.0,966.0,1.0,22.217159271240234,0.0,18.49430274963379,-100.0,-100.0,-1.1025563478469849,1.026184320449829,493.6021660836559,22.217159271240234,31.55516242980957
run_1777423155_f6085e3f,1777423826.734588,7.0,966.0,1.0,21.995086669921875,0.0,18.24447250366211,-100.0,-100.0,-1.1025563478469849,1.082916259765625,483.78383761737496,21.995086669921875,31.55516242980957
run_1777423155_f6085e3f,1777423828.715613,7.0,966.0,1.0,21.90630340576172,0.0,18.144590377807617,-100.0,-100.0,-1.1025563478469849,1.039933681488037,479.8861289052875,21.90630340576172,31.55516242980957
run_1777423155_f6085e3f,1777423830.7259157,7.0,966.0,1.0,21.684242248535156,0.0,17.894771575927734,-100.0,-100.0,-1.1025563478469849,1.0953445434570312,470.206361893157,21.684242248535156,31.55516242980957
run_1777423155_f6085e3f,1777423832.718666,7.0,966.0,1.0,21.59540557861328,0.0,17.794830322265625,-100.0,-100.0,-1.1025563478469849,1.0512129068374634,466.36154210480163,21.59540557861328,31.55516242980957
run_1777423155_f6085e3f,1777423834.7302942,7.0,966.0,1.0,21.417802810668945,0.0,17.595027923583984,-100.0,-100.0,-1.1025563478469849,1.0692728757858276,458.7222772366986,21.417802810668945,31.55516242980957
run_1777423155_f6085e3f,1777423836.7180586,7.0,966.0,1.0,21.240196228027344,0.0,17.395221710205078,-100.0,-100.0,-1.1025563478469849,1.087935209274292,451.145935805107,21.240196228027344,31.55516242980957
run_1777423155_f6085e3f,1777423838.7284303,7.0,966.0,1.0,21.018199920654297,0.0,17.145475387573242,-100.0,-100.0,-1.1025563478469849,1.1387261152267456,441.7647279045923,21.018199920654297,31.55516242980957
run_1777423155_f6085e3f,1777423840.7213466,7.0,966.0,1.0,20.973798751831055,0.0,17.095523834228516,-100.0,-100.0,-1.1025563478469849,1.0602680444717407,439.9002340823099,20.973798751831055,31.55516242980957
run_1777423155_f6085e3f,1777423842.723515,7.0,966.0,1.0,20.751853942871094,0.0,16.845834732055664,-100.0,-100.0,-1.1025563478469849,1.1064021587371826,430.63944206625456,20.751853942871094,31.55516242980957
run_1777423155_f6085e3f,1777423844.7291565,7.0,966.0,1.0,20.663061141967773,0.0,16.745943069458008,-100.0,-100.0,-1.1025563478469849,1.0611858367919922,426.96209575669855,20.663061141967773,31.55516242980957
run_1777423155_f6085e3f,1777423846.7195294,7.0,966.0,1.0,20.441104888916016,0.0,16.496244430541992,-100.0,-100.0,-1.1025563478469849,1.1096616983413696,417.83876907966624,20.441104888916016,31.55516242980957
run_1777423155_f6085e3f,1777423848.720658,7.0,966.0,1.0,20.35234260559082,0.0,16.396385192871094,-100.0,-100.0,-1.1025563478469849,1.0641133785247803,414.21784953534734,20.35234260559082,31.55516242980957
run_1777423155_f6085e3f,1777423850.7369258,7.0,966.0,1.0,20.086040496826172,0.0,16.09679412841797,-100.0,-100.0,-1.1025563478469849,1.143597960472107,403.44902284014097,20.086040496826172,31.55516242980957
run_1777423155_f6085e3f,1777423852.7156365,7.0,966.0,1.0,19.952898025512695,0.0,15.947010040283203,-100.0,-100.0,-1.1025563478469849,1.1249629259109497,398.1181396165084,19.952898025512695,31.55516242980957
run_1777423155_f6085e3f,1777423854.725129,7.0,966.0,1.0,19.730985641479492,0.0,15.697358131408691,-100.0,-100.0,-1.1025563478469849,1.17274808883667,389.3117943842699,19.730985641479492,31.55516242980957
run_1777423155_f6085e3f,1777423856.7170851,7.0,966.0,1.0,19.686634063720703,0.0,15.647462844848633,-100.0,-100.0,-1.1025563478469849,1.0910112857818604,387.5635607588483,19.686634063720703,31.55516242980957
run_1777423155_f6085e3f,1777423858.7305121,7.0,966.0,1.0,19.46475601196289,0.0,15.397850036621094,-100.0,-100.0,-1.1025563478469849,1.1401787996292114,378.8767266052455,19.46475601196289,31.55516242980957
run_1777423155_f6085e3f,1777423860.7216036,7.0,966.0,1.0,19.37600326538086,0.0,15.298004150390625,-100.0,-100.0,-1.1025563478469849,1.0917130708694458,375.4295025400497,19.37600326538086,31.55516242980957
run_1777423155_f6085e3f,1777423862.714625,7.0,966.0,1.0,19.15414810180664,0.0,15.048417091369629,-100.0,-100.0,-1.1025563478469849,1.1407990455627441,366.88138950594293,19.15414810180664,31.55516242980957
run_1777423155_f6085e3f,1777423864.7252836,7.0,966.0,1.0,19.065420150756836,0.0,14.948596954345703,-100.0,-100.0,-1.1025563478469849,1.0922576189041138,363.4902455248848,19.065420150756836,31.55516242980957
run_1777423155_f6085e3f,1777423866.7203565,7.0,966.0,1.0,18.799236297607422,0.0,14.649140357971191,-100.0,-100.0,-1.1025563478469849,1.1726394891738892,353.4112853732804,18.799236297607422,31.55516242980957
run_1777423155_f6085e3f,1777423868.7179317,7.0,966.0,1.0,18.754871368408203,0.0,14.599228858947754,-100.0,-100.0,-1.1025563478469849,1.0909218788146973,351.7452000455378,18.754871368408203,31.55516242980957
run_1777423155_f6085e3f,1777423870.724691,7.0,966.0,1.0,18.533061981201172,0.0,14.349695205688477,-100.0,-100.0,-1.1025563478469849,1.1382198333740234,343.4743863990443,18.533061981201172,31.55516242980957
run_1777423155_f6085e3f,1777423872.7141228,7.0,966.0,1.0,18.444351196289062,0.0,14.249896049499512,-100.0,-100.0,-1.1025563478469849,1.0899125337600708,340.19409105204977,18.444351196289062,31.55516242980957
run_1777423155_f6085e3f,1777423874.719795,7.0,966.0,1.0,18.17819595336914,0.0,13.950470924377441,-100.0,-100.0,-1.1025563478469849,1.1668363809585571,330.4468081190862,18.17819595336914,31.55516242980957
run_1777423155_f6085e3f,1777423876.728551,7.0,966.0,1.0,18.089496612548828,0.0,13.85068416595459,-100.0,-100.0,-1.1025563478469849,1.1170120239257812,327.2298876954155,18.089496612548828,31.55516242980957
run_1777423155_f6085e3f,1777423878.727703,7.0,966.0,1.0,17.867769241333008,0.0,13.601240158081055,-100.0,-100.0,-1.1025563478469849,1.163596510887146,319.25717766152593,17.867769241333008,31.55516242980957
run_1777423155_f6085e3f,1777423880.7251165,7.0,966.0,1.0,17.73471450805664,0.0,13.451554298400879,-100.0,-100.0,-1.1025563478469849,1.1448252201080322,314.5200986822747,17.73471450805664,31.55516242980957
run_1777423155_f6085e3f,1777423882.7281885,7.0,966.0,1.0,17.55733299255371,0.0,13.251999855041504,-100.0,-100.0,-1.1025563478469849,1.159227967262268,308.25994181141505,17.55733299255371,31.55516242980957
run_1777423155_f6085e3f,1777423884.7267034,7.0,966.0,1.0,17.468652725219727,0.0,13.15223503112793,-100.0,-100.0,-1.1025563478469849,1.1101161241531372,305.1538280343266,17.468652725219727,31.55516242980957
run_1777423155_f6085e3f,1777423886.724941,7.0,966.0,1.0,17.246944427490234,0.0,12.902811050415039,-100.0,-100.0,-1.1025563478469849,1.1573452949523926,297.45709208493645,17.246944427490234,31.55516242980957
run_1777423155_f6085e3f,1777423888.7257729,7.0,966.0,1.0,17.11394500732422,0.0,12.753189086914062,-100.0,-100.0,-1.1025563478469849,1.1391315460205078,292.88711371371755,17.11394500732422,31.55516242980957
run_1777423155_f6085e3f,1777423890.7296467,7.0,966.0,1.0,16.93658447265625,0.0,12.553658485412598,-100.0,-100.0,-1.1025563478469849,1.1540613174438477,286.8478935994208,16.93658447265625,31.55516242980957
run_1777423155_f6085e3f,1777423892.7261488,7.0,966.0,1.0,16.847909927368164,0.0,12.453899383544922,-100.0,-100.0,-1.1025563478469849,1.1054383516311646,283.85206892071074,16.847909927368164,31.55516242980957
run_1777423155_f6085e3f,1777423894.7168276,7.0,966.0,1.0,16.58194351196289,0.0,12.154685974121094,-100.0,-100.0,-1.1025563478469849,1.1825827360153198,274.9608506339282,16.58194351196289,31.55516242980957
run_1777423155_f6085e3f,1777423896.7264788,7.0,966.0,1.0,16.537626266479492,0.0,12.104829788208008,-100.0,-100.0,-1.1025563478469849,1.1004942655563354,273.4930825297524,16.537626266479492,31.55516242980957
run_1777423155_f6085e3f,1777423898.7242322,7.0,966.0,1.0,16.315956115722656,0.0,11.855451583862305,-100.0,-100.0,-1.1025563478469849,1.1467833518981934,266.21042397018755,16.315956115722656,31.55516242980957
run_1777423155_f6085e3f,1777423900.735677,7.0,966.0,1.0,16.22731590270996,0.0,11.755729675292969,-100.0,-100.0,-1.1025563478469849,1.0988309383392334,263.3257814063436,16.22731590270996,31.55516242980957
run_1777423155_f6085e3f,1777423902.7266812,7.0,966.0,1.0,16.0500545501709,0.0,11.556310653686523,-100.0,-100.0,-1.1025563478469849,1.112048625946045,257.60425106346156,16.0500545501709,31.55516242980957
run_1777423155_f6085e3f,1777423904.7241955,7.0,966.0,1.0,15.872759819030762,0.0,11.356854438781738,-100.0,-100.0,-1.1025563478469849,1.1270643472671509,251.94450427263746,15.872759819030762,31.55516242980957
run_1777423155_f6085e3f,1777423906.7253504,7.0,966.0,1.0,15.739794731140137,0.0,11.207268714904785,-100.0,-100.0,-1.1025563478469849,1.1080926656723022,247.7411381784268,15.739794731140137,31.55516242980957
run_1777423155_f6085e3f,1777423908.7199202,7.0,966.0,1.0,15.5625638961792,0.0,11.00788402557373,-100.0,-100.0,-1.1025563478469849,1.1216492652893066,242.1933950226603,15.5625638961792,31.55516242980957
run_1777423155_f6085e3f,1777423910.7278433,7.0,966.0,1.0,15.429627418518066,0.0,10.858330726623535,-100.0,-100.0,-1.1025563478469849,1.103175163269043,238.0734022742845,15.429627418518066,31.55516242980957
run_1777423155_f6085e3f,1777423912.7190018,7.0,966.0,1.0,15.208072662353516,0.0,10.609081268310547,-100.0,-100.0,-1.1025563478469849,1.1461292505264282,231.28547410342435,15.208072662353516,31.55516242980957
run_1777423155_f6085e3f,1777423914.7229538,7.0,966.0,1.0,15.119450569152832,0.0,10.509381294250488,-100.0,-100.0,-1.1025563478469849,1.0958120822906494,228.5977855130559,15.119450569152832,31.55516242980957
run_1777423155_f6085e3f,1777423916.7137983,7.0,966.0,1.0,14.897917747497559,0.0,10.260157585144043,-100.0,-100.0,-1.1025563478469849,1.1394541263580322,221.94795321120273,14.897917747497559,31.55516242980957
run_1777423155_f6085e3f,1777423918.7150862,7.0,966.0,1.0,14.764999389648438,0.0,10.110624313354492,-100.0,-100.0,-1.1025563478469849,1.1192697286605835,218.00520697631873,14.764999389648438,31.55516242980957
run_1777423155_f6085e3f,1777423920.7252455,7.0,966.0,1.0,14.587810516357422,0.0,9.911287307739258,-100.0,-100.0,-1.1025563478469849,1.129940390586853,212.8042156611482,14.587810516357422,31.55516242980957
run_1777423155_f6085e3f,1777423922.7273188,7.0,966.0,1.0,14.454906463623047,0.0,9.761770248413086,-100.0,-100.0,-1.1025563478469849,1.1106537580490112,208.94432087209134,14.454906463623047,31.55516242980957
run_1777423155_f6085e3f,1777423924.731502,7.0,966.0,1.0,14.277765274047852,0.0,9.56248664855957,-100.0,-100.0,-1.1025563478469849,1.1239063739776611,203.85458122080672,14.277765274047852,31.55516242980957
run_1777423155_f6085e3f,1777423926.7266645,7.0,966.0,1.0,14.14484691619873,0.0,9.412952423095703,-100.0,-100.0,-1.1025563478469849,1.1052050590515137,200.07669428269674,14.14484691619873,31.55516242980957
run_1777423155_f6085e3f,1777423928.718779,7.0,966.0,1.0,13.923418045043945,0.0,9.163846015930176,-100.0,-100.0,-1.1025563478469849,1.149673342704773,193.86157005705536,13.923418045043945,31.55516242980957
run_1777423155_f6085e3f,1777423930.7285547,7.0,966.0,1.0,13.834835052490234,0.0,9.064188957214355,-100.0,-100.0,-1.1025563478469849,1.1001867055892944,191.40266092961247,13.834835052490234,31.55516242980957
run_1777423155_f6085e3f,1777423932.7170725,7.0,966.0,1.0,13.613385200500488,0.0,8.815058708190918,-100.0,-100.0,-1.1025563478469849,1.1451488733291626,185.32425661720572,13.613385200500488,31.55516242980957
run_1777423155_f6085e3f,1777423934.7211256,7.0,966.0,1.0,13.480552673339844,0.0,8.665621757507324,-100.0,-100.0,-1.1025563478469849,1.1261554956436157,181.72530037869,13.480552673339844,31.55516242980957
run_1777423155_f6085e3f,1777423936.7251642,7.0,966.0,1.0,13.30342960357666,0.0,8.466358184814453,-100.0,-100.0,-1.1025563478469849,1.1397091150283813,176.98123921731985,13.30342960357666,31.55516242980957
run_1777423155_f6085e3f,1777423938.724751,7.0,966.0,1.0,13.21487808227539,0.0,8.366738319396973,-100.0,-100.0,-1.1025563478469849,1.0911515951156616,174.6330027294025,13.21487808227539,31.55516242980957
run_1777423155_f6085e3f,1777423940.7132952,7.0,966.0,1.0,13.037742614746094,0.0,8.167460441589355,-100.0,-100.0,-1.1025563478469849,1.1062612533569336,169.9827324883663,13.037742614746094,31.55516242980957
run_1777423155_f6085e3f,1777423942.7151234,7.0,966.0,1.0,12.904950141906738,0.0,8.01806926727295,-100.0,-100.0,-1.1025563478469849,1.0909501314163208,166.53773816509874,12.904950141906738,31.55516242980957
run_1777423155_f6085e3f,1777423944.7228947,7.0,966.0,1.0,12.683572769165039,0.0,7.769019603729248,-100.0,-100.0,-1.1025563478469849,1.1367437839508057,160.8730181907049,12.683572769165039,31.55516242980957
run_1777423155_f6085e3f,1777423946.720767,7.0,966.0,1.0,12.595041275024414,0.0,7.669421195983887,-100.0,-100.0,-1.1025563478469849,1.0884554386138916,158.63506471956862,12.595041275024414,31.55516242980957
run_1777423155_f6085e3f,1777423948.721171,7.0,966.0,1.0,12.417984008789062,0.0,7.470232963562012,-100.0,-100.0,-1.1025563478469849,1.1037685871124268,154.20632684254088,12.417984008789062,31.55516242980957
run_1777423155_f6085e3f,1777423950.7212021,7.0,966.0,1.0,12.329448699951172,0.0,7.37062931060791,-100.0,-100.0,-1.1025563478469849,1.0586285591125488,152.01530524472764,12.329448699951172,31.55516242980957
run_1777423155_f6085e3f,1777423952.714009,7.0,966.0,1.0,12.10812759399414,0.0,7.121643543243408,-100.0,-100.0,-1.1025563478469849,1.1074672937393188,146.60675383244234,12.10812759399414,31.55516242980957
run_1777423155_f6085e3f,1777423954.7343287,7.0,966.0,1.0,12.019611358642578,0.0,7.022063732147217,-100.0,-100.0,-1.1025563478469849,1.06196129322052,144.47105721280968,12.019611358642578,31.55516242980957
run_1777423155_f6085e3f,1777423956.7202141,7.0,966.0,1.0,11.84256362915039,0.0,6.8228840827941895,-100.0,-100.0,-1.1025563478469849,1.0810387134552002,140.24631331047567,11.84256362915039,31.55516242980957
run_1777423155_f6085e3f,1777423958.7162023,7.0,966.0,1.0,11.754071235656738,0.0,6.723330497741699,-100.0,-100.0,-1.1025563478469849,1.0380375385284424,138.15819061289312,11.754071235656738,31.55516242980957
run_1777423155_f6085e3f,1777423960.721306,7.0,966.0,1.0,11.532794952392578,0.0,6.474394798278809,-100.0,-100.0,-1.1025563478469849,1.0882619619369507,133.00535941393173,11.532794952392578,31.55516242980957
run_1777423155_f6085e3f,1777423962.7226248,7.0,966.0,1.0,11.444299697875977,0.0,6.374836444854736,-100.0,-100.0,-1.1025563478469849,1.0445737838745117,130.97199557480417,11.444299697875977,31.55516242980957
run_1777423155_f6085e3f,1777423964.7193768,7.0,966.0,1.0,11.223047256469727,0.0,6.125927448272705,-100.0,-100.0,-1.1025563478469849,1.0941578149795532,125.95678972095266,11.223047256469727,31.55516242980957
run_1777423155_f6085e3f,1777423966.716216,7.0,966.0,1.0,11.134557723999023,0.0,6.0263776779174805,-100.0,-100.0,-1.1025563478469849,1.0499035120010376,123.97837570906631,11.134557723999023,31.55516242980957
run_1777423155_f6085e3f,1777423968.7275636,7.0,966.0,1.0,10.913329124450684,0.0,5.77749490737915,-100.0,-100.0,-1.1025563478469849,1.1013754606246948,119.10075257858352,10.913329124450684,31.55516242980957
run_1777423155_f6085e3f,1777423970.7174056,7.0,966.0,1.0,10.824850082397461,0.0,5.677956581115723,-100.0,-100.0,-1.1025563478469849,1.0564253330230713,117.17737930638032,10.824850082397461,31.55516242980957
run_1777423155_f6085e3f,1777423972.724561,7.0,966.0,1.0,10.603660583496094,0.0,5.429118633270264,-100.0,-100.0,-1.1025563478469849,1.1072473526000977,112.43761776998872,10.603660583496094,31.55516242980957
run_1777423155_f6085e3f,1777423974.7355428,7.0,966.0,1.0,10.559417724609375,0.0,5.379344940185547,-100.0,-100.0,-1.1025563478469849,1.0316845178604126,111.50130268279463,10.559417724609375,31.55516242980957
run_1777423155_f6085e3f,1777423976.7169216,7.0,966.0,1.0,10.338232040405273,0.0,5.13051176071167,-100.0,-100.0,-1.1025563478469849,1.0824528932571411,106.87904172126218,10.338232040405273,31.55516242980957
run_1777423155_f6085e3f,1777423978.7246244,7.0,966.0,1.0,10.249772071838379,0.0,5.030993461608887,-100.0,-100.0,-1.1025563478469849,1.039294958114624,105.05782752463801,10.249772071838379,31.55516242980957
run_1777423155_f6085e3f,1777423980.7128272,7.0,966.0,1.0,10.072844505310059,0.0,4.8319501876831055,-100.0,-100.0,-1.1025563478469849,1.0604517459869385,101.46219642815504,10.072844505310059,31.55516242980957
run_1777423155_f6085e3f,1777423982.717462,7.0,966.0,1.0,9.98436164855957,0.0,4.732407093048096,-100.0,-100.0,-1.1025563478469849,1.0194077491760254,99.68747752922718,9.98436164855957,31.55516242980957
run_1777423155_f6085e3f,1777423984.7209125,7.0,966.0,1.0,9.807479858398438,0.0,4.5334153175354,-100.0,-100.0,-1.1025563478469849,1.0436009168624878,96.18666117289104,9.807479858398438,31.55516242980957
run_1777423155_f6085e3f,1777423986.7195208,7.0,966.0,1.0,9.719036102294922,0.0,4.433915138244629,-100.0,-100.0,-1.1025563478469849,1.0041379928588867,94.45966275771207,9.719036102294922,31.55516242980957
run_1777423155_f6085e3f,1777423988.7150683,7.0,966.0,1.0,9.497883796691895,0.0,4.185119152069092,-100.0,-100.0,-1.1025563478469849,1.05926513671875,90.20979661546244,9.497883796691895,31.55516242980957
run_1777423155_f6085e3f,1777423990.7188604,7.0,966.0,1.0,9.409448623657227,0.0,4.085629940032959,-100.0,-100.0,-1.1025563478469849,1.018302083015442,88.53772340124488,9.409448623657227,31.55516242980957
run_1777423155_f6085e3f,1777423992.7214959,7.0,966.0,1.0,9.232601165771484,0.0,3.8866770267486572,-100.0,-100.0,-1.1025563478469849,1.0407506227493286,85.24092428620497,9.232601165771484,31.55516242980957
run_1777423155_f6085e3f,1777423994.7131522,7.0,966.0,1.0,9.144145965576172,0.0,3.787163496017456,-100.0,-100.0,-1.1025563478469849,1.0015672445297241,83.61540543976298,9.144145965576172,31.55516242980957
run_1777423155_f6085e3f,1777423996.7172933,7.0,966.0,1.0,8.923067092895508,0.0,3.538450241088867,-100.0,-100.0,-1.1025563478469849,1.0550658702850342,79.62112634431469,8.923067092895508,31.55516242980957
run_1777423155_f6085e3f,1777423998.7135017,7.0,966.0,1.0,8.834650039672852,0.0,3.4389805793762207,-100.0,-100.0,-1.1025563478469849,1.014491081237793,78.05104132349152,8.834650039672852,31.55516242980957
run_1777423155_f6085e3f,1777424000.7225118,7.0,966.0,1.0,8.657808303833008,0.0,3.2400341033935547,-100.0,-100.0,-1.1025563478469849,1.0391254425048828,74.95764462591978,8.657808303833008,31.55516242980957
run_1777423155_f6085e3f,1777424002.7220423,7.0,966.0,1.0,8.56939697265625,0.0,3.140571355819702,-100.0,-100.0,-1.1025563478469849,1.0000672340393066,73.4345644749701,8.56939697265625,31.55516242980957
run_1777423155_f6085e3f,1777424004.7260582,7.0,966.0,1.0,8.348362922668457,0.0,2.8919076919555664,-100.0,-100.0,-1.139594316482544,1.0555026531219482,69.69516348858542,8.348362922668457,31.55516242980957
run_1777423155_f6085e3f,1777424006.7259438,7.0,966.0,1.0,8.25996208190918,0.0,2.7924578189849854,-100.0,-100.0,-1.3850756883621216,1.0148751735687256,68.22697359457743,8.25996208190918,31.55516242980957
run_1777423155_f6085e3f,1777424008.7205899,7.0,966.0,1.0,8.038980484008789,0.0,2.543853282928467,-100.0,-100.0,-1.6268318891525269,1.070686936378479,64.62520722227418,8.038980484008789,31.55516242980957
run_1777423155_f6085e3f,1777424010.722285,7.0,966.0,1.0,7.950559616088867,0.0,2.4443798065185547,-100.0,-100.0,-1.8636869192123413,1.0298411846160889,63.211398208983155,7.950559616088867,31.55516242980957
run_1777423155_f6085e3f,1777424012.7264247,7.0,966.0,1.0,7.7737717628479,0.0,2.2454934120178223,-100.0,-100.0,-2.0964884757995605,1.0529730319976807,60.43152742085135,7.7737717628479,31.55516242980957
run_1777423155_f6085e3f,1777424014.7237818,7.0,966.0,1.0,7.641176700592041,0.0,2.0963239669799805,-100.0,-100.0,-2.325040578842163,1.0444351434707642,58.38758136967067,7.641176700592041,31.55516242980957
run_1777423155_f6085e3f,1777424016.7265058,7.0,966.0,1.0,7.464449882507324,0.0,1.8975062370300293,-100.0,-100.0,-2.548691749572754,1.0661327838897705,55.718012048463606,7.464449882507324,31.55516242980957
run_1777423155_f6085e3f,1777424018.719958,7.0,966.0,1.0,7.376034259796143,0.0,1.798038363456726,-100.0,-100.0,-2.76855206489563,1.0257176160812378,54.40588140168643,7.376034259796143,31.55516242980957
run_1777423155_f6085e3f,1777424020.7246003,7.0,966.0,1.0,7.199294090270996,0.0,1.5992058515548706,-100.0,-100.0,-2.9843616485595703,1.049210548400879,51.82983539821089,7.199294090270996,31.55516242980957
run_1777423155_f6085e3f,1777424022.7238595,7.0,966.0,1.0,7.110928535461426,0.0,1.4997944831848145,-100.0,-100.0,-3.1963813304901123,1.0103751420974731,50.56530463643958,7.110928535461426,31.55516242980957
run_1777423155_f6085e3f,1777424024.7105355,7.0,966.0,1.0,6.93419075012207,0.0,1.3009644746780396,-100.0,-99.05987548828125,-3.4043502807617188,1.0353294610977173,48.08300135907848,6.93419075012207,31.55516242980957
run_1777423155_f6085e3f,1777424027.421647,12.0,525.0,49.0,6.757449150085449,0.0,1.1021301746368408,-31.144702911376953,-56.312076568603516,-3.727703809738159,28.89508056640625,45.66311901599056,6.757449150085449,31.55516242980957
run_1777423155_f6085e3f,1777424029.721341,12.0,525.0,49.0,6.66909646987915,0.0,1.0027337074279785,-31.678852081298828,-55.5758056640625,-3.9404027462005615,27.837356567382812,44.476847724554545,6.66909646987915,31.55516242980957
run_1777423155_f6085e3f,1777424031.7187922,12.0,525.0,49.0,6.492386817932129,0.0,0.803935170173645,-29.637319564819336,-54.10322570800781,-4.1490349769592285,28.614944458007812,42.151086593658874,6.492386817932129,31.55516242980957
run_1777423155_f6085e3f,1777424033.7231603,12.0,525.0,49.0,6.404041767120361,0.0,0.7045475244522095,-30.13654136657715,-53.36701965332031,-4.3533196449279785,27.583799362182617,41.01175095502208,6.404041767120361,31.55516242980957
run_1777423155_f6085e3f,1777424035.7259824,12.0,525.0,49.0,6.227333068847656,0.0,0.5057496428489685,-28.113183975219727,-51.89444351196289,-4.552695274353027,28.333953857421875,38.77967715036357,6.227333068847656,31.55516242980957
run_1777423155_f6085e3f,1777424037.7260752,12.0,525.0,49.0,6.139011383056641,0.0,0.4063880443572998,-28.54401397705078,-51.15842819213867,-4.749128341674805,27.363544464111328,37.68746076129901,6.139011383056641,31.55516242980957
run_1777423155_f6085e3f,1777424039.7163322,12.0,525.0,49.0,6.006490707397461,0.0,0.257302463054657,-27.693288803100586,-50.05409240722656,-4.941282749176025,27.302085876464844,36.07793061805205,6.006490707397461,31.55516242980957
run_1777423155_f6085e3f,1777424041.7167406,12.0,525.0,49.0,5.918161392211914,0.0,0.15793158113956451,-28.018463134765625,-49.31801223754883,-5.130704879760742,26.430255889892578,35.02463426426766,5.918161392211914,31.55516242980957
run_1777423155_f6085e3f,1777424043.7114925,12.0,525.0,49.0,5.697328090667725,0.0,-0.09050619602203369,-24.61857795715332,-47.47773361206055,-5.314307689666748,28.173463821411133,32.45954737271154,5.697328090667725,31.55516242980957
run_1777423155_f6085e3f,1777424045.7334628,12.0,525.0,49.0,5.609006881713867,0.0,-0.18986715376377106,-25.01727867126465,-46.741722106933594,-5.4939141273498535,27.218358993530273,31.46095819911352,5.609006881713867,31.55516242980957
run_1777423155_f6085e3f,1777424047.7177837,12.0,525.0,49.0,5.476510524749756,0.0,-0.33892518281936646,-24.085813522338867,-45.63758850097656,-5.670084476470947,27.221858978271484,29.992167527694846,5.476510524749756,31.55516242980957
run_1777423155_f6085e3f,1777424049.7202914,12.0,525.0,49.0,5.38819694519043,0.0,-0.43827831745147705,-24.386947631835938,-44.901641845703125,-5.842679977416992,26.357370376586914,29.03266632015948,5.38819694519043,31.55516242980957
run_1777423155_f6085e3f,1777424051.724584,12.0,525.0,49.0,5.211578845977783,0.0,-0.6369737386703491,-22.166105270385742,-43.42982482910156,-6.010648727416992,27.27436637878418,27.160554067843123,5.211578845977783,31.55516242980957
run_1777423155_f6085e3f,1777424053.7298682,12.0,525.0,49.0,5.1674323081970215,0.0,-0.6866382360458374,-23.698823928833008,-43.06193542480469,-6.175466060638428,25.538576126098633,26.702356659798397,5.1674323081970215,31.55516242980957
run_1777423155_f6085e3f,1777424055.7179654,12.0,525.0,49.0,4.990784645080566,0.0,-0.8853675723075867,-21.39206886291504,-41.589874267578125,-6.336429119110107,26.53423500061035,24.907931373571955,4.990784645080566,31.55516242980957
run_1777423155_f6085e3f,1777424057.7182715,12.0,525.0,49.0,4.902484893798828,0.0,-0.9847038984298706,-21.612579345703125,-40.854042053222656,-6.493605613708496,25.735069274902344,24.034358133925707,4.902484893798828,31.55516242980957
run_1777423155_f6085e3f,1777424059.7184308,12.0,525.0,49.0,4.770035266876221,0.0,-1.133710265159607,-20.56923484802246,-39.75029754638672,-6.6465020179748535,25.82756233215332,22.753236447242898,4.770035266876221,31.55516242980957
run_1777423155_f6085e3f,1777424061.7639272,12.0,525.0,49.0,4.681757926940918,0.0,-1.2330224514007568,-20.7159481048584,-39.0146484375,-6.796667098999023,25.095367431640625,21.918857286474122,4.681757926940918,31.55516242980957
run_1777423155_f6085e3f,1777424063.740749,12.0,525.0,49.0,4.505138397216797,0.0,-1.431719183921814,-18.3170223236084,-37.54281997680664,-6.942770004272461,26.168567657470703,20.29627197807713,4.505138397216797,31.55516242980957
run_1777423155_f6085e3f,1777424065.719807,12.0,525.0,49.0,4.461002826690674,0.0,-1.4813719987869263,-19.722145080566406,-37.17502212524414,-7.085160732269287,24.538040161132812,19.900546219742182,4.461002826690674,31.55516242980957
run_1777423155_f6085e3f,1777424067.7141023,12.0,525.0,49.0,4.284426689147949,0.0,-1.6800205707550049,-17.264265060424805,-35.703556060791016,-7.224260330200195,25.663555145263672,18.356312054683258,4.284426689147949,31.55516242980957
run_1777423155_f6085e3f,1777424069.7097256,12.0,525.0,49.0,4.240294933319092,0.0,-1.7296682596206665,-18.614307403564453,-35.335792541503906,-7.359647750854492,24.081130981445312,17.98010112153156,4.240294933319092,31.55516242980957
run_1777423155_f6085e3f,1777424071.7174137,12.0,525.0,49.0,4.0196027755737305,0.0,-1.9779469966888428,-14.837444305419922,-33.49668884277344,-7.491673469543457,26.150917053222656,16.157206473400038,4.0196027755737305,31.55516242980957
run_1777423155_f6085e3f,1777424073.7180467,12.0,525.0,49.0,4.0196027755737305,0.0,-1.9779469966888428,-17.459585189819336,-33.49668884277344,-7.619287014007568,23.656391143798828,16.157206473400038,4.0196027755737305,31.55516242980957
run_1777423155_f6085e3f,1777424075.7111917,12.0,525.0,49.0,3.843038320541382,0.0,-2.176582098007202,-14.903944969177246,-32.02531814575195,-7.744366645812988,24.865739822387695,14.768943533149525,3.843038320541382,31.55516242980957
run_1777423155_f6085e3f,1777424077.714285,12.0,525.0,49.0,3.7547738552093506,0.0,-2.275879144668579,-14.929841041564941,-31.289783477783203,-7.8651018142700195,24.22504234313965,14.09832670376369,3.7547738552093506,31.55516242980957
run_1777423155_f6085e3f,1777424079.7190912,12.0,525.0,49.0,3.622361421585083,0.0,-2.4248435497283936,-13.621115684509277,-30.18634605407715,-7.982965469360352,24.54819679260254,13.121502268587903,3.622361421585083,31.55516242980957
run_1777423155_f6085e3f,1777424081.7257347,12.0,525.0,49.0,3.534104585647583,0.0,-2.524132490158081,-13.609928131103516,-29.45087242126465,-8.096696853637695,23.93764305114746,12.489895222295274,3.534104585647583,31.55516242980957
run_1777423155_f6085e3f,1777424083.7222776,12.0,525.0,49.0,3.401700973510742,0.0,-2.673086166381836,-12.267011642456055,-28.347509384155273,-8.207557678222656,24.288055419921875,11.571569513183931,3.401700973510742,31.55516242980957
run_1777423155_f6085e3f,1777424085.7148197,12.0,525.0,49.0,3.357583522796631,0.0,-2.7227182388305664,-13.458220481872559,-27.979862213134766,-8.314915657043457,22.836559295654297,11.273367112555434,3.357583522796631,31.55516242980957
run_1777423155_f6085e3f,1777424087.7223096,12.0,525.0,49.0,3.225202798843384,0.0,-2.8716466426849365,-12.073636054992676,-26.876691818237305,-8.419052124023438,23.22210693359375,10.401933093667196,3.225202798843384,31.55516242980957
run_1777423155_f6085e3f,1777424089.7447882,12.0,525.0,49.0,3.136943817138672,0.0,-2.970938205718994,-11.923295021057129,-26.141199111938477,-8.520177841186523,22.738080978393555,9.840416511884541,3.136943817138672,31.55516242980957
run_1777423155_f6085e3f,1777424091.7210524,12.0,525.0,49.0,3.0045735836029053,0.0,-3.119854688644409,-10.489492416381836,-25.038114547729492,-8.617871284484863,23.166494369506836,9.027462419284404,3.0045735836029053,31.55516242980957
run_1777423155_f6085e3f,1777424093.7098851,12.0,525.0,49.0,2.916349172592163,0.0,-3.219106912612915,-10.327800750732422,-24.30290985107422,-8.711993217468262,22.687101364135742,8.505092496478994,2.916349172592163,31.55516242980957
run_1777423155_f6085e3f,1777424095.7147002,12.0,525.0,49.0,2.7839462757110596,0.0,-3.368060350418091,-8.881218910217285,-23.199552536010742,-8.802682876586914,23.121015548706055,7.750356866045479,2.7839462757110596,31.55516242980957
run_1777423155_f6085e3f,1777424097.7235081,12.0,525.0,49.0,2.6957290172576904,0.0,-3.4673049449920654,-8.708386421203613,-22.46440887451172,-8.889801025390625,22.645824432373047,7.266954934485113,2.6957290172576904,31.55516242980957
run_1777423155_f6085e3f,1777424099.7165544,12.0,525.0,49.0,2.5633790493011475,0.0,-3.616198778152466,-7.20059871673584,-21.361492156982422,-8.97432804107666,23.135221481323242,6.570912150396055,2.5633790493011475,31.55516242980957
run_1777423155_f6085e3f,1777424101.711761,12.0,525.0,49.0,2.519273042678833,0.0,-3.665817975997925,-8.255547523498535,-20.993942260742188,-9.055072784423828,21.793466567993164,6.346736663568265,2.519273042678833,31.55516242980957
run_1777423155_f6085e3f,1777424103.7100947,12.0,525.0,49.0,2.386930227279663,0.0,-3.8147032260894775,-6.661070823669434,-19.89108657836914,-9.133996963500977,22.364013671875,5.697435909901344,2.386930227279663,31.55516242980957
run_1777423155_f6085e3f,1777424105.7240722,12.0,525.0,49.0,2.3428285121917725,0.0,-3.8643181324005127,-7.636971950531006,-19.523571014404297,-9.209138870239258,21.095739364624023,5.488845437538714,2.3428285121917725,31.55516242980957
run_1777423155_f6085e3f,1777424107.7232218,12.0,525.0,49.0,2.2104506492614746,0.0,-4.013243198394775,-6.021098613739014,-18.420421600341797,-9.281620025634766,21.680944442749023,4.886092072820475,2.2104506492614746,31.55516242980957
run_1777423155_f6085e3f,1777424109.7121649,12.0,525.0,49.0,2.166349411010742,0.0,-4.062856674194336,-6.926250457763672,-18.05291175842285,-9.35115909576416,20.477819442749023,4.69306977058659,2.166349411010742,31.55516242980957
run_1777423155_f6085e3f,1777424111.7134056,12.0,525.0,49.0,2.0340394973754883,0.0,-4.211705684661865,-5.247726917266846,-16.95033073425293,-9.418036460876465,21.12063980102539,4.137316676883529,2.0340394973754883,31.55516242980957
run_1777423155_f6085e3f,1777424113.7354617,12.0,525.0,49.0,1.9458293914794922,0.0,-4.310941696166992,-4.86046838760376,-16.215246200561523,-9.481343269348145,20.836118698120117,3.786252020745451,1.9458293914794922,31.55516242980957
run_1777423155_f6085e3f,1777424116.5200684,12.0,58.0,99.0,1.8134989738464355,0.0,-4.459813594818115,14.745179176330566,-15.112492561340332,-10.142330169677734,40.0,3.2887785281420747,1.8134989738464355,31.55516242980957
run_1777423155_f6085e3f,1777424118.7139254,12.0,58.0,99.0,1.7252821922302246,0.0,-4.559057712554932,14.970603942871094,-14.377352714538574,-10.652043342590332,40.0,2.9765986428267297,1.7252821922302246,31.55516242980957
run_1777423155_f6085e3f,1777424120.7108362,12.0,58.0,99.0,1.637068271636963,0.0,-4.658298015594482,15.223893165588379,-13.642236709594727,-11.133870124816895,40.0,2.679992526000433,1.637068271636963,31.55516242980957
run_1777423155_f6085e3f,1777424122.7219996,12.0,58.0,99.0,1.5488848686218262,0.0,-4.757504463195801,15.499740600585938,-12.907373428344727,-11.592885971069336,40.0,2.3990443362456517,1.5488848686218262,31.55516242980957
run_1777423155_f6085e3f,1777424124.7353945,12.0,58.0,99.0,1.504781723022461,0.0,-4.8071208000183105,13.406976699829102,-12.539848327636719,-12.030994415283203,37.977821350097656,2.2643680339424463,1.504781723022461,31.55516242980957
run_1777423155_f6085e3f,1777424126.7342505,12.0,58.0,99.0,1.460690975189209,0.0,-4.856722354888916,11.326739311218262,-12.17242431640625,-12.446288108825684,35.94544982910156,2.1336181249992023,1.460690975189209,31.55516242980957
run_1777423155_f6085e3f,1777424128.70892,12.0,58.0,99.0,1.4165730476379395,0.0,-4.906355381011963,9.583695411682129,-11.804776191711426,-12.859058380126953,34.247528076171875,2.00667919929424,1.4165730476379395,31.55516242980957
run_1777423155_f6085e3f,1777424130.7245095,12.0,58.0,99.0,1.3724846839904785,0.0,-4.9559550285339355,7.98206901550293,-11.437373161315918,-13.25662899017334,32.67607116699219,1.8837142077884437,1.3724846839904785,31.55516242980957
run_1777423155_f6085e3f,1777424132.7206213,12.0,58.0,99.0,1.3283824920654297,0.0,-5.0055694580078125,6.575486183166504,-11.069854736328125,-13.644049644470215,31.289390563964844,1.7646000452259614,1.3283824920654297,31.55516242980957
run_1777423155_f6085e3f,1777424134.7161293,12.0,58.0,99.0,1.2842812538146973,0.0,-5.055183410644531,5.3795366287231445,-10.702343940734863,-14.023858070373535,30.10573959350586,1.6493783388998509,1.2842812538146973,31.55516242980957
run_1777423155_f6085e3f,1777424136.7311814,12.0,58.0,99.0,1.2842812538146973,0.0,-5.055183410644531,2.1387248039245605,-10.702343940734863,-14.392900466918945,27.233970642089844,1.6493783388998509,1.2842812538146973,31.55516242980957
run_1777423155_f6085e3f,1777424138.7476346,12.0,58.0,99.0,1.240194320678711,0.0,-5.104781150817871,1.244083046913147,-10.334953308105469,-14.752443313598633,26.331478118896484,1.5380819530437293,1.240194320678711,31.55516242980957
run_1777423155_f6085e3f,1777424140.7206569,12.0,58.0,99.0,1.1960945129394531,0.0,-5.154393672943115,0.4806011915206909,-9.96745491027832,-15.101853370666504,25.549909591674805,1.4306420838838676,1.1960945129394531,31.55516242980957
run_1777423155_f6085e3f,1777424142.7199757,12.0,58.0,99.0,1.1519956588745117,0.0,-5.204005241394043,-0.22750794887542725,-9.599964141845703,-15.436063766479492,24.80851936340332,1.3270939980657204,1.1519956588745117,31.55516242980957
run_1777423155_f6085e3f,1777424144.7198048,12.0,58.0,99.0,1.1078968048095703,0.0,-5.2536163330078125,-0.7879063487052917,-9.232473373413086,-15.762664794921875,24.207231521606445,1.2274353301072551,1.1078968048095703,31.55516242980957
run_1777423155_f6085e3f,1777424146.716684,12.0,58.0,99.0,1.0637993812561035,0.0,-5.303225994110107,-1.3426556587219238,-8.864995002746582,-16.071514129638672,23.593852996826172,1.1316691235608687,1.0637993812561035,31.55516242980957
run_1777423155_f6085e3f,1777424148.7137926,12.0,58.0,99.0,1.0197148323059082,0.0,-5.352820873260498,-1.7625242471694946,-8.497624397277832,-16.37276268005371,23.10786247253418,1.0398183392246665,1.0197148323059082,31.55516242980957
run_1777423155_f6085e3f,1777424150.7098534,12.0,58.0,99.0,0.9756040573120117,0.0,-5.4024457931518555,-2.088879108428955,-8.130034446716309,-16.66387939453125,22.705034255981445,0.951803276643659,0.9756040573120117,31.55516242980957
run_1777423155_f6085e3f,1777424152.7249897,12.0,58.0,99.0,0.9315223693847656,0.0,-5.452037334442139,-2.398771047592163,-7.762686729431152,-16.939796447753906,22.303712844848633,0.8677339246642077,0.9315223693847656,31.55516242980957
run_1777423155_f6085e3f,1777424154.722633,12.0,58.0,99.0,0.8874416351318359,0.0,-5.501628398895264,-2.6245622634887695,-7.3953471183776855,-17.205581665039062,21.97636604309082,0.7875526557654666,0.8874416351318359,31.55516242980957
run_1777423155_f6085e3f,1777424156.7218366,12.0,58.0,99.0,0.8433465957641602,0.0,-5.551235198974609,-2.83897066116333,-7.027888298034668,-17.456167221069336,21.645084381103516,0.7112334805869978,0.8433465957641602,31.55516242980957
run_1777423155_f6085e3f,1777424158.7204552,12.0,58.0,99.0,0.7992668151855469,0.0,-5.60082483291626,-2.9766530990600586,-6.660556793212891,-17.696619033813477,21.380523681640625,0.6388274418568471,0.7992668151855469,31.55516242980957
run_1777423155_f6085e3f,1777424160.711244,12.0,58.0,99.0,0.7551732063293457,0.0,-5.650430202484131,-3.108957290649414,-6.293110370635986,-17.92186164855957,21.106014251708984,0.5702865715577445,0.7551732063293457,31.55516242980957
run_1777423155_f6085e3f,1777424162.709852,12.0,58.0,99.0,0.6670031547546387,0.0,-5.749621391296387,-1.0974735021591187,-5.558359622955322,-18.127452850341797,22.58833885192871,0.44489320845264047,0.6670031547546387,31.55516242980957
run_1777423155_f6085e3f,1777424164.7290552,12.0,58.0,99.0,0.6229124069213867,0.0,-5.79922342300415,-1.3071030378341675,-5.190937042236328,-18.314678192138672,22.19851303100586,0.3880198666965953,0.6229124069213867,31.55516242980957
run_1777423155_f6085e3f,1777424166.7150173,12.0,58.0,99.0,0.5347304344177246,0.0,-5.898428440093994,0.6387516856193542,-4.456087112426758,-18.48227310180664,23.577110290527344,0.2859366374925685,0.5347304344177246,31.55516242980957
run_1777423155_f6085e3f,1777424168.7167487,12.0,58.0,99.0,0.49062681198120117,0.0,-5.948044776916504,0.3734216094017029,-4.08855676651001,-18.631500244140625,23.09347915649414,0.24071466863483693,0.49062681198120117,31.55516242980957
run_1777423155_f6085e3f,1777424170.709917,12.0,58.0,99.0,0.44655275344848633,0.0,-5.997628211975098,0.10117590427398682,-3.7212729454040527,-18.76299476623535,22.5854434967041,0.19940936161242462,0.44655275344848633,31.55516242980957
run_1777423155_f6085e3f,1777424172.7164795,12.0,58.0,99.0,0.35839080810546875,0.0,-6.096810340881348,1.9001007080078125,-2.9865901470184326,-18.867258071899414,23.753950119018555,0.12844397133449093,0.35839080810546875,31.55516242980957
run_1777423155_f6085e3f,1777424174.715443,12.0,58.0,99.0,0.3143186569213867,0.0,-6.14639139175415,1.6027659177780151,-2.6193222999572754,-18.960756301879883,23.182844161987305,0.09879621808886441,0.3143186569213867,31.55516242980957
run_1777423155_f6085e3f,1777424176.7118862,12.0,58.0,99.0,0.2702336311340332,0.0,-6.195987224578857,1.4374762773513794,-2.2519469261169434,-19.046653747558594,22.73607635498047,0.07302621539588472,0.2702336311340332,31.55516242980957
run_1777423155_f6085e3f,1777424178.7124567,12.0,58.0,99.0,0.2702336311340332,0.0,-6.195987224578857,-0.8089691400527954,-2.2519469261169434,-19.124319076538086,20.567296981811523,0.07302621539588472,0.2702336311340332,31.55516242980957
run_1777423155_f6085e3f,1777424180.7097569,12.0,58.0,99.0,0.22616147994995117,0.0,-6.24556827545166,-0.8081033825874329,-1.8846790790557861,-19.189950942993164,20.26652717590332,0.051149015013152166,0.22616147994995117,31.55516242980957
run_1777423155_f6085e3f,1777424182.721236,12.0,58.0,99.0,0.18207740783691406,0.0,-6.295163154602051,-0.7342204451560974,-1.5173118114471436,-19.245450973510742,20.028541564941406,0.033152182444609934,0.18207740783691406,31.55516242980957
run_1777423155_f6085e3f,1777424184.7133462,12.0,58.0,99.0,0.13799333572387695,0.0,-6.344757556915283,-0.5606770515441895,-1.149944543838501,-19.293350219726562,19.882617950439453,0.019042160704202615,0.13799333572387695,31.55516242980957
run_1777423155_f6085e3f,1777424186.708153,12.0,58.0,99.0,0.13799333572387695,0.0,-6.344757556915283,-2.496933937072754,-1.149944543838501,-19.333017349243164,17.98602867126465,0.019042160704202615,0.13799333572387695,31.55516242980957
run_1777423155_f6085e3f,1777424188.7195177,12.0,58.0,99.0,0.09392404556274414,0.0,-6.3943352699279785,-2.2119760513305664,-0.7827004194259644,-19.36065101623535,17.93137550354004,0.008821726334872437,0.09392404556274414,31.55516242980957
run_1777423155_f6085e3f,1777424190.7201045,12.0,58.0,99.0,0.04982709884643555,0.0,-6.443944454193115,-1.8767207860946655,-0.4152258336544037,-19.378129959106445,17.916635513305664,0.0024827397794524586,0.04982709884643555,31.55516242980957
run_1777423155_f6085e3f,1777424192.7358463,12.0,58.0,99.0,0.005744457244873047,0.0,-6.493537425994873,-1.4637619256973267,-0.04787047952413559,-19.388002395629883,17.972110748291016,3.2998789038174436e-05,0.005744457244873047,31.55516242980957
run_1777423155_f6085e3f,1777424194.763443,12.0,58.0,99.0,-0.038336753845214844,0.0,-6.543128967285156,-1.091252326965332,0.3194729685783386,-19.363601684570312,17.9528751373291,0.001469706695388595,0.038336753845214844,31.55516242980957
run_1777423155_f6085e3f,1777424196.7091444,12.0,58.0,99.0,-0.08241701126098633,0.0,-6.592719078063965,-0.7057905197143555,0.6868084669113159,-19.294395446777344,17.901796340942383,0.006792563745193547,0.08241701126098633,31.55516242980957
run_1777423155_f6085e3f,1777424198.7198482,12.0,58.0,99.0,-0.12648344039916992,0.0,-6.642293930053711,-0.22532343864440918,1.0540287494659424,-19.20237159729004,17.923017501831055,0.01599806069521037,0.12648344039916992,31.55516242980957
run_1777423155_f6085e3f,1777424200.720746,12.0,58.0,99.0,-0.170562744140625,0.0,-6.691883087158203,0.23902356624603271,1.421356201171875,-19.057079315185547,17.87474822998047,0.029091649688780308,0.170562744140625,31.55516242980957
run_1777423155_f6085e3f,1777424202.7142339,12.0,58.0,99.0,-0.170562744140625,0.0,-6.691883087158203,-1.3188451528549194,1.421356201171875,-18.909887313842773,16.16968536376953,0.029091649688780308,0.170562744140625,31.55516242980957
run_1777423155_f6085e3f,1777424204.7094748,12.0,58.0,99.0,-0.21464109420776367,0.0,-6.741471290588379,-0.5690768361091614,1.7886757850646973,-18.7493839263916,16.391630172729492,0.04607079932270608,0.21464109420776367,31.55516242980957
run_1777423155_f6085e3f,1777424206.7092917,12.0,58.0,99.0,-0.21464109420776367,0.0,-6.741471290588379,-1.9474432468414307,1.7886757850646973,-18.56416130065918,14.828042984008789,0.04607079932270608,0.21464109420776367,31.55516242980957
run_1777423155_f6085e3f,1777424208.7188618,12.0,58.0,99.0,-0.21464109420776367,0.0,-6.741471290588379,-3.1766624450683594,1.7886757850646973,-18.37894058227539,13.413601875305176,0.04607079932270608,0.21464109420776367,31.55516242980957
run_1777423155_f6085e3f,1777424210.720432,12.0,58.0,99.0,-0.25869035720825195,0.0,-6.791026592254639,-2.1547839641571045,2.1557531356811523,-18.172819137573242,13.862283706665039,0.066920700912533,0.25869035720825195,31.55516242980957
run_1777423155_f6085e3f,1777424212.7156844,12.0,58.0,99.0,-0.3027677536010742,0.0,-6.84061336517334,-1.2692317962646484,2.523064613342285,-17.890628814697266,14.098332405090332,0.09166831262064079,0.3027677536010742,31.55516242980957
run_1777423155_f6085e3f,1777424214.7211545,12.0,58.0,99.0,-0.3027677536010742,0.0,-6.84061336517334,-2.352787494659424,2.523064613342285,-17.629352569580078,12.753499984741211,0.09166831262064079,0.3027677536010742,31.55516242980957
run_1777423155_f6085e3f,1777424216.7106137,12.0,58.0,99.0,-0.39092063903808594,0.0,-6.939785957336426,0.9015902876853943,3.257672071456909,-17.318639755249023,14.962556838989258,0.15281894602594548,0.39092063903808594,31.55516242980957
run_1777423155_f6085e3f,1777424218.7131433,12.0,58.0,99.0,-0.39092063903808594,0.0,-6.939785957336426,-0.18834620714187622,3.257672071456909,-16.981306076049805,13.535287857055664,0.15281894602594548,0.39092063903808594,31.55516242980957
run_1777423155_f6085e3f,1777424220.717198,12.0,58.0,99.0,-0.47905588150024414,0.0,-7.038938045501709,3.0666306018829346,3.9921324253082275,-16.59453773498535,15.669035911560059,0.22949453759997596,0.47905588150024414,31.55516242980957
run_1777423155_f6085e3f,1777424222.7155619,12.0,58.0,99.0,-0.47905588150024414,0.0,-7.038938045501709,1.9853591918945312,3.9921324253082275,-16.181150436401367,14.174376487731934,0.22949453759997596,0.47905588150024414,31.55516242980957
run_1777423155_f6085e3f,1777424224.714989,12.0,58.0,99.0,-0.5231304168701172,0.0,-7.088521957397461,3.111293077468872,4.359420299530029,-15.731636047363281,14.483508110046387,0.2736654330547026,0.5231304168701172,31.55516242980957
run_1777423155_f6085e3f,1777424226.706555,12.0,58.0,99.0,-0.567204475402832,0.0,-7.1381049156188965,4.298521041870117,4.726704120635986,-15.25928783416748,14.83110523223877,0.3217209169170019,0.567204475402832,31.55516242980957
run_1777423155_f6085e3f,1777424228.7109373,12.0,58.0,99.0,-0.6112766265869141,0.0,-7.187685966491699,5.437782287597656,5.093972206115723,-14.733688354492188,15.077498435974121,0.37365911421147757,0.6112766265869141,31.55516242980957
run_1777423155_f6085e3f,1777424230.7118964,12.0,58.0,99.0,-0.6553487777709961,0.0,-7.23726749420166,6.6443281173706055,5.461239814758301,-14.185272216796875,15.36836051940918,0.4294820205259384,0.6553487777709961,31.55516242980957
run_1777423155_f6085e3f,1777424232.7130482,12.0,58.0,99.0,-0.6994061470031738,0.0,-7.286831855773926,7.807693004608154,5.828384876251221,-13.58364486694336,15.562952995300293,0.4891689584658252,0.6994061470031738,31.55516242980957
run_1777423155_f6085e3f,1777424234.7237613,12.0,58.0,99.0,-0.7434768676757812,0.0,-7.336411476135254,9.043906211853027,6.195640563964844,-12.959186553955078,15.807453155517578,0.5527578527689911,0.7434768676757812,31.55516242980957
run_1777423155_f6085e3f,1777424236.719402,12.0,58.0,99.0,-0.7875461578369141,0.0,-7.385989189147949,10.35029411315918,6.56288480758667,-12.31190299987793,16.09931182861328,0.6202289507236856,0.7875461578369141,31.55516242980957
run_1777423155_f6085e3f,1777424238.7142031,12.0,58.0,99.0,-0.7875461578369141,0.0,-7.385989189147949,9.494187355041504,6.56288480758667,-11.632305145263672,14.563608169555664,0.6202289507236856,0.7875461578369141,31.55516242980957
run_1777423155_f6085e3f,1777424240.7254276,12.0,58.0,99.0,-0.8316159248352051,0.0,-7.435567855834961,10.848981857299805,6.930132865905762,-10.916582107543945,14.835431098937988,0.6915850464395135,0.8316159248352051,31.55516242980957
run_1777423155_f6085e3f,1777424242.7067013,12.0,58.0,99.0,-0.8756842613220215,0.0,-7.485145092010498,12.268560409545898,7.297369003295898,-10.178041458129883,15.149232864379883,0.7668229255270944,0.8756842613220215,31.55516242980957
run_1777423155_f6085e3f,1777424244.7144895,12.0,58.0,99.0,-0.8756842613220215,0.0,-7.485145092010498,11.579133987426758,7.297369003295898,-9.422389030456543,13.704154014587402,0.7668229255270944,0.8756842613220215,31.55516242980957
run_1777423155_f6085e3f,1777424246.711071,12.0,58.0,99.0,-0.9197392463684082,0.0,-7.5347065925598145,13.144010543823242,7.664494037628174,-8.645829200744629,14.125344276428223,0.8459202813103275,0.9197392463684082,31.55516242980957
run_1777423155_f6085e3f,1777424248.7136855,12.0,58.0,99.0,-0.9637908935546875,0.0,-7.584264755249023,14.762067794799805,8.031591415405273,-7.846461296081543,14.57693862915039,0.928892886498943,0.9637908935546875,31.55516242980957
run_1777423155_f6085e3f,1777424250.706479,12.0,58.0,99.0,-0.9637908935546875,0.0,-7.584264755249023,14.203262329101562,8.031591415405273,-7.014782905578613,13.186452865600586,0.928892886498943,0.9637908935546875,31.55516242980957
run_1777423155_f6085e3f,1777424252.7191072,12.0,58.0,99.0,-1.0078577995300293,0.0,-7.633840084075928,15.949646949768066,8.398815155029297,-6.177399158477783,13.728231430053711,1.0157773440735127,1.0078577995300293,31.55516242980957
run_1777423155_f6085e3f,1777424254.719497,12.0,58.0,99.0,-1.0078577995300293,0.0,-7.633840084075928,15.509833335876465,8.398815155029297,-5.307685375213623,12.41870403289795,1.0157773440735127,1.0078577995300293,31.55516242980957
run_1777423155_f6085e3f,1777424256.7215083,12.0,58.0,99.0,-1.0078577995300293,0.0,-7.633840084075928,15.194931983947754,8.398815155029297,-4.437972068786621,11.234088897705078,1.0157773440735127,1.0078577995300293,31.55516242980957
run_1777423155_f6085e3f,1777424258.707341,12.0,58.0,99.0,-1.0078577995300293,0.0,-7.633840084075928,14.993036270141602,8.398815155029297,-3.568258047103882,10.162477493286133,1.0157773440735127,1.0078577995300293,31.55516242980957
run_1777423155_f6085e3f,1777424260.721608,12.0,58.0,99.0,-1.0078577995300293,0.0,-7.633840084075928,14.893356323242188,8.398815155029297,-2.698544502258301,9.193084716796875,1.0157773440735127,1.0078577995300293,31.55516242980957
run_1777423155_f6085e3f,1777424262.7138126,12.0,58.0,99.0,-1.0078577995300293,0.0,-7.633840084075928,14.886146545410156,8.398815155029297,-1.8288307189941406,8.316162109375,1.0157773440735127,1.0078577995300293,31.55516242980957
run_1777423155_f6085e3f,1777424264.7161262,12.0,58.0,99.0,-1.0078577995300293,0.0,-7.633840084075928,14.96258544921875,8.398815155029297,-0.9591182470321655,7.522888660430908,1.0157773440735127,1.0078577995300293,31.55516242980957
run_1777423155_f6085e3f,1777424266.7223196,12.0,58.0,99.0,-1.0078577995300293,0.0,-7.633840084075928,15.114693641662598,8.398815155029297,-0.08940567076206207,6.805283546447754,1.0157773440735127,1.0078577995300293,31.55516242980957
run_1777423155_f6085e3f,1777424268.7359867,12.0,58.0,99.0,-1.0078577995300293,0.0,-7.633840084075928,14.842170715332031,8.398815155029297,0.2872233986854553,6.156130790710449,1.0157773440735127,1.0078577995300293,31.55516242980957
run_1777423155_f6085e3f,1777424270.7100976,12.0,58.0,99.0,-1.0078577995300293,0.0,-7.633840084075928,14.5445556640625,8.398815155029297,0.5768377184867859,5.568902015686035,1.0157773440735127,1.0078577995300293,31.55516242980957
run_1777423155_f6085e3f,1777424272.7102387,12.0,58.0,99.0,-1.0078577995300293,0.0,-7.633840084075928,14.302955627441406,8.398815155029297,0.8664523363113403,5.037687301635742,1.0157773440735127,1.0078577995300293,31.55516242980957
run_1777423155_f6085e3f,1777424274.7151456,12.0,58.0,99.0,-1.0078577995300293,0.0,-7.633840084075928,14.112028121948242,8.398815155029297,1.1560676097869873,4.557144641876221,1.0157773440735127,1.0078577995300293,31.55516242980957
run_1777423155_f6085e3f,1777424276.7102013,12.0,58.0,99.0,-0.9637908935546875,0.0,-7.584264755249023,11.798189163208008,8.031591415405273,1.443783164024353,2.322815418243408,0.928892886498943,0.9637908935546875,31.55516242980957
run_1777423155_f6085e3f,1777424278.717174,12.0,58.0,99.0,-0.9637908935546875,0.0,-7.584264755249023,11.853569984436035,8.031591415405273,1.7207354307174683,2.101243257522583,0.928892886498943,0.9637908935546875,31.55516242980957
run_1777423155_f6085e3f,1777424280.7120411,12.0,58.0,99.0,-0.9637908935546875,0.0,-7.584264755249023,11.832626342773438,8.031591415405273,2.0052857398986816,1.7957497835159302,0.928892886498943,0.9637908935546875,31.55516242980957
run_1777423155_f6085e3f,1777424282.7202704,12.0,58.0,99.0,-0.9637908935546875,0.0,-7.584264755249023,11.938283920288086,8.031591415405273,2.282238721847534,1.624454140663147,0.928892886498943,0.9637908935546875,31.55516242980957
run_1777423155_f6085e3f,1777424284.7137043,12.0,58.0,99.0,-0.9637908935546875,0.0,-7.584264755249023,12.060281753540039,8.031591415405273,2.5591917037963867,1.4694985151290894,0.928892886498943,0.9637908935546875,31.55516242980957
run_1777423155_f6085e3f,1777424286.7072663,12.0,58.0,99.0,-0.9637908935546875,0.0,-7.584264755249023,12.197059631347656,8.031591415405273,2.8361446857452393,1.3293238878250122,0.928892886498943,0.9637908935546875,31.55516242980957
run_1777423155_f6085e3f,1777424288.7095773,12.0,58.0,99.0,-0.9637908935546875,0.0,-7.584264755249023,12.347208976745605,8.031591415405273,3.113097667694092,1.2025200128555298,0.928892886498943,0.9637908935546875,31.55516242980957
run_1777423155_f6085e3f,1777424290.720373,12.0,58.0,99.0,-0.9637908935546875,0.0,-7.584264755249023,12.509452819824219,8.031591415405273,3.3900506496429443,1.0878121852874756,0.928892886498943,0.9637908935546875,31.55516242980957
run_1777423155_f6085e3f,1777424292.7090414,12.0,58.0,99.0,-0.9637908935546875,0.0,-7.584264755249023,12.682640075683594,8.031591415405273,3.667003631591797,0.9840465784072876,0.928892886498943,0.9637908935546875,31.55516242980957
run_1777423155_f6085e3f,1777424294.718403,12.0,58.0,99.0,-0.9637908935546875,0.0,-7.584264755249023,12.865726470947266,8.031591415405273,3.9439566135406494,0.8901789784431458,0.928892886498943,0.9637908935546875,31.55516242980957
run_1777423155_f6085e3f,1777424296.710297,12.0,58.0,99.0,-0.9637908935546875,0.0,-7.584264755249023,13.057765007019043,8.031591415405273,4.220909595489502,0.8052652478218079,0.928892886498943,0.9637908935546875,31.55516242980957
run_1777423155_f6085e3f,1777424298.7376356,12.0,58.0,99.0,-0.9637908935546875,0.0,-7.584264755249023,13.257905960083008,8.031591415405273,4.497862815856934,0.7284515500068665,0.928892886498943,0.9637908935546875,31.55516242980957
run_1777423155_f6085e3f,1777424300.7074962,12.0,58.0,99.0,-0.9637908935546875,0.0,-7.584264755249023,13.465372085571289,8.031591415405273,4.774815559387207,0.658964991569519,0.928892886498943,0.9637908935546875,31.55516242980957
run_1777423155_f6085e3f,1777424302.7179315,12.0,58.0,99.0,-0.9637908935546875,0.0,-7.584264755249023,13.679465293884277,8.031591415405273,5.051768779754639,0.5961065888404846,0.928892886498943,0.9637908935546875,31.55516242980957
run_1777423155_f6085e3f,1777424304.7066808,12.0,58.0,99.0,-0.9637908935546875,0.0,-7.584264755249023,13.899557113647461,8.031591415405273,5.328721523284912,0.5392444133758545,0.928892886498943,0.9637908935546875,31.55516242980957
run_1777423155_f6085e3f,1777424306.7127056,12.0,58.0,99.0,-0.9637908935546875,0.0,-7.584264755249023,14.12507152557373,8.031591415405273,5.605674743652344,0.4878062605857849,0.928892886498943,0.9637908935546875,31.55516242980957
run_1777423155_f6085e3f,1777424308.7164402,12.0,58.0,99.0,-0.9637908935546875,0.0,-7.584264755249023,14.35549259185791,8.031591415405273,5.882627487182617,0.4412747025489807,0.928892886498943,0.9637908935546875,31.55516242980957
run_1777423155_f6085e3f,1777424310.7078116,12.0,58.0,99.0,-0.9637908935546875,0.0,-7.584264755249023,14.590353012084961,8.031591415405273,6.159580707550049,0.3991818130016327,0.928892886498943,0.9637908935546875,31.55516242980957
run_1777423155_f6085e3f,1777424312.7172818,12.0,58.0,99.0,-0.9637908935546875,0.0,-7.584264755249023,14.829228401184082,8.031591415405273,6.436533451080322,0.3611040711402893,0.928892886498943,0.9637908935546875,31.55516242980957
run_1777423155_f6085e3f,1777424314.7155352,12.0,58.0,99.0,-0.9637908935546875,0.0,-7.584264755249023,15.071736335754395,8.031591415405273,6.713486671447754,0.3266586363315582,0.928892886498943,0.9637908935546875,31.55516242980957
run_1777423155_f6085e3f,1777424316.706637,12.0,58.0,99.0,-0.9637908935546875,0.0,-7.584264755249023,15.317529678344727,8.031591415405273,6.990439414978027,0.2954988181591034,0.928892886498943,0.9637908935546875,31.55516242980957
run_1777423155_f6085e3f,1777424318.7186272,12.0,58.0,99.0,-0.9637908935546875,0.0,-7.584264755249023,15.566295623779297,8.031591415405273,7.267392635345459,0.26731133460998535,0.928892886498943,0.9637908935546875,31.55516242980957
run_1777423155_f6085e3f,1777424320.7165399,12.0,58.0,99.0,-0.9637908935546875,0.0,-7.584264755249023,15.8177490234375,8.031591415405273,7.544345378875732,0.24181266129016876,0.928892886498943,0.9637908935546875,31.55516242980957
run_1777423155_f6085e3f,1777424322.7058444,12.0,58.0,99.0,-0.9637908935546875,0.0,-7.584264755249023,16.071636199951172,8.031591415405273,7.821298599243164,0.2187463492155075,0.928892886498943,0.9637908935546875,31.55516242980957
run_1777423155_f6085e3f,1777424324.7149196,12.0,58.0,99.0,-0.9197392463684082,0.0,-7.5347065925598145,14.257143020629883,7.664494037628174,8.088751792907715,-1.4961018562316895,0.8459202813103275,0.9197392463684082,31.55516242980957
run_1777423155_f6085e3f,1777424326.7308435,12.0,58.0,99.0,-0.9197392463684082,0.0,-7.5347065925598145,14.568805694580078,7.664494037628174,8.360638618469238,-1.4563255310058594,0.8459202813103275,0.9197392463684082,31.55516242980957
run_1777423155_f6085e3f,1777424328.7198513,12.0,58.0,99.0,-0.9197392463684082,0.0,-7.5347065925598145,14.97201156616211,7.664494037628174,8.62492561340332,-1.3174077272415161,0.8459202813103275,0.9197392463684082,31.55516242980957
run_1777423155_f6085e3f,1777424330.7125936,12.0,58.0,99.0,-0.9197392463684082,0.0,-7.5347065925598145,15.36196517944336,7.664494037628174,8.889212608337402,-1.191740870475769,0.8459202813103275,0.9197392463684082,31.55516242980957
run_1777423155_f6085e3f,1777424332.7163334,12.0,58.0,99.0,-0.9197392463684082,0.0,-7.5347065925598145,15.739931106567383,7.664494037628174,9.153499603271484,-1.0780613422393799,0.8459202813103275,0.9197392463684082,31.55516242980957
run_1777423155_f6085e3f,1777424334.7098665,12.0,58.0,99.0,-0.8756842613220215,0.0,-7.485145092010498,13.972076416015625,7.297369003295898,9.413358688354492,-2.7386515140533447,0.7668229255270944,0.8756842613220215,31.55516242980957
run_1777423155_f6085e3f,1777424336.7124763,12.0,58.0,99.0,-0.8756842613220215,0.0,-7.485145092010498,14.48495101928711,7.297369003295898,9.664994239807129,-2.4774129390716553,0.7668229255270944,0.8756842613220215,31.55516242980957
run_1777423155_f6085e3f,1777424338.7135098,12.0,58.0,99.0,-0.8756842613220215,0.0,-7.485145092010498,14.972907066345215,7.297369003295898,9.916630744934082,-2.241093635559082,0.7668229255270944,0.8756842613220215,31.55516242980957
run_1777423155_f6085e3f,1777424340.7089138,12.0,58.0,99.0,-0.8756842613220215,0.0,-7.485145092010498,15.438318252563477,7.297369003295898,10.168266296386719,-2.0273172855377197,0.7668229255270944,0.8756842613220215,31.55516242980957
run_1777423155_f6085e3f,1777424342.7363832,12.0,58.0,99.0,-0.8316159248352051,0.0,-7.435567855834961,13.747708320617676,6.930132865905762,10.4154691696167,-3.5978927612304688,0.6915850464395135,0.8316159248352051,31.55516242980957
run_1777423155_f6085e3f,1777424344.7090669,12.0,58.0,99.0,-0.8316159248352051,0.0,-7.435567855834961,14.329878807067871,6.930132865905762,10.654438972473145,-3.2546918392181396,0.6915850464395135,0.8316159248352051,31.55516242980957
run_1777423155_f6085e3f,1777424346.7132385,12.0,58.0,99.0,-0.8316159248352051,0.0,-7.435567855834961,14.879313468933105,6.930132865905762,10.89340877532959,-2.9442286491394043,0.6915850464395135,0.8316159248352051,31.55516242980957
run_1777423155_f6085e3f,1777424348.7277353,12.0,58.0,99.0,-0.8316159248352051,0.0,-7.435567855834961,15.399130821228027,6.930132865905762,11.132378578186035,-2.6633799076080322,0.6915850464395135,0.8316159248352051,31.55516242980957
run_1777423155_f6085e3f,1777424350.711641,12.0,58.0,99.0,-0.8316159248352051,0.0,-7.435567855834961,15.892160415649414,6.930132865905762,11.37134838104248,-2.4093217849731445,0.6915850464395135,0.8316159248352051,31.55516242980957
run_1777423155_f6085e3f,1777424352.7068007,12.0,58.0,99.0,-0.8316159248352051,0.0,-7.435567855834961,16.36095428466797,6.930132865905762,11.610319137573242,-2.1794979572296143,0.6915850464395135,0.8316159248352051,31.55516242980957
run_1777423155_f6085e3f,1777424354.709356,12.0,58.0,99.0,-0.7875461578369141,0.0,-7.385989189147949,14.767505645751953,6.56288480758667,11.837255477905273,-3.632636308670044,0.6202289507236856,0.7875461578369141,31.55516242980957
run_1777423155_f6085e3f,1777424356.7114215,12.0,58.0,99.0,-0.7875461578369141,0.0,-7.385989189147949,15.340323448181152,6.56288480758667,12.063559532165527,-3.286121368408203,0.6202289507236856,0.7875461578369141,31.55516242980957
run_1777423155_f6085e3f,1777424358.7095022,12.0,58.0,99.0,-0.7875461578369141,0.0,-7.385989189147949,15.88008975982666,6.56288480758667,12.289863586425781,-2.9726598262786865,0.6202289507236856,0.7875461578369141,31.55516242980957
run_1777423155_f6085e3f,1777424360.7066827,12.0,58.0,99.0,-0.7875461578369141,0.0,-7.385989189147949,16.38995361328125,6.56288480758667,12.516169548034668,-2.6890997886657715,0.6202289507236856,0.7875461578369141,31.55516242980957
run_1777423155_f6085e3f,1777424362.7027547,12.0,58.0,99.0,-0.7434768676757812,0.0,-7.336411476135254,14.703917503356934,6.195640563964844,12.740588188171387,-4.232312202453613,0.5527578527689911,0.7434768676757812,31.55516242980957
run_1777423155_f6085e3f,1777424364.7112646,12.0,58.0,99.0,-0.7434768676757812,0.0,-7.336411476135254,15.321287155151367,6.195640563964844,12.954240798950195,-3.828594446182251,0.5527578527689911,0.7434768676757812,31.55516242980957
run_1777423155_f6085e3f,1777424366.7181218,12.0,58.0,99.0,-0.7434768676757812,0.0,-7.336411476135254,15.900146484375,6.195640563964844,13.16789436340332,-3.4633867740631104,0.5527578527689911,0.7434768676757812,31.55516242980957
run_1777423155_f6085e3f,1777424368.7321534,12.0,58.0,99.0,-0.7434768676757812,0.0,-7.336411476135254,16.444169998168945,6.195640563964844,13.381546974182129,-3.13301682472229,0.5527578527689911,0.7434768676757812,31.55516242980957
run_1777423155_f6085e3f,1777424370.7384777,12.0,58.0,99.0,-0.6994061470031738,0.0,-7.286831855773926,14.916316032409668,5.828384876251221,13.58316707611084,-4.495235443115234,0.4891689584658252,0.6994061470031738,31.55516242980957
run_1777423155_f6085e3f,1777424372.7160869,12.0,58.0,99.0,-0.6994061470031738,0.0,-7.286831855773926,15.546101570129395,5.828384876251221,13.784153938293457,-4.066437244415283,0.4891689584658252,0.6994061470031738,31.55516242980957
run_1777423155_f6085e3f,1777424374.7176502,12.0,58.0,99.0,-0.6994061470031738,0.0,-7.286831855773926,16.13498306274414,5.828384876251221,13.985140800476074,-3.678541660308838,0.4891689584658252,0.6994061470031738,31.55516242980957
run_1777423155_f6085e3f,1777424376.7164583,12.0,58.0,99.0,-0.6994061470031738,0.0,-7.286831855773926,16.686864852905273,5.828384876251221,14.186127662658691,-3.3276479244232178,0.4891689584658252,0.6994061470031738,31.55516242980957
run_1777423155_f6085e3f,1777424378.7208886,12.0,58.0,99.0,-0.6553487777709961,0.0,-7.23726749420166,15.165522575378418,5.461239814758301,14.375082015991211,-4.670797824859619,0.4294820205259384,0.6553487777709961,31.55516242980957
run_1777423155_f6085e3f,1777424380.7152755,12.0,58.0,99.0,-0.6553487777709961,0.0,-7.23726749420166,15.799389839172363,5.461239814758301,14.56340217590332,-4.225252151489258,0.4294820205259384,0.6553487777709961,31.55516242980957
run_1777423155_f6085e3f,1777424382.7101994,12.0,58.0,99.0,-0.6553487777709961,0.0,-7.23726749420166,16.390756607055664,5.461239814758301,14.751723289489746,-3.8222079277038574,0.4294820205259384,0.6553487777709961,31.55516242980957
run_1777423155_f6085e3f,1777424384.715195,12.0,58.0,99.0,-0.6112766265869141,0.0,-7.187685966491699,14.840346336364746,5.093972206115723,14.933077812194824,-5.186703681945801,0.37365911421147757,0.6112766265869141,31.55516242980957
run_1777423155_f6085e3f,1777424386.7139945,12.0,58.0,99.0,-0.6112766265869141,0.0,-7.187685966491699,15.510757446289062,5.093972206115723,15.108733177185059,-4.6919474601745605,0.37365911421147757,0.6112766265869141,31.55516242980957
run_1777423155_f6085e3f,1777424388.7087789,12.0,58.0,99.0,-0.6112766265869141,0.0,-7.187685966491699,16.133974075317383,5.093972206115723,15.284387588500977,-4.244385719299316,0.37365911421147757,0.6112766265869141,31.55516242980957
run_1777423155_f6085e3f,1777424390.7080345,12.0,58.0,99.0,-0.567204475402832,0.0,-7.1381049156188965,14.545491218566895,4.726704120635986,15.45814323425293,-5.6393561363220215,0.3217209169170019,0.567204475402832,31.55516242980957
run_1777423155_f6085e3f,1777424392.7149389,12.0,58.0,99.0,-0.6112766265869141,0.0,-7.187685966491699,17.349742889404297,5.093972206115723,15.628097534179688,-3.372326374053955,0.37365911421147757,0.6112766265869141,31.55516242980957
run_1777423155_f6085e3f,1777424394.717622,12.0,58.0,99.0,-0.567204475402832,0.0,-7.1381049156188965,15.775545120239258,4.726704120635986,15.7942533493042,-4.745413303375244,0.3217209169170019,0.567204475402832,31.55516242980957
run_1777423155_f6085e3f,1777424396.71624,12.0,58.0,99.0,-0.567204475402832,0.0,-7.1381049156188965,16.391197204589844,4.726704120635986,15.957242012023926,-4.292751312255859,0.3217209169170019,0.567204475402832,31.55516242980957
run_1777423155_f6085e3f,1777424398.726388,12.0,58.0,99.0,-0.5231304168701172,0.0,-7.088521957397461,14.794564247131348,4.359420299530029,16.118331909179688,-5.6831865310668945,0.2736654330547026,0.5231304168701172,31.55516242980957
run_1777423155_f6085e3f,1777424400.7160797,12.0,58.0,99.0,-0.5231304168701172,0.0,-7.088521957397461,15.487003326416016,4.359420299530029,16.268653869628906,-5.141070365905762,0.2736654330547026,0.5231304168701172,31.55516242980957
run_1777423155_f6085e3f,1777424402.7183816,12.0,58.0,99.0,-0.5231304168701172,0.0,-7.088521957397461,16.127729415893555,4.359420299530029,16.418977737426758,-4.6506667137146,0.2736654330547026,0.5231304168701172,31.55516242980957
run_1777423155_f6085e3f,1777424404.7129664,12.0,58.0,99.0,-0.5231304168701172,0.0,-7.088521957397461,16.721677780151367,4.359420299530029,16.569299697875977,-4.207042694091797,0.2736654330547026,0.5231304168701172,31.55516242980957
run_1777423155_f6085e3f,1777424406.7140374,12.0,58.0,99.0,-0.47905588150024414,0.0,-7.038938045501709,15.201658248901367,3.9921324253082275,16.71012306213379,-5.5005974769592285,0.22949453759997596,0.47905588150024414,31.55516242980957
run_1777423155_f6085e3f,1777424408.7046044,12.0,58.0,99.0,-0.47905588150024414,0.0,-7.038938045501709,15.864014625549316,3.9921324253082275,16.847780227661133,-4.975898742675781,0.22949453759997596,0.47905588150024414,31.55516242980957
run_1777423155_f6085e3f,1777424410.7062607,12.0,58.0,99.0,-0.47905588150024414,0.0,-7.038938045501709,16.476320266723633,3.9921324253082275,16.985437393188477,-4.501250267028809,0.22949453759997596,0.47905588150024414,31.55516242980957
run_1777423155_f6085e3f,1777424412.7126029,12.0,58.0,99.0,-0.4349956512451172,0.0,-6.989370346069336,14.908111572265625,3.6249637603759766,17.118661880493164,-5.835513114929199,0.18922121660216362,0.4349956512451172,31.55516242980957
run_1777423155_f6085e3f,1777424414.7134347,12.0,58.0,99.0,-0.4349956512451172,0.0,-6.989370346069336,15.589750289916992,3.6249637603759766,17.24365234375,-5.278865814208984,0.18922121660216362,0.4349956512451172,31.55516242980957
run_1777423155_f6085e3f,1777424416.7116666,12.0,58.0,99.0,-0.4349956512451172,0.0,-6.989370346069336,16.218290328979492,3.6249637603759766,17.368642807006836,-4.775317668914795,0.18922121660216362,0.4349956512451172,31.55516242980957
run_1777423155_f6085e3f,1777424418.7074099,12.0,58.0,99.0,-0.4349956512451172,0.0,-6.989370346069336,16.79879379272461,3.6249637603759766,17.493633270263672,-4.319803237915039,0.18922121660216362,0.4349956512451172,31.55516242980957
run_1777423155_f6085e3f,1777424420.7067382,12.0,58.0,99.0,-0.39092063903808594,0.0,-6.939785957336426,15.199896812438965,3.257672071456909,17.61419105529785,-5.671967029571533,0.15281894602594548,0.39092063903808594,31.55516242980957
run_1777423155_f6085e3f,1777424422.7106197,12.0,58.0,99.0,-0.39092063903808594,0.0,-6.939785957336426,15.853267669677734,3.257672071456909,17.726516723632812,-5.130921363830566,0.15281894602594548,0.39092063903808594,31.55516242980957
run_1777423155_f6085e3f,1777424424.7075005,12.0,58.0,99.0,-0.39092063903808594,0.0,-6.939785957336426,16.455026626586914,3.257672071456909,17.838842391967773,-4.641486644744873,0.15281894602594548,0.39092063903808594,31.55516242980957
run_1777423155_f6085e3f,1777424426.7127979,12.0,58.0,99.0,-0.3468303680419922,0.0,-6.89018440246582,14.840202331542969,2.8902530670166016,17.94926643371582,-5.999317169189453,0.12029130419614376,0.3468303680419922,31.55516242980957
run_1777423155_f6085e3f,1777424428.705855,12.0,58.0,99.0,-0.39092063903808594,0.0,-6.939785957336426,17.648822784423828,3.257672071456909,18.05335807800293,-3.662208080291748,0.15281894602594548,0.39092063903808594,31.55516242980957
run_1777423155_f6085e3f,1777424430.7439716,12.0,58.0,99.0,-0.3468303680419922,0.0,-6.89018440246582,16.038095474243164,2.8902530670166016,18.156185150146484,-5.008340835571289,0.12029130419614376,0.3468303680419922,31.55516242980957
run_1777423155_f6085e3f,1777424432.7094166,12.0,58.0,99.0,-0.3468303680419922,0.0,-6.89018440246582,16.615497589111328,2.8902530670166016,18.255844116210938,-4.530597686767578,0.12029130419614376,0.3468303680419922,31.55516242980957
run_1777423155_f6085e3f,1777424434.7058246,12.0,58.0,99.0,-0.3027677536010742,0.0,-6.84061336517334,15.076236724853516,2.523064613342285,18.34600257873535,-5.792830467224121,0.09166831262064079,0.3027677536010742,31.55516242980957
run_1777423155_f6085e3f,1777424436.71335,12.0,58.0,99.0,-0.3468303680419922,0.0,-6.89018440246582,17.851158142089844,2.8902530670166016,18.437429428100586,-3.4765243530273438,0.12029130419614376,0.3468303680419922,31.55516242980957
run_1777423155_f6085e3f,1777424438.7133913,12.0,58.0,99.0,-0.3027677536010742,0.0,-6.84061336517334,16.211347579956055,2.523064613342285,18.527587890625,-4.839305400848389,0.09166831262064079,0.3027677536010742,31.55516242980957
run_1777423155_f6085e3f,1777424440.7214832,12.0,58.0,99.0,-0.3027677536010742,0.0,-6.84061336517334,16.759958267211914,2.523064613342285,18.614582061767578,-4.377686977386475,0.09166831262064079,0.3027677536010742,31.55516242980957
run_1777423155_f6085e3f,1777424442.715285,12.0,58.0,99.0,-0.25869035720825195,0.0,-6.791026592254639,15.192752838134766,2.1557531356811523,18.692073822021484,-5.6550750732421875,0.066920700912533,0.25869035720825195,31.55516242980957
run_1777423155_f6085e3f,1777424444.7213488,12.0,58.0,99.0,-0.25869035720825195,0.0,-6.791026592254639,15.806512832641602,2.1557531356811523,18.766401290893555,-5.115641117095947,0.066920700912533,0.25869035720825195,31.55516242980957
run_1777423155_f6085e3f,1777424446.709959,12.0,58.0,99.0,-0.25869035720825195,0.0,-6.791026592254639,16.368818283081055,2.1557531356811523,18.840728759765625,-4.627662658691406,0.066920700912533,0.25869035720825195,31.55516242980957
run_1777423155_f6085e3f,1777424448.7039292,12.0,58.0,99.0,-0.25869035720825195,0.0,-6.791026592254639,16.88457489013672,2.1557531356811523,18.915056228637695,-4.186233043670654,0.066920700912533,0.25869035720825195,31.55516242980957
run_1777423155_f6085e3f,1777424450.7153928,12.0,58.0,99.0,-0.25869035720825195,0.0,-6.791026592254639,17.358224868774414,2.1557531356811523,18.989381790161133,-3.7869107723236084,0.066920700912533,0.25869035720825195,31.55516242980957
run_1777423155_f6085e3f,1777424452.7091978,12.0,58.0,99.0,-0.21464109420776367,0.0,-6.741471290588379,15.754435539245605,1.7886757850646973,19.05170440673828,-5.085945129394531,0.04607079932270608,0.21464109420776367,31.55516242980957
run_1777423155_f6085e3f,1777424454.7159653,12.0,58.0,99.0,-0.21464109420776367,0.0,-6.741471290588379,16.301271438598633,1.7886757850646973,19.11339569091797,-4.600800514221191,0.04607079932270608,0.21464109420776367,31.55516242980957
run_1777423155_f6085e3f,1777424456.7065141,12.0,58.0,99.0,-0.21464109420776367,0.0,-6.741471290588379,16.70648193359375,1.7886757850646973,19.182668685913086,-4.264862537384033,0.04607079932270608,0.21464109420776367,31.55516242980957
run_1777423155_f6085e3f,1777424458.7120664,12.0,58.0,99.0,-0.170562744140625,0.0,-6.691883087158203,15.103167533874512,1.421356201171875,19.234859466552734,-5.553049087524414,0.029091649688780308,0.170562744140625,31.55516242980957
run_1777423155_f6085e3f,1777424460.7100453,12.0,58.0,99.0,-0.170562744140625,0.0,-6.691883087158203,15.68189525604248,1.421356201171875,19.283884048461914,-5.023345470428467,0.029091649688780308,0.170562744140625,31.55516242980957
run_1777423155_f6085e3f,1777424462.7020605,12.0,58.0,99.0,-0.170562744140625,0.0,-6.691883087158203,16.210094451904297,1.421356201171875,19.332908630371094,-4.54417085647583,0.029091649688780308,0.170562744140625,31.55516242980957
run_1777423155_f6085e3f,1777424464.7152197,12.0,58.0,99.0,-0.21464109420776367,0.0,-6.741471290588379,18.828699111938477,1.7886757850646973,19.386367797851562,-2.346344232559204,0.04607079932270608,0.21464109420776367,31.55516242980957
run_1777423155_f6085e3f,1777424466.706923,12.0,58.0,99.0,-0.12648344039916992,0.0,-6.642293930053711,14.906915664672852,1.0540287494659424,19.434125900268555,-5.581239700317383,0.01599806069521037,0.12648344039916992,31.55516242980957
run_1777423155_f6085e3f,1777424468.7289133,12.0,58.0,99.0,-0.12648344039916992,0.0,-6.642293930053711,15.475665092468262,1.0540287494659424,19.470483779907227,-5.0488481521606445,0.01599806069521037,0.12648344039916992,31.55516242980957
run_1777423155_f6085e3f,1777424470.7104008,12.0,58.0,99.0,-0.12648344039916992,0.0,-6.642293930053711,15.993629455566406,1.0540287494659424,19.50684356689453,-4.567242622375488,0.01599806069521037,0.12648344039916992,31.55516242980957
run_1777423155_f6085e3f,1777424472.7099614,12.0,58.0,99.0,-0.12648344039916992,0.0,-6.642293930053711,16.465654373168945,1.0540287494659424,19.543201446533203,-4.131575584411621,0.01599806069521037,0.12648344039916992,31.55516242980957
run_1777423155_f6085e3f,1777424474.7085538,12.0,58.0,99.0,-0.08241701126098633,0.0,-6.592719078063965,14.793065071105957,0.6868084669113159,19.572595596313477,-5.46633768081665,0.006792563745193547,0.08241701126098633,31.55516242980957
run_1777423155_f6085e3f,1777424476.7136517,12.0,58.0,99.0,-0.08241701126098633,0.0,-6.592719078063965,15.338188171386719,0.6868084669113159,19.59628677368164,-4.944907188415527,0.006792563745193547,0.08241701126098633,31.55516242980957
run_1777423155_f6085e3f,1777424478.7133389,12.0,58.0,99.0,-0.08241701126098633,0.0,-6.592719078063965,15.833571434020996,0.6868084669113159,19.619979858398438,-4.4732160568237305,0.006792563745193547,0.08241701126098633,31.55516242980957
run_1777423155_f6085e3f,1777424480.7087812,12.0,58.0,99.0,-0.08241701126098633,0.0,-6.592719078063965,16.28396224975586,0.6868084669113159,19.643672943115234,-4.046518325805664,0.006792563745193547,0.08241701126098633,31.55516242980957
run_1777423155_f6085e3f,1777424482.709102,12.0,58.0,99.0,-0.038336753845214844,0.0,-6.543128967285156,14.589937210083008,0.3194729685783386,19.660400390625,-5.389936447143555,0.001469706695388595,0.038336753845214844,31.55516242980957
run_1777423155_f6085e3f,1777424484.709546,12.0,58.0,99.0,-0.038336753845214844,0.0,-6.543128967285156,15.115106582641602,0.3194729685783386,19.67142677307129,-4.87579345703125,0.001469706695388595,0.038336753845214844,31.55516242980957
run_1777423155_f6085e3f,1777424486.7031133,12.0,58.0,99.0,-0.038336753845214844,0.0,-6.543128967285156,15.591231346130371,0.3194729685783386,19.682453155517578,-4.4106950759887695,0.001469706695388595,0.038336753845214844,31.55516242980957
run_1777423155_f6085e3f,1777424488.7168732,12.0,58.0,99.0,-0.038336753845214844,0.0,-6.543128967285156,16.022993087768555,0.3194729685783386,19.693479537963867,-3.9899606704711914,0.001469706695388595,0.038336753845214844,31.55516242980957
run_1777423155_f6085e3f,1777424490.7107027,12.0,58.0,99.0,-0.038336753845214844,0.0,-6.543128967285156,16.41461944580078,0.3194729685783386,19.70450782775879,-3.609360694885254,0.001469706695388595,0.038336753845214844,31.55516242980957
run_1777423155_f6085e3f,1777424492.713653,12.0,58.0,99.0,0.005744457244873047,0.0,-6.493537425994873,14.599992752075195,-0.04787047952413559,19.713138580322266,-5.065275192260742,3.2998789038174436e-05,0.005744457244873047,31.55516242980957
run_1777423155_f6085e3f,1777424494.7141585,12.0,58.0,99.0,-0.038336753845214844,0.0,-6.543128967285156,17.18379783630371,0.3194729685783386,19.716976165771484,-2.8526527881622314,0.001469706695388595,0.038336753845214844,31.55516242980957
run_1777423155_f6085e3f,1777424496.7042158,12.0,58.0,99.0,0.005744457244873047,0.0,-6.493537425994873,15.29698657989502,-0.04787047952413559,19.72560691833496,-4.3807501792907715,3.2998789038174436e-05,0.005744457244873047,31.55516242980957
run_1777423155_f6085e3f,1777424498.7102396,12.0,58.0,99.0,0.005744457244873047,0.0,-6.493537425994873,15.709918975830078,-0.04787047952413559,19.720659255981445,-3.962871551513672,3.2998789038174436e-05,0.005744457244873047,31.55516242980957
run_1777423155_f6085e3f,1777424500.7138672,12.0,58.0,99.0,0.005744457244873047,0.0,-6.493537425994873,16.08298683166504,-0.04787047952413559,19.715713500976562,-3.584855318069458,3.2998789038174436e-05,0.005744457244873047,31.55516242980957
run_1777423155_f6085e3f,1777424502.7212996,12.0,58.0,99.0,0.005744457244873047,0.0,-6.493537425994873,16.419998168945312,-0.04787047952413559,19.710765838623047,-3.2428979873657227,3.2998789038174436e-05,0.005744457244873047,31.55516242980957
run_1777423155_f6085e3f,1777424504.727533,12.0,58.0,99.0,0.005744457244873047,0.0,-6.493537425994873,16.59842872619629,-0.04787047952413559,19.718597412109375,-3.0722997188568115,3.2998789038174436e-05,0.005744457244873047,31.55516242980957
run_1777423155_f6085e3f,1777424506.7307274,12.0,58.0,99.0,0.04982709884643555,0.0,-6.443944454193115,14.768752098083496,-0.4152258336544037,19.692718505859375,-4.5087409019470215,0.0024827397794524586,0.04982709884643555,31.55516242980957
run_1777423155_f6085e3f,1777424508.709242,12.0,58.0,99.0,0.04982709884643555,0.0,-6.443944454193115,15.155834197998047,-0.4152258336544037,19.64971351623535,-4.078654766082764,0.0024827397794524586,0.04982709884643555,31.55516242980957
run_1777423155_f6085e3f,1777424510.7132683,12.0,58.0,99.0,0.04982709884643555,0.0,-6.443944454193115,15.5018892288208,-0.4152258336544037,19.606708526611328,-3.68959379196167,0.0024827397794524586,0.04982709884643555,31.55516242980957
run_1777423155_f6085e3f,1777424512.7069125,12.0,58.0,99.0,0.04982709884643555,0.0,-6.443944454193115,15.810833930969238,-0.4152258336544037,19.563705444335938,-3.337646007537842,0.0024827397794524586,0.04982709884643555,31.55516242980957
run_1777423155_f6085e3f,1777424514.7083347,12.0,58.0,99.0,0.04982709884643555,0.0,-6.443944454193115,16.086206436157227,-0.4152258336544037,19.520700454711914,-3.0192694664001465,0.0024827397794524586,0.04982709884643555,31.55516242980957
run_1777423155_f6085e3f,1777424516.713483,12.0,58.0,99.0,0.04982709884643555,0.0,-6.443944454193115,16.331205368041992,-0.4152258336544037,19.47769546508789,-2.7312633991241455,0.0024827397794524586,0.04982709884643555,31.55516242980957
run_1777423155_f6085e3f,1777424518.7077992,12.0,58.0,99.0,0.04982709884643555,0.0,-6.443944454193115,16.548734664916992,-0.4152258336544037,19.434690475463867,-2.4707295894622803,0.0024827397794524586,0.04982709884643555,31.55516242980957
run_1777423155_f6085e3f,1777424520.7044747,12.0,58.0,99.0,0.09392404556274414,0.0,-6.3943352699279785,14.64967155456543,-0.7827004194259644,19.363142013549805,-3.930772066116333,0.008821726334872437,0.09392404556274414,31.55516242980957
run_1777423155_f6085e3f,1777424522.7161212,12.0,58.0,99.0,0.09392404556274414,0.0,-6.3943352699279785,14.943562507629395,-0.7827004194259644,19.282079696655273,-3.5558178424835205,0.008821726334872437,0.09392404556274414,31.55516242980957
run_1777423155_f6085e3f,1777424524.710854,12.0,58.0,99.0,0.09392404556274414,0.0,-6.3943352699279785,15.201687812805176,-0.7827004194259644,19.201017379760742,-3.2166309356689453,0.008821726334872437,0.09392404556274414,31.55516242980957
run_1777423155_f6085e3f,1777424526.7105377,12.0,58.0,99.0,0.09392404556274414,0.0,-6.3943352699279785,15.427457809448242,-0.7827004194259644,19.11995506286621,-2.9097981452941895,0.008821726334872437,0.09392404556274414,31.55516242980957
run_1777423155_f6085e3f,1777424528.7106607,12.0,58.0,99.0,0.13799333572387695,0.0,-6.344757556915283,13.451287269592285,-1.149944543838501,19.03318977355957,-4.431957244873047,0.019042160704202615,0.13799333572387695,31.55516242980957
run_1777423155_f6085e3f,1777424530.719146,12.0,58.0,99.0,0.13799333572387695,0.0,-6.344757556915283,13.754958152770996,-1.149944543838501,18.914098739624023,-4.009195327758789,0.019042160704202615,0.13799333572387695,31.55516242980957
run_1777423155_f6085e3f,1777424532.7120953,12.0,58.0,99.0,0.13799333572387695,0.0,-6.344757556915283,14.018302917480469,-1.149944543838501,18.79500961303711,-3.6267611980438232,0.019042160704202615,0.13799333572387695,31.55516242980957
run_1777423155_f6085e3f,1777424534.710005,12.0,58.0,99.0,0.13799333572387695,0.0,-6.344757556915283,14.24516773223877,-1.149944543838501,18.675918579101562,-3.280805826187134,0.019042160704202615,0.13799333572387695,31.55516242980957
run_1777423155_f6085e3f,1777424536.7088187,12.0,58.0,99.0,0.13799333572387695,0.0,-6.344757556915283,14.439031600952148,-1.149944543838501,18.55682945251465,-2.9678518772125244,0.019042160704202615,0.13799333572387695,31.55516242980957
run_1777423155_f6085e3f,1777424538.7100391,12.0,58.0,99.0,0.13799333572387695,0.0,-6.344757556915283,14.603044509887695,-1.149944543838501,18.4377384185791,-2.6847503185272217,0.019042160704202615,0.13799333572387695,31.55516242980957
run_1777423155_f6085e3f,1777424540.7036757,12.0,58.0,99.0,0.13799333572387695,0.0,-6.344757556915283,14.740049362182617,-1.149944543838501,18.318649291992188,-2.4286530017852783,0.019042160704202615,0.13799333572387695,31.55516242980957
run_1777423155_f6085e3f,1777424542.7145615,12.0,58.0,99.0,0.13799333572387695,0.0,-6.344757556915283,14.852627754211426,-1.149944543838501,18.19955825805664,-2.1969852447509766,0.019042160704202615,0.13799333572387695,31.55516242980957
run_1777423155_f6085e3f,1777424544.7113056,12.0,58.0,99.0,0.13799333572387695,0.0,-6.344757556915283,14.943107604980469,-1.149944543838501,18.080469131469727,-1.9874162673950195,0.019042160704202615,0.13799333572387695,31.55516242980957
run_1777423155_f6085e3f,1777424546.7040946,12.0,58.0,99.0,0.13799333572387695,0.0,-6.344757556915283,15.013594627380371,-1.149944543838501,17.96137809753418,-1.7978379726409912,0.019042160704202615,0.13799333572387695,31.55516242980957
run_1777423155_f6085e3f,1777424548.753866,12.0,58.0,99.0,0.13799333572387695,0.0,-6.344757556915283,15.066000938415527,-1.149944543838501,17.842288970947266,-1.6263431310653687,0.019042160704202615,0.13799333572387695,31.55516242980957
run_1777423155_f6085e3f,1777424550.7119093,12.0,58.0,99.0,0.13799333572387695,0.0,-6.344757556915283,15.102046966552734,-1.149944543838501,17.72319793701172,-1.4712071418762207,0.019042160704202615,0.13799333572387695,31.55516242980957
run_1777423155_f6085e3f,1777424552.7148485,12.0,58.0,99.0,0.13799333572387695,0.0,-6.344757556915283,15.12329387664795,-1.149944543838501,17.604108810424805,-1.330869197845459,0.019042160704202615,0.13799333572387695,31.55516242980957
run_1777423155_f6085e3f,1777424554.710154,12.0,58.0,99.0,0.13799333572387695,0.0,-6.344757556915283,15.131155014038086,-1.149944543838501,17.485017776489258,-1.20391845703125,0.019042160704202615,0.13799333572387695,31.55516242980957
run_1777423155_f6085e3f,1777424556.7139418,12.0,58.0,99.0,0.13799333572387695,0.0,-6.344757556915283,15.126906394958496,-1.149944543838501,17.365928649902344,-1.089077353477478,0.019042160704202615,0.13799333572387695,31.55516242980957
run_1777423155_f6085e3f,1777424558.7093897,12.0,58.0,99.0,0.13799333572387695,0.0,-6.344757556915283,15.111702919006348,-1.149944543838501,17.246837615966797,-0.9851909279823303,0.019042160704202615,0.13799333572387695,31.55516242980957
run_1777423155_f6085e3f,1777424560.7048972,12.0,58.0,99.0,0.13799333572387695,0.0,-6.344757556915283,15.086587905883789,-1.149944543838501,17.127748489379883,-0.89121413230896,0.019042160704202615,0.13799333572387695,31.55516242980957
run_1777423155_f6085e3f,1777424562.7262416,12.0,58.0,99.0,0.13799333572387695,0.0,-6.344757556915283,15.052511215209961,-1.149944543838501,17.008657455444336,-0.8062018156051636,0.019042160704202615,0.13799333572387695,31.55516242980957
run_1777423155_f6085e3f,1777424564.7220063,12.0,58.0,99.0,0.13799333572387695,0.0,-6.344757556915283,15.010324478149414,-1.149944543838501,16.889568328857422,-0.7292987108230591,0.019042160704202615,0.13799333572387695,31.55516242980957
run_1777423155_f6085e3f,1777424566.706243,12.0,58.0,99.0,0.13799333572387695,0.0,-6.344757556915283,14.96080207824707,-1.149944543838501,16.770477294921875,-0.6597313284873962,0.019042160704202615,0.13799333572387695,31.55516242980957
run_1777423155_f6085e3f,1777424568.707071,12.0,58.0,99.0,0.13799333572387695,0.0,-6.344757556915283,14.904642105102539,-1.149944543838501,16.65138816833496,-0.5968000292778015,0.019042160704202615,0.13799333572387695,31.55516242980957
run_1777423155_f6085e3f,1777424570.7022324,12.0,58.0,99.0,0.13799333572387695,0.0,-6.344757556915283,14.842480659484863,-1.149944543838501,16.532297134399414,-0.5398717522621155,0.019042160704202615,0.13799333572387695,31.55516242980957
run_1777423155_f6085e3f,1777424572.7014446,12.0,58.0,99.0,0.13799333572387695,0.0,-6.344757556915283,14.77488899230957,-1.149944543838501,16.4132080078125,-0.488373726606369,0.019042160704202615,0.13799333572387695,31.55516242980957
run_1777423155_f6085e3f,1777424574.7099965,12.0,58.0,99.0,0.13799333572387695,0.0,-6.344757556915283,14.702383995056152,-1.149944543838501,16.294116973876953,-0.44178804755210876,0.019042160704202615,0.13799333572387695,31.55516242980957
run_1777423155_f6085e3f,1777424576.70574,12.0,58.0,99.0,0.13799333572387695,0.0,-6.344757556915283,14.625435829162598,-1.149944543838501,16.17502784729004,-0.3996460735797882,0.019042160704202615,0.13799333572387695,31.55516242980957
run_1777423155_f6085e3f,1777424578.705554,12.0,58.0,99.0,0.13799333572387695,0.0,-6.344757556915283,14.54446792602539,-1.149944543838501,16.055936813354492,-0.3615241050720215,0.019042160704202615,0.13799333572387695,31.55516242980957
run_1777423155_f6085e3f,1777424580.7171113,12.0,58.0,99.0,0.13799333572387695,0.0,-6.344757556915283,14.459863662719727,-1.149944543838501,15.936846733093262,-0.3270384669303894,0.019042160704202615,0.13799333572387695,31.55516242980957
run_1777423155_f6085e3f,1777424582.7310877,12.0,58.0,99.0,0.13799333572387695,0.0,-6.344757556915283,14.371970176696777,-1.149944543838501,15.817756652832031,-0.29584234952926636,0.019042160704202615,0.13799333572387695,31.55516242980957
run_1777423155_f6085e3f,1777424584.7069948,12.0,58.0,99.0,0.13799333572387695,0.0,-6.344757556915283,14.281100273132324,-1.149944543838501,15.6986665725708,-0.26762211322784424,0.019042160704202615,0.13799333572387695,31.55516242980957
run_1777423155_f6085e3f,1777424586.7112858,12.0,58.0,99.0,0.13799333572387695,0.0,-6.344757556915283,14.187538146972656,-1.149944543838501,15.57957649230957,-0.24209381639957428,0.019042160704202615,0.13799333572387695,31.55516242980957
run_1777423155_f6085e3f,1777424588.7149026,12.0,58.0,99.0,0.09392404556274414,0.0,-6.3943352699279785,16.181968688964844,-0.7827004194259644,15.489007949829102,1.4756600856781006,0.008821726334872437,0.09392404556274414,31.55516242980957
run_1777423155_f6085e3f,1777424590.702219,12.0,58.0,99.0,0.09392404556274414,0.0,-6.3943352699279785,15.960143089294434,-0.7827004194259644,15.40794563293457,1.334897756576538,0.008821726334872437,0.09392404556274414,31.55516242980957
run_1777423155_f6085e3f,1777424592.7244773,12.0,58.0,99.0,0.09392404556274414,0.0,-6.3943352699279785,15.75174617767334,-0.7827004194259644,15.326883316040039,1.207562804222107,0.008821726334872437,0.09392404556274414,31.55516242980957
run_1777423155_f6085e3f,1777424594.7045646,12.0,58.0,99.0,0.09392404556274414,0.0,-6.3943352699279785,15.555495262145996,-0.7827004194259644,15.245820999145508,1.0923738479614258,0.008821726334872437,0.09392404556274414,31.55516242980957
run_1777423155_f6085e3f,1777424596.7027743,12.0,58.0,99.0,0.09392404556274414,0.0,-6.3943352699279785,15.370231628417969,-0.7827004194259644,15.164758682250977,0.9881731271743774,0.008821726334872437,0.09392404556274414,31.55516242980957
run_1777423155_f6085e3f,1777424598.7086766,12.0,58.0,99.0,0.09392404556274414,0.0,-6.3943352699279785,15.194908142089844,-0.7827004194259644,15.083696365356445,0.8939118385314941,0.008821726334872437,0.09392404556274414,31.55516242980957
run_1777423155_f6085e3f,1777424600.710977,12.0,58.0,99.0,0.09392404556274414,0.0,-6.3943352699279785,15.028576850891113,-0.7827004194259644,15.002634048461914,0.8086422681808472,0.008821726334872437,0.09392404556274414,31.55516242980957
run_1777423155_f6085e3f,1777424602.7056143,12.0,58.0,99.0,0.09392404556274414,0.0,-6.3943352699279785,14.870376586914062,-0.7827004194259644,14.921571731567383,0.7315061688423157,0.008821726334872437,0.09392404556274414,31.55516242980957
run_1777423155_f6085e3f,1777424604.6982996,12.0,58.0,99.0,0.09392404556274414,0.0,-6.3943352699279785,14.719536781311035,-0.7827004194259644,14.840509414672852,0.6617280840873718,0.008821726334872437,0.09392404556274414,31.55516242980957
run_1777423155_f6085e3f,1777424606.7020545,12.0,58.0,99.0,0.09392404556274414,0.0,-6.3943352699279785,14.575353622436523,-0.7827004194259644,14.75944709777832,0.5986063480377197,0.008821726334872437,0.09392404556274414,31.55516242980957
run_1777423155_f6085e3f,1777424608.7095625,12.0,58.0,99.0,0.09392404556274414,0.0,-6.3943352699279785,14.437190055847168,-0.7827004194259644,14.678384780883789,0.5415056943893433,0.008821726334872437,0.09392404556274414,31.55516242980957
run_1777423155_f6085e3f,1777424610.704592,12.0,58.0,99.0,0.09392404556274414,0.0,-6.3943352699279785,14.304473876953125,-0.7827004194259644,14.597322463989258,0.48985183238983154,0.008821726334872437,0.09392404556274414,31.55516242980957
run_1777423155_f6085e3f,1777424612.7082675,12.0,58.0,99.0,0.09392404556274414,0.0,-6.3943352699279785,14.176684379577637,-0.7827004194259644,14.516260147094727,0.44312503933906555,0.008821726334872437,0.09392404556274414,31.55516242980957
run_1777423155_f6085e3f,1777424614.7144854,12.0,58.0,99.0,0.09392404556274414,0.0,-6.3943352699279785,14.053353309631348,-0.7827004194259644,14.435197830200195,0.4008556604385376,0.008821726334872437,0.09392404556274414,31.55516242980957
run_1777423155_f6085e3f,1777424616.7149696,12.0,58.0,99.0,0.09392404556274414,0.0,-6.3943352699279785,13.934053421020508,-0.7827004194259644,14.354135513305664,0.36261820793151855,0.008821726334872437,0.09392404556274414,31.55516242980957
run_1777423155_f6085e3f,1777424618.7141066,12.0,58.0,99.0,0.04982709884643555,0.0,-6.443944454193115,15.88409423828125,-0.4152258336544037,14.309226989746094,1.9900918006896973,0.0024827397794524586,0.04982709884643555,31.55516242980957
run_1777423155_f6085e3f,1777424620.703995,12.0,58.0,99.0,0.005744457244873047,0.0,-6.493537425994873,17.769046783447266,-0.04787047952413559,14.287154197692871,3.529763698577881,3.2998789038174436e-05,0.005744457244873047,31.55516242980957
run_1777423155_f6085e3f,1777424622.7102625,12.0,58.0,99.0,0.04982709884643555,0.0,-6.443944454193115,15.362363815307617,-0.4152258336544037,14.246052742004395,1.531537413597107,0.0024827397794524586,0.04982709884643555,31.55516242980957
run_1777423155_f6085e3f,1777424624.7053933,12.0,58.0,99.0,0.04982709884643555,0.0,-6.443944454193115,15.173266410827637,-0.4152258336544037,14.203047752380371,1.38544499874115,0.0024827397794524586,0.04982709884643555,31.55516242980957
run_1777423155_f6085e3f,1777424626.7042224,12.0,58.0,99.0,0.04982709884643555,0.0,-6.443944454193115,14.9981050491333,-0.4152258336544037,14.160042762756348,1.2532881498336792,0.0024827397794524586,0.04982709884643555,31.55516242980957
run_1777423155_f6085e3f,1777424628.7121198,12.0,58.0,99.0,0.04982709884643555,0.0,-6.443944454193115,14.835551261901855,-0.4152258336544037,14.11703872680664,1.1337379217147827,0.0024827397794524586,0.04982709884643555,31.55516242980957
run_1777423155_f6085e3f,1777424630.7042437,12.0,58.0,99.0,0.04982709884643555,0.0,-6.443944454193115,14.684399604797363,-0.4152258336544037,14.074033737182617,1.0255913734436035,0.0024827397794524586,0.04982709884643555,31.55516242980957
run_1777423155_f6085e3f,1777424632.7107959,12.0,58.0,99.0,0.04982709884643555,0.0,-6.443944454193115,14.543564796447754,-0.4152258336544037,14.031028747558594,0.927760899066925,0.0024827397794524586,0.04982709884643555,31.55516242980957
run_1777423155_f6085e3f,1777424634.7199311,12.0,58.0,99.0,0.04982709884643555,0.0,-6.443944454193115,14.412060737609863,-0.4152258336544037,13.98802375793457,0.8392622470855713,0.0024827397794524586,0.04982709884643555,31.55516242980957
run_1777423155_f6085e3f,1777424636.704787,12.0,58.0,99.0,0.04982709884643555,0.0,-6.443944454193115,14.288999557495117,-0.4152258336544037,13.945018768310547,0.7592055201530457,0.0024827397794524586,0.04982709884643555,31.55516242980957
run_1777423155_f6085e3f,1777424638.714705,12.0,58.0,99.0,0.04982709884643555,0.0,-6.443944454193115,14.173574447631836,-0.4152258336544037,13.90201473236084,0.6867853999137878,0.0024827397794524586,0.04982709884643555,31.55516242980957
run_1777423155_f6085e3f,1777424640.7026484,12.0,58.0,99.0,0.04982709884643555,0.0,-6.443944454193115,14.065056800842285,-0.4152258336544037,13.859009742736816,0.6212731599807739,0.0024827397794524586,0.04982709884643555,31.55516242980957
run_1777423155_f6085e3f,1777424642.7173035,12.0,58.0,99.0,0.04982709884643555,0.0,-6.443944454193115,13.962790489196777,-0.4152258336544037,13.816004753112793,0.5620102286338806,0.0024827397794524586,0.04982709884643555,31.55516242980957
run_1777423155_f6085e3f,1777424644.702568,12.0,58.0,99.0,0.005744457244873047,0.0,-6.493537425994873,15.983968734741211,-0.04787047952413559,13.79393196105957,2.2379066944122314,3.2998789038174436e-05,0.005744457244873047,31.55516242980957
run_1777423155_f6085e3f,1777424646.7363465,12.0,58.0,99.0,0.005744457244873047,0.0,-6.493537425994873,15.765547752380371,-0.04787047952413559,13.788984298706055,2.0244338512420654,3.2998789038174436e-05,0.005744457244873047,31.55516242980957
run_1777423155_f6085e3f,1777424648.7075918,12.0,58.0,99.0,0.005744457244873047,0.0,-6.493537425994873,15.56749153137207,-0.04787047952413559,13.784037590026855,1.8313239812850952,3.2998789038174436e-05,0.005744457244873047,31.55516242980957
run_1777423155_f6085e3f,1777424650.7027748,12.0,58.0,99.0,0.005744457244873047,0.0,-6.493537425994873,15.261894226074219,-0.04787047952413559,13.791869163513184,1.517895221710205,3.2998789038174436e-05,0.005744457244873047,31.55516242980957
run_1777423155_f6085e3f,1777424652.7164245,12.0,58.0,99.0,0.005744457244873047,0.0,-6.493537425994873,15.11215591430664,-0.04787047952413559,13.786922454833984,1.3731039762496948,3.2998789038174436e-05,0.005744457244873047,31.55516242980957
run_1777423155_f6085e3f,1777424654.7138984,12.0,58.0,99.0,0.005744457244873047,0.0,-6.493537425994873,14.97623062133789,-0.04787047952413559,13.781974792480469,1.2421244382858276,3.2998789038174436e-05,0.005744457244873047,31.55516242980957
run_1777423155_f6085e3f,1777424656.7072818,12.0,58.0,99.0,0.005744457244873047,0.0,-6.493537425994873,14.85279655456543,-0.04787047952413559,13.77702808380127,1.1236389875411987,3.2998789038174436e-05,0.005744457244873047,31.55516242980957
run_1777423155_f6085e3f,1777424658.6984284,12.0,58.0,99.0,0.005744457244873047,0.0,-6.493537425994873,14.740666389465332,-0.04787047952413559,13.772080421447754,1.0164556503295898,3.2998789038174436e-05,0.005744457244873047,31.55516242980957
run_1777423155_f6085e3f,1777424660.7116022,12.0,58.0,99.0,-0.038336753845214844,0.0,-6.543128967285156,16.744338989257812,0.3194729685783386,13.775918960571289,2.6489458084106445,0.001469706695388595,0.038336753845214844,31.55516242980957
run_1777423155_f6085e3f,1777424662.7098012,12.0,58.0,99.0,0.005744457244873047,0.0,-6.493537425994873,14.332734107971191,-0.04787047952413559,13.784549713134766,0.5960536003112793,3.2998789038174436e-05,0.005744457244873047,31.55516242980957
run_1777423155_f6085e3f,1777424664.7111564,12.0,58.0,99.0,-0.038336753845214844,0.0,-6.543128967285156,16.376508712768555,0.3194729685783386,13.7883882522583,2.268646240234375,0.001469706695388595,0.038336753845214844,31.55516242980957
run_1777423155_f6085e3f,1777424666.712254,12.0,58.0,99.0,0.005744457244873047,0.0,-6.493537425994873,14.001180648803711,-0.04787047952413559,13.797019004821777,0.2520308494567871,3.2998789038174436e-05,0.005744457244873047,31.55516242980957
run_1777423155_f6085e3f,1777424668.7393098,12.0,58.0,99.0,-0.038336753845214844,0.0,-6.543128967285156,16.077770233154297,0.3194729685783386,13.800857543945312,1.9574393033981323,0.001469706695388595,0.038336753845214844,31.55516242980957
run_1777423155_f6085e3f,1777424670.7049499,12.0,58.0,99.0,-0.038336753845214844,0.0,-6.543128967285156,15.902078628540039,0.3194729685783386,13.811884880065918,1.7707198858261108,0.001469706695388595,0.038336753845214844,31.55516242980957
run_1777423155_f6085e3f,1777424672.7121603,12.0,58.0,99.0,-0.038336753845214844,0.0,-6.543128967285156,15.744197845458984,0.3194729685783386,13.822911262512207,1.6018120050430298,0.001469706695388595,0.038336753845214844,31.55516242980957
run_1777423155_f6085e3f,1777424674.6960988,12.0,58.0,99.0,-0.038336753845214844,0.0,-6.543128967285156,15.60242748260498,0.3194729685783386,13.833938598632812,1.4490163326263428,0.001469706695388595,0.038336753845214844,31.55516242980957
run_1777423155_f6085e3f,1777424676.6978853,12.0,58.0,99.0,-0.038336753845214844,0.0,-6.543128967285156,15.475234031677246,0.3194729685783386,13.844964981079102,1.3107953071594238,0.001469706695388595,0.038336753845214844,31.55516242980957
run_1777423155_f6085e3f,1777424678.7081165,12.0,58.0,99.0,-0.038336753845214844,0.0,-6.543128967285156,15.361225128173828,0.3194729685783386,13.855992317199707,1.185759425163269,0.001469706695388595,0.038336753845214844,31.55516242980957
run_1777423155_f6085e3f,1777424680.707666,12.0,58.0,99.0,-0.038336753845214844,0.0,-6.543128967285156,15.259143829345703,0.3194729685783386,13.867018699645996,1.07265043258667,0.001469706695388595,0.038336753845214844,31.55516242980957
run_1777423155_f6085e3f,1777424682.7061732,12.0,58.0,99.0,-0.038336753845214844,0.0,-6.543128967285156,15.167850494384766,0.3194729685783386,13.878046035766602,0.9703309535980225,0.001469706695388595,0.038336753845214844,31.55516242980957
run_1777423155_f6085e3f,1777424684.7104545,12.0,58.0,99.0,-0.038336753845214844,0.0,-6.543128967285156,15.08631706237793,0.3194729685783386,13.88907241821289,0.8777714967727661,0.001469706695388595,0.038336753845214844,31.55516242980957
run_1777423155_f6085e3f,1777424686.711684,12.0,58.0,99.0,-0.038336753845214844,0.0,-6.543128967285156,15.013614654541016,0.3194729685783386,13.900099754333496,0.7940414547920227,0.001469706695388595,0.038336753845214844,31.55516242980957
run_1777423155_f6085e3f,1777424688.698311,12.0,58.0,99.0,-0.038336753845214844,0.0,-6.543128967285156,14.948898315429688,0.3194729685783386,13.911126136779785,0.7182981967926025,0.001469706695388595,0.038336753845214844,31.55516242980957
run_1777423155_f6085e3f,1777424690.7213483,12.0,58.0,99.0,-0.038336753845214844,0.0,-6.543128967285156,14.891407012939453,0.3194729685783386,13.92215347290039,0.6497801542282104,0.001469706695388595,0.038336753845214844,31.55516242980957
run_1777423155_f6085e3f,1777424692.7104502,12.0,58.0,99.0,-0.038336753845214844,0.0,-6.543128967285156,14.84045124053955,0.3194729685783386,13.93317985534668,0.5877978801727295,0.001469706695388595,0.038336753845214844,31.55516242980957
run_1777423155_f6085e3f,1777424694.7052243,12.0,58.0,99.0,-0.038336753845214844,0.0,-6.543128967285156,14.795409202575684,0.3194729685783386,13.944207191467285,0.5317280888557434,0.001469706695388595,0.038336753845214844,31.55516242980957
run_1777423155_f6085e3f,1777424696.7009332,12.0,58.0,99.0,-0.038336753845214844,0.0,-6.543128967285156,14.755714416503906,0.3194729685783386,13.955233573913574,0.48100677132606506,0.001469706695388595,0.038336753845214844,31.55516242980957
run_1777423155_f6085e3f,1777424698.7187893,12.0,58.0,99.0,-0.038336753845214844,0.0,-6.543128967285156,14.720858573913574,0.3194729685783386,13.96626091003418,0.43512386083602905,0.001469706695388595,0.038336753845214844,31.55516242980957
run_1777423155_f6085e3f,1777424700.7011263,12.0,58.0,99.0,-0.038336753845214844,0.0,-6.543128967285156,14.690378189086914,0.3194729685783386,13.977287292480469,0.39361771941185,0.001469706695388595,0.038336753845214844,31.55516242980957
run_1777423155_f6085e3f,1777424702.69613,12.0,58.0,99.0,-0.08241701126098633,0.0,-6.592719078063965,16.833263397216797,0.6868084669113159,13.990214347839355,2.1562418937683105,0.006792563745193547,0.08241701126098633,31.55516242980957
run_1777423155_f6085e3f,1777424704.7042444,12.0,58.0,99.0,-0.038336753845214844,0.0,-6.543128967285156,14.515070915222168,0.3194729685783386,14.00947380065918,0.18612249195575714,0.001469706695388595,0.038336753845214844,31.55516242980957
run_1777423155_f6085e3f,1777424706.7006555,12.0,58.0,99.0,-0.038336753845214844,0.0,-6.543128967285156,14.508342742919922,0.3194729685783386,14.020501136779785,0.1683683544397354,0.001469706695388595,0.038336753845214844,31.55516242980957
run_1777423155_f6085e3f,1777424708.7067807,12.0,58.0,99.0,-0.12648344039916992,0.0,-6.642293930053711,18.679649353027344,1.0540287494659424,14.047993659973145,3.5776257514953613,0.01599806069521037,0.12648344039916992,31.55516242980957
run_1777423155_f6085e3f,1777424710.7111828,12.0,58.0,99.0,-0.08241701126098633,0.0,-6.592719078063965,16.303466796875,0.6868084669113159,14.07485294342041,1.5418071746826172,0.006792563745193547,0.08241701126098633,31.55516242980957
run_1777423155_f6085e3f,1777424712.7048867,12.0,58.0,99.0,-0.08241701126098633,0.0,-6.592719078063965,16.180089950561523,0.6868084669113159,14.098546028137207,1.3947352170944214,0.006792563745193547,0.08241701126098633,31.55516242980957
run_1777423155_f6085e3f,1777424714.705796,12.0,58.0,99.0,-0.08241701126098633,0.0,-6.592719078063965,16.070737838745117,0.6868084669113159,14.122239112854004,1.2616922855377197,0.006792563745193547,0.08241701126098633,31.55516242980957
run_1777423155_f6085e3f,1777424716.7253654,12.0,58.0,99.0,-0.08241701126098633,0.0,-6.592719078063965,15.878708839416504,0.6868084669113159,14.153531074523926,1.038370132446289,0.006792563745193547,0.08241701126098633,31.55516242980957
run_1777423155_f6085e3f,1777424718.7044084,12.0,58.0,99.0,-0.08241701126098633,0.0,-6.592719078063965,15.803352355957031,0.6868084669113159,14.177224159240723,0.9393205046653748,0.006792563745193547,0.08241701126098633,31.55516242980957
run_1777423155_f6085e3f,1777424720.6986706,12.0,58.0,99.0,-0.12648344039916992,0.0,-6.642293930053711,17.872982025146484,1.0540287494659424,14.205349922180176,2.613602876663208,0.01599806069521037,0.12648344039916992,31.55516242980957
run_1777423155_f6085e3f,1777424722.7014093,12.0,58.0,99.0,-0.08241701126098633,0.0,-6.592719078063965,15.58875846862793,0.6868084669113159,14.232209205627441,0.6697419285774231,0.006792563745193547,0.08241701126098633,31.55516242980957
run_1777423155_f6085e3f,1777424724.701402,12.0,58.0,99.0,-0.08241701126098633,0.0,-6.592719078063965,15.548565864562988,0.6868084669113159,14.255902290344238,0.6058557033538818,0.006792563745193547,0.08241701126098633,31.55516242980957
run_1777423155_f6085e3f,1777424726.6950483,12.0,58.0,99.0,-0.08241701126098633,0.0,-6.592719078063965,15.514466285705566,0.6868084669113159,14.279595375061035,0.5480636954307556,0.006792563745193547,0.08241701126098633,31.55516242980957
run_1777423155_f6085e3f,1777424728.7058303,12.0,58.0,99.0,-0.08241701126098633,0.0,-6.592719078063965,15.485879898071289,0.6868084669113159,14.303287506103516,0.4957841634750366,0.006792563745193547,0.08241701126098633,31.55516242980957
run_1777423155_f6085e3f,1777424730.711287,12.0,58.0,99.0,-0.12648344039916992,0.0,-6.642293930053711,17.533550262451172,1.0540287494659424,14.336480140686035,2.1430420875549316,0.01599806069521037,0.12648344039916992,31.55516242980957
run_1777423155_f6085e3f,1777424732.7061474,12.0,58.0,99.0,-0.08241701126098633,0.0,-6.592719078063965,15.325319290161133,0.6868084669113159,14.360806465148926,0.27770543098449707,0.006792563745193547,0.08241701126098633,31.55516242980957
run_1777423155_f6085e3f,1777424734.7157755,12.0,58.0,99.0,-0.08241701126098633,0.0,-6.592719078063965,15.32252311706543,0.6868084669113159,14.384499549865723,0.25121524930000305,0.006792563745193547,0.08241701126098633,31.55516242980957
run_1777423155_f6085e3f,1777424736.723104,12.0,58.0,99.0,-0.12648344039916992,0.0,-6.642293930053711,17.457788467407227,1.0540287494659424,14.412625312805176,1.991135597229004,0.01599806069521037,0.12648344039916992,31.55516242980957
run_1777423155_f6085e3f,1777424738.699524,12.0,58.0,99.0,-0.08241701126098633,0.0,-6.592719078063965,15.20115852355957,0.6868084669113159,14.442017555236816,0.07233275473117828,0.006792563745193547,0.08241701126098633,31.55516242980957
run_1777423155_f6085e3f,1777424740.7101133,12.0,58.0,99.0,-0.08241701126098633,0.0,-6.592719078063965,15.217950820922852,0.6868084669113159,14.465710639953613,0.06543296575546265,0.006792563745193547,0.08241701126098633,31.55516242980957
run_1777423155_f6085e3f,1777424742.7298682,12.0,58.0,99.0,-0.08241701126098633,0.0,-6.592719078063965,15.235403060913086,0.6868084669113159,14.48940372467041,0.059191346168518066,0.006792563745193547,0.08241701126098633,31.55516242980957
run_1777423155_f6085e3f,1777424744.7175126,12.0,58.0,99.0,-0.08241701126098633,0.0,-6.592719078063965,15.253450393676758,0.6868084669113159,14.51309585571289,0.05354512110352516,0.006792563745193547,0.08241701126098633,31.55516242980957
run_1777423155_f6085e3f,1777424746.701729,12.0,58.0,99.0,-0.08241701126098633,0.0,-6.592719078063965,15.272034645080566,0.6868084669113159,14.536788940429688,0.04843747615814209,0.006792563745193547,0.08241701126098633,31.55516242980957
run_1777423155_f6085e3f,1777424748.698346,12.0,58.0,99.0,-0.08241701126098633,0.0,-6.592719078063965,15.291107177734375,0.6868084669113159,14.560482025146484,0.04381704702973366,0.006792563745193547,0.08241701126098633,31.55516242980957
run_1777423155_f6085e3f,1777424750.7014272,12.0,58.0,99.0,-0.08241701126098633,0.0,-6.592719078063965,15.310619354248047,0.6868084669113159,14.584175109863281,0.039637356996536255,0.006792563745193547,0.08241701126098633,31.55516242980957
run_1777423155_f6085e3f,1777424752.7234118,12.0,58.0,99.0,-0.08241701126098633,0.0,-6.592719078063965,15.33053207397461,0.6868084669113159,14.607867240905762,0.035856377333402634,0.006792563745193547,0.08241701126098633,31.55516242980957
run_1777423155_f6085e3f,1777424754.7100146,12.0,58.0,99.0,-0.08241701126098633,0.0,-6.592719078063965,15.35080337524414,0.6868084669113159,14.631560325622559,0.032436057925224304,0.006792563745193547,0.08241701126098633,31.55516242980957
run_1777423155_f6085e3f,1777424756.7084305,12.0,58.0,99.0,-0.08241701126098633,0.0,-6.592719078063965,15.276032447814941,0.6868084669113159,14.662853240966797,-0.07362842559814453,0.006792563745193547,0.08241701126098633,31.55516242980957
run_1777423155_f6085e3f,1777424758.7019818,12.0,58.0,99.0,-0.12648344039916992,0.0,-6.642293930053711,17.409805297851562,1.0540287494659424,14.693511962890625,1.6622645854949951,0.01599806069521037,0.12648344039916992,31.55516242980957
run_1777423155_f6085e3f,1777424760.715987,12.0,58.0,99.0,-0.12648344039916992,0.0,-6.642293930053711,17.287601470947266,1.0540287494659424,14.729870796203613,1.503702163696289,0.01599806069521037,0.12648344039916992,31.55516242980957
run_1777423155_f6085e3f,1777424762.7066998,12.0,58.0,99.0,-0.08241701126098633,0.0,-6.592719078063965,15.07746696472168,0.6868084669113159,14.759263038635254,-0.36860477924346924,0.006792563745193547,0.08241701126098633,31.55516242980957
run_1777423155_f6085e3f,1777424764.7157412,12.0,58.0,99.0,-0.12648344039916992,0.0,-6.642293930053711,17.176488876342773,1.0540287494659424,14.794988632202148,1.3274692296981812,0.01599806069521037,0.12648344039916992,31.55516242980957
run_1777423155_f6085e3f,1777424766.7189043,12.0,58.0,99.0,-0.12648344039916992,0.0,-6.642293930053711,17.086219787597656,1.0540287494659424,14.831347465515137,1.2008426189422607,0.01599806069521037,0.12648344039916992,31.55516242980957
run_1777423155_f6085e3f,1777424768.7081857,12.0,58.0,99.0,-0.12648344039916992,0.0,-6.642293930053711,17.00802993774414,1.0540287494659424,14.867706298828125,1.0862950086593628,0.01599806069521037,0.12648344039916992,31.55516242980957
run_1777423155_f6085e3f,1777424770.6995087,12.0,58.0,99.0,-0.08241701126098633,0.0,-6.592719078063965,14.837712287902832,0.6868084669113159,14.897099494934082,-0.7461956739425659,0.006792563745193547,0.08241701126098633,31.55516242980957
run_1777423155_f6085e3f,1777424772.7068787,12.0,58.0,99.0,-0.12648344039916992,0.0,-6.642293930053711,16.972749710083008,1.0540287494659424,14.932825088500977,0.9858967661857605,0.01599806069521037,0.12648344039916992,31.55516242980957
run_1777423155_f6085e3f,1777424774.7138686,12.0,58.0,99.0,-0.12648344039916992,0.0,-6.642293930053711,16.91506576538086,1.0540287494659424,14.969183921813965,0.8918526768684387,0.01599806069521037,0.12648344039916992,31.55516242980957
run_1777423155_f6085e3f,1777424776.728323,12.0,58.0,99.0,-0.12648344039916992,0.0,-6.642293930053711,16.994911193847656,1.0540287494659424,14.995409965515137,0.9454728364944458,0.01599806069521037,0.12648344039916992,31.55516242980957
run_1777423155_f6085e3f,1777424778.708529,12.0,58.0,99.0,-0.08241701126098633,0.0,-6.592719078063965,14.838025093078613,0.6868084669113159,15.024802207946777,-0.8735848665237427,0.006792563745193547,0.08241701126098633,31.55516242980957
run_1777423155_f6085e3f,1777424780.7026322,12.0,58.0,99.0,-0.08241701126098633,0.0,-6.592719078063965,14.816488265991211,0.6868084669113159,15.05862808227539,-0.9289476275444031,0.006792563745193547,0.08241701126098633,31.55516242980957
run_1777423155_f6085e3f,1777424782.7087872,12.0,58.0,99.0,-0.12648344039916992,0.0,-6.642293930053711,17.031850814819336,1.0540287494659424,15.089286804199219,0.8885337710380554,0.01599806069521037,0.12648344039916992,31.55516242980957
run_1777423155_f6085e3f,1777424784.7071254,12.0,58.0,99.0,-0.08241701126098633,0.0,-6.592719078063965,14.81472396850586,0.6868084669113159,15.123745918273926,-0.9958295226097107,0.006792563745193547,0.08241701126098633,31.55516242980957
run_1777423155_f6085e3f,1777424786.712411,12.0,58.0,99.0,-0.08241701126098633,0.0,-6.592719078063965,14.933408737182617,0.6868084669113159,15.147439002990723,-0.9008379578590393,0.006792563745193547,0.08241701126098633,31.55516242980957
run_1777423155_f6085e3f,1777424788.700052,12.0,58.0,99.0,-0.08241701126098633,0.0,-6.592719078063965,14.945575714111328,0.6868084669113159,15.178730964660645,-0.9199634194374084,0.006792563745193547,0.08241701126098633,31.55516242980957
run_1777423155_f6085e3f,1777424790.705821,12.0,58.0,99.0,-0.08241701126098633,0.0,-6.592719078063965,15.057023048400879,0.6868084669113159,15.202424049377441,-0.8322088122367859,0.006792563745193547,0.08241701126098633,31.55516242980957
run_1777423155_f6085e3f,1777424792.696602,12.0,58.0,99.0,-0.08241701126098633,0.0,-6.592719078063965,15.160099983215332,0.6868084669113159,15.226117134094238,-0.7528250217437744,0.006792563745193547,0.08241701126098633,31.55516242980957
run_1777423155_f6085e3f,1777424794.6956246,12.0,58.0,99.0,-0.08241701126098633,0.0,-6.592719078063965,15.25560474395752,0.6868084669113159,15.249809265136719,-0.6810133457183838,0.006792563745193547,0.08241701126098633,31.55516242980957
run_1777423155_f6085e3f,1777424796.7078547,12.0,58.0,99.0,-0.08241701126098633,0.0,-6.592719078063965,15.344259262084961,0.6868084669113159,15.273502349853516,-0.6160517930984497,0.006792563745193547,0.08241701126098633,31.55516242980957
run_1777423155_f6085e3f,1777424798.7202742,12.0,58.0,99.0,-0.08241701126098633,0.0,-6.592719078063965,15.426715850830078,0.6868084669113159,15.297195434570312,-0.5572869181632996,0.006792563745193547,0.08241701126098633,31.55516242980957
run_1777423155_f6085e3f,1777424800.702257,12.0,58.0,99.0,-0.08241701126098633,0.0,-6.592719078063965,15.503568649291992,0.6868084669113159,15.32088851928711,-0.5041277408599854,0.006792563745193547,0.08241701126098633,31.55516242980957
run_1777423155_f6085e3f,1777424802.7002006,12.0,58.0,99.0,-0.08241701126098633,0.0,-6.592719078063965,15.575349807739258,0.6868084669113159,15.34458065032959,-0.45603927969932556,0.006792563745193547,0.08241701126098633,31.55516242980957
run_1777423155_f6085e3f,1777424804.701259,12.0,58.0,99.0,-0.08241701126098633,0.0,-6.592719078063965,15.642544746398926,0.6868084669113159,15.368273735046387,-0.41253790259361267,0.006792563745193547,0.08241701126098633,31.55516242980957
run_1777423155_f6085e3f,1777424806.7019336,12.0,58.0,99.0,-0.12648344039916992,0.0,-6.642293930053711,17.808645248413086,1.0540287494659424,15.398933410644531,1.3556833267211914,0.01599806069521037,0.12648344039916992,31.55516242980957
run_1777423155_f6085e3f,1777424808.7088485,12.0,58.0,99.0,-0.12648344039916992,0.0,-6.642293930053711,17.813142776489258,1.0540287494659424,15.427692413330078,1.3314213752746582,0.01599806069521037,0.12648344039916992,31.55516242980957
run_1777423155_f6085e3f,1777424810.71136,12.0,58.0,99.0,-0.12648344039916992,0.0,-6.642293930053711,17.722497940063477,1.0540287494659424,15.464051246643066,1.2044179439544678,0.01599806069521037,0.12648344039916992,31.55516242980957
run_1777423155_f6085e3f,1777424812.7016,12.0,58.0,99.0,-0.12648344039916992,0.0,-6.642293930053711,17.64396858215332,1.0540287494659424,15.500410079956055,1.089529275894165,0.01599806069521037,0.12648344039916992,31.55516242980957
run_1777423155_f6085e3f,1777424814.7113845,12.0,58.0,99.0,-0.12648344039916992,0.0,-6.642293930053711,17.576398849487305,1.0540287494659424,15.536768913269043,0.9855998754501343,0.01599806069521037,0.12648344039916992,31.55516242980957
run_1777423155_f6085e3f,1777424816.6961303,12.0,58.0,99.0,-0.12648344039916992,0.0,-6.642293930053711,17.518741607666016,1.0540287494659424,15.573127746582031,0.8915841579437256,0.01599806069521037,0.12648344039916992,31.55516242980957
run_1777423155_f6085e3f,1777424818.7062657,12.0,58.0,99.0,-0.12648344039916992,0.0,-6.642293930053711,17.470050811767578,1.0540287494659424,15.60948657989502,0.8065364360809326,0.01599806069521037,0.12648344039916992,31.55516242980957
run_1777423155_f6085e3f,1777424820.7051773,12.0,58.0,99.0,-0.12648344039916992,0.0,-6.642293930053711,17.429475784301758,1.0540287494659424,15.645845413208008,0.7296013832092285,0.01599806069521037,0.12648344039916992,31.55516242980957
run_1777423155_f6085e3f,1777424822.7262921,12.0,58.0,99.0,-0.08241701126098633,0.0,-6.592719078063965,15.260701179504395,0.6868084669113159,15.677770614624023,-1.103878378868103,0.006792563745193547,0.08241701126098633,31.55516242980957
run_1777423155_f6085e3f,1777424824.7169232,12.0,58.0,99.0,-0.08241701126098633,0.0,-6.592719078063965,15.389691352844238,0.6868084669113159,15.70146369934082,-0.9985800981521606,0.006792563745193547,0.08241701126098633,31.55516242980957
run_1777423155_f6085e3f,1777424826.7001188,12.0,58.0,99.0,-0.08241701126098633,0.0,-6.592719078063965,15.508638381958008,0.6868084669113159,15.725156784057617,-0.9033259749412537,0.006792563745193547,0.08241701126098633,31.55516242980957
run_1777423155_f6085e3f,1777424828.7065244,12.0,58.0,99.0,-0.08241701126098633,0.0,-6.592719078063965,15.618498802185059,0.6868084669113159,15.748849868774414,-0.8171582818031311,0.006792563745193547,0.08241701126098633,31.55516242980957
run_1777423155_f6085e3f,1777424830.7083404,12.0,58.0,99.0,-0.08241701126098633,0.0,-6.592719078063965,15.72014045715332,0.6868084669113159,15.772541999816895,-0.7392100691795349,0.006792563745193547,0.08241701126098633,31.55516242980957
run_1777423155_f6085e3f,1777424832.7045283,12.0,58.0,99.0,-0.08241701126098633,0.0,-6.592719078063965,15.814346313476562,0.6868084669113159,15.796235084533691,-0.6686973571777344,0.006792563745193547,0.08241701126098633,31.55516242980957
run_1777423155_f6085e3f,1777424834.70799,12.0,58.0,99.0,-0.08241701126098633,0.0,-6.592719078063965,15.901824951171875,0.6868084669113159,15.819928169250488,-0.6049108505249023,0.006792563745193547,0.08241701126098633,31.55516242980957
