run_id,timestamp,kp,ki,kd,temp,temp_ref,temp_raw,temp_u,temp_u_p,temp_u_i,temp_u_d,sq_error,mae,start_temp
run_1779922497_1b429ac0,1779922978.5385852,20.0,22.0,49.0,25.01659393310547,0.0,21.643667221069336,-100.0,-100.0,0.0,0.04222699627280235,625.8299720138893,25.01659393310547,25.01659393310547
run_1779922497_1b429ac0,1779922980.2432733,20.0,22.0,49.0,25.01659393310547,0.0,21.643667221069336,-100.0,-100.0,0.0,0.038198985159397125,625.8299720138893,25.01659393310547,25.01659393310547
run_1779922497_1b429ac0,1779922982.236848,20.0,22.0,49.0,25.01659393310547,0.0,21.643667221069336,-100.0,-100.0,0.0,0.034555207937955856,625.8299720138893,25.01659393310547,25.01659393310547
run_1779922497_1b429ac0,1779922984.2474926,20.0,22.0,49.0,25.01659393310547,0.0,21.643667221069336,-100.0,-100.0,0.0,0.031259000301361084,625.8299720138893,25.01659393310547,25.01659393310547
run_1779922497_1b429ac0,1779922986.2363148,20.0,22.0,49.0,24.972171783447266,0.0,21.59369468688965,-100.0,-100.0,0.0,0.5643262267112732,623.6093635819998,24.972171783447266,25.01659393310547
run_1779922497_1b429ac0,1779922988.2389894,20.0,22.0,49.0,25.01659393310547,0.0,21.643667221069336,-100.0,-100.0,0.0,-0.00448305020108819,625.8299720138893,25.01659393310547,25.01659393310547
run_1779922497_1b429ac0,1779922990.234768,20.0,22.0,49.0,25.01659393310547,0.0,21.643667221069336,-100.0,-100.0,0.0,-0.004055415280163288,625.8299720138893,25.01659393310547,25.01659393310547
run_1779922497_1b429ac0,1779922992.2388556,20.0,22.0,49.0,25.01659393310547,0.0,21.643667221069336,-100.0,-100.0,0.0,-0.003668570891022682,625.8299720138893,25.01659393310547,25.01659393310547
run_1779922497_1b429ac0,1779922994.2355874,20.0,22.0,49.0,25.01659393310547,0.0,21.643667221069336,-100.0,-100.0,0.0,-0.0033186282962560654,625.8299720138893,25.01659393310547,25.01659393310547
run_1779922497_1b429ac0,1779922996.2388606,20.0,22.0,49.0,25.01659393310547,0.0,21.643667221069336,-100.0,-100.0,0.0,-0.00300206639803946,625.8299720138893,25.01659393310547,25.01659393310547
run_1779922497_1b429ac0,1779922998.2442431,20.0,22.0,49.0,25.01659393310547,0.0,21.643667221069336,-100.0,-100.0,0.0,-0.06533802300691605,625.8299720138893,25.01659393310547,25.01659393310547
run_1779922497_1b429ac0,1779923000.2468398,20.0,22.0,49.0,24.972171783447266,0.0,21.59369468688965,-100.0,-100.0,0.0,0.45587319135665894,623.6093635819998,24.972171783447266,25.01659393310547
run_1779922497_1b429ac0,1779923002.2396243,20.0,22.0,49.0,24.972171783447266,0.0,21.59369468688965,-100.0,-100.0,0.0,0.4123876690864563,623.6093635819998,24.972171783447266,25.01659393310547
run_1779922497_1b429ac0,1779923004.2384822,20.0,22.0,49.0,24.972171783447266,0.0,21.59369468688965,-100.0,-100.0,0.0,0.37305018305778503,623.6093635819998,24.972171783447266,25.01659393310547
run_1779922497_1b429ac0,1779923006.2421336,20.0,22.0,49.0,24.972171783447266,0.0,21.59369468688965,-100.0,-100.0,0.0,0.33746522665023804,623.6093635819998,24.972171783447266,25.01659393310547
run_1779922497_1b429ac0,1779923008.241848,20.0,22.0,49.0,24.972171783447266,0.0,21.59369468688965,-100.0,-100.0,0.0,0.3052745759487152,623.6093635819998,24.972171783447266,25.01659393310547
run_1779922497_1b429ac0,1779923010.2333453,20.0,22.0,49.0,24.972171783447266,0.0,21.59369468688965,-100.0,-100.0,0.0,0.2761545777320862,623.6093635819998,24.972171783447266,25.01659393310547
run_1779922497_1b429ac0,1779923012.237675,20.0,22.0,49.0,24.972171783447266,0.0,21.59369468688965,-100.0,-100.0,0.0,0.24981237947940826,623.6093635819998,24.972171783447266,25.01659393310547
run_1779922497_1b429ac0,1779923014.245245,20.0,22.0,49.0,24.972171783447266,0.0,21.59369468688965,-100.0,-100.0,0.0,0.2259829342365265,623.6093635819998,24.972171783447266,25.01659393310547
run_1779922497_1b429ac0,1779923016.2387114,20.0,22.0,49.0,24.927698135375977,0.0,21.54366111755371,-100.0,-100.0,0.0,0.7304439544677734,621.3901343284269,24.927698135375977,25.01659393310547
run_1779922497_1b429ac0,1779923018.2357168,20.0,22.0,49.0,24.927698135375977,0.0,21.54366111755371,-100.0,-100.0,0.0,0.6607673764228821,621.3901343284269,24.927698135375977,25.01659393310547
run_1779922497_1b429ac0,1779923020.2362452,20.0,22.0,49.0,24.927698135375977,0.0,21.54366111755371,-100.0,-100.0,0.0,0.5977372527122498,621.3901343284269,24.927698135375977,25.01659393310547
run_1779922497_1b429ac0,1779923022.2407162,20.0,22.0,49.0,24.927698135375977,0.0,21.54366111755371,-100.0,-100.0,0.0,0.5407193303108215,621.3901343284269,24.927698135375977,25.01659393310547
run_1779922497_1b429ac0,1779923024.2397084,20.0,22.0,49.0,24.927698135375977,0.0,21.54366111755371,-100.0,-100.0,0.0,0.48914045095443726,621.3901343284269,24.927698135375977,25.01659393310547
run_1779922497_1b429ac0,1779923026.2363377,20.0,22.0,49.0,24.927698135375977,0.0,21.54366111755371,-100.0,-100.0,0.0,0.41117122769355774,621.3901343284269,24.927698135375977,25.01659393310547
run_1779922497_1b429ac0,1779923028.2395568,20.0,22.0,49.0,24.927698135375977,0.0,21.54366111755371,-100.0,-100.0,0.0,0.37194979190826416,621.3901343284269,24.927698135375977,25.01659393310547
run_1779922497_1b429ac0,1779923030.2469213,20.0,22.0,49.0,24.883251190185547,0.0,21.4936580657959,-100.0,-100.0,0.0,0.8415074348449707,619.1761897938704,24.883251190185547,25.01659393310547
run_1779922497_1b429ac0,1779923032.2402904,20.0,22.0,49.0,24.883251190185547,0.0,21.4936580657959,-100.0,-100.0,0.0,0.7612364888191223,619.1761897938704,24.883251190185547,25.01659393310547
run_1779922497_1b429ac0,1779923034.235391,20.0,22.0,49.0,24.883251190185547,0.0,21.4936580657959,-100.0,-100.0,0.0,0.6573160886764526,619.1761897938704,24.883251190185547,25.01659393310547
run_1779922497_1b429ac0,1779923036.2387779,20.0,22.0,49.0,24.838809967041016,0.0,21.443660736083984,-100.0,-100.0,0.0,1.1202490329742432,616.9664805787761,24.838809967041016,25.01659393310547
run_1779922497_1b429ac0,1779923038.2450316,20.0,22.0,49.0,24.883251190185547,0.0,21.4936580657959,-100.0,-100.0,0.0,0.4771099090576172,619.1761897938704,24.883251190185547,25.01659393310547
run_1779922497_1b429ac0,1779923040.238285,20.0,22.0,49.0,24.883251190185547,0.0,21.4936580657959,-100.0,-100.0,0.0,0.43159863352775574,619.1761897938704,24.883251190185547,25.01659393310547
run_1779922497_1b429ac0,1779923042.2395422,20.0,22.0,49.0,24.883251190185547,0.0,21.4936580657959,-100.0,-100.0,0.0,0.39042866230010986,619.1761897938704,24.883251190185547,25.01659393310547
run_1779922497_1b429ac0,1779923044.243729,20.0,22.0,49.0,24.838809967041016,0.0,21.443660736083984,-100.0,-100.0,0.0,0.8788197040557861,616.9664805787761,24.838809967041016,25.01659393310547
run_1779922497_1b429ac0,1779923046.2465124,20.0,22.0,49.0,24.838809967041016,0.0,21.443660736083984,-100.0,-100.0,0.0,0.7949895858764648,616.9664805787761,24.838809967041016,25.01659393310547
run_1779922497_1b429ac0,1779923048.2457697,20.0,22.0,49.0,24.838809967041016,0.0,21.443660736083984,-100.0,-100.0,0.0,0.7191559672355652,616.9664805787761,24.838809967041016,25.01659393310547
run_1779922497_1b429ac0,1779923050.2362685,20.0,22.0,49.0,24.838809967041016,0.0,21.443660736083984,-100.0,-100.0,0.0,0.6505560874938965,616.9664805787761,24.838809967041016,25.01659393310547
run_1779922497_1b429ac0,1779923052.2425911,20.0,22.0,49.0,24.838809967041016,0.0,21.443660736083984,-100.0,-100.0,0.0,0.5884999632835388,616.9664805787761,24.838809967041016,25.01659393310547
run_1779922497_1b429ac0,1779923054.240606,20.0,22.0,49.0,24.838809967041016,0.0,21.443660736083984,-100.0,-100.0,0.0,0.5323632955551147,616.9664805787761,24.838809967041016,25.01659393310547
run_1779922497_1b429ac0,1779923056.2385154,20.0,22.0,49.0,24.749921798706055,0.0,21.34366226196289,-100.0,-100.0,0.0,1.5329164266586304,612.5586290420651,24.749921798706055,25.01659393310547
run_1779922497_1b429ac0,1779923058.24448,20.0,22.0,49.0,24.794336318969727,0.0,21.39362907409668,-100.0,-100.0,0.0,0.8820232152938843,614.7591134981813,24.794336318969727,25.01659393310547
run_1779922497_1b429ac0,1779923060.2435927,20.0,22.0,49.0,24.794336318969727,0.0,21.39362907409668,-100.0,-100.0,0.0,0.8285949230194092,614.7591134981813,24.794336318969727,25.01659393310547
run_1779922497_1b429ac0,1779923062.2455223,20.0,22.0,49.0,24.794336318969727,0.0,21.39362907409668,-100.0,-100.0,0.0,0.7495557069778442,614.7591134981813,24.794336318969727,25.01659393310547
run_1779922497_1b429ac0,1779923064.2385724,20.0,22.0,49.0,24.794336318969727,0.0,21.39362907409668,-100.0,-100.0,0.0,0.6780561208724976,614.7591134981813,24.794336318969727,25.01659393310547
run_1779922497_1b429ac0,1779923066.2395558,20.0,22.0,49.0,24.794336318969727,0.0,21.39362907409668,-100.0,-100.0,0.0,0.6133766174316406,614.7591134981813,24.794336318969727,25.01659393310547
run_1779922497_1b429ac0,1779923068.235227,20.0,22.0,49.0,24.794336318969727,0.0,21.39362907409668,-100.0,-100.0,0.0,0.5548669695854187,614.7591134981813,24.794336318969727,25.01659393310547
run_1779922497_1b429ac0,1779923070.2402487,20.0,22.0,49.0,24.749921798706055,0.0,21.34366226196289,-100.0,-100.0,0.0,1.0168286561965942,612.5586290420651,24.749921798706055,25.01659393310547
run_1779922497_1b429ac0,1779923072.2341812,20.0,22.0,49.0,24.705448150634766,0.0,21.293630599975586,-100.0,-100.0,0.0,1.4765175580978394,610.3591683237028,24.705448150634766,25.01659393310547
run_1779922497_1b429ac0,1779923074.2433443,20.0,22.0,49.0,24.705448150634766,0.0,21.293630599975586,-100.0,-100.0,0.0,1.3356738090515137,610.3591683237028,24.705448150634766,25.01659393310547
run_1779922497_1b429ac0,1779923076.235134,20.0,22.0,49.0,24.749921798706055,0.0,21.34366226196289,-100.0,-100.0,0.0,0.682247519493103,612.5586290420651,24.749921798706055,25.01659393310547
run_1779922497_1b429ac0,1779923078.240294,20.0,22.0,49.0,24.749921798706055,0.0,21.34366226196289,-100.0,-100.0,0.0,0.6171684861183167,612.5586290420651,24.749921798706055,25.01659393310547
run_1779922497_1b429ac0,1779923080.2442183,20.0,22.0,49.0,24.749921798706055,0.0,21.34366226196289,-100.0,-100.0,0.0,0.5582970976829529,612.5586290420651,24.749921798706055,25.01659393310547
run_1779922497_1b429ac0,1779923082.2363296,20.0,22.0,49.0,24.749921798706055,0.0,21.34366226196289,-100.0,-100.0,0.0,0.5050414800643921,612.5586290420651,24.749921798706055,25.01659393310547
run_1779922497_1b429ac0,1779923084.2432866,20.0,22.0,49.0,24.749921798706055,0.0,21.34366226196289,-100.0,-100.0,0.0,0.4261585474014282,612.5586290420651,24.749921798706055,25.01659393310547
run_1779922497_1b429ac0,1779923086.2361243,20.0,22.0,49.0,24.749921798706055,0.0,21.34366226196289,-100.0,-100.0,0.0,0.3855074644088745,612.5586290420651,24.749921798706055,25.01659393310547
run_1779922497_1b429ac0,1779923088.2428775,20.0,22.0,49.0,24.705448150634766,0.0,21.293630599975586,-100.0,-100.0,0.0,0.8440441489219666,610.3591683237028,24.705448150634766,25.01659393310547
run_1779922497_1b429ac0,1779923090.237594,20.0,22.0,49.0,24.705448150634766,0.0,21.293630599975586,-100.0,-100.0,0.0,0.7635312676429749,610.3591683237028,24.705448150634766,25.01659393310547
run_1779922497_1b429ac0,1779923092.2456288,20.0,22.0,49.0,24.705448150634766,0.0,21.293630599975586,-100.0,-100.0,0.0,0.6906983256340027,610.3591683237028,24.705448150634766,25.01659393310547
run_1779922497_1b429ac0,1779923094.238604,20.0,22.0,49.0,24.705448150634766,0.0,21.293630599975586,-100.0,-100.0,0.0,0.6248130202293396,610.3591683237028,24.705448150634766,25.01659393310547
run_1779922497_1b429ac0,1779923096.2423477,20.0,22.0,49.0,24.705448150634766,0.0,21.293630599975586,-100.0,-100.0,0.0,0.5652125477790833,610.3591683237028,24.705448150634766,25.01659393310547
run_1779922497_1b429ac0,1779923098.235585,20.0,22.0,49.0,24.705448150634766,0.0,21.293630599975586,-100.0,-100.0,0.0,0.5112971663475037,610.3591683237028,24.705448150634766,25.01659393310547
run_1779922497_1b429ac0,1779923100.239819,20.0,22.0,49.0,24.616539001464844,0.0,21.193607330322266,-100.0,-100.0,0.0,1.4940768480300903,605.9739924106398,24.616539001464844,25.01659393310547
run_1779922497_1b429ac0,1779923102.234921,20.0,22.0,49.0,24.661008834838867,0.0,21.243635177612305,-100.0,-100.0,0.0,0.8360261917114258,608.1653567520007,24.661008834838867,25.01659393310547
run_1779922497_1b429ac0,1779923104.2434142,20.0,22.0,49.0,24.661008834838867,0.0,21.243635177612305,-100.0,-100.0,0.0,0.7562779784202576,608.1653567520007,24.661008834838867,25.01659393310547
run_1779922497_1b429ac0,1779923106.2495866,20.0,22.0,49.0,24.661008834838867,0.0,21.243635177612305,-100.0,-100.0,0.0,0.6841370463371277,608.1653567520007,24.661008834838867,25.01659393310547
run_1779922497_1b429ac0,1779923108.2429605,20.0,22.0,49.0,24.616539001464844,0.0,21.193607330322266,-100.0,-100.0,0.0,1.1141451597213745,605.9739924106398,24.616539001464844,25.01659393310547
run_1779922497_1b429ac0,1779923110.237402,20.0,22.0,49.0,24.616539001464844,0.0,21.193607330322266,-100.0,-100.0,0.0,1.007867455482483,605.9739924106398,24.616539001464844,25.01659393310547
run_1779922497_1b429ac0,1779923112.2361784,20.0,22.0,49.0,24.57208251953125,0.0,21.143592834472656,-100.0,-100.0,0.0,1.4481908082962036,603.7872393466532,24.57208251953125,25.01659393310547
run_1779922497_1b429ac0,1779923114.247257,20.0,22.0,49.0,24.57208251953125,0.0,21.143592834472656,-100.0,-100.0,0.0,1.3100486993789673,603.7872393466532,24.57208251953125,25.01659393310547
run_1779922497_1b429ac0,1779923116.23806,20.0,22.0,49.0,24.57208251953125,0.0,21.143592834472656,-100.0,-100.0,0.0,1.1850836277008057,603.7872393466532,24.57208251953125,25.01659393310547
run_1779922497_1b429ac0,1779923118.2450793,20.0,22.0,49.0,24.527645111083984,0.0,21.093599319458008,-100.0,-100.0,0.0,1.587194561958313,601.6053746952821,24.527645111083984,25.01659393310547
run_1779922497_1b429ac0,1779923120.2396684,20.0,22.0,49.0,24.527645111083984,0.0,21.093599319458008,-100.0,-100.0,0.0,1.4357929229736328,601.6053746952821,24.527645111083984,25.01659393310547
run_1779922497_1b429ac0,1779923122.2346902,20.0,22.0,49.0,24.527645111083984,0.0,21.093599319458008,-100.0,-100.0,0.0,1.2988333702087402,601.6053746952821,24.527645111083984,25.01659393310547
run_1779922497_1b429ac0,1779923124.2378983,20.0,22.0,49.0,24.438722610473633,0.0,20.993562698364258,-100.0,-100.0,0.0,2.2166547775268555,597.2511628316752,24.438722610473633,25.01659393310547
run_1779922497_1b429ac0,1779923126.2495756,20.0,22.0,49.0,24.438722610473633,0.0,20.993562698364258,-100.0,-100.0,0.0,2.0052096843719482,597.2511628316752,24.438722610473633,25.01659393310547
run_1779922497_1b429ac0,1779923128.238793,20.0,22.0,49.0,24.394285202026367,0.0,20.943571090698242,-100.0,-100.0,0.0,2.3501675128936768,595.0811505178026,24.394285202026367,25.01659393310547
run_1779922497_1b429ac0,1779923130.2442443,20.0,22.0,49.0,24.305397033691406,0.0,20.843570709228516,-100.0,-100.0,0.0,3.156452178955078,590.752324965375,24.305397033691406,25.01659393310547
run_1779922497_1b429ac0,1779923132.234632,20.0,22.0,49.0,24.34983253479004,0.0,20.89356231689453,-100.0,-100.0,0.0,2.3191497325897217,592.9143444723195,24.34983253479004,25.01659393310547
run_1779922497_1b429ac0,1779923134.240203,20.0,22.0,49.0,24.305397033691406,0.0,20.843570709228516,-100.0,-100.0,0.0,2.613060712814331,590.752324965375,24.305397033691406,25.01659393310547
run_1779922497_1b429ac0,1779923136.2434814,20.0,22.0,49.0,24.260963439941406,0.0,20.793582916259766,-100.0,-100.0,0.0,2.899989366531372,588.5943470341736,24.260963439941406,25.01659393310547
run_1779922497_1b429ac0,1779923138.2465897,20.0,22.0,49.0,24.216514587402344,0.0,20.74357795715332,-100.0,-100.0,0.0,3.1386499404907227,586.4395787618705,24.216514587402344,25.01659393310547
run_1779922497_1b429ac0,1779923140.2401142,20.0,22.0,49.0,24.172046661376953,0.0,20.693553924560547,-100.0,-100.0,0.0,3.375856637954712,584.2878397997847,24.172046661376953,25.01659393310547
run_1779922497_1b429ac0,1779923142.2467637,20.0,22.0,49.0,24.172046661376953,0.0,20.693553924560547,-100.0,-100.0,0.0,3.053835391998291,584.2878397997847,24.172046661376953,25.01659393310547
run_1779922497_1b429ac0,1779923144.2365491,20.0,22.0,49.0,24.083168029785156,0.0,20.593564987182617,-100.0,-100.0,0.0,3.803743362426758,579.9989823508658,24.083168029785156,25.01659393310547
run_1779922497_1b429ac0,1779923146.2422125,20.0,22.0,49.0,24.083168029785156,0.0,20.593564987182617,-100.0,-100.0,0.0,3.4409067630767822,579.9989823508658,24.083168029785156,25.01659393310547
run_1779922497_1b429ac0,1779923148.2361505,20.0,22.0,49.0,23.994287490844727,0.0,20.493574142456055,-100.0,-100.0,-2.1812987327575684,4.153915882110596,575.7258321933077,23.994287490844727,25.01659393310547
run_1779922497_1b429ac0,1779923150.2479029,20.0,22.0,49.0,23.994287490844727,0.0,20.493574142456055,-100.0,-100.0,-13.087789535522461,3.7576749324798584,575.7258321933077,23.994287490844727,25.01659393310547
run_1779922497_1b429ac0,1779923152.235706,20.0,22.0,49.0,23.905399322509766,0.0,20.393573760986328,-100.0,-100.0,-23.97409439086914,4.4405622482299805,571.4681167686504,23.905399322509766,25.01659393310547
run_1779922497_1b429ac0,1779923154.249442,20.0,22.0,49.0,23.905399322509766,0.0,20.393573760986328,-100.0,-100.0,-34.8401985168457,4.016979694366455,571.4681167686504,23.905399322509766,25.01659393310547
run_1779922497_1b429ac0,1779923156.2436736,20.0,22.0,49.0,23.816524505615234,0.0,20.293590545654297,-100.0,-100.0,-45.686100006103516,4.674959182739258,567.226839526571,23.816524505615234,25.01659393310547
run_1779922497_1b429ac0,1779923158.2356439,20.0,22.0,49.0,23.772083282470703,0.0,20.243593215942383,-100.0,-100.0,-56.503700256347656,4.7546515464782715,565.1119435887231,23.772083282470703,25.01659393310547
run_1779922497_1b429ac0,1779923160.2474158,20.0,22.0,49.0,23.683202743530273,0.0,20.14360237121582,-100.0,-100.0,-67.28901672363281,5.342344760894775,560.8940921911599,23.683202743530273,25.01659393310547
run_1779922497_1b429ac0,1779923162.2393749,20.0,22.0,49.0,23.638790130615234,0.0,20.093637466430664,-100.0,-100.0,-78.04603576660156,5.358036994934082,558.7923988392722,23.638790130615234,25.01659393310547
run_1779922497_1b429ac0,1779923164.2463753,20.0,22.0,49.0,23.549909591674805,0.0,19.993648529052734,-100.0,-100.0,-88.77072143554688,5.888154029846191,554.598241776057,23.549909591674805,25.01659393310547
run_1779922497_1b429ac0,1779923166.235842,20.0,22.0,49.0,23.505470275878906,0.0,19.943653106689453,-100.0,-100.0,-99.46713256835938,5.852097511291504,552.5071328902268,23.505470275878906,25.01659393310547
run_1779922497_1b429ac0,1779923168.2476861,20.0,22.0,49.0,23.37218475341797,0.0,19.79370880126953,-100.0,-100.0,-100.0,6.839648723602295,546.2590201479034,23.37218475341797,25.01659393310547
run_1779922497_1b429ac0,1779923170.2414527,20.0,22.0,49.0,23.327735900878906,0.0,19.743703842163086,-100.0,-100.0,-100.0,6.712942600250244,544.1832622611546,23.327735900878906,25.01659393310547
run_1779922497_1b429ac0,1779923172.2462788,20.0,22.0,49.0,23.23885154724121,0.0,19.643707275390625,-100.0,-100.0,-100.0,7.082568168640137,540.0442212347152,23.23885154724121,25.01659393310547
run_1779922497_1b429ac0,1779923174.2401001,20.0,22.0,49.0,23.10558319091797,0.0,19.4937801361084,-100.0,-100.0,-100.0,7.983212947845459,533.867974592431,23.10558319091797,25.01659393310547
run_1779922497_1b429ac0,1779923176.246379,20.0,22.0,49.0,23.10558319091797,0.0,19.4937801361084,-100.0,-100.0,-100.0,7.221696376800537,533.867974592431,23.10558319091797,25.01659393310547
run_1779922497_1b429ac0,1779923178.2502365,20.0,22.0,49.0,22.97231674194336,0.0,19.343856811523438,-100.0,-100.0,-100.0,8.047698974609375,527.7273364921712,22.97231674194336,25.01659393310547
run_1779922497_1b429ac0,1779923180.2457979,20.0,22.0,49.0,22.883472442626953,0.0,19.243906021118164,-100.0,-100.0,-100.0,8.289545059204102,523.6533110324672,22.883472442626953,25.01659393310547
run_1779922497_1b429ac0,1779923182.2367234,20.0,22.0,49.0,22.750158309936523,0.0,19.09392738342285,-100.0,-100.0,-100.0,9.044920921325684,517.5697031271739,22.750158309936523,25.01659393310547
run_1779922497_1b429ac0,1779923184.2370987,20.0,22.0,49.0,22.705760955810547,0.0,19.043981552124023,-100.0,-100.0,-100.0,8.686604499816895,515.5515805824107,22.705760955810547,25.01659393310547
run_1779922497_1b429ac0,1779923186.24015,20.0,22.0,49.0,22.528078079223633,0.0,18.844087600708008,-100.0,-100.0,-100.0,9.898221015930176,507.51430194359637,22.528078079223633,25.01659393310547
run_1779922497_1b429ac0,1779923188.246512,20.0,22.0,49.0,22.439247131347656,0.0,18.744152069091797,-100.0,-100.0,-100.0,9.963396072387695,503.519811821694,22.439247131347656,25.01659393310547
run_1779922497_1b429ac0,1779923190.2379699,20.0,22.0,49.0,22.305980682373047,0.0,18.594228744506836,-100.0,-100.0,-100.0,10.558557510375977,497.55677420239954,22.305980682373047,25.01659393310547
run_1779922497_1b429ac0,1779923192.2477717,20.0,22.0,49.0,22.217159271240234,0.0,18.49430274963379,-100.0,-100.0,-100.0,10.560633659362793,493.6021660836559,22.217159271240234,25.01659393310547
run_1779922497_1b429ac0,1779923194.238561,20.0,22.0,49.0,22.083904266357422,0.0,18.344392776489258,-100.0,-100.0,-100.0,11.068017959594727,487.69882764563954,22.083904266357422,25.01659393310547
run_1779922497_1b429ac0,1779923196.2465277,20.0,22.0,49.0,21.995086669921875,0.0,18.24447250366211,-100.0,-100.0,-100.0,11.021452903747559,483.78383761737496,21.995086669921875,25.01659393310547
run_1779922497_1b429ac0,1779923198.2360175,20.0,22.0,49.0,21.817445755004883,0.0,18.044626235961914,-100.0,-100.0,-100.0,12.009888648986816,476.0009392725806,21.817445755004883,25.01659393310547
run_1779922497_1b429ac0,1779923200.23964,20.0,22.0,49.0,21.684242248535156,0.0,17.894771575927734,-100.0,-100.0,-100.0,12.377822875976562,470.206361893157,21.684242248535156,25.01659393310547
run_1779922497_1b429ac0,1779923202.2442849,20.0,22.0,49.0,21.551025390625,0.0,17.744903564453125,-100.0,-100.0,-100.0,12.742081642150879,464.44669538736343,21.551025390625,25.01659393310547
run_1779922497_1b429ac0,1779923204.2363977,20.0,22.0,49.0,21.417802810668945,0.0,17.595027923583984,-100.0,-100.0,-100.0,13.071048736572266,458.7222772366986,21.417802810668945,25.01659393310547
run_1779922497_1b429ac0,1779923206.243816,20.0,22.0,49.0,21.329004287719727,0.0,17.49513053894043,-100.0,-100.0,-100.0,12.843815803527832,454.9264239055665,21.329004287719727,25.01659393310547
run_1779922497_1b429ac0,1779923208.243408,20.0,22.0,49.0,21.240196228027344,0.0,17.395221710205078,-100.0,-100.0,-100.0,12.648184776306152,451.145935805107,21.240196228027344,25.01659393310547
run_1779922497_1b429ac0,1779923210.249263,20.0,22.0,49.0,21.06261444091797,0.0,17.19544219970703,-100.0,-100.0,-100.0,13.480745315551758,443.63372708676616,21.06261444091797,25.01659393310547
run_1779922497_1b429ac0,1779923212.2409444,20.0,22.0,49.0,20.973798751831055,0.0,17.095523834228516,-100.0,-100.0,-100.0,13.224448204040527,439.9002340823099,20.973798751831055,25.01659393310547
run_1779922497_1b429ac0,1779923214.2447972,20.0,22.0,49.0,20.796220779418945,0.0,16.895748138427734,-100.0,-100.0,-100.0,14.001997947692871,432.4827987063363,20.796220779418945,25.01659393310547
run_1779922497_1b429ac0,1779923216.2354274,20.0,22.0,49.0,20.707443237304688,0.0,16.795873641967773,-100.0,-100.0,-100.0,13.695536613464355,428.79820542619564,20.707443237304688,25.01659393310547
run_1779922497_1b429ac0,1779923218.2440374,20.0,22.0,49.0,20.48548698425293,0.0,16.546173095703125,-100.0,-100.0,-100.0,14.9530668258667,419.6551769819962,20.48548698425293,25.01659393310547
run_1779922497_1b429ac0,1779923220.2507,20.0,22.0,49.0,20.396717071533203,0.0,16.446306228637695,-100.0,-100.0,-100.0,14.555795669555664,416.026067296174,20.396717071533203,25.01659393310547
run_1779922497_1b429ac0,1779923222.2411263,20.0,22.0,49.0,20.219173431396484,0.0,16.246570587158203,-100.0,-100.0,-100.0,15.205953598022461,408.8149742488895,20.219173431396484,25.01659393310547
run_1779922497_1b429ac0,1779923224.2377355,20.0,22.0,49.0,20.130413055419922,0.0,16.146713256835938,-100.0,-100.0,-100.0,14.784453392028809,405.23352978182083,20.130413055419922,25.01659393310547
run_1779922497_1b429ac0,1779923226.2501369,20.0,22.0,49.0,19.952898025512695,0.0,15.947010040283203,-100.0,-99.76448822021484,-100.0,15.41246509552002,398.1181396165084,19.952898025512695,25.01659393310547
run_1779922497_1b429ac0,1779923228.239414,20.0,22.0,49.0,19.864131927490234,0.0,15.847146987915039,-100.0,-99.32066345214844,-100.0,14.971329689025879,394.5837372327369,19.864131927490234,25.01659393310547
run_1779922497_1b429ac0,1779923230.2506833,20.0,22.0,49.0,19.64223861694336,0.0,15.597518920898438,-100.0,-98.21119689941406,-100.0,16.138303756713867,385.817537884941,19.64223861694336,25.01659393310547
run_1779922497_1b429ac0,1779923232.2423315,20.0,22.0,49.0,19.553495407104492,0.0,15.497682571411133,-100.0,-97.7674789428711,-100.0,15.627668380737305,382.33918263565647,19.553495407104492,25.01659393310547
run_1779922497_1b429ac0,1779923234.2355044,20.0,22.0,49.0,19.37600326538086,0.0,15.298004150390625,-100.0,-96.88002014160156,-100.0,16.196250915527344,375.4295025400497,19.37600326538086,25.01659393310547
run_1779922497_1b429ac0,1779923236.247633,20.0,22.0,49.0,19.287267684936523,0.0,15.198176383972168,-100.0,-96.43634033203125,-100.0,15.679994583129883,371.9986947503967,19.287267684936523,25.01659393310547
run_1779922497_1b429ac0,1779923238.238507,20.0,22.0,49.0,19.065420150756836,0.0,14.948596954345703,-100.0,-95.32710266113281,-100.0,16.73755645751953,363.4902455248848,19.065420150756836,25.01659393310547
run_1779922497_1b429ac0,1779923240.236415,20.0,22.0,49.0,18.976694107055664,0.0,14.848780632019043,-100.0,-94.88346862792969,-100.0,16.169557571411133,360.11491923276117,18.976694107055664,25.01659393310547
run_1779922497_1b429ac0,1779923242.2463162,20.0,22.0,49.0,18.799236297607422,0.0,14.649140357971191,-100.0,-93.99618530273438,-100.0,16.686046600341797,353.4112853732804,18.799236297607422,25.01659393310547
run_1779922497_1b429ac0,1779923244.248154,20.0,22.0,49.0,18.710519790649414,0.0,14.549334526062012,-100.0,-93.55260467529297,-100.0,16.122848510742188,350.0835508362834,18.710519790649414,25.01659393310547
run_1779922497_1b429ac0,1779923246.2502086,20.0,22.0,49.0,18.48871612548828,0.0,14.2998046875,-100.0,-92.4435806274414,-100.0,17.13766098022461,341.8326239688904,18.48871612548828,25.01659393310547
run_1779922497_1b429ac0,1779923248.2393682,20.0,22.0,49.0,18.35563087463379,0.0,14.15008544921875,-100.0,-91.77815246582031,-100.0,17.045740127563477,336.9291848058092,18.35563087463379,25.01659393310547
run_1779922497_1b429ac0,1779923250.2452292,20.0,22.0,49.0,18.17819595336914,0.0,13.950470924377441,-100.0,-90.89097595214844,-100.0,17.478395462036133,330.4468081190862,18.17819595336914,25.01659393310547
run_1779922497_1b429ac0,1779923252.2408378,20.0,22.0,49.0,18.089496612548828,0.0,13.85068416595459,-100.0,-90.4474868774414,-100.0,16.839418411254883,327.2298876954155,18.089496612548828,25.01659393310547
run_1779922497_1b429ac0,1779923254.2370906,20.0,22.0,49.0,17.867769241333008,0.0,13.601240158081055,-100.0,-89.3388442993164,-100.0,17.82625961303711,319.25717766152593,17.867769241333008,25.01659393310547
run_1779922497_1b429ac0,1779923256.2402887,20.0,22.0,49.0,17.779064178466797,0.0,13.501448631286621,-100.0,-88.89532470703125,-100.0,17.15416145324707,316.09512306204124,17.779064178466797,25.01659393310547
run_1779922497_1b429ac0,1779923258.2375116,20.0,22.0,49.0,17.55733299255371,0.0,13.251999855041504,-100.0,-87.78666687011719,-100.0,18.13102912902832,308.25994181141505,17.55733299255371,25.01659393310547
run_1779922497_1b429ac0,1779923260.2460966,20.0,22.0,49.0,17.468652725219727,0.0,13.15223503112793,-100.0,-87.34326171875,-100.0,17.429576873779297,305.1538280343266,17.468652725219727,25.01659393310547
run_1779922497_1b429ac0,1779923262.2412653,20.0,22.0,49.0,17.246944427490234,0.0,12.902811050415039,-100.0,-86.23472595214844,-100.0,18.348670959472656,297.45709208493645,17.246944427490234,25.01659393310547
run_1779922497_1b429ac0,1779923264.2437837,20.0,22.0,49.0,17.15827178955078,0.0,12.803055763244629,-100.0,-85.7913589477539,-100.0,17.626367568969727,294.40629080409417,17.15827178955078,25.01659393310547
run_1779922497_1b429ac0,1779923266.23511,20.0,22.0,49.0,16.93658447265625,0.0,12.553658485412598,-100.0,-84.68292236328125,-100.0,18.52642822265625,286.8478935994208,16.93658447265625,25.01659393310547
run_1779922497_1b429ac0,1779923268.2486763,20.0,22.0,49.0,16.803573608398438,0.0,12.404019355773926,-100.0,-84.01786804199219,-100.0,18.301176071166992,282.3600860128645,16.803573608398438,25.01659393310547
run_1779922497_1b429ac0,1779923270.2379277,20.0,22.0,49.0,16.626277923583984,0.0,12.204562187194824,-100.0,-83.13139343261719,-100.0,18.6324462890625,276.43311759225617,16.626277923583984,25.01659393310547
run_1779922497_1b429ac0,1779923272.2441704,20.0,22.0,49.0,16.49327850341797,0.0,12.054938316345215,-100.0,-82.46639251708984,-100.0,18.396944046020508,272.02823579130927,16.49327850341797,25.01659393310547
run_1779922497_1b429ac0,1779923274.2423015,20.0,22.0,49.0,16.271644592285156,0.0,11.8056001663208,-100.0,-81.35822296142578,-100.0,19.254091262817383,264.76641773764277,16.271644592285156,25.01659393310547
run_1779922497_1b429ac0,1779923276.2457619,20.0,22.0,49.0,16.138690948486328,0.0,11.656026840209961,-100.0,-80.69345092773438,-100.0,18.958763122558594,260.45734553075454,16.138690948486328,25.01659393310547
run_1779922497_1b429ac0,1779923278.2398624,20.0,22.0,49.0,15.96139144897461,0.0,11.456564903259277,-100.0,-79.80696105957031,-100.0,19.258567810058594,254.76601698739978,15.96139144897461,25.01659393310547
run_1779922497_1b429ac0,1779923280.245549,20.0,22.0,49.0,15.828421592712402,0.0,11.306974411010742,-100.0,-79.1421127319336,-100.0,18.9630069732666,250.53893011664422,15.828421592712402,25.01659393310547
run_1779922497_1b429ac0,1779923282.2367616,20.0,22.0,49.0,15.651168823242188,0.0,11.107565879821777,-100.0,-78.25584411621094,-100.0,19.23063850402832,244.95908553362824,15.651168823242188,25.01659393310547
run_1779922497_1b429ac0,1779923284.2343793,20.0,22.0,49.0,15.518245697021484,0.0,10.958025932312012,-100.0,-77.59123229980469,-100.0,18.968402862548828,240.81594951312582,15.518245697021484,25.01659393310547
run_1779922497_1b429ac0,1779923286.2456346,20.0,22.0,49.0,15.296683311462402,0.0,10.708768844604492,-100.0,-76.48341369628906,-100.0,19.770219802856445,233.98852033117237,15.296683311462402,25.01659393310547
run_1779922497_1b429ac0,1779923288.2380936,20.0,22.0,49.0,15.208072662353516,0.0,10.609081268310547,-100.0,-76.04035949707031,-100.0,18.932401657104492,231.28547410342435,15.208072662353516,25.01659393310547
run_1779922497_1b429ac0,1779923290.244822,20.0,22.0,49.0,14.98652172088623,0.0,10.35983657836914,-100.0,-74.93260955810547,-100.0,19.706295013427734,224.59583329059478,14.98652172088623,25.01659393310547
run_1779922497_1b429ac0,1779923292.251504,20.0,22.0,49.0,14.853639602661133,0.0,10.210344314575195,-100.0,-74.26819610595703,-100.0,19.39820671081543,220.63060944574318,14.853639602661133,25.01659393310547
run_1779922497_1b429ac0,1779923294.24434,20.0,22.0,49.0,14.632128715515137,0.0,9.96114444732666,-100.0,-73.16064453125,-100.0,20.15838623046875,214.09919074740264,14.632128715515137,25.01659393310547
run_1779922497_1b429ac0,1779923296.2484434,20.0,22.0,49.0,14.54349422454834,0.0,9.861431121826172,-100.0,-72.71746826171875,-100.0,19.283824920654297,211.51322425947092,14.54349422454834,25.01659393310547
run_1779922497_1b429ac0,1779923298.2366402,20.0,22.0,49.0,14.366349220275879,0.0,9.662142753601074,-100.0,-71.83174133300781,-100.0,19.51958465576172,206.39198991892135,14.366349220275879,25.01659393310547
run_1779922497_1b429ac0,1779923300.248706,20.0,22.0,49.0,14.233454704284668,0.0,9.512636184692383,-100.0,-71.16727447509766,-100.0,19.22945213317871,202.59123281892334,14.233454704284668,25.01659393310547
run_1779922497_1b429ac0,1779923302.2389092,20.0,22.0,49.0,14.056269645690918,0.0,9.313302993774414,-100.0,-70.2813491821289,-100.0,19.47087287902832,197.57871635237188,14.056269645690918,25.01659393310547
run_1779922497_1b429ac0,1779923304.244639,20.0,22.0,49.0,13.923418045043945,0.0,9.163846015930176,-100.0,-69.61709594726562,-100.0,19.184873580932617,193.86157005705536,13.923418045043945,25.01659393310547
run_1779922497_1b429ac0,1779923306.2390354,20.0,22.0,49.0,13.657672882080078,0.0,8.864882469177246,-100.0,-68.28836822509766,-100.0,20.49921989440918,186.53202855390555,13.657672882080078,25.01659393310547
run_1779922497_1b429ac0,1779923308.2484443,20.0,22.0,49.0,13.613385200500488,0.0,8.815058708190918,-100.0,-68.06692504882812,-100.0,19.067630767822266,185.32425661720572,13.613385200500488,25.01659393310547
run_1779922497_1b429ac0,1779923310.2446213,20.0,22.0,49.0,13.480552673339844,0.0,8.665621757507324,-100.0,-67.40276336669922,-100.0,18.75811195373535,181.72530037869,13.480552673339844,25.01659393310547
run_1779922497_1b429ac0,1779923312.2437925,20.0,22.0,49.0,13.30342960357666,0.0,8.466358184814453,-100.0,-66.51715087890625,-100.0,19.002578735351562,176.98123921731985,13.30342960357666,25.01659393310547
run_1779922497_1b429ac0,1779923314.2358677,20.0,22.0,49.0,13.17058277130127,0.0,8.316905975341797,-100.0,-65.85291290283203,-100.0,18.69943618774414,173.46425053569783,13.17058277130127,25.01659393310547
run_1779922497_1b429ac0,1779923316.251844,20.0,22.0,49.0,12.993492126464844,0.0,8.11767864227295,-100.0,-64.96746063232422,-100.0,18.949127197265625,168.8308376405039,12.993492126464844,25.01659393310547
run_1779922497_1b429ac0,1779923318.2493098,20.0,22.0,49.0,12.860688209533691,0.0,7.968274116516113,-100.0,-64.30343627929688,-100.0,18.650592803955078,165.3973012228389,12.860688209533691,25.01659393310547
run_1779922497_1b429ac0,1779923320.2446408,20.0,22.0,49.0,12.683572769165039,0.0,7.769019603729248,-100.0,-63.41786193847656,-100.0,18.905221939086914,160.8730181907049,12.683572769165039,25.01659393310547
run_1779922497_1b429ac0,1779923322.2358854,20.0,22.0,49.0,12.550798416137695,0.0,7.61964750289917,-100.0,-62.75399398803711,-100.0,18.610538482666016,157.52254088252448,12.550798416137695,25.01659393310547
run_1779922497_1b429ac0,1779923324.241922,20.0,22.0,49.0,12.329448699951172,0.0,7.37062931060791,-100.0,-61.64724349975586,-100.0,19.39217185974121,152.01530524472764,12.329448699951172,25.01659393310547
run_1779922497_1b429ac0,1779923326.2501738,20.0,22.0,49.0,12.240926742553711,0.0,7.271042346954346,-100.0,-61.20463562011719,-100.0,18.548208236694336,149.8402875165666,12.240926742553711,25.01659393310547
run_1779922497_1b429ac0,1779923328.2414532,20.0,22.0,49.0,12.019611358642578,0.0,7.022063732147217,-100.0,-60.09805679321289,-100.0,19.33541488647461,144.47105721280968,12.019611358642578,25.01659393310547
run_1779922497_1b429ac0,1779923330.2504764,20.0,22.0,49.0,11.931102752685547,0.0,6.922489643096924,-100.0,-59.655517578125,-100.0,18.496721267700195,142.35121289514063,11.931102752685547,25.01659393310547
run_1779922497_1b429ac0,1779923332.245436,20.0,22.0,49.0,11.70981216430664,0.0,6.6735382080078125,-100.0,-58.54906463623047,-100.0,19.288532257080078,137.11970092334377,11.70981216430664,25.01659393310547
run_1779922497_1b429ac0,1779923334.2482617,20.0,22.0,49.0,11.621309280395508,0.0,6.573972702026367,-100.0,-58.10654830932617,-100.0,18.454240798950195,135.05482939060676,11.621309280395508,25.01659393310547
run_1779922497_1b429ac0,1779923336.246167,20.0,22.0,49.0,11.444299697875977,0.0,6.374836444854736,-100.0,-57.221500396728516,-100.0,18.72638511657715,130.97199557480417,11.444299697875977,25.01659393310547
run_1779922497_1b429ac0,1779923338.2400987,20.0,22.0,49.0,11.311535835266113,0.0,6.225478172302246,-100.0,-56.55767822265625,-100.0,18.479196548461914,127.95084295250945,11.311535835266113,25.01659393310547
run_1779922497_1b429ac0,1779923340.2466774,20.0,22.0,49.0,11.134557723999023,0.0,6.0263776779174805,-100.0,-55.67279052734375,-100.0,18.74860954284668,123.97837570906631,11.134557723999023,25.01659393310547
run_1779922497_1b429ac0,1779923342.2384138,20.0,22.0,49.0,11.046072959899902,0.0,5.92683219909668,-100.0,-55.23036575317383,-100.0,17.985979080200195,122.01572783543179,11.046072959899902,25.01659393310547
run_1779922497_1b429ac0,1779923344.239648,20.0,22.0,49.0,10.824850082397461,0.0,5.677956581115723,-100.0,-54.12425231933594,-100.0,18.795194625854492,117.17737930638032,10.824850082397461,25.01659393310547
run_1779922497_1b429ac0,1779923346.236409,20.0,22.0,49.0,10.73636245727539,0.0,5.578406810760498,-100.0,-53.68181610107422,-100.0,18.028154373168945,115.26947881399246,10.73636245727539,25.01659393310547
run_1779922497_1b429ac0,1779923348.2472928,20.0,22.0,49.0,10.559417724609375,0.0,5.379344940185547,-100.0,-52.79709243774414,-100.0,18.3402042388916,111.50130268279463,10.559417724609375,25.01659393310547
run_1779922497_1b429ac0,1779923350.242572,20.0,22.0,49.0,10.42669677734375,0.0,5.2300333976745605,-100.0,-52.13348388671875,-100.0,18.129352569580078,108.71600568667054,10.42669677734375,25.01659393310547
run_1779922497_1b429ac0,1779923352.247359,20.0,22.0,49.0,10.249772071838379,0.0,5.030993461608887,-100.0,-51.24885940551758,-100.0,18.431522369384766,105.05782752463801,10.249772071838379,25.01659393310547
run_1779922497_1b429ac0,1779923354.2399192,20.0,22.0,49.0,10.117063522338867,0.0,4.881697177886963,-100.0,-50.58531951904297,-100.0,18.21181869506836,102.35497431503973,10.117063522338867,25.01659393310547
run_1779922497_1b429ac0,1779923356.2477756,20.0,22.0,49.0,9.940144538879395,0.0,4.6826629638671875,-100.0,-49.700721740722656,-100.0,18.50604820251465,98.80647345381385,9.940144538879395,25.01659393310547
run_1779922497_1b429ac0,1779923358.4435701,20.0,181.0,48.0,9.851696014404297,0.0,4.583157539367676,-100.0,-49.258480072021484,-100.0,17.403564453125,97.05591436022951,9.851696014404297,25.01659393310547
run_1779922497_1b429ac0,1779923360.2447712,20.0,181.0,48.0,9.630563735961914,0.0,4.334384441375732,-100.0,-48.1528205871582,-100.0,18.215816497802734,92.7477578724247,9.630563735961914,25.01659393310547
run_1779922497_1b429ac0,1779923362.2368865,20.0,181.0,48.0,9.497883796691895,0.0,4.185119152069092,-100.0,-47.489418029785156,-100.0,17.984966278076172,90.20979661546244,9.497883796691895,25.01659393310547
run_1779922497_1b429ac0,1779923364.2496507,20.0,181.0,48.0,9.32103157043457,0.0,3.9861607551574707,-100.0,-46.60515594482422,-100.0,18.279376983642578,86.88162953703795,9.32103157043457,25.01659393310547
run_1779922497_1b429ac0,1779923366.2410917,20.0,181.0,48.0,9.232601165771484,0.0,3.8866770267486572,-100.0,-46.16300582885742,-100.0,17.539949417114258,85.24092428620497,9.232601165771484,25.01659393310547
run_1779922497_1b429ac0,1779923368.2365277,20.0,181.0,48.0,9.01148796081543,0.0,3.6379237174987793,-100.0,-45.05744171142578,-100.0,18.399993896484375,81.20691526792143,9.01148796081543,25.01659393310547
run_1779922497_1b429ac0,1779923370.2442784,20.0,181.0,48.0,8.923067092895508,0.0,3.538450241088867,-100.0,-44.61533737182617,-100.0,17.648958206176758,79.62112634431469,8.923067092895508,25.01659393310547
run_1779922497_1b429ac0,1779923372.2373855,20.0,181.0,48.0,8.74625015258789,0.0,3.339531183242798,-100.0,-43.73125076293945,-100.0,17.97501564025879,76.4968917316437,8.74625015258789,25.01659393310547
run_1779922497_1b429ac0,1779923374.2463727,20.0,181.0,48.0,8.61362361907959,0.0,3.190326690673828,-100.0,-43.068119049072266,-100.0,17.76652717590332,74.19451185116577,8.61362361907959,25.01659393310547
run_1779922497_1b429ac0,1779923376.2422805,20.0,181.0,48.0,8.436765670776367,0.0,2.991361379623413,-100.0,-42.18383026123047,-100.0,18.08184051513672,71.1790149835906,8.436765670776367,25.01659393310547
run_1779922497_1b429ac0,1779923378.249963,20.0,181.0,48.0,8.304170608520508,0.0,2.842191696166992,-100.0,-41.52085494995117,-100.0,17.862804412841797,68.95924949541586,8.304170608520508,25.01659393310547
run_1779922497_1b429ac0,1779923380.241503,20.0,181.0,48.0,8.127345085144043,0.0,2.6432628631591797,-100.0,-40.63672637939453,-100.0,18.168554306030273,66.05373813301503,8.127345085144043,25.01659393310547
run_1779922497_1b429ac0,1779923382.2461567,20.0,181.0,48.0,8.038980484008789,0.0,2.543853282928467,-100.0,-40.19490051269531,-100.0,17.438953399658203,64.62520722227418,8.038980484008789,25.01659393310547
run_1779922497_1b429ac0,1779923384.2418811,20.0,181.0,48.0,7.817986488342285,0.0,2.2952349185943604,-100.0,-39.08993148803711,-100.0,18.26700210571289,61.120912731902536,7.817986488342285,25.01659393310547
run_1779922497_1b429ac0,1779923386.2484095,20.0,181.0,48.0,7.729557991027832,0.0,2.195753335952759,-100.0,-38.64779281616211,-100.0,17.52874183654785,59.746066736662215,7.729557991027832,25.01659393310547
run_1779922497_1b429ac0,1779923388.242325,20.0,181.0,48.0,7.5086164474487305,0.0,1.9471931457519531,-100.0,-37.54308319091797,-100.0,18.347654342651367,56.379320954897594,7.5086164474487305,25.01659393310547
run_1779922497_1b429ac0,1779923390.2505863,20.0,181.0,48.0,7.420241355895996,0.0,1.8477717638015747,-100.0,-37.1012077331543,-100.0,17.601089477539062,55.05998177974925,7.420241355895996,25.01659393310547
run_1779922497_1b429ac0,1779923392.2421832,20.0,181.0,48.0,7.199294090270996,0.0,1.5992058515548706,-100.0,-35.9964714050293,-100.0,18.472942352294922,51.82983539821089,7.199294090270996,25.01659393310547
run_1779922497_1b429ac0,1779923394.2379322,20.0,181.0,48.0,7.110928535461426,0.0,1.4997944831848145,-100.0,-35.55464553833008,-100.0,17.714317321777344,50.56530463643958,7.110928535461426,25.01659393310547
run_1779922497_1b429ac0,1779923396.2464366,20.0,181.0,48.0,6.93419075012207,0.0,1.3009644746780396,-100.0,-34.670955657958984,-100.0,18.052772521972656,48.08300135907848,6.93419075012207,25.01659393310547
run_1779922497_1b429ac0,1779923398.2397928,20.0,181.0,48.0,6.845804214477539,0.0,1.201529622077942,-100.0,-34.22902297973633,-100.0,17.33446502685547,46.865035342958436,6.845804214477539,25.01659393310547
run_1779922497_1b429ac0,1779923400.2455997,20.0,181.0,48.0,6.66909646987915,0.0,1.0027337074279785,-100.0,-33.345481872558594,-100.0,17.708812713623047,44.476847724554545,6.66909646987915,25.01659393310547
run_1779922497_1b429ac0,1779923402.240212,20.0,181.0,48.0,6.536581993103027,0.0,0.8536547422409058,-100.0,-32.68291091918945,-100.0,17.524442672729492,42.726904152558745,6.536581993103027,25.01659393310547
run_1779922497_1b429ac0,1779923404.2489839,20.0,181.0,48.0,6.35984992980957,0.0,0.654830813407898,-100.0,-31.799251556396484,-100.0,17.91143035888672,40.447691129698796,6.35984992980957,25.01659393310547
run_1779922497_1b429ac0,1779923406.2432086,20.0,181.0,48.0,6.271509647369385,0.0,0.5554481148719788,-100.0,-31.357547760009766,-100.0,17.206083297729492,39.331833257047265,6.271509647369385,25.01659393310547
run_1779922497_1b429ac0,1779923408.2494233,20.0,181.0,48.0,6.0948357582092285,0.0,0.35669058561325073,-100.0,-30.474180221557617,-100.0,17.59228515625,37.14702291954586,6.0948357582092285,25.01659393310547
run_1779922497_1b429ac0,1779923410.2385106,20.0,181.0,48.0,6.006490707397461,0.0,0.257302463054657,-100.0,-30.032453536987305,-100.0,16.917436599731445,36.07793061805205,6.006490707397461,25.01659393310547
run_1779922497_1b429ac0,1779923412.245738,20.0,181.0,48.0,5.785650253295898,0.0,0.00885683298110962,-100.0,-28.928253173828125,-100.0,17.82278823852539,33.473748853462894,5.785650253295898,25.01659393310547
run_1779922497_1b429ac0,1779923414.2367105,20.0,181.0,48.0,5.697328090667725,0.0,-0.09050619602203369,-100.0,-28.486642837524414,-100.0,17.125690460205078,32.45954737271154,5.697328090667725,25.01659393310547
run_1779922497_1b429ac0,1779923416.2414768,20.0,181.0,48.0,5.520689487457275,0.0,-0.2892242670059204,-100.0,-27.60344696044922,-100.0,17.5191593170166,30.478012416921274,5.520689487457275,25.01659393310547
run_1779922497_1b429ac0,1779923418.2506368,20.0,181.0,48.0,5.432346343994141,0.0,-0.3886098265647888,-100.0,-27.161731719970703,-100.0,16.87158203125,29.510386801106506,5.432346343994141,25.01659393310547
run_1779922497_1b429ac0,1779923420.2447202,20.0,181.0,48.0,5.211578845977783,0.0,-0.6369737386703491,-100.0,-26.05789566040039,-100.0,17.81093406677246,27.160554067843123,5.211578845977783,25.01659393310547
run_1779922497_1b429ac0,1779923422.2514048,20.0,181.0,48.0,5.1232590675354,0.0,-0.7363332509994507,-100.0,-25.616296768188477,-100.0,17.135255813598633,26.2477834730837,5.1232590675354,25.01659393310547
run_1779922497_1b429ac0,1779923424.2472537,20.0,181.0,48.0,4.94664192199707,0.0,-0.9350281953811646,-100.0,-24.73320960998535,-100.0,17.527557373046875,24.46926630445887,4.94664192199707,25.01659393310547
run_1779922497_1b429ac0,1779923426.2448266,20.0,181.0,48.0,4.858329772949219,0.0,-1.0343787670135498,-100.0,-24.291648864746094,-100.0,16.87881851196289,23.603368182724807,4.858329772949219,25.01659393310547
run_1779922497_1b429ac0,1779923428.2494428,20.0,181.0,48.0,4.725896835327148,0.0,-1.183365821838379,-100.0,-23.629484176635742,-100.0,16.80377197265625,22.334100898155157,4.725896835327148,25.01659393310547
run_1779922497_1b429ac0,1779923430.2387936,20.0,181.0,48.0,4.593454360961914,0.0,-1.3323642015457153,-100.0,-22.96727180480957,-100.0,16.735380172729492,21.099822966240026,4.593454360961914,25.01659393310547
run_1779922497_1b429ac0,1779923432.240877,20.0,181.0,48.0,4.416855335235596,0.0,-1.5310379266738892,-100.0,-22.08427619934082,-100.0,17.165616989135742,19.508611052399147,4.416855335235596,25.01659393310547
run_1779922497_1b429ac0,1779923434.2498138,20.0,181.0,48.0,4.372720718383789,0.0,-1.580689549446106,-100.0,-21.863603591918945,-100.0,16.039552688598633,19.12068648098284,4.372720718383789,25.01659393310547
run_1779922497_1b429ac0,1779923436.2385004,20.0,181.0,48.0,4.152003765106201,0.0,-1.828996181488037,-100.0,-20.760019302368164,-100.0,17.02723503112793,17.23913526545607,4.152003765106201,25.01659393310547
run_1779922497_1b429ac0,1779923438.2472355,20.0,181.0,48.0,4.063732147216797,0.0,-1.9283020496368408,-100.0,-20.318660736083984,-100.0,16.425750732421875,16.51391896432324,4.063732147216797,25.01659393310547
run_1779922497_1b429ac0,1779923440.240667,20.0,181.0,48.0,3.8871779441833496,0.0,-2.126924991607666,-100.0,-19.435890197753906,-100.0,16.8850040435791,15.110152369745492,3.8871779441833496,25.01659393310547
run_1779922497_1b429ac0,1779923442.246421,20.0,181.0,48.0,3.843038320541382,0.0,-2.176582098007202,-100.0,-19.215192794799805,-100.0,15.785762786865234,14.768943533149525,3.843038320541382,25.01659393310547
run_1779922497_1b429ac0,1779923444.238209,20.0,181.0,48.0,3.7106361389160156,0.0,-2.3255343437194824,-100.0,-18.553180694580078,-100.0,15.75370979309082,13.768820555429556,3.7106361389160156,25.01659393310547
run_1779922497_1b429ac0,1779923446.2417345,20.0,181.0,48.0,3.534104585647583,0.0,-2.524132490158081,-100.0,-17.670522689819336,-100.0,16.23660659790039,12.489895222295274,3.534104585647583,25.01659393310547
run_1779922497_1b429ac0,1779923448.2491522,20.0,181.0,48.0,3.445863723754883,0.0,-2.623403549194336,-100.0,-17.229318618774414,-100.0,15.669994354248047,11.873976802689867,3.445863723754883,25.01659393310547
run_1779922497_1b429ac0,1779923450.2411008,20.0,181.0,48.0,3.2693350315093994,0.0,-2.821998357772827,-100.0,-16.346675872802734,-100.0,16.160837173461914,10.688551548254566,3.2693350315093994,25.01659393310547
run_1779922497_1b429ac0,1779923452.2473207,20.0,181.0,48.0,3.181072950363159,0.0,-2.921293020248413,-100.0,-15.905364990234375,-100.0,15.601694107055664,10.119225115532174,3.181072950363159,25.01659393310547
run_1779922497_1b429ac0,1779923454.2519486,20.0,181.0,48.0,3.0045735836029053,0.0,-3.119854688644409,-98.92413330078125,-15.022868156433105,-100.0,16.098737716674805,9.027462419284404,3.0045735836029053,25.01659393310547
run_1779922497_1b429ac0,1779923456.241475,20.0,181.0,48.0,2.916349172592163,0.0,-3.219106912612915,-99.03665161132812,-14.581746101379395,-100.0,15.545101165771484,8.505092496478994,2.916349172592163,25.01659393310547
run_1779922497_1b429ac0,1779923458.2448006,20.0,181.0,48.0,2.7839462757110596,0.0,-3.368060350418091,-98.38312530517578,-13.919732093811035,-100.0,15.536613464355469,7.750356866045479,2.7839462757110596,25.01659393310547
run_1779922497_1b429ac0,1779923460.2392657,20.0,181.0,48.0,2.6957290172576904,0.0,-3.4673049449920654,-98.44213104248047,-13.478645324707031,-100.0,15.036516189575195,7.266954934485113,2.6957290172576904,25.01659393310547
run_1779922497_1b429ac0,1779923462.2479138,20.0,181.0,48.0,2.519273042678833,0.0,-3.665817975997925,-97.00939178466797,-12.596365928649902,-100.0,15.586977005004883,6.346736663568265,2.519273042678833,25.01659393310547
run_1779922497_1b429ac0,1779923464.2403188,20.0,181.0,48.0,2.431035280227661,0.0,-3.765084981918335,-97.0728759765625,-12.155177116394043,-100.0,15.082301139831543,5.909932533711583,2.431035280227661,25.01659393310547
run_1779922497_1b429ac0,1779923466.249959,20.0,181.0,48.0,2.254566192626953,0.0,-3.9636125564575195,-95.64427185058594,-11.272830963134766,-100.0,15.628564834594727,5.0830687169363955,2.254566192626953,25.01659393310547
run_1779922497_1b429ac0,1779923468.236847,20.0,181.0,48.0,2.2104506492614746,0.0,-4.013243198394775,-96.4234390258789,-11.052252769470215,-100.0,14.62880802154541,4.886092072820475,2.2104506492614746,25.01659393310547
run_1779922497_1b429ac0,1779923470.248256,20.0,181.0,48.0,2.0340394973754883,0.0,-4.211705684661865,-94.9525375366211,-10.170197486877441,-100.0,15.21766185760498,4.137316676883529,2.0340394973754883,25.01659393310547
run_1779922497_1b429ac0,1779923472.2389474,20.0,181.0,48.0,1.9458293914794922,0.0,-4.310941696166992,-94.96134948730469,-9.729146957397461,-100.0,14.76779556274414,3.786252020745451,1.9458293914794922,25.01659393310547
run_1779922497_1b429ac0,1779923474.4434018,1.0,250.0,2.0,1.8134989738464355,0.0,-4.459813594818115,-100.0,-100.0,-100.0,12.38539981842041,3.2887785281420747,1.8134989738464355,25.01659393310547
run_1779922497_1b429ac0,1779923476.2467892,1.0,250.0,2.0,1.7252821922302246,0.0,-4.559057712554932,-100.0,-100.0,-100.0,12.03880500793457,2.9765986428267297,1.7252821922302246,25.01659393310547
run_1779922497_1b429ac0,1779923478.2513561,1.0,250.0,2.0,1.5488848686218262,0.0,-4.757504463195801,-100.0,-100.0,-100.0,12.543858528137207,2.3990443362456517,1.5488848686218262,25.01659393310547
run_1779922497_1b429ac0,1779923480.2451608,1.0,250.0,2.0,1.460690975189209,0.0,-4.856722354888916,-100.0,-100.0,-100.0,12.181934356689453,2.1336181249992023,1.460690975189209,25.01659393310547
run_1779922497_1b429ac0,1779923482.2507832,1.0,250.0,2.0,1.3283824920654297,0.0,-5.0055694580078125,-100.0,-100.0,-100.0,12.247653007507324,1.7646000452259614,1.3283824920654297,25.01659393310547
run_1779922497_1b429ac0,1779923484.2393837,1.0,250.0,2.0,1.240194320678711,0.0,-5.104781150817871,-100.0,-100.0,-100.0,11.913928031921387,1.5380819530437293,1.240194320678711,25.01659393310547
run_1779922497_1b429ac0,1779923486.2498782,1.0,250.0,2.0,1.0637993812561035,0.0,-5.303225994110107,-100.0,-100.0,-100.0,12.430880546569824,1.1316691235608687,1.0637993812561035,25.01659393310547
run_1779922497_1b429ac0,1779923488.243399,1.0,250.0,2.0,0.9756040573120117,0.0,-5.4024457931518555,-100.0,-97.56040954589844,-100.0,12.07974624633789,0.951803276643659,0.9756040573120117,25.01659393310547
run_1779922497_1b429ac0,1779923490.2505887,1.0,250.0,2.0,0.7992668151855469,0.0,-5.60082483291626,-100.0,-79.92668151855469,-100.0,12.580347061157227,0.6388274418568471,0.7992668151855469,25.01659393310547
run_1779922497_1b429ac0,1779923492.242816,1.0,250.0,2.0,0.7110810279846191,0.0,-5.700033664703369,-100.0,-71.10810089111328,-100.0,12.214866638183594,0.5056362283596627,0.7110810279846191,25.01659393310547
run_1779922497_1b429ac0,1779923494.251026,1.0,250.0,2.0,0.578819751739502,0.0,-5.848827838897705,-100.0,-57.88197326660156,-100.0,12.301861763000488,0.3350323050037787,0.578819751739502,25.01659393310547
run_1779922497_1b429ac0,1779923496.2414186,1.0,250.0,2.0,0.49062681198120117,0.0,-5.948044776916504,-100.0,-49.06268310546875,-100.0,11.963010787963867,0.24071466863483693,0.49062681198120117,25.01659393310547
run_1779922497_1b429ac0,1779923498.2483485,1.0,250.0,2.0,0.3143186569213867,0.0,-6.14639139175415,-100.0,-31.431865692138672,-100.0,12.491703033447266,0.09879621808886441,0.3143186569213867,25.01659393310547
run_1779922497_1b429ac0,1779923500.2425652,1.0,250.0,2.0,0.2702336311340332,0.0,-6.195987224578857,-100.0,-27.02336311340332,-100.0,11.717328071594238,0.07302621539588472,0.2702336311340332,25.01659393310547
run_1779922497_1b429ac0,1779923502.2521658,1.0,250.0,2.0,0.09392404556274414,0.0,-6.3943352699279785,-97.12293243408203,-9.392404556274414,-100.0,12.269471168518066,0.008821726334872437,0.09392404556274414,25.01659393310547
run_1779922497_1b429ac0,1779923504.24422,1.0,250.0,2.0,0.04982709884643555,0.0,-6.443944454193115,-93.46630859375,-4.982709884643555,-100.0,11.516406059265137,0.0024827397794524586,0.04982709884643555,25.01659393310547
run_1779922497_1b429ac0,1779923506.2386732,1.0,250.0,2.0,-0.12648344039916992,0.0,-6.642293930053711,-75.12944030761719,12.648344039916992,-99.86550903320312,12.08772087097168,0.01599806069521037,0.12648344039916992,25.01659393310547
run_1779922497_1b429ac0,1779923508.2448852,1.0,250.0,2.0,-0.21464109420776367,0.0,-6.741471290588379,-66.20146942138672,21.464109420776367,-99.43453979492188,11.768962860107422,0.04607079932270608,0.21464109420776367,25.01659393310547
run_1779922497_1b429ac0,1779923510.2381222,1.0,250.0,2.0,-0.3468303680419922,0.0,-6.89018440246582,-52.12133026123047,34.68303680419922,-98.68595886230469,11.881587028503418,0.12029130419614376,0.3468303680419922,25.01659393310547
run_1779922497_1b429ac0,1779923512.2458003,1.0,250.0,2.0,-0.47905588150024414,0.0,-7.038938045501709,-37.757022857666016,47.90558624267578,-97.66213989257812,11.999529838562012,0.22949453759997596,0.47905588150024414,25.01659393310547
run_1779922497_1b429ac0,1779923514.2484744,1.0,250.0,2.0,-0.6553487777709961,0.0,-7.23726749420166,-18.24886703491211,65.53488159179688,-96.341796875,12.55805492401123,0.4294820205259384,0.6553487777709961,25.01659393310547
run_1779922497_1b429ac0,1779923516.2497559,1.0,250.0,2.0,-0.6994061470031738,0.0,-7.286831855773926,-12.986186027526855,69.94061279296875,-94.70388793945312,11.77708911895752,0.4891689584658252,0.6994061470031738,25.01659393310547
run_1779922497_1b429ac0,1779923518.2443304,1.0,250.0,2.0,-0.8756842613220215,0.0,-7.485145092010498,7.122109889984131,87.56842803955078,-92.7695541381836,12.323234558105469,0.7668229255270944,0.8756842613220215,25.01659393310547
run_1779922497_1b429ac0,1779923520.2370808,1.0,250.0,2.0,-0.9637908935546875,0.0,-7.584264755249023,17.82183074951172,96.37908935546875,-90.53878784179688,11.981529235839844,0.928892886498943,0.9637908935546875,25.01659393310547
run_1779922497_1b429ac0,1779923522.2448437,1.0,250.0,2.0,-1.09598970413208,0.0,-7.732988357543945,33.68244934082031,100.0,-87.9905014038086,12.073974609375,1.2011934315635244,1.09598970413208,25.01659393310547
run_1779922497_1b429ac0,1779923524.249471,1.0,250.0,2.0,-1.1400408744812012,0.0,-7.782545566558838,40.0492057800293,100.0,-85.29400634765625,11.33912467956543,1.2996931954878619,1.1400408744812012,25.01659393310547
run_1779922497_1b429ac0,1779923526.2415583,1.0,250.0,2.0,-1.2722172737121582,0.0,-7.931244373321533,53.984336853027344,100.0,-84.7462387084961,11.508851051330566,1.6185367915315965,1.2722172737121582,25.01659393310547
run_1779922497_1b429ac0,1779923528.249824,1.0,250.0,2.0,-1.316293716430664,0.0,-7.980830192565918,57.711280822753906,100.0,-84.7462387084961,10.82814884185791,1.7326291479148495,1.316293716430664,25.01659393310547
run_1779922497_1b429ac0,1779923530.2429059,1.0,250.0,2.0,-1.3603544235229492,0.0,-8.03039836883545,61.4931526184082,100.0,-84.7462387084961,10.203953742980957,1.8505641575984555,1.3603544235229492,25.01659393310547
run_1779922497_1b429ac0,1779923532.250831,1.0,250.0,2.0,-1.3603544235229492,0.0,-8.03039836883545,60.51980209350586,100.0,-84.7462387084961,9.230605125427246,1.8505641575984555,1.3603544235229492,25.01659393310547
run_1779922497_1b429ac0,1779923534.2437797,1.0,250.0,2.0,-1.316293716430664,0.0,-7.980830192565918,54.799198150634766,100.0,-84.7462387084961,7.91607141494751,1.7326291479148495,1.316293716430664,25.01659393310547
run_1779922497_1b429ac0,1779923536.2482326,1.0,250.0,2.0,-1.2722172737121582,0.0,-7.931244373321533,49.219329833984375,100.0,-84.7462387084961,6.743842124938965,1.6185367915315965,1.2722172737121582,25.01659393310547
run_1779922497_1b429ac0,1779923538.2405784,1.0,250.0,2.0,-1.1400408744812012,0.0,-7.782545566558838,34.629459381103516,100.0,-84.19847106933594,4.823847770690918,1.2996931954878619,1.1400408744812012,25.01659393310547
run_1779922497_1b429ac0,1779923540.2513165,1.0,250.0,2.0,-1.0519099235534668,0.0,-7.683398723602295,27.133995056152344,100.0,-81.586669921875,3.529672384262085,1.1065144872702604,1.0519099235534668,25.01659393310547
run_1779922497_1b429ac0,1779923542.2439861,1.0,250.0,2.0,-0.8756842613220215,0.0,-7.485145092010498,9.804880142211914,87.56842803955078,-79.27124786376953,1.5076987743377686,0.7668229255270944,0.8756842613220215,25.01659393310547
run_1779922497_1b429ac0,1779923544.2511737,1.0,250.0,2.0,-0.7875461578369141,0.0,-7.385989189147949,1.9898574352264404,78.7546157836914,-77.29454040527344,0.5297819972038269,0.6202289507236856,0.7875461578369141,25.01659393310547
run_1779922497_1b429ac0,1779923546.240117,1.0,250.0,2.0,-0.567204475402832,0.0,-7.1381049156188965,-20.59378433227539,56.7204475402832,-75.698974609375,-1.6152609586715698,0.3217209169170019,0.567204475402832,25.01659393310547
run_1779922497_1b429ac0,1779923548.245804,1.0,250.0,2.0,-0.47905588150024414,0.0,-7.038938045501709,-28.85318374633789,47.90558624267578,-74.46339416503906,-2.295379400253296,0.22949453759997596,0.47905588150024414,25.01659393310547
run_1779922497_1b429ac0,1779923550.2527392,1.0,250.0,2.0,-0.39092063903808594,0.0,-6.939785957336426,-37.24562072753906,39.092063903808594,-73.41840362548828,-2.9192843437194824,0.15281894602594548,0.39092063903808594,25.01659393310547
run_1779922497_1b429ac0,1779923552.2418633,1.0,250.0,2.0,-0.3468303680419922,0.0,-6.89018440246582,-40.905094146728516,34.68303680419922,-72.52161407470703,-3.0665154457092285,0.12029130419614376,0.3468303680419922,25.01659393310547
run_1779922497_1b429ac0,1779923554.2447574,1.0,250.0,2.0,-0.25869035720825195,0.0,-6.791026592254639,-49.54209518432617,25.869035720825195,-71.79421997070312,-3.616907835006714,0.066920700912533,0.25869035720825195,25.01659393310547
run_1779922497_1b429ac0,1779923556.2522833,1.0,250.0,2.0,-0.25869035720825195,0.0,-6.791026592254639,-48.57564163208008,25.869035720825195,-71.17278289794922,-3.2718935012817383,0.066920700912533,0.25869035720825195,25.01659393310547
run_1779922497_1b429ac0,1779923558.2435727,1.0,250.0,2.0,-0.25869035720825195,0.0,-6.791026592254639,-47.6421012878418,25.869035720825195,-70.55134582519531,-2.959789276123047,0.066920700912533,0.25869035720825195,25.01659393310547
run_1779922497_1b429ac0,1779923560.253613,1.0,250.0,2.0,-0.25869035720825195,0.0,-6.791026592254639,-46.73833084106445,25.869035720825195,-69.9299087524414,-2.677457332611084,0.066920700912533,0.25869035720825195,25.01659393310547
run_1779922497_1b429ac0,1779923562.2449079,1.0,250.0,2.0,-0.3027677536010742,0.0,-6.84061336517334,-40.99836349487305,30.276775360107422,-69.28727722167969,-1.9878612756729126,0.09166831262064079,0.3027677536010742,25.01659393310547
run_1779922497_1b429ac0,1779923564.2378976,1.0,250.0,2.0,-0.3027677536010742,0.0,-6.84061336517334,-40.08132553100586,30.276775360107422,-68.55986022949219,-1.798240065574646,0.09166831262064079,0.3027677536010742,25.01659393310547
run_1779922497_1b429ac0,1779923566.2482386,1.0,250.0,2.0,-0.39092063903808594,0.0,-6.939785957336426,-29.418197631835938,39.092063903808594,-67.7265853881836,-0.7836742997169495,0.15281894602594548,0.39092063903808594,25.01659393310547
run_1779922497_1b429ac0,1779923568.2441218,1.0,250.0,2.0,-0.39092063903808594,0.0,-6.939785957336426,-28.404314041137695,39.092063903808594,-66.78746032714844,-0.7089201211929321,0.15281894602594548,0.39092063903808594,25.01659393310547
run_1779922497_1b429ac0,1779923570.2388813,1.0,250.0,2.0,-0.47905588150024414,0.0,-7.038938045501709,-17.59714698791504,47.90558624267578,-65.678955078125,0.17621780931949615,0.22949453759997596,0.47905588150024414,25.01659393310547
run_1779922497_1b429ac0,1779923572.251816,1.0,250.0,2.0,-0.5231304168701172,0.0,-7.088521957397461,-11.58771800994873,52.31304168701172,-64.4857177734375,0.584956705570221,0.2736654330547026,0.5231304168701172,25.01659393310547
run_1779922497_1b429ac0,1779923574.244928,1.0,250.0,2.0,-0.6112766265869141,0.0,-7.187685966491699,-0.6232542991638184,61.127662658691406,-63.1230354309082,1.3721184730529785,0.37365911421147757,0.6112766265869141,25.01659393310547
run_1779922497_1b429ac0,1779923576.2520633,1.0,250.0,2.0,-0.6553487777709961,0.0,-7.23726749420166,5.58948278427124,65.53488159179688,-61.612152099609375,1.666758418083191,0.4294820205259384,0.6553487777709961,25.01659393310547
run_1779922497_1b429ac0,1779923578.246646,1.0,250.0,2.0,-0.7434768676757812,0.0,-7.336411476135254,16.804519653320312,74.34768676757812,-59.868385314941406,2.3252151012420654,0.5527578527689911,0.7434768676757812,25.01659393310547
run_1779922497_1b429ac0,1779923580.2402833,1.0,250.0,2.0,-0.7875461578369141,0.0,-7.385989189147949,23.243600845336914,78.7546157836914,-58.0399284362793,2.528911828994751,0.6202289507236856,0.7875461578369141,25.01659393310547
run_1779922497_1b429ac0,1779923582.2495232,1.0,250.0,2.0,-0.8316159248352051,0.0,-7.435567855834961,29.79477882385254,83.16159057617188,-56.063270568847656,2.696457862854004,0.6915850464395135,0.8316159248352051,25.01659393310547
run_1779922497_1b429ac0,1779923584.2378724,1.0,250.0,2.0,-0.9197392463684082,0.0,-7.5347065925598145,41.32200622558594,91.97392272949219,-53.91716766357422,3.2652535438537598,0.8459202813103275,0.9197392463684082,25.01659393310547
run_1779922497_1b429ac0,1779923586.2443154,1.0,250.0,2.0,-0.9197392463684082,0.0,-7.5347065925598145,43.2200813293457,91.97392272949219,-51.70762634277344,2.953782558441162,0.8459202813103275,0.9197392463684082,25.01659393310547
run_1779922497_1b429ac0,1779923588.2379901,1.0,250.0,2.0,-0.9197392463684082,0.0,-7.5347065925598145,45.18656921386719,91.97392272949219,-49.434547424316406,2.647193431854248,0.8459202813103275,0.9197392463684082,25.01659393310547
run_1779922497_1b429ac0,1779923590.2450118,1.0,250.0,2.0,-0.9197392463684082,0.0,-7.5347065925598145,47.14365768432617,91.97392272949219,-47.224945068359375,2.394679546356201,0.8459202813103275,0.9197392463684082,25.01659393310547
run_1779922497_1b429ac0,1779923592.2508163,1.0,250.0,2.0,-0.8756842613220215,0.0,-7.485145092010498,44.25163650512695,87.56842803955078,-45.05768585205078,1.740893006324768,0.7668229255270944,0.8756842613220215,25.01659393310547
run_1779922497_1b429ac0,1779923594.2408667,1.0,250.0,2.0,-0.8316159248352051,0.0,-7.435567855834961,41.28903579711914,83.16159057617188,-43.03862380981445,1.166066288948059,0.6915850464395135,0.8316159248352051,25.01659393310547
run_1779922497_1b429ac0,1779923596.2465298,1.0,250.0,2.0,-0.7434768676757812,0.0,-7.336411476135254,33.38740158081055,74.34768676757812,-41.188961029052734,0.22867563366889954,0.5527578527689911,0.7434768676757812,25.01659393310547
run_1779922497_1b429ac0,1779923598.2400706,1.0,250.0,2.0,-0.6994061470031738,0.0,-7.286831855773926,30.251157760620117,69.94061279296875,-39.48753356933594,-0.20192356407642365,0.4891689584658252,0.6994061470031738,25.01659393310547
run_1779922497_1b429ac0,1779923600.251449,1.0,250.0,2.0,-0.567204475402832,0.0,-7.1381049156188965,17.24968719482422,56.7204475402832,-38.06134033203125,-1.4094221591949463,0.3217209169170019,0.567204475402832,25.01659393310547
run_1779922497_1b429ac0,1779923602.2434385,1.0,250.0,2.0,-0.47905588150024414,0.0,-7.038938045501709,8.944894790649414,47.90558624267578,-36.86807632446289,-2.092616558074951,0.22949453759997596,0.47905588150024414,25.01659393310547
run_1779922497_1b429ac0,1779923604.2514884,1.0,250.0,2.0,-0.3027677536010742,0.0,-6.84061336517334,-9.282304763793945,30.276775360107422,-36.01365661621094,-3.5454227924346924,0.09166831262064079,0.3027677536010742,25.01659393310547
run_1779922497_1b429ac0,1779923606.2495954,1.0,250.0,2.0,-0.25869035720825195,0.0,-6.791026592254639,-13.105134963989258,25.869035720825195,-35.349815368652344,-3.624354362487793,0.066920700912533,0.25869035720825195,25.01659393310547
run_1779922497_1b429ac0,1779923608.238204,1.0,250.0,2.0,-0.12648344039916992,0.0,-6.642293930053711,-26.800827026367188,12.648344039916992,-34.918888092041016,-4.530284404754639,0.01599806069521037,0.12648344039916992,25.01659393310547
run_1779922497_1b429ac0,1779923610.2500958,1.0,250.0,2.0,-0.08241701126098633,0.0,-6.592719078063965,-30.952003479003906,8.241701126098633,-34.67853546142578,-4.515167713165283,0.006792563745193547,0.08241701126098633,25.01659393310547
run_1779922497_1b429ac0,1779923612.2428854,1.0,250.0,2.0,-0.038336753845214844,0.0,-6.543128967285156,-35.237998962402344,3.8336753845214844,-34.586448669433594,-4.485227108001709,0.001469706695388595,0.038336753845214844,25.01659393310547
run_1779922497_1b429ac0,1779923614.2443707,1.0,250.0,2.0,-0.038336753845214844,0.0,-6.543128967285156,-34.71806716918945,3.8336753845214844,-34.49435806274414,-4.0573835372924805,0.001469706695388595,0.038336753845214844,25.01659393310547
run_1779922497_1b429ac0,1779923616.2401626,1.0,250.0,2.0,0.005744457244873047,0.0,-6.493537425994873,-39.144508361816406,-0.5744457244873047,-34.49894714355469,-4.071117877960205,3.2998789038174436e-05,0.005744457244873047,25.01659393310547
run_1779922497_1b429ac0,1779923618.251132,1.0,250.0,2.0,0.005744457244873047,0.0,-6.493537425994873,-38.76076126098633,-0.5744457244873047,-34.503536224365234,-3.68277645111084,3.2998789038174436e-05,0.005744457244873047,25.01659393310547
run_1779922497_1b429ac0,1779923620.2401397,1.0,250.0,2.0,-0.038336753845214844,0.0,-6.543128967285156,-33.54164505004883,3.8336753845214844,-34.46945571899414,-2.9058656692504883,0.001469706695388595,0.038336753845214844,25.01659393310547
run_1779922497_1b429ac0,1779923622.2516778,1.0,250.0,2.0,-0.038336753845214844,0.0,-6.543128967285156,-33.17237091064453,3.8336753845214844,-34.37736511230469,-2.6286768913269043,0.001469706695388595,0.038336753845214844,25.01659393310547
run_1779922497_1b429ac0,1779923624.2435918,1.0,250.0,2.0,-0.08241701126098633,0.0,-6.592719078063965,-27.914827346801758,8.241701126098633,-34.179359436035156,-1.9771708250045776,0.006792563745193547,0.08241701126098633,25.01659393310547
run_1779922497_1b429ac0,1779923626.2515883,1.0,250.0,2.0,-0.12648344039916992,0.0,-6.642293930053711,-22.64103889465332,12.648344039916992,-33.91783905029297,-1.3715453147888184,0.01599806069521037,0.12648344039916992,25.01659393310547
run_1779922497_1b429ac0,1779923628.244349,1.0,250.0,2.0,-0.170562744140625,0.0,-6.691883087158203,-17.291746139526367,17.0562744140625,-33.508056640625,-0.8399649262428284,0.029091649688780308,0.170562744140625,25.01659393310547
run_1779922497_1b429ac0,1779923630.251591,1.0,250.0,2.0,-0.21464109420776367,0.0,-6.741471290588379,-11.913354873657227,21.464109420776367,-33.034759521484375,-0.34270402789115906,0.04607079932270608,0.21464109420776367,25.01659393310547
run_1779922497_1b429ac0,1779923632.2459233,1.0,250.0,2.0,-0.3027677536010742,0.0,-6.84061336517334,-1.5906575918197632,30.276775360107422,-32.39208984375,0.5246575474739075,0.09166831262064079,0.3027677536010742,25.01659393310547
run_1779922497_1b429ac0,1779923634.2383373,1.0,250.0,2.0,-0.3468303680419922,0.0,-6.89018440246582,3.9734153747558594,34.68303680419922,-31.601221084594727,0.8915989398956299,0.12029130419614376,0.3468303680419922,25.01659393310547
run_1779922497_1b429ac0,1779923636.2453096,1.0,250.0,2.0,-0.4349956512451172,0.0,-6.989370346069336,14.500228881835938,43.49956512451172,-30.640905380249023,1.6415704488754272,0.18922121660216362,0.4349956512451172,25.01659393310547
run_1779922497_1b429ac0,1779923638.25107,1.0,250.0,2.0,-0.47905588150024414,0.0,-7.038938045501709,20.27519416809082,47.90558624267578,-29.5323429107666,1.9019477367401123,0.22949453759997596,0.47905588150024414,25.01659393310547
run_1779922497_1b429ac0,1779923640.244931,1.0,250.0,2.0,-0.5231304168701172,0.0,-7.088521957397461,26.15869140625,52.31304168701172,-28.27557945251465,2.121227502822876,0.2736654330547026,0.5231304168701172,25.01659393310547
run_1779922497_1b429ac0,1779923642.253156,1.0,250.0,2.0,-0.567204475402832,0.0,-7.1381049156188965,32.101165771484375,56.7204475402832,-26.955265045166016,2.335982084274292,0.3217209169170019,0.567204475402832,25.01659393310547
run_1779922497_1b429ac0,1779923644.2483125,1.0,250.0,2.0,-0.6112766265869141,0.0,-7.187685966491699,38.1547737121582,61.127662658691406,-25.486724853515625,2.513838768005371,0.37365911421147757,0.6112766265869141,25.01659393310547
run_1779922497_1b429ac0,1779923646.2464592,1.0,250.0,2.0,-0.6553487777709961,0.0,-7.23726749420166,44.27132797241211,65.53488159179688,-23.95467185974121,2.6911234855651855,0.4294820205259384,0.6553487777709961,25.01659393310547
run_1779922497_1b429ac0,1779923648.2515526,1.0,250.0,2.0,-0.6553487777709961,0.0,-7.23726749420166,45.58902359008789,65.53488159179688,-22.380273818969727,2.4344191551208496,0.4294820205259384,0.6553487777709961,25.01659393310547
run_1779922497_1b429ac0,1779923650.2430198,1.0,250.0,2.0,-0.6553487777709961,0.0,-7.23726749420166,46.93120193481445,65.53488159179688,-20.805877685546875,2.2022008895874023,0.4294820205259384,0.6553487777709961,25.01659393310547
run_1779922497_1b429ac0,1779923652.2391894,1.0,250.0,2.0,-0.6112766265869141,0.0,-7.187685966491699,43.38177490234375,61.127662658691406,-19.337337493896484,1.5914497375488281,0.37365911421147757,0.6112766265869141,25.01659393310547
run_1779922497_1b429ac0,1779923654.2481642,1.0,250.0,2.0,-0.567204475402832,0.0,-7.1381049156188965,39.8106803894043,56.7204475402832,-17.932331085205078,1.0225642919540405,0.3217209169170019,0.567204475402832,25.01659393310547
run_1779922497_1b429ac0,1779923656.2448866,1.0,250.0,2.0,-0.47905588150024414,0.0,-7.038938045501709,31.29899787902832,47.90558624267578,-16.696744918823242,0.09015397727489471,0.22949453759997596,0.47905588150024414,25.01659393310547
run_1779922497_1b429ac0,1779923658.2531302,1.0,250.0,2.0,-0.39092063903808594,0.0,-6.939785957336426,22.666648864746094,39.092063903808594,-15.672898292541504,-0.7525169849395752,0.15281894602594548,0.39092063903808594,25.01659393310547
run_1779922497_1b429ac0,1779923660.242111,1.0,250.0,2.0,-0.25869035720825195,0.0,-6.791026592254639,9.012068748474121,25.869035720825195,-14.924359321594238,-1.9326077699661255,0.066920700912533,0.25869035720825195,25.01659393310547
run_1779922497_1b429ac0,1779923662.2533052,1.0,250.0,2.0,-0.170562744140625,0.0,-6.691883087158203,0.044097378849983215,17.0562744140625,-14.42992115020752,-2.5822560787200928,0.029091649688780308,0.170562744140625,25.01659393310547
run_1779922497_1b429ac0,1779923664.245617,1.0,250.0,2.0,-0.038336753845214844,0.0,-6.543128967285156,-13.92667007446289,3.8336753845214844,-14.147233963012695,-3.613112211227417,0.001469706695388595,0.038336753845214844,25.01659393310547
run_1779922497_1b429ac0,1779923666.2408657,1.0,250.0,2.0,0.005744457244873047,0.0,-6.493537425994873,-18.373220443725586,-0.5744457244873047,-14.113151550292969,-3.6856229305267334,3.2998789038174436e-05,0.005744457244873047,25.01659393310547
run_1779922497_1b429ac0,1779923668.2477496,1.0,250.0,2.0,0.13799333572387695,0.0,-6.344757556915283,-32.566654205322266,-13.799333572387695,-14.18122673034668,-4.586093902587891,0.019042160704202615,0.13799333572387695,25.01659393310547
run_1779922497_1b429ac0,1779923670.2423344,1.0,250.0,2.0,0.18207740783691406,0.0,-6.295163154602051,-37.08634567260742,-18.207740783691406,-14.312786102294922,-4.565820217132568,0.033152182444609934,0.18207740783691406,25.01659393310547
run_1779922497_1b429ac0,1779923672.2486699,1.0,250.0,2.0,0.22616147994995117,0.0,-6.24556827545166,-41.64201354980469,-22.616147994995117,-14.486664772033691,-4.539199352264404,0.051149015013152166,0.22616147994995117,25.01659393310547
run_1779922497_1b429ac0,1779923674.2420619,1.0,250.0,2.0,0.22616147994995117,0.0,-6.24556827545166,-41.389949798583984,-22.616147994995117,-14.667594909667969,-4.106207847595215,0.051149015013152166,0.22616147994995117,25.01659393310547
run_1779922497_1b429ac0,1779923676.2489784,1.0,250.0,2.0,0.2702336311340332,0.0,-6.195987224578857,-46.02341079711914,-27.02336311340332,-14.876729011535645,-4.123317241668701,0.07302621539588472,0.2702336311340332,25.01659393310547
run_1779922497_1b429ac0,1779923678.239707,1.0,250.0,2.0,0.2702336311340332,0.0,-6.195987224578857,-45.846275329589844,-27.02336311340332,-15.092915534973145,-3.729996919631958,0.07302621539588472,0.2702336311340332,25.01659393310547
run_1779922497_1b429ac0,1779923680.2516034,1.0,250.0,2.0,0.22616147994995117,0.0,-6.24556827545166,-40.86244201660156,-22.616147994995117,-15.280896186828613,-2.965395450592041,0.051149015013152166,0.22616147994995117,25.01659393310547
run_1779922497_1b429ac0,1779923682.2530217,1.0,250.0,2.0,0.22616147994995117,0.0,-6.24556827545166,-40.760501861572266,-22.616147994995117,-15.46182632446289,-2.682528257369995,0.051149015013152166,0.22616147994995117,25.01659393310547
run_1779922497_1b429ac0,1779923684.2469227,1.0,250.0,2.0,0.13799333572387695,0.0,-6.344757556915283,-30.990299224853516,-13.799333572387695,-15.607494354248047,-1.5834729671478271,0.019042160704202615,0.13799333572387695,25.01659393310547
run_1779922497_1b429ac0,1779923686.2401419,1.0,250.0,2.0,0.09392404556274414,0.0,-6.3943352699279785,-26.103111267089844,-9.392404556274414,-15.703779220581055,-1.0069283246994019,0.008821726334872437,0.09392404556274414,25.01659393310547
run_1779922497_1b429ac0,1779923688.247678,1.0,250.0,2.0,0.04982709884643555,0.0,-6.443944454193115,-21.231060028076172,-4.982709884643555,-15.771860122680664,-0.4764902889728546,0.0024827397794524586,0.04982709884643555,25.01659393310547
run_1779922497_1b429ac0,1779923690.244236,1.0,250.0,2.0,-0.038336753845214844,0.0,-6.543128967285156,-11.505072593688965,3.8336753845214844,-15.758949279785156,0.42020130157470703,0.001469706695388595,0.038336753845214844,25.01659393310547
run_1779922497_1b429ac0,1779923692.2521074,1.0,250.0,2.0,-0.12648344039916992,0.0,-6.642293930053711,-1.7277326583862305,12.648344039916992,-15.624505043029785,1.248428463935852,0.01599806069521037,0.12648344039916992,25.01659393310547
run_1779922497_1b429ac0,1779923694.24654,1.0,250.0,2.0,-0.170562744140625,0.0,-6.691883087158203,3.3329248428344727,17.0562744140625,-15.27828598022461,1.5549360513687134,0.029091649688780308,0.170562744140625,25.01659393310547
run_1779922497_1b429ac0,1779923696.242038,1.0,250.0,2.0,-0.25869035720825195,0.0,-6.791026592254639,13.355764389038086,25.869035720825195,-14.76265811920166,2.2493860721588135,0.066920700912533,0.25869035720825195,25.01659393310547
run_1779922497_1b429ac0,1779923698.250588,1.0,250.0,2.0,-0.3468303680419922,0.0,-6.89018440246582,23.512372970581055,34.68303680419922,-14.05649185180664,2.8858275413513184,0.12029130419614376,0.3468303680419922,25.01659393310547
run_1779922497_1b429ac0,1779923700.2436407,1.0,250.0,2.0,-0.4349956512451172,0.0,-6.989370346069336,33.83591079711914,43.49956512451172,-13.117342948913574,3.453688621520996,0.18922121660216362,0.4349956512451172,25.01659393310547
run_1779922497_1b429ac0,1779923702.2479613,1.0,250.0,2.0,-0.47905588150024414,0.0,-7.038938045501709,39.42528533935547,47.90558624267578,-12.029958724975586,3.5496537685394287,0.22949453759997596,0.47905588150024414,25.01659393310547
run_1779922497_1b429ac0,1779923704.2382152,1.0,250.0,2.0,-0.567204475402832,0.0,-7.1381049156188965,50.00129318237305,56.7204475402832,-10.773191452026367,4.054038047790527,0.3217209169170019,0.567204475402832,25.01659393310547
run_1779922497_1b429ac0,1779923706.250304,1.0,250.0,2.0,-0.567204475402832,0.0,-7.1381049156188965,50.977237701416016,56.7204475402832,-9.410539627075195,3.667325496673584,0.3217209169170019,0.567204475402832,25.01659393310547
run_1779922497_1b429ac0,1779923708.2416596,1.0,250.0,2.0,-0.567204475402832,0.0,-7.1381049156188965,51.99006271362305,56.7204475402832,-8.04788875579834,3.3175010681152344,0.3217209169170019,0.567204475402832,25.01659393310547
run_1779922497_1b429ac0,1779923710.2519882,1.0,250.0,2.0,-0.567204475402832,0.0,-7.1381049156188965,53.0362548828125,56.7204475402832,-6.685236930847168,3.0010464191436768,0.3217209169170019,0.567204475402832,25.01659393310547
run_1779922497_1b429ac0,1779923712.248054,1.0,250.0,2.0,-0.5231304168701172,0.0,-7.088521957397461,49.21171188354492,52.31304168701172,-5.407289981842041,2.3059613704681396,0.2736654330547026,0.5231304168701172,25.01659393310547
run_1779922497_1b429ac0,1779923714.2507167,1.0,250.0,2.0,-0.4349956512451172,0.0,-6.989370346069336,40.46070098876953,43.49956512451172,-4.298746585845947,1.2598809003829956,0.18922121660216362,0.4349956512451172,25.01659393310547
run_1779922497_1b429ac0,1779923716.2427838,1.0,250.0,2.0,-0.3468303680419922,0.0,-6.89018440246582,31.581789016723633,34.68303680419922,-3.423157215118408,0.32190847396850586,0.12029130419614376,0.3468303680419922,25.01659393310547
run_1779922497_1b429ac0,1779923718.2490613,1.0,250.0,2.0,-0.21464109420776367,0.0,-6.741471290588379,17.723360061645508,21.464109420776367,-2.780473232269287,-0.960276186466217,0.04607079932270608,0.21464109420776367,25.01659393310547
run_1779922497_1b429ac0,1779923720.2508984,1.0,250.0,2.0,-0.12648344039916992,0.0,-6.642293930053711,8.527695655822754,12.648344039916992,-2.434250831604004,-1.6863981485366821,0.01599806069521037,0.12648344039916992,25.01659393310547
run_1779922497_1b429ac0,1779923722.2401202,1.0,250.0,2.0,0.005744457244873047,0.0,-6.493537425994873,-5.669118404388428,-0.5744457244873047,-2.3172900676727295,-2.7773826122283936,3.2998789038174436e-05,0.005744457244873047,25.01659393310547
run_1779922497_1b429ac0,1779923724.2374125,1.0,250.0,2.0,0.09392404556274414,0.0,-6.3943352699279785,-15.10110092163086,-9.392404556274414,-2.3783206939697266,-3.3303751945495605,0.008821726334872437,0.09392404556274414,25.01659393310547
run_1779922497_1b429ac0,1779923726.2509873,1.0,250.0,2.0,0.22616147994995117,0.0,-6.24556827545166,-29.39402198791504,-22.616147994995117,-2.538090229034424,-4.23978328704834,0.051149015013152166,0.22616147994995117,25.01659393310547
run_1779922497_1b429ac0,1779923728.2412164,1.0,250.0,2.0,0.2702336311340332,0.0,-6.195987224578857,-34.014739990234375,-27.02336311340332,-2.747225046157837,-4.244151592254639,0.07302621539588472,0.2702336311340332,25.01659393310547
run_1779922497_1b429ac0,1779923730.251986,1.0,250.0,2.0,0.35839080810546875,0.0,-6.096810340881348,-43.517494201660156,-35.839080810546875,-3.012782335281372,-4.665630340576172,0.12844397133449093,0.35839080810546875,25.01659393310547
run_1779922497_1b429ac0,1779923732.242932,1.0,250.0,2.0,0.4024643898010254,0.0,-6.047227382659912,-48.203529357910156,-40.246437072753906,-3.3277013301849365,-4.629392147064209,0.1619775850579117,0.4024643898010254,25.01659393310547
run_1779922497_1b429ac0,1779923734.2489007,1.0,250.0,2.0,0.4024643898010254,0.0,-6.047227382659912,-48.08390808105469,-40.246437072753906,-3.6496706008911133,-4.1877970695495605,0.1619775850579117,0.4024643898010254,25.01659393310547
run_1779922497_1b429ac0,1779923736.238226,1.0,250.0,2.0,0.4024643898010254,0.0,-6.047227382659912,-48.006404876708984,-40.246437072753906,-3.971640110015869,-3.788325548171997,0.1619775850579117,0.4024643898010254,25.01659393310547
run_1779922497_1b429ac0,1779923738.2446718,1.0,250.0,2.0,0.35839080810546875,0.0,-6.096810340881348,-43.1200065612793,-35.839080810546875,-4.279507160186768,-3.001420021057129,0.12844397133449093,0.35839080810546875,25.01659393310547
run_1779922497_1b429ac0,1779923740.2511706,1.0,250.0,2.0,0.35839080810546875,0.0,-6.096810340881348,-43.120418548583984,-35.839080810546875,-4.566220283508301,-2.715116262435913,0.12844397133449093,0.35839080810546875,25.01659393310547
run_1779922497_1b429ac0,1779923742.2420475,1.0,250.0,2.0,0.3143186569213867,0.0,-6.14639139175415,-38.30129623413086,-31.431865692138672,-4.838830947875977,-2.0305979251861572,0.09879621808886441,0.3143186569213867,25.01659393310547
run_1779922497_1b429ac0,1779923744.2447047,1.0,250.0,2.0,0.2702336311340332,0.0,-6.195987224578857,-33.51218795776367,-27.02336311340332,-5.069125652313232,-1.4196999073028564,0.07302621539588472,0.2702336311340332,25.01659393310547
run_1779922497_1b429ac0,1779923746.2374697,1.0,250.0,2.0,0.18207740783691406,0.0,-6.295163154602051,-23.90163803100586,-18.207740783691406,-5.235947132110596,-0.4579509198665619,0.033152182444609934,0.18207740783691406,25.01659393310547
run_1779922497_1b429ac0,1779923748.2470531,1.0,250.0,2.0,0.13799333572387695,0.0,-6.344757556915283,-19.156858444213867,-13.799333572387695,-5.360447406768799,0.002924026921391487,0.019042160704202615,0.13799333572387695,25.01659393310547
run_1779922497_1b429ac0,1779923750.242294,1.0,250.0,2.0,0.04982709884643555,0.0,-6.443944454193115,-9.575117111206055,-4.982709884643555,-5.421475410461426,0.8290681838989258,0.0024827397794524586,0.04982709884643555,25.01659393310547
run_1779922497_1b429ac0,1779923752.2395406,1.0,250.0,2.0,0.005744457244873047,0.0,-6.493537425994873,-4.847461700439453,-0.5744457244873047,-5.440177917480469,1.1671617031097412,3.2998789038174436e-05,0.005744457244873047,25.01659393310547
run_1779922497_1b429ac0,1779923754.2476113,1.0,250.0,2.0,-0.08241701126098633,0.0,-6.592719078063965,4.818178176879883,8.241701126098633,-5.305720329284668,1.8821971416473389,0.006792563745193547,0.08241701126098633,25.01659393310547
run_1779922497_1b429ac0,1779923756.253278,1.0,250.0,2.0,-0.12648344039916992,0.0,-6.642293930053711,9.723821640014648,12.648344039916992,-5.044201850891113,2.1196799278259277,0.01599806069521037,0.12648344039916992,25.01659393310547
run_1779922497_1b429ac0,1779923758.246544,1.0,250.0,2.0,-0.25869035720825195,0.0,-6.791026592254639,24.527095794677734,25.869035720825195,-4.4862189292907715,3.1442794799804688,0.066920700912533,0.25869035720825195,25.01659393310547
run_1779922497_1b429ac0,1779923760.2397604,1.0,250.0,2.0,-0.3027677536010742,0.0,-6.84061336517334,29.73704719543457,30.276775360107422,-3.801206588745117,3.2614762783050537,0.09166831262064079,0.3027677536010742,25.01659393310547
run_1779922497_1b429ac0,1779923762.2508864,1.0,250.0,2.0,-0.3468303680419922,0.0,-6.89018440246582,35.06602478027344,34.68303680419922,-2.9679789543151855,3.3509633541107178,0.12029130419614376,0.3468303680419922,25.01659393310547
run_1779922497_1b429ac0,1779923764.246233,1.0,250.0,2.0,-0.4349956512451172,0.0,-6.989370346069336,45.357566833496094,43.49956512451172,-2.00766921043396,3.8656716346740723,0.18922121660216362,0.4349956512451172,25.01659393310547
run_1779922497_1b429ac0,1779923766.2517476,1.0,250.0,2.0,-0.4349956512451172,0.0,-6.989370346069336,46.03385543823242,43.49956512451172,-0.9626347422599792,3.4969265460968018,0.18922121660216362,0.4349956512451172,25.01659393310547
run_1779922497_1b429ac0,1779923768.241642,1.0,250.0,2.0,-0.4349956512451172,0.0,-6.989370346069336,46.71046829223633,43.49956512451172,0.04754795506596565,3.1633570194244385,0.18922121660216362,0.4349956512451172,25.01659393310547
run_1779922497_1b429ac0,1779923770.2490513,1.0,250.0,2.0,-0.4349956512451172,0.0,-6.989370346069336,46.75146484375,43.49956512451172,0.4237430691719055,2.8281562328338623,0.18922121660216362,0.4349956512451172,25.01659393310547
run_1779922497_1b429ac0,1779923772.240811,1.0,250.0,2.0,-0.4349956512451172,0.0,-6.989370346069336,46.82968521118164,43.49956512451172,0.7717391848564148,2.558379888534546,0.18922121660216362,0.4349956512451172,25.01659393310547
run_1779922497_1b429ac0,1779923774.2429338,1.0,250.0,2.0,-0.3468303680419922,0.0,-6.89018440246582,37.23976516723633,34.68303680419922,1.0774213075637817,1.479305386543274,0.12029130419614376,0.3468303680419922,25.01659393310547
run_1779922497_1b429ac0,1779923776.2529533,1.0,250.0,2.0,-0.3027677536010742,0.0,-6.84061336517334,32.53171920776367,30.276775360107422,1.3337361812591553,0.9212071299552917,0.09166831262064079,0.3027677536010742,25.01659393310547
run_1779922497_1b429ac0,1779923778.2433584,1.0,250.0,2.0,-0.170562744140625,0.0,-6.691883087158203,18.152591705322266,17.0562744140625,1.4983969926834106,-0.40207892656326294,0.029091649688780308,0.170562744140625,25.01659393310547
run_1779922497_1b429ac0,1779923780.2494035,1.0,250.0,2.0,-0.08241701126098633,0.0,-6.592719078063965,8.636343002319336,8.241701126098633,1.5925371646881104,-1.1978951692581177,0.006792563745193547,0.08241701126098633,25.01659393310547
run_1779922497_1b429ac0,1779923782.240562,1.0,250.0,2.0,0.04982709884643555,0.0,-6.443944454193115,-5.742443561553955,-4.982709884643555,1.593132495880127,-2.352865695953369,0.0024827397794524586,0.04982709884643555,25.01659393310547
run_1779922497_1b429ac0,1779923784.2426145,1.0,250.0,2.0,0.09392404556274414,0.0,-6.3943352699279785,-10.528280258178711,-9.392404556274414,1.4098650217056274,-2.545740842819214,0.008821726334872437,0.09392404556274414,25.01659393310547
run_1779922497_1b429ac0,1779923786.2506905,1.0,250.0,2.0,0.22616147994995117,0.0,-6.24556827545166,-25.20350456237793,-22.616147994995117,0.9512597918510437,-3.538616418838501,0.051149015013152166,0.22616147994995117,25.01659393310547
run_1779922497_1b429ac0,1779923788.2434108,1.0,250.0,2.0,0.2702336311340332,0.0,-6.195987224578857,-30.297109603881836,-27.02336311340332,0.34440112113952637,-3.618147850036621,0.07302621539588472,0.2702336311340332,25.01659393310547
run_1779922497_1b429ac0,1779923790.2504199,1.0,250.0,2.0,0.3143186569213867,0.0,-6.14639139175415,-35.26456832885742,-31.431865692138672,-0.15888629853725433,-3.673816204071045,0.09879621808886441,0.3143186569213867,25.01659393310547
run_1779922497_1b429ac0,1779923792.240933,1.0,250.0,2.0,0.3143186569213867,0.0,-6.14639139175415,-35.16558074951172,-31.431865692138672,-0.41034114360809326,-3.323373317718506,0.09879621808886441,0.3143186569213867,25.01659393310547
run_1779922497_1b429ac0,1779923794.2463121,1.0,250.0,2.0,0.35839080810546875,0.0,-6.096810340881348,-39.94424057006836,-35.839080810546875,-0.6900020241737366,-3.4151580333709717,0.12844397133449093,0.35839080810546875,25.01659393310547
run_1779922497_1b429ac0,1779923796.2430053,1.0,250.0,2.0,0.35839080810546875,0.0,-6.096810340881348,-39.90518569946289,-35.839080810546875,-0.9767149686813354,-3.089388132095337,0.12844397133449093,0.35839080810546875,25.01659393310547
run_1779922497_1b429ac0,1779923798.250454,1.0,250.0,2.0,0.3143186569213867,0.0,-6.14639139175415,-35.052982330322266,-31.431865692138672,-1.2352217435836792,-2.3858940601348877,0.09879621808886441,0.3143186569213867,25.01659393310547
run_1779922497_1b429ac0,1779923800.2405796,1.0,250.0,2.0,0.2702336311340332,0.0,-6.195987224578857,-30.229982376098633,-27.02336311340332,-1.4655154943466187,-1.7411043643951416,0.07302621539588472,0.2702336311340332,25.01659393310547
run_1779922497_1b429ac0,1779923802.2481706,1.0,250.0,2.0,0.22616147994995117,0.0,-6.24556827545166,-25.431676864624023,-22.616147994995117,-1.6746504306793213,-1.1408783197402954,0.051149015013152166,0.22616147994995117,25.01659393310547
run_1779922497_1b429ac0,1779923804.2424018,1.0,250.0,2.0,0.18207740783691406,0.0,-6.295163154602051,-20.657018661499023,-18.207740783691406,-1.8344199657440186,-0.6148593425750732,0.033152182444609934,0.18207740783691406,25.01659393310547
run_1779922497_1b429ac0,1779923806.2514594,1.0,250.0,2.0,0.09392404556274414,0.0,-6.3943352699279785,-11.050405502319336,-9.392404556274414,-1.9448174238204956,0.28681671619415283,0.008821726334872437,0.09392404556274414,25.01659393310547
run_1779922497_1b429ac0,1779923808.2436383,1.0,250.0,2.0,0.04982709884643555,0.0,-6.443944454193115,-6.304728984832764,-4.982709884643555,-1.9987894296646118,0.6767706274986267,0.0024827397794524586,0.04982709884643555,25.01659393310547
run_1779922497_1b429ac0,1779923810.2398646,1.0,250.0,2.0,-0.038336753845214844,0.0,-6.543128967285156,3.2979190349578857,3.8336753845214844,-1.9910997152328491,1.4553431272506714,0.001469706695388595,0.038336753845214844,25.01659393310547
run_1779922497_1b429ac0,1779923812.2482545,1.0,250.0,2.0,-0.12648344039916992,0.0,-6.642293930053711,13.027101516723633,12.648344039916992,-1.77194082736969,2.150697946548462,0.01599806069521037,0.12648344039916992,25.01659393310547
run_1779922497_1b429ac0,1779923814.2410254,1.0,250.0,2.0,-0.21464109420776367,0.0,-6.741471290588379,22.89054298400879,21.464109420776367,-1.362181305885315,2.788614273071289,0.04607079932270608,0.21464109420776367,25.01659393310547
run_1779922497_1b429ac0,1779923816.2502966,1.0,250.0,2.0,-0.25869035720825195,0.0,-6.791026592254639,28.025474548339844,25.869035720825195,-0.7830320000648499,2.93947172164917,0.066920700912533,0.25869035720825195,25.01659393310547
run_1779922497_1b429ac0,1779923818.2409556,1.0,250.0,2.0,-0.3468303680419922,0.0,-6.89018440246582,38.12934112548828,34.68303680419922,-0.055669039487838745,3.5019736289978027,0.12029130419614376,0.3468303680419922,25.01659393310547
run_1779922497_1b429ac0,1779923820.2388031,1.0,250.0,2.0,-0.3468303680419922,0.0,-6.89018440246582,38.128326416015625,34.68303680419922,0.27737143635749817,3.1679227352142334,0.12029130419614376,0.3468303680419922,25.01659393310547
run_1779922497_1b429ac0,1779923822.251335,1.0,250.0,2.0,-0.39092063903808594,0.0,-6.939785957336426,42.94982147216797,39.092063903808594,0.5830533504486084,3.2747037410736084,0.15281894602594548,0.39092063903808594,25.01659393310547
run_1779922497_1b429ac0,1779923824.242326,1.0,250.0,2.0,-0.39092063903808594,0.0,-6.939785957336426,42.95018768310547,39.092063903808594,0.895789623260498,2.962332010269165,0.15281894602594548,0.39092063903808594,25.01659393310547
run_1779922497_1b429ac0,1779923826.2513533,1.0,250.0,2.0,-0.39092063903808594,0.0,-6.939785957336426,42.9803466796875,39.092063903808594,1.2085258960723877,2.6797571182250977,0.15281894602594548,0.39092063903808594,25.01659393310547
run_1779922497_1b429ac0,1779923828.2465482,1.0,250.0,2.0,-0.3468303680419922,0.0,-6.89018440246582,38.188629150390625,34.68303680419922,1.5071537494659424,1.998436689376831,0.12029130419614376,0.3468303680419922,25.01659393310547
run_1779922497_1b429ac0,1779923830.2538733,1.0,250.0,2.0,-0.3027677536010742,0.0,-6.84061336517334,33.428104400634766,30.276775360107422,1.777567744255066,1.3737577199935913,0.09166831262064079,0.3027677536010742,25.01659393310547
run_1779922497_1b429ac0,1779923832.2425911,1.0,250.0,2.0,-0.25869035720825195,0.0,-6.791026592254639,28.69185447692871,25.869035720825195,2.0056769847869873,0.8171399235725403,0.066920700912533,0.25869035720825195,25.01659393310547
run_1779922497_1b429ac0,1779923834.249555,1.0,250.0,2.0,-0.12648344039916992,0.0,-6.642293930053711,14.280865669250488,12.648344039916992,2.170332431793213,-0.5378115773200989,0.01599806069521037,0.12648344039916992,25.01659393310547
run_1779922497_1b429ac0,1779923836.2406418,1.0,250.0,2.0,-0.08241701126098633,0.0,-6.592719078063965,9.587139129638672,8.241701126098633,2.257417917251587,-0.9119800329208374,0.006792563745193547,0.08241701126098633,25.01659393310547
run_1779922497_1b429ac0,1779923838.246967,1.0,250.0,2.0,0.04982709884643555,0.0,-6.443944454193115,-4.8199849128723145,-4.982709884643555,2.265065908432007,-2.1023406982421875,0.0024827397794524586,0.04982709884643555,25.01659393310547
run_1779922497_1b429ac0,1779923840.2539878,1.0,250.0,2.0,0.09392404556274414,0.0,-6.3943352699279785,-9.616983413696289,-9.392404556274414,2.102985143661499,-2.327564239501953,0.008821726334872437,0.09392404556274414,25.01659393310547
run_1779922497_1b429ac0,1779923842.248735,1.0,250.0,2.0,0.18207740783691406,0.0,-6.295163154602051,-19.384851455688477,-18.207740783691406,1.7714612483978271,-2.9485726356506348,0.033152182444609934,0.18207740783691406,25.01659393310547
run_1779922497_1b429ac0,1779923844.2427208,1.0,250.0,2.0,0.18207740783691406,0.0,-6.295163154602051,-19.541013717651367,-18.207740783691406,1.3340376615524292,-2.6673099994659424,0.033152182444609934,0.18207740783691406,25.01659393310547
run_1779922497_1b429ac0,1779923846.25345,1.0,250.0,2.0,0.22616147994995117,0.0,-6.24556827545166,-24.626047134399414,-22.616147994995117,0.8118875026702881,-2.821786403656006,0.051149015013152166,0.22616147994995117,25.01659393310547
run_1779922497_1b429ac0,1779923848.24293,1.0,250.0,2.0,0.2702336311340332,0.0,-6.195987224578857,-29.813987731933594,-27.02336311340332,0.16267746686935425,-2.9533021450042725,0.07302621539588472,0.2702336311340332,25.01659393310547
run_1779922497_1b429ac0,1779923850.2470827,1.0,250.0,2.0,0.2702336311340332,0.0,-6.195987224578857,-29.878366470336914,-27.02336311340332,-0.18341638147830963,-2.6715879440307617,0.07302621539588472,0.2702336311340332,25.01659393310547
run_1779922497_1b429ac0,1779923852.2401967,1.0,250.0,2.0,0.22616147994995117,0.0,-6.24556827545166,-24.992870330810547,-22.616147994995117,-0.38550013303756714,-1.9912207126617432,0.051149015013152166,0.22616147994995117,25.01659393310547
run_1779922497_1b429ac0,1779923854.2496972,1.0,250.0,2.0,0.22616147994995117,0.0,-6.24556827545166,-24.983856201171875,-22.616147994995117,-0.5664291381835938,-1.8012794256210327,0.051149015013152166,0.22616147994995117,25.01659393310547
run_1779922497_1b429ac0,1779923856.2450318,1.0,250.0,2.0,0.18207740783691406,0.0,-6.295163154602051,-20.148494720458984,-18.207740783691406,-0.712090790271759,-1.228663682937622,0.033152182444609934,0.18207740783691406,25.01659393310547
run_1779922497_1b429ac0,1779923858.2518854,1.0,250.0,2.0,0.13799333572387695,0.0,-6.344757556915283,-15.331424713134766,-13.799333572387695,-0.8295390009880066,-0.7025523781776428,0.019042160704202615,0.13799333572387695,25.01659393310547
run_1779922497_1b429ac0,1779923860.2445571,1.0,250.0,2.0,0.04982709884643555,0.0,-6.443944454193115,-5.6823906898498535,-4.982709884643555,-0.890567421913147,0.19088681042194366,0.0024827397794524586,0.04982709884643555,25.01659393310547
run_1779922497_1b429ac0,1779923862.2538655,1.0,250.0,2.0,0.04982709884643555,0.0,-6.443944454193115,-5.740461349487305,-4.982709884643555,-0.9304298758506775,0.17267820239067078,0.0024827397794524586,0.04982709884643555,25.01659393310547
run_1779922497_1b429ac0,1779923864.2429235,1.0,250.0,2.0,-0.08241701126098633,0.0,-6.592719078063965,8.82908821105957,8.241701126098633,-0.7959700226783752,1.3833568096160889,0.006792563745193547,0.08241701126098633,25.01659393310547
run_1779922497_1b429ac0,1779923866.2397933,1.0,250.0,2.0,-0.12648344039916992,0.0,-6.642293930053711,13.795210838317871,12.648344039916992,-0.513278603553772,1.6601450443267822,0.01599806069521037,0.12648344039916992,25.01659393310547
run_1779922497_1b429ac0,1779923868.2464502,1.0,250.0,2.0,-0.21464109420776367,0.0,-6.741471290588379,23.731067657470703,21.464109420776367,-0.061160605400800705,2.3281192779541016,0.04607079932270608,0.21464109420776367,25.01659393310547
run_1779922497_1b429ac0,1779923870.2458296,1.0,250.0,2.0,-0.25869035720825195,0.0,-6.791026592254639,28.573999404907227,25.869035720825195,0.1903349906206131,2.5146284103393555,0.066920700912533,0.25869035720825195,25.01659393310547
run_1779922497_1b429ac0,1779923872.2503686,1.0,250.0,2.0,-0.3027677536010742,0.0,-6.84061336517334,33.38481521606445,30.276775360107422,0.43254926800727844,2.6754915714263916,0.09166831262064079,0.3027677536010742,25.01659393310547
run_1779922497_1b429ac0,1779923874.2417579,1.0,250.0,2.0,-0.3468303680419922,0.0,-6.89018440246582,38.216217041015625,34.68303680419922,0.6959137320518494,2.837265729904175,0.12029130419614376,0.3468303680419922,25.01659393310547
run_1779922497_1b429ac0,1779923876.2463105,1.0,250.0,2.0,-0.3468303680419922,0.0,-6.89018440246582,38.22303771972656,34.68303680419922,0.973378598690033,2.566620349884033,0.12029130419614376,0.3468303680419922,25.01659393310547
run_1779922497_1b429ac0,1779923878.2510982,1.0,250.0,2.0,-0.39092063903808594,0.0,-6.939785957336426,43.10311508178711,39.092063903808594,1.2720063924789429,2.739041566848755,0.15281894602594548,0.39092063903808594,25.01659393310547
run_1779922497_1b429ac0,1779923880.241751,1.0,250.0,2.0,-0.3468303680419922,0.0,-6.89018440246582,38.309425354003906,34.68303680419922,1.5494716167449951,2.076916456222534,0.12029130419614376,0.3468303680419922,25.01659393310547
run_1779922497_1b429ac0,1779923882.2498522,1.0,250.0,2.0,-0.3027677536010742,0.0,-6.84061336517334,33.54437255859375,30.276775360107422,1.805785894393921,1.4618122577667236,0.09166831262064079,0.3027677536010742,25.01659393310547
run_1779922497_1b429ac0,1779923884.2513292,1.0,250.0,2.0,-0.25869035720825195,0.0,-6.791026592254639,28.799724578857422,25.869035720825195,2.0338950157165527,0.8967950940132141,0.066920700912533,0.25869035720825195,25.01659393310547
run_1779922497_1b429ac0,1779923886.2446558,1.0,250.0,2.0,-0.21464109420776367,0.0,-6.741471290588379,24.078201293945312,21.464109420776367,2.2197036743164062,0.39438843727111816,0.04607079932270608,0.21464109420776367,25.01659393310547
run_1779922497_1b429ac0,1779923888.252582,1.0,250.0,2.0,-0.12648344039916992,0.0,-6.642293930053711,14.520825386047363,12.648344039916992,2.342048168182373,-0.4695671498775482,0.01599806069521037,0.12648344039916992,25.01659393310547
run_1779922497_1b429ac0,1779923890.2432423,1.0,250.0,2.0,-0.038336753845214844,0.0,-6.543128967285156,4.975645542144775,3.8336753845214844,2.4009249210357666,-1.2589547634124756,0.001469706695388595,0.038336753845214844,25.01659393310547
run_1779922497_1b429ac0,1779923892.2501476,1.0,250.0,2.0,0.04982709884643555,0.0,-6.443944454193115,-4.603204727172852,-4.982709884643555,2.344761610031128,-1.9652568101882935,0.0024827397794524586,0.04982709884643555,25.01659393310547
run_1779922497_1b429ac0,1779923894.2414095,1.0,250.0,2.0,0.09392404556274414,0.0,-6.3943352699279785,-9.426016807556152,-9.392404556274414,2.1614930629730225,-2.1951050758361816,0.008821726334872437,0.09392404556274414,25.01659393310547
run_1779922497_1b429ac0,1779923896.2459188,1.0,250.0,2.0,0.13799333572387695,0.0,-6.344757556915283,-14.355731010437012,-13.799333572387695,1.8299756050109863,-2.386373519897461,0.019042160704202615,0.13799333572387695,25.01659393310547
run_1779922497_1b429ac0,1779923898.2491436,1.0,250.0,2.0,0.18207740783691406,0.0,-6.295163154602051,-19.3487548828125,-18.207740783691406,1.4349145889282227,-2.5759291648864746,0.033152182444609934,0.18207740783691406,25.01659393310547
run_1779922497_1b429ac0,1779923900.2396195,1.0,250.0,2.0,0.18207740783691406,0.0,-6.295163154602051,-19.540462493896484,-18.207740783691406,0.9974910020828247,-2.3302128314971924,0.033152182444609934,0.18207740783691406,25.01659393310547
run_1779922497_1b429ac0,1779923902.2476451,1.0,250.0,2.0,0.18207740783691406,0.0,-6.295163154602051,-19.75560760498047,-18.207740783691406,0.5600674152374268,-2.1079349517822266,0.033152182444609934,0.18207740783691406,25.01659393310547
run_1779922497_1b429ac0,1779923904.2395763,1.0,250.0,2.0,0.13799333572387695,0.0,-6.344757556915283,-15.128107070922852,-13.799333572387695,0.14382566511631012,-1.4725996255874634,0.019042160704202615,0.13799333572387695,25.01659393310547
run_1779922497_1b429ac0,1779923906.2483404,1.0,250.0,2.0,0.09392404556274414,0.0,-6.3943352699279785,-10.348871231079102,-9.392404556274414,-0.04138929769396782,-0.9150776863098145,0.008821726334872437,0.09392404556274414,25.01659393310547
run_1779922497_1b429ac0,1779923908.240721,1.0,250.0,2.0,0.04982709884643555,0.0,-6.443944454193115,-5.485584259033203,-4.982709884643555,-0.10947303473949432,-0.39340144395828247,0.0024827397794524586,0.04982709884643555,25.01659393310547
run_1779922497_1b429ac0,1779923910.2482724,1.0,250.0,2.0,0.005744457244873047,0.0,-6.493537425994873,-0.6413182020187378,-0.5744457244873047,-0.12817510962486267,0.061302609741687775,3.2998789038174436e-05,0.005744457244873047,25.01659393310547
run_1779922497_1b429ac0,1779923912.2409258,1.0,250.0,2.0,-0.08241701126098633,0.0,-6.592719078063965,9.117250442504883,8.241701126098633,-0.014895061030983925,0.8904448747634888,0.006792563745193547,0.08241701126098633,25.01659393310547
run_1779922497_1b429ac0,1779923914.2473152,1.0,250.0,2.0,-0.08241701126098633,0.0,-6.592719078063965,9.111452102661133,8.241701126098633,0.0642450675368309,0.8055059313774109,0.006792563745193547,0.08241701126098633,25.01659393310547
run_1779922497_1b429ac0,1779923916.25422,1.0,250.0,2.0,-0.170562744140625,0.0,-6.691883087158203,18.792272567749023,17.0562744140625,0.17248453199863434,1.563515305519104,0.029091649688780308,0.170562744140625,25.01659393310547
run_1779922497_1b429ac0,1779923918.247089,1.0,250.0,2.0,-0.21464109420776367,0.0,-6.741471290588379,23.62571144104004,21.464109420776367,0.33009248971939087,1.8315095901489258,0.04607079932270608,0.21464109420776367,25.01659393310547
run_1779922497_1b429ac0,1779923920.2434156,1.0,250.0,2.0,-0.25869035720825195,0.0,-6.791026592254639,28.46335792541504,25.869035720825195,0.5370445847511292,2.057279348373413,0.066920700912533,0.25869035720825195,25.01659393310547
run_1779922497_1b429ac0,1779923922.2543535,1.0,250.0,2.0,-0.3027677536010742,0.0,-6.84061336517334,33.320091247558594,30.276775360107422,0.7651541829109192,2.278164863586426,0.09166831262064079,0.3027677536010742,25.01659393310547
run_1779922497_1b429ac0,1779923924.247328,1.0,250.0,2.0,-0.3468303680419922,0.0,-6.89018440246582,38.19235610961914,34.68303680419922,1.0144188404083252,2.494901418685913,0.12029130419614376,0.3468303680419922,25.01659393310547
run_1779922497_1b429ac0,1779923926.240531,1.0,250.0,2.0,-0.3468303680419922,0.0,-6.89018440246582,38.231834411621094,34.68303680419922,1.2918840646743774,2.2569141387939453,0.12029130419614376,0.3468303680419922,25.01659393310547
run_1779922497_1b429ac0,1779923928.2529018,1.0,250.0,2.0,-0.3468303680419922,0.0,-6.89018440246582,38.29401397705078,34.68303680419922,1.5693492889404297,2.041628837585449,0.12029130419614376,0.3468303680419922,25.01659393310547
run_1779922497_1b429ac0,1779923930.248048,1.0,250.0,2.0,-0.3468303680419922,0.0,-6.89018440246582,38.376731872558594,34.68303680419922,1.8468127250671387,1.8468793630599976,0.12029130419614376,0.3468303680419922,25.01659393310547
run_1779922497_1b429ac0,1779923932.2401073,1.0,250.0,2.0,-0.3027677536010742,0.0,-6.84061336517334,33.63065719604492,30.276775360107422,2.1172263622283936,1.2366572618484497,0.09166831262064079,0.3027677536010742,25.01659393310547
run_1779922497_1b429ac0,1779923934.2527628,1.0,250.0,2.0,-0.25869035720825195,0.0,-6.791026592254639,28.908884048461914,25.869035720825195,2.338282823562622,0.7015652656555176,0.066920700912533,0.25869035720825195,25.01659393310547
run_1779922497_1b429ac0,1779923936.2405453,1.0,250.0,2.0,-0.170562744140625,0.0,-6.691883087158203,19.35392951965332,17.0562744140625,2.5311336517333984,-0.23347879946231842,0.029091649688780308,0.170562744140625,25.01659393310547
run_1779922497_1b429ac0,1779923938.2484026,1.0,250.0,2.0,-0.12648344039916992,0.0,-6.642293930053711,14.66641616821289,12.648344039916992,2.646425247192383,-0.628353476524353,0.01599806069521037,0.12648344039916992,25.01659393310547
run_1779922497_1b429ac0,1779923940.2419174,1.0,250.0,2.0,-0.038336753845214844,0.0,-6.543128967285156,5.134648323059082,3.8336753845214844,2.7123570442199707,-1.4113843441009521,0.001469706695388595,0.038336753845214844,25.01659393310547
run_1779922497_1b429ac0,1779923942.2527852,1.0,250.0,2.0,0.005744457244873047,0.0,-6.493537425994873,0.44798070192337036,-0.5744457244873047,2.716343879699707,-1.6939173936843872,3.2998789038174436e-05,0.005744457244873047,25.01659393310547
run_1779922497_1b429ac0,1779923944.2491615,1.0,250.0,2.0,0.09392404556274414,0.0,-6.3943352699279785,-9.171393394470215,-9.392404556274414,2.5966315269470215,-2.375620126724243,0.008821726334872437,0.09392404556274414,25.01659393310547
run_1779922497_1b429ac0,1779923946.2518241,1.0,250.0,2.0,0.09392404556274414,0.0,-6.3943352699279785,-9.170428276062012,-9.392404556274414,2.3709871768951416,-2.149010419845581,0.008821726334872437,0.09392404556274414,25.01659393310547
run_1779922497_1b429ac0,1779923948.242341,1.0,250.0,2.0,0.18207740783691406,0.0,-6.295163154602051,-18.95532989501953,-18.207740783691406,2.0394630432128906,-2.7870514392852783,0.033152182444609934,0.18207740783691406,25.01659393310547
run_1779922497_1b429ac0,1779923950.2479246,1.0,250.0,2.0,0.18207740783691406,0.0,-6.295163154602051,-19.12689781188965,-18.207740783691406,1.6020394563674927,-2.5211963653564453,0.033152182444609934,0.18207740783691406,25.01659393310547
run_1779922497_1b429ac0,1779923952.2534058,1.0,250.0,2.0,0.18207740783691406,0.0,-6.295163154602051,-19.32382583618164,-18.207740783691406,1.1646158695220947,-2.28070068359375,0.033152182444609934,0.18207740783691406,25.01659393310547
run_1779922497_1b429ac0,1779923954.246867,1.0,250.0,2.0,0.18207740783691406,0.0,-6.295163154602051,-19.5436954498291,-18.207740783691406,0.7271922826766968,-2.0631461143493652,0.033152182444609934,0.18207740783691406,25.01659393310547
run_1779922497_1b429ac0,1779923956.2541194,1.0,250.0,2.0,0.09392404556274414,0.0,-6.3943352699279785,-10.02005386352539,-9.392404556274414,0.3956696093082428,-1.023319125175476,0.008821726334872437,0.09392404556274414,25.01659393310547
run_1779922497_1b429ac0,1779923958.246632,1.0,250.0,2.0,0.09392404556274414,0.0,-6.3943352699279785,-10.148083686828613,-9.392404556274414,0.17002640664577484,-0.9257053136825562,0.008821726334872437,0.09392404556274414,25.01659393310547
run_1779922497_1b429ac0,1779923960.2418125,1.0,250.0,2.0,0.005744457244873047,0.0,-6.493537425994873,-0.5182578563690186,-0.5744457244873047,0.05031478404998779,0.005873080343008041,3.2998789038174436e-05,0.005744457244873047,25.01659393310547
run_1779922497_1b429ac0,1779923962.2543232,1.0,250.0,2.0,-0.038336753845214844,0.0,-6.543128967285156,4.318902969360352,3.8336753845214844,0.05430223420262337,0.4309256672859192,0.001469706695388595,0.038336753845214844,25.01659393310547
run_1779922497_1b429ac0,1779923964.244977,1.0,250.0,2.0,-0.08241701126098633,0.0,-6.592719078063965,9.157768249511719,8.241701126098633,0.09202445298433304,0.8240431547164917,0.006792563745193547,0.08241701126098633,25.01659393310547
run_1779922497_1b429ac0,1779923966.2532556,1.0,250.0,2.0,-0.12648344039916992,0.0,-6.642293930053711,13.991311073303223,12.648344039916992,0.17205937206745148,1.1709080934524536,0.01599806069521037,0.12648344039916992,25.01659393310547
run_1779922497_1b429ac0,1779923968.2453992,1.0,250.0,2.0,-0.170562744140625,0.0,-6.691883087158203,18.82581329345703,17.0562744140625,0.3014570474624634,1.4680814743041992,0.029091649688780308,0.170562744140625,25.01659393310547
run_1779922497_1b429ac0,1779923970.2419083,1.0,250.0,2.0,-0.21464109420776367,0.0,-6.741471290588379,23.669748306274414,21.464109420776367,0.4520123302936554,1.7536271810531616,0.04607079932270608,0.21464109420776367,25.01659393310547
run_1779922497_1b429ac0,1779923972.2487137,1.0,250.0,2.0,-0.3027677536010742,0.0,-6.84061336517334,33.36487579345703,30.276775360107422,0.658968985080719,2.429131269454956,0.09166831262064079,0.3027677536010742,25.01659393310547
run_1779922497_1b429ac0,1779923974.2548513,1.0,250.0,2.0,-0.3468303680419922,0.0,-6.89018440246582,38.221168518066406,34.68303680419922,0.9152837991714478,2.622850179672241,0.12029130419614376,0.3468303680419922,25.01659393310547
run_1779922497_1b429ac0,1779923976.2421308,1.0,250.0,2.0,-0.39092063903808594,0.0,-6.939785957336426,43.098846435546875,39.092063903808594,1.1998032331466675,2.8069798946380615,0.15281894602594548,0.39092063903808594,25.01659393310547
run_1779922497_1b429ac0,1779923978.2436624,1.0,250.0,2.0,-0.39092063903808594,0.0,-6.939785957336426,43.14382553100586,39.092063903808594,1.5125395059585571,2.5392239093780518,0.15281894602594548,0.39092063903808594,25.01659393310547
run_1779922497_1b429ac0,1779923980.2546334,1.0,250.0,2.0,-0.39092063903808594,0.0,-6.939785957336426,43.21434783935547,39.092063903808594,1.825277328491211,2.297008752822876,0.15281894602594548,0.39092063903808594,25.01659393310547
run_1779922497_1b429ac0,1779923982.2403054,1.0,250.0,2.0,-0.3468303680419922,0.0,-6.89018440246582,38.45914077758789,34.68303680419922,2.1239054203033447,1.652198314666748,0.12029130419614376,0.3468303680419922,25.01659393310547
run_1779922497_1b429ac0,1779923984.2524393,1.0,250.0,2.0,-0.3468303680419922,0.0,-6.89018440246582,38.579002380371094,34.68303680419922,2.4013688564300537,1.4945958852767944,0.12029130419614376,0.3468303680419922,25.01659393310547
run_1779922497_1b429ac0,1779923986.2412236,1.0,250.0,2.0,-0.25869035720825195,0.0,-6.791026592254639,29.02436637878418,25.869035720825195,2.6294779777526855,0.52585369348526,0.066920700912533,0.25869035720825195,25.01659393310547
run_1779922497_1b429ac0,1779923988.2498279,1.0,250.0,2.0,-0.21464109420776367,0.0,-6.741471290588379,24.339454650878906,21.464109420776367,2.808239221572876,0.06710587441921234,0.04607079932270608,0.21464109420776367,25.01659393310547
run_1779922497_1b429ac0,1779923990.2546332,1.0,250.0,2.0,-0.12648344039916992,0.0,-6.642293930053711,14.8132963180542,12.648344039916992,2.9305837154388428,-0.7656304240226746,0.01599806069521037,0.12648344039916992,25.01659393310547
run_1779922497_1b429ac0,1779923992.2483716,1.0,250.0,2.0,-0.08241701126098633,0.0,-6.592719078063965,10.143925666809082,8.241701126098633,3.003567934036255,-1.1013433933258057,0.006792563745193547,0.08241701126098633,25.01659393310547
run_1779922497_1b429ac0,1779923994.2548363,1.0,250.0,2.0,0.04982709884643555,0.0,-6.443944454193115,-4.256905555725098,-4.982709884643555,2.974088191986084,-2.248284339904785,0.0024827397794524586,0.04982709884643555,25.01659393310547
run_1779922497_1b429ac0,1779923996.2473752,1.0,250.0,2.0,0.09392404556274414,0.0,-6.3943352699279785,-9.065624237060547,-9.392404556274414,2.7696316242218018,-2.4428515434265137,0.008821726334872437,0.09392404556274414,25.01659393310547
run_1779922497_1b429ac0,1779923998.2404501,1.0,250.0,2.0,0.18207740783691406,0.0,-6.295163154602051,-18.848115921020508,-18.207740783691406,2.395751953125,-3.036128282546997,0.033152182444609934,0.18207740783691406,25.01659393310547
run_1779922497_1b429ac0,1779924000.2485943,1.0,250.0,2.0,0.18207740783691406,0.0,-6.295163154602051,-18.995925903320312,-18.207740783691406,1.9583282470703125,-2.746513843536377,0.033152182444609934,0.18207740783691406,25.01659393310547
run_1779922497_1b429ac0,1779924002.2443712,1.0,250.0,2.0,0.22616147994995117,0.0,-6.24556827545166,-24.086467742919922,-22.616147994995117,1.4149978160858154,-2.8853182792663574,0.051149015013152166,0.22616147994995117,25.01659393310547
run_1779922497_1b429ac0,1779924004.252058,1.0,250.0,2.0,0.22616147994995117,0.0,-6.24556827545166,-24.354570388793945,-22.616147994995117,0.8716661334037781,-2.610089063644409,0.051149015013152166,0.22616147994995117,25.01659393310547
run_1779922497_1b429ac0,1779924006.245915,1.0,250.0,2.0,0.22616147994995117,0.0,-6.24556827545166,-24.648927688598633,-22.616147994995117,0.3283352255821228,-2.361114025115967,0.051149015013152166,0.22616147994995117,25.01659393310547
run_1779922497_1b429ac0,1779924008.240469,1.0,250.0,2.0,0.18207740783691406,0.0,-6.295163154602051,-19.990360260009766,-18.207740783691406,-0.06392265111207962,-1.7186976671218872,0.033152182444609934,0.18207740783691406,25.01659393310547
run_1779922497_1b429ac0,1779924010.251276,1.0,250.0,2.0,0.13799333572387695,0.0,-6.344757556915283,-15.123923301696777,-13.799333572387695,-0.195477694272995,-1.1291117668151855,0.019042160704202615,0.13799333572387695,25.01659393310547
run_1779922497_1b429ac0,1779924012.251694,1.0,250.0,2.0,0.09392404556274414,0.0,-6.3943352699279785,-10.281478881835938,-9.392404556274414,-0.2847190797328949,-0.6043550372123718,0.008821726334872437,0.09392404556274414,25.01659393310547
run_1779922497_1b429ac0,1779924014.2485323,1.0,250.0,2.0,0.04982709884643555,0.0,-6.443944454193115,-5.453086853027344,-4.982709884643555,-0.3245806097984314,-0.14579612016677856,0.0024827397794524586,0.04982709884643555,25.01659393310547
run_1779922497_1b429ac0,1779924016.2428236,1.0,250.0,2.0,0.005744457244873047,0.0,-6.493537425994873,-0.6324394345283508,-0.5744457244873047,-0.3432825803756714,0.28528892993927,3.2998789038174436e-05,0.005744457244873047,25.01659393310547
run_1779922497_1b429ac0,1779924018.2441115,1.0,250.0,2.0,-0.038336753845214844,0.0,-6.543128967285156,4.241335391998291,3.8336753845214844,-0.2511822283267975,0.6588422060012817,0.001469706695388595,0.038336753845214844,25.01659393310547
run_1779922497_1b429ac0,1779924020.2486498,1.0,250.0,2.0,-0.08241701126098633,0.0,-6.592719078063965,9.159309387207031,8.241701126098633,-0.09554286301136017,1.0131508111953735,0.006792563745193547,0.08241701126098633,25.01659393310547
run_1779922497_1b429ac0,1779924022.2472126,1.0,250.0,2.0,-0.170562744140625,0.0,-6.691883087158203,18.883398056030273,17.0562744140625,0.10923486202955246,1.7178887128829956,0.029091649688780308,0.170562744140625,25.01659393310547
run_1779922497_1b429ac0,1779924024.2537332,1.0,250.0,2.0,-0.25869035720825195,0.0,-6.791026592254639,28.545040130615234,25.869035720825195,0.2879863679409027,2.388019323348999,0.066920700912533,0.25869035720825195,25.01659393310547
run_1779922497_1b429ac0,1779924026.2477114,1.0,250.0,2.0,-0.3027677536010742,0.0,-6.84061336517334,33.36793899536133,30.276775360107422,0.5302008390426636,2.560959815979004,0.09166831262064079,0.3027677536010742,25.01659393310547
run_1779922497_1b429ac0,1779924028.2448843,1.0,250.0,2.0,-0.3468303680419922,0.0,-6.89018440246582,38.210262298583984,34.68303680419922,0.7935652732849121,2.733659267425537,0.12029130419614376,0.3468303680419922,25.01659393310547
run_1779922497_1b429ac0,1779924030.2437081,1.0,250.0,2.0,-0.39092063903808594,0.0,-6.939785957336426,43.07210922241211,39.092063903808594,1.1063015460968018,2.873746633529663,0.15281894602594548,0.39092063903808594,25.01659393310547
run_1779922497_1b429ac0,1779924032.2506652,1.0,250.0,2.0,-0.4349956512451172,0.0,-6.989370346069336,47.956485748291016,43.49956512451172,1.4401936531066895,3.0167269706726074,0.18922121660216362,0.4349956512451172,25.01659393310547
run_1779922497_1b429ac0,1779924034.2431314,1.0,250.0,2.0,-0.4349956512451172,0.0,-6.989370346069336,48.016719818115234,43.49956512451172,1.7881909608840942,2.7289633750915527,0.18922121660216362,0.4349956512451172,25.01659393310547
run_1779922497_1b429ac0,1779924036.2538774,1.0,250.0,2.0,-0.39092063903808594,0.0,-6.939785957336426,43.25864028930664,39.092063903808594,2.115032911300659,2.051543712615967,0.15281894602594548,0.39092063903808594,25.01659393310547
run_1779922497_1b429ac0,1779924038.2445874,1.0,250.0,2.0,-0.3468303680419922,0.0,-6.89018440246582,38.5252799987793,34.68303680419922,2.4207162857055664,1.4215267896652222,0.12029130419614376,0.3468303680419922,25.01659393310547
run_1779922497_1b429ac0,1779924040.241493,1.0,250.0,2.0,-0.3027677536010742,0.0,-6.84061336517334,33.82274627685547,30.276775360107422,2.677030324935913,0.868939995765686,0.09166831262064079,0.3027677536010742,25.01659393310547
run_1779922497_1b429ac0,1779924042.2482357,1.0,250.0,2.0,-0.21464109420776367,0.0,-6.741471290588379,24.29244613647461,21.464109420776367,2.8769338130950928,-0.048597559332847595,0.04607079932270608,0.21464109420776367,25.01659393310547
run_1779922497_1b429ac0,1779924044.2416878,1.0,250.0,2.0,-0.12648344039916992,0.0,-6.642293930053711,14.7764310836792,12.648344039916992,3.006330966949463,-0.8782451152801514,0.01599806069521037,0.12648344039916992,25.01659393310547
run_1779922497_1b429ac0,1779924046.252924,1.0,250.0,2.0,0.005744457244873047,0.0,-6.493537425994873,0.4183141589164734,-0.5744457244873047,3.0563178062438965,-2.0635578632354736,3.2998789038174436e-05,0.005744457244873047,25.01659393310547
run_1779922497_1b429ac0,1779924048.2458088,1.0,250.0,2.0,0.04982709884643555,0.0,-6.443944454193115,-4.2876296043396,-4.982709884643555,2.9789741039276123,-2.2838938236236572,0.0024827397794524586,0.04982709884643555,25.01659393310547
run_1779922497_1b429ac0,1779924050.2510922,1.0,250.0,2.0,0.13799333572387695,0.0,-6.344757556915283,-13.96823787689209,-13.799333572387695,2.7321548461914062,-2.901059627532959,0.019042160704202615,0.13799333572387695,25.01659393310547
run_1779922497_1b429ac0,1779924052.2457857,1.0,250.0,2.0,0.18207740783691406,0.0,-6.295163154602051,-18.912166595458984,-18.207740783691406,2.3370938301086426,-3.0415198802948,0.033152182444609934,0.18207740783691406,25.01659393310547
run_1779922497_1b429ac0,1779924054.2408216,1.0,250.0,2.0,0.2702336311340332,0.0,-6.195987224578857,-28.83710289001465,-27.02336311340332,1.7725878953933716,-3.586327314376831,0.07302621539588472,0.2702336311340332,25.01659393310547
run_1779922497_1b429ac0,1779924056.2511516,1.0,250.0,2.0,0.2702336311340332,0.0,-6.195987224578857,-29.144214630126953,-27.02336311340332,1.1233779191970825,-3.244230270385742,0.07302621539588472,0.2702336311340332,25.01659393310547
run_1779922497_1b429ac0,1779924058.2432575,1.0,250.0,2.0,0.2702336311340332,0.0,-6.195987224578857,-29.483963012695312,-27.02336311340332,0.4741677939891815,-2.934765100479126,0.07302621539588472,0.2702336311340332,25.01659393310547
run_1779922497_1b429ac0,1779924060.241341,1.0,250.0,2.0,0.2702336311340332,0.0,-6.195987224578857,-29.744970321655273,-27.02336311340332,-0.06678645312786102,-2.6548194885253906,0.07302621539588472,0.2702336311340332,25.01659393310547
run_1779922497_1b429ac0,1779924062.2548363,1.0,250.0,2.0,0.22616147994995117,0.0,-6.24556827545166,-24.863693237304688,-22.616147994995117,-0.25476711988449097,-1.9927785396575928,0.051149015013152166,0.22616147994995117,25.01659393310547
run_1779922497_1b429ac0,1779924064.2501204,1.0,250.0,2.0,0.18207740783691406,0.0,-6.295163154602051,-20.00777244567871,-18.207740783691406,-0.41453588008880615,-1.3854968547821045,0.033152182444609934,0.18207740783691406,25.01659393310547
run_1779922497_1b429ac0,1779924066.2416759,1.0,250.0,2.0,0.13799333572387695,0.0,-6.344757556915283,-15.175742149353027,-13.799333572387695,-0.5319836735725403,-0.8444253206253052,0.019042160704202615,0.13799333572387695,25.01659393310547
run_1779922497_1b429ac0,1779924068.251145,1.0,250.0,2.0,0.09392404556274414,0.0,-6.3943352699279785,-10.360453605651855,-9.392404556274414,-0.6212248206138611,-0.34682461619377136,0.008821726334872437,0.09392404556274414,25.01659393310547
run_1779922497_1b429ac0,1779924070.2420352,1.0,250.0,2.0,0.005744457244873047,0.0,-6.493537425994873,-0.7059996724128723,-0.5744457244873047,-0.6610886454582214,0.529534637928009,3.2998789038174436e-05,0.005744457244873047,25.01659393310547
run_1779922497_1b429ac0,1779924072.2505162,1.0,250.0,2.0,-0.038336753845214844,0.0,-6.543128967285156,4.122195720672607,3.8336753845214844,-0.6076664924621582,0.8961866497993469,0.001469706695388595,0.038336753845214844,25.01659393310547
run_1779922497_1b429ac0,1779924074.2453785,1.0,250.0,2.0,-0.170562744140625,0.0,-6.691883087158203,18.793832778930664,17.0562744140625,-0.3249756097793579,2.0625340938568115,0.029091649688780308,0.170562744140625,25.01659393310547
run_1779922497_1b429ac0,1779924076.249216,1.0,250.0,2.0,-0.21464109420776367,0.0,-6.741471290588379,23.80937385559082,21.464109420776367,0.0623357780277729,2.2829275131225586,0.04607079932270608,0.21464109420776367,25.01659393310547
run_1779922497_1b429ac0,1779924078.2447176,1.0,250.0,2.0,-0.3027677536010742,0.0,-6.84061336517334,33.45401382446289,30.276775360107422,0.26929256319999695,2.907942295074463,0.09166831262064079,0.3027677536010742,25.01659393310547
run_1779922497_1b429ac0,1779924080.2506368,1.0,250.0,2.0,-0.3468303680419922,0.0,-6.89018440246582,38.26323699951172,34.68303680419922,0.5326567888259888,3.047543525695801,0.12029130419614376,0.3468303680419922,25.01659393310547
run_1779922497_1b429ac0,1779924082.2454445,1.0,250.0,2.0,-0.4349956512451172,0.0,-6.989370346069336,47.9449348449707,43.49956512451172,0.8453906774520874,3.5999786853790283,0.18922121660216362,0.4349956512451172,25.01659393310547
run_1779922497_1b429ac0,1779924084.2506332,1.0,250.0,2.0,-0.4349956512451172,0.0,-6.989370346069336,47.949527740478516,43.49956512451172,1.1933867931365967,3.2565786838531494,0.18922121660216362,0.4349956512451172,25.01659393310547
run_1779922497_1b429ac0,1779924086.2450979,1.0,250.0,2.0,-0.47905588150024414,0.0,-7.038938045501709,52.833980560302734,47.90558624267578,1.54843270778656,3.3799614906311035,0.22949453759997596,0.47905588150024414,25.01659393310547
run_1779922497_1b429ac0,1779924088.2534184,1.0,250.0,2.0,-0.4349956512451172,0.0,-6.989370346069336,48.049278259277344,43.49956512451172,1.9175777435302734,2.632138967514038,0.18922121660216362,0.4349956512451172,25.01659393310547
run_1779922497_1b429ac0,1779924090.2461128,1.0,250.0,2.0,-0.39092063903808594,0.0,-6.939785957336426,43.2974739074707,39.092063903808594,2.25852370262146,1.9468889236450195,0.15281894602594548,0.39092063903808594,25.01659393310547
run_1779922497_1b429ac0,1779924092.2530277,1.0,250.0,2.0,-0.3468303680419922,0.0,-6.89018440246582,38.57566452026367,34.68303680419922,2.557152032852173,1.3354761600494385,0.12029130419614376,0.3468303680419922,25.01659393310547
run_1779922497_1b429ac0,1779924094.249512,1.0,250.0,2.0,-0.25869035720825195,0.0,-6.791026592254639,29.029390335083008,25.869035720825195,2.8205127716064453,0.339841365814209,0.066920700912533,0.25869035720825195,25.01659393310547
run_1779922497_1b429ac0,1779924096.2556279,1.0,250.0,2.0,-0.21464109420776367,0.0,-6.741471290588379,24.35959815979004,21.464109420776367,3.013368844985962,-0.1178801879286766,0.04607079932270608,0.21464109420776367,25.01659393310547
run_1779922497_1b429ac0,1779924098.2542791,1.0,250.0,2.0,-0.08241701126098633,0.0,-6.592719078063965,10.004865646362305,8.241701126098633,3.121610164642334,-1.3584448099136353,0.006792563745193547,0.08241701126098633,25.01659393310547
run_1779922497_1b429ac0,1779924100.2500834,1.0,250.0,2.0,0.005744457244873047,0.0,-6.493537425994873,0.5011234283447266,-0.5744457244873047,3.155649185180664,-2.080080032348633,3.2998789038174436e-05,0.005744457244873047,25.01659393310547
run_1779922497_1b429ac0,1779924102.247451,1.0,250.0,2.0,0.13799333572387695,0.0,-6.344757556915283,-13.981837272644043,-13.799333572387695,2.951199531555176,-3.1337034702301025,0.019042160704202615,0.13799333572387695,25.01659393310547
run_1779922497_1b429ac0,1779924104.255101,1.0,250.0,2.0,0.18207740783691406,0.0,-6.295163154602051,-18.89084243774414,-18.207740783691406,2.577319622039795,-3.2604217529296875,0.033152182444609934,0.18207740783691406,25.01659393310547
run_1779922497_1b429ac0,1779924106.2548575,1.0,250.0,2.0,0.2702336311340332,0.0,-6.195987224578857,-28.78183364868164,-27.02336311340332,2.0339951515197754,-3.7924654483795166,0.07302621539588472,0.2702336311340332,25.01659393310547
run_1779922497_1b429ac0,1779924108.2481482,1.0,250.0,2.0,0.3143186569213867,0.0,-6.14639139175415,-33.94580078125,-31.431865692138672,1.342421054840088,-3.856354236602783,0.09879621808886441,0.3143186569213867,25.01659393310547
run_1779922497_1b429ac0,1779924110.2429564,1.0,250.0,2.0,0.3143186569213867,0.0,-6.14639139175415,-34.33306121826172,-31.431865692138672,0.5873009562492371,-3.4884989261627197,0.09879621808886441,0.3143186569213867,25.01659393310547
run_1779922497_1b429ac0,1779924112.2413838,1.0,250.0,2.0,0.3143186569213867,0.0,-6.14639139175415,-34.65468215942383,-31.431865692138672,-0.06708601117134094,-3.1557328701019287,0.09879621808886441,0.3143186569213867,25.01659393310547
run_1779922497_1b429ac0,1779924114.2503445,1.0,250.0,2.0,0.3143186569213867,0.0,-6.14639139175415,-34.6051139831543,-31.431865692138672,-0.31854090094566345,-2.8547093868255615,0.09879621808886441,0.3143186569213867,25.01659393310547
run_1779922497_1b429ac0,1779924116.2457206,1.0,250.0,2.0,0.2702336311340332,0.0,-6.195987224578857,-29.739688873291016,-27.02336311340332,-0.5347278714179993,-2.1815989017486572,0.07302621539588472,0.2702336311340332,25.01659393310547
run_1779922497_1b429ac0,1779924118.241177,1.0,250.0,2.0,0.22616147994995117,0.0,-6.24556827545166,-24.903553009033203,-22.616147994995117,-0.7227084040641785,-1.5646984577178955,0.051149015013152166,0.22616147994995117,25.01659393310547
run_1779922497_1b429ac0,1779924120.2527962,1.0,250.0,2.0,0.18207740783691406,0.0,-6.295163154602051,-20.087074279785156,-18.207740783691406,-0.8895310759544373,-0.9898023009300232,0.033152182444609934,0.18207740783691406,25.01659393310547
run_1779922497_1b429ac0,1779924122.2472944,1.0,250.0,2.0,0.09392404556274414,0.0,-6.3943352699279785,-10.448882102966309,-9.392404556274414,-0.9787748456001282,-0.0777030736207962,0.008821726334872437,0.09392404556274414,25.01659393310547
run_1779922497_1b429ac0,1779924124.241034,1.0,250.0,2.0,0.005744457244873047,0.0,-6.493537425994873,-0.8227308392524719,-0.5744457244873047,-1.004530429840088,0.7562453746795654,3.2998789038174436e-05,0.005744457244873047,25.01659393310547
run_1779922497_1b429ac0,1779924126.2471366,1.0,250.0,2.0,-0.038336753845214844,0.0,-6.543128967285156,3.99489688873291,3.8336753845214844,-0.9317691326141357,1.0929908752441406,0.001469706695388595,0.038336753845214844,25.01659393310547
run_1779922497_1b429ac0,1779924128.2525833,1.0,250.0,2.0,-0.170562744140625,0.0,-6.691883087158203,18.647762298583984,17.0562744140625,-0.6490654945373535,2.240553617477417,0.029091649688780308,0.170562744140625,25.01659393310547
run_1779922497_1b429ac0,1779924130.2454498,1.0,250.0,2.0,-0.21464109420776367,0.0,-6.741471290588379,23.74520492553711,21.464109420776367,-0.15458986163139343,2.435685396194458,0.04607079932270608,0.21464109420776367,25.01659393310547
run_1779922497_1b429ac0,1779924132.2419887,1.0,250.0,2.0,-0.3027677536010742,0.0,-6.84061336517334,33.47627639770508,30.276775360107422,0.1700986921787262,3.0293993949890137,0.09166831262064079,0.3027677536010742,25.01659393310547
run_1779922497_1b429ac0,1779924134.2494705,1.0,250.0,2.0,-0.3468303680419922,0.0,-6.89018440246582,38.27268600463867,34.68303680419922,0.4405129551887512,3.149137258529663,0.12029130419614376,0.3468303680419922,25.01659393310547
run_1779922497_1b429ac0,1779924136.2540975,1.0,250.0,2.0,-0.4349956512451172,0.0,-6.989370346069336,47.938377380371094,43.49956512451172,0.7885091304779053,3.6503024101257324,0.18922121660216362,0.4349956512451172,25.01659393310547
run_1779922497_1b429ac0,1779924138.2484326,1.0,250.0,2.0,-0.47905588150024414,0.0,-7.038938045501709,52.78108215332031,47.90558624267578,1.1647042036056519,3.7107906341552734,0.22949453759997596,0.47905588150024414,25.01659393310547
run_1779922497_1b429ac0,1779924140.2533817,1.0,250.0,2.0,-0.47905588150024414,0.0,-7.038938045501709,52.810359954833984,47.90558624267578,1.5479490756988525,3.3568203449249268,0.22949453759997596,0.47905588150024414,25.01659393310547
run_1779922497_1b429ac0,1779924142.2444777,1.0,250.0,2.0,-0.47905588150024414,0.0,-7.038938045501709,52.87339782714844,47.90558624267578,1.9311919212341309,3.0366153717041016,0.22949453759997596,0.47905588150024414,25.01659393310547
run_1779922497_1b429ac0,1779924144.247001,1.0,250.0,2.0,-0.4349956512451172,0.0,-6.989370346069336,48.12144470214844,43.49956512451172,2.3003368377685547,2.3215441703796387,0.18922121660216362,0.4349956512451172,25.01659393310547
run_1779922497_1b429ac0,1779924146.2491913,1.0,250.0,2.0,-0.39092063903808594,0.0,-6.939785957336426,43.40222930908203,39.092063903808594,2.6271791458129883,1.6829878091812134,0.15281894602594548,0.39092063903808594,25.01659393310547
run_1779922497_1b429ac0,1779924148.241505,1.0,250.0,2.0,-0.3027677536010742,0.0,-6.84061336517334,33.86348342895508,30.276775360107422,2.890542984008789,0.6961661577224731,0.09166831262064079,0.3027677536010742,25.01659393310547
run_1779922497_1b429ac0,1779924150.252205,1.0,250.0,2.0,-0.21464109420776367,0.0,-6.741471290588379,24.35033416748047,21.464109420776367,3.090456962585449,-0.2042306810617447,0.04607079932270608,0.21464109420776367,25.01659393310547
run_1779922497_1b429ac0,1779924152.2481074,1.0,250.0,2.0,-0.08241701126098633,0.0,-6.592719078063965,10.00384521484375,8.241701126098633,3.1986989974975586,-1.4365544319152832,0.006792563745193547,0.08241701126098633,25.01659393310547
run_1779922497_1b429ac0,1779924154.252328,1.0,250.0,2.0,0.005744457244873047,0.0,-6.493537425994873,0.5085039734840393,-0.5744457244873047,3.216791868209839,-2.1338422298431396,3.2998789038174436e-05,0.005744457244873047,25.01659393310547
run_1779922497_1b429ac0,1779924156.2411559,1.0,250.0,2.0,0.13799333572387695,0.0,-6.344757556915283,-14.008016586303711,-13.799333572387695,2.9487996101379395,-3.1574833393096924,0.019042160704202615,0.13799333572387695,25.01659393310547
run_1779922497_1b429ac0,1779924158.24848,1.0,250.0,2.0,0.22616147994995117,0.0,-6.24556827545166,-23.81662940979004,-22.616147994995117,2.490194797515869,-3.690675973892212,0.051149015013152166,0.22616147994995117,25.01659393310547
run_1779922497_1b429ac0,1779924160.2427175,1.0,250.0,2.0,0.3143186569213867,0.0,-6.14639139175415,-33.79820251464844,-31.431865692138672,1.7986208200454712,-4.164958477020264,0.09879621808886441,0.3143186569213867,25.01659393310547
run_1779922497_1b429ac0,1779924162.2474642,1.0,250.0,2.0,0.35839080810546875,0.0,-6.096810340881348,-39.04384994506836,-35.839080810546875,0.9799737334251404,-4.184743881225586,0.12844397133449093,0.35839080810546875,25.01659393310547
run_1779922497_1b429ac0,1779924164.255594,1.0,250.0,2.0,0.35839080810546875,0.0,-6.096810340881348,-39.505672454833984,-35.839080810546875,0.11897476017475128,-3.7855639457702637,0.12844397133449093,0.35839080810546875,25.01659393310547
run_1779922497_1b429ac0,1779924166.2474413,1.0,250.0,2.0,0.35839080810546875,0.0,-6.096810340881348,-39.51742172241211,-35.839080810546875,-0.25388088822364807,-3.4244611263275146,0.12844397133449093,0.35839080810546875,25.01659393310547
run_1779922497_1b429ac0,1779924168.2405376,1.0,250.0,2.0,0.35839080810546875,0.0,-6.096810340881348,-39.47747802734375,-35.839080810546875,-0.5405933856964111,-3.0978035926818848,0.12844397133449093,0.35839080810546875,25.01659393310547
run_1779922497_1b429ac0,1779924170.2512555,1.0,250.0,2.0,0.3143186569213867,0.0,-6.14639139175415,-34.62324905395508,-31.431865692138672,-0.8061514496803284,-2.385227680206299,0.09879621808886441,0.3143186569213867,25.01659393310547
run_1779922497_1b429ac0,1779924172.254978,1.0,250.0,2.0,0.2702336311340332,0.0,-6.195987224578857,-29.797348022460938,-27.02336311340332,-1.0505528450012207,-1.723432183265686,0.07302621539588472,0.2702336311340332,25.01659393310547
run_1779922497_1b429ac0,1779924174.2462068,1.0,250.0,2.0,0.22616147994995117,0.0,-6.24556827545166,-25.00368881225586,-22.616147994995117,-1.2455852031707764,-1.1419564485549927,0.051149015013152166,0.22616147994995117,25.01659393310547
run_1779922497_1b429ac0,1779924176.2523704,1.0,250.0,2.0,0.13799333572387695,0.0,-6.344757556915283,-15.381500244140625,-13.799333572387695,-1.384194254875183,-0.19797244668006897,0.019042160704202615,0.13799333572387695,25.01659393310547
run_1779922497_1b429ac0,1779924178.2439063,nan,nan,nan,0.09392404556274414,nan,-6.3943352699279785,nan,nan,nan,nan,nan,nan,25.01659393310547
