run_id,timestamp,kp,ki,kd,temp,temp_ref,temp_raw,temp_u,temp_u_p,temp_u_i,temp_u_d,sq_error,mae,start_temp
run_1777453584_f0af401c,1777454066.113059,7.0,966.0,1.0,25.59463119506836,0.0,22.293960571289062,-100.0,-100.0,0.0,-0.0440808422863483,655.0851460115664,25.59463119506836,25.59463119506836
run_1777453584_f0af401c,1777454068.1248653,7.0,966.0,1.0,25.55017852783203,0.0,22.24394989013672,-100.0,-100.0,0.0,-0.0102759422734379,652.811622804089,25.55017852783203,25.59463119506836
run_1777453584_f0af401c,1777454070.1191196,7.0,966.0,1.0,25.55017852783203,0.0,22.24394989013672,-100.0,-100.0,0.0,-0.0092957271263003,652.811622804089,25.55017852783203,25.59463119506836
run_1777453584_f0af401c,1777454072.1078744,7.0,966.0,1.0,25.55017852783203,0.0,22.24394989013672,-100.0,-100.0,0.0,-0.0084090130403637,652.811622804089,25.55017852783203,25.59463119506836
run_1777453584_f0af401c,1777454074.1145942,7.0,966.0,1.0,25.55017852783203,0.0,22.24394989013672,-100.0,-100.0,0.0,-0.0076068835332989,652.811622804089,25.55017852783203,25.59463119506836
run_1777453584_f0af401c,1777454076.1031537,7.0,966.0,1.0,25.55017852783203,0.0,22.24394989013672,-100.0,-100.0,0.0,-0.0068812668323516,652.811622804089,25.55017852783203,25.59463119506836
run_1777453584_f0af401c,1777454078.1162975,7.0,966.0,1.0,25.55017852783203,0.0,22.24394989013672,-100.0,-100.0,0.0,-0.0062248669564723,652.811622804089,25.55017852783203,25.59463119506836
run_1777453584_f0af401c,1777454080.102093,7.0,966.0,1.0,25.55017852783203,0.0,22.24394989013672,-100.0,-100.0,0.0,-0.0056310798972845,652.811622804089,25.55017852783203,25.59463119506836
run_1777453584_f0af401c,1777454082.116335,7.0,966.0,1.0,25.505664825439453,0.0,22.193872451782227,-100.0,-100.0,0.0,0.0239583831280469,650.5389381876594,25.505664825439453,25.59463119506836
run_1777453584_f0af401c,1777454084.1108592,7.0,966.0,1.0,25.505664825439453,0.0,22.193872451782227,-100.0,-100.0,0.0,0.021673010662198,650.5389381876594,25.505664825439453,25.59463119506836
run_1777453584_f0af401c,1777454086.108765,7.0,966.0,1.0,25.505664825439453,0.0,22.193872451782227,-100.0,-100.0,0.0,0.0196056365966796,650.5389381876594,25.505664825439453,25.59463119506836
run_1777453584_f0af401c,1777454088.1051898,7.0,966.0,1.0,25.505664825439453,0.0,22.193872451782227,-100.0,-100.0,0.0,0.0177354682236909,650.5389381876594,25.505664825439453,25.59463119506836
run_1777453584_f0af401c,1777454090.1150444,7.0,966.0,1.0,25.461238861083984,0.0,22.143892288208008,-100.0,-100.0,0.0,0.0450387448072433,648.2746843411733,25.461238861083984,25.59463119506836
run_1777453584_f0af401c,1777454092.109493,7.0,966.0,1.0,25.461238861083984,0.0,22.143892288208008,-100.0,-100.0,0.0,0.0407425202429294,648.2746843411733,25.461238861083984,25.59463119506836
run_1777453584_f0af401c,1777454094.121945,7.0,966.0,1.0,25.461238861083984,0.0,22.143892288208008,-100.0,-100.0,0.0,0.036856111139059,648.2746843411733,25.461238861083984,25.59463119506836
run_1777453584_f0af401c,1777454096.1014197,7.0,966.0,1.0,25.461238861083984,0.0,22.143892288208008,-100.0,-100.0,0.0,0.0333404131233692,648.2746843411733,25.461238861083984,25.59463119506836
run_1777453584_f0af401c,1777454098.106971,7.0,966.0,1.0,25.461238861083984,0.0,22.143892288208008,-100.0,-100.0,0.0,0.0301600899547338,648.2746843411733,25.461238861083984,25.59463119506836
run_1777453584_f0af401c,1777454100.1121004,7.0,966.0,1.0,25.461238861083984,0.0,22.143892288208008,-100.0,-100.0,0.0,0.0272831376641988,648.2746843411733,25.461238861083984,25.59463119506836
run_1777453584_f0af401c,1777454102.0997827,7.0,966.0,1.0,25.461238861083984,0.0,22.143892288208008,-100.0,-100.0,0.0,0.0246806126087903,648.2746843411733,25.461238861083984,25.59463119506836
run_1777453584_f0af401c,1777454104.1019275,7.0,966.0,1.0,25.416786193847656,0.0,22.093883514404297,-100.0,-100.0,0.0,0.0525258779525756,646.0130204237648,25.416786193847656,25.59463119506836
run_1777453584_f0af401c,1777454106.1021037,7.0,966.0,1.0,25.416786193847656,0.0,22.093883514404297,-100.0,-100.0,0.0,0.0475154630839824,646.0130204237648,25.416786193847656,25.59463119506836
run_1777453584_f0af401c,1777454108.104165,7.0,966.0,1.0,25.416786193847656,0.0,22.093883514404297,-100.0,-100.0,0.0,0.0429829843342304,646.0130204237648,25.416786193847656,25.59463119506836
run_1777453584_f0af401c,1777454110.1076124,7.0,966.0,1.0,25.416786193847656,0.0,22.093883514404297,-100.0,-100.0,0.0,0.0388828665018081,646.0130204237648,25.416786193847656,25.59463119506836
run_1777453584_f0af401c,1777454112.124025,7.0,966.0,1.0,25.416786193847656,0.0,22.093883514404297,-100.0,-100.0,0.0,0.0351738519966602,646.0130204237648,25.416786193847656,25.59463119506836
run_1777453584_f0af401c,1777454114.101488,7.0,966.0,1.0,25.416786193847656,0.0,22.093883514404297,-100.0,-100.0,0.0,0.0318186432123184,646.0130204237648,25.416786193847656,25.59463119506836
run_1777453584_f0af401c,1777454116.1184082,7.0,966.0,1.0,25.416786193847656,0.0,22.093883514404297,-100.0,-100.0,0.0,0.0287834852933883,646.0130204237648,25.416786193847656,25.59463119506836
run_1777453584_f0af401c,1777454118.108075,7.0,966.0,1.0,25.416786193847656,0.0,22.093883514404297,-100.0,-100.0,0.0,0.0260378438979387,646.0130204237648,25.416786193847656,25.59463119506836
run_1777453584_f0af401c,1777454120.1350193,7.0,966.0,1.0,25.416786193847656,0.0,22.093883514404297,-100.0,-100.0,0.0,0.023554103448987,646.0130204237648,25.416786193847656,25.59463119506836
run_1777453584_f0af401c,1777454122.1158926,7.0,966.0,1.0,25.416786193847656,0.0,22.093883514404297,-100.0,-100.0,0.0,0.0213072896003723,646.0130204237648,25.416786193847656,25.59463119506836
run_1777453584_f0af401c,1777454124.1253505,7.0,966.0,1.0,25.416786193847656,0.0,22.093883514404297,-100.0,-100.0,0.0,0.0192747991532087,646.0130204237648,25.416786193847656,25.59463119506836
run_1777453584_f0af401c,1777454126.0992432,7.0,966.0,1.0,25.416786193847656,0.0,22.093883514404297,-100.0,-100.0,0.0,0.0174361877143383,646.0130204237648,25.416786193847656,25.59463119506836
run_1777453584_f0af401c,1777454128.1076694,7.0,966.0,1.0,25.372303009033203,0.0,22.043842315673828,-100.0,-100.0,0.0,0.0459932275116443,643.7537599821953,25.372303009033203,25.59463119506836
run_1777453584_f0af401c,1777454130.1191206,7.0,966.0,1.0,25.416786193847656,0.0,22.093883514404297,-100.0,-100.0,0.0,0.0101492283865809,646.0130204237648,25.416786193847656,25.59463119506836
run_1777453584_f0af401c,1777454132.1185703,7.0,966.0,1.0,25.372303009033203,0.0,22.043842315673828,-100.0,-100.0,0.0,0.0394013673067092,643.7537599821953,25.372303009033203,25.59463119506836
run_1777453584_f0af401c,1777454134.1130185,7.0,966.0,1.0,25.372303009033203,0.0,22.043842315673828,-100.0,-100.0,0.0,0.0374792478978633,643.7537599821953,25.372303009033203,25.59463119506836
run_1777453584_f0af401c,1777454136.106466,7.0,966.0,1.0,25.416786193847656,0.0,22.093883514404297,-100.0,-100.0,0.0,0.0036838576197624,646.0130204237648,25.416786193847656,25.59463119506836
run_1777453584_f0af401c,1777454138.116292,7.0,966.0,1.0,25.416786193847656,0.0,22.093883514404297,-100.0,-100.0,0.0,0.0014961009146645,646.0130204237648,25.416786193847656,25.59463119506836
run_1777453584_f0af401c,1777454140.1287444,7.0,966.0,1.0,25.416786193847656,0.0,22.093883514404297,-100.0,-100.0,0.0,0.0013533890014514,646.0130204237648,25.416786193847656,25.59463119506836
run_1777453584_f0af401c,1777454142.1241927,7.0,966.0,1.0,25.416786193847656,0.0,22.093883514404297,-100.0,-100.0,0.0,0.0012242901138961,646.0130204237648,25.416786193847656,25.59463119506836
run_1777453584_f0af401c,1777454144.1526487,7.0,966.0,1.0,25.416786193847656,0.0,22.093883514404297,-100.0,-100.0,0.0,0.001107505755499,646.0130204237648,25.416786193847656,25.59463119506836
run_1777453584_f0af401c,1777454146.1641006,7.0,966.0,1.0,25.372303009033203,0.0,22.043842315673828,-100.0,-100.0,0.0,0.0306222420185804,643.7537599821953,25.372303009033203,25.59463119506836
run_1777453584_f0af401c,1777454148.1265416,7.0,966.0,1.0,25.372303009033203,0.0,22.043842315673828,-100.0,-100.0,0.0,0.0277011971920728,643.7537599821953,25.372303009033203,25.59463119506836
run_1777453584_f0af401c,1777454150.108987,7.0,966.0,1.0,25.372303009033203,0.0,22.043842315673828,-100.0,-100.0,0.0,0.0250588003545999,643.7537599821953,25.372303009033203,25.59463119506836
run_1777453584_f0af401c,1777454152.1194391,7.0,966.0,1.0,25.372303009033203,0.0,22.043842315673828,-100.0,-100.0,0.0,0.0226684547960758,643.7537599821953,25.372303009033203,25.59463119506836
run_1777453584_f0af401c,1777454154.1164012,7.0,966.0,1.0,25.416786193847656,0.0,22.093883514404297,-100.0,-100.0,0.0,-0.0109506091102957,646.0130204237648,25.416786193847656,25.59463119506836
run_1777453584_f0af401c,1777454156.1122253,7.0,966.0,1.0,25.372303009033203,0.0,22.043842315673828,-100.0,-100.0,0.0,0.0209262631833553,643.7537599821953,25.372303009033203,25.59463119506836
run_1777453584_f0af401c,1777454158.171688,7.0,966.0,1.0,25.372303009033203,0.0,22.043842315673828,-100.0,-100.0,0.0,0.0189301259815692,643.7537599821953,25.372303009033203,25.59463119506836
run_1777453584_f0af401c,1777454160.1381302,7.0,966.0,1.0,25.372303009033203,0.0,22.043842315673828,-100.0,-100.0,0.0,0.017124393954873,643.7537599821953,25.372303009033203,25.59463119506836
run_1777453584_f0af401c,1777454162.101571,7.0,966.0,1.0,25.416786193847656,0.0,22.093883514404297,-100.0,-100.0,0.0,-0.0141294701024889,646.0130204237648,25.416786193847656,25.59463119506836
run_1777453584_f0af401c,1777454164.128027,7.0,966.0,1.0,25.372303009033203,0.0,22.043842315673828,-100.0,-100.0,0.0,0.0180506315082311,643.7537599821953,25.372303009033203,25.59463119506836
run_1777453584_f0af401c,1777454166.1874895,7.0,966.0,1.0,25.372303009033203,0.0,22.043842315673828,-100.0,-100.0,0.0,0.0163287948817014,643.7537599821953,25.372303009033203,25.59463119506836
run_1777453584_f0af401c,1777454168.1129222,7.0,966.0,1.0,25.416786193847656,0.0,22.093883514404297,-100.0,-100.0,0.0,-0.0160611011087894,646.0130204237648,25.416786193847656,25.59463119506836
run_1777453584_f0af401c,1777454170.1063695,7.0,966.0,1.0,25.372303009033203,0.0,22.043842315673828,-100.0,-100.0,0.0,0.0169276911765337,643.7537599821953,25.372303009033203,25.59463119506836
run_1777453584_f0af401c,1777454172.0998178,7.0,966.0,1.0,25.372303009033203,0.0,22.043842315673828,-100.0,-100.0,0.0,0.0153129687532782,643.7537599821953,25.372303009033203,25.59463119506836
run_1777453584_f0af401c,1777454174.1252728,7.0,966.0,1.0,25.416786193847656,0.0,22.093883514404297,-100.0,-100.0,0.0,-0.0176044609397649,646.0130204237648,25.416786193847656,25.59463119506836
run_1777453584_f0af401c,1777454176.122722,7.0,966.0,1.0,25.372303009033203,0.0,22.043842315673828,-100.0,-100.0,0.0,0.0149071188643574,643.7537599821953,25.372303009033203,25.59463119506836
run_1777453584_f0af401c,1777454178.1021664,7.0,966.0,1.0,25.372303009033203,0.0,22.043842315673828,-100.0,-100.0,0.0,0.013485137373209,643.7537599821953,25.372303009033203,25.59463119506836
run_1777453584_f0af401c,1777454180.098615,7.0,966.0,1.0,25.372303009033203,0.0,22.043842315673828,-100.0,-100.0,0.0,0.0121987974271178,643.7537599821953,25.372303009033203,25.59463119506836
run_1777453584_f0af401c,1777454182.109067,7.0,966.0,1.0,25.32785415649414,0.0,21.99383544921875,-100.0,-100.0,0.0,0.0406326800584793,641.5001961726375,25.32785415649414,25.59463119506836
run_1777453584_f0af401c,1777454184.1055157,7.0,966.0,1.0,25.32785415649414,0.0,21.99383544921875,-100.0,-100.0,0.0,0.0385552607476711,641.5001961726375,25.32785415649414,25.59463119506836
run_1777453584_f0af401c,1777454186.1009638,7.0,966.0,1.0,25.32785415649414,0.0,21.99383544921875,-100.0,-100.0,0.0,0.0348775014281272,641.5001961726375,25.32785415649414,25.59463119506836
run_1777453584_f0af401c,1777454188.1275003,7.0,966.0,1.0,25.283370971679688,0.0,21.94379234313965,-100.0,-100.0,0.0,0.0605829507112503,639.2488476915751,25.283370971679688,25.59463119506836
run_1777453584_f0af401c,1777454190.1037784,7.0,966.0,1.0,25.238922119140625,0.0,21.893787384033203,-100.0,-100.0,0.0,0.0844014957547187,637.0031897360459,25.238922119140625,25.59463119506836
run_1777453584_f0af401c,1777454192.1913283,7.0,966.0,1.0,25.194469451904297,0.0,21.84377861022949,-100.0,-100.0,0.0,0.10716163367033,634.7612909629388,25.194469451904297,25.59463119506836
run_1777453584_f0af401c,1777454194.1147072,7.0,966.0,1.0,25.194469451904297,0.0,21.84377861022949,-100.0,-100.0,0.0,0.0969395190477371,634.7612909629388,25.194469451904297,25.59463119506836
run_1777453584_f0af401c,1777454196.1095028,7.0,966.0,1.0,25.10557556152344,0.0,21.743772506713867,-100.0,-100.0,0.0,0.1475083529949188,630.2899242753629,25.10557556152344,25.59463119506836
run_1777453584_f0af401c,1777454198.1330924,7.0,966.0,1.0,25.06106758117676,0.0,21.693700790405277,-100.0,-100.0,0.0,0.1630745232105255,628.0571083083087,25.06106758117676,25.59463119506836
run_1777453584_f0af401c,1777454200.2296484,7.0,966.0,1.0,24.972171783447266,0.0,21.59369468688965,-100.0,-100.0,0.0,0.2073350995779037,623.6093635819998,24.972171783447266,25.59463119506836
run_1777453584_f0af401c,1777454202.4353523,7.0,966.0,1.0,24.927698135375977,0.0,21.54366111755371,-100.0,-100.0,0.0,0.2171715497970581,621.3901343284269,24.927698135375977,25.59463119506836
run_1777453584_f0af401c,1777454204.209968,7.0,966.0,1.0,24.883251190185547,0.0,21.4936580657959,-100.0,-100.0,0.0,0.2254644185304641,619.1761897938704,24.883251190185547,25.59463119506836
run_1777453584_f0af401c,1777454206.1300762,7.0,966.0,1.0,24.794336318969727,0.0,21.39362907409668,-100.0,-100.0,0.0,0.2631639242172241,614.7591134981813,24.794336318969727,25.59463119506836
run_1777453584_f0af401c,1777454208.1053953,7.0,966.0,1.0,24.74992179870605,0.0,21.34366226196289,-100.0,-100.0,0.0,0.2670485377311706,612.5586290420651,24.74992179870605,25.59463119506836
run_1777453584_f0af401c,1777454210.113151,7.0,966.0,1.0,24.661008834838867,0.0,21.243635177612305,-100.0,-100.0,0.0,0.3019791841506958,608.1653567520007,24.661008834838867,25.59463119506836
run_1777453584_f0af401c,1777454212.1632292,7.0,966.0,1.0,24.57208251953125,0.0,21.143592834472656,-100.0,-100.0,0.0,0.3330109119415283,603.7872393466532,24.57208251953125,25.59463119506836
run_1777453584_f0af401c,1777454214.241017,7.0,966.0,1.0,24.483177185058597,0.0,21.0435733795166,-100.0,-100.0,0.0,0.3616443872451782,599.4259650749736,24.483177185058597,25.59463119506836
run_1777453584_f0af401c,1777454216.12255,7.0,966.0,1.0,24.394285202026367,0.0,20.94357109069824,-100.0,-100.0,0.0,0.3869615793228149,595.0811505178026,24.394285202026367,25.59463119506836
run_1777453584_f0af401c,1777454218.1079702,7.0,966.0,1.0,24.305397033691406,0.0,20.84357070922852,-100.0,-100.0,0.0,0.4104369282722473,590.752324965375,24.305397033691406,25.59463119506836
run_1777453584_f0af401c,1777454220.110185,7.0,966.0,1.0,24.172046661376957,0.0,20.693553924560547,-100.0,-100.0,0.0,0.4619158208370209,584.2878397997847,24.172046661376957,25.59463119506836
run_1777453584_f0af401c,1777454222.0989475,7.0,966.0,1.0,24.127613067626957,0.0,20.6435661315918,-100.0,-100.0,0.0,0.4480404853820801,582.1417123411229,24.127613067626957,25.59463119506836
run_1777453584_f0af401c,1777454224.1113384,7.0,966.0,1.0,23.994287490844727,0.0,20.49357414245605,-100.0,-100.0,0.0,0.494116872549057,575.7258321933077,23.994287490844727,25.59463119506836
run_1777453584_f0af401c,1777454226.1017358,7.0,966.0,1.0,23.90539932250977,0.0,20.393573760986328,-100.0,-100.0,0.0,0.5073707699775696,571.4681167686504,23.90539932250977,25.59463119506836
run_1777453584_f0af401c,1777454228.1076255,7.0,966.0,1.0,23.772083282470703,0.0,20.243593215942383,-100.0,-100.0,0.0,0.5495789647102356,565.1119435887231,23.772083282470703,25.59463119506836
run_1777453584_f0af401c,1777454230.1053903,7.0,966.0,1.0,23.683202743530277,0.0,20.14360237121582,-100.0,-100.0,0.0,0.5575371384620667,560.8940921911599,23.683202743530277,25.59463119506836
run_1777453584_f0af401c,1777454232.104906,7.0,966.0,1.0,23.549909591674805,0.0,19.99364852905273,-100.0,-100.0,0.0,0.5949453711509705,554.598241776057,23.549909591674805,25.59463119506836
run_1777453584_f0af401c,1777454234.097766,7.0,966.0,1.0,23.46104621887207,0.0,19.8936767578125,-100.0,-100.0,0.0,0.5985644459724426,550.4206896840515,23.46104621887207,25.59463119506836
run_1777453584_f0af401c,1777454236.106337,7.0,966.0,1.0,23.283300399780277,0.0,19.69371223449707,-100.0,-100.0,0.0,0.6623196005821228,542.1120775064082,23.283300399780277,25.59463119506836
run_1777453584_f0af401c,1777454238.1017864,7.0,966.0,1.0,23.23885154724121,0.0,19.643707275390625,-100.0,-100.0,0.0,0.6293383240699768,540.0442212347152,23.23885154724121,25.59463119506836
run_1777453584_f0af401c,1777454240.133242,7.0,966.0,1.0,23.061176300048828,0.0,19.443824768066406,-100.0,-100.0,0.0,0.6901083588600159,531.8178523419338,23.061176300048828,25.59463119506836
run_1777453584_f0af401c,1777454242.099684,7.0,966.0,1.0,22.97231674194336,0.0,19.34385681152344,-100.0,-100.0,0.0,0.6846471428871155,527.7273364921712,22.97231674194336,25.59463119506836
run_1777453584_f0af401c,1777454244.0971327,7.0,966.0,1.0,22.83904266357422,0.0,19.19392204284668,-100.0,-100.0,0.0,0.7087432146072388,521.6218697885633,22.83904266357422,25.59463119506836
run_1777453584_f0af401c,1777454246.1756003,7.0,966.0,1.0,22.750158309936523,0.0,19.09392738342285,-100.0,-100.0,0.0,0.7015212178230286,517.5697031271739,22.750158309936523,25.59463119506836
run_1777453584_f0af401c,1777454248.109034,7.0,966.0,1.0,22.572484970092773,0.0,18.894044876098636,-100.0,-100.0,0.0,0.7554054260253906,509.51707772506415,22.572484970092773,25.59463119506836
run_1777453584_f0af401c,1777454250.1054828,7.0,966.0,1.0,22.48368263244629,0.0,18.79414367675781,-100.0,-100.0,0.0,0.7436768412590027,505.5159847165669,22.48368263244629,25.59463119506836
run_1777453584_f0af401c,1777454252.1359396,7.0,966.0,1.0,22.305980682373047,0.0,18.59422874450684,-100.0,-100.0,0.0,0.793559730052948,497.55677420239954,22.305980682373047,25.59463119506836
run_1777453584_f0af401c,1777454254.1493914,7.0,966.0,1.0,22.217159271240234,0.0,18.49430274963379,-100.0,-100.0,0.0,0.7782047390937805,493.6021660836559,22.217159271240234,25.59463119506836
run_1777453584_f0af401c,1777454256.1143525,7.0,966.0,1.0,22.03950309753418,0.0,18.29444122314453,-100.0,-100.0,0.0,0.8271819949150085,485.7396967862187,22.03950309753418,25.59463119506836
run_1777453584_f0af401c,1777454258.1187067,7.0,966.0,1.0,21.995086669921875,0.0,18.24447250366211,-100.0,-100.0,0.0,0.7784523963928223,483.78383761737496,21.995086669921875,25.59463119506836
run_1777453584_f0af401c,1777454260.1101575,7.0,966.0,1.0,21.817445755004883,0.0,18.044626235961918,-100.0,-100.0,0.0,0.824978232383728,476.0009392725806,21.817445755004883,25.59463119506836
run_1777453584_f0af401c,1777454262.112332,7.0,966.0,1.0,21.7286376953125,0.0,17.944717407226562,-100.0,-100.0,0.0,0.806617021560669,472.1336960941553,21.7286376953125,25.59463119506836
run_1777453584_f0af401c,1777454264.096636,7.0,966.0,1.0,21.551025390625,0.0,17.744903564453125,-100.0,-100.0,0.0,0.8516084551811218,464.4466953873634,21.551025390625,25.59463119506836
run_1777453584_f0af401c,1777454266.2782512,7.0,966.0,1.0,21.46221160888672,0.0,17.644987106323242,-100.0,-100.0,0.0,0.8307110667228699,460.62652714463184,21.46221160888672,25.59463119506836
run_1777453584_f0af401c,1777454268.0977876,7.0,966.0,1.0,21.284587860107425,0.0,17.445159912109375,-100.0,-100.0,0.0,0.8734113574028015,453.0336803746322,21.284587860107425,25.59463119506836
run_1777453584_f0af401c,1777454270.116375,7.0,966.0,1.0,21.195819854736328,0.0,17.345298767089844,-100.0,-100.0,0.0,0.8504031300544739,449.26277931443474,21.195819854736328,25.59463119506836
run_1777453584_f0af401c,1777454272.1100771,7.0,966.0,1.0,21.018199920654297,0.0,17.145475387573242,-100.0,-100.0,0.0,0.8912232518196106,441.7647279045923,21.018199920654297,25.59463119506836
run_1777453584_f0af401c,1777454274.1388934,7.0,966.0,1.0,20.929414749145508,0.0,17.045591354370117,-100.0,-100.0,0.0,0.8665274977684021,438.0404017417495,20.929414749145508,25.59463119506836
run_1777453584_f0af401c,1777454276.1115253,7.0,966.0,1.0,20.751853942871094,0.0,16.845834732055664,-100.0,-100.0,0.0,0.9057687520980836,430.63944206625456,20.751853942871094,25.59463119506836
run_1777453584_f0af401c,1777454278.105392,7.0,966.0,1.0,20.663061141967773,0.0,16.745943069458008,-100.0,-100.0,0.0,0.8796907067298889,426.96209575669855,20.663061141967773,25.59463119506836
run_1777453584_f0af401c,1777454280.1099944,7.0,966.0,1.0,20.48548698425293,0.0,16.546173095703125,-100.0,-100.0,0.0,0.9176860451698304,419.6551769819962,20.48548698425293,25.59463119506836
run_1777453584_f0af401c,1777454282.099807,7.0,966.0,1.0,20.396717071533203,0.0,16.446306228637695,-100.0,-100.0,0.0,0.8904553651809692,416.026067296174,20.396717071533203,25.59463119506836
run_1777453584_f0af401c,1777454284.1512663,7.0,966.0,1.0,20.17481231689453,0.0,16.196664810180664,-100.0,-100.0,0.0,0.958773136138916,407.0230520219193,20.17481231689453,25.59463119506836
run_1777453584_f0af401c,1777454286.1091452,7.0,966.0,1.0,20.08604049682617,0.0,16.09679412841797,-100.0,-100.0,0.0,0.9276246428489684,403.44902284014097,20.08604049682617,25.59463119506836
run_1777453584_f0af401c,1777454288.1480453,7.0,966.0,1.0,19.90850067138672,0.0,15.897062301635742,-100.0,-100.0,0.0,0.9610230326652528,396.34839898260543,19.90850067138672,25.59463119506836
run_1777453584_f0af401c,1777454290.1029162,7.0,966.0,1.0,19.819747924804688,0.0,15.797216415405272,-100.0,-100.0,0.0,0.9308680891990662,392.8224078027997,19.819747924804688,25.59463119506836
run_1777453584_f0af401c,1777454292.1117775,7.0,966.0,1.0,19.64223861694336,0.0,15.597518920898438,-100.0,-100.0,0.0,0.9639363884925842,385.817537884941,19.64223861694336,25.59463119506836
run_1777453584_f0af401c,1777454294.1102016,7.0,966.0,1.0,19.50910377502441,0.0,15.447741508483888,-100.0,-100.0,0.0,0.964265763759613,380.60513010467184,19.50910377502441,25.59463119506836
run_1777453584_f0af401c,1777454296.1818736,7.0,966.0,1.0,19.331626892089844,0.0,15.24808120727539,-100.0,-100.0,0.0,0.994126319885254,373.7117982949712,19.331626892089844,25.59463119506836
run_1777453584_f0af401c,1777454298.1098926,7.0,966.0,1.0,19.24289321899414,0.0,15.148255348205566,-100.0,-100.0,0.0,0.9608007073402404,370.2889394376107,19.24289321899414,25.59463119506836
run_1777453584_f0af401c,1777454300.1108184,7.0,966.0,1.0,19.02104949951172,0.0,14.898679733276367,-100.0,-100.0,0.0,1.022365927696228,361.800324062875,19.02104949951172,25.59463119506836
run_1777453584_f0af401c,1777454302.1019762,7.0,966.0,1.0,18.932308197021484,0.0,14.798848152160645,-100.0,-100.0,0.0,0.986351728439331,358.4322936670069,18.932308197021484,25.59463119506836
run_1777453584_f0af401c,1777454304.1108644,7.0,966.0,1.0,18.71051979064941,0.0,14.549334526062012,-100.0,-100.0,0.0,1.045441746711731,350.0835508362834,18.71051979064941,25.59463119506836
run_1777453584_f0af401c,1777454306.102162,7.0,966.0,1.0,18.66612434387207,0.0,14.4993896484375,-100.0,-100.0,0.0,0.976489007472992,348.4241980208935,18.66612434387207,25.59463119506836
run_1777453584_f0af401c,1777454308.1097603,7.0,966.0,1.0,18.444351196289062,0.0,14.249896049499512,-100.0,-100.0,0.0,1.034678339958191,340.19409105204977,18.444351196289062,25.59463119506836
run_1777453584_f0af401c,1777454310.1045294,7.0,966.0,1.0,18.35563087463379,0.0,14.15008544921875,-100.0,-100.0,0.0,0.9974751472473145,336.9291848058092,18.35563087463379,25.59463119506836
run_1777453584_f0af401c,1777454312.100978,7.0,966.0,1.0,18.13385391235352,0.0,13.900585174560549,-100.0,-100.0,0.0,1.053665280342102,328.8366577145789,18.13385391235352,25.59463119506836
run_1777453584_f0af401c,1777454314.116431,7.0,966.0,1.0,18.04515647888184,0.0,13.800801277160645,-100.0,-100.0,0.0,1.01463520526886,325.6276723473311,18.04515647888184,25.59463119506836
run_1777453584_f0af401c,1777454316.1097844,7.0,966.0,1.0,17.95646095275879,0.0,13.70101833343506,-100.0,-100.0,0.0,0.9769101738929749,322.4344899479511,17.95646095275879,25.59463119506836
run_1777453584_f0af401c,1777454318.0976644,7.0,966.0,1.0,17.779064178466797,0.0,13.50144863128662,-100.0,-100.0,0.0,1.0030922889709473,316.09512306204124,17.779064178466797,25.59463119506836
run_1777453584_f0af401c,1777454320.107713,7.0,966.0,1.0,17.690380096435547,0.0,13.401676177978516,-100.0,-100.0,0.0,0.966460645198822,312.9495479563629,17.690380096435547,25.59463119506836
run_1777453584_f0af401c,1777454322.1158264,7.0,966.0,1.0,17.512983322143555,0.0,13.202106475830078,-100.0,-100.0,0.0,0.9936387538909912,306.7045848416783,17.512983322143555,25.59463119506836
run_1777453584_f0af401c,1777454324.106273,7.0,966.0,1.0,17.424320220947266,0.0,13.102361679077148,-100.0,-100.0,0.0,0.9578949809074402,303.60693516211177,17.424320220947266,25.59463119506836
run_1777453584_f0af401c,1777454326.1133745,7.0,966.0,1.0,17.202613830566406,0.0,12.852941513061523,-100.0,-100.0,0.0,1.0148093700408936,295.9299226035946,17.202613830566406,25.59463119506836
run_1777453584_f0af401c,1777454328.1082067,7.0,966.0,1.0,17.11394500732422,0.0,12.753189086914062,-100.0,-100.0,0.0,0.9770496487617492,292.88711371371755,17.11394500732422,25.59463119506836
run_1777453584_f0af401c,1777454330.132355,7.0,966.0,1.0,16.93658447265625,0.0,12.553658485412598,-100.0,-100.0,0.0,1.0031931400299072,286.8478935994208,16.93658447265625,25.59463119506836
run_1777453584_f0af401c,1777454332.108798,7.0,966.0,1.0,16.803573608398438,0.0,12.404019355773926,-100.0,-100.0,0.0,0.996068000793457,282.3600860128645,16.803573608398438,25.59463119506836
run_1777453584_f0af401c,1777454334.100541,7.0,966.0,1.0,16.626277923583984,0.0,12.204562187194824,-100.0,-100.0,0.0,1.0203547477722168,276.43311759225617,16.626277923583984,25.59463119506836
run_1777453584_f0af401c,1777454336.111993,7.0,966.0,1.0,16.537626266479492,0.0,12.104829788208008,-100.0,-100.0,0.0,0.9820550680160522,273.4930825297524,16.537626266479492,25.59463119506836
run_1777453584_f0af401c,1777454338.1064425,7.0,966.0,1.0,16.360301971435547,0.0,11.905338287353516,-100.0,-100.0,0.0,1.0076967477798462,267.65948059655784,16.360301971435547,25.59463119506836
run_1777453584_f0af401c,1777454340.115728,7.0,966.0,1.0,16.22731590270996,0.0,11.755729675292969,-100.0,-100.0,0.0,1.0001256465911863,263.3257814063436,16.22731590270996,25.59463119506836
run_1777453584_f0af401c,1777454342.112177,7.0,966.0,1.0,16.0500545501709,0.0,11.556310653686523,-100.0,-100.0,0.0,1.0240020751953125,257.6042510634616,16.0500545501709,25.59463119506836
run_1777453584_f0af401c,1777454344.1024818,7.0,966.0,1.0,15.91706657409668,0.0,11.406699180603027,-100.0,-100.0,0.0,1.0166702270507812,253.3530083242258,15.91706657409668,25.59463119506836
run_1777453584_f0af401c,1777454346.1220777,7.0,966.0,1.0,15.651168823242188,0.0,11.107565879821776,-100.0,-100.0,0.0,1.0514837503433228,244.95908553362824,15.651168823242188,25.59463119506836
run_1777453584_f0af401c,1777454349.1002662,7.0,966.0,1.0,15.5625638961792,0.0,11.00788402557373,-100.0,-100.0,0.0,1.0119848251342771,242.1933950226603,15.5625638961792,25.59463119506836
run_1777453584_f0af401c,1777454351.114374,7.0,966.0,1.0,15.34096908569336,0.0,10.758589744567873,-100.0,-100.0,0.0,1.0688540935516355,235.34533248819932,15.34096908569336,25.59463119506836
run_1777453584_f0af401c,1777454353.108034,7.0,966.0,1.0,15.25235652923584,0.0,10.65890121459961,-100.0,-100.0,0.0,1.0277035236358645,232.63437969492315,15.25235652923584,25.59463119506836
run_1777453584_f0af401c,1777454355.11159,7.0,966.0,1.0,15.075139045715332,0.0,10.459531784057615,-100.0,-100.0,0.0,1.0513771772384644,227.25981724765097,15.075139045715332,25.59463119506836
run_1777453584_f0af401c,1777454357.1291711,7.0,966.0,1.0,14.98652172088623,0.0,10.35983657836914,-100.0,-100.0,0.0,1.011897087097168,224.5958332905948,14.98652172088623,25.59463119506836
run_1777453584_f0af401c,1777454359.0999763,7.0,966.0,1.0,14.809318542480469,0.0,10.160483360290527,-100.0,-100.0,0.0,1.0370686054229736,219.31591569265584,14.809318542480469,25.59463119506836
run_1777453584_f0af401c,1777454361.1090908,7.0,966.0,1.0,14.676403999328612,0.0,10.01095485687256,-100.0,-100.0,0.0,1.029350519180298,215.3968343515089,14.676403999328612,25.59463119506836
run_1777453584_f0af401c,1777454363.1036344,7.0,966.0,1.0,14.499221801757812,0.0,9.811623573303224,-100.0,-100.0,0.0,1.0528428554534912,210.22743285656907,14.499221801757812,25.59463119506836
run_1777453584_f0af401c,1777454365.1000862,7.0,966.0,1.0,14.410621643066406,0.0,9.711949348449709,-100.0,-100.0,0.0,1.013211011886597,207.66601613961396,14.410621643066406,25.59463119506836
run_1777453584_f0af401c,1777454367.130539,7.0,966.0,1.0,14.233454704284668,0.0,9.512636184692385,-100.0,-100.0,0.0,1.038232445716858,202.59123281892332,14.233454704284668,25.59463119506836
run_1777453584_f0af401c,1777454369.108983,7.0,966.0,1.0,14.14484691619873,0.0,9.412952423095703,-100.0,-100.0,0.0,0.9999995827674866,200.07669428269676,14.14484691619873,25.59463119506836
run_1777453584_f0af401c,1777454371.220458,7.0,966.0,1.0,13.923418045043944,0.0,9.163846015930176,-100.0,-100.0,0.0,1.0590801239013672,193.86157005705536,13.923418045043944,25.59463119506836
run_1777453584_f0af401c,1777454373.108882,7.0,966.0,1.0,13.879110336303713,0.0,9.113999366760254,-100.0,-100.0,0.0,0.9884594082832336,192.6297037272925,13.879110336303713,25.59463119506836
run_1777453584_f0af401c,1777454375.1043303,7.0,966.0,1.0,13.657672882080078,0.0,8.864882469177246,-100.0,-100.0,0.0,1.048648476600647,186.53202855390555,13.657672882080078,25.59463119506836
run_1777453584_f0af401c,1777454377.0977793,7.0,966.0,1.0,13.56911277770996,0.0,8.765252113342285,-100.0,-100.0,0.0,1.0093891620635986,184.12082157421173,13.56911277770996,25.59463119506836
run_1777453584_f0af401c,1777454379.7183669,7.0,966.0,1.0,13.39198398590088,0.0,8.5659818649292,-100.0,-100.0,0.0,0.9852851629257202,179.3452350786256,13.39198398590088,25.59463119506836
run_1777453584_f0af401c,1777454382.0999022,7.0,966.0,1.0,13.17058277130127,0.0,8.316905975341797,-100.0,-100.0,0.0,1.0430392026901243,173.46425053569783,13.17058277130127,25.59463119506836
run_1777453584_f0af401c,1777454384.0983517,7.0,966.0,1.0,13.082035064697266,0.0,8.217289924621582,-100.0,-100.0,0.0,1.0037002563476562,171.1396414339688,13.082035064697266,25.59463119506836
run_1777453584_f0af401c,1777454386.1148047,7.0,966.0,1.0,12.904950141906738,0.0,8.01806926727295,-100.0,-100.0,0.0,1.0283596515655518,166.53773816509874,12.904950141906738,25.59463119506836
run_1777453584_f0af401c,1777454388.1092527,7.0,966.0,1.0,12.816398620605469,0.0,7.918447971343994,-100.0,-100.0,0.0,0.9904239177703856,164.26007360225776,12.816398620605469,25.59463119506836
run_1777453584_f0af401c,1777454390.1047006,7.0,966.0,1.0,12.639328002929688,0.0,7.719244480133057,-100.0,-100.0,0.0,1.0163401365280151,159.75261236564256,12.639328002929688,25.59463119506836
run_1777453584_f0af401c,1777454392.0971496,7.0,966.0,1.0,12.550798416137695,0.0,7.61964750289917,-100.0,-100.0,0.0,0.9795357584953308,157.52254088252448,12.550798416137695,25.59463119506836
run_1777453584_f0af401c,1777454394.1045997,7.0,966.0,1.0,12.329448699951172,0.0,7.37062931060791,-100.0,-100.0,0.0,1.0353896617889404,152.01530524472764,12.329448699951172,25.59463119506836
run_1777453584_f0af401c,1777454396.1070504,7.0,966.0,1.0,12.240926742553713,0.0,7.271042346954346,-100.0,-100.0,0.0,0.9967628717422484,149.8402875165666,12.240926742553713,25.59463119506836
run_1777453584_f0af401c,1777454398.1195018,7.0,966.0,1.0,12.063891410827637,0.0,7.071877479553223,-100.0,-100.0,0.0,1.0232203006744385,145.53747597224083,12.063891410827637,25.59463119506836
run_1777453584_f0af401c,1777454400.096969,7.0,966.0,1.0,11.975364685058594,0.0,6.972285270690918,-100.0,-100.0,0.0,0.9857577085494996,143.4093593401485,11.975364685058594,25.59463119506836
run_1777453584_f0af401c,1777454402.0941572,7.0,966.0,1.0,11.798316955566406,0.0,6.773106575012207,-100.0,-100.0,0.0,1.013272762298584,139.20028298400575,11.798316955566406,25.59463119506836
run_1777453584_f0af401c,1777454404.121584,7.0,966.0,1.0,11.70981216430664,0.0,6.6735382080078125,-100.0,-100.0,0.0,0.9767439961433412,137.11970092334377,11.70981216430664,25.59463119506836
run_1777453584_f0af401c,1777454406.0954485,7.0,966.0,1.0,11.532794952392578,0.0,6.474394798278809,-100.0,-100.0,0.0,1.005098819732666,133.00535941393173,11.532794952392578,25.59463119506836
run_1777453584_f0af401c,1777454408.096791,7.0,966.0,1.0,11.444299697875977,0.0,6.374836444854736,-100.0,-100.0,0.0,0.9693435430526732,130.97199557480417,11.444299697875977,25.59463119506836
run_1777453584_f0af401c,1777454410.1002414,7.0,966.0,1.0,11.267282485961914,0.0,6.175693511962891,-100.0,-100.0,0.0,0.9984034895896912,126.95165461846408,11.267282485961914,25.59463119506836
run_1777453584_f0af401c,1777454412.1086917,7.0,966.0,1.0,11.17880916595459,0.0,6.076160430908203,-100.0,-100.0,0.0,0.9632718563079834,124.96577436883037,11.17880916595459,25.59463119506836
run_1777453584_f0af401c,1777454414.1043458,7.0,966.0,1.0,10.957576751708984,0.0,5.827274322509766,-100.0,-100.0,0.0,1.022353172302246,120.06848826959322,10.957576751708984,25.59463119506836
run_1777453584_f0af401c,1777454416.1314728,7.0,966.0,1.0,10.869097709655762,0.0,5.727734565734863,-100.0,-100.0,0.0,0.984941065311432,118.13728502204413,10.869097709655762,25.59463119506836
run_1777453584_f0af401c,1777454418.1129856,7.0,966.0,1.0,10.69211769104004,0.0,5.528631687164307,-100.0,-100.0,0.0,1.012487530708313,114.32138071905138,10.69211769104004,25.59463119506836
run_1777453584_f0af401c,1777454420.115972,7.0,966.0,1.0,10.603660583496094,0.0,5.429118633270264,-100.0,-100.0,0.0,0.9760012626647948,112.43761776998872,10.603660583496094,25.59463119506836
run_1777453584_f0af401c,1777454422.1034229,7.0,966.0,1.0,10.42669677734375,0.0,5.2300333976745605,-100.0,-100.0,0.0,1.0043907165527344,108.71600568667054,10.42669677734375,25.59463119506836
run_1777453584_f0af401c,1777454424.1014442,7.0,966.0,1.0,10.338232040405272,0.0,5.13051176071167,-100.0,-100.0,0.0,0.969899356365204,106.87904172126218,10.338232040405272,25.59463119506836
run_1777453584_f0af401c,1777454426.0966158,7.0,966.0,1.0,10.117063522338867,0.0,4.881697177886963,-100.0,-100.0,0.0,1.0301311016082764,102.35497431503973,10.117063522338867,25.59463119506836
run_1777453584_f0af401c,1777454428.161799,7.0,966.0,1.0,10.028596878051758,0.0,4.782171249389648,-100.0,-100.0,0.0,0.9931855201721193,100.57275534246946,10.028596878051758,25.59463119506836
run_1777453584_f0af401c,1777454430.1042664,7.0,966.0,1.0,9.851696014404297,0.0,4.583157539367676,-100.0,-100.0,0.0,1.0198918581008911,97.05591436022952,9.851696014404297,25.59463119506836
run_1777453584_f0af401c,1777454432.10506,7.0,966.0,1.0,9.763250350952148,0.0,4.483656883239746,-100.0,-100.0,0.0,0.9839085936546326,95.32105741536724,9.763250350952148,25.59463119506836
run_1777453584_f0af401c,1777454434.1007867,7.0,966.0,1.0,9.586321830749512,0.0,4.28461217880249,-100.0,-100.0,0.0,1.011519193649292,91.89756624270468,9.586321830749512,25.59463119506836
run_1777453584_f0af401c,1777454436.101321,7.0,966.0,1.0,9.497883796691896,0.0,4.185119152069092,-100.0,-100.0,0.0,0.9763293266296388,90.20979661546244,9.497883796691896,25.59463119506836
run_1777453584_f0af401c,1777454438.1262505,7.0,966.0,1.0,9.32103157043457,0.0,3.986160755157471,-100.0,-100.0,0.0,1.0046099424362185,86.88162953703795,9.32103157043457,25.59463119506836
run_1777453584_f0af401c,1777454440.107575,7.0,966.0,1.0,9.232601165771484,0.0,3.886677026748657,-100.0,-100.0,0.0,0.9700739979743958,85.24092428620497,9.232601165771484,25.59463119506836
run_1777453584_f0af401c,1777454442.10295,7.0,966.0,1.0,9.055721282958984,0.0,3.68768572807312,-100.0,-100.0,0.0,0.9989699125289916,82.00608795463631,9.055721282958984,25.59463119506836
run_1777453584_f0af401c,1777454444.1286392,7.0,966.0,1.0,8.96729850769043,0.0,3.588210344314575,-100.0,-100.0,0.0,0.964966595172882,80.41244252602701,8.96729850769043,25.59463119506836
run_1777453584_f0af401c,1777454446.0996406,7.0,966.0,1.0,8.790448188781738,0.0,3.389254093170166,-100.0,-100.0,0.0,0.9943296313285828,77.27197935965614,8.790448188781738,25.59463119506836
run_1777453584_f0af401c,1777454448.1116538,7.0,966.0,1.0,8.702033996582031,0.0,3.289788246154785,-100.0,-100.0,0.0,0.9607629776000975,75.72539567766944,8.702033996582031,25.59463119506836
run_1777453584_f0af401c,1777454450.3050778,7.0,966.0,1.0,8.61362361907959,0.0,3.190326690673828,-100.0,-100.0,0.0,0.927986741065979,74.19451185116577,8.61362361907959,25.59463119506836
run_1777453584_f0af401c,1777454452.1075573,7.0,966.0,1.0,8.436765670776367,0.0,2.991361379623413,-100.0,-100.0,0.0,0.9584726691246032,71.1790149835906,8.436765670776367,25.59463119506836
run_1777453584_f0af401c,1777454454.1057754,7.0,966.0,1.0,8.348362922668457,0.0,2.8919076919555664,-100.0,-100.0,-0.1851899623870849,0.92590993642807,69.69516348858542,8.348362922668457,25.59463119506836
run_1777453584_f0af401c,1777454456.1026192,7.0,966.0,1.0,8.171565055847168,0.0,2.693010091781616,-100.0,-100.0,-0.4287110567092895,0.95655357837677,66.77447546194253,8.171565055847168,25.59463119506836
run_1777453584_f0af401c,1777454458.1016817,7.0,966.0,1.0,8.083155632019043,0.0,2.59355092048645,-100.0,-100.0,-0.6684409379959106,0.924178421497345,65.33740497144117,8.083155632019043,25.59463119506836
run_1777453584_f0af401c,1777454460.1161394,7.0,966.0,1.0,7.906372547149658,0.0,2.3946690559387207,-100.0,-100.0,-0.9041183590888976,0.9549772143363952,62.510726854321774,7.906372547149658,25.59463119506836
run_1777453584_f0af401c,1777454462.1000323,7.0,966.0,1.0,7.817986488342285,0.0,2.2952349185943604,-100.0,-100.0,-1.1360046863555908,0.9227370023727416,61.120912731902536,7.817986488342285,25.59463119506836
run_1777453584_f0af401c,1777454464.24114,7.0,966.0,1.0,7.641176700592041,0.0,2.0963239669799805,-100.0,-100.0,-1.3638380765914917,0.9536905288696288,58.38758136967067,7.641176700592041,25.59463119506836
run_1777453584_f0af401c,1777454466.1061633,7.0,966.0,1.0,7.552798271179199,0.0,1.9968980550765991,-100.0,-100.0,-1.5878809690475464,0.9215677976608276,57.0447617251275,7.552798271179199,25.59463119506836
run_1777453584_f0af401c,1777454468.110869,7.0,966.0,1.0,7.376034259796143,0.0,1.798038363456726,-100.0,-100.0,-1.80787205696106,0.9526042342185974,54.40588140168643,7.376034259796143,25.59463119506836
run_1777453584_f0af401c,1777454470.1144657,7.0,966.0,1.0,7.287662506103516,0.0,1.6986202001571655,-100.0,-100.0,-2.024073839187622,0.9205806851387024,53.110024802866974,7.287662506103516,25.59463119506836
run_1777453584_f0af401c,1777454472.0974324,7.0,966.0,1.0,7.110928535461426,0.0,1.4997944831848145,-100.0,-100.0,-2.2362232208251958,0.9516897797584534,50.56530463643958,7.110928535461426,25.59463119506836
run_1777453584_f0af401c,1777454474.1035242,7.0,966.0,1.0,7.022551536560059,0.0,1.4003708362579346,-100.0,-100.0,-2.4445834159851074,0.9197570085525512,49.31623008364204,7.022551536560059,25.59463119506836
run_1777453584_f0af401c,1777454476.1416583,7.0,966.0,1.0,6.89003324508667,0.0,1.251287579536438,-100.0,-98.42904663085938,-2.650134563446045,0.9220852255821228,47.47255811839955,6.89003324508667,25.59463119506836
run_1777453584_f0af401c,1777454479.0792325,13.0,699.0,58.0,6.713279724121094,0.0,1.0524399280548096,-26.07672500610352,-51.64061737060547,-2.8903284072875977,28.4542236328125,45.06812465429539,6.713279724121094,25.59463119506836
run_1777453584_f0af401c,1777454481.100266,13.0,699.0,58.0,6.536581993103027,0.0,0.8536547422409058,-23.7127628326416,-50.28139877319336,-3.0371124744415283,29.605749130249023,42.726904152558745,6.536581993103027,25.59463119506836
run_1777453584_f0af401c,1777454483.1350029,13.0,699.0,58.0,6.448222637176514,0.0,0.7542498707771301,-24.10653305053711,-49.60171508789063,-3.180103063583374,28.6752872467041,41.57957517859563,6.448222637176514,25.59463119506836
run_1777453584_f0af401c,1777454485.091616,13.0,699.0,58.0,6.315700531005859,0.0,0.6051628589630127,-23.158342361450195,-48.582313537597656,-3.3203203678131104,28.744293212890625,39.888073197347694,6.315700531005859,25.59463119506836
run_1777453584_f0af401c,1777454487.1092565,13.0,699.0,58.0,6.227333068847656,0.0,0.5057496428489685,-23.4648380279541,-47.902565002441406,-3.4584507942199707,27.896175384521484,38.77967715036357,6.227333068847656,25.59463119506836
run_1777453584_f0af401c,1777454489.122505,13.0,699.0,58.0,6.050678253173828,0.0,0.3070132136344909,-21.113359451293945,-46.54368209838867,-3.593761444091797,29.02408218383789,36.61070732343069,6.050678253173828,25.59463119506836
run_1777453584_f0af401c,1777454491.1201768,13.0,699.0,58.0,5.962317943572998,0.0,0.2076079398393631,-21.440919876098636,-45.86398696899414,-3.726058006286621,28.14912414550781,35.549235260252544,5.962317943572998,25.59463119506836
run_1777453584_f0af401c,1777454493.1234212,13.0,699.0,58.0,5.785650253295898,0.0,0.0088568329811096,-19.032196044921875,-44.5050048828125,-3.856315851211548,29.329124450683597,33.473748853462894,5.785650253295898,25.59463119506836
run_1777453584_f0af401c,1777454495.0955424,13.0,699.0,58.0,5.741509914398193,0.0,-0.04080131649971,-20.67127799987793,-44.16546249389648,-3.98321795463562,27.47740173339844,32.96493609713275,5.741509914398193,25.59463119506836
run_1777453584_f0af401c,1777454497.1484632,13.0,699.0,58.0,5.564841747283936,0.0,-0.2395528703927993,-18.26880645751953,-42.80647659301758,-4.107837200164795,28.645505905151367,30.967463672314125,5.564841747283936,25.59463119506836
run_1777453584_f0af401c,1777454499.1609588,13.0,699.0,58.0,5.520689487457275,0.0,-0.2892242670059204,-19.83747100830078,-42.46684265136719,-4.229877948760986,26.859251022338867,30.478012416921278,5.520689487457275,25.59463119506836
run_1777453584_f0af401c,1777454501.1156373,13.0,699.0,58.0,5.3440351486206055,0.0,-0.4879609942436218,-17.371570587158203,-41.10796356201172,-4.349632263183594,28.08602523803711,28.558711669692457,5.3440351486206055,25.59463119506836
run_1777453584_f0af401c,1777454503.1042814,13.0,699.0,58.0,5.255739688873291,0.0,-0.5872930288314819,-17.595991134643555,-40.42876815795898,-4.466379642486572,27.299156188964844,27.62279967719792,5.255739688873291,25.59463119506836
run_1777453584_f0af401c,1777454505.1060429,13.0,699.0,58.0,5.079100131988525,0.0,-0.7860120534896851,-15.13017749786377,-39.06999969482422,-4.580696105957031,28.52052116394043,25.797258150765856,5.079100131988525,25.59463119506836
run_1777453584_f0af401c,1777454507.1054878,13.0,699.0,58.0,5.03494119644165,0.0,-0.8356907963752747,-16.67603874206543,-38.730316162109375,-4.6920485496521,26.746326446533203,25.35063285162528,5.03494119644165,25.59463119506836
run_1777453584_f0af401c,1777454509.1138463,13.0,699.0,58.0,4.858329772949219,0.0,-1.0343787670135498,-14.153471946716309,-37.371768951416016,-4.801507472991943,28.019805908203125,23.603368182724807,4.858329772949219,25.59463119506836
run_1777453584_f0af401c,1777454511.1758142,13.0,699.0,58.0,4.814188957214356,0.0,-1.08403742313385,-15.647235870361328,-37.032222747802734,-4.907999038696289,26.29298591613769,23.176415315764643,4.814188957214356,25.59463119506836
run_1777453584_f0af401c,1777454513.0917628,13.0,699.0,58.0,4.681757926940918,0.0,-1.2330224514007568,-14.402005195617676,-36.01352310180664,-5.012645721435547,26.624164581298828,21.91885728647412,4.681757926940918,25.59463119506836
run_1777453584_f0af401c,1777454515.1078756,13.0,699.0,58.0,4.593454360961914,0.0,-1.332364201545715,-14.472159385681152,-35.334266662597656,-5.114811897277832,25.976917266845703,21.099822966240023,4.593454360961914,25.59463119506836
run_1777453584_f0af401c,1777454517.1456847,13.0,699.0,58.0,4.461002826690674,0.0,-1.4813719987869265,-13.134443283081056,-34.315406799316406,-5.215182304382324,26.396146774291992,19.900546219742186,4.461002826690674,25.59463119506836
run_1777453584_f0af401c,1777454519.1726832,13.0,699.0,58.0,4.416855335235596,0.0,-1.5310379266738892,-14.464393615722656,-33.97581100463867,-5.312930107116699,24.82434844970703,19.508611052399147,4.416855335235596,25.59463119506836
run_1777453584_f0af401c,1777454521.1390498,13.0,699.0,58.0,4.328573226928711,0.0,-1.6303555965423584,-14.394831657409668,-33.29671859741211,-5.408881187438965,24.310768127441406,18.736546180884037,4.328573226928711,25.59463119506836
run_1777453584_f0af401c,1777454523.098474,13.0,699.0,58.0,4.240294933319092,0.0,-1.7296682596206665,-14.237277030944824,-32.61765670776367,-5.503276824951172,23.88365364074707,17.98010112153156,4.240294933319092,25.59463119506836
run_1777453584_f0af401c,1777454525.0951247,13.0,699.0,58.0,4.107860088348389,0.0,-1.8786572217941284,-12.692572593688965,-31.598926544189453,-5.5958757400512695,24.502227783203125,16.87451450544563,4.107860088348389,25.59463119506836
run_1777453584_f0af401c,1777454527.1020317,13.0,699.0,58.0,4.0196027755737305,0.0,-1.9779469966888428,-12.549030303955078,-30.92002296447754,-5.685413837432861,24.05640411376953,16.157206473400038,4.0196027755737305,25.59463119506836
run_1777453584_f0af401c,1777454529.1165311,13.0,699.0,58.0,3.8871779441833496,0.0,-2.126924991607666,-11.016275405883787,-29.901371002197266,-5.773155212402344,24.658248901367188,15.110152369745492,3.8871779441833496,25.59463119506836
run_1777453584_f0af401c,1777454531.1152167,13.0,699.0,58.0,3.843038320541382,0.0,-2.176582098007202,-12.149080276489258,-29.56183624267578,-5.858468055725098,23.271223068237305,14.768943533149525,3.843038320541382,25.59463119506836
run_1777453584_f0af401c,1777454533.0952532,13.0,699.0,58.0,3.710636138916016,0.0,-2.3255343437194824,-10.53816032409668,-28.54335594177246,-5.942322731018066,23.947519302368164,13.768820555429556,3.710636138916016,25.59463119506836
run_1777453584_f0af401c,1777454535.114881,13.0,699.0,58.0,3.6664979457855225,0.0,-2.3751895427703857,-11.599320411682127,-28.20383071899414,-6.023746490478516,22.62825584411621,13.443207186449456,3.6664979457855225,25.59463119506836
run_1777453584_f0af401c,1777454537.0962968,13.0,699.0,58.0,3.534104585647583,0.0,-2.524132490158081,-9.923469543457031,-27.185422897338867,-6.103716850280762,23.365671157836918,12.489895222295274,3.534104585647583,25.59463119506836
run_1777453584_f0af401c,1777454539.108678,13.0,699.0,58.0,3.445863723754883,0.0,-2.623403549194336,-9.621450424194336,-26.50664520263672,-6.181014537811279,23.066207885742188,11.873976802689867,3.445863723754883,25.59463119506836
run_1777453584_f0af401c,1777454541.0999565,13.0,699.0,58.0,3.357583522796631,0.0,-2.7227182388305664,-9.305991172790527,-25.827566146850582,-6.256175994873047,22.77775001525879,11.273367112555434,3.357583522796631,25.59463119506836
run_1777453584_f0af401c,1777454543.1063738,13.0,699.0,58.0,3.2693350315093994,0.0,-2.821998357772827,-8.943782806396484,-25.148731231689453,-6.329586505889893,22.534536361694336,10.688551548254566,3.2693350315093994,25.59463119506836
run_1777453584_f0af401c,1777454545.237116,13.0,699.0,58.0,3.136943817138672,0.0,-2.970938205718994,-7.250308990478516,-24.13033866882324,-6.400816917419434,23.28084754943848,9.84041651188454,3.136943817138672,25.59463119506836
run_1777453584_f0af401c,1777454547.108737,13.0,699.0,58.0,3.0928285121917725,0.0,-3.0205681324005127,-8.235923767089844,-23.79098892211914,-6.469611644744873,22.024677276611328,9.565588205826373,3.0928285121917725,25.59463119506836
run_1777453584_f0af401c,1777454549.098307,13.0,699.0,58.0,2.960460662841797,0.0,-3.1694817543029785,-6.5475029945373535,-22.77277565002441,-6.536372661590576,22.76164436340332,8.764327336233691,2.960460662841797,25.59463119506836
run_1777453584_f0af401c,1777454551.0976334,13.0,699.0,58.0,2.8722095489501958,0.0,-3.2687644958496094,-6.174950122833252,-22.09391975402832,-6.601047515869141,22.52001953125,8.249587693080684,2.8722095489501958,25.59463119506836
run_1777453584_f0af401c,1777454553.104215,13.0,699.0,58.0,2.78394627571106,0.0,-3.368060350418091,-5.7383341789245605,-21.41497230529785,-6.664161205291748,22.34079933166504,7.750356866045479,2.78394627571106,25.59463119506836
run_1777453584_f0af401c,1777454555.1020632,13.0,699.0,58.0,2.6957290172576904,0.0,-3.467304944992065,-5.322743892669678,-20.736377716064453,-6.724950790405273,22.138586044311523,7.266954934485113,2.6957290172576904,25.59463119506836
run_1777453584_f0af401c,1777454557.09342,13.0,699.0,58.0,2.651620626449585,0.0,-3.5169270038604736,-6.2274322509765625,-20.39708137512207,-6.783657550811768,20.95330810546875,7.031091946612889,2.651620626449585,25.59463119506836
run_1777453584_f0af401c,1777454559.0969746,13.0,699.0,58.0,2.519273042678833,0.0,-3.665817975997925,-4.483434677124023,-19.379024505615234,-6.840124130249023,21.7357120513916,6.346736663568265,2.519273042678833,25.59463119506836
run_1777453584_f0af401c,1777454561.1146257,13.0,699.0,58.0,2.431035280227661,0.0,-3.765084981918335,-4.078756332397461,-18.700271606445312,-6.894311904907227,21.51582717895508,5.909932533711583,2.431035280227661,25.59463119506836
run_1777453584_f0af401c,1777454563.095648,13.0,699.0,58.0,2.386930227279663,0.0,-3.8147032260894775,-4.936496734619141,-18.36100196838379,-6.946998596191406,20.37150382995605,5.697435909901344,2.386930227279663,25.59463119506836
run_1777453584_f0af401c,1777454565.1038778,13.0,699.0,58.0,2.254566192626953,0.0,-3.96361255645752,-3.13181734085083,-17.342817306518555,-6.9976420402526855,21.208642959594727,5.083068716936396,2.254566192626953,25.59463119506836
run_1777453584_f0af401c,1777454567.0947766,13.0,699.0,58.0,2.166349411010742,0.0,-4.062856674194336,-2.6523218154907227,-16.664226531982422,-7.046197414398193,21.05810165405273,4.69306977058659,2.166349411010742,25.59463119506836
run_1777453584_f0af401c,1777454569.106542,13.0,699.0,58.0,2.0781373977661133,0.0,-4.162095546722412,-2.175973415374756,-15.985671997070312,-7.092612266540527,20.90230941772461,4.318655043994113,2.0781373977661133,25.59463119506836
run_1777453584_f0af401c,1777454571.094551,13.0,699.0,58.0,1.9899277687072756,0.0,-4.261331081390381,-1.6635582447052002,-15.307137489318848,-7.1372785568237305,20.78085708618164,3.959812524672316,1.9899277687072756,25.59463119506836
run_1777453584_f0af401c,1777454574.0117042,12.0,128.0,57.0,1.8575944900512693,0.0,-4.410206317901611,-0.997421145439148,-15.479954719543455,-7.446118354797363,21.928653717041016,3.450657289468836,1.8575944900512693,25.59463119506836
run_1777453584_f0af401c,1777454576.1313667,12.0,128.0,57.0,1.7693910598754885,0.0,-4.509435176849365,-0.5774512887001038,-14.744925498962402,-7.682828426361084,21.850303649902344,3.130744722767304,1.7693910598754885,25.59463119506836
run_1777453584_f0af401c,1777454578.1015954,12.0,128.0,57.0,1.7252821922302246,0.0,-4.559057712554932,-1.5059947967529297,-14.377352714538574,-7.911207675933838,20.78256607055664,2.9765986428267297,1.7252821922302246,25.59463119506836
run_1777453584_f0af401c,1777454580.109964,12.0,128.0,57.0,1.5929765701293943,0.0,-4.707901477813721,0.4458740353584289,-13.274805068969728,-8.129822731018066,21.850500106811523,2.53757435298121,1.5929765701293943,25.59463119506836
run_1777453584_f0af401c,1777454582.103559,12.0,128.0,57.0,1.5929765701293943,0.0,-4.707901477813721,-1.8458590507507324,-13.274805068969728,-8.337246894836426,19.766191482543945,2.53757435298121,1.5929765701293943,25.59463119506836
run_1777453584_f0af401c,1777454584.0945237,12.0,128.0,57.0,1.5488848686218262,0.0,-4.757504463195801,-2.5908126831054688,-12.907373428344728,-8.540356636047363,18.856916427612305,2.399044336245652,1.5488848686218262,25.59463119506836
run_1777453584_f0af401c,1777454586.1181762,12.0,128.0,57.0,1.4165730476379397,0.0,-4.906355381011963,-0.5450770258903503,-11.804776191711426,-8.72911548614502,19.988815307617188,2.00667919929424,1.4165730476379397,25.59463119506836
run_1777453584_f0af401c,1777454588.0966697,12.0,128.0,57.0,1.3724846839904783,0.0,-4.955955028533936,-1.288402080535889,-11.437373161315918,-8.909259796142578,19.05823135375977,1.883714207788444,1.3724846839904783,25.59463119506836
run_1777453584_f0af401c,1777454590.3097954,12.0,128.0,57.0,1.3283824920654297,0.0,-5.0055694580078125,-1.9550353288650515,-11.069854736328123,-9.08251953125,18.197338104248047,1.7646000452259614,1.3283824920654297,25.59463119506836
run_1777453584_f0af401c,1777454592.0944052,12.0,128.0,57.0,1.240194320678711,0.0,-5.104781150817871,-1.167801022529602,-10.334953308105469,-9.246875762939451,18.414026260375977,1.5380819530437293,1.240194320678711,25.59463119506836
run_1777453584_f0af401c,1777454594.0982306,12.0,128.0,57.0,1.1519956588745115,0.0,-5.204005241394043,-0.3141283988952636,-9.599964141845703,-9.404337882995604,18.690174102783203,1.3270939980657204,1.1519956588745115,25.59463119506836
run_1777453584_f0af401c,1777454596.100734,12.0,128.0,57.0,1.1078968048095703,0.0,-5.2536163330078125,-0.8988052606582642,-9.232473373413086,-9.550030708312988,17.883699417114258,1.2274353301072551,1.1078968048095703,25.59463119506836
run_1777453584_f0af401c,1777454598.1064608,12.0,128.0,57.0,1.0637993812561035,0.0,-5.303225994110107,-1.4190912246704102,-8.864995002746582,-9.688838958740234,17.134742736816406,1.131669123560869,1.0637993812561035,25.59463119506836
run_1777453584_f0af401c,1777454600.0974636,12.0,128.0,57.0,0.9756040573120116,0.0,-5.402445793151856,-0.4958242177963257,-8.130034446716309,-9.818742752075195,17.452951431274414,0.951803276643659,0.9756040573120116,25.59463119506836
run_1777453584_f0af401c,1777454602.1066198,12.0,128.0,57.0,0.9756040573120116,0.0,-5.402445793151856,-2.343553304672241,-8.130034446716309,-9.942333221435549,15.72881317138672,0.951803276643659,0.9756040573120116,25.59463119506836
run_1777453584_f0af401c,1777454604.0975938,12.0,128.0,57.0,0.8874416351318359,0.0,-5.501628398895264,-1.2757017612457275,-7.395347118377685,-10.060760498046877,16.18040657043457,0.7875526557654666,0.8874416351318359,25.59463119506836
run_1777453584_f0af401c,1777454606.0961108,12.0,128.0,57.0,0.8874416351318359,0.0,-5.501628398895264,-2.934698820114136,-7.395347118377685,-10.176319122314451,14.636967658996582,0.7875526557654666,0.8874416351318359,25.59463119506836
run_1777453584_f0af401c,1777454608.1099946,12.0,128.0,57.0,0.8433465957641602,0.0,-5.551235198974609,-3.098408937454224,-7.027888298034668,-10.28756332397461,14.217042922973633,0.7112334805869978,0.8433465957641602,25.59463119506836
run_1777453584_f0af401c,1777454610.1047482,12.0,128.0,57.0,0.8433465957641602,0.0,-5.551235198974609,-4.564370155334473,-7.027888298034668,-10.39737033843994,12.860888481140137,0.7112334805869978,0.8433465957641602,25.59463119506836
run_1777453584_f0af401c,1777454612.1197903,12.0,128.0,57.0,0.7992668151855469,0.0,-5.60082483291626,-4.534773349761963,-6.660556793212891,-10.504021644592283,12.629805564880373,0.6388274418568471,0.7992668151855469,25.59463119506836
run_1777453584_f0af401c,1777454614.1491878,12.0,128.0,57.0,0.7992668151855469,0.0,-5.60082483291626,-5.843592643737793,-6.660556793212891,-10.608091354370115,11.425056457519531,0.6388274418568471,0.7992668151855469,25.59463119506836
run_1777453584_f0af401c,1777454616.099857,12.0,128.0,57.0,0.7551732063293457,0.0,-5.650430202484131,-5.6708664894104,-6.293110370635986,-10.70900535583496,11.331250190734863,0.5702865715577445,0.7551732063293457,25.59463119506836
run_1777453584_f0af401c,1777454618.1017497,12.0,128.0,57.0,0.6670031547546387,0.0,-5.749621391296387,-4.135192394256592,-5.558359622955322,-10.799875259399414,12.22304344177246,0.4448932084526404,0.6670031547546387,25.59463119506836
run_1777453584_f0af401c,1777454620.101375,12.0,128.0,57.0,0.6670031547546387,0.0,-5.749621391296387,-5.387985706329346,-5.558359622955322,-10.88671875,11.057093620300291,0.4448932084526404,0.6670031547546387,25.59463119506836
run_1777453584_f0af401c,1777454622.0985994,12.0,128.0,57.0,0.6229124069213867,0.0,-5.79922342300415,-5.199874877929688,-5.190937042236328,-10.96811294555664,10.95917510986328,0.3880198666965953,0.6229124069213867,25.59463119506836
run_1777453584_f0af401c,1777454624.09224,12.0,128.0,57.0,0.578819751739502,0.0,-5.848827838897705,-4.959773063659668,-4.823498249053955,-11.046064376831056,10.909789085388184,0.3350323050037787,0.578819751739502,25.59463119506836
run_1777453584_f0af401c,1777454626.0904033,12.0,128.0,57.0,0.578819751739502,0.0,-5.848827838897705,-6.075822353363037,-4.823498249053955,-11.121435165405272,9.869110107421877,0.3350323050037787,0.578819751739502,25.59463119506836
run_1777453584_f0af401c,1777454628.108662,12.0,128.0,57.0,0.5347304344177246,0.0,-5.898428440093994,-5.726108074188232,-4.456087112426758,-11.193649291992188,9.923627853393556,0.2859366374925685,0.5347304344177246,25.59463119506836
run_1777453584_f0af401c,1777454630.0884795,12.0,128.0,57.0,0.4465527534484863,0.0,-5.997628211975098,-4.083083629608154,-3.7212729454040527,-11.252367973327637,10.890557289123535,0.1994093616124246,0.4465527534484863,25.59463119506836
run_1777453584_f0af401c,1777454632.0878592,12.0,128.0,57.0,0.4024643898010254,0.0,-6.047227382659912,-3.8136096000671382,-3.353869915008545,-11.30735683441162,10.847618103027344,0.1619775850579117,0.4024643898010254,25.59463119506836
run_1777453584_f0af401c,1777454634.1145835,12.0,128.0,57.0,0.3143186569213867,0.0,-6.14639139175415,-2.186619520187378,-2.6193222999572754,-11.352306365966797,11.785008430480955,0.0987962180888644,0.3143186569213867,25.59463119506836
run_1777453584_f0af401c,1777454636.0987597,12.0,128.0,57.0,0.2702336311340332,0.0,-6.195987224578857,-1.9853495359420776,-2.251946926116944,-11.390076637268066,11.6566743850708,0.0730262153958847,0.2702336311340332,25.59463119506836
run_1777453584_f0af401c,1777454638.1185,12.0,128.0,57.0,0.182077407836914,0.0,-6.295163154602051,-0.3985509276390075,-1.5173118114471436,-11.418947219848633,12.53770923614502,0.0331521824446099,0.182077407836914,25.59463119506836
run_1777453584_f0af401c,1777454640.0937116,12.0,128.0,57.0,0.1379933357238769,0.0,-6.344757556915283,-0.2518914639949798,-1.149944543838501,-11.439499855041504,12.337553024291992,0.0190421607042026,0.1379933357238769,25.59463119506836
run_1777453584_f0af401c,1777454642.1060865,12.0,128.0,57.0,0.0498270988464355,0.0,-6.443944454193115,1.2874953746795654,-0.4152258336544037,-11.451157569885254,13.153879165649414,0.0024827397794524,0.0498270988464355,25.59463119506836
run_1777453584_f0af401c,1777454644.096374,12.0,128.0,57.0,0.005744457244873,0.0,-6.493537425994873,1.3925597667694092,-0.0478704795241355,-11.454484939575195,12.894914627075195,3.299878903817444e-05,0.005744457244873,25.59463119506836
run_1777453584_f0af401c,1777454646.095549,12.0,128.0,57.0,0.005744457244873,0.0,-6.493537425994873,0.0944815576076507,-0.0478704795241355,-11.442641258239746,11.584993362426758,3.299878903817444e-05,0.005744457244873,25.59463119506836
run_1777453584_f0af401c,1777454648.0997436,12.0,128.0,57.0,-0.0824170112609863,0.0,-6.592719078063965,1.7329312562942505,0.6868084669113159,-11.425249099731444,12.4713716506958,0.0067925637451935,0.0824170112609863,25.59463119506836
run_1777453584_f0af401c,1777454650.0909991,12.0,128.0,57.0,-0.1264834403991699,0.0,-6.642293930053711,1.9153938293457031,1.0540287494659424,-11.376653671264648,12.238018989562988,0.0159980606952103,0.1264834403991699,25.59463119506836
run_1777453584_f0af401c,1777454652.107146,12.0,128.0,57.0,-0.170562744140625,0.0,-6.691883087158203,2.169984579086304,1.421356201171875,-11.31771469116211,12.0663423538208,0.0290916496887803,0.170562744140625,25.59463119506836
run_1777453584_f0af401c,1777454654.1187923,12.0,128.0,57.0,-0.2146410942077636,0.0,-6.741471290588379,2.5580854415893555,1.7886757850646973,-11.262225151062012,12.031635284423828,0.046070799322706,0.2146410942077636,25.59463119506836
run_1777453584_f0af401c,1777454656.1022131,12.0,128.0,57.0,-0.2146410942077636,0.0,-6.741471290588379,1.4943175315856934,1.7886757850646973,-11.178301811218262,10.883943557739258,0.046070799322706,0.2146410942077636,25.59463119506836
run_1777453584_f0af401c,1777454658.1037085,12.0,128.0,57.0,-0.3027677536010742,0.0,-6.84061336517334,3.3517136573791504,2.523064613342285,-11.089208602905272,11.917858123779297,0.0916683126206407,0.3027677536010742,25.59463119506836
run_1777453584_f0af401c,1777454660.0991504,12.0,128.0,57.0,-0.3027677536010742,0.0,-6.84061336517334,2.3332676887512207,2.523064613342285,-10.970819473266602,10.78102207183838,0.0916683126206407,0.3027677536010742,25.59463119506836
run_1777453584_f0af401c,1777454662.1315074,12.0,128.0,57.0,-0.3468303680419922,0.0,-6.89018440246582,2.763017177581787,2.8902530670166016,-10.836065292358398,10.708828926086426,0.1202913041961437,0.3468303680419922,25.59463119506836
run_1777453584_f0af401c,1777454664.1240692,12.0,128.0,57.0,-0.3909206390380859,0.0,-6.939785957336426,3.249972343444824,3.257672071456909,-10.690966606140137,10.683267593383787,0.1528189460259454,0.3909206390380859,25.59463119506836
run_1777453584_f0af401c,1777454666.096598,12.0,128.0,57.0,-0.4790558815002441,0.0,-7.038938045501709,5.145564556121826,3.992132425308228,-10.52259635925293,11.67602825164795,0.2294945375999759,0.4790558815002441,25.59463119506836
run_1777453584_f0af401c,1777454668.0885668,12.0,128.0,57.0,-0.4349956512451172,0.0,-6.989370346069336,2.8472044467926025,3.624963760375977,-10.344748497009276,9.566988945007324,0.1892212166021636,0.4349956512451172,25.59463119506836
run_1777453584_f0af401c,1777454670.1442192,12.0,128.0,57.0,-0.567204475402832,0.0,-7.1381049156188965,6.222537040710449,4.726704120635986,-10.14622688293457,11.642059326171877,0.3217209169170019,0.567204475402832,25.59463119506836
run_1777453584_f0af401c,1777454672.2027116,12.0,128.0,57.0,-0.567204475402832,0.0,-7.1381049156188965,5.333797454833984,4.726704120635986,-9.924437522888184,10.53153133392334,0.3217209169170019,0.567204475402832,25.59463119506836
run_1777453584_f0af401c,1777454674.5053034,12.0,128.0,57.0,-0.6553487777709961,0.0,-7.23726749420166,7.313075542449951,5.461239814758301,-9.687143325805664,11.538979530334473,0.4294820205259384,0.6553487777709961,25.59463119506836
run_1777453584_f0af401c,1777454676.2804394,12.0,128.0,57.0,-0.6994061470031738,0.0,-7.286831855773926,7.840457439422607,5.828384876251221,-9.421414375305176,11.433486938476562,0.4891689584658252,0.6994061470031738,25.59463119506836
run_1777453584_f0af401c,1777454678.157713,12.0,128.0,57.0,-0.7434768676757812,0.0,-7.336411476135254,8.479520797729492,6.195640563964844,-9.155684471130373,11.43956470489502,0.5527578527689911,0.7434768676757812,25.59463119506836
run_1777453584_f0af401c,1777454680.101029,12.0,128.0,57.0,-0.7875461578369141,0.0,-7.385989189147949,9.05121612548828,6.56288480758667,-8.85549545288086,11.343826293945312,0.6202289507236856,0.7875461578369141,25.59463119506836
run_1777453584_f0af401c,1777454682.0984366,12.0,128.0,57.0,-0.8316159248352051,0.0,-7.435567855834961,9.683130264282228,6.930132865905762,-8.544964790344238,11.297961235046388,0.6915850464395135,0.8316159248352051,25.59463119506836
run_1777453584_f0af401c,1777454684.0995636,12.0,128.0,57.0,-0.7875461578369141,0.0,-7.385989189147949,7.5583882331848145,6.56288480758667,-8.229265213012695,9.22476863861084,0.6202289507236856,0.7875461578369141,25.59463119506836
run_1777453584_f0af401c,1777454686.2716465,12.0,128.0,57.0,-0.8756842613220215,0.0,-7.485145092010498,9.748283386230469,7.297369003295898,-7.905812740325928,10.356727600097656,0.7668229255270944,0.8756842613220215,25.59463119506836
run_1777453584_f0af401c,1777454688.0897956,12.0,128.0,57.0,-0.8756842613220215,0.0,-7.485145092010498,9.102775573730469,7.297369003295898,-7.563398838043213,9.36880588531494,0.7668229255270944,0.8756842613220215,25.59463119506836
run_1777453584_f0af401c,1777454690.1081018,12.0,128.0,57.0,-0.9197392463684082,0.0,-7.5347065925598145,9.856806755065918,7.664494037628174,-7.197739124298096,9.39005184173584,0.8459202813103275,0.9197392463684082,25.59463119506836
run_1777453584_f0af401c,1777454692.102213,12.0,128.0,57.0,-1.0078577995300293,0.0,-7.633840084075928,12.09792137145996,8.398815155029297,-6.8260416984558105,10.525147438049316,1.0157773440735127,1.0078577995300293,25.59463119506836
run_1777453584_f0af401c,1777454694.102835,12.0,128.0,57.0,-1.0078577995300293,0.0,-7.633840084075928,11.48802375793457,8.398815155029297,-6.431950569152832,9.521159172058104,1.0157773440735127,1.0078577995300293,25.59463119506836
run_1777453584_f0af401c,1777454696.0894916,12.0,128.0,57.0,-1.0078577995300293,0.0,-7.633840084075928,10.973896980285645,8.398815155029297,-6.0378594398498535,8.612940788269043,1.0157773440735127,1.0078577995300293,25.59463119506836
run_1777453584_f0af401c,1777454698.0975122,12.0,128.0,57.0,-1.0519099235534668,0.0,-7.683398723602295,11.95189094543457,8.76591682434082,-5.6411848068237305,8.82715892791748,1.1065144872702604,1.0519099235534668,25.59463119506836
run_1777453584_f0af401c,1777454700.0955086,12.0,128.0,57.0,-1.09598970413208,0.0,-7.732988357543945,12.910429954528809,9.133248329162598,-5.223836421966553,9.001018524169922,1.2011934315635244,1.09598970413208,25.59463119506836
run_1777453584_f0af401c,1777454702.0920146,12.0,128.0,57.0,-1.09598970413208,0.0,-7.732988357543945,12.480380058288574,9.133248329162598,-4.795286655426025,8.14241886138916,1.2011934315635244,1.09598970413208,25.59463119506836
run_1777453584_f0af401c,1777454704.1121693,12.0,128.0,57.0,-1.1400408744812012,0.0,-7.782545566558838,13.520569801330566,9.500341415405272,-4.36070728302002,8.380935668945312,1.299693195487862,1.1400408744812012,25.59463119506836
run_1777453584_f0af401c,1777454706.1076922,12.0,128.0,57.0,-1.1400408744812012,0.0,-7.782545566558838,13.217022895812988,9.500341415405272,-3.925267219543457,7.641948699951172,1.299693195487862,1.1400408744812012,25.59463119506836
run_1777453584_f0af401c,1777454708.1017134,12.0,128.0,57.0,-1.1400408744812012,0.0,-7.782545566558838,12.933837890625,9.500341415405272,-3.4794914722442627,6.912988662719727,1.299693195487862,1.1400408744812012,25.59463119506836
run_1777453584_f0af401c,1777454710.100413,12.0,128.0,57.0,-1.1841039657592771,0.0,-7.832117080688477,14.07587718963623,9.867533683776855,-3.020795583724976,7.2291388511657715,1.402102201726848,1.1841039657592771,25.59463119506836
run_1777453584_f0af401c,1777454712.1061962,12.0,128.0,57.0,-1.1841039657592771,0.0,-7.832117080688477,13.849300384521484,9.867533683776855,-2.557790517807007,6.539556503295898,1.402102201726848,1.1841039657592771,25.59463119506836
run_1777453584_f0af401c,1777454714.0984335,12.0,128.0,57.0,-1.1841039657592771,0.0,-7.832117080688477,13.688498497009276,9.867533683776855,-2.094785213470459,5.915751457214356,1.402102201726848,1.1841039657592771,25.59463119506836
run_1777453584_f0af401c,1777454716.1014965,12.0,128.0,57.0,-1.1841039657592771,0.0,-7.832117080688477,13.587203979492188,9.867533683776855,-1.6317801475524902,5.3514509201049805,1.402102201726848,1.1841039657592771,25.59463119506836
run_1777453584_f0af401c,1777454718.126698,12.0,128.0,57.0,-1.1400408744812012,0.0,-7.782545566558838,12.184045791625977,9.500341415405272,-1.1816987991333008,3.865403652191162,1.299693195487862,1.1400408744812012,25.59463119506836
run_1777453584_f0af401c,1777454720.0971098,12.0,128.0,57.0,-1.1841039657592771,0.0,-7.832117080688477,13.600872039794922,9.867533683776855,-0.7195569276809692,4.452896118164063,1.402102201726848,1.1841039657592771,25.59463119506836
run_1777453584_f0af401c,1777454722.1030543,12.0,128.0,57.0,-1.22816801071167,0.0,-7.881689071655273,14.994837760925291,10.234733581542969,-0.2436310350894928,5.003735065460205,1.5083966625354606,1.22816801071167,25.59463119506836
run_1777453584_f0af401c,1777454724.1023822,12.0,128.0,57.0,-1.22816801071167,0.0,-7.881689071655273,14.853623390197754,10.234733581542969,0.0924602597951889,4.526430130004883,1.5083966625354606,1.22816801071167,25.59463119506836
run_1777453584_f0af401c,1777454726.09978,12.0,128.0,57.0,-1.22816801071167,0.0,-7.881689071655273,14.581768035888672,10.234733581542969,0.252377986907959,4.094656467437744,1.5083966625354606,1.22816801071167,25.59463119506836
run_1777453584_f0af401c,1777454728.1014323,12.0,128.0,57.0,-1.1841039657592771,0.0,-7.832117080688477,13.078054428100586,9.867533683776855,0.4034028351306915,2.807119369506836,1.402102201726848,1.1841039657592771,25.59463119506836
run_1777453584_f0af401c,1777454730.098578,12.0,128.0,57.0,-1.1841039657592771,0.0,-7.832117080688477,12.964466094970703,9.867533683776855,0.5575832724571228,2.539349317550659,1.402102201726848,1.1841039657592771,25.59463119506836
run_1777453584_f0af401c,1777454732.0919952,12.0,128.0,57.0,-1.1841039657592771,0.0,-7.832117080688477,12.876418113708496,9.867533683776855,0.7117637395858765,2.297122001647949,1.402102201726848,1.1841039657592771,25.59463119506836
run_1777453584_f0af401c,1777454734.095009,12.0,128.0,57.0,-1.1841039657592771,0.0,-7.832117080688477,12.811478614807127,9.867533683776855,0.8659442067146301,2.078000783920288,1.402102201726848,1.1841039657592771,25.59463119506836
run_1777453584_f0af401c,1777454736.1119018,12.0,128.0,57.0,-1.1841039657592771,0.0,-7.832117080688477,12.767438888549805,9.867533683776855,1.0201246738433838,1.8797812461853027,1.402102201726848,1.1841039657592771,25.59463119506836
run_1777453584_f0af401c,1777454738.1071572,12.0,128.0,57.0,-1.1841039657592771,0.0,-7.832117080688477,12.7423095703125,9.867533683776855,1.174305081367493,1.7004700899124146,1.402102201726848,1.1841039657592771,25.59463119506836
run_1777453584_f0af401c,1777454740.0955832,12.0,128.0,57.0,-1.1841039657592771,0.0,-7.832117080688477,12.734281539916992,9.867533683776855,1.3284856081008911,1.5382630825042725,1.402102201726848,1.1841039657592771,25.59463119506836
run_1777453584_f0af401c,1777454742.1154518,12.0,128.0,57.0,-1.1841039657592771,0.0,-7.832117080688477,12.741727828979492,9.867533683776855,1.482666015625,1.3915289640426636,1.402102201726848,1.1841039657592771,25.59463119506836
run_1777453584_f0af401c,1777454744.1391065,12.0,128.0,57.0,-1.1841039657592771,0.0,-7.832117080688477,12.763171195983888,9.867533683776855,1.636845588684082,1.2587915658950806,1.402102201726848,1.1841039657592771,25.59463119506836
run_1777453584_f0af401c,1777454746.088186,12.0,128.0,57.0,-1.1841039657592771,0.0,-7.832117080688477,12.797273635864258,9.867533683776855,1.7910242080688477,1.138716459274292,1.402102201726848,1.1841039657592771,25.59463119506836
run_1777453584_f0af401c,1777454748.113016,12.0,128.0,57.0,-1.1841039657592771,0.0,-7.832117080688477,12.842830657958984,9.867533683776855,1.9452028274536133,1.030094861984253,1.402102201726848,1.1841039657592771,25.59463119506836
run_1777453584_f0af401c,1777454750.0981364,12.0,128.0,57.0,-1.1841039657592771,0.0,-7.832117080688477,12.898749351501465,9.867533683776855,2.099381446838379,0.9318348169326782,1.402102201726848,1.1841039657592771,25.59463119506836
run_1777453584_f0af401c,1777454752.1142204,12.0,128.0,57.0,-1.1841039657592771,0.0,-7.832117080688477,12.964041709899902,9.867533683776855,2.2535600662231445,0.8429479002952576,1.402102201726848,1.1841039657592771,25.59463119506836
run_1777453584_f0af401c,1777454754.447689,12.0,128.0,57.0,-1.1841039657592771,0.0,-7.832117080688477,13.037811279296877,9.867533683776855,2.40773868560791,0.7625395655632019,1.402102201726848,1.1841039657592771,25.59463119506836
run_1777453584_f0af401c,1777454756.1596272,12.0,128.0,57.0,-1.1841039657592771,0.0,-7.832117080688477,13.11925220489502,9.867533683776855,2.5619170665740967,0.6898014545440674,1.402102201726848,1.1841039657592771,25.59463119506836
run_1777453584_f0af401c,1777454758.0979009,12.0,128.0,57.0,-1.1841039657592771,0.0,-7.832117080688477,13.207629203796388,9.867533683776855,2.7160956859588623,0.624001681804657,1.402102201726848,1.1841039657592771,25.59463119506836
run_1777453584_f0af401c,1777454760.1077828,12.0,128.0,57.0,-1.1841039657592771,0.0,-7.832117080688477,13.302286148071287,9.867533683776855,2.870274305343628,0.5644784569740295,1.402102201726848,1.1841039657592771,25.59463119506836
run_1777453584_f0af401c,1777454762.1009803,12.0,128.0,57.0,-1.1400408744812012,0.0,-7.782545566558838,12.036938667297363,9.500341415405272,3.0212976932525635,-0.4847011566162109,1.299693195487862,1.1400408744812012,25.59463119506836
run_1777453584_f0af401c,1777454764.1010222,12.0,128.0,57.0,-1.1841039657592771,0.0,-7.832117080688477,13.560469627380373,9.867533683776855,3.1751904487609863,0.5177450180053711,1.402102201726848,1.1841039657592771,25.59463119506836
run_1777453584_f0af401c,1777454766.100786,12.0,128.0,57.0,-1.1841039657592771,0.0,-7.832117080688477,13.665265083312988,9.867533683776855,3.3293728828430176,0.4683577418327331,1.402102201726848,1.1841039657592771,25.59463119506836
run_1777453584_f0af401c,1777454768.1332662,12.0,128.0,57.0,-1.1400408744812012,0.0,-7.782545566558838,12.390077590942385,9.500341415405272,3.4815471172332764,-0.5918110609054565,1.299693195487862,1.1400408744812012,25.59463119506836
run_1777453584_f0af401c,1777454770.1025455,12.0,128.0,57.0,-1.1841039657592771,0.0,-7.832117080688477,13.96065616607666,9.867533683776855,3.633147954940796,0.4599756896495819,1.402102201726848,1.1841039657592771,25.59463119506836
run_1777453584_f0af401c,1777454772.0951304,12.0,128.0,57.0,-1.1841039657592771,0.0,-7.832117080688477,14.070961952209473,9.867533683776855,3.787330150604248,0.4160988628864288,1.402102201726848,1.1841039657592771,25.59463119506836
run_1777453584_f0af401c,1777454774.105611,12.0,128.0,57.0,-1.1841039657592771,0.0,-7.832117080688477,14.185454368591309,9.867533683776855,3.9415125846862793,0.3764074146747589,1.402102201726848,1.1841039657592771,25.59463119506836
run_1777453584_f0af401c,1777454776.134066,12.0,128.0,57.0,-1.1841039657592771,0.0,-7.832117080688477,14.303730010986328,9.867533683776855,4.095695018768311,0.3405021131038666,1.402102201726848,1.1841039657592771,25.59463119506836
run_1777453584_f0af401c,1777454778.1203704,12.0,128.0,57.0,-1.1400408744812012,0.0,-7.782545566558838,13.0597505569458,9.500341415405272,4.2467217445373535,-0.6873125433921814,1.299693195487862,1.1400408744812012,25.59463119506836
run_1777453584_f0af401c,1777454780.1275604,12.0,128.0,57.0,-1.1400408744812012,0.0,-7.782545566558838,13.273757934570312,9.500341415405272,4.395167350769043,-0.6217502355575562,1.299693195487862,1.1400408744812012,25.59463119506836
run_1777453584_f0af401c,1777454782.090482,12.0,128.0,57.0,-1.1400408744812012,0.0,-7.782545566558838,13.481513023376465,9.500341415405272,4.543612480163574,-0.562441885471344,1.299693195487862,1.1400408744812012,25.59463119506836
run_1777453584_f0af401c,1777454784.1083343,12.0,128.0,57.0,-1.1841039657592771,0.0,-7.832117080688477,15.012460708618164,9.867533683776855,4.697507858276367,0.4474199414253235,1.402102201726848,1.1841039657592771,25.59463119506836
run_1777453584_f0af401c,1777454786.1101732,12.0,128.0,57.0,-1.1841039657592771,0.0,-7.832117080688477,15.1239652633667,9.867533683776855,4.851690292358398,0.4047406911849975,1.402102201726848,1.1841039657592771,25.59463119506836
run_1777453584_f0af401c,1777454788.126233,12.0,128.0,57.0,-1.1841039657592771,0.0,-7.832117080688477,15.239538192749023,9.867533683776855,5.00587272644043,0.3661326467990875,1.402102201726848,1.1841039657592771,25.59463119506836
run_1777453584_f0af401c,1777454790.100694,12.0,128.0,57.0,-1.1400408744812012,0.0,-7.782545566558838,13.993114471435549,9.500341415405272,5.156899452209473,-0.6641268730163574,1.299693195487862,1.1400408744812012,25.59463119506836
run_1777453584_f0af401c,1777454792.1443944,12.0,128.0,57.0,-1.1841039657592771,0.0,-7.832117080688477,15.609021186828612,9.867533683776855,5.306205749511719,0.435282289981842,1.402102201726848,1.1841039657592771,25.59463119506836
run_1777453584_f0af401c,1777454794.092947,12.0,128.0,57.0,-1.1841039657592771,0.0,-7.832117080688477,15.721683502197266,9.867533683776855,5.460387706756592,0.39376100897789,1.402102201726848,1.1841039657592771,25.59463119506836
run_1777453584_f0af401c,1777454796.2659574,12.0,128.0,57.0,-1.1400408744812012,0.0,-7.782545566558838,14.434192657470703,9.500341415405272,5.613709449768066,-0.6798582077026367,1.299693195487862,1.1400408744812012,25.59463119506836
run_1777453584_f0af401c,1777454798.0936904,12.0,128.0,57.0,-1.1400408744812012,0.0,-7.782545566558838,14.647489547729492,9.500341415405272,5.762155055999756,-0.6150070428848267,1.299693195487862,1.1400408744812012,25.59463119506836
run_1777453584_f0af401c,1777454800.100786,12.0,128.0,57.0,-1.1400408744812012,0.0,-7.782545566558838,14.854599952697754,9.500341415405272,5.910600185394287,-0.5563419461250305,1.299693195487862,1.1400408744812012,25.59463119506836
run_1777453584_f0af401c,1777454802.101257,12.0,128.0,57.0,-1.1400408744812012,0.0,-7.782545566558838,15.056114196777344,9.500341415405272,6.059045791625977,-0.5032727718353271,1.299693195487862,1.1400408744812012,25.59463119506836
run_1777453584_f0af401c,1777454804.0934217,12.0,128.0,57.0,-1.1400408744812012,0.0,-7.782545566558838,15.25256633758545,9.500341415405272,6.207490921020508,-0.4552658796310425,1.299693195487862,1.1400408744812012,25.59463119506836
run_1777453584_f0af401c,1777454806.1121671,12.0,128.0,57.0,-1.0519099235534668,0.0,-7.683398723602295,12.712925910949709,8.76591682434082,6.349625587463379,-2.4026148319244385,1.1065144872702604,1.0519099235534668,25.59463119506836
run_1777453584_f0af401c,1777454808.1269891,12.0,128.0,57.0,-1.09598970413208,0.0,-7.732988357543945,14.426663398742676,9.133248329162598,6.490899562835693,-1.1974843740463257,1.2011934315635244,1.09598970413208,25.59463119506836
run_1777453584_f0af401c,1777454810.097017,12.0,128.0,57.0,-1.09598970413208,0.0,-7.732988357543945,14.683599472045898,9.133248329162598,6.633607864379883,-1.0832568407058716,1.2011934315635244,1.09598970413208,25.59463119506836
run_1777453584_f0af401c,1777454812.0955954,12.0,128.0,57.0,-1.0519099235534668,0.0,-7.683398723602295,13.58205795288086,8.76591682434082,6.7720136642456055,-1.9558714628219604,1.1065144872702604,1.0519099235534668,25.59463119506836
run_1777453584_f0af401c,1777454814.0920389,12.0,128.0,57.0,-1.09598970413208,0.0,-7.732988357543945,15.271798133850098,9.133248329162598,6.912140369415283,-0.7735906839370728,1.2011934315635244,1.09598970413208,25.59463119506836
run_1777453584_f0af401c,1777454816.092545,12.0,128.0,57.0,-1.09598970413208,0.0,-7.732988357543945,15.602386474609377,9.133248329162598,7.047964572906494,-0.5788263082504272,1.2011934315635244,1.09598970413208,25.59463119506836
run_1777453584_f0af401c,1777454818.091153,12.0,128.0,57.0,-1.0519099235534668,0.0,-7.683398723602295,14.434109687805176,8.76591682434082,7.1875176429748535,-1.519323706626892,1.1065144872702604,1.0519099235534668,25.59463119506836
run_1777453584_f0af401c,1777454820.0919223,12.0,128.0,57.0,-1.0519099235534668,0.0,-7.683398723602295,14.716008186340332,8.76591682434082,7.324489116668701,-1.374396562576294,1.1065144872702604,1.0519099235534668,25.59463119506836
run_1777453584_f0af401c,1777454822.0881293,12.0,128.0,57.0,-1.0519099235534668,0.0,-7.683398723602295,14.98408317565918,8.76591682434082,7.461460590362549,-1.2432936429977417,1.1065144872702604,1.0519099235534668,25.59463119506836
run_1777453584_f0af401c,1777454824.214567,12.0,128.0,57.0,-1.0519099235534668,0.0,-7.683398723602295,15.239651679992676,8.76591682434082,7.5984320640563965,-1.1246966123580933,1.1065144872702604,1.0519099235534668,25.59463119506836
run_1777453584_f0af401c,1777454826.1168883,12.0,128.0,57.0,-1.0519099235534668,0.0,-7.683398723602295,15.483906745910645,8.76591682434082,7.735403537750244,-1.0174123048782349,1.1065144872702604,1.0519099235534668,25.59463119506836
run_1777453584_f0af401c,1777454828.0992556,12.0,128.0,57.0,-1.0519099235534668,0.0,-7.683398723602295,15.71792984008789,8.76591682434082,7.872375011444092,-0.9203619360923768,1.1065144872702604,1.0519099235534668,25.59463119506836
run_1777453584_f0af401c,1777454830.1009543,12.0,128.0,57.0,-0.9637908935546876,0.0,-7.584264755249023,13.173532485961914,8.031591415405273,8.005331039428711,-2.863389015197754,0.928892886498943,0.9637908935546876,25.59463119506836
run_1777453584_f0af401c,1777454832.085544,12.0,128.0,57.0,-0.9637908935546876,0.0,-7.584264755249023,13.515122413635254,8.031591415405273,8.134270668029785,-2.6507391929626465,0.928892886498943,0.9637908935546876,25.59463119506836
run_1777453584_f0af401c,1777454834.0967703,12.0,128.0,57.0,-1.0078577995300293,0.0,-7.633840084075928,15.27828598022461,8.398815155029297,8.261775970458984,-1.3823057413101196,1.0157773440735127,1.0078577995300293,25.59463119506836
run_1777453584_f0af401c,1777454836.1096056,12.0,128.0,57.0,-1.0078577995300293,0.0,-7.633840084075928,15.541378021240234,8.398815155029297,8.393010139465332,-1.2504485845565796,1.0157773440735127,1.0078577995300293,25.59463119506836
run_1777453584_f0af401c,1777454838.109246,12.0,128.0,57.0,-1.0078577995300293,0.0,-7.633840084075928,15.79189109802246,8.398815155029297,8.524245262145996,-1.131169319152832,1.0157773440735127,1.0078577995300293,25.59463119506836
run_1777453584_f0af401c,1777454840.0934572,12.0,128.0,57.0,-1.0078577995300293,0.0,-7.633840084075928,16.031028747558594,8.398815155029297,8.655479431152344,-1.0232678651809692,1.0157773440735127,1.0078577995300293,25.59463119506836
run_1777453584_f0af401c,1777454842.0995264,12.0,128.0,57.0,-0.9637908935546876,0.0,-7.584264755249023,14.875057220458984,8.031591415405273,8.784706115722656,-1.9412392377853396,0.928892886498943,0.9637908935546876,25.59463119506836
run_1777453584_f0af401c,1777454844.0947,12.0,128.0,57.0,-0.9197392463684082,0.0,-7.5347065925598145,13.781982421875,7.664494037628174,8.909342765808105,-2.791854858398437,0.8459202813103275,0.9197392463684082,25.59463119506836
run_1777453584_f0af401c,1777454846.094942,12.0,128.0,57.0,-0.9637908935546876,0.0,-7.584264755249023,15.552391052246094,8.031591415405273,9.03111171722412,-1.51031231880188,0.928892886498943,0.9637908935546876,25.59463119506836
run_1777453584_f0af401c,1777454848.1059852,12.0,128.0,57.0,-0.9637908935546876,0.0,-7.584264755249023,15.821955680847168,8.031591415405273,9.156609535217283,-1.3662444353103638,0.928892886498943,0.9637908935546876,25.59463119506836
run_1777453584_f0af401c,1777454850.1012394,12.0,128.0,57.0,-0.9197392463684082,0.0,-7.5347065925598145,14.693445205688477,7.664494037628174,9.280098915100098,-2.251147508621216,0.8459202813103275,0.9197392463684082,25.59463119506836
run_1777453584_f0af401c,1777454852.286657,12.0,128.0,57.0,-0.9637908935546876,0.0,-7.584264755249023,16.374666213989258,8.031591415405273,9.404162406921388,-1.0610884428024292,0.928892886498943,0.9637908935546876,25.59463119506836
run_1777453584_f0af401c,1777454854.106072,12.0,128.0,57.0,-0.9197392463684082,0.0,-7.5347065925598145,15.217044830322266,7.664494037628174,9.5276517868042,-1.9751005172729488,0.8459202813103275,0.9197392463684082,25.59463119506836
run_1777453584_f0af401c,1777454856.1021793,12.0,128.0,57.0,-0.9197392463684082,0.0,-7.5347065925598145,15.525209426879885,7.664494037628174,9.647412300109863,-1.7866966724395752,0.8459202813103275,0.9197392463684082,25.59463119506836
run_1777453584_f0af401c,1777454858.1318033,12.0,128.0,57.0,-0.9197392463684082,0.0,-7.5347065925598145,15.81540298461914,7.664494037628174,9.767172813415527,-1.616264820098877,0.8459202813103275,0.9197392463684082,25.59463119506836
run_1777453584_f0af401c,1777454860.1308122,12.0,128.0,57.0,-0.9197392463684082,0.0,-7.5347065925598145,16.089338302612305,7.664494037628174,9.886934280395508,-1.4620903730392456,0.8459202813103275,0.9197392463684082,25.59463119506836
run_1777453584_f0af401c,1777454862.1047013,12.0,128.0,57.0,-0.9197392463684082,0.0,-7.5347065925598145,16.34856605529785,7.664494037628174,10.006694793701172,-1.3226224184036257,0.8459202813103275,0.9197392463684082,25.59463119506836
run_1777453584_f0af401c,1777454864.1039698,12.0,128.0,57.0,-0.8756842613220215,0.0,-7.485145092010498,15.24766731262207,7.297369003295898,10.122152328491213,-2.1718547344207764,0.7668229255270944,0.8756842613220215,25.59463119506836
run_1777453584_f0af401c,1777454866.106029,12.0,128.0,57.0,-0.8756842613220215,0.0,-7.485145092010498,15.56886100769043,7.297369003295898,10.236176490783691,-1.964683055877685,0.7668229255270944,0.8756842613220215,25.59463119506836
run_1777453584_f0af401c,1777454868.0978174,12.0,128.0,57.0,-0.8756842613220215,0.0,-7.485145092010498,15.870295524597168,7.297369003295898,10.350199699401855,-1.7772730588912964,0.7668229255270944,0.8756842613220215,25.59463119506836
run_1777453584_f0af401c,1777454870.116713,12.0,128.0,57.0,-0.8756842613220215,0.0,-7.485145092010498,16.153852462768555,7.297369003295898,10.464223861694336,-1.6077399253845217,0.7668229255270944,0.8756842613220215,25.59463119506836
run_1777453584_f0af401c,1777454872.1165636,12.0,128.0,57.0,-0.8316159248352051,0.0,-7.435567855834961,15.074007034301758,6.930132865905762,10.573944091796877,-2.430071353912353,0.6915850464395135,0.8316159248352051,25.59463119506836
run_1777453584_f0af401c,1777454874.0997548,12.0,128.0,57.0,-0.8316159248352051,0.0,-7.435567855834961,15.41409683227539,6.930132865905762,10.682230949401855,-2.198268175125122,0.6915850464395135,0.8316159248352051,25.59463119506836
run_1777453584_f0af401c,1777454876.0999124,12.0,128.0,57.0,-0.8316159248352051,0.0,-7.435567855834961,15.732075691223145,6.930132865905762,10.790517807006836,-1.9885767698287964,0.6915850464395135,0.8316159248352051,25.59463119506836
run_1777453584_f0af401c,1777454878.133866,12.0,128.0,57.0,-0.8316159248352051,0.0,-7.435567855834961,16.03005027770996,6.930132865905762,10.898804664611816,-1.7988873720169067,0.6915850464395135,0.8316159248352051,25.59463119506836
run_1777453584_f0af401c,1777454880.1222627,12.0,128.0,57.0,-0.7875461578369141,0.0,-7.385989189147949,14.94404411315918,6.56288480758667,11.003935813903809,-2.6227777004241943,0.6202289507236856,0.7875461578369141,25.59463119506836
run_1777453584_f0af401c,1777454882.092305,12.0,128.0,57.0,-0.7875461578369141,0.0,-7.385989189147949,15.240928649902344,6.56288480758667,11.109928131103516,-2.4318835735321045,0.6202289507236856,0.7875461578369141,25.59463119506836
run_1777453584_f0af401c,1777454884.0987031,12.0,128.0,57.0,-0.7875461578369141,0.0,-7.385989189147949,15.575454711914062,6.56288480758667,11.212477684020996,-2.1999080181121826,0.6202289507236856,0.7875461578369141,25.59463119506836
run_1777453584_f0af401c,1777454886.0974116,12.0,128.0,57.0,-0.7875461578369141,0.0,-7.385989189147949,15.88785171508789,6.56288480758667,11.315027236938477,-1.9900599718093872,0.6202289507236856,0.7875461578369141,25.59463119506836
run_1777453584_f0af401c,1777454888.0987616,12.0,128.0,57.0,-0.7875461578369141,0.0,-7.385989189147949,16.180233001708984,6.56288480758667,11.417577743530272,-1.8002291917800903,0.6202289507236856,0.7875461578369141,25.59463119506836
run_1777453584_f0af401c,1777454890.11008,12.0,128.0,57.0,-0.7434768676757812,0.0,-7.336411476135254,15.125465393066406,6.195640563964844,11.514677047729492,-2.5848515033721924,0.5527578527689911,0.7434768676757812,25.59463119506836
run_1777453584_f0af401c,1777454892.1058347,12.0,128.0,57.0,-0.6994061470031738,0.0,-7.286831855773926,14.102928161621094,5.828384876251221,11.6083345413208,-3.3337905406951904,0.4891689584658252,0.6994061470031738,25.59463119506836
run_1777453584_f0af401c,1777454894.0873427,12.0,128.0,57.0,-0.6994061470031738,0.0,-7.286831855773926,14.45616340637207,5.828384876251221,11.702852249145508,-3.0750739574432373,0.4891689584658252,0.6994061470031738,25.59463119506836
run_1777453584_f0af401c,1777454896.1024103,12.0,128.0,57.0,-0.6994061470031738,0.0,-7.286831855773926,14.840568542480469,5.828384876251221,11.793928146362305,-2.781744718551636,0.4891689584658252,0.6994061470031738,25.59463119506836
run_1777453584_f0af401c,1777454898.099227,12.0,128.0,57.0,-0.7434768676757812,0.0,-7.336411476135254,16.52607536315918,6.195640563964844,11.890454292297363,-1.5600191354751587,0.5527578527689911,0.7434768676757812,25.59463119506836
run_1777453584_f0af401c,1777454900.1443806,12.0,128.0,57.0,-0.6994061470031738,0.0,-7.286831855773926,15.405779838562012,5.828384876251221,11.984111785888672,-2.4067163467407227,0.4891689584658252,0.6994061470031738,25.59463119506836
run_1777453584_f0af401c,1777454902.1467392,12.0,128.0,57.0,-0.6553487777709961,0.0,-7.23726749420166,14.3419189453125,5.461239814758301,12.073180198669434,-3.1925010681152344,0.4294820205259384,0.6553487777709961,25.59463119506836
run_1777453584_f0af401c,1777454904.1735125,12.0,128.0,57.0,-0.6994061470031738,0.0,-7.286831855773926,16.097293853759766,5.828384876251221,12.16167449951172,-1.8927652835845947,0.4891689584658252,0.6994061470031738,25.59463119506836
run_1777453584_f0af401c,1777454906.1023788,12.0,128.0,57.0,-0.6553487777709961,0.0,-7.23726749420166,14.964990615844728,5.461239814758301,12.251890182495115,-2.7481396198272705,0.4294820205259384,0.6553487777709961,25.59463119506836
run_1777453584_f0af401c,1777454908.0978987,12.0,128.0,57.0,-0.6994061470031738,0.0,-7.286831855773926,16.677976608276367,5.828384876251221,12.340383529663086,-1.4907909631729126,0.4891689584658252,0.6994061470031738,25.59463119506836
run_1777453584_f0af401c,1777454910.101841,12.0,128.0,57.0,-0.6994061470031738,0.0,-7.286831855773926,16.986507415771484,5.828384876251221,12.426870346069336,-1.2687480449676514,0.4891689584658252,0.6994061470031738,25.59463119506836
run_1777453584_f0af401c,1777454912.0945356,12.0,128.0,57.0,-0.6553487777709961,0.0,-7.23726749420166,15.833099365234377,5.461239814758301,12.514787673950195,-2.142928123474121,0.4294820205259384,0.6553487777709961,25.59463119506836
run_1777453584_f0af401c,1777454914.107075,12.0,128.0,57.0,-0.6553487777709961,0.0,-7.23726749420166,16.122835159301758,5.461239814758301,12.600111961364746,-1.938515543937683,0.4294820205259384,0.6553487777709961,25.59463119506836
run_1777453584_f0af401c,1777454916.087566,12.0,128.0,57.0,-0.6112766265869141,0.0,-7.187685966491699,15.02712059020996,5.093972206115723,12.682289123535156,-2.749140501022339,0.3736591142114775,0.6112766265869141,25.59463119506836
run_1777453584_f0af401c,1777454918.134761,12.0,128.0,57.0,-0.6112766265869141,0.0,-7.187685966491699,15.293675422668455,5.093972206115723,12.766468048095703,-2.566765785217285,0.3736591142114775,0.6112766265869141,25.59463119506836
run_1777453584_f0af401c,1777454920.1017692,12.0,128.0,57.0,-0.6553487777709961,0.0,-7.23726749420166,16.984073638916016,5.461239814758301,12.849217414855955,-1.3263843059539795,0.4294820205259384,0.6553487777709961,25.59463119506836
run_1777453584_f0af401c,1777454922.119517,12.0,128.0,57.0,-0.567204475402832,0.0,-7.1381049156188965,14.38711929321289,4.726704120635986,12.932820320129396,-3.272404432296753,0.3217209169170019,0.567204475402832,25.59463119506836
run_1777453584_f0af401c,1777454924.102558,12.0,128.0,57.0,-0.567204475402832,0.0,-7.1381049156188965,14.773122787475586,4.726704120635986,13.006670951843262,-2.9602513313293457,0.3217209169170019,0.567204475402832,25.59463119506836
run_1777453584_f0af401c,1777454926.1492765,12.0,128.0,57.0,-0.6112766265869141,0.0,-7.187685966491699,16.53375244140625,5.093972206115723,13.08138370513916,-1.6416032314300537,0.3736591142114775,0.6112766265869141,25.59463119506836
run_1777453584_f0af401c,1777454928.1048305,12.0,128.0,57.0,-0.6112766265869141,0.0,-7.187685966491699,16.769947052001953,5.093972206115723,13.160985946655272,-1.4850112199783323,0.3736591142114775,0.6112766265869141,25.59463119506836
run_1777453584_f0af401c,1777454930.0870714,12.0,128.0,57.0,-0.6112766265869141,0.0,-7.187685966491699,17.066465377807617,5.093972206115723,13.235986709594728,-1.2634929418563845,0.3736591142114775,0.6112766265869141,25.59463119506836
run_1777453584_f0af401c,1777454932.1138165,12.0,128.0,57.0,-0.567204475402832,0.0,-7.1381049156188965,16.042097091674805,4.726704120635986,13.349349975585938,-2.033957004547119,0.3217209169170019,0.567204475402832,25.59463119506836
run_1777453584_f0af401c,1777454935.093624,12.0,128.0,57.0,-0.567204475402832,0.0,-7.1381049156188965,16.367637634277344,4.726704120635986,13.419766426086426,-1.7788323163986206,0.3217209169170019,0.567204475402832,25.59463119506836
run_1777453584_f0af401c,1777454937.2007911,12.0,128.0,57.0,-0.567204475402832,0.0,-7.1381049156188965,16.61117172241211,4.726704120635986,13.493617057800291,-1.6091502904891968,0.3217209169170019,0.567204475402832,25.59463119506836
run_1777453584_f0af401c,1777454939.1122365,12.0,128.0,57.0,-0.5231304168701172,0.0,-7.088521957397461,15.424188613891602,4.359420299530029,13.567180633544922,-2.5024120807647705,0.2736654330547026,0.5231304168701172,25.59463119506836
run_1777453584_f0af401c,1777454941.1555042,12.0,128.0,57.0,-0.567204475402832,0.0,-7.1381049156188965,17.125713348388672,4.726704120635986,13.63673973083496,-1.237729787826538,0.3217209169170019,0.567204475402832,25.59463119506836
run_1777453584_f0af401c,1777454943.0850005,12.0,128.0,57.0,-0.5231304168701172,0.0,-7.088521957397461,15.96097469329834,4.359420299530029,13.706870079040527,-2.1053147315979004,0.2736654330547026,0.5231304168701172,25.59463119506836
run_1777453584_f0af401c,1777454945.1341958,12.0,128.0,57.0,-0.5231304168701172,0.0,-7.088521957397461,16.229928970336914,4.359420299530029,13.774998664855955,-1.904489636421204,0.2736654330547026,0.5231304168701172,25.59463119506836
run_1777453584_f0af401c,1777454947.1127012,12.0,128.0,57.0,-0.5231304168701172,0.0,-7.088521957397461,16.479724884033203,4.359420299530029,13.84312629699707,-1.722821593284607,0.2736654330547026,0.5231304168701172,25.59463119506836
run_1777453584_f0af401c,1777454949.0962706,12.0,128.0,57.0,-0.4790558815002441,0.0,-7.038938045501709,15.317477226257324,3.992132425308228,13.90981674194336,-2.584472894668579,0.2294945375999759,0.4790558815002441,25.59463119506836
run_1777453584_f0af401c,1777454951.0890572,12.0,128.0,57.0,-0.4790558815002441,0.0,-7.038938045501709,15.626384735107422,3.992132425308228,13.972192764282228,-2.337942123413086,0.2294945375999759,0.4790558815002441,25.59463119506836
run_1777453584_f0af401c,1777454953.095475,12.0,128.0,57.0,-0.4790558815002441,0.0,-7.038938045501709,15.911775588989258,3.992132425308228,14.034568786621094,-2.114927053451538,0.2294945375999759,0.4790558815002441,25.59463119506836
run_1777453584_f0af401c,1777454955.088411,12.0,128.0,57.0,-0.4790558815002441,0.0,-7.038938045501709,16.175893783569336,3.992132425308228,14.096945762634276,-1.913185834884644,0.2294945375999759,0.4790558815002441,25.59463119506836
run_1777453584_f0af401c,1777454957.1015215,12.0,128.0,57.0,-0.4790558815002441,0.0,-7.038938045501709,16.420766830444336,3.992132425308228,14.159321784973145,-1.730688452720642,0.2294945375999759,0.4790558815002441,25.59463119506836
run_1777453584_f0af401c,1777454959.0901344,12.0,128.0,57.0,-0.4790558815002441,0.0,-7.038938045501709,16.648231506347656,3.992132425308228,14.221697807312012,-1.5655990839004517,0.2294945375999759,0.4790558815002441,25.59463119506836
run_1777453584_f0af401c,1777454961.110272,12.0,128.0,57.0,-0.4790558815002441,0.0,-7.038938045501709,16.85995101928711,3.992132425308228,14.284074783325195,-1.416257619857788,0.2294945375999759,0.4790558815002441,25.59463119506836
run_1777453584_f0af401c,1777454963.0988264,12.0,128.0,57.0,-0.4349956512451172,0.0,-6.989370346069336,15.701190948486328,3.624963760375977,14.342731475830078,-2.2665035724639893,0.1892212166021636,0.4349956512451172,25.59463119506836
run_1777453584_f0af401c,1777454965.0980916,12.0,128.0,57.0,-0.4349956512451172,0.0,-6.989370346069336,15.91760540008545,3.624963760375977,14.40281867980957,-2.110177755355835,0.1892212166021636,0.4349956512451172,25.59463119506836
run_1777453584_f0af401c,1777454967.1001751,12.0,128.0,57.0,-0.4349956512451172,0.0,-6.989370346069336,16.175546646118164,3.624963760375977,14.45947265625,-1.9088890552520752,0.1892212166021636,0.4349956512451172,25.59463119506836
run_1777453584_f0af401c,1777454969.0818665,12.0,128.0,57.0,-0.4349956512451172,0.0,-6.989370346069336,16.414289474487305,3.624963760375977,14.51612663269043,-1.726801514625549,0.1892212166021636,0.4349956512451172,25.59463119506836
run_1777453584_f0af401c,1777454971.1109812,12.0,128.0,57.0,-0.4349956512451172,0.0,-6.989370346069336,16.635662078857422,3.624963760375977,14.572781562805176,-1.5620830059051514,0.1892212166021636,0.4349956512451172,25.59463119506836
run_1777453584_f0af401c,1777454973.1040962,12.0,128.0,57.0,-0.3468303680419922,0.0,-6.89018440246582,14.05137825012207,2.8902530670166016,14.626559257507324,-3.465435266494751,0.1202913041961437,0.3468303680419922,25.59463119506836
run_1777453584_f0af401c,1777454975.0988042,12.0,128.0,57.0,-0.3909206390380859,0.0,-6.939785957336426,15.784266471862791,3.257672071456909,14.675448417663574,-2.148855209350586,0.1528189460259454,0.3909206390380859,25.59463119506836
run_1777453584_f0af401c,1777454977.0934267,12.0,128.0,57.0,-0.3909206390380859,0.0,-6.939785957336426,16.040145874023438,3.257672071456909,14.726350784301758,-1.943877339363098,0.1528189460259454,0.3909206390380859,25.59463119506836
run_1777453584_f0af401c,1777454979.0979877,12.0,128.0,57.0,-0.3909206390380859,0.0,-6.939785957336426,16.276473999023438,3.257672071456909,14.77725315093994,-1.7584521770477295,0.1528189460259454,0.3909206390380859,25.59463119506836
run_1777453584_f0af401c,1777454981.0983872,12.0,128.0,57.0,-0.3909206390380859,0.0,-6.939785957336426,16.495115280151367,3.257672071456909,14.828155517578123,-1.5907142162322998,0.1528189460259454,0.3909206390380859,25.59463119506836
run_1777453584_f0af401c,1777454983.2462835,12.0,128.0,57.0,-0.3909206390380859,0.0,-6.939785957336426,16.69775390625,3.257672071456909,14.879057884216309,-1.4389770030975342,0.1528189460259454,0.3909206390380859,25.59463119506836
run_1777453584_f0af401c,1777454985.0909555,12.0,128.0,57.0,-0.3468303680419922,0.0,-6.89018440246582,15.54716968536377,2.8902530670166016,14.925071716308594,-2.268154621124268,0.1202913041961437,0.3468303680419922,25.59463119506836
run_1777453584_f0af401c,1777454987.1409535,12.0,128.0,57.0,-0.3468303680419922,0.0,-6.89018440246582,15.808677673339844,2.8902530670166016,14.970222473144531,-2.051797151565552,0.1202913041961437,0.3468303680419922,25.59463119506836
run_1777453584_f0af401c,1777454989.0881395,12.0,128.0,57.0,-0.3468303680419922,0.0,-6.89018440246582,16.049549102783203,2.8902530670166016,15.015372276306152,-1.8560773134231567,0.1202913041961437,0.3468303680419922,25.59463119506836
run_1777453584_f0af401c,1777454991.1468828,12.0,128.0,57.0,-0.3468303680419922,0.0,-6.89018440246582,16.27174949645996,2.8902530670166016,15.06052303314209,-1.6790273189544678,0.1202913041961437,0.3468303680419922,25.59463119506836
run_1777453584_f0af401c,1777454993.083397,12.0,128.0,57.0,-0.3468303680419922,0.0,-6.89018440246582,16.477060317993164,2.8902530670166016,15.105673789978027,-1.518865704536438,0.1202913041961437,0.3468303680419922,25.59463119506836
run_1777453584_f0af401c,1777454995.1027763,12.0,128.0,57.0,-0.3468303680419922,0.0,-6.89018440246582,16.667097091674805,2.8902530670166016,15.150824546813965,-1.3739815950393677,0.1202913041961437,0.3468303680419922,25.59463119506836
run_1777453584_f0af401c,1777454997.0917642,12.0,128.0,57.0,-0.2586903572082519,0.0,-6.791026592254639,14.054170608520508,2.1557531356811523,15.193106651306152,-3.2946879863739014,0.066920700912533,0.2586903572082519,25.59463119506836
run_1777453584_f0af401c,1777454999.0982642,12.0,128.0,57.0,-0.3027677536010742,0.0,-6.84061336517334,15.777715682983398,2.523064613342285,15.229371070861816,-1.974720478057861,0.0916683126206407,0.3027677536010742,25.59463119506836
run_1777453584_f0af401c,1777455001.0947833,12.0,128.0,57.0,-0.3027677536010742,0.0,-6.84061336517334,16.005512237548828,2.523064613342285,15.268799781799316,-1.7863531112670898,0.0916683126206407,0.3027677536010742,25.59463119506836
run_1777453584_f0af401c,1777455003.09566,12.0,128.0,57.0,-0.3027677536010742,0.0,-6.84061336517334,16.21533966064453,2.523064613342285,15.308228492736816,-1.615953803062439,0.0916683126206407,0.3027677536010742,25.59463119506836
run_1777453584_f0af401c,1777455005.091824,12.0,128.0,57.0,-0.3027677536010742,0.0,-6.84061336517334,16.408912658691406,2.523064613342285,15.34765625,-1.461808443069458,0.0916683126206407,0.3027677536010742,25.59463119506836
run_1777453584_f0af401c,1777455007.188037,12.0,128.0,57.0,-0.3027677536010742,0.0,-6.84061336517334,16.58778190612793,2.523064613342285,15.3870849609375,-1.322367548942566,0.0916683126206407,0.3027677536010742,25.59463119506836
run_1777453584_f0af401c,1777455009.1197977,12.0,128.0,57.0,-0.3027677536010742,0.0,-6.84061336517334,16.75334930419922,2.523064613342285,15.426513671875,-1.1962275505065918,0.0916683126206407,0.3027677536010742,25.59463119506836
run_1777453584_f0af401c,1777455011.0862734,12.0,128.0,57.0,-0.3027677536010742,0.0,-6.84061336517334,16.906885147094727,2.523064613342285,15.4659423828125,-1.082120418548584,0.0916683126206407,0.3027677536010742,25.59463119506836
run_1777453584_f0af401c,1777455013.1135972,12.0,128.0,57.0,-0.3027677536010742,0.0,-6.84061336517334,17.049537658691406,2.523064613342285,15.505370140075684,-0.9788973331451416,0.0916683126206407,0.3027677536010742,25.59463119506836
run_1777453584_f0af401c,1777455015.091469,12.0,128.0,57.0,-0.3027677536010742,0.0,-6.84061336517334,17.182342529296875,2.523064613342285,15.544798851013184,-0.8855207562446594,0.0916683126206407,0.3027677536010742,25.59463119506836
run_1777453584_f0af401c,1777455017.093397,12.0,128.0,57.0,-0.2586903572082519,0.0,-6.791026592254639,16.043930053710938,2.1557531356811523,15.57476043701172,-1.6865830421447754,0.066920700912533,0.2586903572082519,25.59463119506836
run_1777453584_f0af401c,1777455019.0941527,12.0,128.0,57.0,-0.2586903572082519,0.0,-6.791026592254639,16.238489151000977,2.1557531356811523,15.608437538146973,-1.5257006883621216,0.066920700912533,0.2586903572082519,25.59463119506836
run_1777453584_f0af401c,1777455021.089942,12.0,128.0,57.0,-0.2586903572082519,0.0,-6.791026592254639,16.493751525878906,2.1557531356811523,15.63753604888916,-1.299538016319275,0.066920700912533,0.2586903572082519,25.59463119506836
run_1777453584_f0af401c,1777455023.0864546,12.0,128.0,57.0,-0.2586903572082519,0.0,-6.791026592254639,16.65138816833496,2.1557531356811523,15.671213150024414,-1.1755759716033936,0.066920700912533,0.2586903572082519,25.59463119506836
run_1777453584_f0af401c,1777455025.0942135,12.0,128.0,57.0,-0.2586903572082519,0.0,-6.791026592254639,16.797204971313477,2.1557531356811523,15.704889297485352,-1.0634382963180542,0.066920700912533,0.2586903572082519,25.59463119506836
run_1777453584_f0af401c,1777455027.0803933,12.0,128.0,57.0,-0.2586903572082519,0.0,-6.791026592254639,16.93231964111328,2.1557531356811523,15.738566398620604,-0.9619977474212646,0.066920700912533,0.2586903572082519,25.59463119506836
run_1777453584_f0af401c,1777455029.093675,12.0,128.0,57.0,-0.2146410942077636,0.0,-6.741471290588379,15.720279693603516,1.7886757850646973,15.767378807067873,-1.835775136947632,0.046070799322706,0.2146410942077636,25.59463119506836
run_1777453584_f0af401c,1777455031.1105206,12.0,128.0,57.0,-0.170562744140625,0.0,-6.691883087158203,14.5477294921875,1.421356201171875,15.79274559020996,-2.666372537612915,0.0290916496887803,0.170562744140625,25.59463119506836
run_1777453584_f0af401c,1777455033.089862,12.0,128.0,57.0,-0.2586903572082519,0.0,-6.791026592254639,17.576194763183594,2.1557531356811523,15.820123672485352,-0.3996798396110534,0.066920700912533,0.2586903572082519,25.59463119506836
run_1777453584_f0af401c,1777455035.1125646,12.0,128.0,57.0,-0.2146410942077636,0.0,-6.741471290588379,16.273298263549805,1.7886757850646973,15.851224899291992,-1.3666019439697266,0.046070799322706,0.2146410942077636,25.59463119506836
run_1777453584_f0af401c,1777455037.119061,12.0,128.0,57.0,-0.2146410942077636,0.0,-6.741471290588379,16.43161392211914,1.7886757850646973,15.879179954528809,-1.236242651939392,0.046070799322706,0.2146410942077636,25.59463119506836
run_1777453584_f0af401c,1777455039.0969117,12.0,128.0,57.0,-0.2146410942077636,0.0,-6.741471290588379,16.577491760253906,1.7886757850646973,15.907134056091309,-1.11831796169281,0.046070799322706,0.2146410942077636,25.59463119506836
run_1777453584_f0af401c,1777455041.0890968,12.0,128.0,57.0,-0.2146410942077636,0.0,-6.741471290588379,16.712121963500977,1.7886757850646973,15.935089111328123,-1.0116422176361084,0.046070799322706,0.2146410942077636,25.59463119506836
run_1777453584_f0af401c,1777455043.118971,12.0,128.0,57.0,-0.2146410942077636,0.0,-6.741471290588379,16.836576461791992,1.7886757850646973,15.963043212890623,-0.9151423573493958,0.046070799322706,0.2146410942077636,25.59463119506836
run_1777453584_f0af401c,1777455045.094521,12.0,128.0,57.0,-0.2146410942077636,0.0,-6.741471290588379,16.951826095581055,1.7886757850646973,15.99099826812744,-0.8278473019599915,0.046070799322706,0.2146410942077636,25.59463119506836
run_1777453584_f0af401c,1777455047.132189,12.0,128.0,57.0,-0.170562744140625,0.0,-6.691883087158203,15.68312931060791,1.421356201171875,16.01636505126953,-1.7545902729034424,0.0290916496887803,0.170562744140625,25.59463119506836
run_1777453584_f0af401c,1777455049.084174,12.0,128.0,57.0,-0.1264834403991699,0.0,-6.642293930053711,14.458206176757812,1.0540287494659424,16.038280487060547,-2.634103298187256,0.0159980606952103,0.1264834403991699,25.59463119506836
run_1777453584_f0af401c,1777455051.1022558,12.0,128.0,57.0,-0.170562744140625,0.0,-6.691883087158203,16.101587295532227,1.421356201171875,16.057336807250977,-1.3771051168441772,0.0290916496887803,0.170562744140625,25.59463119506836
run_1777453584_f0af401c,1777455053.1496947,12.0,128.0,57.0,-0.1264834403991699,0.0,-6.642293930053711,14.840656280517578,1.0540287494659424,16.079252243041992,-2.29262638092041,0.0159980606952103,0.1264834403991699,25.59463119506836
run_1777453584_f0af401c,1777455055.086046,12.0,128.0,57.0,-0.170562744140625,0.0,-6.691883087158203,16.45146369934082,1.421356201171875,16.098308563232422,-1.068201184272766,0.0290916496887803,0.170562744140625,25.59463119506836
run_1777453584_f0af401c,1777455057.0954726,12.0,128.0,57.0,-0.1264834403991699,0.0,-6.642293930053711,15.161066055297852,1.0540287494659424,16.12022590637207,-2.013188600540161,0.0159980606952103,0.1264834403991699,25.59463119506836
run_1777453584_f0af401c,1777455059.1706836,12.0,128.0,57.0,-0.170562744140625,0.0,-6.691883087158203,16.74521827697754,1.421356201171875,16.139280319213867,-0.81541907787323,0.0290916496887803,0.170562744140625,25.59463119506836
run_1777453584_f0af401c,1777455061.157144,12.0,128.0,57.0,-0.170562744140625,0.0,-6.691883087158203,16.89236831665039,1.421356201171875,16.172584533691406,-0.7015739679336548,0.0290916496887803,0.170562744140625,25.59463119506836
run_1777453584_f0af401c,1777455064.2445123,12.0,128.0,57.0,-0.1264834403991699,0.0,-6.642293930053711,15.576868057250977,1.0540287494659424,16.19392967224121,-1.671091079711914,0.0159980606952103,0.1264834403991699,25.59463119506836
run_1777453584_f0af401c,1777455066.0894244,12.0,128.0,57.0,-0.170562744140625,0.0,-6.691883087158203,17.118927001953125,1.421356201171875,16.21355628967285,-0.5159863233566284,0.0290916496887803,0.170562744140625,25.59463119506836
run_1777453584_f0af401c,1777455068.0854957,12.0,128.0,57.0,-0.170562744140625,0.0,-6.691883087158203,17.247421264648438,1.421356201171875,16.23232650756836,-0.4062622189521789,0.0290916496887803,0.170562744140625,25.59463119506836
run_1777453584_f0af401c,1777455070.1008062,12.0,128.0,57.0,-0.1264834403991699,0.0,-6.642293930053711,15.942200660705566,1.0540287494659424,16.25138282775879,-1.3632099628448486,0.0159980606952103,0.1264834403991699,25.59463119506836
run_1777453584_f0af401c,1777455072.08515,12.0,128.0,57.0,-0.1264834403991699,0.0,-6.642293930053711,16.08871841430664,1.0540287494659424,16.26786231994629,-1.2331740856170654,0.0159980606952103,0.1264834403991699,25.59463119506836
run_1777453584_f0af401c,1777455074.0817149,12.0,128.0,57.0,-0.1264834403991699,0.0,-6.642293930053711,16.222829818725586,1.0540287494659424,16.284343719482422,-1.1155420541763306,0.0159980606952103,0.1264834403991699,25.59463119506836
run_1777453584_f0af401c,1777455076.0795753,12.0,128.0,57.0,-0.1264834403991699,0.0,-6.642293930053711,16.345722198486328,1.0540287494659424,16.300825119018555,-1.0091313123703003,0.0159980606952103,0.1264834403991699,25.59463119506836
run_1777453584_f0af401c,1777455078.0868573,12.0,128.0,57.0,-0.1264834403991699,0.0,-6.642293930053711,16.458463668823242,1.0540287494659424,16.317304611206055,-0.9128707647323608,0.0159980606952103,0.1264834403991699,25.59463119506836
run_1777453584_f0af401c,1777455080.0955849,12.0,128.0,57.0,-0.1264834403991699,0.0,-6.642293930053711,16.562023162841797,1.0540287494659424,16.333786010742188,-0.8257925510406494,0.0159980606952103,0.1264834403991699,25.59463119506836
run_1777453584_f0af401c,1777455082.094035,12.0,128.0,57.0,-0.1264834403991699,0.0,-6.642293930053711,16.65727424621582,1.0540287494659424,16.350265502929688,-0.7470206618309021,0.0159980606952103,0.1264834403991699,25.59463119506836
run_1777453584_f0af401c,1777455084.1064863,12.0,128.0,57.0,-0.1264834403991699,0.0,-6.642293930053711,16.745012283325195,1.0540287494659424,16.36674690246582,-0.6757625937461853,0.0159980606952103,0.1264834403991699,25.59463119506836
run_1777453584_f0af401c,1777455086.0899315,12.0,128.0,57.0,-0.0824170112609863,0.0,-6.592719078063965,15.460160255432127,0.6868084669113159,16.380064010620117,-1.606711506843567,0.0067925637451935,0.0824170112609863,25.59463119506836
run_1777453584_f0af401c,1777455088.3466182,12.0,128.0,57.0,-0.0824170112609863,0.0,-6.592719078063965,15.624153137207031,0.6868084669113159,16.390792846679688,-1.4534480571746826,0.0067925637451935,0.0824170112609863,25.59463119506836
run_1777453584_f0af401c,1777455090.1022098,12.0,128.0,57.0,-0.0824170112609863,0.0,-6.592719078063965,15.773526191711426,0.6868084669113159,16.401521682739258,-1.3148045539855957,0.0067925637451935,0.0824170112609863,25.59463119506836
run_1777453584_f0af401c,1777455092.1031206,12.0,128.0,57.0,-0.0824170112609863,0.0,-6.592719078063965,15.909671783447266,0.6868084669113159,16.412250518798828,-1.189386248588562,0.0067925637451935,0.0824170112609863,25.59463119506836
run_1777453584_f0af401c,1777455094.0920131,12.0,128.0,57.0,-0.0824170112609863,0.0,-6.592719078063965,16.033857345581055,0.6868084669113159,16.4229793548584,-1.0759313106536863,0.0067925637451935,0.0824170112609863,25.59463119506836
run_1777453584_f0af401c,1777455096.1031046,12.0,128.0,57.0,-0.0824170112609863,0.0,-6.592719078063965,16.147216796875,0.6868084669113159,16.43370819091797,-0.9732987880706788,0.0067925637451935,0.0824170112609863,25.59463119506836
run_1777453584_f0af401c,1777455098.1300228,12.0,128.0,57.0,-0.0824170112609863,0.0,-6.592719078063965,16.250789642333984,0.6868084669113159,16.44443702697754,-0.8804564476013184,0.0067925637451935,0.0824170112609863,25.59463119506836
run_1777453584_f0af401c,1777455100.0918324,12.0,128.0,57.0,-0.0383367538452148,0.0,-6.543128967285156,14.940844535827637,0.3194729685783386,16.454303741455078,-1.832932472229004,0.0014697066953885,0.0383367538452148,25.59463119506836
run_1777453584_f0af401c,1777455102.0970953,12.0,128.0,57.0,-0.0824170112609863,0.0,-6.592719078063965,16.50589942932129,0.6868084669113159,16.461294174194336,-0.6422019600868225,0.0067925637451935,0.0824170112609863,25.59463119506836
run_1777453584_f0af401c,1777455104.0826333,12.0,128.0,57.0,-0.0824170112609863,0.0,-6.592719078063965,16.57788848876953,0.6868084669113159,16.472023010253906,-0.5809427499771118,0.0067925637451935,0.0824170112609863,25.59463119506836
run_1777453584_f0af401c,1777455106.091005,12.0,128.0,57.0,-0.0824170112609863,0.0,-6.592719078063965,16.644031524658203,0.6868084669113159,16.482751846313477,-0.5255270004272461,0.0067925637451935,0.0824170112609863,25.59463119506836
run_1777453584_f0af401c,1777455108.0869246,12.0,128.0,57.0,-0.0824170112609863,0.0,-6.592719078063965,16.70488929748535,0.6868084669113159,16.493480682373047,-0.4753972887992859,0.0067925637451935,0.0824170112609863,25.59463119506836
run_1777453584_f0af401c,1777455110.0854738,12.0,128.0,57.0,-0.0824170112609863,0.0,-6.592719078063965,16.760967254638672,0.6868084669113159,16.504209518432617,-0.4300494194030761,0.0067925637451935,0.0824170112609863,25.59463119506836
run_1777453584_f0af401c,1777455112.0868044,12.0,128.0,57.0,-0.0383367538452148,0.0,-6.543128967285156,15.408058166503906,0.3194729685783386,16.514074325561523,-1.4254896640777588,0.0014697066953885,0.0383367538452148,25.59463119506836
run_1777453584_f0af401c,1777455114.0876434,12.0,128.0,57.0,-0.0383367538452148,0.0,-6.543128967285156,15.549013137817385,0.3194729685783386,16.519052505493164,-1.2895128726959229,0.0014697066953885,0.0383367538452148,25.59463119506836
run_1777453584_f0af401c,1777455116.0824077,12.0,128.0,57.0,0.005744457244873,0.0,-6.493537425994873,14.215031623840332,-0.0478704795241355,16.526397705078125,-2.2634975910186768,3.299878903817444e-05,0.005744457244873,25.59463119506836
run_1777453584_f0af401c,1777455118.1065798,12.0,128.0,57.0,-0.0824170112609863,0.0,-6.592719078063965,17.199722290039062,0.6868084669113159,16.52869987487793,-0.0157857947051525,0.0067925637451935,0.0824170112609863,25.59463119506836
run_1777453584_f0af401c,1777455120.0983157,12.0,128.0,57.0,-0.0824170112609863,0.0,-6.592719078063965,17.211957931518555,0.6868084669113159,16.5394287109375,-0.0142799969762563,0.0067925637451935,0.0824170112609863,25.59463119506836
run_1777453584_f0af401c,1777455122.094848,12.0,128.0,57.0,-0.0824170112609863,0.0,-6.592719078063965,17.224048614501953,0.6868084669113159,16.55015754699707,-0.0129178371280431,0.0067925637451935,0.0824170112609863,25.59463119506836
run_1777453584_f0af401c,1777455124.0861146,12.0,128.0,57.0,-0.0383367538452148,0.0,-6.543128967285156,15.888404846191406,0.3194729685783386,16.55657196044922,-0.9876422882080078,0.0014697066953885,0.0383367538452148,25.59463119506836
run_1777453584_f0af401c,1777455126.0836608,12.0,128.0,57.0,-0.0824170112609863,0.0,-6.592719078063965,17.316972732543945,0.6868084669113159,16.567014694213867,0.0631517469882965,0.0067925637451935,0.0824170112609863,25.59463119506836
run_1777453584_f0af401c,1777455128.0879538,12.0,128.0,57.0,-0.0383367538452148,0.0,-6.543128967285156,15.97407341003418,0.3194729685783386,16.573429107666016,-0.9188289046287536,0.0014697066953885,0.0383367538452148,25.59463119506836
run_1777453584_f0af401c,1777455130.0829403,12.0,128.0,57.0,0.005744457244873,0.0,-6.493537425994873,14.68091869354248,-0.0478704795241355,16.575881958007812,-1.847092032432556,3.299878903817444e-05,0.005744457244873,25.59463119506836
run_1777453584_f0af401c,1777455132.085692,12.0,128.0,57.0,-0.0383367538452148,0.0,-6.543128967285156,16.2036075592041,0.3194729685783386,16.579055786132812,-0.6949213743209839,0.0014697066953885,0.0383367538452148,25.59463119506836
run_1777453584_f0af401c,1777455134.093326,12.0,128.0,57.0,-0.0383367538452148,0.0,-6.543128967285156,16.274871826171875,0.3194729685783386,16.58403205871582,-0.6286332011222839,0.0014697066953885,0.0383367538452148,25.59463119506836
run_1777453584_f0af401c,1777455136.091409,12.0,128.0,57.0,-0.0383367538452148,0.0,-6.543128967285156,16.339815139770508,0.3194729685783386,16.58901023864746,-0.5686682462692261,0.0014697066953885,0.0383367538452148,25.59463119506836
run_1777453584_f0af401c,1777455138.109465,12.0,128.0,57.0,-0.0383367538452148,0.0,-6.543128967285156,16.454015731811523,0.3194729685783386,16.589658737182617,-0.4551174938678741,0.0014697066953885,0.0383367538452148,25.59463119506836
run_1777453584_f0af401c,1777455140.0824587,12.0,128.0,57.0,-0.0383367538452148,0.0,-6.543128967285156,16.502405166625977,0.3194729685783386,16.594636917114258,-0.4117040336132049,0.0014697066953885,0.0383367538452148,25.59463119506836
run_1777453584_f0af401c,1777455142.08607,12.0,128.0,57.0,-0.0383367538452148,0.0,-6.543128967285156,16.546653747558594,0.3194729685783386,16.599613189697266,-0.3724318444728851,0.0014697066953885,0.0383367538452148,25.59463119506836
run_1777453584_f0af401c,1777455144.092503,12.0,128.0,57.0,-0.0383367538452148,0.0,-6.543128967285156,16.587158203125,0.3194729685783386,16.604591369628906,-0.336905837059021,0.0014697066953885,0.0383367538452148,25.59463119506836
run_1777453584_f0af401c,1777455146.0892782,12.0,128.0,57.0,-0.0383367538452148,0.0,-6.543128967285156,16.624271392822266,0.3194729685783386,16.609567642211914,-0.3047685027122497,0.0014697066953885,0.0383367538452148,25.59463119506836
run_1777453584_f0af401c,1777455148.0964787,12.0,128.0,57.0,-0.0383367538452148,0.0,-6.543128967285156,16.658321380615234,0.3194729685783386,16.614543914794922,-0.2756968736648559,0.0014697066953885,0.0383367538452148,25.59463119506836
run_1777453584_f0af401c,1777455150.0822277,12.0,128.0,57.0,-0.0383367538452148,0.0,-6.543128967285156,16.68959617614746,0.3194729685783386,16.619522094726562,-0.24939826130867,0.0014697066953885,0.0383367538452148,25.59463119506836
run_1777453584_f0af401c,1777455152.0861342,12.0,128.0,57.0,-0.0383367538452148,0.0,-6.543128967285156,16.718364715576172,0.3194729685783386,16.62449836730957,-0.2256083041429519,0.0014697066953885,0.0383367538452148,25.59463119506836
run_1777453584_f0af401c,1777455154.0902114,12.0,128.0,57.0,-0.0383367538452148,0.0,-6.543128967285156,16.744861602783203,0.3194729685783386,16.629474639892578,-0.2040876597166061,0.0014697066953885,0.0383367538452148,25.59463119506836
run_1777453584_f0af401c,1777455156.1147106,12.0,128.0,57.0,-0.0383367538452148,0.0,-6.543128967285156,16.769306182861328,0.3194729685783386,16.63445281982422,-0.1846198290586471,0.0014697066953885,0.0383367538452148,25.59463119506836
run_1777453584_f0af401c,1777455158.0807974,12.0,128.0,57.0,-0.0383367538452148,0.0,-6.543128967285156,16.791893005371094,0.3194729685783386,16.639429092407227,-0.1670090556144714,0.0014697066953885,0.0383367538452148,25.59463119506836
run_1777453584_f0af401c,1777455160.0925212,12.0,128.0,57.0,-0.0383367538452148,0.0,-6.543128967285156,16.812801361083984,0.3194729685783386,16.644405364990234,-0.1510781496763229,0.0014697066953885,0.0383367538452148,25.59463119506836
run_1777453584_f0af401c,1777455162.082236,12.0,128.0,57.0,0.005744457244873,0.0,-6.493537425994873,15.446413040161133,-0.0478704795241355,16.64685821533203,-1.1525768041610718,3.299878903817444e-05,0.005744457244873,25.59463119506836
run_1777453584_f0af401c,1777455164.0788147,12.0,128.0,57.0,-0.0383367538452148,0.0,-6.543128967285156,16.921175003051758,0.3194729685783386,16.648590087890625,-0.0468895472586154,0.0014697066953885,0.0383367538452148,25.59463119506836
run_1777453584_f0af401c,1777455166.0925927,12.0,128.0,57.0,-0.0383367538452148,0.0,-6.543128967285156,16.93062400817871,0.3194729685783386,16.653568267822266,-0.0424167774617672,0.0014697066953885,0.0383367538452148,25.59463119506836
run_1777453584_f0af401c,1777455168.1048355,12.0,128.0,57.0,-0.0383367538452148,0.0,-6.543128967285156,16.939647674560547,0.3194729685783386,16.658544540405273,-0.0383706577122211,0.0014697066953885,0.0383367538452148,25.59463119506836
run_1777453584_f0af401c,1777455170.1026,12.0,128.0,57.0,0.0498270988464355,0.0,-6.443944454193115,14.173169136047363,-0.4152258336544037,16.654958724975586,-2.066563367843628,0.0024827397794524,0.0498270988464355,25.59463119506836
run_1777453584_f0af401c,1777455172.1756968,12.0,128.0,57.0,-0.0383367538452148,0.0,-6.543128967285156,17.090482711791992,0.3194729685783386,16.648923873901367,0.1220846772193908,0.0014697066953885,0.0383367538452148,25.59463119506836
run_1777453584_f0af401c,1777455174.079615,12.0,128.0,57.0,-0.0383367538452148,0.0,-6.543128967285156,17.083812713623047,0.3194729685783386,16.653902053833008,0.1104391068220138,0.0014697066953885,0.0383367538452148,25.59463119506836
run_1777453584_f0af401c,1777455176.0920732,12.0,128.0,57.0,0.005744457244873,0.0,-6.493537425994873,15.711203575134276,-0.0478704795241355,16.654911041259766,-0.8958392143249512,3.299878903817444e-05,0.005744457244873,25.59463119506836
run_1777453584_f0af401c,1777455178.078511,12.0,128.0,57.0,0.005744457244873,0.0,-6.493537425994873,15.79442024230957,-0.0478704795241355,16.65267562866211,-0.8103857040405273,3.299878903817444e-05,0.005744457244873,25.59463119506836
run_1777453584_f0af401c,1777455180.1038263,12.0,128.0,57.0,-0.0383367538452148,0.0,-6.543128967285156,17.236541748046875,0.3194729685783386,16.654407501220703,0.2626601159572601,0.0014697066953885,0.0383367538452148,25.59463119506836
run_1777453584_f0af401c,1777455182.0804524,12.0,128.0,57.0,0.0498270988464355,0.0,-6.443944454193115,14.479202270507812,-0.4152258336544037,16.649944305419922,-1.7555171251296997,0.0024827397794524,0.0498270988464355,25.59463119506836
run_1777453584_f0af401c,1777455184.10561,12.0,128.0,57.0,0.005744457244873,0.0,-6.493537425994873,15.999791145324709,-0.0478704795241355,16.639944076538086,-0.5922833681106567,3.299878903817444e-05,0.005744457244873,25.59463119506836
run_1777453584_f0af401c,1777455186.0852113,12.0,128.0,57.0,0.005744457244873,0.0,-6.493537425994873,16.054054260253906,-0.0478704795241355,16.637710571289062,-0.5357858538627625,3.299878903817444e-05,0.005744457244873,25.59463119506836
run_1777453584_f0af401c,1777455188.0817895,12.0,128.0,57.0,0.005744457244873,0.0,-6.493537425994873,16.10292625427246,-0.0478704795241355,16.635475158691406,-0.4846775531768799,3.299878903817444e-05,0.005744457244873,25.59463119506836
run_1777453584_f0af401c,1777455190.0807066,12.0,128.0,57.0,0.005744457244873,0.0,-6.493537425994873,16.14692497253418,-0.0478704795241355,16.63323974609375,-0.4384444057941437,3.299878903817444e-05,0.005744457244873,25.59463119506836
run_1777453584_f0af401c,1777455192.1227765,12.0,128.0,57.0,0.005744457244873,0.0,-6.493537425994873,16.186513900756836,-0.0478704795241355,16.631004333496094,-0.3966214060783386,3.299878903817444e-05,0.005744457244873,25.59463119506836
run_1777453584_f0af401c,1777455194.096408,12.0,128.0,57.0,0.005744457244873,0.0,-6.493537425994873,16.22211265563965,-0.0478704795241355,16.628768920898438,-0.35878786444664,3.299878903817444e-05,0.005744457244873,25.59463119506836
run_1777453584_f0af401c,1777455196.157274,12.0,128.0,57.0,0.005744457244873,0.0,-6.493537425994873,16.254100799560547,-0.0478704795241355,16.62653350830078,-0.3245633840560913,3.299878903817444e-05,0.005744457244873,25.59463119506836
run_1777453584_f0af401c,1777455198.0859518,12.0,128.0,57.0,0.005744457244873,0.0,-6.493537425994873,16.282825469970703,-0.0478704795241355,16.624298095703125,-0.2936035096645355,3.299878903817444e-05,0.005744457244873,25.59463119506836
run_1777453584_f0af401c,1777455200.090536,12.0,128.0,57.0,0.005744457244873,0.0,-6.493537425994873,16.308597564697266,-0.0478704795241355,16.62206268310547,-0.2655969560146332,3.299878903817444e-05,0.005744457244873,25.59463119506836
run_1777453584_f0af401c,1777455202.085402,12.0,128.0,57.0,0.0498270988464355,0.0,-6.443944454193115,14.869054794311523,-0.4152258336544037,16.621566772460938,-1.337287187576294,0.0024827397794524,0.0498270988464355,25.59463119506836
run_1777453584_f0af401c,1777455204.0929534,12.0,128.0,57.0,-0.0383367538452148,0.0,-6.543128967285156,17.7168025970459,0.3194729685783386,16.61553382873535,0.7817953824996948,0.0014697066953885,0.0383367538452148,25.59463119506836
run_1777453584_f0af401c,1777455206.0860045,12.0,128.0,57.0,0.005744457244873,0.0,-6.493537425994873,16.242294311523438,-0.0478704795241355,16.619428634643555,-0.3292644023895263,3.299878903817444e-05,0.005744457244873,25.59463119506836
run_1777453584_f0af401c,1777455208.0921383,12.0,128.0,57.0,0.005744457244873,0.0,-6.493537425994873,16.271467208862305,-0.0478704795241355,16.6171932220459,-0.2978561520576477,3.299878903817444e-05,0.005744457244873,25.59463119506836
run_1777453584_f0af401c,1777455210.0841496,12.0,128.0,57.0,-0.0383367538452148,0.0,-6.543128967285156,17.70255470275879,0.3194729685783386,16.61604118347168,0.7670407891273499,0.0014697066953885,0.0383367538452148,25.59463119506836
run_1777453584_f0af401c,1777455212.0801404,12.0,128.0,57.0,0.005744457244873,0.0,-6.493537425994873,16.267309188842773,-0.0478704795241355,16.617050170898438,-0.3018703460693359,3.299878903817444e-05,0.005744457244873,25.59463119506836
run_1777453584_f0af401c,1777455214.0868928,12.0,128.0,57.0,-0.0383367538452148,0.0,-6.543128967285156,17.642601013183594,0.3194729685783386,16.620223999023438,0.7029023170471191,0.0014697066953885,0.0383367538452148,25.59463119506836
run_1777453584_f0af401c,1777455216.1068096,12.0,128.0,57.0,0.0498270988464355,0.0,-6.443944454193115,14.84085178375244,-0.4152258336544037,16.611743927001953,-1.3556668758392334,0.0024827397794524,0.0498270988464355,25.59463119506836
run_1777453584_f0af401c,1777455218.1188316,12.0,128.0,57.0,-0.0383367538452148,0.0,-6.543128967285156,17.655715942382812,0.3194729685783386,16.610605239868164,0.7256366014480591,0.0014697066953885,0.0383367538452148,25.59463119506836
run_1777453584_f0af401c,1777455220.0877206,12.0,128.0,57.0,0.0498270988464355,0.0,-6.443944454193115,14.851798057556152,-0.4152258336544037,16.60212516784668,-1.3351011276245115,0.0024827397794524,0.0498270988464355,25.59463119506836
run_1777453584_f0af401c,1777455222.1046343,12.0,128.0,57.0,-0.0383367538452148,0.0,-6.543128967285156,17.664697647094727,0.3194729685783386,16.600984573364258,0.7442405223846436,0.0014697066953885,0.0383367538452148,25.59463119506836
run_1777453584_f0af401c,1777455224.0834296,12.0,128.0,57.0,0.005744457244873,0.0,-6.493537425994873,16.23162841796875,-0.0478704795241355,16.60199546813965,-0.3224958479404449,3.299878903817444e-05,0.005744457244873,25.59463119506836
run_1777453584_f0af401c,1777455226.1114223,12.0,128.0,57.0,-0.0383367538452148,0.0,-6.543128967285156,17.60888671875,0.3194729685783386,16.60516929626465,0.6842445731163025,0.0014697066953885,0.0383367538452148,25.59463119506836
run_1777453584_f0af401c,1777455228.0843196,12.0,128.0,57.0,0.005744457244873,0.0,-6.493537425994873,16.16281509399414,-0.0478704795241355,16.607622146606445,-0.3969350457191467,3.299878903817444e-05,0.005744457244873,25.59463119506836
run_1777453584_f0af401c,1777455230.0863893,12.0,128.0,57.0,0.005744457244873,0.0,-6.493537425994873,16.198444366455078,-0.0478704795241355,16.60538673400879,-0.3590716421604156,3.299878903817444e-05,0.005744457244873,25.59463119506836
run_1777453584_f0af401c,1777455232.078642,12.0,128.0,57.0,0.005744457244873,0.0,-6.493537425994873,16.23046112060547,-0.0478704795241355,16.603151321411133,-0.3248199820518493,3.299878903817444e-05,0.005744457244873,25.59463119506836
run_1777453584_f0af401c,1777455234.0959332,12.0,128.0,57.0,0.005744457244873,0.0,-6.493537425994873,16.203031539916992,-0.0478704795241355,16.605243682861328,-0.3543426394462585,3.299878903817444e-05,0.005744457244873,25.59463119506836
run_1777453584_f0af401c,1777455236.1373312,12.0,128.0,57.0,0.005744457244873,0.0,-6.493537425994873,16.234596252441406,-0.0478704795241355,16.603008270263672,-0.32054203748703,3.299878903817444e-05,0.005744457244873,25.59463119506836
run_1777453584_f0af401c,1777455238.094096,12.0,128.0,57.0,0.005744457244873,0.0,-6.493537425994873,16.313093185424805,-0.0478704795241355,16.59041976928711,-0.2294565588235855,3.299878903817444e-05,0.005744457244873,25.59463119506836
run_1777453584_f0af401c,1777455240.0836265,12.0,128.0,57.0,0.005744457244873,0.0,-6.493537425994873,16.332744598388672,-0.0478704795241355,16.588184356689453,-0.2075688391923904,3.299878903817444e-05,0.005744457244873,25.59463119506836
run_1777453584_f0af401c,1777455242.0865486,12.0,128.0,57.0,0.005744457244873,0.0,-6.493537425994873,16.350309371948242,-0.0478704795241355,16.585948944091797,-0.1877689659595489,3.299878903817444e-05,0.005744457244873,25.59463119506836
run_1777453584_f0af401c,1777455244.1072242,12.0,128.0,57.0,0.005744457244873,0.0,-6.493537425994873,16.365985870361328,-0.0478704795241355,16.58371353149414,-0.1698578149080276,3.299878903817444e-05,0.005744457244873,25.59463119506836
run_1777453584_f0af401c,1777455246.112259,12.0,128.0,57.0,0.005744457244873,0.0,-6.493537425994873,16.379953384399414,-0.0478704795241355,16.581478118896484,-0.1536551564931869,3.299878903817444e-05,0.005744457244873,25.59463119506836
run_1777453584_f0af401c,1777455248.1388872,12.0,128.0,57.0,0.005744457244873,0.0,-6.493537425994873,16.392375946044922,-0.0478704795241355,16.579242706298828,-0.1389980763196945,3.299878903817444e-05,0.005744457244873,25.59463119506836
run_1777453584_f0af401c,1777455250.09713,12.0,128.0,57.0,0.005744457244873,0.0,-6.493537425994873,16.403398513793945,-0.0478704795241355,16.577009201049805,-0.125739112496376,3.299878903817444e-05,0.005744457244873,25.59463119506836
run_1777453584_f0af401c,1777455252.0812137,12.0,128.0,57.0,-0.0383367538452148,0.0,-6.543128967285156,17.79893684387207,0.3194729685783386,16.57729721069336,0.9021651148796082,0.0014697066953885,0.0383367538452148,25.59463119506836
run_1777453584_f0af401c,1777455254.089656,12.0,128.0,57.0,-0.0383367538452148,0.0,-6.543128967285156,17.71785545349121,0.3194729685783386,16.582275390625,0.8161079287528992,0.0014697066953885,0.0383367538452148,25.59463119506836
run_1777453584_f0af401c,1777455256.150681,12.0,128.0,57.0,-0.0383367538452148,0.0,-6.543128967285156,17.64498519897461,0.3194729685783386,16.587251663208008,0.73826003074646,0.0014697066953885,0.0383367538452148,25.59463119506836
run_1777453584_f0af401c,1777455258.078877,12.0,128.0,57.0,-0.0383367538452148,0.0,-6.543128967285156,17.579538345336914,0.3194729685783386,16.592227935791016,0.6678377389907837,0.0014697066953885,0.0383367538452148,25.59463119506836
run_1777453584_f0af401c,1777455260.1177063,12.0,128.0,57.0,-0.0383367538452148,0.0,-6.543128967285156,17.52081298828125,0.3194729685783386,16.597206115722656,0.6041330695152283,0.0014697066953885,0.0383367538452148,25.59463119506836
run_1777453584_f0af401c,1777455262.087928,12.0,128.0,57.0,0.005744457244873,0.0,-6.493537425994873,16.119430541992188,-0.0478704795241355,16.596773147583008,-0.429472416639328,3.299878903817444e-05,0.005744457244873,25.59463119506836
run_1777453584_f0af401c,1777455264.081376,12.0,128.0,57.0,-0.0383367538452148,0.0,-6.543128967285156,17.488962173461914,0.3194729685783386,16.601388931274414,0.568098783493042,0.0014697066953885,0.0383367538452148,25.59463119506836
