step,decision_idx,elapsed_s,temp,temp_ref,error,abs_error,kp,ki,kd,u,u_p,u_i,u_d,diff_out,pred_delta,valid
1,1,2.0,26.44542157649994,0.0,-26.44542157649994,26.44542157649994,12.0,743.0,3.0,-100.0,-100.0,0.0,-0.0,0.0,-0.554578423500061,True
2,1,4.0,26.124419182538986,0.0,-26.124419182538986,26.124419182538986,12.0,743.0,3.0,-100.0,-100.0,0.0,0.6302480578295614,-0.025209922313182455,-0.32100239396095276,True
3,1,6.0,25.941484555602074,0.0,-25.941484555602074,25.941484555602074,12.0,743.0,3.0,-100.0,-100.0,0.0,0.9349306688510732,-0.03739722675404293,-0.18293462693691254,True
4,1,8.0,25.769781976938248,0.0,-25.769781976938248,25.769781976938248,12.0,743.0,3.0,-100.0,-100.0,0.0,1.053643283297787,-0.042145731331911476,-0.171702578663826,True
5,1,10.0,25.607661440968513,0.0,-25.607661440968513,25.607661440968513,12.0,743.0,3.0,-100.0,-100.0,0.0,1.1482673496947415,-0.04593069398778967,-0.1621205359697342,True
6,1,12.0,25.45058985054493,0.0,-25.45058985054493,25.45058985054493,12.0,743.0,3.0,-100.0,-100.0,0.0,1.222975804201022,-0.04891903216804088,-0.15707159042358398,True
7,1,14.0,25.323480263352394,0.0,-25.323480263352394,25.323480263352394,12.0,743.0,3.0,-100.0,-100.0,0.0,1.2848200045404332,-0.05139280018161733,-0.1271095871925354,True
8,1,16.0,25.282198954373598,0.0,-25.282198954373598,25.282198954373598,12.0,743.0,3.0,-100.0,-100.0,0.0,1.3067147377528374,-0.052268589510113504,-0.041281308978796005,True
9,1,18.0,25.30642858147621,0.0,-25.30642858147621,25.30642858147621,12.0,743.0,3.0,-100.0,-100.0,0.0,1.2289817971810093,-0.04915927188724038,0.02422962710261345,True
10,1,20.0,25.377619922161102,0.0,-25.377619922161102,25.377619922161102,12.0,743.0,3.0,-100.0,-100.0,0.0,1.0842141673014873,-0.04336856669205949,0.07119134068489075,True
11,2,22.0,25.361325580626726,0.0,-25.361325580626726,25.361325580626726,13.0,359.0,1.0,-100.0,-100.0,0.0,0.27688813297245796,-0.035995457286419535,-0.016294341534376144,True
12,2,24.0,25.229464028030634,0.0,-25.229464028030634,25.229464028030634,13.0,359.0,1.0,-100.0,-100.0,0.0,0.25617363873299676,-0.03330257303528958,-0.13186155259609222,True
13,2,26.0,25.109643686562777,0.0,-25.109643686562777,25.109643686562777,13.0,359.0,1.0,-100.0,-100.0,0.0,0.27784611075438775,-0.036119994398070406,-0.11982034146785736,True
14,2,28.0,24.99430799111724,0.0,-24.99430799111724,24.99430799111724,13.0,359.0,1.0,-100.0,-100.0,0.0,0.29324073973444575,-0.03812129616547794,-0.11533569544553757,True
15,2,30.0,24.88320918753743,0.0,-24.88320918753743,24.88320918753743,13.0,359.0,1.0,-100.0,-100.0,0.0,0.3055987116758329,-0.039727832517858275,-0.11109880357980728,True
16,2,32.0,24.738339859992266,0.0,-24.738339859992266,24.738339859992266,13.0,359.0,1.0,-100.0,-100.0,0.0,0.31529632538996016,-0.040988522300694816,-0.14486932754516602,True
17,2,34.0,24.65819802507758,0.0,-24.65819802507758,24.65819802507758,13.0,359.0,1.0,-100.0,-100.0,0.0,0.33587761274327177,-0.04366408965662533,-0.0801418349146843,True
18,2,36.0,24.52846833691001,0.0,-24.52846833691001,24.52846833691001,13.0,359.0,1.0,-100.0,-100.0,0.0,0.3318620435877211,-0.04314206566640374,-0.12972968816757202,True
19,2,38.0,24.43858228251338,0.0,-24.43858228251338,24.43858228251338,13.0,359.0,1.0,-100.0,-100.0,0.0,0.34556917429276496,-0.04492399265805944,-0.08988605439662933,True
20,2,40.0,24.315118949860334,0.0,-24.315118949860334,24.315118949860334,13.0,359.0,1.0,-100.0,-100.0,0.0,0.34403644641109776,-0.04472473803344271,-0.12346333265304565,True
21,3,42.0,24.232137884944677,0.0,-24.232137884944677,24.232137884944677,14.0,401.0,1.0,-100.0,-100.0,0.0,0.329077427503266,-0.04607083985045724,-0.08298106491565704,True
22,3,44.0,24.095804076641798,0.0,-24.095804076641798,24.095804076641798,14.0,401.0,1.0,-100.0,-100.0,0.0,0.3246307307272851,-0.04544830230181992,-0.13633380830287933,True
23,3,46.0,24.019981425255537,0.0,-24.019981425255537,24.019981425255537,14.0,401.0,1.0,-100.0,-100.0,0.0,0.3379317667650934,-0.04731044734711308,-0.07582265138626099,True
24,3,48.0,23.87748083099723,0.0,-23.87748083099723,23.87748083099723,14.0,401.0,1.0,-100.0,-100.0,0.0,0.33031613150399575,-0.04624425841055941,-0.1425005942583084,True
25,3,50.0,23.807740215212107,0.0,-23.807740215212107,23.807740215212107,14.0,401.0,1.0,-100.0,-100.0,0.0,0.34507718705841633,-0.04831080618817829,-0.06974061578512192,True
26,3,52.0,23.66054755821824,0.0,-23.66054755821824,23.66054755821824,14.0,401.0,1.0,-100.0,-100.0,0.0,0.334805124748037,-0.04687271746472518,-0.14719265699386597,True
27,3,54.0,23.583025719970465,0.0,-23.583025719970465,23.583025719970465,14.0,401.0,1.0,-100.0,-100.0,0.0,0.3506614838984902,-0.049092607745788636,-0.07752183824777603,True
28,3,56.0,23.425757687538862,0.0,-23.425757687538862,23.425757687538862,14.0,401.0,1.0,-100.0,-100.0,0.0,0.34238329073906393,-0.04793366070346895,-0.15726803243160248,True
29,3,58.0,23.34860134497285,0.0,-23.34860134497285,23.34860134497285,14.0,401.0,1.0,-100.0,-100.0,0.0,0.3607882332277387,-0.05051035265188342,-0.07715634256601334,True
30,3,60.0,23.18553264811635,0.0,-23.18553264811635,23.18553264811635,14.0,401.0,1.0,-100.0,-100.0,0.0,0.35142537835353893,-0.04919955296949545,-0.16306869685649872,True
31,4,62.0,23.058971751481295,0.0,-23.058971751481295,23.058971751481295,11.0,577.0,1.0,-100.0,-100.0,0.0,0.4719925234708293,-0.05191917758179122,-0.12656089663505554,True
32,4,64.0,22.924159798771143,0.0,-22.924159798771143,22.924159798771143,11.0,577.0,1.0,-100.0,-100.0,0.0,0.47927103409173033,-0.052719813750090334,-0.13481195271015167,True
33,4,66.0,22.78269847109914,0.0,-22.78269847109914,22.78269847109914,11.0,577.0,1.0,-100.0,-100.0,0.0,0.48926502348716117,-0.05381915258358773,-0.1414613276720047,True
34,4,68.0,22.666824650019407,0.0,-22.666824650019407,22.666824650019407,11.0,577.0,1.0,-100.0,-100.0,0.0,0.5010535641622843,-0.05511589205785128,-0.11587382107973099,True
35,4,70.0,22.52698552235961,0.0,-22.52698552235961,22.52698552235961,11.0,577.0,1.0,-100.0,-100.0,0.0,0.5011434916783946,-0.0551257840846234,-0.13983912765979767,True
36,4,72.0,22.391659926623106,0.0,-22.391659926623106,22.391659926623106,11.0,577.0,1.0,-100.0,-100.0,0.0,0.5111285722055748,-0.056224142942613235,-0.1353255957365036,True
37,4,74.0,22.257607635110617,0.0,-22.257607635110617,22.257607635110617,11.0,577.0,1.0,-100.0,-100.0,0.0,0.5182959507832504,-0.057012554586157546,-0.13405229151248932,True
38,4,76.0,22.127246733754873,0.0,-22.127246733754873,22.127246733754873,11.0,577.0,1.0,-100.0,-100.0,0.0,0.5242534399660923,-0.05766787839627015,-0.1303609013557434,True
39,4,78.0,21.990536730736494,0.0,-21.990536730736494,21.990536730736494,11.0,577.0,1.0,-100.0,-100.0,0.0,0.5281171696284003,-0.05809288865912403,-0.1367100030183792,True
40,4,80.0,21.853950541466475,0.0,-21.853950541466475,21.853950541466475,11.0,577.0,1.0,-100.0,-100.0,0.0,0.5342361243066035,-0.05876597367372639,-0.13658618927001953,True
41,5,82.0,21.723552729934454,0.0,-21.723552729934454,21.723552729934454,11.0,577.0,1.0,-100.0,-100.0,0.0,0.5397202284529266,-0.05936922512982192,-0.13039781153202057,True
42,5,84.0,21.58212463185191,0.0,-21.58212463185191,21.58212463185191,11.0,577.0,1.0,-100.0,-100.0,0.0,0.5421238418251805,-0.05963362260076985,-0.14142809808254242,True
43,5,86.0,21.448882203549147,0.0,-21.448882203549147,21.448882203549147,11.0,577.0,1.0,-100.0,-100.0,0.0,0.5488564729833663,-0.06037421202817029,-0.1332424283027649,True
44,5,88.0,21.305779602378607,0.0,-21.305779602378607,21.305779602378607,11.0,577.0,1.0,-100.0,-100.0,0.0,0.5515641303545523,-0.06067205433900075,-0.14310260117053986,True
45,5,90.0,21.162685927003622,0.0,-21.162685927003622,21.162685927003622,11.0,577.0,1.0,-100.0,-100.0,0.0,0.5580882500908941,-0.06138970750999836,-0.14309367537498474,True
46,5,92.0,21.022101413458586,0.0,-21.022101413458586,21.022101413458586,11.0,577.0,1.0,-100.0,-100.0,0.0,0.563986348568538,-0.062038498342539175,-0.14058451354503632,True
47,5,94.0,20.875408809632063,0.0,-20.875408809632063,20.875408809632063,11.0,577.0,1.0,-100.0,-100.0,0.0,0.5682849119973693,-0.06251134031971063,-0.14669260382652283,True
48,5,96.0,20.733193900436163,0.0,-20.733193900436163,20.733193900436163,11.0,577.0,1.0,-100.0,-100.0,0.0,0.5746976232187267,-0.06321673855405995,-0.14221490919589996,True
49,5,98.0,20.588565167039633,0.0,-20.588565167039633,20.588565167039633,11.0,577.0,1.0,-100.0,-100.0,0.0,0.5786482089461389,-0.06365130298407527,-0.14462873339653015,True
50,5,100.0,20.443919729441404,0.0,-20.443919729441404,20.443919729441404,11.0,577.0,1.0,-100.0,-100.0,0.0,0.5832194699194531,-0.06415414169113984,-0.14464543759822845,True
51,6,102.0,20.30013382062316,0.0,-20.30013382062316,20.30013382062316,11.0,594.0,1.0,-100.0,-100.0,0.0,0.5873615835628784,-0.06460977419191662,-0.14378590881824493,True
52,6,104.0,20.150211345404387,0.0,-20.150211345404387,20.150211345404387,11.0,594.0,1.0,-100.0,-100.0,0.0,0.5907533802605127,-0.0649828718286564,-0.1499224752187729,True
53,6,106.0,20.004811238497496,0.0,-20.004811238497496,20.004811238497496,11.0,594.0,1.0,-100.0,-100.0,0.0,0.5963575886309069,-0.06559933474939976,-0.14540010690689087,True
54,6,108.0,19.852621506899595,0.0,-19.852621506899595,19.852621506899595,11.0,594.0,1.0,-100.0,-100.0,0.0,0.5995583326800763,-0.0659514165948084,-0.1521897315979004,True
55,6,110.0,19.704948466271162,0.0,-19.704948466271162,19.704948466271162,11.0,594.0,1.0,-100.0,-100.0,0.0,0.6052595910196434,-0.06657855501216078,-0.14767304062843323,True
56,6,112.0,19.5489433221519,0.0,-19.5489433221519,19.5489433221519,11.0,594.0,1.0,-100.0,-100.0,0.0,0.608550473665949,-0.06694055210325439,-0.1560051441192627,True
57,6,114.0,19.396476339548826,0.0,-19.396476339548826,19.396476339548826,11.0,594.0,1.0,-100.0,-100.0,0.0,0.6149707060793516,-0.06764677766872867,-0.15246698260307312,True
58,6,116.0,19.244582023471594,0.0,-19.244582023471594,19.244582023471594,11.0,594.0,1.0,-100.0,-100.0,0.0,0.6193163602895261,-0.06812479963184787,-0.15189431607723236,True
59,6,118.0,19.091638442128897,0.0,-19.091638442128897,19.091638442128897,11.0,594.0,1.0,-100.0,-100.0,0.0,0.6230108285599871,-0.06853119114159859,-0.15294358134269714,True
60,6,120.0,18.944944869726896,0.0,-18.944944869726896,18.944944869726896,11.0,594.0,1.0,-100.0,-100.0,0.0,0.626786495133833,-0.06894651446472162,-0.14669357240200043,True
61,7,122.0,18.793382864445448,0.0,-18.793382864445448,18.793382864445448,11.0,594.0,1.0,-100.0,-100.0,0.0,0.6276191687032012,-0.06903810855735214,-0.15156200528144836,True
62,7,124.0,18.642956700176,0.0,-18.642956700176,18.642956700176,11.0,594.0,1.0,-100.0,-100.0,0.0,0.630384307684538,-0.06934227384529917,-0.15042616426944733,True
63,7,126.0,18.49148866161704,0.0,-18.49148866161704,18.49148866161704,11.0,594.0,1.0,-100.0,-100.0,0.0,0.6324162918554606,-0.06956579210410066,-0.15146803855895996,True
64,7,128.0,18.33952796086669,0.0,-18.33952796086669,18.33952796086669,11.0,594.0,1.0,-100.0,-100.0,0.0,0.6346850035477261,-0.06981535039024986,-0.15196070075035095,True
65,7,130.0,18.18772790953517,0.0,-18.18772790953517,18.18772790953517,11.0,594.0,1.0,-100.0,-100.0,0.0,0.6369408979740652,-0.07006349877714717,-0.15180005133152008,True
66,7,132.0,18.03447362408042,0.0,-18.03447362408042,18.03447362408042,11.0,594.0,1.0,-100.0,-100.0,0.0,0.6389152148849566,-0.07028067363734522,-0.15325428545475006,True
67,7,134.0,17.881964799016714,0.0,-17.881964799016714,17.881964799016714,11.0,594.0,1.0,-100.0,-100.0,0.0,0.6413021690443604,-0.07054323859487965,-0.15250882506370544,True
68,7,136.0,17.728408705443144,0.0,-17.728408705443144,17.728408705443144,11.0,594.0,1.0,-100.0,-100.0,0.0,0.6431533691645831,-0.07074687060810414,-0.15355609357357025,True
69,7,138.0,17.57516924664378,0.0,-17.57516924664378,17.57516924664378,11.0,594.0,1.0,-100.0,-100.0,0.0,0.6452607708868321,-0.07097868479755153,-0.15323945879936218,True
70,7,140.0,17.420895617455244,0.0,-17.420895617455244,17.420895617455244,11.0,594.0,1.0,-100.0,-100.0,0.0,0.6470362983492882,-0.0711739928184217,-0.1542736291885376,True
71,8,142.0,17.26698000356555,0.0,-17.26698000356555,17.26698000356555,11.0,594.0,1.0,-100.0,-100.0,0.0,0.6490698329565969,-0.07139768162522565,-0.1539156138896942,True
72,8,144.0,17.112401377409697,0.0,-17.112401377409697,17.112401377409697,11.0,594.0,1.0,-100.0,-100.0,0.0,0.6507614388331486,-0.07158375827164636,-0.15457862615585327,True
73,8,146.0,16.958251398056746,0.0,-16.958251398056746,16.958251398056746,11.0,594.0,1.0,-100.0,-100.0,0.0,0.6525656749436098,-0.07178222424379709,-0.15414997935295105,True
74,8,148.0,16.80315897986293,0.0,-16.80315897986293,16.80315897986293,11.0,594.0,1.0,-100.0,-100.0,0.0,0.6540206663267204,-0.07194227329593925,-0.15509241819381714,True
75,8,150.0,16.64876487478614,0.0,-16.64876487478614,16.64876487478614,11.0,594.0,1.0,-100.0,-100.0,0.0,0.6557263323139244,-0.07212989655453168,-0.15439410507678986,True
76,8,152.0,16.493067260831594,0.0,-16.493067260831594,16.493067260831594,11.0,594.0,1.0,-100.0,-100.0,0.0,0.6569807157586648,-0.07226787873345313,-0.15569761395454407,True
77,8,154.0,16.338866125792265,0.0,-16.338866125792265,16.338866125792265,11.0,594.0,1.0,-100.0,-100.0,0.0,0.6586541229228047,-0.07245195352150852,-0.15420113503932953,True
78,8,156.0,16.18248839303851,0.0,-16.18248839303851,16.18248839303851,11.0,594.0,1.0,-100.0,-100.0,0.0,0.6595494804103006,-0.07255044284513307,-0.15637773275375366,True
79,8,158.0,16.028604295104742,0.0,-16.028604295104742,16.028604295104742,11.0,594.0,1.0,-100.0,-100.0,0.0,0.6612589153775433,-0.07273848069152977,-0.15388409793376923,True
80,8,160.0,15.87192903086543,0.0,-15.87192903086543,15.87192903086543,11.0,594.0,1.0,-100.0,-100.0,0.0,0.6617747864775819,-0.072795226512534,-0.15667526423931122,True
81,9,162.0,15.734312947839499,0.0,-15.734312947839499,15.734312947839499,12.0,585.0,1.0,-100.0,-100.0,0.0,0.6081119974426363,-0.07297343969311637,-0.1376160830259323,True
82,9,164.0,15.558635499328375,0.0,-15.558635499328375,15.558635499328375,12.0,585.0,1.0,-100.0,-100.0,0.0,0.6022355375579602,-0.07226826450695523,-0.17567744851112366,True
83,9,166.0,15.428402628749609,0.0,-15.428402628749609,15.428402628749609,12.0,585.0,1.0,-100.0,-100.0,0.0,0.6113378506740534,-0.07336054208088641,-0.13023287057876587,True
84,9,168.0,15.24361340329051,0.0,-15.24361340329051,15.24361340329051,12.0,585.0,1.0,-100.0,-100.0,0.0,0.6023568057710381,-0.07228281669252458,-0.18478922545909882,True
85,9,170.0,15.12922840192914,0.0,-15.12922840192914,15.12922840192914,12.0,585.0,1.0,-100.0,-100.0,0.0,0.6148992299481922,-0.07378790759378308,-0.11438500136137009,True
86,9,172.0,14.936580453068018,0.0,-14.936580453068018,14.936580453068018,12.0,585.0,1.0,-100.0,-100.0,0.0,0.5995750544817667,-0.07194900653781201,-0.19264794886112213,True
87,9,174.0,14.823206629604101,0.0,-14.823206629604101,14.823206629604101,12.0,585.0,1.0,-100.0,-100.0,0.0,0.6153598317404811,-0.07384317980885774,-0.11337382346391678,True
88,9,176.0,14.626390125602484,0.0,-14.626390125602484,14.626390125602484,12.0,585.0,1.0,-100.0,-100.0,0.0,0.5996086702248696,-0.07195304042698436,-0.19681650400161743,True
89,9,178.0,14.5233010686934,0.0,-14.5233010686934,14.5233010686934,12.0,585.0,1.0,-100.0,-100.0,0.0,0.6169693525638832,-0.07403632230766599,-0.10308905690908432,True
90,9,180.0,14.320231769233942,0.0,-14.320231769233942,14.320231769233942,12.0,585.0,1.0,-100.0,-100.0,0.0,0.5971686346665059,-0.07166023615998071,-0.2030692994594574,True
91,10,182.0,14.210345093160868,0.0,-14.210345093160868,14.210345093160868,10.0,352.0,1.0,-100.0,-100.0,0.0,0.7405568690620987,-0.07405568690620987,-0.10988667607307434,True
92,10,184.0,14.022598255425692,0.0,-14.022598255425692,14.022598255425692,10.0,352.0,1.0,-100.0,-100.0,0.0,0.7198675848010955,-0.07198675848010955,-0.1877468377351761,True
93,10,186.0,13.935415867716074,0.0,-13.935415867716074,13.935415867716074,10.0,352.0,1.0,-100.0,-100.0,0.0,0.7365453681806754,-0.07365453681806754,-0.08718238770961761,True
94,10,188.0,13.745495293289423,0.0,-13.745495293289423,13.745495293289423,10.0,352.0,1.0,-100.0,-100.0,0.0,0.7059178660969234,-0.07059178660969234,-0.189920574426651,True
95,10,190.0,13.650582205504179,0.0,-13.650582205504179,13.650582205504179,10.0,352.0,1.0,-100.0,-100.0,0.0,0.7249144396060412,-0.07249144396060411,-0.09491308778524399,True
96,10,192.0,13.441268485039473,0.0,-13.441268485039473,13.441268485039473,10.0,352.0,1.0,-100.0,-100.0,0.0,0.6989106134030696,-0.06989106134030695,-0.20931372046470642,True
97,10,194.0,13.355805020779371,0.0,-13.355805020779371,13.355805020779371,10.0,352.0,1.0,-100.0,-100.0,0.0,0.72739130545739,-0.072739130545739,-0.08546346426010132,True
98,10,196.0,13.15317153558135,0.0,-13.15317153558135,13.15317153558135,10.0,352.0,1.0,-100.0,-100.0,0.0,0.6968556200116935,-0.06968556200116935,-0.20263348519802094,True
99,10,198.0,13.0563871152699,0.0,-13.0563871152699,13.0563871152699,10.0,352.0,1.0,-100.0,-100.0,0.0,0.7224956480378802,-0.07224956480378802,-0.09678442031145096,True
100,10,200.0,12.861947227269411,0.0,-12.861947227269411,12.861947227269411,10.0,352.0,1.0,-100.0,-100.0,0.0,0.6975732160427633,-0.06975732160427633,-0.19443988800048828,True
101,11,202.0,12.670504678040743,0.0,-12.670504678040743,12.670504678040743,7.0,1000.0,1.0,-100.0,-100.0,0.0,1.0277430897566835,-0.07194201628296786,-0.1914425492286682,True
102,11,204.0,12.4878996796906,0.0,-12.4878996796906,12.4878996796906,7.0,1000.0,1.0,-100.0,-100.0,0.0,1.0540294502841168,-0.07378206151988817,-0.18260499835014343,True
103,11,206.0,12.270813066512346,0.0,-12.270813066512346,12.270813066512346,7.0,1000.0,1.0,-100.0,-100.0,0.0,1.072069285563892,-0.07504484998947245,-0.21708661317825317,True
104,11,208.0,12.182048317044973,0.0,-12.182048317044973,12.182048317044973,7.0,1000.0,1.0,-100.0,-100.0,0.0,1.1107805782135856,-0.077754640474951,-0.0887647494673729,True
105,11,210.0,11.977753069251776,0.0,-11.977753069251776,11.977753069251776,7.0,1000.0,1.0,-100.0,-100.0,0.0,1.0624673436132712,-0.07437271405292899,-0.20429524779319763,True
106,11,212.0,11.858405161648989,0.0,-11.858405161648989,11.858405161648989,7.0,1000.0,1.0,-100.0,-100.0,0.0,1.0937878823697698,-0.07656515176588388,-0.11934790760278702,True
107,11,214.0,11.679204065352678,0.0,-11.679204065352678,11.679204065352678,7.0,1000.0,1.0,-100.0,-100.0,0.0,1.0669561940918222,-0.07468693358642756,-0.17920109629631042,True
108,11,216.0,11.58895617350936,0.0,-11.58895617350936,11.58895617350936,7.0,1000.0,1.0,-100.0,-100.0,0.0,1.081552468583842,-0.07570867280086895,-0.09024789184331894,True
109,11,218.0,11.390573423355818,0.0,-11.390573423355818,11.390573423355818,7.0,1000.0,1.0,-100.0,-100.0,0.0,1.036990438022096,-0.07258933066154673,-0.19838275015354156,True
110,11,220.0,11.297891613095999,0.0,-11.297891613095999,11.297891613095999,7.0,1000.0,1.0,-100.0,-100.0,0.0,1.066901646387966,-0.07468311524715761,-0.09268181025981903,True
111,12,222.0,11.11041171476245,0.0,-11.11041171476245,11.11041171476245,7.0,1000.0,1.0,-100.0,-100.0,0.0,1.0253177308394539,-0.07177224115876178,-0.1874798983335495,True
112,12,224.0,11.018166240304708,0.0,-11.018166240304708,11.018166240304708,7.0,1000.0,1.0,-100.0,-100.0,0.0,1.049262110279333,-0.0734483477195533,-0.09224547445774078,True
113,12,226.0,10.832065295428038,0.0,-10.832065295428038,10.832065295428038,7.0,1000.0,1.0,-100.0,-100.0,0.0,1.0090774663036794,-0.07063542264125756,-0.18610094487667084,True
114,12,228.0,10.73972812667489,0.0,-10.73972812667489,10.73972812667489,7.0,1000.0,1.0,-100.0,-100.0,0.0,1.033675508085159,-0.07235728556596113,-0.09233716875314713,True
115,12,230.0,10.553739581257105,0.0,-10.553739581257105,10.553739581257105,7.0,1000.0,1.0,-100.0,-100.0,0.0,0.9950372086375439,-0.06965260460462808,-0.18598854541778564,True
116,12,232.0,10.462483618408442,0.0,-10.462483618408442,10.462483618408442,7.0,1000.0,1.0,-100.0,-100.0,0.0,1.0209015519461568,-0.07146310863623098,-0.09125596284866333,True
117,12,234.0,10.278671611100435,0.0,-10.278671611100435,10.278671611100435,7.0,1000.0,1.0,-100.0,-100.0,0.0,0.982779621812405,-0.06879457352686835,-0.1838120073080063,True
118,12,236.0,10.187260288745165,0.0,-10.187260288745165,10.187260288745165,7.0,1000.0,1.0,-100.0,-100.0,0.0,1.008399772404775,-0.07058798406833425,-0.09141132235527039,True
119,12,238.0,10.00493549183011,0.0,-10.00493549183011,10.00493549183011,7.0,1000.0,1.0,-100.0,-100.0,0.0,0.9715712710659222,-0.06800998897461456,-0.18232479691505432,True
120,12,240.0,9.913837533444166,0.0,-9.913837533444166,9.913837533444166,7.0,1000.0,1.0,-100.0,-100.0,0.0,0.9972947903950251,-0.06981063532765176,-0.09109795838594437,True
121,13,242.0,9.726981978863478,0.0,-9.726981978863478,9.726981978863478,6.0,1000.0,1.0,-100.0,-100.0,0.0,1.1215424386036927,-0.06729254631622156,-0.18685555458068848,True
122,13,244.0,9.635842468589544,0.0,-9.635842468589544,9.635842468589544,6.0,1000.0,1.0,-100.0,-100.0,0.0,1.1561264585824096,-0.06936758751494458,-0.09113951027393341,True
123,13,246.0,9.455774005502462,0.0,-9.455774005502462,9.455774005502462,6.0,1000.0,1.0,-100.0,-100.0,0.0,1.114894157992353,-0.06689364947954118,-0.1800684630870819,True
124,13,248.0,9.364338133484125,0.0,-9.364338133484125,9.364338133484125,6.0,1000.0,1.0,-100.0,-100.0,0.0,1.144970248657797,-0.06869821491946783,-0.09143587201833725,True
125,13,250.0,9.18746605888009,0.0,-9.18746605888009,9.18746605888009,6.0,1000.0,1.0,-100.0,-100.0,0.0,1.1050266661874202,-0.06630159997124521,-0.17687207460403442,True
126,13,252.0,9.097239512950182,0.0,-9.097239512950182,9.097239512950182,6.0,1000.0,1.0,-100.0,-100.0,0.0,1.1336223316538538,-0.06801733989923123,-0.09022654592990875,True
127,13,254.0,8.923874158412218,0.0,-8.923874158412218,8.923874158412218,6.0,1000.0,1.0,-100.0,-100.0,0.0,1.0938449995483748,-0.0656306999729025,-0.17336535453796387,True
128,13,256.0,8.83272024616599,0.0,-8.83272024616599,8.83272024616599,6.0,1000.0,1.0,-100.0,-100.0,0.0,1.1208504817371658,-0.06725102890422995,-0.09115391224622726,True
129,13,258.0,8.661309402436018,0.0,-8.661309402436018,8.661309402436018,6.0,1000.0,1.0,-100.0,-100.0,0.0,1.0829940510056293,-0.06497964306033775,-0.17141084372997284,True
130,13,260.0,8.570561300963163,0.0,-8.570561300963163,8.570561300963163,6.0,1000.0,1.0,-100.0,-100.0,0.0,1.1095538035149637,-0.06657322821089783,-0.09074810147285461,True
131,14,262.0,8.45236498489976,0.0,-8.45236498489976,8.45236498489976,1.0,1000.0,6.0,-100.0,-100.0,0.0,38.60883010759837,-0.06434805017933062,-0.11819631606340408,True
132,14,264.0,8.285404790192842,0.0,-8.285404790192842,8.285404790192842,1.0,1000.0,6.0,-100.0,-100.0,0.0,38.149719971826634,-0.06358286661971106,-0.1669601947069168,True
133,14,266.0,8.18041067942977,0.0,-8.18041067942977,8.18041067942977,1.0,1000.0,6.0,-100.0,-100.0,0.0,39.06442369964122,-0.06510737283273536,-0.10499411076307297,True
134,14,268.0,8.001447167247534,0.0,-8.001447167247534,8.001447167247534,1.0,1000.0,6.0,-100.0,-100.0,0.0,38.20176868146972,-0.0636696144691162,-0.17896351218223572,True
135,14,270.0,7.829416435211897,0.0,-7.829416435211897,7.829416435211897,1.0,1000.0,6.0,-100.0,-100.0,0.0,39.43889424514259,-0.06573149040857099,-0.1720307320356369,True
136,14,272.0,7.644300889223814,0.0,-7.644300889223814,7.644300889223814,1.0,1000.0,6.0,-100.0,-100.0,0.0,40.0,-0.0672815359684051,-0.18511554598808289,True
137,14,274.0,7.4787069670856,0.0,-7.4787069670856,7.4787069670856,1.0,1000.0,6.0,-100.0,-100.0,0.0,40.0,-0.06927853045355963,-0.1655939221382141,True
138,14,276.0,7.324045654386282,0.0,-7.324045654386282,7.324045654386282,1.0,1000.0,6.0,-100.0,-100.0,0.0,40.0,-0.0701976222659127,-0.15466131269931793,True
139,14,278.0,7.1842606626451015,0.0,-7.1842606626451015,7.1842606626451015,1.0,1000.0,6.0,-100.0,-100.0,0.0,40.0,-0.07053206983536138,-0.13978499174118042,True
140,14,280.0,7.047707196325064,0.0,-7.047707196325064,7.047707196325064,1.0,1000.0,6.0,-100.0,-100.0,0.0,40.0,-0.07015836959436694,-0.13655346632003784,True
141,15,282.0,6.8168805204331875,0.0,-6.8168805204331875,6.8168805204331875,9.0,1000.0,2.0,-76.91617526661177,-78.30785773694515,-0.15661571547389033,1.5482981858072775,-0.0696734183613275,-0.23082667589187622,True
142,15,284.0,6.611042570322752,0.0,-6.611042570322752,6.611042570322752,9.0,1000.0,2.0,-74.41743705779484,-75.74311689370208,-0.30810194926129475,1.63378178516853,-0.07352018033258385,-0.20583795011043549,True
143,15,286.0,6.37649966403842,0.0,-6.37649966403842,6.37649966403842,9.0,1000.0,2.0,-72.22517437216024,-73.45602855914169,-0.4550140063795779,1.68586819336102,-0.0758640687012459,-0.23454290628433228,True
144,15,288.0,6.2772356532514095,0.0,-6.2772356532514095,6.2772356532514095,9.0,1000.0,2.0,-69.68472717231113,-70.84999626709354,-0.596713998913765,1.7619830936961982,-0.07928923921632892,-0.09926401078701019,True
145,15,290.0,6.003289874643087,0.0,-6.003289874643087,6.003289874643087,9.0,1000.0,2.0,-68.78908868031428,-69.74706281390455,-0.7362081245415739,1.6941822581318364,-0.07623820161593264,-0.27394577860832214,True
146,15,292.0,5.901197854429483,0.0,-5.901197854429483,5.901197854429483,9.0,1000.0,2.0,-65.76352756941561,-66.70322082936764,-0.8696145662003099,1.8093078261523299,-0.08141885217685485,-0.10209202021360397,True
147,15,294.0,5.70883758738637,0.0,-5.70883758738637,5.70883758738637,9.0,1000.0,2.0,-64.82976785789626,-65.56886504921647,-1.000752296298743,1.73984948761896,-0.0782932269428532,-0.1923602670431137,True
148,15,296.0,5.584766563028097,0.0,-5.584766563028097,5.584766563028097,9.0,1000.0,2.0,-62.79094075386431,-63.43152874873744,-1.1276153537962164,1.7682033486693505,-0.07956915069012077,-0.12407102435827255,True
149,15,298.0,5.416586201637983,0.0,-5.416586201637983,5.416586201637983,9.0,1000.0,2.0,-61.57981453207242,-62.0529618114233,-1.251721277419064,1.7248685567699478,-0.07761908505464765,-0.16818036139011383,True
150,15,300.0,5.314735170453787,0.0,-5.314735170453787,5.314735170453787,9.0,1000.0,2.0,-59.82615545029054,-60.18429112931092,-1.3720898596776865,1.7302255386980652,-0.07786014924141293,-0.10185103118419647,True
151,16,302.0,5.178126182407141,0.0,-5.178126182407141,5.178126182407141,2.0,1000.0,15.0,-100.0,-100.0,-1.3720898596776865,40.0,-0.07506303213701546,-0.13660898804664612,True
152,16,304.0,4.996852483600378,0.0,-4.996852483600378,4.996852483600378,2.0,1000.0,15.0,-100.0,-100.0,-1.3720898596776865,40.0,-0.0741127513958877,-0.1812736988067627,True
153,16,306.0,4.8137638084590435,0.0,-4.8137638084590435,4.8137638084590435,2.0,1000.0,15.0,-100.0,-100.0,-1.3720898596776865,40.0,-0.07528347755122702,-0.18308867514133453,True
154,16,308.0,4.627600368112326,0.0,-4.627600368112326,4.627600368112326,2.0,1000.0,15.0,-100.0,-100.0,-1.3720898596776865,40.0,-0.07642503355583859,-0.18616344034671783,True
155,16,310.0,4.4656923823058605,0.0,-4.4656923823058605,4.4656923823058605,2.0,1000.0,15.0,-100.0,-100.0,-1.3720898596776865,40.0,-0.07759746918339915,-0.16190798580646515,True
156,16,312.0,4.3190943114459515,0.0,-4.3190943114459515,4.3190943114459515,2.0,1000.0,15.0,-100.0,-100.0,-1.3720898596776865,40.0,-0.07755546682089769,-0.14659807085990906,True
157,16,314.0,4.18758912011981,0.0,-4.18758912011981,4.18758912011981,2.0,1000.0,15.0,-100.0,-100.0,-1.3720898596776865,40.0,-0.07682151579168472,-0.13150519132614136,True
158,16,316.0,4.065298330038786,0.0,-4.065298330038786,4.065298330038786,2.0,1000.0,15.0,-100.0,-100.0,-1.3720898596776865,40.0,-0.07547148670197856,-0.12229079008102417,True
159,16,318.0,3.959767509251833,0.0,-3.959767509251833,3.959767509251833,2.0,1000.0,15.0,-100.0,-100.0,-1.3720898596776865,40.0,-0.07383136970931814,-0.10553082078695297,True
160,16,320.0,3.85736471042037,0.0,-3.85736471042037,3.85736471042037,2.0,1000.0,15.0,-100.0,-100.0,-1.3720898596776865,40.0,-0.07158583113749925,-0.10240279883146286,True
161,17,322.0,3.770912501960993,0.0,-3.770912501960993,3.770912501960993,46.0,965.0,12.0,-7.964289086177202,-8.385575457435587,-1.389469290677552,1.8107556619359362,-0.0694123003742109,-0.08645220845937729,True
162,17,324.0,3.6345477737486362,0.0,-3.6345477737486362,3.6345477737486362,46.0,965.0,12.0,-7.863546664869939,-8.197635873828245,-1.4064592095870407,1.7405484185453475,-0.06672102271090499,-0.13636472821235657,True
163,17,326.0,3.448375914245844,0.0,-3.448375914245844,3.448375914245844,46.0,965.0,12.0,-7.587798276007844,-7.901190812497035,-1.4228347345870347,1.7362272710762252,-0.06655537872458864,-0.18617185950279236,True
164,17,328.0,3.2934355922043324,0.0,-3.2934355922043324,3.2934355922043324,46.0,965.0,12.0,-7.143458436541378,-7.496469378795314,-1.4383714586881644,1.7913824009421004,-0.06866965870278052,-0.15494032204151154,True
165,17,330.0,3.1630422808229923,0.0,-3.1630422808229923,3.1630422808229923,46.0,965.0,12.0,-6.808612484353457,-7.159642591748548,-1.4532100961840153,1.804240203579106,-0.06916254113719907,-0.13039331138134003,True
166,17,332.0,2.9865113832056522,0.0,-2.9865113832056522,2.9865113832056522,46.0,965.0,12.0,-6.556877828571054,-6.876178871354331,-1.4674612441039208,1.7867622868871984,-0.06849255433067594,-0.1765308976173401,True
167,17,334.0,2.8891818784177303,0.0,-2.8891818784177303,2.8891818784177303,46.0,965.0,12.0,-6.147668965679653,-6.492416050447069,-1.4809170286644335,1.8256641134318499,-0.06998379101488758,-0.0973295047879219,True
168,17,336.0,2.7687463723123074,0.0,-2.7687463723123074,2.7687463723123074,46.0,965.0,12.0,-6.007830796683711,-6.280830170473327,-1.4939342932664514,1.7669336670560671,-0.06773245723714923,-0.12043550610542297,True
169,17,338.0,2.6892916597425938,0.0,-2.6892916597425938,2.6892916597425938,46.0,965.0,12.0,-5.784216906330367,-6.019013852852842,-1.5064089333759916,1.7412058798984669,-0.06674622539610789,-0.07945471256971359,True
170,17,340.0,2.635558642446995,0.0,-2.635558642446995,2.635558642446995,46.0,965.0,12.0,-5.695476871205282,-5.846286216831725,-1.5185255887476647,1.6693349343741077,-0.0639911724843408,-0.053733017295598984,True
171,18,342.0,2.555336073040962,0.0,-2.555336073040962,2.555336073040962,50.0,1000.0,16.0,-4.869635644825965,-5.27111728489399,-1.5290678233174542,1.9305494633854792,-0.060329670730796224,-0.08022256940603256,True
172,18,344.0,2.4774178713560104,0.0,-2.4774178713560104,2.4774178713560104,50.0,1000.0,16.0,-4.786870274351326,-5.110672146081924,-1.5392891676096196,1.863091039340218,-0.058221594979381806,-0.07791820168495178,True
173,18,346.0,2.446002811193466,0.0,-2.446002811193466,2.446002811193466,50.0,1000.0,16.0,-4.705319188389176,-4.954835742712021,-1.5491988390950449,1.7987153934178897,-0.056209856044309045,-0.03141506016254425,True
174,18,348.0,2.3581001460552216,0.0,-2.3581001460552216,2.3581001460552216,50.0,1000.0,16.0,-4.778153758962017,-4.892005622386932,-1.5589828503398195,1.6728347137647346,-0.052276084805147956,-0.08790266513824463,True
175,18,350.0,2.309176031500101,0.0,-2.309176031500101,2.309176031500101,50.0,1000.0,16.0,-4.643484115723351,-4.716200292110443,-1.5684152509240417,1.6411314273111333,-0.051285357103472914,-0.04892411455512047,True
176,18,352.0,2.2358811013400555,0.0,-2.2358811013400555,2.2358811013400555,50.0,1000.0,16.0,-4.640251865252284,-4.618352063000202,-1.577651955050045,1.5557521527979623,-0.04861725477493632,-0.07329493016004562,True
177,18,354.0,2.196125380694866,0.0,-2.196125380694866,2.196125380694866,50.0,1000.0,16.0,-4.544389508489062,-4.471762202680111,-1.5865954794554018,1.5139681736464505,-0.04731150542645158,-0.039755720645189285,True
178,18,356.0,2.129053756594658,0.0,-2.129053756594658,2.129053756594658,50.0,1000.0,16.0,-4.560248605911833,-4.392250761389732,-1.5953799809781812,1.4273821364560804,-0.04460569176425251,-0.06707162410020828,True
179,18,358.0,2.0749713964760303,0.0,-2.0749713964760303,2.0749713964760303,50.0,1000.0,16.0,-4.473213129958588,-4.258107513189316,-1.60389619600456,1.3887905792352875,-0.043399705601102734,-0.05408236011862755,True
180,18,360.0,2.0273905359208584,0.0,-2.0273905359208584,2.0273905359208584,50.0,1000.0,16.0,-4.427153455510811,-4.149942792952061,-1.6121960815904663,1.334985419031716,-0.04171829434474113,-0.04758086055517197,True
181,19,362.0,1.9214381463825703,0.0,-1.9214381463825703,1.9214381463825703,1.0,766.0,20.0,-100.0,-100.0,-1.6121960815904663,40.0,-0.03990172814869512,-0.10595238953828812,True
182,19,364.0,1.7815429456532001,0.0,-1.7815429456532001,1.7815429456532001,1.0,766.0,20.0,-100.0,-100.0,-1.6121960815904663,40.0,-0.04091188538329664,-0.13989520072937012,True
183,19,366.0,1.6131669022142887,0.0,-1.6131669022142887,1.6131669022142887,1.0,766.0,20.0,-100.0,-100.0,-1.6121960815904663,40.0,-0.043368650170946654,-0.16837604343891144,True
184,19,368.0,1.5481771044433117,0.0,-1.5481771044433117,1.5481771044433117,1.0,766.0,20.0,-100.0,-100.0,-1.6121960815904663,40.0,-0.04688574216965086,-0.06498979777097702,True
185,19,370.0,1.4092327021062374,0.0,-1.4092327021062374,1.4092327021062374,1.0,766.0,20.0,-100.0,-100.0,-1.6121960815904663,40.0,-0.04536762782124307,-0.13894440233707428,True
186,19,372.0,1.3335333578288555,0.0,-1.3335333578288555,1.3335333578288555,1.0,766.0,20.0,-100.0,-100.0,-1.6121960815904663,40.0,-0.047356140262124466,-0.0756993442773819,True
187,19,374.0,1.1881402842700481,0.0,-1.1881402842700481,1.1881402842700481,1.0,766.0,20.0,-94.96553186447602,-100.0,-1.6121960815904663,40.0,-0.04627998742884623,-0.14539307355880737,True
188,19,376.0,1.1141497604548931,0.0,-1.1141497604548931,1.1141497604548931,1.0,766.0,20.0,-80.73644390396605,-100.0,-1.9224154769612378,40.0,-0.04847461281594781,-0.07399052381515503,True
189,19,378.0,0.9792781434953213,0.0,-0.9792781434953213,0.9792781434953213,1.0,766.0,20.0,-73.62829224319594,-100.0,-2.2133161977066425,40.0,-0.04721409018177668,-0.13487161695957184,True
190,19,380.0,0.8849982805550098,0.0,-0.8849982805550098,0.8849982805550098,1.0,766.0,20.0,-60.396816746584804,-97.92781434953213,-2.4690023970526798,40.0,-0.048841329548493864,-0.09427986294031143,True
191,20,382.0,0.7633420117199421,0.0,-0.7633420117199421,0.7633420117199421,1.0,1000.0,20.0,-51.14583010866467,-88.49982805550098,-2.646002053163683,40.0,-0.04846813496678024,-0.12165626883506775,True
192,20,384.0,0.7119214683771133,0.0,-0.7119214683771133,0.7119214683771133,1.0,1000.0,20.0,-39.13287162750188,-76.33420117199421,-2.798670455507669,40.0,-0.049375010778922535,-0.05142054334282875,True
193,20,386.0,0.5991708785295486,0.0,-0.5991708785295486,0.5991708785295486,1.0,1000.0,20.0,-34.13320158689442,-71.19214683771133,-2.9410547491830887,40.0,-0.04700261766199098,-0.1127505898475647,True
194,20,388.0,0.5278824642300606,0.0,-0.5278824642300606,0.5278824642300606,1.0,1000.0,20.0,-22.977976777843857,-59.917087852954865,-3.060888924888996,40.0,-0.04764445577522974,-0.07128841429948807,True
195,20,390.0,0.4181920886039734,0.0,-0.4181920886039734,0.4181920886039734,1.0,1000.0,20.0,-15.954711840741066,-52.78824642300606,-3.1664654177350067,40.0,-0.04634028943318679,-0.10969037562608719,True
196,20,392.0,0.3667827397584915,0.0,-0.3667827397584915,0.3667827397584915,1.0,1000.0,20.0,-5.069312695853146,-41.81920886039734,-3.250103835455806,40.0,-0.04690619607200974,-0.05140934884548187,True
197,20,394.0,0.24333778768777847,0.0,-0.24333778768777847,0.24333778768777847,1.0,1000.0,20.0,-0.0017343592566498867,-36.67827397584915,-3.3234603834075003,40.0,-0.044768793126893636,-0.12344495207071304,True
198,20,396.0,0.20438265055418015,0.0,-0.20438265055418015,0.20438265055418015,1.0,1000.0,20.0,12.294093290277097,-24.333778768777847,-3.3721279409450604,40.0,-0.04610985700862647,-0.03895513713359833,True
199,20,398.0,0.08606978505849838,0.0,-0.08606978505849838,0.08606978505849838,1.0,1000.0,20.0,16.148730473526086,-20.438265055418015,-3.4130044710559,40.0,-0.043482275236258375,-0.11831286549568176,True
200,20,400.0,0.05264895781874657,0.0,-0.05264895781874657,0.05264895781874657,1.0,1000.0,20.0,27.96280306608257,-8.606978505849838,-3.430218428067594,40.0,-0.04471276600946334,-0.033420827239751816,True
201,21,402.0,-0.058185454457998276,0.0,0.058185454457998276,0.058185454457998276,1.0,852.0,20.0,31.292526879771664,-5.264895781874657,-3.4425773383536806,40.0,-0.041966874451841656,-0.11083441227674484,True
202,21,404.0,-0.08947726339101791,0.0,0.08947726339101791,0.08947726339101791,1.0,852.0,20.0,42.41698479628852,5.818545445799828,-3.4015606495113175,40.0,-0.04300196444951619,-0.03129180893301964,True
203,21,406.0,-0.10303062293678522,0.0,0.10303062293678522,0.10303062293678522,1.0,852.0,20.0,45.60924092214065,8.947726339101791,-3.338485416961148,40.0,-0.04032248491481383,-0.013553359545767307,True
204,21,408.0,-0.08781028725206852,0.0,0.08781028725206852,0.08781028725206852,1.0,852.0,20.0,47.03720628283954,10.303062293678522,-3.26585601083898,40.0,-0.03709224852948144,0.015220335684716702,True
205,21,410.0,-0.04310738854110241,0.0,0.04310738854110241,0.04310738854110241,1.0,852.0,20.0,45.57707284495767,8.781028725206852,-3.2039558802491874,40.0,-0.03286215358216228,0.04470289871096611,True
206,21,412.0,0.0037141498178243637,0.0,-0.0037141498178243637,0.0037141498178243637,1.0,852.0,20.0,41.13717067743865,4.310738854110241,-3.1735681766715955,40.0,-0.02769535252111984,0.04682153835892677,True
207,21,414.0,0.10350262187421322,0.0,-0.10350262187421322,0.10350262187421322,1.0,852.0,20.0,36.45414497539154,-0.37141498178243637,-3.174440042826021,40.0,-0.022925101406707813,0.09978847205638885,True
208,21,416.0,0.18946481309831142,0.0,-0.18946481309831142,0.18946481309831142,1.0,852.0,20.0,18.85524394699194,-10.350262187421322,-3.1987364329373325,32.40424256735059,-0.0162021212836753,0.0859621912240982,True
209,21,418.0,0.3248563315719366,0.0,-0.3248563315719366,0.3248563315719366,1.0,852.0,20.0,-0.6917820602956676,-18.946481309831142,-3.243211741176366,21.49791099071184,-0.01074895549535592,0.13539151847362518,True
210,21,420.0,0.39479453675448895,0.0,-0.39479453675448895,0.39479453675448895,1.0,852.0,20.0,-28.667071345536627,-32.48563315719366,-3.319469096005459,7.1380309076624915,-0.003569015453831246,0.06993820518255234,True
211,22,422.0,0.520310802385211,0.0,-0.520310802385211,0.520310802385211,1.0,852.0,20.0,-42.79293569430088,-39.479453675448895,-3.4121438698914845,0.0986618510395023,-4.933092551975115e-05,0.12551626563072205,True
212,22,424.0,0.5548277292400599,0.0,-0.5548277292400599,0.5548277292400599,1.0,852.0,20.0,-66.88750213282759,-52.0310802385211,-3.534282555897397,-11.322139338409094,0.005661069669204547,0.03451692685484886,True
213,22,426.0,0.5974032189697027,0.0,-0.5974032189697027,0.5974032189697027,1.0,852.0,20.0,-72.52755065362031,-55.482772924005985,-3.6645238068927224,-13.380253922721602,0.006690126961360801,0.04257548972964287,True
214,22,428.0,0.6145167257636786,0.0,-0.6145167257636786,0.6145167257636786,1.0,852.0,20.0,-79.519776436268,-59.74032189697027,-3.8047593043034484,-15.974695234994279,0.007987347617497139,0.01711350679397583,True
215,22,430.0,0.6091871531680226,0.0,-0.6091871531680226,0.6091871531680226,1.0,852.0,20.0,-81.40744654790464,-61.451672576367855,-3.9490120568301394,-16.00676191470665,0.008003380957353326,-0.005329572595655918,True
216,22,432.0,0.6059749873820692,0.0,-0.6059749873820692,0.6059749873820692,1.0,852.0,20.0,-79.00607220639414,-60.91871531680226,-4.092013735977562,-13.995343153614314,0.006997671576807158,-0.0032121657859534025,True
217,22,434.0,0.5904411666560918,0.0,-0.5904411666560918,0.5904411666560918,1.0,852.0,20.0,-77.20005815184976,-60.59749873820692,-4.234261385597765,-12.36829802804506,0.00618414901402253,-0.01553382072597742,True
218,22,436.0,0.5659954764414579,0.0,-0.5659954764414579,0.5659954764414579,1.0,852.0,20.0,-73.19320424543419,-59.04411666560918,-4.37286259842784,-9.77622498139716,0.00488811249069858,-0.02444569021463394,True
219,22,438.0,0.526719267712906,0.0,-0.526719267712906,0.526719267712906,1.0,852.0,20.0,-67.72645337343096,-56.59954764414579,-4.505725386324891,-6.6211803429602725,0.003310590171480136,-0.039276208728551865,True
220,22,440.0,0.4734460555482656,0.0,-0.4734460555482656,0.4734460555482656,1.0,852.0,20.0,-59.720063198556986,-52.6719267712906,-4.629368406914774,-2.4187680203516106,0.0012093840101758053,-0.05327321216464043,True
221,23,442.0,0.4014963873196393,0.0,-0.4014963873196393,0.4014963873196393,1.0,269.0,20.0,-49.67065392316111,-47.34460555482656,-4.981372909181145,2.6553245408465953,-0.0013276622704232978,-0.07194966822862625,True
222,23,444.0,0.32090671290643513,0.0,-0.32090671290643513,0.32090671290643513,1.0,269.0,20.0,-36.486138419225455,-40.14963873196393,-5.2798832343258635,8.94338354706434,-0.0044716917735321705,-0.0805896744132042,True
223,23,446.0,0.24300493230111897,0.0,-0.24300493230111897,0.24300493230111897,1.0,269.0,20.0,-22.19200767961648,-32.09067129064351,-5.518475585929162,15.417139196956192,-0.007708569598478096,-0.07790178060531616,True
224,23,448.0,0.1758247904945165,0.0,-0.1758247904945165,0.1758247904945165,1.0,269.0,20.0,-8.970646772166498,-24.300493230111897,-5.699148398048956,21.028994855994355,-0.010514497427997179,-0.06718014180660248,True
225,23,450.0,0.10626347293145955,0.0,-0.10626347293145955,0.10626347293145955,1.0,269.0,20.0,1.7184215953233883,-17.58247904945165,-5.829873149345993,25.13077379412103,-0.012565386897060514,-0.06956131756305695,True
226,23,452.0,0.04429845814593136,0.0,-0.04429845814593136,0.04429845814593136,1.0,269.0,20.0,12.522545352141757,-10.626347293145955,-5.908879448923293,29.057772094211003,-0.014528886047105503,-0.06196501478552818,True
227,23,454.0,-0.045364756835624576,0.0,0.045364756835624576,0.045364756835624576,1.0,269.0,20.0,21.547892368855802,-4.429845814593136,-5.941815105537374,31.919553288986314,-0.015959776644493155,-0.08966321498155594,True
228,23,456.0,-0.09516887064091861,0.0,0.09516887064091861,0.09516887064091861,1.0,269.0,20.0,35.72249696018617,4.536475683562458,-5.840528487687652,37.02654976431136,-0.01851327488215568,-0.04980411380529404,True
229,23,458.0,-0.17171436990611255,0.0,0.17171436990611255,0.17171436990611255,1.0,269.0,20.0,41.9114207924544,9.516887064091861,-5.628043428708401,38.02257715707094,-0.01901128857853547,-0.07654549926519394,True
230,23,460.0,-0.2033333599101752,0.0,0.2033333599101752,0.2033333599101752,1.0,269.0,20.0,51.926782980852174,17.171436990611255,-5.244654009759084,40.0,-0.02067740188931393,-0.03161899000406265,True
231,24,462.0,-0.21734360768459737,0.0,0.21734360768459737,0.21734360768459737,1.0,581.0,20.0,55.2988749900092,20.33333599101752,-5.034461001008323,40.0,-0.020142324591279008,-0.014010247774422169,True
232,24,464.0,-0.19985322444699705,0.0,0.19985322444699705,0.19985322444699705,1.0,581.0,20.0,54.64024196709632,21.734360768459737,-4.809785095135563,37.71566629377215,-0.018857833146886074,0.017490383237600327,True
233,24,466.0,-0.15525888069532812,0.0,0.15525888069532812,0.15525888069532812,1.0,581.0,20.0,47.90997067318616,19.985322444699705,-4.603189627605725,32.52783785609218,-0.01626391892804609,0.04459434375166893,True
234,24,468.0,-0.0946132147219032,0.0,0.0946132147219032,0.0946132147219032,1.0,581.0,20.0,36.453895472101486,15.525888069532812,-4.442692937426399,25.370700339995068,-0.012685350169997535,0.06064566597342491,True
235,24,470.0,0.0365324264857918,0.0,-0.0365324264857918,0.0365324264857918,1.0,581.0,20.0,22.553396342098118,9.46132147219032,-4.344887853800356,17.436962723708152,-0.008718481361854076,0.131145641207695,True
236,24,472.0,0.09667430655099452,0.0,-0.09667430655099452,0.09667430655099452,1.0,581.0,20.0,-4.160235072869821,-3.6532426485791802,-4.357463559991684,3.8504711357010426,-0.0019252355678505211,0.06014188006520271,True
237,24,474.0,0.24759670929051936,0.0,-0.24759670929051936,0.24759670929051936,1.0,581.0,20.0,-16.042832947098873,-9.667430655099452,-4.390742150887029,-1.9846601411123925,0.0009923300705561963,0.15092240273952484,True
238,24,476.0,0.29792066873051226,0.0,-0.29792066873051226,0.29792066873051226,1.0,581.0,20.0,-44.752193414973576,-24.759670929051936,-4.4759733761161185,-15.516549109805522,0.007758274554902762,0.050323959439992905,True
239,24,478.0,0.38741862238384783,0.0,-0.38741862238384783,0.38741862238384783,1.0,581.0,20.0,-52.98226192191,-29.792066873051226,-4.578527823183423,-18.611667225675347,0.009305833612837674,0.08949795365333557,True
240,24,480.0,0.4151547758374363,0.0,-0.4151547758374363,0.4151547758374363,1.0,581.0,20.0,-68.42682447830417,-38.74186223838478,-4.711890515914529,-24.973071724004853,0.012486535862002426,0.027736153453588486,True
241,25,482.0,0.4369864931795746,0.0,-0.4369864931795746,0.4369864931795746,1.0,582.0,20.0,-71.48258513571884,-41.51547758374363,-4.854555387336326,-25.112552164638878,0.012556276082319441,0.02183171734213829,True
242,25,484.0,0.44602423650212586,0.0,-0.44602423650212586,0.44602423650212586,1.0,582.0,20.0,-73.40529401192643,-43.69864931795746,-5.004722567123116,-24.701922126845854,0.012350961063422927,0.00903774332255125,True
243,25,486.0,0.43056302540935576,0.0,-0.43056302540935576,0.43056302540935576,1.0,582.0,20.0,-72.92770888294113,-44.602423650212586,-5.157995500628995,-23.167289732099555,0.011583644866049778,-0.0154612110927701,True
244,25,488.0,0.42101446096785367,0.0,-0.42101446096785367,0.42101446096785367,1.0,582.0,20.0,-67.91396524766242,-43.056302540935576,-5.305955303175167,-19.55170740355167,0.009775853701775836,-0.009548564441502094,True
245,25,490.0,0.3800970755983144,0.0,-0.3800970755983144,0.3800970755983144,1.0,582.0,20.0,-64.37064561828826,-42.10144609678537,-5.450633812098829,-16.818565709404083,0.00840928285470204,-0.04091738536953926,True
246,25,492.0,0.34057907690294087,0.0,-0.34057907690294087,0.34057907690294087,1.0,582.0,20.0,-55.08518001596631,-38.00970755983144,-5.581251363850834,-11.494221092284034,0.005747110546142017,-0.039517998695373535,True
247,25,494.0,0.2749218859244138,0.0,-0.2749218859244138,0.2749218859244138,1.0,582.0,20.0,-46.56118580437951,-34.05790769029409,-5.6982888473226385,-6.804989266762784,0.0034024946333813923,-0.06565719097852707,True
248,25,496.0,0.21837076474912465,0.0,-0.21837076474912465,0.21837076474912465,1.0,582.0,20.0,-33.47155229391724,-27.49218859244138,-5.792763722210756,-0.18659997926510472,9.329998963255235e-05,-0.056551121175289154,True
249,25,498.0,0.12563654710538685,0.0,-0.12563654710538685,0.12563654710538685,1.0,582.0,20.0,-22.73230140229659,-21.837076474912465,-5.867805222124545,4.9725802947404185,-0.0024862901473702093,-0.09273421764373779,True
250,25,500.0,0.07452461053617299,0.0,-0.07452461053617299,0.07452461053617299,1.0,582.0,20.0,-5.545396291828084,-12.563654710538685,-5.9109792932947745,12.929237712005376,-0.006464618856002687,-0.05111193656921387,True
251,26,502.0,-0.02682120422832668,0.0,0.02682120422832668,0.02682120422832668,1.0,1.0,20.0,-11.925564800553797,-7.452461053617299,-20.81590140052937,16.342797653592868,-0.008171398826796435,-0.10134581476449966,True
252,26,504.0,-0.06413863669149578,0.0,0.06413863669149578,0.06413863669149578,1.0,1.0,20.0,21.97283463294804,2.682120422832668,-4.707070032164988,23.99778424228036,-0.011998892121140182,-0.0373174324631691,True
253,26,506.0,-0.12605906720273197,0.0,0.12605906720273197,0.12605906720273197,1.0,1.0,20.0,43.49000230027451,6.413863669149578,11.974753763181702,25.10138486794323,-0.012550692433971618,-0.06192043051123619,True
254,26,508.0,-0.11497239186428487,0.0,0.11497239186428487,0.11497239186428487,1.0,1.0,20.0,78.12898445686707,12.605906720273197,37.18656720372808,28.336510532865788,-0.014168255266432894,0.011086675338447094,True
255,26,510.0,-0.14183439849875867,0.0,0.14183439849875867,0.14183439849875867,1.0,1.0,20.0,96.30383713504787,11.497239186428487,60.18104557658508,24.625552372034292,-0.012312776186017147,-0.0268620066344738,True
256,26,512.0,-0.0850290001835674,0.0,0.0850290001835674,0.0850290001835674,1.0,1.0,20.0,100.0,14.183439849875867,88.5479252763369,24.71870891133402,-0.01235935445566701,0.05680539831519127,True
257,26,514.0,0.02322000847198069,0.0,-0.02322000847198069,0.02322000847198069,1.0,1.0,20.0,100.0,8.50290001835674,100.0,17.196304783055748,-0.008598152391527874,0.1082490086555481,True
258,26,516.0,0.09306832239963114,0.0,-0.09306832239963114,0.09306832239963114,1.0,1.0,20.0,89.4464792443988,-2.322000847198069,86.05404896577741,5.714431125819449,-0.0028572155629097247,0.06984831392765045,True
259,26,518.0,0.142329121241346,0.0,-0.142329121241346,0.142329121241346,1.0,1.0,20.0,19.669357484098747,-9.306832239963114,30.15715863566868,-1.1809689116068167,0.0005904844558034083,0.04926079884171486,True
260,26,520.0,0.2703518664930016,0.0,-0.2703518664930016,0.2703518664930016,1.0,1.0,20.0,-40.895323543698986,-14.2329121241346,-21.115518193496094,-5.54689322606829,0.002773446613034145,0.12802274525165558,True
261,27,522.0,0.3346228247974068,0.0,-0.3346228247974068,0.3346228247974068,1.0,1.0,20.0,-100.0,-27.035186649300158,-75.18589149209642,-16.65704579231845,0.008328522896159225,0.06427095830440521,True
262,27,524.0,0.5055807477328926,0.0,-0.5055807477328926,0.5055807477328926,1.0,1.0,20.0,-100.0,-33.46228247974068,-100.0,-20.91137261218146,0.01045568630609073,0.17095792293548584,True
263,27,526.0,0.5534780828747898,0.0,-0.5534780828747898,0.5534780828747898,1.0,1.0,20.0,-100.0,-50.55807477328926,-100.0,-34.45939343230102,0.01722969671615051,0.0478973351418972,True
264,27,528.0,0.6724674759898335,0.0,-0.6724674759898335,0.6724674759898335,1.0,1.0,20.0,-100.0,-55.34780828747898,-100.0,-35.52694465850311,0.017763472329251555,0.11898939311504364,True
265,27,530.0,0.6908113455865532,0.0,-0.6908113455865532,0.6908113455865532,1.0,1.0,20.0,-100.0,-67.24674759898335,-100.0,-40.0,0.0214780208257315,0.018343869596719742,True
266,27,532.0,0.6928813173435628,0.0,-0.6928813173435628,0.6928813173435628,1.0,1.0,20.0,-100.0,-69.08113455865532,-100.0,-40.0,0.020263114929788762,0.0020699717570096254,True
267,27,534.0,0.6985226762481034,0.0,-0.6985226762481034,0.6985226762481034,1.0,1.0,20.0,-100.0,-69.28813173435628,-100.0,-36.848645035410385,0.018424322517705195,0.005641358904540539,True
268,27,536.0,0.6647832398302853,0.0,-0.6647832398302853,0.6647832398302853,1.0,1.0,20.0,-100.0,-69.85226762481034,-100.0,-33.846558160141235,0.016923279080070616,-0.03373943641781807,True
269,27,538.0,0.6231466722674668,0.0,-0.6231466722674668,0.6231466722674668,1.0,1.0,20.0,-100.0,-66.47832398302853,-100.0,-27.55050924473564,0.01377525462236782,-0.04163656756281853,True
270,27,540.0,0.5530598205514252,0.0,-0.5530598205514252,0.5530598205514252,1.0,1.0,20.0,-100.0,-62.31466722674668,-100.0,-21.137064788636543,0.010568532394318271,-0.07008685171604156,True
271,28,542.0,0.5362162576057017,0.0,-0.5362162576057017,0.5362162576057017,1.0,1.0,20.0,-100.0,-55.30598205514252,-100.0,-12.748820320819654,0.0063744101604098265,-0.016843562945723534,True
272,28,544.0,0.43858766416087747,0.0,-0.43858766416087747,0.43858766416087747,1.0,1.0,20.0,-100.0,-53.62162576057017,-100.0,-10.001373401405063,0.0050006867007025314,-0.09762859344482422,True
273,28,546.0,0.4308157912455499,0.0,-0.4308157912455499,0.4308157912455499,1.0,1.0,20.0,-100.0,-43.85876641608775,-100.0,-0.1713824920651011,8.569124603255054e-05,-0.007771872915327549,True
274,28,548.0,0.34608391439542174,0.0,-0.34608391439542174,0.34608391439542174,1.0,1.0,20.0,-100.0,-43.08157912455499,-100.0,0.5515502940617001,-0.0002757751470308501,-0.08473187685012817,True
275,28,550.0,0.30445989361032844,0.0,-0.30445989361032844,0.30445989361032844,1.0,1.0,20.0,-100.0,-34.608391439542174,-100.0,8.202389815800155,-0.004101194907900077,-0.04162402078509331,True
276,28,552.0,0.22146625956520438,0.0,-0.22146625956520438,0.22146625956520438,1.0,1.0,20.0,-100.0,-30.445989361032844,-100.0,11.204241703571508,-0.005602120851785753,-0.08299363404512405,True
277,28,554.0,0.15134100010618567,0.0,-0.15134100010618567,0.15134100010618567,1.0,1.0,20.0,-100.0,-22.146625956520438,-100.0,17.680892674942083,-0.008840446337471042,-0.07012525945901871,True
278,28,556.0,0.08096315106377006,0.0,-0.08096315106377006,0.08096315106377006,1.0,1.0,20.0,-92.7642973230286,-15.134100010618567,-100.0,22.369802687589967,-0.011184901343794984,-0.07037784904241562,True
279,28,558.0,0.012943000998347998,0.0,-0.012943000998347998,0.012943000998347998,1.0,1.0,20.0,-81.46191094014559,-8.096315106377006,-100.0,26.634404166231423,-0.013317202083115712,-0.06802015006542206,True
280,28,560.0,-0.05951404431834817,0.0,0.05951404431834817,0.05951404431834817,1.0,1.0,20.0,-71.01644442061573,-1.2943000998347998,-100.0,30.27785567921908,-0.015138927839609538,-0.07245704531669617,True
281,29,562.0,-0.10997594008222222,0.0,0.10997594008222222,0.10997594008222222,1.0,1.0,20.0,-24.32728159418618,5.951404431834817,-64.25582923822928,33.97714321220828,-0.01698857160610414,-0.050461895763874054,True
282,29,564.0,-0.15025203162804246,0.0,0.15025203162804246,0.15025203162804246,1.0,1.0,20.0,48.11723512505158,10.997594008222222,1.7957864267690533,35.3238546900603,-0.01766192734503015,-0.040276091545820236,True
283,29,566.0,-0.20611018920317292,0.0,0.20611018920317292,0.20611018920317292,1.0,1.0,20.0,82.48745115360343,15.025203162804246,31.846192752377554,35.61605523842162,-0.01780802761921081,-0.05585815757513046,True
284,29,568.0,-0.2725012325681746,0.0,0.2725012325681746,0.2725012325681746,1.0,1.0,20.0,100.0,20.611018920317292,73.06823059301209,37.29703620670524,-0.01864851810335262,-0.06639104336500168,True
285,29,570.0,-0.2812802488915622,0.0,0.2812802488915622,0.2812802488915622,1.0,1.0,20.0,100.0,27.25012325681746,100.0,39.77527311459629,-0.019887636557298145,-0.008779016323387623,True
286,29,572.0,-0.24820474861189723,0.0,0.24820474861189723,0.24820474861189723,1.0,1.0,20.0,100.0,28.128024889156222,100.0,36.77927868134334,-0.01838963934067167,0.03307550027966499,True
287,29,574.0,-0.13720516441389918,0.0,0.13720516441389918,0.13720516441389918,1.0,1.0,20.0,100.0,24.820474861189723,100.0,30.263841133660783,-0.015131920566830392,0.11099958419799805,True
288,29,576.0,0.03708251239731908,0.0,-0.03708251239731908,0.03708251239731908,1.0,1.0,20.0,100.0,13.720516441389918,100.0,17.285391162208878,-0.00864269558110444,0.17428767681121826,True
289,29,578.0,0.14822419406846166,0.0,-0.14822419406846166,0.14822419406846166,1.0,1.0,20.0,73.8110422746803,-3.708251239731908,77.72822078239096,-0.2089272679787528,0.0001044636339893764,0.11114168167114258,True
290,29,580.0,0.4520687651820481,0.0,-0.4520687651820481,0.4520687651820481,1.0,1.0,20.0,-30.47338186641861,-14.822419406846166,-5.357449081930548,-10.293513377641895,0.005146756688820948,0.3038445711135864,True
291,30,582.0,1.0120483827777207,0.0,-1.0120483827777207,1.0120483827777207,50.0,290.0,20.0,-7.006538833895328,-0.9041375303640962,-5.363684513174443,-0.7387167903567882,0.018467919758919704,0.5599796175956726,True
292,30,584.0,1.4093960714526474,0.0,-1.4093960714526474,1.4093960714526474,50.0,290.0,20.0,-9.088209468671165,-2.0240967655554414,-5.377643801212752,-1.6864689019029728,0.04216172254757432,0.39734768867492676,True
293,30,586.0,1.6458540302701294,0.0,-1.6458540302701294,1.6458540302701294,50.0,290.0,20.0,-10.46397561161816,-2.818792142905295,-5.397083747025897,-2.248099721686966,0.05620249304217415,0.236457958817482,True
294,30,588.0,1.6392900119535625,0.0,-1.6392900119535625,1.6392900119535625,50.0,290.0,20.0,-11.175102279126795,-3.291708060540259,-5.41978518192618,-2.4636090366603565,0.06159022591650891,-0.006564018316566944,True
295,30,590.0,1.6349203721620142,0.0,-1.6349203721620142,1.6349203721620142,50.0,290.0,20.0,-10.937647219704816,-3.2785800239071254,-5.442396078642776,-2.2166711171549145,0.05541677792887286,-0.004369639791548252,True
296,30,592.0,1.756180150900036,0.0,-1.756180150900036,1.756180150900036,50.0,290.0,20.0,-10.732066001935408,-3.2698407443240285,-5.464946704465694,-1.9972785531456876,0.04993196382864219,0.12125977873802185,True
297,30,594.0,1.961982159409672,0.0,-1.961982159409672,1.961982159409672,50.0,290.0,20.0,-11.028777466199822,-3.512360301800072,-5.489169878960866,-2.0272472854388837,0.05068118213597209,0.20580200850963593,True
298,30,596.0,1.9619891882998672,0.0,-1.9619891882998672,1.9619891882998672,50.0,290.0,20.0,-11.64827753055049,-3.9239643188193445,-5.516231701849271,-2.2080815098818767,0.05520203774704691,7.028890195215354e-06,True
299,30,598.0,1.9213906542522636,0.0,-1.9213906542522636,1.9213906542522636,50.0,290.0,20.0,-11.464738454146433,-3.923978376599734,-5.543293621687888,-1.997466455858813,0.04993666139647032,-0.04059853404760361,True
300,30,600.0,1.9203517557712075,0.0,-1.9203517557712075,1.9203517557712075,50.0,290.0,20.0,-11.145685137337047,-3.8427813085045273,-5.569795561746542,-1.7331082670859783,0.043327706677149455,-0.0010388984810560942,True
301,31,602.0,1.7630343557925698,0.0,-1.7630343557925698,1.7630343557925698,1.0,160.0,19.0,-100.0,-100.0,-5.569795561746542,-40.0,0.0391474714934539,-0.1573173999786377,True
302,31,604.0,1.5770821394057748,0.0,-1.5770821394057748,1.5770821394057748,1.0,160.0,19.0,-100.0,-100.0,-5.569795561746542,-40.0,0.02826190802690713,-0.18595221638679504,True
303,31,606.0,1.4138818056912896,0.0,-1.4138818056912896,1.4138818056912896,1.0,160.0,19.0,-100.0,-100.0,-5.569795561746542,-32.514770489120885,0.01711303709953731,-0.16320033371448517,True
304,31,608.0,1.3943593753160712,0.0,-1.3943593753160712,1.3943593753160712,1.0,160.0,19.0,-100.0,-100.0,-5.569795561746542,-15.317614645738736,0.008061902445125651,-0.01952243037521839,True
305,31,610.0,1.311502101797032,0.0,-1.311502101797032,1.311502101797032,1.0,160.0,19.0,-100.0,-100.0,-5.569795561746542,-12.170325458734046,0.006405434451965288,-0.08285727351903915,True
306,31,612.0,1.1714967814864394,0.0,-1.1714967814864394,1.1714967814864394,1.0,160.0,19.0,-100.0,-100.0,-5.569795561746542,-3.8530340997621786,0.002027912684085357,-0.14000532031059265,True
307,31,614.0,1.0060502616347549,0.0,-1.0060502616347549,1.0060502616347549,1.0,160.0,19.0,-100.0,-100.0,-7.034166538604595,8.60674276594776,-0.004529864613656716,-0.16544651985168457,True
308,31,616.0,0.8611456779422042,0.0,-0.8611456779422042,0.8611456779422042,1.0,160.0,19.0,-86.82141557140066,-100.0,-8.291729365648045,22.075339957722857,-0.011618599977748873,-0.14490458369255066,True
309,31,618.0,0.7048587826670882,0.0,-0.7048587826670882,0.7048587826670882,1.0,160.0,19.0,-62.99775896428631,-86.11456779422042,-9.368161463075793,32.48497029300991,-0.01709735278579469,-0.15628689527511597,True
310,31,620.0,0.5421838489951369,0.0,-0.5421838489951369,0.5421838489951369,1.0,160.0,19.0,-40.73511320811847,-70.48587826670882,-10.249234941409648,40.0,-0.02257090498711555,-0.1626749336719513,True
311,32,622.0,0.3490791199387786,0.0,-0.3490791199387786,0.3490791199387786,1.0,759.0,20.0,-24.610487785322587,-54.218384899513694,-10.392102885808892,40.0,-0.027812723928146228,-0.19310472905635834,True
312,32,624.0,0.21711470462696525,0.0,-0.21711470462696525,0.21711470462696525,1.0,759.0,20.0,-5.39199883750987,-34.90791199387786,-10.48408684363201,40.0,-0.03393780022852503,-0.13196441531181335,True
313,32,626.0,0.060907321947979653,0.0,-0.060907321947979653,0.060907321947979653,1.0,759.0,20.0,7.74723196781456,-21.711470462696525,-10.541297569488913,40.0,-0.03669930348853069,-0.1562073826789856,True
314,32,628.0,-0.032350261729789054,0.0,0.032350261729789054,0.032350261729789054,1.0,759.0,20.0,23.35192087551604,-6.090732194797965,-10.557346929685998,40.0,-0.040299420557904614,-0.09325758367776871,True
315,32,630.0,-0.16858458988053826,0.0,0.16858458988053826,0.16858458988053826,1.0,759.0,20.0,32.70327817165193,3.2350261729789054,-10.531748001326982,40.0,-0.0406945639927099,-0.1362343281507492,True
316,32,632.0,-0.22824599690420655,0.0,0.22824599690420655,0.22824599690420655,1.0,759.0,20.0,46.46011283907765,16.858458988053826,-10.398346148976175,40.0,-0.04300564370204861,-0.05966140702366829,True
317,32,634.0,-0.359687470865083,0.0,0.359687470865083,0.359687470865083,1.0,759.0,20.0,52.60686577178092,22.824599690420655,-10.217733918639734,40.0,-0.04161543309234888,-0.13144147396087646,True
318,32,636.0,-0.35969069769907946,0.0,0.35969069769907946,0.35969069769907946,1.0,759.0,20.0,66.03563571204522,35.9687470865083,-9.933111374463074,40.0,-0.043620798870664335,-3.2268339964502957e-06,True
319,32,638.0,-0.34127677774358745,0.0,0.34127677774358745,0.34127677774358745,1.0,759.0,20.0,66.32058349303185,35.96906976990795,-9.648486276876097,40.0,-0.03945997850117081,0.01841391995549202,True
320,32,640.0,-0.3209335001401996,0.0,0.3209335001401996,0.3209335001401996,1.0,759.0,20.0,64.74924556557728,34.127677774358745,-9.378432208781465,40.0,-0.03485885357217945,0.020343277603387833,True
321,33,642.0,-0.24950143119622226,0.0,0.24950143119622226,0.24950143119622226,1.0,665.0,20.0,63.00477171942956,32.09335001401996,-9.088578294590402,40.0,-0.03060892336104024,0.07143206894397736,True
322,33,644.0,-0.19073495066095347,0.0,0.19073495066095347,0.19073495066095347,1.0,665.0,20.0,56.08690423770424,24.950143119622226,-8.863238881917987,40.0,-0.024442007224408955,0.058766480535268784,True
323,33,646.0,-0.038681043147335004,0.0,0.038681043147335004,0.038681043147335004,1.0,665.0,20.0,49.26072054624875,19.073495066095347,-8.690974933162352,38.87820041331575,-0.019439100206657876,0.15205390751361847,True
324,33,648.0,0.06886808776926046,0.0,-0.06886808776926046,0.06886808776926046,1.0,665.0,20.0,16.557615842694105,3.8681043147335004,-8.656039808732066,21.34555133669267,-0.010672775668346336,0.10754913091659546,True
325,33,650.0,0.22350189292501454,0.0,-0.22350189292501454,0.22350189292501454,1.0,665.0,20.0,-6.032047926152165,-6.8868087769260455,-8.676752015579972,9.531512866353854,-0.004765756433176926,0.1546338051557541,True
326,33,652.0,0.3197532316453362,0.0,-0.3197532316453362,0.3197532316453362,1.0,665.0,20.0,-36.53048271168759,-22.350189292501454,-8.7439706299935,-5.436322789192634,0.0027181613945963167,0.09625133872032166,True
327,33,654.0,0.462693171740284,0.0,-0.462693171740284,0.462693171740284,1.0,665.0,20.0,-54.48396547757191,-31.97532316453362,-8.84013701545073,-13.668505297587549,0.006834252648793775,0.14293994009494781,True
328,33,656.0,0.5184668807096386,0.0,-0.5184668807096386,0.5184668807096386,1.0,665.0,20.0,-80.60875732924622,-46.2693171740284,-8.979292856575624,-25.36014729864219,0.012680073649321093,0.05577370896935463,True
329,33,658.0,0.5820382369465733,0.0,-0.5820382369465733,0.5820382369465733,1.0,665.0,20.0,-88.99366751825153,-51.846688070963864,-9.135222745510854,-28.011756701776807,0.014005878350888403,0.06357135623693466,True
330,33,660.0,0.6374418383247757,0.0,-0.6374418383247757,0.6374418383247757,1.0,665.0,20.0,-98.63345387532705,-58.20382369465733,-9.310271839329372,-31.11935834134034,0.01555967917067017,0.05540360137820244,True
331,34,662.0,0.666745705694666,0.0,-0.666745705694666,0.666745705694666,1.0,665.0,20.0,-100.0,-63.744183832477574,-9.501983670404481,-33.18795080571933,0.016593975402859666,0.029303867369890213,True
332,34,664.0,0.6772702906064296,0.0,-0.6772702906064296,0.6772702906064296,1.0,665.0,20.0,-100.0,-66.6745705694666,-9.702508694673547,-32.68634756848412,0.016343173784242063,0.010524584911763668,True
333,34,666.0,0.6731428207613135,0.0,-0.6731428207613135,0.6731428207613135,1.0,665.0,20.0,-100.0,-67.72702906064296,-9.906199007637875,-30.525261799658193,0.015262630899829098,-0.0041274698451161385,True
334,34,668.0,0.6591497819654251,0.0,-0.6591497819654251,0.6591497819654251,1.0,665.0,20.0,-100.0,-67.31428207613135,-10.108647976287891,-27.238220231679193,0.013619110115839597,-0.013993038795888424,True
335,34,670.0,0.6317621871612573,0.0,-0.6317621871612573,0.6317621871612573,1.0,665.0,20.0,-99.58966031038004,-65.9149781965425,-10.306888512217347,-23.367793601620193,0.011683896800810096,-0.027387594804167747,True
336,34,672.0,0.6074145037464405,0.0,-0.6074145037464405,0.6074145037464405,1.0,665.0,20.0,-92.32190155598508,-63.17621871612573,-10.496892177529007,-18.648790662330345,0.009324395331165173,-0.024347683414816856,True
337,34,674.0,0.5610998134843612,0.0,-0.5610998134843612,0.5610998134843612,1.0,665.0,20.0,-86.07733020036184,-60.741450374644046,-10.679573231287328,-14.656306594430468,0.007328153297215235,-0.04631469026207924,True
338,34,676.0,0.49919072275679355,0.0,-0.49919072275679355,0.49919072275679355,1.0,665.0,20.0,-76.00582588526508,-56.10998134843612,-10.848325054891648,-9.04751948193731,0.004523759740968655,-0.06190909072756767,True
339,34,678.0,0.42556247597258334,0.0,-0.42556247597258334,0.42556247597258334,1.0,665.0,20.0,-63.47350707423289,-49.919072275679355,-10.998457603089188,-2.555977195464354,0.001277988597732177,-0.0736282467842102,True
340,34,680.0,0.3526257995299602,0.0,-0.3526257995299602,0.3526257995299602,1.0,665.0,20.0,-49.30089951396487,-42.556247597258334,-11.126446317667412,4.381794400960877,-0.0021908972004804385,-0.07293667644262314,True
341,35,682.0,0.2751356709532047,0.0,-0.2751356709532047,0.2751356709532047,1.0,106.0,20.0,-36.45945722168894,-35.26257995299602,-11.791778014893763,10.594900746200844,-0.0052974503731004225,-0.07749012857675552,True
342,35,684.0,0.19289204215328937,0.0,-0.19289204215328937,0.19289204215328937,1.0,106.0,20.0,-23.195147204551187,-27.513567095320468,-12.310901922352633,16.629321813121916,-0.008314660906560958,-0.08224362879991531,True
343,35,686.0,0.11491716390173679,0.0,-0.11491716390173679,0.11491716390173679,1.0,106.0,20.0,-9.443763585146778,-19.289204215328937,-12.67484917169847,22.52028980188063,-0.011260144900940315,-0.07797487825155258,True
344,35,688.0,0.05452305560629611,0.0,-0.05452305560629611,0.05452305560629611,1.0,106.0,20.0,3.0778346550336955,-11.491716390173679,-12.891674009248893,27.461225054456268,-0.013730612527228134,-0.060394108295440674,True
345,35,690.0,-0.023314135915825318,0.0,0.023314135915825318,0.023314135915825318,1.0,106.0,20.0,11.885626897688672,-5.452305560629611,-12.994547699072095,30.33248015739038,-0.015166240078695188,-0.07783719152212143,True
346,35,692.0,-0.09240808600861783,0.0,0.09240808600861783,0.09240808600861783,1.0,106.0,20.0,23.984661247217904,2.331413591582532,-12.862448793095387,34.51569644873076,-0.01725784822436538,-0.06909395009279251,True
347,35,694.0,-0.16784183198888059,0.0,0.16784183198888059,0.16784183198888059,1.0,106.0,20.0,34.40692851170958,9.240808600861783,-12.33886056708476,37.50498047793256,-0.01875249023896628,-0.07543374598026276,True
348,35,696.0,-0.22050185764510388,0.0,0.22050185764510388,0.22050185764510388,1.0,106.0,20.0,45.39632173650545,16.78418319888806,-11.387861462382617,40.0,-0.02039275232604547,-0.0526600256562233,True
349,35,698.0,-0.26900409797508473,0.0,0.26900409797508473,0.26900409797508473,1.0,106.0,20.0,51.91169739774284,22.05018576451039,-10.138488366767547,40.0,-0.020841307078807925,-0.04850224032998085,True
350,35,700.0,-0.2879380777694678,0.0,0.2879380777694678,0.2879380777694678,1.0,106.0,20.0,58.2861103251547,26.900409797508473,-8.614299472353771,40.0,-0.021058070580950373,-0.01893397979438305,True
351,36,702.0,-0.28000066599179263,0.0,0.28000066599179263,0.28000066599179263,1.0,106.0,20.0,61.63107526274698,28.793807776946778,-6.982829826654475,39.820097312454685,-0.019910048656227343,0.007937411777675152,True
352,36,704.0,-0.24831995165277476,0.0,0.24831995165277476,0.24831995165277476,1.0,106.0,20.0,57.90377529115149,28.000066599179263,-5.396333900586185,35.30004259255842,-0.017650021296279208,0.03168071433901787,True
353,36,706.0,-0.17713123357225413,0.0,0.17713123357225413,0.17713123357225413,1.0,106.0,20.0,49.895169390407915,24.831995165277476,-3.9893422769657274,29.052516502096164,-0.014526258251048084,0.07118871808052063,True
354,36,708.0,-0.08745544946123118,0.0,0.08745544946123118,0.08745544946123118,1.0,106.0,20.0,34.536458363964414,17.713123357225413,-2.9857090197145864,19.809044026453588,-0.009904522013226794,0.08967578411102295,True
355,36,710.0,0.014921637416591693,0.0,-0.014921637416591693,0.014921637416591693,1.0,106.0,20.0,16.021901065653125,8.745544946123118,-2.490182647335241,9.76653876686525,-0.004883269383432625,0.10237708687782288,True
356,36,712.0,0.12159787321161275,0.0,-0.12159787321161275,0.12159787321161275,1.0,106.0,20.0,-4.483264055096403,-1.4921637416591693,-2.5183366801967346,-0.4727636332404989,0.00023638181662024948,0.10667623579502106,True
357,36,714.0,0.25627175176214223,0.0,-0.25627175176214223,0.25627175176214223,1.0,106.0,20.0,-25.03375766164574,-12.159787321161275,-2.747766629652606,-10.126203710831854,0.005063101855415928,0.13467387855052948,True
358,36,716.0,0.3185564635105038,0.0,-0.3185564635105038,0.3185564635105038,1.0,106.0,20.0,-50.262703410761354,-25.627175176214223,-3.2312982367509866,-21.404229997796147,0.010702114998898072,0.06228471174836159,True
359,36,718.0,0.38662677833508496,0.0,-0.38662677833508496,0.38662677833508496,1.0,106.0,20.0,-60.71313886585661,-31.855646351050382,-3.8323481679028846,-25.025144346903343,0.012512572173451673,0.06807031482458115,True
360,36,720.0,0.4407648464448357,0.0,-0.4407648464448357,0.4407648464448357,1.0,106.0,20.0,-72.05117363049615,-38.662677833508496,-4.561832655327571,-28.826663141660084,0.014413331570830043,0.05413806810975075,True
361,37,722.0,0.45836681702803617,0.0,-0.45836681702803617,0.45836681702803617,1.0,590.0,20.0,-79.78662706265322,-44.07648464448357,-4.711244467681757,-30.99889795048789,0.015499448975243947,0.017601970583200455,True
362,37,724.0,0.45923587434390356,0.0,-0.45923587434390356,0.45923587434390356,1.0,590.0,20.0,-80.3455268926943,-45.83668170280362,-4.866623049725154,-29.642222140165536,0.014821111070082767,0.0008690573158673942,True
363,37,726.0,0.4560694178699123,0.0,-0.4560694178699123,0.4560694178699123,1.0,590.0,20.0,-77.83955935852076,-45.923587434390356,-5.0222962274688445,-26.893675696661557,0.013446837848330779,-0.003166456473991275,True
364,37,728.0,0.43623208684311976,0.0,-0.43623208684311976,0.43623208684311976,1.0,590.0,20.0,-74.8242583323989,-45.60694178699123,-5.176896030136615,-24.040420515271048,0.012020210257635524,-0.019837331026792526,True
365,37,730.0,0.3981181388853656,0.0,-0.3981181388853656,0.3981181388853656,1.0,590.0,20.0,-68.89167297483795,-43.623208684311976,-5.324771313812246,-19.943692976713727,0.009971846488356863,-0.038113947957754135,True
366,37,732.0,0.35857209992991557,0.0,-0.35857209992991557,0.35857209992991557,1.0,590.0,20.0,-59.84766074183811,-39.81181388853656,-5.45972661512932,-14.57612023817223,0.007288060119086115,-0.03954603895545006,True
367,37,734.0,0.29909533691989054,0.0,-0.29909533691989054,0.29909533691989054,1.0,590.0,20.0,-51.02884470798404,-35.85720999299156,-5.581276479512342,-9.590358235480144,0.004795179117740072,-0.059476763010025024,True
368,37,736.0,0.23928408381925692,0.0,-0.23928408381925692,0.23928408381925692,1.0,590.0,20.0,-38.860369839785626,-29.909533691989054,-5.682664729315694,-3.2681714184808754,0.0016340857092404376,-0.05981125310063362,True
369,37,738.0,0.15709123072610964,0.0,-0.15709123072610964,0.15709123072610964,1.0,590.0,20.0,-27.210830949531577,-23.928408381925692,-5.763777978067985,2.481355410462101,-0.0012406777052310503,-0.08219285309314728,True
370,37,740.0,0.09384465274797549,0.0,-0.09384465274797549,0.09384465274797549,1.0,590.0,20.0,-11.808877501044925,-15.709123072610964,-5.817029242720899,9.717274814286938,-0.004858637407143469,-0.06324657797813416,True
371,38,742.0,0.00901549366699328,0.0,-0.00901549366699328,0.00901549366699328,1.0,188.0,20.0,-0.760878378522975,-9.384465274797549,-5.916863979686825,14.5404508759614,-0.007270225437980699,-0.08482915908098221,True
372,38,744.0,-0.05367194058908353,0.0,0.05367194058908353,0.05367194058908353,1.0,188.0,20.0,14.037736067542761,-0.901549366699328,-5.926454930396396,20.865740364638484,-0.010432870182319243,-0.06268743425607681,True
373,38,746.0,-0.13292413892759214,0.0,0.13292413892759214,0.13292413892759214,1.0,188.0,20.0,24.186838771002872,5.367194058908353,-5.754990038092127,24.574634750186647,-0.012287317375093323,-0.0792521983385086,True
374,38,748.0,-0.17369755672825704,0.0,0.17369755672825704,0.17369755672825704,1.0,188.0,20.0,37.39780986089706,13.292413892759214,-5.330339412165374,29.435735380303225,-0.014717867690151612,-0.0407734178006649,True
375,38,750.0,-0.2367275686801804,0.0,0.2367275686801804,0.2367275686801804,1.0,188.0,20.0,42.929140603497636,17.369755672825704,-4.775430598900232,30.33481552957216,-0.01516740776478608,-0.06303001195192337,True
376,38,752.0,-0.24780150166316162,0.0,0.24780150166316162,0.24780150166316162,1.0,188.0,20.0,52.82520110458855,23.67275686801804,-4.019160812048977,33.17160504861948,-0.01658580252430974,-0.011073932982981205,True
377,38,754.0,-0.2582459462673796,0.0,0.2582459462673796,0.2582459462673796,1.0,188.0,20.0,52.56681198383673,24.78015016631616,-3.227513308173307,31.014175125693868,-0.015507087562846932,-0.010444444604218006,True
378,38,756.0,-0.2329861571879519,0.0,0.2329861571879519,0.2329861571879519,1.0,188.0,20.0,52.42740659982681,25.824594626737962,-2.402499103753847,29.005311076842688,-0.014502655538421344,0.02525978907942772,True
379,38,758.0,-0.16846529895974527,0.0,0.16846529895974527,0.16846529895974527,1.0,188.0,20.0,45.582432617245566,23.29861571879519,-1.6581819445053907,23.941998842955766,-0.011970999421477883,0.06452085822820663,True
380,38,760.0,-0.10376718396855722,0.0,0.10376718396855722,0.10376718396855722,1.0,188.0,20.0,31.518770200293254,16.846529895974527,-1.119988541656547,15.792228845975275,-0.007896114422987637,0.06469811499118805,True
381,39,762.0,-0.1238950429351462,0.0,0.1238950429351462,0.1238950429351462,29.0,1.0,20.0,1.0316307410017076,0.3578178757536456,0.3840285174797228,0.2897843477683393,-0.0042018730426409195,-0.020127858966588974,True
382,39,764.0,-0.03309106210781465,0.0,0.03309106210781465,0.03309106210781465,29.0,1.0,20.0,1.9909446058945184,0.4272242859832628,1.238477089446249,0.3252432304650065,-0.004716026841742595,0.09080398082733154,True
383,39,766.0,0.021056237271295686,0.0,-0.021056237271295686,0.021056237271295686,29.0,1.0,20.0,1.5903444160103555,0.11410711071660223,1.4666913108794548,0.009545994414298478,-0.00013841691900732793,0.054147299379110336,True
384,39,768.0,0.042795120379196305,0.0,-0.042795120379196305,0.042795120379196305,29.0,1.0,20.0,0.7968836793164876,-0.07260771472860582,1.0306089401370762,-0.16111754609198284,0.0023362044183337515,0.02173888310790062,True
385,39,770.0,-0.0725717408449782,0.0,0.0725717408449782,0.0725717408449782,29.0,1.0,20.0,-0.21716351544750823,-0.1475693806179183,0.1443063538432725,-0.21390048867286243,0.003101557085756505,-0.1153668612241745,True
386,39,772.0,-0.09149987379623781,0.0,0.09149987379623781,0.09149987379623781,29.0,1.0,20.0,1.0632294776264068,0.25024738222406273,0.6448011182913979,0.16818097711094637,-0.0024386241681087226,-0.018928132951259613,True
387,39,774.0,-0.12408133725239168,0.0,0.12408133725239168,0.12408133725239168,29.0,1.0,20.0,1.802829916842641,0.31551680619392347,1.2758347306792457,0.21147837996947144,-0.003066436509557336,-0.03258146345615387,True
388,39,776.0,-0.1466696387024058,0.0,0.1466696387024058,0.1466696387024058,29.0,1.0,20.0,2.8528839215161605,0.42786668018066093,2.1315680910405677,0.2934491502949323,-0.004255012679276518,-0.022588301450014114,True
389,39,778.0,-0.2120479246468676,0.0,0.2120479246468676,0.2120479246468676,29.0,1.0,20.0,3.9851122050975003,0.505757374835882,3.143082840712334,0.3362719895492842,-0.004875943848464621,-0.06537828594446182,True
390,39,780.0,-0.2213085614012016,0.0,0.2213085614012016,0.2213085614012016,29.0,1.0,20.0,5.845839565228119,0.7311997401616125,4.605482321035563,0.5091575040309435,-0.00738278380844868,-0.009260636754333973,True
391,40,782.0,-0.1131038538978828,0.0,0.1131038538978828,0.1131038538978828,5.0,1.0,2.0,18.167976481159524,4.426171228024032,13.45782477708363,0.28398047605186527,-0.007099511901296632,0.10820470750331879,True
392,40,784.0,-0.09525588004453311,0.0,0.09525588004453311,0.09525588004453311,5.0,1.0,2.0,20.304197751067818,2.262077077957656,17.981978932998967,0.06014174011119526,-0.0015035435027798815,0.017847973853349686,True
393,40,786.0,-0.0964447289106829,0.0,0.0964447289106829,0.0964447289106829,5.0,1.0,2.0,23.71928338970681,1.9051176008906625,21.792214134780277,0.02195165403587126,-0.0005487913508967814,-0.0011888488661497831,True
394,40,788.0,-0.058843611865995626,0.0,0.058843611865995626,0.058843611865995626,5.0,1.0,2.0,27.600917264502932,1.928894578213658,25.65000329120759,0.02201939508168248,-0.000550484877042062,0.03760111704468727,True
395,40,790.0,-0.009683477818725805,0.0,0.009683477818725805,0.009683477818725805,5.0,1.0,2.0,29.132168396720225,1.1768722373199128,28.003747765847464,-0.048451606447152774,0.0012112901611788193,0.04916013404726982,True
396,40,792.0,0.049771883398534555,0.0,-0.049771883398534555,0.049771883398534555,5.0,1.0,2.0,28.451538116614138,0.19366955637451613,28.391086878596482,-0.1332183183568595,0.0033304579589214867,0.05945536121726036,True
397,40,794.0,0.07146966165328195,0.0,-0.07146966165328195,0.07146966165328195,5.0,1.0,2.0,21.18842548336837,-0.9954376679706911,22.412482266159884,-0.22861911482082242,0.00571547787052056,0.02169777825474739,True
398,40,796.0,0.054887792900444765,0.0,-0.054887792900444765,0.054887792900444765,5.0,1.0,2.0,12.151880101174212,-1.429393233065639,13.827537923423339,-0.24626458918348784,0.006156614729587196,-0.01658186875283718,True
399,40,798.0,0.013742438391091127,0.0,-0.013742438391091127,0.013742438391091127,5.0,1.0,2.0,5.944031280399593,-1.0977558580088955,7.234409647093631,-0.1926225086851431,0.004815562717128578,-0.04114535450935364,True
400,40,800.0,0.008520228661836882,0.0,-0.008520228661836882,0.008520228661836882,5.0,1.0,2.0,5.209384302271655,-0.27484876782182255,5.583666296812422,-0.09943322671894524,0.002485830667973631,-0.005222209729254246,True
401,41,802.0,0.03255719120079448,0.0,-0.03255719120079448,0.03255719120079448,50.0,554.0,1.0,5.562418464579479,-0.017040457323673763,5.583481558384562,-0.004022636481409128,0.002011318240704564,0.024036962538957596,True
402,41,804.0,0.14727315480286052,0.0,-0.14727315480286052,0.14727315480286052,50.0,554.0,1.0,5.511837005529845,-0.06511438240158895,5.582775642551024,-0.005824254619589512,0.002912127309794756,0.11471596360206604,True
403,41,806.0,0.30636578971916606,0.0,-0.30636578971916606,0.30636578971916606,50.0,554.0,1.0,5.26933795205595,-0.29454630960572104,5.579582417091569,-0.015698155429897737,0.007849077714948869,0.15909263491630554,True
404,41,808.0,0.45538407737785747,0.0,-0.45538407737785747,0.45538407737785747,50.0,554.0,1.0,4.931543390397202,-0.6127315794383321,5.5729396922789824,-0.028664722443447664,0.014332361221723832,0.1490182876586914,True
405,41,810.0,0.5882869231181758,0.0,-0.5882869231181758,0.5882869231181758,50.0,554.0,1.0,4.612819249432961,-0.910768154755715,5.563065903456703,-0.03947849926802644,0.01973924963401322,0.1329028457403183,True
406,41,812.0,0.7026254403072016,0.0,-0.7026254403072016,0.7026254403072016,50.0,554.0,1.0,4.325941015130764,-1.1765738462363515,5.550310470989181,-0.04779560962206529,0.023897804811032645,0.11433851718902588,True
407,41,814.0,0.8112247305589335,0.0,-0.8112247305589335,0.8112247305589335,50.0,554.0,1.0,4.076193464940356,-1.4052508806144033,5.53507591281424,-0.0536315672594811,0.026815783629740547,0.10859929025173187,True
408,41,816.0,0.9075281190353053,0.0,-0.9075281190353053,0.9075281190353053,50.0,554.0,1.0,3.83664815734871,-1.622449461117867,5.517486668756635,-0.05838905029005774,0.02919452514502887,0.09630338847637177,True
409,41,818.0,0.9773460718470233,0.0,-0.9773460718470233,0.9773460718470233,50.0,554.0,1.0,3.621178274881984,-1.8150562380706108,5.4978093426427534,-0.06157482969015877,0.030787414845079384,0.06981795281171799,True
410,41,820.0,1.0199760700243132,0.0,-1.0199760700243132,1.0199760700243132,50.0,554.0,1.0,3.459877277636012,-1.9546921436940465,5.4766182004858655,-0.06204877915580701,0.03102438957790351,0.04262999817728996,True
411,42,822.0,0.9298845658677237,0.0,-0.9298845658677237,0.9298845658677237,49.0,738.0,11.0,2.7045605309293985,-2.0815838163761495,5.459677814438221,-0.6735334671326727,0.030002854445000875,-0.09009150415658951,True
412,42,824.0,0.8629012907522338,0.0,-0.8629012907522338,0.8629012907522338,49.0,738.0,11.0,3.0291614010957697,-1.897723603811681,5.4442337231614815,-0.5173487182540304,0.023045533813134084,-0.06698327511548996,True
413,42,826.0,0.8123501072304862,0.0,-0.8123501072304862,0.8123501072304862,49.0,738.0,11.0,3.2692352104990885,-1.7610230423514974,5.429902131062466,-0.39964387821188085,0.01780231821125651,-0.05055118352174759,True
414,42,828.0,0.7248990515845435,0.0,-0.7248990515845435,0.7248990515845435,49.0,738.0,11.0,3.448617270118831,-1.6578573616948695,5.416410123919593,-0.3099354921058921,0.013806217375626102,-0.08745105564594269,True
415,42,830.0,0.6713291610258239,0.0,-0.6713291610258239,0.6713291610258239,49.0,738.0,11.0,3.733856029461656,-1.4793858195602927,5.404370557364743,-0.19112870834279344,0.008513915189815344,-0.053569890558719635,True
416,42,832.0,0.6803045355381983,0.0,-0.6803045355381983,0.6803045355381983,49.0,738.0,11.0,3.9049312505938625,-1.3700595122975996,5.3932207122977385,-0.11822994940627637,0.005266606837188675,0.008975374512374401,True
417,42,834.0,0.7021705106499212,0.0,-0.7021705106499212,0.7021705106499212,49.0,738.0,11.0,3.8774339404621356,-1.38837660313918,5.3819217987245,-0.11611125512318475,0.005172228637305503,0.021865975111722946,True
418,42,836.0,0.6744360242637413,0.0,-0.6744360242637413,0.6744360242637413,49.0,738.0,11.0,3.8099093977889043,-1.4330010421426962,5.370259721670683,-0.12734928173908278,0.005672831641104597,-0.027734486386179924,True
419,42,838.0,0.7218338054271953,0.0,-0.7218338054271953,0.7218338054271953,49.0,738.0,11.0,3.895759262256624,-1.3764000495178392,5.359058275919911,-0.08689896414544777,0.0038709538573881283,0.047397781163454056,True
420,42,840.0,0.7565866996201294,0.0,-0.7565866996201294,0.7565866996201294,49.0,738.0,11.0,3.746961130322018,-1.4731302151575414,5.347069618846927,-0.12697827336736808,0.005656304904546398,0.034752894192934036,True
421,43,842.0,0.6832479600461738,0.0,-0.6832479600461738,0.6832479600461738,50.0,991.0,15.0,3.623829257168285,-1.5131733992402587,5.337898954342418,-0.2008962979338735,0.00669654326446245,-0.07333873957395554,True
422,43,844.0,0.6763210686522143,0.0,-0.6763210686522143,0.6763210686522143,50.0,991.0,15.0,3.881402980974303,-1.3664959200923477,5.329617236175657,-0.08171833510900561,0.0027239445036335206,-0.006926891393959522,True
423,43,846.0,0.6928064579742568,0.0,-0.6928064579742568,0.6928064579742568,50.0,991.0,15.0,3.904300519917085,-1.3526421373044286,5.321419479565534,-0.06447682234401904,0.0021492274114673013,0.016485389322042465,True
424,43,848.0,0.6316932121890204,0.0,-0.6316932121890204,0.6316932121890204,50.0,991.0,15.0,3.846600884305233,-1.3856129159485135,5.3130219018710925,-0.08080810161734532,0.002693603387244844,-0.06111324578523636,True
425,43,850.0,0.6053904405462163,0.0,-0.6053904405462163,0.6053904405462163,50.0,991.0,15.0,4.052221039172791,-1.2633864243780408,5.3053650840580575,0.010242379492772933,-0.00034141264975909774,-0.026302771642804146,True
426,43,852.0,0.6226067541765588,0.0,-0.6226067541765588,0.6226067541765588,50.0,991.0,15.0,4.132381561864858,-1.2107808810924325,5.298027084821133,0.04513535813615843,-0.0015045119378719477,0.017216313630342484,True
427,43,854.0,0.6322976712735908,0.0,-0.6322976712735908,0.6322976712735908,50.0,991.0,15.0,4.062618335532049,-1.2452135083531175,5.2904804048918415,0.01735143899332532,-0.0005783812997775107,0.00969091709703207,True
428,43,856.0,0.598062342837693,0.0,-0.598062342837693,0.598062342837693,50.0,991.0,15.0,4.020701374443784,-1.2645953425471816,5.282816260368625,0.0024804566223418784,-8.268188741139594e-05,-0.03423532843589783,True
429,43,858.0,0.6058030443864482,0.0,-0.6058030443864482,0.6058030443864482,50.0,991.0,15.0,4.128374141954267,-1.196124685675386,5.2755670857509696,0.04893174187868354,-0.0016310580626227847,0.007740701548755169,True
430,43,860.0,0.626511534549536,0.0,-0.626511534549536,0.626511534549536,50.0,991.0,15.0,4.090325902126351,-1.2116060887728963,5.268224085300837,0.033707905598410984,-0.0011235968532803662,0.020708490163087845,True
431,44,862.0,0.5818571204918044,0.0,-0.5818571204918044,0.5818571204918044,50.0,1000.0,15.0,4.009926996545983,-1.253023069099072,5.260698421222162,0.0022516444228926876,-7.505481409642291e-05,-0.04465441405773163,True
432,44,864.0,0.5556567719804661,0.0,-0.5556567719804661,0.5556567719804661,50.0,1000.0,15.0,4.152928526882562,-1.1637142409836088,5.253709146501541,0.06293362136462917,-0.0020977873788209722,-0.026200348511338234,True
433,44,866.0,0.5809146760630028,0.0,-0.5809146760630028,0.5809146760630028,50.0,1000.0,15.0,4.228381776526196,-1.1113135439609323,5.247034590681959,0.09266072980516968,-0.003088690993505656,0.025257904082536697,True
434,44,868.0,0.5647942664700167,0.0,-0.5647942664700167,0.5647942664700167,50.0,1000.0,15.0,4.127604079304153,-1.1618293521260057,5.240056636615142,0.04937679481501732,-0.001645893160500577,-0.016120409592986107,True
435,44,870.0,0.542860057078542,0.0,-0.542860057078542,0.542860057078542,50.0,1000.0,15.0,4.1703345112150965,-1.1295885329400335,5.233272321101989,0.0666507230531417,-0.0022216907684380564,-0.021934209391474724,True
436,44,872.0,0.5541023489686268,0.0,-0.5541023489686268,0.5541023489686268,50.0,1000.0,15.0,4.23123674372687,-1.085720114157084,5.226751479575519,0.09020537830843545,-0.003006845943614515,0.011242291890084743,True
437,44,874.0,0.5582219603138583,0.0,-0.5582219603138583,0.5582219603138583,50.0,1000.0,15.0,4.178160128061901,-1.1082046979372535,5.22009559550382,0.06626923049533377,-0.0022089743498444592,0.004119611345231533,True
438,44,876.0,0.5287055483686345,0.0,-0.5287055483686345,0.5287055483686345,50.0,1000.0,15.0,4.151276090734549,-1.1164439206277166,5.213390226611158,0.054329784751107696,-0.0018109928250369229,-0.02951641194522381,True
439,44,878.0,0.5146118596794622,0.0,-0.5146118596794622,0.5146118596794622,50.0,1000.0,15.0,4.239028151262161,-1.057411096737269,5.20703940921334,0.08939983878609062,-0.0029799946262030206,-0.014093688689172268,True
440,44,880.0,0.5312338293197172,0.0,-0.5312338293197172,0.5312338293197172,50.0,1000.0,15.0,4.271726245096015,-1.0292237193589244,5.200857885373346,0.1000920790815926,-0.0033364026360530865,0.016621969640254974,True
441,45,882.0,0.5115935978146808,0.0,-0.5115935978146808,0.5115935978146808,50.0,1000.0,15.0,4.199885431657218,-1.0624676586394344,5.194476698234376,0.06787639206227566,-0.0022625464020758555,-0.019640231505036354,True
442,45,884.0,0.478236975953223,0.0,-0.478236975953223,0.478236975953223,50.0,1000.0,15.0,4.253329988963167,-1.0231871956293617,5.188331429792163,0.08818575480036489,-0.002939525160012163,-0.033356621861457825,True
443,45,886.0,0.4827241467910426,0.0,-0.4827241467910426,0.4827241467910426,50.0,1000.0,15.0,4.351376220035189,-0.956473951906446,5.182586841492419,0.12526333044921545,-0.004175444348307181,0.004487170837819576,True
444,45,888.0,0.49186893260502984,0.0,-0.49186893260502984,0.49186893260502984,50.0,1000.0,15.0,4.318535271983059,-0.9654482935820852,5.176788353242672,0.10719521232247164,-0.0035731737440823875,0.009144785813987255,True
445,45,890.0,0.45362212961936166,0.0,-0.45362212961936166,0.45362212961936166,50.0,1000.0,15.0,4.271641006082571,-0.9837378652100597,5.170880017715886,0.08449885357674425,-0.0028166284525581414,-0.03824680298566818,True
446,45,892.0,0.4397796391176598,0.0,-0.4397796391176598,0.4397796391176598,50.0,1000.0,15.0,4.3867838731538695,-0.9072442592387233,5.165431103245979,0.12859702914661372,-0.004286567638220457,-0.013842490501701832,True
447,45,894.0,0.4603839254605191,0.0,-0.4603839254605191,0.4603839254605191,50.0,1000.0,15.0,4.415796887374423,-0.8795592782353198,5.160148464938257,0.1352077006714856,-0.004506923355716187,0.020604286342859268,True
448,45,896.0,0.43055935563916137,0.0,-0.43055935563916137,0.43055935563916137,50.0,1000.0,15.0,4.32806200589964,-0.9207678509210383,5.154618327695495,0.09421152912518439,-0.003140384304172813,-0.029824569821357727,True
449,45,898.0,0.4101819562392848,0.0,-0.4101819562392848,0.4101819562392848,50.0,1000.0,15.0,4.414225260477831,-0.8611187112783228,5.149446443543675,0.12589752821247838,-0.004196584273749279,-0.020377399399876595,True
450,45,900.0,0.4230867744090574,0.0,-0.4230867744090574,0.4230867744090574,50.0,1000.0,15.0,4.465833004330073,-0.8203639124785697,5.144519332958216,0.1416775838504261,-0.0047225861283475366,0.012904818169772625,True
451,46,902.0,0.4227741696713565,0.0,-0.4227741696713565,0.4227741696713565,47.0,1000.0,13.0,4.340866892742381,-0.9001846264022497,5.139112818685536,0.10193870045909346,-0.003685476093521072,-0.0003126047377008945,True
452,46,904.0,0.387075211930096,0.0,-0.387075211930096,0.387075211930096,47.0,1000.0,13.0,4.326798657566313,-0.8995195099390565,5.133710299106322,0.09260786839904694,-0.003348130626734774,-0.03569895774126053,True
453,46,906.0,0.38593174827565235,0.0,-0.38593174827565235,0.38593174827565235,47.0,1000.0,13.0,4.433859596666763,-0.8235642807023318,5.128763967090096,0.12865991027899845,-0.0046515506023945595,-0.0011434636544436216,True
454,46,908.0,0.392390268233612,0.0,-0.392390268233612,0.392390268233612,47.0,1000.0,13.0,4.420525697911501,-0.8211313793098985,5.123832247094242,0.11782483012715728,-0.004259820781520302,0.006458519957959652,True
455,46,910.0,0.3684514335664062,0.0,-0.3684514335664062,0.3684514335664062,47.0,1000.0,13.0,4.382410080603122,-0.8348729111353447,5.11881799537571,0.09846499636275699,-0.0035598883300381376,-0.02393883466720581,True
456,46,912.0,0.35274680548627657,0.0,-0.35274680548627657,0.35274680548627657,47.0,1000.0,13.0,4.449342243540366,-0.7839392203540556,5.114109651709913,0.11917181218450831,-0.004308519363593762,-0.015704628080129623,True
457,46,914.0,0.3463931431369929,0.0,-0.3463931431369929,0.3463931431369929,47.0,1000.0,13.0,4.4866270617569235,-0.7505251180559076,5.109601993343218,0.12755018646961302,-0.004611429818516779,-0.006353662349283695,True
458,46,916.0,0.3516228500129728,0.0,-0.3516228500129728,0.3516228500129728,47.0,1000.0,13.0,4.4915408124136125,-0.7370066875255168,5.105175526751479,0.12337197318765132,-0.004460371338322779,0.0052297068759799,True
459,46,918.0,0.3386545510338692,0.0,-0.3386545510338692,0.3386545510338692,47.0,1000.0,13.0,4.457576548262481,-0.7481337234318569,5.100682231115247,0.10502804057909165,-0.00379716762093639,-0.012968298979103565,True
460,46,920.0,0.3213521012412457,0.0,-0.3213521012412457,0.3213521012412457,47.0,1000.0,13.0,4.487128132113809,-0.7205415979444025,5.096354653950418,0.11131507610779266,-0.004024468136204812,-0.01730244979262352,True
461,47,922.0,0.30847093680222315,0.0,-0.30847093680222315,0.30847093680222315,48.0,978.0,13.0,4.542660567664307,-0.6694835442525952,5.09224328157036,0.11990083034654239,-0.004427107582026181,-0.012881164439022541,True
462,47,924.0,0.29842247565557045,0.0,-0.29842247565557045,0.29842247565557045,48.0,978.0,13.0,4.569971107332431,-0.6426477850046315,5.0882967105514565,0.12432218178560599,-0.004590357481314683,-0.010048461146652699,True
463,47,926.0,0.2876782606663255,0.0,-0.2876782606663255,0.2876782606663255,48.0,978.0,13.0,4.587599510908553,-0.6217134909491051,5.084478699344238,0.12483430251342001,-0.004609266554341663,-0.010744214989244938,True
464,47,928.0,0.28044823495019955,0.0,-0.28044823495019955,0.28044823495019955,48.0,978.0,13.0,4.607622588699034,-0.5993297097215114,5.080798149409509,0.12615414901103594,-0.004657999348099789,-0.007230025716125965,True
465,47,930.0,0.26651047014911455,0.0,-0.26651047014911455,0.26651047014911455,48.0,978.0,13.0,4.615964549142929,-0.584267156146249,5.077210100279727,0.12302160500945081,-0.004542336184964337,-0.013937764801084995,True
466,47,932.0,0.2480254530282764,0.0,-0.2480254530282764,0.2480254530282764,48.0,978.0,13.0,4.647016324332633,-0.5552301461439886,5.0738003706350945,0.12844609984152688,-0.004742625224917915,-0.018485017120838165,True
467,47,934.0,0.2432889354722647,0.0,-0.2432889354722647,0.2432889354722647,48.0,978.0,13.0,4.692858944459238,-0.5167196938089091,5.070627137931174,0.13895150033697365,-0.005130516935519027,-0.004736517556011677,True
468,47,936.0,0.2340416836859731,0.0,-0.2340416836859731,0.2340416836859731,48.0,978.0,13.0,4.692190898038868,-0.5068519489005514,5.067514504138475,0.13152834280094453,-0.004856431118804105,-0.0092472517862916,True
469,47,938.0,0.21804634885211271,0.0,-0.21804634885211271,0.21804634885211271,48.0,978.0,13.0,4.707300001592566,-0.487586841012444,5.0645201795008745,0.13036666310413533,-0.004813538329998843,-0.015995334833860397,True
470,47,940.0,0.19640642063041014,0.0,-0.19640642063041014,0.19640642063041014,48.0,978.0,13.0,4.7450909639581305,-0.4542632267752348,5.061730498858426,0.13762369187493875,-0.0050814901615362,-0.021639928221702576,True
471,48,942.0,0.18092317072023434,0.0,-0.18092317072023434,0.18092317072023434,47.0,992.0,13.0,4.795667941535126,-0.4178860013412981,5.059200432493624,0.15435351038280087,-0.005580473067685878,-0.0154832499101758,True
472,48,944.0,0.15495468427707237,0.0,-0.15495468427707237,0.15495468427707237,47.0,992.0,13.0,4.831024472596221,-0.3849429164260305,5.0568698181105285,0.15909757091172302,-0.005751989102193064,-0.025968486443161964,True
473,48,946.0,0.13096628834773583,0.0,-0.13096628834773583,0.13096628834773583,47.0,992.0,13.0,4.901755551294013,-0.3296908176107923,5.054873724329583,0.1765726445752217,-0.0063837802269503235,-0.023988395929336548,True
474,48,948.0,0.11390770164598507,0.0,-0.11390770164598507,0.11390770164598507,47.0,992.0,13.0,4.964426091595075,-0.27865167733560814,5.0531866440396,0.18989112489108298,-0.006865294515293,-0.017058586701750755,True
475,48,950.0,0.10380368897040171,0.0,-0.10380368897040171,0.10380368897040171,47.0,992.0,13.0,5.00258850621126,-0.24235681201273418,5.0517193088898535,0.19322600933414052,-0.006985863414388158,-0.010104012675583363,True
476,48,952.0,0.08646054969449324,0.0,-0.08646054969449324,0.08646054969449324,47.0,992.0,13.0,5.017021709266418,-0.22085891270298236,5.050382131514679,0.18749849045472014,-0.006778791577978343,-0.01734313927590847,True
477,48,954.0,0.08070624557603878,0.0,-0.08070624557603878,0.08070624557603878,47.0,992.0,13.0,5.0567291360078865,-0.1839586163712622,5.0492683648263865,0.19141938755276247,-0.006920547088446028,-0.005754304118454456,True
478,48,956.0,0.08565779620130343,0.0,-0.08565779620130343,0.08565779620130343,47.0,992.0,13.0,5.056908430278123,-0.17171541611923144,5.048228723878264,0.18039512251909035,-0.006521977506459421,0.004951550625264645,True
479,48,958.0,0.08064108093549294,0.0,-0.08064108093549294,0.08064108093549294,47.0,992.0,13.0,5.021836184987152,-0.1822506302155392,5.0471252980923,0.15696151711039177,-0.005674762541683396,-0.00501671526581049,True
480,48,960.0,0.07532595129032416,0.0,-0.07532595129032416,0.07532595129032416,47.0,992.0,13.0,5.022806497676796,-0.1715767679478573,5.046086496581434,0.14829676904322026,-0.00536149857310104,-0.005315129645168781,True
481,49,962.0,0.09210146994610113,0.0,-0.09210146994610113,0.09210146994610113,48.0,967.0,12.0,5.015474799226869,-0.15692906518817532,5.045111815187394,0.1272920492276504,-0.005091681969106016,0.016775518655776978,True
482,49,964.0,0.10551778910030407,0.0,-0.10551778910030407,0.10551778910030407,48.0,967.0,12.0,4.948127266307184,-0.19187806238771069,5.043920066691922,0.09608526200297232,-0.003843410480118893,0.013416319154202938,True
483,49,966.0,0.10357254239079339,0.0,-0.10357254239079339,0.10357254239079339,48.0,967.0,12.0,4.894398812020075,-0.21982872729230013,5.042554717512595,0.0716728217997797,-0.0028669128719911877,-0.001945246709510684,True
484,49,968.0,0.11644941343274695,0.0,-0.11644941343274695,0.11644941343274695,48.0,967.0,12.0,4.892485061188231,-0.21577612998081955,5.041214538885272,0.06704665228377882,-0.0026818660913511534,0.012876871041953564,True
485,49,970.0,0.1209746828144489,0.0,-0.1209746828144489,0.1209746828144489,48.0,967.0,12.0,4.8431220395218215,-0.24260294465155613,5.039707739771872,0.0460172444015059,-0.0018406897760602358,0.004525269381701946,True
486,49,972.0,0.111171807705432,0.0,-0.111171807705432,0.111171807705432,48.0,967.0,12.0,4.82259675698042,-0.2520305891967685,5.03814238586038,0.03648496031680815,-0.0014593984126723264,-0.009802875109016895,True
487,49,974.0,0.10429225730058533,0.0,-0.10429225730058533,0.10429225730058533,48.0,967.0,12.0,4.849241052777612,-0.23160793271965,5.0367038764136804,0.04414510908358102,-0.0017658043633432406,-0.006879550404846668,True
488,49,976.0,0.10050934723858518,0.0,-0.10050934723858518,0.10050934723858518,48.0,967.0,12.0,4.8658312102196515,-0.2172755360428861,5.035354385023365,0.04775236123917233,-0.0019100944495668932,-0.0037829100620001554,True
489,49,978.0,0.08881848755572719,0.0,-0.08881848755572719,0.08881848755572719,48.0,967.0,12.0,4.8721557261438715,-0.2093944734137191,5.0340538426604375,0.04749635689715346,-0.0018998542758861387,-0.01169085968285799,True
490,49,980.0,0.07445451042895002,0.0,-0.07445451042895002,0.07445451042895002,48.0,967.0,12.0,4.904117783707844,-0.1850385157410983,5.032904574369972,0.05625172507897004,-0.0022500690031588017,-0.014363977126777172,True
491,50,982.0,0.07068978350889665,0.0,-0.07068978350889665,0.07068978350889665,48.0,967.0,12.0,4.944037380328245,-0.15511356339364585,5.031941168999381,0.06720977472250997,-0.0026883909889003988,-0.003764726920053363,True
492,50,984.0,0.06536735602003318,0.0,-0.06536735602003318,0.06536735602003318,48.0,967.0,12.0,4.948833167971439,-0.14727038231020134,5.031026477375119,0.06507707290652213,-0.002603082916260886,-0.005322427488863468,True
493,50,986.0,0.0566250710589884,0.0,-0.0566250710589884,0.0566250710589884,48.0,967.0,12.0,4.958916713705818,-0.13618199170840245,5.030180655389487,0.06491805002473428,-0.002596722000989371,-0.008742284961044788,True
494,50,988.0,0.05411774509866518,0.0,-0.05411774509866518,0.05411774509866518,48.0,967.0,12.0,4.980139733607771,-0.11796889803955915,5.029447954344873,0.06866067730245735,-0.002746427092098294,-0.0025073259603232145,True
495,50,990.0,0.05827111502458138,0.0,-0.05827111502458138,0.05827111502458138,48.0,967.0,12.0,4.980963001738525,-0.1127453022888858,5.028747696886034,0.06496060714137687,-0.002598424285655075,0.004153369925916195,True
496,50,992.0,0.05455854589399678,0.0,-0.05455854589399678,0.05455854589399678,48.0,967.0,12.0,4.960639508708631,-0.1213981563012112,5.027993696828269,0.05404396818157258,-0.0021617587272629037,-0.0037125691305845976,True
497,50,994.0,0.05250563084427995,0.0,-0.05250563084427995,0.05250563084427995,48.0,967.0,12.0,4.966731970193291,-0.11366363727915996,5.027287735620236,0.05310787185221477,-0.002124314874088591,-0.0020529150497168303,True
498,50,996.0,0.057683369920596306,0.0,-0.057683369920596306,0.057683369920596306,48.0,967.0,12.0,4.967596570392434,-0.10938673092558322,5.026608338140489,0.050374963177528674,-0.0020149985271011475,0.005177739076316357,True
499,50,998.0,0.056327490213334386,0.0,-0.056327490213334386,0.056327490213334386,48.0,967.0,12.0,4.945373758141902,-0.12017368733457563,5.02586194322023,0.03968550225624845,-0.001587420090249938,-0.00135587970726192,True
500,50,1000.0,0.05257042249013466,0.0,-0.05257042249013466,0.05257042249013466,48.0,967.0,12.0,4.945224959196675,-0.11734893794444663,5.025133092727895,0.037440804413226655,-0.0014976321765290661,-0.003757067723199725,True
501,51,1002.0,0.05399726385530812,0.0,-0.05399726385530812,0.05399726385530812,48.0,967.0,12.0,4.953070189473743,-0.10952171352111387,5.024452856875569,0.03813904611928781,-0.0015255618447715127,0.001426841365173459,True
502,51,1004.0,0.053857788258937944,0.0,-0.053857788258937944,0.053857788258937944,48.0,967.0,12.0,4.944139312312603,-0.11249429969855858,5.023754158385767,0.032879453625394225,-0.0013151781450157689,-0.00013947559637017548,True
503,51,1006.0,0.047632577644435514,0.0,-0.047632577644435514,0.047632577644435514,48.0,967.0,12.0,4.940755143828266,-0.11220372553945404,5.0230572646427625,0.029901604724957263,-0.0011960641889982905,-0.00622521061450243,True
504,51,1008.0,0.04627961483947729,0.0,-0.04627961483947729,0.04627961483947729,48.0,967.0,12.0,4.957330301879871,-0.09923453675924065,5.022440922115581,0.03412391652353149,-0.0013649566609412597,-0.0013529628049582243,True
505,51,1010.0,0.04795454191207682,0.0,-0.04795454191207682,0.04795454191207682,48.0,967.0,12.0,4.95783264279659,-0.09641586424891102,5.021842086273028,0.03240642077247281,-0.0012962568308989128,0.0016749270725995302,True
506,51,1012.0,0.04266813798039948,0.0,-0.04266813798039948,0.04266813798039948,48.0,967.0,12.0,4.948728006848001,-0.09990529565016004,5.021221577683878,0.027411724814283032,-0.0010964689925713213,-0.0052864039316773415,True
507,51,1014.0,0.03808075124561583,0.0,-0.03808075124561583,0.03808075124561583,48.0,967.0,12.0,4.962582161074191,-0.08889195412583224,5.020669472605945,0.030804642594077936,-0.0012321857037631175,-0.0045873867347836494,True
508,51,1016.0,0.03901724004117568,0.0,-0.03901724004117568,0.03901724004117568,48.0,967.0,12.0,4.973921344415767,-0.0793348984283663,5.020176726094629,0.033079516749503275,-0.0013231806699801312,0.0009364887955598533,True
509,51,1018.0,0.03797083137487789,0.0,-0.03797083137487789,0.03797083137487789,48.0,967.0,12.0,4.967245754337125,-0.08128591675244934,5.019671861871036,0.028859809218539017,-0.0011543923687415607,-0.0010464086662977934,True
510,51,1020.0,0.033498433175736864,0.0,-0.033498433175736864,0.033498433175736864,48.0,967.0,12.0,4.967370711088775,-0.07910589869766227,5.019180537669698,0.027296072116739997,-0.0010918428846696,-0.0044723981991410255,True
511,52,1022.0,0.03431323163840716,0.0,-0.03431323163840716,0.03431323163840716,48.0,967.0,12.0,4.978733630630403,-0.0697884024494518,5.018747084138921,0.029774948940934142,-0.0011909979576373657,0.0008147984626702964,True
512,52,1024.0,0.035064674088971515,0.0,-0.035064674088971515,0.035064674088971515,48.0,967.0,12.0,4.972825945219543,-0.07148589924668158,5.018303087509945,0.026008756956279997,-0.0010403502782511999,0.0007514424505643547,True
513,52,1026.0,0.03150236454257538,0.0,-0.03150236454257538,0.03150236454257538,48.0,967.0,12.0,4.967471784087035,-0.07305140435202398,5.01784936757893,0.022673820860129368,-0.0009069528344051747,-0.0035623095463961363,True
514,52,1028.0,0.02957103179232945,0.0,-0.02957103179232945,0.02957103179232945,48.0,967.0,12.0,4.976371162096118,-0.06562992613036536,5.01744174221129,0.02455934601519387,-0.0009823738406077548,-0.0019313327502459288,True
515,52,1030.0,0.030604326039792795,0.0,-0.030604326039792795,0.030604326039792795,48.0,967.0,12.0,4.9798642869946255,-0.06160631623401969,5.0170591073557524,0.024411495872891913,-0.0009764598349156765,0.0010332942474633455,True
516,52,1032.0,0.029203452276306052,0.0,-0.029203452276306052,0.029203452276306052,48.0,967.0,12.0,4.973812702176166,-0.06375901258290165,5.016663102172191,0.02090861258687546,-0.0008363445034750186,-0.001400873763486743,True
517,52,1034.0,0.025520327840240498,0.0,-0.025520327840240498,0.025520327840240498,48.0,967.0,12.0,4.975950864558536,-0.060840525575637606,5.016285223617882,0.020506166516290145,-0.0008202466606516059,-0.0036831244360655546,True
518,52,1036.0,0.024801826618386258,0.0,-0.024801826618386258,0.024801826618386258,48.0,967.0,12.0,4.98552341594097,-0.0531673496671677,5.015955002913199,0.0227357626949383,-0.000909430507797532,-0.0007185012218542397,True
519,52,1038.0,0.023442992755917658,0.0,-0.023442992755917658,0.023442992755917658,48.0,967.0,12.0,4.985347153712217,-0.051670472121638035,5.015634079266972,0.021383546566882225,-0.0008553418626752891,-0.0013588338624686003,True
520,52,1040.0,0.019962024923188437,0.0,-0.019962024923188437,0.019962024923188437,48.0,967.0,12.0,4.987379190755497,-0.048839568241495115,5.015330738274009,0.02088802072298411,-0.0008355208289193645,-0.0034809678327292204,True
521,53,1042.0,0.01886428175657784,0.0,-0.01886428175657784,0.01886428175657784,48.0,967.0,12.0,4.996336339483725,-0.04158755192330924,5.015072439321963,0.022851452085071253,-0.0009140580834028502,-0.0010977431666105986,True
522,53,1044.0,0.018815844800883497,0.0,-0.018815844800883497,0.018815844800883497,48.0,967.0,12.0,4.997446945780499,-0.03930058699287049,5.014828344635804,0.021919188137565538,-0.0008767675255026215,-4.843695569434203e-05,True
523,53,1046.0,0.01633565385509428,0.0,-0.01633565385509428,0.01633565385509428,48.0,967.0,12.0,4.9952685732922335,-0.03919967666850728,5.014584876700436,0.019883373260304742,-0.0007953349304121899,-0.002480190945789218,True
524,53,1048.0,0.014980478227698768,0.0,-0.014980478227698768,0.014980478227698768,48.0,967.0,12.0,5.0011461982836,-0.03403261219811308,5.014373501236873,0.02080530924483947,-0.0008322123697935789,-0.0013551756273955107,True
525,53,1050.0,0.01606667532269057,0.0,-0.01606667532269057,0.01606667532269057,48.0,967.0,12.0,5.003331115246971,-0.031209329641039098,5.014179661090786,0.02036078379722451,-0.0008144313518889804,0.0010861970949918032,True
526,53,1052.0,0.01447365853618976,0.0,-0.01447365853618976,0.01447365853618976,48.0,967.0,12.0,4.9976837006205885,-0.03347224025560536,5.0139717660794,0.017184174796794224,-0.000687366991871769,-0.0015930167865008116,True
527,53,1054.0,0.013326544097253645,0.0,-0.013326544097253645,0.013326544097253645,48.0,967.0,12.0,5.000986389750246,-0.030153455283728665,5.0137844839351065,0.01735536109886763,-0.0006942144439547051,-0.0011471144389361143,True
528,53,1056.0,0.014504569598102535,0.0,-0.014504569598102535,0.014504569598102535,48.0,967.0,12.0,5.002851885743765,-0.027763633535945093,5.013612044897086,0.017003474382624187,-0.0006801389753049675,0.0011780255008488894,True
529,53,1058.0,0.014369713361702452,0.0,-0.014369713361702452,0.014369713361702452,48.0,967.0,12.0,4.997249269001308,-0.03021785332938028,5.013424362778586,0.014042759552101986,-0.0005617103820840795,-0.0001348562364000827,True
530,53,1060.0,0.012859655064858089,0.0,-0.012859655064858089,0.012859655064858089,48.0,967.0,12.0,4.996158007000198,-0.029936902836880108,5.0132384256346,0.012856484202478683,-0.0005142593680991473,-0.0015100582968443632,True
531,54,1062.0,0.016973369275547157,0.0,-0.016973369275547157,0.016973369275547157,49.0,948.0,12.0,4.999901800293009,-0.026244194009914467,5.013072156872105,0.013073837430818601,-0.0005338483617584262,0.004113714210689068,True
532,54,1064.0,0.02495110732070316,0.0,-0.02495110732070316,0.02495110732070316,49.0,948.0,12.0,4.9854602982149565,-0.034639529133769706,5.012852699888963,0.007247127459763037,-0.00029592437127365736,0.007977738045156002,True
533,54,1066.0,0.025330691322778875,0.0,-0.025330691322778875,0.025330691322778875,49.0,948.0,12.0,4.959284057756955,-0.05092062718510848,5.012530094833364,-0.002325409891300666,9.495423722811054e-05,0.00037958400207571685,True
534,54,1068.0,0.03249862203756493,0.0,-0.03249862203756493,0.03249862203756493,49.0,948.0,12.0,4.9579811305143116,-0.05169528841383443,5.012202581950772,-0.0025261630226256914,0.00010315165675721575,0.007167930714786053,True
535,54,1070.0,0.036412567555998976,0.0,-0.036412567555998976,0.036412567555998976,49.0,948.0,12.0,4.935193762145722,-0.06632371844401005,5.011782391390315,-0.010264910800583062,0.00041915052435714177,0.003913945518434048,True
536,54,1072.0,0.03306138138668757,0.0,-0.03306138138668757,0.03306138138668757,49.0,948.0,12.0,4.923357277379289,-0.07431136235918158,5.011311595516223,-0.013642955777753435,0.0005570873609249319,-0.0033511861693114042,True
537,54,1074.0,0.032347398941965366,0.0,-0.032347398941965366,0.032347398941965366,49.0,948.0,12.0,4.9348010776746,-0.06747220691160728,5.010884128765227,-0.008610844179019835,0.00035160947064331,-0.0007139824447222054,True
538,54,1076.0,0.029279211900757218,0.0,-0.029279211900757218,0.029279211900757218,49.0,948.0,12.0,4.93745617646023,-0.06601509988156197,5.010465893442047,-0.006994617100256054,0.0002856135315937889,-0.003068187041208148,True
539,54,1078.0,0.023842432900892163,0.0,-0.023842432900892163,0.023842432900892163,49.0,948.0,12.0,4.9474220976927175,-0.05975349367501472,5.010087328207984,-0.002911736840251804,0.00011889592097694868,-0.005436778999865055,True
540,54,1080.0,0.019357271857188607,0.0,-0.019357271857188607,0.019357271857188607,49.0,948.0,12.0,4.96453955192376,-0.04865802632835135,5.009779057745564,0.003418520506548631,-0.0001395895873507358,-0.004485161043703556,True
541,55,1082.0,0.01636392217278626,0.0,-0.01636392217278626,0.01636392217278626,49.0,948.0,12.0,4.9781096881926254,-0.03950463644324205,5.009528778121357,0.008085546514509576,-0.00033015981600914107,-0.0029933496844023466,True
542,55,1084.0,0.013709719191865588,0.0,-0.013709719191865588,0.013709719191865588,49.0,948.0,12.0,4.986568065771711,-0.03339575953629849,5.009317200977525,0.010646624330484066,-0.00043473716016143276,-0.0026542029809206724,True
543,55,1086.0,0.010597625879199768,0.0,-0.010597625879199768,0.010597625879199768,49.0,948.0,12.0,4.993746768787728,-0.02797901875890936,5.009139941320655,0.012585846225982269,-0.0005139220542276094,-0.00311209331266582,True
544,55,1088.0,0.009227035000549222,0.0,-0.009227035000549222,0.009227035000549222,49.0,948.0,12.0,5.0022249457844286,-0.02162780791673422,5.009002919438537,0.01484983426262494,-0.0006063682323905184,-0.001370590878650546,True
545,55,1090.0,0.010172721537855978,0.0,-0.010172721537855978,0.010172721537855978,49.0,948.0,12.0,5.0050120644366665,-0.01883068367459025,5.008883618595443,0.014959129515813312,-0.0006108311218957103,0.0009456865373067558,True
546,55,1092.0,0.009452629617044295,0.0,-0.009452629617044295,0.009452629617044295,49.0,948.0,12.0,5.000470831681682,-0.020760656199706073,5.008752090509132,0.012479397372255308,-0.0005095753927004251,-0.0007200919208116829,True
547,55,1094.0,0.008624753872027213,0.0,-0.008624753872027213,0.008624753872027213,49.0,948.0,12.0,5.0014294298204165,-0.019291080851110805,5.008629872843048,0.012090637828479302,-0.0004937010446629049,-0.0008278757450170815,True
548,55,1096.0,0.010060763176625187,0.0,-0.010060763176625187,0.010060763176625187,49.0,948.0,12.0,5.002775773162207,-0.01760153851434125,5.008518359186891,0.011858952489656818,-0.00048424055999432005,0.0014360093045979738,True
549,55,1098.0,0.010152281648515782,0.0,-0.010152281648515782,0.010152281648515782,49.0,948.0,12.0,4.996985200581935,-0.020532169748214663,5.008388278664926,0.00912909166522311,-0.00037277124299661034,9.151847189059481e-05,True
550,55,1100.0,0.008622192465736589,0.0,-0.008622192465736589,0.008622192465736589,49.0,948.0,12.0,4.995694461538249,-0.020718942139828125,5.008257014855923,0.008156388822152819,-0.00033305254357124007,-0.001530089182779193,True
551,56,1102.0,0.012261930774002394,0.0,-0.012261930774002394,0.012261930774002394,50.0,935.0,12.0,4.999801955906968,-0.017244384931473178,5.008146244931357,0.008900095907083985,-0.00037083732946183265,0.0036397383082658052,True
552,56,1104.0,0.0201221917895964,0.0,-0.0201221917895964,0.0201221917895964,50.0,935.0,12.0,4.987545064464703,-0.02452386154800479,5.007988715027889,0.004080210984819402,-0.00017000879103414176,0.007860261015594006,True
553,56,1106.0,0.02114336766771885,0.0,-0.02114336766771885,0.02114336766771885,50.0,935.0,12.0,4.9626013752031986,-0.0402443835791928,5.007730203787793,-0.0048844450054011754,0.00020351854189171566,0.001021175878122449,True
554,56,1108.0,0.027830393207295856,0.0,-0.027830393207295856,0.027830393207295856,50.0,935.0,12.0,4.9596392278178305,-0.0422867353354377,5.007458573428005,-0.00553261027473739,0.00023052542811405794,0.006687025539577007,True
555,56,1110.0,0.031558841853438935,0.0,-0.031558841853438935,0.031558841853438935,50.0,935.0,12.0,4.939139929350656,-0.05566078641459171,5.007101034371852,-0.012300318606604967,0.0005125132752752068,0.003728448646143079,True
556,56,1112.0,0.0277751532057664,0.0,-0.0277751532057664,0.0277751532057664,50.0,935.0,12.0,4.928383223920428,-0.06311768370687787,5.006695595668713,-0.015194688041407601,0.0006331120017253166,-0.003783688647672534,True
557,56,1114.0,0.02765889733655058,0.0,-0.02765889733655058,0.02765889733655058,50.0,935.0,12.0,4.94117114289761,-0.0555503064115328,5.006338766284812,-0.009617316975668446,0.00040072154065285196,-0.00011625586921581998,True
558,56,1116.0,0.02573555905928515,0.0,-0.02573555905928515,0.02573555905928515,50.0,935.0,12.0,4.942092543748721,-0.05531779467310116,5.005983430448404,-0.008573092026580728,0.000357212167774197,-0.0019233382772654295,True
559,56,1118.0,0.020495639299952018,0.0,-0.020495639299952018,0.020495639299952018,50.0,935.0,12.0,4.948524714908013,-0.0514711181185703,5.005652803876686,-0.005656970850103021,0.00023570711875429254,-0.005239919759333134,True
560,56,1120.0,0.01641869184186362,0.0,-0.01641869184186362,0.01641869184186362,50.0,935.0,12.0,4.9649975482434145,-0.040991278599904035,5.005389494929665,0.0005993319136540915,-2.4972163068920482e-05,-0.004076947458088398,True
561,57,1122.0,0.013620100334264862,0.0,-0.013620100334264862,0.013620100334264862,50.0,934.0,12.0,4.97733101399958,-0.03283738368372724,5.005178336981455,0.004990060701851393,-0.0002079191959104747,-0.0027985915075987577,True
562,57,1124.0,0.010494584800653683,0.0,-0.010494584800653683,0.010494584800653683,50.0,934.0,12.0,4.9853302601641225,-0.027240200668529727,5.005003171233257,0.007567289599395414,-0.00031530373330814225,-0.0031255155336111784,True
563,57,1126.0,0.007433267194755899,0.0,-0.007433267194755899,0.007433267194755899,50.0,934.0,12.0,4.994134380497513,-0.020989169601307367,5.004868202198267,0.010255347900553484,-0.00042730616252306187,-0.0030613176058977842,True
564,57,1128.0,0.00575489283164643,0.0,-0.00575489283164643,0.00575489283164643,50.0,934.0,12.0,5.002523024322371,-0.014866534389511799,5.004772604238066,0.012616954473816756,-0.0005257064364090315,-0.0016783743631094694,True
565,57,1130.0,0.006007429533383402,0.0,-0.006007429533383402,0.006007429533383402,50.0,934.0,12.0,5.006433320616126,-0.01150978566329286,5.004698591559455,0.013244514719963043,-0.0005518547799984601,0.00025253670173697174,True
566,57,1132.0,0.005177348416509631,0.0,-0.005177348416509631,0.005177348416509631,50.0,934.0,12.0,5.004312084416785,-0.012014859066766803,5.004621331050118,0.01170561243343373,-0.0004877338513930721,-0.000830081116873771,True
567,57,1134.0,0.004510516971095058,0.0,-0.004510516971095058,0.004510516971095058,50.0,934.0,12.0,5.005694677056391,-0.010354696833019261,5.004554746070061,0.011494627819349668,-0.0004789428258062362,-0.000666831445414573,True
568,57,1136.0,0.005823293672619911,0.0,-0.005823293672619911,0.005823293672619911,50.0,934.0,12.0,5.00660136872445,-0.009021033942190115,5.004496737093577,0.01112566557306243,-0.00046356939887760124,0.0013127767015248537,True
569,57,1138.0,0.006039039407369273,0.0,-0.006039039407369273,0.006039039407369273,50.0,934.0,12.0,5.0014074280659,-0.011646587345239823,5.004421844723619,0.0086321706875216,-0.0003596737786467334,0.00021574573474936187,True
570,57,1140.0,0.005007189175557869,0.0,-0.005007189175557869,0.005007189175557869,50.0,934.0,12.0,4.999839475039104,-0.012078078814738546,5.004344177685179,0.007573376168662865,-0.0003155573403609527,-0.0010318502318114042,True
571,58,1142.0,0.005744848052017915,0.0,-0.005744848052017915,0.005744848052017915,50.0,934.0,12.0,5.0022420939148455,-0.010014378351115738,5.004279781093606,0.007976691172354528,-0.00033236213218143865,0.0007376588764600456,True
572,58,1144.0,0.0059455287128002965,0.0,-0.0059455287128002965,0.0059455287128002965,50.0,934.0,12.0,4.999127223303814,-0.01148969610403583,5.004205897599158,0.00641102180869123,-0.0002671259086954679,0.0002006806607823819,True
573,58,1146.0,0.00428414912403241,0.0,-0.00428414912403241,0.00428414912403241,50.0,934.0,12.0,4.997818913182154,-0.011891057425600593,5.004129433185538,0.005580537422216633,-0.00023252239259235972,-0.0016613795887678862,True
574,58,1148.0,0.0040539813353461795,0.0,-0.0040539813353461795,0.0040539813353461795,50.0,934.0,12.0,5.002366794263506,-0.00856829824806482,5.004074335486677,0.006860757024894345,-0.00028586487603726436,-0.00023016778868623078,True
575,58,1150.0,0.0039383550401908,0.0,-0.0039383550401908,0.0039383550401908,50.0,934.0,12.0,5.002371658156035,-0.008107962670692359,5.00402219793583,0.0064574228908955604,-0.0002690592871206483,-0.00011562629515537992,True
576,58,1152.0,0.002607472030831559,0.0,-0.002607472030831559,0.002607472030831559,50.0,934.0,12.0,5.0020624366212845,-0.0078767100803816,5.003971547434704,0.005967599266962267,-0.0002486499694567611,-0.0013308830093592405,True
577,58,1154.0,0.0018406686949674622,0.0,-0.0018406686949674622,0.0018406686949674622,50.0,934.0,12.0,5.005573398712125,-0.005214944061663118,5.003938013189143,0.006850329584644499,-0.0002854303993601874,-0.0007668033358640969,True
578,58,1156.0,0.002042694185547589,0.0,-0.002042694185547589,0.002042694185547589,50.0,934.0,12.0,5.00726645607901,-0.003681337389934925,5.003914340668296,0.00703345280064854,-0.0002930605333603558,0.00020202549058012664,True
579,58,1158.0,0.001614266447177215,0.0,-0.001614266447177215,0.001614266447177215,50.0,934.0,12.0,5.00594480938983,-0.004085388371095178,5.003888069932654,0.006142127828271286,-0.0002559219928446369,-0.00042842773837037385,True
580,58,1160.0,0.0007393179339487688,0.0,-0.0007393179339487688,0.0007393179339487688,50.0,934.0,12.0,5.00666241875531,-0.00322853289435443,5.003867309131853,0.006023642517810663,-0.00025098510490877764,-0.0008749485132284462,True
581,59,1162.0,0.0008950380661190138,0.0,-0.0008950380661190138,0.0008950380661190138,50.0,934.0,12.0,5.008782773078509,-0.0014786358678975375,5.00385780089213,0.006403608054276073,-0.00026681700226150303,0.00015572013217024505,True
582,59,1164.0,0.0009756563385963091,0.0,-0.0009756563385963091,0.0009756563385963091,50.0,934.0,12.0,5.007679096068166,-0.0017900761322380276,5.003846289962795,0.005622882237608643,-0.0002342867599003601,8.061827247729525e-05,True
583,59,1166.0,0.0005411004976849654,0.0,-0.0005411004976849654,0.0005411004976849654,50.0,934.0,12.0,5.006880994211476,-0.0019513126771926181,5.003833742215843,0.004998564672825931,-0.00020827352803441378,-0.0004345558409113437,True
584,59,1168.0,0.00045295194377104053,0.0,-0.00045295194377104053,0.00045295194377104053,50.0,934.0,12.0,5.007740431206713,-0.0010822009953699308,5.003826783216189,0.004995848985894977,-0.0002081603744122907,-8.814855391392484e-05,True
585,59,1170.0,0.0009651786031099618,0.0,-0.0009651786031099618,0.0009651786031099618,50.0,934.0,12.0,5.007530520314451,-0.0009059038875420811,5.003820957879794,0.004615466322198264,-0.000192311096758261,0.0005122266593389213,True
586,59,1172.0,0.0015769301180625916,0.0,-0.0015769301180625916,0.0015769301180625916,50.0,934.0,12.0,5.005494553995747,-0.001930357206219924,5.003808544885176,0.003616366316790117,-0.00015068192986625488,0.0006117515149526298,True
587,59,1174.0,0.001266929358280322,0.0,-0.001266929358280322,0.001266929358280322,50.0,934.0,12.0,5.003238393630561,-0.0031538602361251837,5.003788264260427,0.002603989606258319,-0.00010849956692742996,-0.0003100007597822696,True
588,59,1176.0,0.0011871366305058473,0.0,-0.0011871366305058473,0.0011871366305058473,50.0,934.0,12.0,5.003931915031691,-0.002533858716560644,5.003771970501682,0.002693803246569121,-0.00011224180194038003,-7.979272777447477e-05,True
589,59,1178.0,0.001046655205755087,0.0,-0.001046655205755087,0.001046655205755087,50.0,934.0,12.0,5.0039063252007026,-0.0023742732610116946,5.003756702943368,0.0025238955183461117,-0.00010516231326442133,-0.0001404814247507602,True
590,59,1180.0,0.0006714320634273463,0.0,-0.0006714320634273463,0.0006714320634273463,50.0,934.0,12.0,5.004086337498137,-0.002093310411510174,5.003743242092295,0.002436405817351857,-0.00010151690905632739,-0.0003752231423277408,True
591,60,1182.0,0.0005103646844872856,0.0,-0.0005103646844872856,0.0005103646844872856,50.0,934.0,12.0,5.00500510479391,-0.0013428641268546926,5.003734606920981,0.0026133619997840626,-0.00010889008332433595,-0.00016106737894006073,True
592,60,1184.0,0.0009006439950098866,0.0,-0.0009006439950098866,0.0009006439950098866,50.0,934.0,12.0,5.005247110993383,-0.0010207293689745711,5.003728043209281,0.002539797153076147,-0.00010582488137817279,0.000390279310522601,True
593,60,1186.0,0.0007018617770881974,0.0,-0.0007018617770881974,0.0007018617770881974,50.0,934.0,12.0,5.003786909460774,-0.0018012879900197733,5.003716460183063,0.0018717372677310357,-7.798905282212649e-05,-0.00019878221792168915,True
594,60,1188.0,0.0007117628656487796,0.0,-0.0007117628656487796,0.0007117628656487796,50.0,934.0,12.0,5.00421377217275,-0.0014037235541763948,5.003707433660478,0.0019100620664477931,-7.958591943532471e-05,9.901088560582139e-06,True
595,60,1190.0,0.001253218152669433,0.0,-0.001253218152669433,0.001253218152669433,50.0,934.0,12.0,5.003991814269702,-0.001423525731297559,5.00369827980171,0.0017170601992900628,-7.154417497041928e-05,0.0005414552870206535,True
596,60,1192.0,0.0012292749788684887,0.0,-0.0012292749788684887,0.0012292749788684887,50.0,934.0,12.0,5.002138275769123,-0.002506436305338866,5.003682162380396,0.0009625496940660617,-4.010623725275257e-05,-2.394317380094435e-05,True
597,60,1194.0,0.0015327363989854348,0.0,-0.0015327363989854348,0.0015327363989854348,50.0,934.0,12.0,5.002104657175057,-0.0024585499577369774,5.0036663528880965,0.0008968542446972311,-3.736892686238463e-05,0.0003034614201169461,True
598,60,1196.0,0.0020426608289199066,0.0,-0.0020426608289199066,0.0020426608289199066,50.0,934.0,12.0,5.001061398961867,-0.0030654727979708696,5.0036466406311035,0.0004802311287342334,-2.000963036392639e-05,0.0005099244299344718,True
599,60,1198.0,0.0023806966682968778,0.0,-0.0023806966682968778,0.0023806966682968778,50.0,934.0,12.0,4.999413149592527,-0.004085321657839813,5.003620370324451,-0.0001218990740834967,5.079128086812362e-06,0.0003380358393769711,True
600,60,1200.0,0.002417080847408215,0.0,-0.002417080847408215,0.002417080847408215,50.0,934.0,12.0,4.998349295200944,-0.0047613933365937555,5.003589752597501,-0.00047906405996235926,1.9961002498431635e-05,3.638417911133729e-05,True
