run_id,timestamp,kp,ki,kd,temp,temp_ref,temp_raw,temp_u,temp_u_p,temp_u_i,temp_u_d,sq_error,mae,start_temp
run_1779973890_d455f8ed,1779974371.844575,1.0,56.0,50.0,29.246421813964844,0.0,26.298357009887695,-100.0,-100.0,0.0,27.226224899291992,855.3531889203587,29.246421813964844,29.246421813964844
run_1779973890_d455f8ed,1779974373.5555062,1.0,56.0,50.0,29.246421813964844,0.0,26.298357009887695,-100.0,-100.0,0.0,24.629133224487305,855.3531889203587,29.246421813964844,29.246421813964844
run_1779973890_d455f8ed,1779974375.551825,1.0,56.0,50.0,29.198352813720703,0.0,26.24828338623047,-100.0,-100.0,0.0,33.99957275390625,852.5438070345117,29.198352813720703,29.246421813964844
run_1779973890_d455f8ed,1779974377.5459087,1.0,56.0,50.0,29.198352813720703,0.0,26.24828338623047,-100.0,-100.0,0.0,30.75637435913086,852.5438070345117,29.198352813720703,29.246421813964844
run_1779973890_d455f8ed,1779974379.5541835,1.0,56.0,50.0,29.150251388549805,0.0,26.198179244995117,-100.0,-100.0,0.0,38.86561584472656,849.7371560156498,29.150251388549805,29.246421813964844
run_1779973890_d455f8ed,1779974381.5467398,1.0,56.0,50.0,29.102149963378906,0.0,26.148073196411133,-100.0,-100.0,0.0,40.0,846.9351324909949,29.102149963378906,29.246421813964844
run_1779973890_d455f8ed,1779974383.5530455,1.0,56.0,50.0,29.006013870239258,0.0,26.047931671142578,-100.0,-100.0,0.0,40.0,841.3488406405122,29.006013870239258,29.246421813964844
run_1779973890_d455f8ed,1779974385.5480077,1.0,56.0,50.0,28.957948684692383,0.0,25.99786376953125,-100.0,-100.0,0.0,40.0,838.5627920252773,28.957948684692383,29.246421813964844
run_1779973890_d455f8ed,1779974387.552723,1.0,56.0,50.0,28.813722610473633,0.0,25.847627639770508,-100.0,-100.0,0.0,40.0,830.2306106733195,28.813722610473633,29.246421813964844
run_1779973890_d455f8ed,1779974389.5408852,1.0,56.0,50.0,28.765625,0.0,25.79752540588379,-100.0,-100.0,0.0,40.0,827.461181640625,28.765625,29.246421813964844
run_1779973890_d455f8ed,1779974391.5503347,1.0,56.0,50.0,28.66950225830078,0.0,25.697397232055664,-100.0,-100.0,0.0,40.0,821.9403597387136,28.66950225830078,29.246421813964844
run_1779973890_d455f8ed,1779974393.5428145,1.0,56.0,50.0,28.621408462524414,0.0,25.647300720214844,-100.0,-100.0,0.0,40.0,819.1850223786641,28.621408462524414,29.246421813964844
run_1779973890_d455f8ed,1779974395.5403154,1.0,56.0,50.0,28.525257110595703,0.0,25.547143936157227,-100.0,-100.0,0.0,40.0,813.6902932255907,28.525257110595703,29.246421813964844
run_1779973890_d455f8ed,1779974397.5514698,1.0,56.0,50.0,28.477195739746094,0.0,25.49707794189453,-100.0,-100.0,0.0,40.0,810.9506771998131,28.477195739746094,29.246421813964844
run_1779973890_d455f8ed,1779974399.556215,1.0,56.0,50.0,28.38104820251465,0.0,25.39692497253418,-100.0,-100.0,0.0,40.0,805.48389707346,28.38104820251465,29.246421813964844
run_1779973890_d455f8ed,1779974401.550795,1.0,56.0,50.0,28.28490447998047,0.0,25.296775817871094,-100.0,-100.0,0.0,40.0,800.0358214416192,28.28490447998047,29.246421813964844
run_1779973890_d455f8ed,1779974403.5471609,1.0,56.0,50.0,28.236846923828125,0.0,25.246715545654297,-100.0,-100.0,0.0,40.0,797.3195241997018,28.236846923828125,29.246421813964844
run_1779973890_d455f8ed,1779974405.5432692,1.0,56.0,50.0,28.18879508972168,0.0,25.1966609954834,-100.0,-100.0,0.0,40.0,794.6081686103171,28.18879508972168,29.246421813964844
run_1779973890_d455f8ed,1779974407.5539157,1.0,56.0,50.0,28.0926570892334,0.0,25.09651756286621,-100.0,-100.0,0.0,40.0,789.1973823332555,28.0926570892334,29.246421813964844
run_1779973890_d455f8ed,1779974409.5434897,1.0,56.0,50.0,28.04460334777832,0.0,25.04646110534668,-100.0,-100.0,0.0,40.0,786.499776934219,28.04460334777832,29.246421813964844
run_1779973890_d455f8ed,1779974411.5551133,1.0,56.0,50.0,27.952314376831055,0.0,24.946353912353516,-100.0,-100.0,0.0,40.0,781.3318790211961,27.952314376831055,29.246421813964844
run_1779973890_d455f8ed,1779974413.5476224,1.0,56.0,50.0,27.952314376831055,0.0,24.946353912353516,-100.0,-100.0,0.0,40.0,781.3318790211961,27.952314376831055,29.246421813964844
run_1779973890_d455f8ed,1779974415.555602,1.0,56.0,50.0,27.86327362060547,0.0,24.84618377685547,-100.0,-100.0,0.0,40.0,776.3620168567286,27.86327362060547,29.246421813964844
run_1779973890_d455f8ed,1779974417.5509188,1.0,56.0,50.0,27.818754196166992,0.0,24.796098709106445,-100.0,-100.0,0.0,40.0,773.8830850267586,27.818754196166992,29.246421813964844
run_1779973890_d455f8ed,1779974419.551694,1.0,56.0,50.0,27.774295806884766,0.0,24.746082305908203,-100.0,-100.0,0.0,40.0,771.4115075683367,27.774295806884766,29.246421813964844
run_1779973890_d455f8ed,1779974421.5456347,1.0,56.0,50.0,27.729778289794922,0.0,24.695999145507812,-100.0,-100.0,0.0,40.0,768.9406040011818,27.729778289794922,29.246421813964844
run_1779973890_d455f8ed,1779974423.5410054,1.0,56.0,50.0,27.68528938293457,0.0,24.645950317382812,-100.0,-100.0,0.0,40.0,766.4752482168296,27.68528938293457,29.246421813964844
run_1779973890_d455f8ed,1779974425.5528166,1.0,56.0,50.0,27.640771865844727,0.0,24.595869064331055,-100.0,-100.0,0.0,40.0,764.0122693396734,27.640771865844727,29.246421813964844
run_1779973890_d455f8ed,1779974427.5470147,1.0,56.0,50.0,27.551774978637695,0.0,24.495746612548828,-100.0,-100.0,0.0,40.0,759.1003044734862,27.551774978637695,29.246421813964844
run_1779973890_d455f8ed,1779974429.555319,1.0,56.0,50.0,27.551774978637695,0.0,24.495746612548828,-100.0,-100.0,0.0,40.0,759.1003044734862,27.551774978637695,29.246421813964844
run_1779973890_d455f8ed,1779974431.545738,1.0,56.0,50.0,27.462833404541016,0.0,24.395687103271484,-100.0,-100.0,0.0,40.0,754.2072186055739,27.462833404541016,29.246421813964844
run_1779973890_d455f8ed,1779974433.5534039,1.0,56.0,50.0,27.462833404541016,0.0,24.395687103271484,-100.0,-100.0,0.0,40.0,754.2072186055739,27.462833404541016,29.246421813964844
run_1779973890_d455f8ed,1779974435.543736,1.0,56.0,50.0,27.373836517333984,0.0,24.295564651489258,-100.0,-100.0,0.0,40.0,749.3269256777276,27.373836517333984,29.246421813964844
run_1779973890_d455f8ed,1779974437.5532527,1.0,56.0,50.0,27.373836517333984,0.0,24.295564651489258,-100.0,-100.0,0.0,40.0,749.3269256777276,27.373836517333984,29.246421813964844
run_1779973890_d455f8ed,1779974439.5417988,1.0,56.0,50.0,27.284839630126953,0.0,24.195446014404297,-100.0,-100.0,0.0,40.0,744.4624736417463,27.284839630126953,29.246421813964844
run_1779973890_d455f8ed,1779974441.5534356,1.0,56.0,50.0,27.284839630126953,0.0,24.195446014404297,-100.0,-100.0,0.0,40.0,744.4624736417463,27.284839630126953,29.246421813964844
run_1779973890_d455f8ed,1779974443.543176,1.0,56.0,50.0,27.240333557128906,0.0,24.145374298095703,-100.0,-100.0,0.0,40.0,742.0357723036432,27.240333557128906,29.246421813964844
run_1779973890_d455f8ed,1779974445.5427184,1.0,56.0,50.0,27.195850372314453,0.0,24.095333099365234,-100.0,-100.0,0.0,40.0,739.6142774733162,27.195850372314453,29.246421813964844
run_1779973890_d455f8ed,1779974447.5537686,1.0,56.0,50.0,27.151344299316406,0.0,24.045263290405273,-100.0,-100.0,0.0,40.0,737.1954972600215,27.151344299316406,29.246421813964844
run_1779973890_d455f8ed,1779974449.5457158,1.0,56.0,50.0,27.10686492919922,0.0,23.995223999023438,-100.0,-100.0,0.0,40.0,734.7821262898506,27.10686492919922,29.246421813964844
run_1779973890_d455f8ed,1779974451.5546956,1.0,56.0,50.0,27.06238555908203,0.0,23.94518280029297,-100.0,-100.0,0.0,40.0,732.3727121484117,27.06238555908203,29.246421813964844
run_1779973890_d455f8ed,1779974453.5493433,1.0,56.0,50.0,27.017908096313477,0.0,23.8951473236084,-100.0,-100.0,0.0,40.0,729.9673579008413,27.017908096313477,29.246421813964844
run_1779973890_d455f8ed,1779974455.5534582,1.0,56.0,50.0,26.97340202331543,0.0,23.845077514648438,-100.0,-100.0,0.0,40.0,727.5644167113969,26.97340202331543,29.246421813964844
run_1779973890_d455f8ed,1779974457.5483387,1.0,56.0,50.0,26.97340202331543,0.0,23.845077514648438,-100.0,-100.0,0.0,40.0,727.5644167113969,26.97340202331543,29.246421813964844
run_1779973890_d455f8ed,1779974459.5458536,1.0,56.0,50.0,26.928926467895508,0.0,23.795042037963867,-100.0,-100.0,0.0,40.0,725.1670807133232,26.928926467895508,29.246421813964844
run_1779973890_d455f8ed,1779974461.5560474,1.0,56.0,50.0,26.884422302246094,0.0,23.74497413635254,-100.0,-100.0,0.0,40.0,722.7721625255072,26.884422302246094,29.246421813964844
run_1779973890_d455f8ed,1779974463.5510802,1.0,56.0,50.0,26.884422302246094,0.0,23.74497413635254,-100.0,-100.0,0.0,40.0,722.7721625255072,26.884422302246094,29.246421813964844
run_1779973890_d455f8ed,1779974465.5562944,1.0,56.0,50.0,26.839948654174805,0.0,23.694942474365234,-100.0,-100.0,0.0,40.0,720.3828437587399,26.839948654174805,29.246421813964844
run_1779973890_d455f8ed,1779974467.5497782,1.0,56.0,50.0,26.79547119140625,0.0,23.64490509033203,-100.0,-100.0,0.0,40.0,717.9972763694823,26.79547119140625,29.246421813964844
run_1779973890_d455f8ed,1779974469.5437527,1.0,56.0,50.0,26.75096893310547,0.0,23.594839096069336,-100.0,-100.0,0.0,40.0,715.6143388599739,26.75096893310547,29.246421813964844
run_1779973890_d455f8ed,1779974471.548984,1.0,56.0,50.0,26.75096893310547,0.0,23.594839096069336,-100.0,-100.0,0.0,40.0,715.6143388599739,26.75096893310547,29.246421813964844
run_1779973890_d455f8ed,1779974473.5543854,1.0,56.0,50.0,26.70649528503418,0.0,23.54480743408203,-100.0,-100.0,0.0,40.0,713.2368904095529,26.70649528503418,29.246421813964844
run_1779973890_d455f8ed,1779974475.5455499,1.0,56.0,50.0,26.66199493408203,0.0,23.49474334716797,-100.0,-100.0,0.0,40.0,710.8619738650159,26.66199493408203,29.246421813964844
run_1779973890_d455f8ed,1779974477.5554092,1.0,56.0,50.0,26.617523193359375,0.0,23.444713592529297,-100.0,-100.0,0.0,40.0,708.4925409490243,26.617523193359375,29.246421813964844
run_1779973890_d455f8ed,1779974479.5494285,1.0,56.0,50.0,26.617523193359375,0.0,23.444713592529297,-100.0,-100.0,0.0,40.0,708.4925409490243,26.617523193359375,29.246421813964844
run_1779973890_d455f8ed,1779974481.5566669,1.0,56.0,50.0,26.57305145263672,0.0,23.394681930541992,-100.0,-100.0,0.0,40.0,706.1270635044784,26.57305145263672,29.246421813964844
run_1779973890_d455f8ed,1779974483.551809,1.0,56.0,50.0,26.528583526611328,0.0,23.344655990600586,-100.0,-100.0,0.0,40.0,703.7657439283939,26.528583526611328,29.246421813964844
run_1779973890_d455f8ed,1779974485.5445826,1.0,56.0,50.0,26.48408317565918,0.0,23.294593811035156,-100.0,-100.0,0.0,40.0,701.4066616552336,26.48408317565918,29.246421813964844
run_1779973890_d455f8ed,1779974487.5515444,1.0,56.0,50.0,26.439584732055664,0.0,23.24453353881836,-100.0,-100.0,0.0,40.0,699.051640803551,26.439584732055664,29.246421813964844
run_1779973890_d455f8ed,1779974489.5457087,1.0,56.0,50.0,26.395118713378906,0.0,23.194509506225586,-100.0,-100.0,0.0,40.0,696.7022918933653,26.395118713378906,29.246421813964844
run_1779973890_d455f8ed,1779974491.5535762,1.0,56.0,50.0,26.350648880004883,0.0,23.144479751586914,-100.0,-100.0,0.0,40.0,694.3566963973026,26.350648880004883,29.246421813964844
run_1779973890_d455f8ed,1779974493.5455327,1.0,56.0,50.0,26.261714935302734,0.0,23.044429779052734,-100.0,-100.0,0.0,40.0,689.6776713431027,26.261714935302734,29.246421813964844
run_1779973890_d455f8ed,1779974495.5564096,1.0,56.0,50.0,26.21722412109375,0.0,22.99437713623047,-100.0,-100.0,0.0,40.0,687.34284061566,26.21722412109375,29.246421813964844
run_1779973890_d455f8ed,1779974497.5513096,1.0,56.0,50.0,26.128292083740234,0.0,22.894329071044922,-100.0,-100.0,0.0,40.0,682.6876472132426,26.128292083740234,29.246421813964844
run_1779973890_d455f8ed,1779974499.5505872,1.0,56.0,50.0,26.083799362182617,0.0,22.844274520874023,-100.0,-100.0,0.0,40.0,680.3645891665983,26.083799362182617,29.246421813964844
run_1779973890_d455f8ed,1779974501.5430148,1.0,56.0,50.0,25.994848251342773,0.0,22.744203567504883,-100.0,-100.0,0.0,40.0,675.7321356103384,25.994848251342773,29.246421813964844
run_1779973890_d455f8ed,1779974503.551378,1.0,56.0,50.0,25.950355529785156,0.0,22.694150924682617,-100.0,-100.0,0.0,40.0,673.420952122251,25.950355529785156,29.246421813964844
run_1779973890_d455f8ed,1779974505.5569274,1.0,56.0,50.0,25.81697654724121,0.0,22.544097900390625,-100.0,-100.0,0.0,40.0,666.5162780408027,25.81697654724121,29.246421813964844
run_1779973890_d455f8ed,1779974507.5489535,1.0,56.0,50.0,25.81697654724121,0.0,22.544097900390625,-100.0,-100.0,0.0,40.0,666.5162780408027,25.81697654724121,29.246421813964844
run_1779973890_d455f8ed,1779974509.5481412,1.0,56.0,50.0,25.683574676513672,0.0,22.39402198791504,-100.0,-100.0,0.0,40.0,659.6460081640544,25.683574676513672,29.246421813964844
run_1779973890_d455f8ed,1779974511.5570183,1.0,56.0,50.0,25.63908576965332,0.0,22.343971252441406,-100.0,-100.0,0.0,40.0,657.3627191036394,25.63908576965332,29.246421813964844
run_1779973890_d455f8ed,1779974513.5499158,1.0,56.0,50.0,25.505664825439453,0.0,22.193872451782227,-100.0,-100.0,0.0,40.0,650.5389381876594,25.505664825439453,29.246421813964844
run_1779973890_d455f8ed,1779974515.5444226,1.0,56.0,50.0,25.461238861083984,0.0,22.143892288208008,-100.0,-100.0,0.0,40.0,648.2746843411733,25.461238861083984,29.246421813964844
run_1779973890_d455f8ed,1779974517.5485668,1.0,56.0,50.0,25.32785415649414,0.0,21.99383544921875,-100.0,-100.0,0.0,40.0,641.5001961726375,25.32785415649414,29.246421813964844
run_1779973890_d455f8ed,1779974519.543213,1.0,56.0,50.0,25.238922119140625,0.0,21.893787384033203,-100.0,-100.0,0.0,40.0,637.0031897360459,25.238922119140625,29.246421813964844
run_1779973890_d455f8ed,1779974521.553966,1.0,56.0,50.0,25.150020599365234,0.0,21.793773651123047,-100.0,-100.0,0.0,40.0,632.5235361484956,25.150020599365234,29.246421813964844
run_1779973890_d455f8ed,1779974523.5499625,1.0,56.0,50.0,25.061067581176758,0.0,21.693700790405273,-100.0,-100.0,0.0,40.0,628.0571083083087,25.061067581176758,29.246421813964844
run_1779973890_d455f8ed,1779974525.5577564,1.0,56.0,50.0,24.927698135375977,0.0,21.54366111755371,-100.0,-100.0,0.0,40.0,621.3901343284269,24.927698135375977,29.246421813964844
run_1779973890_d455f8ed,1779974527.5456307,1.0,56.0,50.0,24.838809967041016,0.0,21.443660736083984,-100.0,-100.0,0.0,40.0,616.9664805787761,24.838809967041016,29.246421813964844
run_1779973890_d455f8ed,1779974529.5426252,1.0,56.0,50.0,24.705448150634766,0.0,21.293630599975586,-100.0,-100.0,0.0,40.0,610.3591683237028,24.705448150634766,29.246421813964844
run_1779973890_d455f8ed,1779974531.5455716,1.0,56.0,50.0,24.616539001464844,0.0,21.193607330322266,-100.0,-100.0,0.0,40.0,605.9739924106398,24.616539001464844,29.246421813964844
run_1779973890_d455f8ed,1779974533.5535655,1.0,56.0,50.0,24.483177185058594,0.0,21.0435733795166,-100.0,-100.0,0.0,40.0,599.4259650749736,24.483177185058594,29.246421813964844
run_1779973890_d455f8ed,1779974535.5461137,1.0,56.0,50.0,24.438722610473633,0.0,20.993562698364258,-100.0,-100.0,0.0,40.0,597.2511628316752,24.438722610473633,29.246421813964844
run_1779973890_d455f8ed,1779974537.5488334,1.0,56.0,50.0,24.305397033691406,0.0,20.843570709228516,-100.0,-100.0,0.0,40.0,590.752324965375,24.305397033691406,29.246421813964844
run_1779973890_d455f8ed,1779974539.5480237,1.0,56.0,50.0,24.216514587402344,0.0,20.74357795715332,-100.0,-100.0,0.0,40.0,586.4395787618705,24.216514587402344,29.246421813964844
run_1779973890_d455f8ed,1779974541.5544794,1.0,56.0,50.0,24.038734436035156,0.0,20.543577194213867,-100.0,-100.0,0.0,40.0,577.8607532862225,24.038734436035156,29.246421813964844
run_1779973890_d455f8ed,1779974543.5466607,1.0,56.0,50.0,23.949857711791992,0.0,20.44359016418457,-100.0,-100.0,0.0,40.0,573.5956844150824,23.949857711791992,29.246421813964844
run_1779973890_d455f8ed,1779974545.55725,1.0,56.0,50.0,23.816524505615234,0.0,20.293590545654297,-100.0,-100.0,0.0,40.0,567.226839526571,23.816524505615234,29.246421813964844
run_1779973890_d455f8ed,1779974547.545239,1.0,56.0,50.0,23.72765350341797,0.0,20.19361114501953,-100.0,-100.0,0.0,40.0,563.001540778263,23.72765350341797,29.246421813964844
run_1779973890_d455f8ed,1779974549.5530725,1.0,56.0,50.0,23.549909591674805,0.0,19.993648529052734,-100.0,-100.0,0.0,40.0,554.598241776057,23.549909591674805,29.246421813964844
run_1779973890_d455f8ed,1779974551.5476265,1.0,56.0,50.0,23.46104621887207,0.0,19.8936767578125,-100.0,-100.0,0.0,40.0,550.4206896840515,23.46104621887207,29.246421813964844
run_1779973890_d455f8ed,1779974553.556742,1.0,56.0,50.0,23.283300399780273,0.0,19.69371223449707,-100.0,-100.0,0.0,40.0,542.1120775064082,23.283300399780273,29.246421813964844
run_1779973890_d455f8ed,1779974555.5469685,1.0,56.0,50.0,23.194446563720703,0.0,19.593751907348633,-100.0,-100.0,0.0,40.0,537.9823513972951,23.194446563720703,29.246421813964844
run_1779973890_d455f8ed,1779974557.5527143,1.0,56.0,50.0,23.01673126220703,0.0,19.393823623657227,-100.0,-100.0,0.0,40.0,529.7699179966585,23.01673126220703,29.246421813964844
run_1779973890_d455f8ed,1779974559.5432196,1.0,56.0,50.0,22.927886962890625,0.0,19.293872833251953,-100.0,-100.0,0.0,40.0,525.6880005830899,22.927886962890625,29.246421813964844
run_1779973890_d455f8ed,1779974561.5539196,1.0,56.0,50.0,22.750158309936523,0.0,19.09392738342285,-100.0,-100.0,0.0,40.0,517.5697031271739,22.750158309936523,29.246421813964844
run_1779973890_d455f8ed,1779974563.5424356,1.0,56.0,50.0,22.66132354736328,0.0,18.993988037109375,-100.0,-100.0,0.0,40.0,513.5355849182815,22.66132354736328,29.246421813964844
run_1779973890_d455f8ed,1779974565.551441,1.0,56.0,50.0,22.48368263244629,0.0,18.794143676757812,-100.0,-100.0,0.0,40.0,505.5159847165669,22.48368263244629,29.246421813964844
run_1779973890_d455f8ed,1779974567.5438607,1.0,56.0,50.0,22.350419998168945,0.0,18.644222259521484,-100.0,-100.0,0.0,40.0,499.5412740945503,22.350419998168945,29.246421813964844
run_1779973890_d455f8ed,1779974569.5510042,1.0,56.0,50.0,22.172725677490234,0.0,18.44431495666504,-100.0,-100.0,0.0,40.0,491.6297639692348,22.172725677490234,29.246421813964844
run_1779973890_d455f8ed,1779974571.546461,1.0,56.0,50.0,22.083904266357422,0.0,18.344392776489258,-100.0,-100.0,0.0,40.0,487.69882764563954,22.083904266357422,29.246421813964844
run_1779973890_d455f8ed,1779974573.5510092,1.0,56.0,50.0,21.86184310913086,0.0,18.094573974609375,-100.0,-100.0,0.0,40.0,477.94018412825244,21.86184310913086,29.246421813964844
run_1779973890_d455f8ed,1779974575.554992,1.0,56.0,50.0,21.77306365966797,0.0,17.99469566345215,-100.0,-100.0,0.0,40.0,474.0663011279539,21.77306365966797,29.246421813964844
run_1779973890_d455f8ed,1779974577.545735,1.0,56.0,50.0,21.59540557861328,0.0,17.794830322265625,-100.0,-100.0,0.0,40.0,466.36154210480163,21.59540557861328,29.246421813964844
run_1779973890_d455f8ed,1779974579.5494876,1.0,56.0,50.0,21.506603240966797,0.0,17.694929122924805,-100.0,-100.0,0.0,40.0,462.53398296436353,21.506603240966797,29.246421813964844
run_1779973890_d455f8ed,1779974581.5536385,1.0,56.0,50.0,21.284587860107422,0.0,17.445159912109375,-100.0,-100.0,0.0,40.0,453.03368037463224,21.284587860107422,29.246421813964844
run_1779973890_d455f8ed,1779974583.5570588,1.0,56.0,50.0,21.195819854736328,0.0,17.345298767089844,-100.0,-100.0,0.0,40.0,449.26277931443474,21.195819854736328,29.246421813964844
run_1779973890_d455f8ed,1779974585.5503135,1.0,56.0,50.0,21.018199920654297,0.0,17.145475387573242,-100.0,-100.0,0.0,40.0,441.7647279045923,21.018199920654297,29.246421813964844
run_1779973890_d455f8ed,1779974587.5416374,1.0,56.0,50.0,20.929414749145508,0.0,17.045591354370117,-100.0,-100.0,0.0,40.0,438.0404017417495,20.929414749145508,29.246421813964844
run_1779973890_d455f8ed,1779974589.546757,1.0,56.0,50.0,20.707443237304688,0.0,16.795873641967773,-100.0,-100.0,0.0,40.0,428.79820542619564,20.707443237304688,29.246421813964844
run_1779973890_d455f8ed,1779974591.5576468,1.0,56.0,50.0,20.618696212768555,0.0,16.696033477783203,-100.0,-100.0,0.0,40.0,425.13063351443634,20.618696212768555,29.246421813964844
run_1779973890_d455f8ed,1779974593.5526192,1.0,56.0,50.0,20.441104888916016,0.0,16.496244430541992,-100.0,-100.0,0.0,40.0,417.83876907966624,20.441104888916016,29.246421813964844
run_1779973890_d455f8ed,1779974595.5444028,1.0,56.0,50.0,20.307950973510742,0.0,16.346445083618164,-100.0,-100.0,0.0,40.0,412.4128727425159,20.307950973510742,29.246421813964844
run_1779973890_d455f8ed,1779974597.5516753,1.0,56.0,50.0,20.219173431396484,0.0,16.246570587158203,-100.0,-100.0,0.0,40.0,408.8149742488895,20.219173431396484,29.246421813964844
run_1779973890_d455f8ed,1779974599.5529025,1.0,56.0,50.0,19.99725341796875,0.0,15.996910095214844,-100.0,-100.0,0.0,40.0,399.89014426246285,19.99725341796875,29.246421813964844
run_1779973890_d455f8ed,1779974601.5427606,1.0,56.0,50.0,19.90850067138672,0.0,15.897062301635742,-100.0,-100.0,0.0,40.0,396.34839898260543,19.90850067138672,29.246421813964844
run_1779973890_d455f8ed,1779974603.55745,1.0,56.0,50.0,19.730985641479492,0.0,15.697358131408691,-100.0,-100.0,0.0,40.0,389.3117943842699,19.730985641479492,29.246421813964844
run_1779973890_d455f8ed,1779974605.5436673,1.0,56.0,50.0,19.597858428955078,0.0,15.547592163085938,-100.0,-100.0,0.0,40.0,384.0760550013656,19.597858428955078,29.246421813964844
run_1779973890_d455f8ed,1779974607.5489168,1.0,56.0,50.0,19.420364379882812,0.0,15.347909927368164,-100.0,-100.0,0.0,40.0,377.15055264742114,19.420364379882812,29.246421813964844
run_1779973890_d455f8ed,1779974609.5517387,1.0,56.0,50.0,19.331626892089844,0.0,15.24808120727539,-100.0,-100.0,0.0,40.0,373.71179829497123,19.331626892089844,29.246421813964844
run_1779973890_d455f8ed,1779974611.5436769,1.0,56.0,50.0,19.10977554321289,0.0,14.998497009277344,-100.0,-100.0,0.0,40.0,365.18352131197753,19.10977554321289,29.246421813964844
run_1779973890_d455f8ed,1779974613.5512655,1.0,56.0,50.0,19.02104949951172,0.0,14.898679733276367,-100.0,-100.0,0.0,40.0,361.800324062875,19.02104949951172,29.246421813964844
run_1779973890_d455f8ed,1779974615.5486934,1.0,56.0,50.0,18.799236297607422,0.0,14.649140357971191,-100.0,-100.0,0.0,40.0,353.4112853732804,18.799236297607422,29.246421813964844
run_1779973890_d455f8ed,1779974617.5514803,1.0,56.0,50.0,18.710519790649414,0.0,14.549334526062012,-100.0,-100.0,0.0,40.0,350.0835508362834,18.710519790649414,29.246421813964844
run_1779973890_d455f8ed,1779974619.5448236,1.0,56.0,50.0,18.48871612548828,0.0,14.2998046875,-100.0,-100.0,0.0,40.0,341.8326239688904,18.48871612548828,29.246421813964844
run_1779973890_d455f8ed,1779974621.5551262,1.0,56.0,50.0,18.400005340576172,0.0,14.200005531311035,-100.0,-100.0,0.0,40.0,338.56019653323165,18.400005340576172,29.246421813964844
run_1779973890_d455f8ed,1779974623.550157,1.0,56.0,50.0,18.17819595336914,0.0,13.950470924377441,-100.0,-100.0,0.0,40.0,330.4468081190862,18.17819595336914,29.246421813964844
run_1779973890_d455f8ed,1779974625.551727,1.0,56.0,50.0,18.089496612548828,0.0,13.85068416595459,-100.0,-100.0,0.0,40.0,327.2298876954155,18.089496612548828,29.246421813964844
run_1779973890_d455f8ed,1779974627.5481758,1.0,56.0,50.0,17.867769241333008,0.0,13.601240158081055,-100.0,-100.0,0.0,40.0,319.25717766152593,17.867769241333008,29.246421813964844
run_1779973890_d455f8ed,1779974629.5577762,1.0,56.0,50.0,17.779064178466797,0.0,13.501448631286621,-100.0,-100.0,0.0,40.0,316.09512306204124,17.779064178466797,29.246421813964844
run_1779973890_d455f8ed,1779974631.556495,1.0,56.0,50.0,17.55733299255371,0.0,13.251999855041504,-100.0,-100.0,0.0,40.0,308.25994181141505,17.55733299255371,29.246421813964844
run_1779973890_d455f8ed,1779974633.5572996,1.0,56.0,50.0,17.468652725219727,0.0,13.15223503112793,-100.0,-100.0,0.0,40.0,305.1538280343266,17.468652725219727,29.246421813964844
run_1779973890_d455f8ed,1779974635.551846,1.0,56.0,50.0,17.29129981994629,0.0,12.952713012695312,-100.0,-100.0,0.0,40.0,298.98904946327457,17.29129981994629,29.246421813964844
run_1779973890_d455f8ed,1779974637.5443435,1.0,56.0,50.0,17.202613830566406,0.0,12.852941513061523,-100.0,-100.0,0.0,40.0,295.9299226035946,17.202613830566406,29.246421813964844
run_1779973890_d455f8ed,1779974639.548785,1.0,56.0,50.0,16.980924606323242,0.0,12.603540420532227,-100.0,-100.0,0.0,40.0,288.35180048563416,16.980924606323242,29.246421813964844
run_1779973890_d455f8ed,1779974641.5578218,1.0,56.0,50.0,16.892263412475586,0.0,12.503795623779297,-100.0,-100.0,0.0,40.0,285.3485631964613,16.892263412475586,29.246421813964844
run_1779973890_d455f8ed,1779974643.5515969,1.0,56.0,50.0,16.670597076416016,0.0,12.25442123413086,-100.0,-100.0,0.0,40.0,277.9088068842102,16.670597076416016,29.246421813964844
run_1779973890_d455f8ed,1779974645.5573418,1.0,56.0,50.0,16.58194351196289,0.0,12.154685974121094,-100.0,-100.0,0.0,40.0,274.9608506339282,16.58194351196289,29.246421813964844
run_1779973890_d455f8ed,1779974647.552181,1.0,56.0,50.0,16.360301971435547,0.0,11.905338287353516,-100.0,-100.0,0.0,40.0,267.65948059655784,16.360301971435547,29.246421813964844
run_1779973890_d455f8ed,1779974649.5559177,1.0,56.0,50.0,16.271644592285156,0.0,11.8056001663208,-100.0,-100.0,0.0,40.0,264.76641773764277,16.271644592285156,29.246421813964844
run_1779973890_d455f8ed,1779974651.5456746,1.0,56.0,50.0,16.094364166259766,0.0,11.606159210205078,-100.0,-100.0,0.0,40.0,259.0285579161864,16.094364166259766,29.246421813964844
run_1779973890_d455f8ed,1779974653.5535443,1.0,56.0,50.0,15.96139144897461,0.0,11.456564903259277,-100.0,-100.0,0.0,40.0,254.76601698739978,15.96139144897461,29.246421813964844
run_1779973890_d455f8ed,1779974655.5476174,1.0,56.0,50.0,15.784130096435547,0.0,11.257145881652832,-100.0,-100.0,0.0,40.0,249.13876290120243,15.784130096435547,29.246421813964844
run_1779973890_d455f8ed,1779974657.549376,1.0,56.0,50.0,15.651168823242188,0.0,11.107565879821777,-100.0,-100.0,0.0,40.0,244.95908553362824,15.651168823242188,29.246421813964844
run_1779973890_d455f8ed,1779974659.5533159,1.0,56.0,50.0,15.473915100097656,0.0,10.908154487609863,-100.0,-100.0,0.0,40.0,239.44204852503026,15.473915100097656,29.246421813964844
run_1779973890_d455f8ed,1779974661.544908,1.0,56.0,50.0,15.34096908569336,0.0,10.758589744567871,-100.0,-100.0,0.0,40.0,235.34533248819935,15.34096908569336,29.246421813964844
run_1779973890_d455f8ed,1779974663.5435357,1.0,56.0,50.0,15.163745880126953,0.0,10.55921459197998,-100.0,-100.0,0.0,40.0,229.93918911706714,15.163745880126953,29.246421813964844
run_1779973890_d455f8ed,1779974665.550845,1.0,56.0,50.0,15.075139045715332,0.0,10.459531784057617,-100.0,-100.0,0.0,40.0,227.25981724765097,15.075139045715332,29.246421813964844
run_1779973890_d455f8ed,1779974667.5444646,1.0,56.0,50.0,14.853639602661133,0.0,10.210344314575195,-100.0,-100.0,0.0,40.0,220.63060944574318,14.853639602661133,29.246421813964844
run_1779973890_d455f8ed,1779974669.5504906,1.0,56.0,50.0,14.764999389648438,0.0,10.110624313354492,-100.0,-100.0,0.0,40.0,218.00520697631873,14.764999389648438,29.246421813964844
run_1779973890_d455f8ed,1779974671.5438294,1.0,56.0,50.0,14.54349422454834,0.0,9.861431121826172,-100.0,-100.0,0.0,40.0,211.51322425947092,14.54349422454834,29.246421813964844
run_1779973890_d455f8ed,1779974673.5452836,1.0,56.0,50.0,14.454906463623047,0.0,9.761770248413086,-100.0,-100.0,0.0,40.0,208.94432087209134,14.454906463623047,29.246421813964844
run_1779973890_d455f8ed,1779974675.5555995,1.0,56.0,50.0,14.233454704284668,0.0,9.512636184692383,-100.0,-100.0,0.0,40.0,202.59123281892334,14.233454704284668,29.246421813964844
run_1779973890_d455f8ed,1779974677.5495496,1.0,56.0,50.0,14.14484691619873,0.0,9.412952423095703,-100.0,-100.0,0.0,40.0,200.07669428269674,14.14484691619873,29.246421813964844
run_1779973890_d455f8ed,1779974679.5535805,1.0,56.0,50.0,13.923418045043945,0.0,9.163846015930176,-100.0,-100.0,0.0,40.0,193.86157005705536,13.923418045043945,29.246421813964844
run_1779973890_d455f8ed,1779974681.5486596,1.0,56.0,50.0,13.834835052490234,0.0,9.064188957214355,-100.0,-100.0,0.0,40.0,191.40266092961247,13.834835052490234,29.246421813964844
run_1779973890_d455f8ed,1779974683.5531893,1.0,56.0,50.0,13.613385200500488,0.0,8.815058708190918,-100.0,-100.0,0.0,40.0,185.32425661720572,13.613385200500488,29.246421813964844
run_1779973890_d455f8ed,1779974685.557674,1.0,56.0,50.0,13.524840354919434,0.0,8.715445518493652,-100.0,-100.0,0.0,40.0,182.92130662605723,13.524840354919434,29.246421813964844
run_1779973890_d455f8ed,1779974687.5472102,1.0,56.0,50.0,13.30342960357666,0.0,8.466358184814453,-100.0,-100.0,0.0,40.0,176.98123921731985,13.30342960357666,29.246421813964844
run_1779973890_d455f8ed,1779974689.5516276,1.0,56.0,50.0,13.21487808227539,0.0,8.366738319396973,-100.0,-100.0,0.0,40.0,174.6330027294025,13.21487808227539,29.246421813964844
run_1779973890_d455f8ed,1779974691.5451014,1.0,56.0,50.0,13.037742614746094,0.0,8.167460441589355,-100.0,-100.0,0.0,40.0,169.9827324883663,13.037742614746094,29.246421813964844
run_1779973890_d455f8ed,1779974693.552982,1.0,56.0,50.0,12.949228286743164,0.0,8.06788158416748,-100.0,-100.0,0.0,40.0,167.6825132221893,12.949228286743164,29.246421813964844
run_1779973890_d455f8ed,1779974695.5449064,1.0,56.0,50.0,12.727863311767578,0.0,7.818845272064209,-100.0,-100.0,0.0,40.0,161.99850448303914,12.727863311767578,29.246421813964844
run_1779973890_d455f8ed,1779974697.549071,1.0,56.0,50.0,12.639328002929688,0.0,7.719244480133057,-100.0,-100.0,0.0,40.0,159.75261236564256,12.639328002929688,29.246421813964844
run_1779973890_d455f8ed,1779974699.5585177,1.0,56.0,50.0,12.462226867675781,0.0,7.520005702972412,-100.0,-100.0,0.0,40.0,155.3070985014201,12.462226867675781,29.246421813964844
run_1779973890_d455f8ed,1779974701.5548673,1.0,56.0,50.0,12.329448699951172,0.0,7.37062931060791,-100.0,-100.0,0.0,40.0,152.01530524472764,12.329448699951172,29.246421813964844
run_1779973890_d455f8ed,1779974703.549155,1.0,56.0,50.0,12.152406692504883,0.0,7.171457767486572,-100.0,-100.0,0.0,40.0,147.68098842003747,12.152406692504883,29.246421813964844
run_1779973890_d455f8ed,1779974705.5454042,1.0,56.0,50.0,12.063891410827637,0.0,7.071877479553223,-100.0,-100.0,0.0,40.0,145.53747597224083,12.063891410827637,29.246421813964844
run_1779973890_d455f8ed,1779974707.5514143,1.0,56.0,50.0,11.84256362915039,0.0,6.8228840827941895,-100.0,-100.0,0.0,40.0,140.24631331047567,11.84256362915039,29.246421813964844
run_1779973890_d455f8ed,1779974709.5582504,1.0,56.0,50.0,11.754071235656738,0.0,6.723330497741699,-100.0,-100.0,0.0,40.0,138.15819061289312,11.754071235656738,29.246421813964844
run_1779973890_d455f8ed,1779974711.5563405,1.0,56.0,50.0,11.577066421508789,0.0,6.524200439453125,-100.0,-100.0,0.0,40.0,134.02846692802632,11.577066421508789,29.246421813964844
run_1779973890_d455f8ed,1779974713.5447006,1.0,56.0,50.0,11.488567352294922,0.0,6.424638748168945,-100.0,-100.0,0.0,40.0,131.98717980821675,11.488567352294922,29.246421813964844
run_1779973890_d455f8ed,1779974715.549517,1.0,56.0,50.0,11.311535835266113,0.0,6.225478172302246,-100.0,-100.0,0.0,40.0,127.95084295250945,11.311535835266113,29.246421813964844
run_1779973890_d455f8ed,1779974717.5588644,1.0,56.0,50.0,11.223047256469727,0.0,6.125927448272705,-100.0,-100.0,0.0,40.0,125.95678972095266,11.223047256469727,29.246421813964844
run_1779973890_d455f8ed,1779974719.5521927,1.0,56.0,50.0,11.001839637756348,0.0,5.877069473266602,-100.0,-100.0,0.0,40.0,121.04047541490672,11.001839637756348,29.246421813964844
run_1779973890_d455f8ed,1779974721.5458136,1.0,56.0,50.0,10.913329124450684,0.0,5.77749490737915,-100.0,-100.0,0.0,40.0,119.10075257858352,10.913329124450684,29.246421813964844
run_1779973890_d455f8ed,1779974723.553478,1.0,56.0,50.0,10.73636245727539,0.0,5.578406810760498,-100.0,-100.0,0.0,40.0,115.26947881399246,10.73636245727539,29.246421813964844
run_1779973890_d455f8ed,1779974725.543995,1.0,56.0,50.0,10.64788818359375,0.0,5.4788737297058105,-100.0,-100.0,0.0,40.0,113.37752277031541,10.64788818359375,29.246421813964844
run_1779973890_d455f8ed,1779974727.5516381,1.0,56.0,50.0,10.470951080322266,0.0,5.279819488525391,-100.0,-100.0,0.0,40.0,109.64081652650202,10.470951080322266,29.246421813964844
run_1779973890_d455f8ed,1779974729.550552,1.0,56.0,50.0,10.382472038269043,0.0,5.180280685424805,-100.0,-100.0,0.0,40.0,107.79572562543854,10.382472038269043,29.246421813964844
run_1779973890_d455f8ed,1779974731.5451443,1.0,56.0,50.0,10.2940092086792,0.0,5.0807600021362305,-100.0,-100.0,0.0,40.0,105.96662558837215,10.2940092086792,29.246421813964844
run_1779973890_d455f8ed,1779974733.5556939,1.0,56.0,50.0,10.072844505310059,0.0,4.8319501876831055,-100.0,-100.0,0.0,40.0,101.46219642815504,10.072844505310059,29.246421813964844
run_1779973890_d455f8ed,1779974735.5493124,1.0,56.0,50.0,9.98436164855957,0.0,4.732407093048096,-100.0,-100.0,0.0,40.0,99.68747752922718,9.98436164855957,29.246421813964844
run_1779973890_d455f8ed,1779974737.748429,18.0,227.0,6.0,9.807479858398438,0.0,4.5334153175354,-52.55296325683594,-54.486000061035156,-0.43464553356170654,2.3676834106445312,96.18666117289104,9.807479858398438,29.246421813964844
run_1779973890_d455f8ed,1779974739.5555305,18.0,227.0,6.0,9.719036102294922,0.0,4.433915138244629,-52.626373291015625,-53.99464416503906,-0.9116677641868591,2.279937982559204,94.45966275771207,9.719036102294922,29.246421813964844
run_1779973890_d455f8ed,1779974741.5449443,18.0,227.0,6.0,9.54212474822998,0.0,4.234890460968018,-52.05238342285156,-53.01180648803711,-1.3821948766708374,2.3416152000427246,91.05214471078307,9.54212474822998,29.246421813964844
run_1779973890_d455f8ed,1779974743.5521433,18.0,227.0,6.0,9.45367431640625,0.0,4.135383605957031,-52.11027145385742,-52.52041244506836,-1.8462274074554443,2.2563669681549072,89.37195808067918,9.45367431640625,29.246421813964844
run_1779973890_d455f8ed,1779974745.5451674,18.0,227.0,6.0,9.232601165771484,0.0,3.8866770267486572,-51.203269958496094,-51.29222869873047,-2.3031179904937744,2.3920769691467285,85.24092428620497,9.232601165771484,29.246421813964844
run_1779973890_d455f8ed,1779974747.547514,18.0,227.0,6.0,9.144145965576172,0.0,3.787163496017456,-51.25079345703125,-50.800811767578125,-2.752000093460083,2.30202317237854,83.61540543976298,9.144145965576172,29.246421813964844
run_1779973890_d455f8ed,1779974749.558093,18.0,227.0,6.0,9.01148796081543,0.0,3.6379237174987793,-50.96919631958008,-50.06382369995117,-3.1950395107269287,2.2896676063537598,81.20691526792143,9.01148796081543,29.246421813964844
run_1779973890_d455f8ed,1779974751.5508773,18.0,227.0,6.0,8.878865242004395,0.0,3.4887235164642334,-50.680267333984375,-49.327030181884766,-3.6315863132476807,2.278350830078125,78.83424798567376,8.878865242004395,29.246421813964844
run_1779973890_d455f8ed,1779974753.546656,18.0,227.0,6.0,8.702033996582031,0.0,3.289788246154785,-50.06557083129883,-48.34463119506836,-4.060991287231445,2.340054512023926,75.72539567766944,8.702033996582031,29.246421813964844
run_1779973890_d455f8ed,1779974755.5562713,18.0,227.0,6.0,8.61362361907959,0.0,3.190326690673828,-50.08247375488281,-47.85346221923828,-4.483903408050537,2.2548928260803223,74.19451185116577,8.61362361907959,29.246421813964844
run_1779973890_d455f8ed,1779974757.5477526,18.0,227.0,6.0,8.436765670776367,0.0,2.991361379623413,-49.452369689941406,-46.87091827392578,-4.900324821472168,2.318875789642334,71.1790149835906,8.436765670776367,29.246421813964844
run_1779973890_d455f8ed,1779974759.5558598,18.0,227.0,6.0,8.348362922668457,0.0,2.8919076919555664,-49.45240020751953,-46.37979507446289,-5.311123847961426,2.238518476486206,69.69516348858542,8.348362922668457,29.246421813964844
run_1779973890_d455f8ed,1779974761.547937,18.0,227.0,6.0,8.171565055847168,0.0,2.693010091781616,-48.80817413330078,-45.3975830078125,-5.714563846588135,2.303968667984009,66.77447546194253,8.171565055847168,29.246421813964844
run_1779973890_d455f8ed,1779974763.5582197,18.0,227.0,6.0,8.171565055847168,0.0,2.693010091781616,-49.42792510986328,-45.3975830078125,-6.1145405769348145,2.0841944217681885,66.77447546194253,8.171565055847168,29.246421813964844
run_1779973890_d455f8ed,1779974765.5498157,18.0,227.0,6.0,7.950559616088867,0.0,2.4443798065185547,-48.445125579833984,-44.16977310180664,-6.507380962371826,2.2320291996002197,63.211398208983155,7.950559616088867,29.246421813964844
run_1779973890_d455f8ed,1779974767.5453153,18.0,227.0,6.0,7.906372547149658,0.0,2.3946690559387207,-48.73024368286133,-43.924293518066406,-6.8954596519470215,2.0895135402679443,62.510726854321774,7.906372547149658,29.246421813964844
run_1779973890_d455f8ed,1779974769.5497022,18.0,227.0,6.0,7.729557991027832,0.0,2.195753335952759,-48.052940368652344,-42.94198989868164,-7.275961875915527,2.165011167526245,59.746066736662215,7.729557991027832,29.246421813964844
run_1779973890_d455f8ed,1779974771.5556018,18.0,227.0,6.0,7.597007751464844,0.0,2.04663348197937,-47.68699645996094,-42.20560073852539,-7.651061534881592,2.169663667678833,57.71452677581692,7.597007751464844,29.246421813964844
run_1779973890_d455f8ed,1779974773.5483735,18.0,227.0,6.0,7.464449882507324,0.0,1.8975062370300293,-47.311973571777344,-41.46916580200195,-8.020971298217773,2.178161859512329,55.718012048463606,7.464449882507324,29.246421813964844
run_1779973890_d455f8ed,1779974775.5442932,18.0,227.0,6.0,7.376034259796143,0.0,1.798038363456726,-47.250892639160156,-40.977970123291016,-8.384171485900879,2.1112475395202637,54.40588140168643,7.376034259796143,29.246421813964844
run_1779973890_d455f8ed,1779974777.5516849,18.0,227.0,6.0,7.199294090270996,0.0,1.5992058515548706,-46.5473518371582,-39.99607849121094,-8.740021705627441,2.188746929168701,51.82983539821089,7.199294090270996,29.246421813964844
run_1779973890_d455f8ed,1779974779.547161,18.0,227.0,6.0,7.110928535461426,0.0,1.4997944831848145,-46.47466278076172,-39.50516128540039,-9.09024429321289,2.1207435131073,50.56530463643958,7.110928535461426,29.246421813964844
run_1779973890_d455f8ed,1779974781.5449526,18.0,227.0,6.0,6.978363037109375,0.0,1.350658655166626,-46.07691955566406,-38.76868438720703,-9.433768272399902,2.125535011291504,48.69755067769438,6.978363037109375,29.246421813964844
run_1779973890_d455f8ed,1779974783.5493855,18.0,227.0,6.0,6.93419075012207,0.0,1.3009644746780396,-46.30439758300781,-38.523284912109375,-9.774267196655273,1.9931541681289673,48.08300135907848,6.93419075012207,29.246421813964844
run_1779973890_d455f8ed,1779974785.555058,18.0,227.0,6.0,6.757449150085449,0.0,1.1021301746368408,-45.56982421875,-37.5413818359375,-10.107622146606445,2.07918119430542,45.66311901599056,6.757449150085449,29.246421813964844
run_1779973890_d455f8ed,1779974787.5484004,18.0,227.0,6.0,6.66909646987915,0.0,1.0027337074279785,-45.46514892578125,-37.050537109375,-10.436223030090332,2.0216081142425537,44.476847724554545,6.66909646987915,29.246421813964844
run_1779973890_d455f8ed,1779974789.5543513,18.0,227.0,6.0,6.5807342529296875,0.0,0.9033257961273193,-45.354400634765625,-36.559635162353516,-10.758772850036621,1.9640088081359863,43.30606330768205,6.5807342529296875,29.246421813964844
run_1779973890_d455f8ed,1779974791.5460603,18.0,227.0,6.0,6.448222637176514,0.0,0.7542498707771301,-44.913326263427734,-35.82345962524414,-11.077643394470215,1.9877738952636719,41.57957517859563,6.448222637176514,29.246421813964844
run_1779973890_d455f8ed,1779974793.5535622,18.0,227.0,6.0,6.35984992980957,0.0,0.654830813407898,-44.78453826904297,-35.33250045776367,-11.391103744506836,1.93906569480896,40.447691129698796,6.35984992980957,29.246421813964844
run_1779973890_d455f8ed,1779974795.5499017,18.0,227.0,6.0,6.227333068847656,0.0,0.5057496428489685,-44.330238342285156,-34.59629440307617,-11.699163436889648,1.965218424797058,38.77967715036357,6.227333068847656,29.246421813964844
run_1779973890_d455f8ed,1779974797.544253,18.0,227.0,6.0,6.0948357582092285,0.0,0.35669058561325073,-43.869964599609375,-33.860198974609375,-12.001603126525879,1.9918378591537476,37.14702291954586,6.0948357582092285,29.246421813964844
run_1779973890_d455f8ed,1779974799.5535696,18.0,227.0,6.0,6.006490707397461,0.0,0.257302463054657,-43.724571228027344,-33.36939239501953,-12.29776382446289,1.9425842761993408,36.07793061805205,6.006490707397461,29.246421813964844
run_1779973890_d455f8ed,1779974801.5455954,18.0,227.0,6.0,5.873990535736084,0.0,0.10823900997638702,-43.24738693237305,-32.63328170776367,-12.591117858886719,1.9770115613937378,34.50376481391709,5.873990535736084,29.246421813964844
run_1779973890_d455f8ed,1779974803.558389,18.0,227.0,6.0,5.873990535736084,0.0,0.10823900997638702,-43.723506927490234,-32.63328170776367,-12.878650665283203,1.7884254455566406,34.50376481391709,5.873990535736084,29.246421813964844
run_1779973890_d455f8ed,1779974805.551135,18.0,227.0,6.0,5.697328090667725,0.0,-0.09050619602203369,-42.9180793762207,-31.65182113647461,-13.160118103027344,1.893861174583435,32.45954737271154,5.697328090667725,29.246421813964844
run_1779973890_d455f8ed,1779974807.5458515,18.0,227.0,6.0,5.653160095214844,0.0,-0.14019477367401123,-43.06077575683594,-31.406444549560547,-13.437906265258789,1.783573031425476,31.9582190621295,5.653160095214844,29.246421813964844
run_1779973890_d455f8ed,1779974809.557579,18.0,227.0,6.0,5.432346343994141,0.0,-0.3886098265647888,-41.92535400390625,-30.179702758789062,-13.708341598510742,1.9626909494400024,29.510386801106506,5.432346343994141,29.246421813964844
run_1779973890_d455f8ed,1779974811.5493731,18.0,227.0,6.0,5.432346343994141,0.0,-0.3886098265647888,-42.37847137451172,-30.179702758789062,-13.974237442016602,1.7754707336425781,29.510386801106506,5.432346343994141,29.246421813964844
run_1779973890_d455f8ed,1779974813.5557435,18.0,227.0,6.0,5.211578845977783,0.0,-0.6369737386703491,-41.22899627685547,-28.953214645385742,-14.235174179077148,1.9593920707702637,27.160554067843123,5.211578845977783,29.246421813964844
run_1779973890_d455f8ed,1779974815.5470324,18.0,227.0,6.0,5.1674323081970215,0.0,-0.6866382360458374,-41.35433578491211,-28.707958221435547,-14.489194869995117,1.8428189754486084,26.702356659798397,5.1674323081970215,29.246421813964844
run_1779973890_d455f8ed,1779974817.5544238,18.0,227.0,6.0,5.03494119644165,0.0,-0.8356907963752747,-40.832584381103516,-27.97189712524414,-14.738884925842285,1.878196358680725,25.350632851625278,5.03494119644165,29.246421813964844
run_1779973890_d455f8ed,1779974819.5474374,18.0,227.0,6.0,4.94664192199707,0.0,-0.9350281953811646,-40.624794006347656,-27.48134422302246,-14.983159065246582,1.839709997177124,24.46926630445887,4.94664192199707,29.246421813964844
run_1779973890_d455f8ed,1779974821.5534542,18.0,227.0,6.0,4.8141889572143555,0.0,-1.08403742313385,-40.089237213134766,-26.745494842529297,-15.223339080810547,1.8795974254608154,23.176415315764643,4.8141889572143555,29.246421813964844
run_1779973890_d455f8ed,1779974823.5602274,18.0,227.0,6.0,4.8141889572143555,0.0,-1.08403742313385,-40.50417709350586,-26.745494842529297,-15.458986282348633,1.7003039121627808,23.176415315764643,4.8141889572143555,29.246421813964844
run_1779973890_d455f8ed,1779974825.5556645,18.0,227.0,6.0,4.593454360961914,0.0,-1.3323642015457153,-39.317501068115234,-25.51919174194336,-15.689653396606445,1.891343355178833,21.099822966240026,4.593454360961914,29.246421813964844
run_1779973890_d455f8ed,1779974827.5483744,18.0,227.0,6.0,4.505138397216797,0.0,-1.431719183921814,-39.089237213134766,-25.028547286987305,-15.912321090698242,1.851629614830017,20.29627197807713,4.505138397216797,29.246421813964844
run_1779973890_d455f8ed,1779974829.5591571,18.0,227.0,6.0,4.416855335235596,0.0,-1.5310379266738892,-38.85205841064453,-24.538084030151367,-16.1311092376709,1.8171336650848389,19.508611052399147,4.416855335235596,29.246421813964844
run_1779973890_d455f8ed,1779974831.5556662,18.0,227.0,6.0,4.284426689147949,0.0,-1.6800205707550049,-38.291656494140625,-23.802371978759766,-16.34406089782715,1.8547767400741577,18.356312054683258,4.284426689147949,29.246421813964844
run_1779973890_d455f8ed,1779974833.5492835,18.0,227.0,6.0,4.152003765106201,0.0,-1.828996181488037,-37.72533416748047,-23.066688537597656,-16.55182456970215,1.8931795358657837,17.23913526545607,4.152003765106201,29.246421813964844
run_1779973890_d455f8ed,1779974835.5535989,18.0,227.0,6.0,4.107860088348389,0.0,-1.8786572217941284,-37.792503356933594,-22.82144546508789,-16.75397491455078,1.7829176187515259,16.87451450544563,4.107860088348389,29.246421813964844
run_1779973890_d455f8ed,1779974837.5591228,18.0,227.0,6.0,3.975431442260742,0.0,-2.027639389038086,-37.213623046875,-22.085731506347656,-16.95180892944336,1.8239126205444336,15.804055152115325,3.975431442260742,29.246421813964844
run_1779973890_d455f8ed,1779974839.5516849,18.0,227.0,6.0,3.843038320541382,0.0,-2.176582098007202,-36.62953186035156,-21.35021209716797,-17.144447326660156,1.865123987197876,14.768943533149525,3.843038320541382,29.246421813964844
run_1779973890_d455f8ed,1779974841.5578263,18.0,227.0,6.0,3.6664979457855225,0.0,-2.3751895427703857,-35.727108001708984,-20.36943244934082,-17.329103469848633,1.9714288711547852,13.443207186449456,3.6664979457855225,29.246421813964844
run_1779973890_d455f8ed,1779974843.5557911,18.0,227.0,6.0,3.622361421585083,0.0,-2.4248435497283936,-35.777034759521484,-20.124229431152344,-17.507919311523438,1.8551151752471924,13.121502268587903,3.622361421585083,29.246421813964844
run_1779973890_d455f8ed,1779974845.5471783,18.0,227.0,6.0,3.534104585647583,0.0,-2.524132490158081,-35.50012969970703,-19.633914947509766,-17.682188034057617,1.8159723281860352,12.489895222295274,3.534104585647583,29.246421813964844
run_1779973890_d455f8ed,1779974847.5579808,18.0,227.0,6.0,3.401700973510742,0.0,-2.673086166381836,-34.89360427856445,-18.898340225219727,-17.853221893310547,1.857958197593689,11.571569513183931,3.401700973510742,29.246421813964844
run_1779973890_d455f8ed,1779974849.5485897,18.0,227.0,6.0,3.225202798843384,0.0,-2.8716466426849365,-33.96918487548828,-17.91779327392578,-18.01626968383789,1.964879035949707,10.401933093667196,3.225202798843384,29.246421813964844
run_1779973890_d455f8ed,1779974851.5517077,18.0,227.0,6.0,3.181072950363159,0.0,-2.921293020248413,-33.9969367980957,-17.67262840270996,-18.17348861694336,1.8491793870925903,10.119225115532174,3.181072950363159,29.246421813964844
run_1779973890_d455f8ed,1779974853.5574176,18.0,227.0,6.0,3.0045735836029053,0.0,-3.119854688644409,-33.057899475097656,-16.692075729370117,-18.327035903930664,1.961209774017334,9.027462419284404,3.0045735836029053,29.246421813964844
run_1779973890_d455f8ed,1779974855.5561893,18.0,227.0,6.0,2.916349172592163,0.0,-3.219106912612915,-32.75722122192383,-16.201940536499023,-18.472814559936523,1.9175323247909546,8.505092496478994,2.916349172592163,29.246421813964844
run_1779973890_d455f8ed,1779974857.5458114,18.0,227.0,6.0,2.7839462757110596,0.0,-3.368060350418091,-32.13304901123047,-15.466367721557617,-18.61232566833496,1.9456431865692139,7.750356866045479,2.7839462757110596,29.246421813964844
run_1779973890_d455f8ed,1779974859.5571778,18.0,227.0,6.0,2.6957290172576904,0.0,-3.4673049449920654,-31.820117950439453,-14.976271629333496,-18.747285842895508,1.903438925743103,7.266954934485113,2.6957290172576904,29.246421813964844
run_1779973890_d455f8ed,1779974861.5494516,18.0,227.0,6.0,2.519273042678833,0.0,-3.665817975997925,-30.862812042236328,-13.995962142944336,-18.877071380615234,2.010223865509033,6.346736663568265,2.519273042678833,29.246421813964844
run_1779973890_d455f8ed,1779974863.5457578,18.0,227.0,6.0,2.4751534461975098,0.0,-3.715452194213867,-30.86041259765625,-13.750852584838867,-18.999740600585938,1.8901824951171875,6.126384582223409,2.4751534461975098,29.246421813964844
run_1779973890_d455f8ed,1779974865.5543358,18.0,227.0,6.0,2.386930227279663,0.0,-3.8147032260894775,-30.530941009521484,-13.260724067687988,-19.117862701416016,1.8476420640945435,5.697435909901344,2.386930227279663,29.246421813964844
run_1779973890_d455f8ed,1779974867.5461898,18.0,227.0,6.0,2.254566192626953,0.0,-3.9636125564575195,-29.87735366821289,-12.525367736816406,-19.230154037475586,1.8781689405441284,5.0830687169363955,2.254566192626953,29.246421813964844
run_1779973890_d455f8ed,1779974869.5542247,18.0,227.0,6.0,2.166349411010742,0.0,-4.062856674194336,-29.53599739074707,-12.035274505615234,-19.337486267089844,1.8367637395858765,4.69306977058659,2.166349411010742,29.246421813964844
run_1779973890_d455f8ed,1779974871.5454738,18.0,227.0,6.0,2.0781373977661133,0.0,-4.162095546722412,-29.188274383544922,-11.545207977294922,-19.439634323120117,1.7965670824050903,4.318655043994113,2.0781373977661133,29.246421813964844
run_1779973890_d455f8ed,1779974873.553367,18.0,227.0,6.0,1.9458293914794922,0.0,-4.310941696166992,-28.51519012451172,-10.810163497924805,-19.536823272705078,1.8317958116531372,3.786252020745451,1.9458293914794922,29.246421813964844
run_1779973890_d455f8ed,1779974875.7489114,1.0,909.0,49.0,1.8134989738464355,0.0,-4.459813594818115,-100.0,-100.0,-19.546348571777344,40.0,3.2887785281420747,1.8134989738464355,29.246421813964844
run_1779973890_d455f8ed,1779974877.5477629,1.0,909.0,49.0,1.7252821922302246,0.0,-4.559057712554932,-100.0,-100.0,-19.546348571777344,40.0,2.9765986428267297,1.7252821922302246,29.246421813964844
run_1779973890_d455f8ed,1779974879.5555232,1.0,909.0,49.0,1.5929765701293945,0.0,-4.707901477813721,-100.0,-100.0,-19.546348571777344,40.0,2.53757435298121,1.5929765701293945,29.246421813964844
run_1779973890_d455f8ed,1779974881.5466053,1.0,909.0,49.0,1.5488848686218262,0.0,-4.757504463195801,-100.0,-100.0,-19.546348571777344,40.0,2.3990443362456517,1.5488848686218262,29.246421813964844
run_1779973890_d455f8ed,1779974883.553079,1.0,909.0,49.0,1.4165730476379395,0.0,-4.906355381011963,-100.0,-100.0,-19.546348571777344,40.0,2.00667919929424,1.4165730476379395,29.246421813964844
run_1779973890_d455f8ed,1779974885.5470755,1.0,909.0,49.0,1.3283824920654297,0.0,-5.0055694580078125,-100.0,-100.0,-19.546348571777344,40.0,1.7646000452259614,1.3283824920654297,29.246421813964844
run_1779973890_d455f8ed,1779974887.5591629,1.0,909.0,49.0,1.240194320678711,0.0,-5.104781150817871,-100.0,-100.0,-19.546348571777344,40.0,1.5380819530437293,1.240194320678711,29.246421813964844
run_1779973890_d455f8ed,1779974889.546079,1.0,909.0,49.0,1.1960945129394531,0.0,-5.154393672943115,-99.34001159667969,-100.0,-19.73055648803711,40.0,1.4306420838838676,1.1960945129394531,29.246421813964844
run_1779973890_d455f8ed,1779974891.5577579,1.0,909.0,49.0,1.0197148323059082,0.0,-5.352820873260498,-81.93611145019531,-100.0,-19.964616775512695,40.0,1.0398183392246665,1.0197148323059082,29.246421813964844
run_1779973890_d455f8ed,1779974893.5500188,1.0,909.0,49.0,0.9756040573120117,0.0,-5.4024457931518555,-77.7445297241211,-97.56040954589844,-20.184125900268555,40.0,0.951803276643659,0.9756040573120117,29.246421813964844
run_1779973890_d455f8ed,1779974895.556504,1.0,909.0,49.0,0.7992668151855469,0.0,-5.60082483291626,-60.30219650268555,-79.92668151855469,-20.375511169433594,40.0,0.6388274418568471,0.7992668151855469,29.246421813964844
run_1779973890_d455f8ed,1779974897.5494952,1.0,909.0,49.0,0.7551732063293457,0.0,-5.650430202484131,-56.0638427734375,-75.51731872558594,-20.54651641845703,40.0,0.5702865715577445,0.7551732063293457,29.246421813964844
run_1779973890_d455f8ed,1779974899.5460758,1.0,909.0,49.0,0.578819751739502,0.0,-5.848827838897705,-38.571353912353516,-57.88197326660156,-20.689382553100586,40.0,0.3350323050037787,0.578819751739502,29.246421813964844
run_1779973890_d455f8ed,1779974901.553744,1.0,909.0,49.0,0.5347304344177246,0.0,-5.898428440093994,-34.28492736816406,-53.473045349121094,-20.811885833740234,40.0,0.2859366374925685,0.5347304344177246,29.246421813964844
run_1779973890_d455f8ed,1779974903.5460665,1.0,909.0,49.0,0.35839080810546875,0.0,-6.096810340881348,-16.745344161987305,-35.839080810546875,-20.90626335144043,40.0,0.12844397133449093,0.35839080810546875,29.246421813964844
run_1779973890_d455f8ed,1779974905.5567994,1.0,909.0,49.0,0.3143186569213867,0.0,-6.14639139175415,-12.412139892578125,-31.431865692138672,-20.98027801513672,40.0,0.09879621808886441,0.3143186569213867,29.246421813964844
run_1779973890_d455f8ed,1779974907.5592065,1.0,909.0,49.0,0.13799333572387695,0.0,-6.344757556915283,5.17449951171875,-13.799333572387695,-21.026166915893555,40.0,0.019042160704202615,0.13799333572387695,29.246421813964844
run_1779973890_d455f8ed,1779974909.5537322,1.0,909.0,49.0,0.09392404556274414,0.0,-6.3943352699279785,9.555917739868164,-9.392404556274414,-21.051677703857422,40.0,0.008821726334872437,0.09392404556274414,29.246421813964844
run_1779973890_d455f8ed,1779974911.5471003,1.0,909.0,49.0,-0.038336753845214844,0.0,-6.543128967285156,22.78095245361328,3.8336753845214844,-21.052724838256836,40.0,0.001469706695388595,0.038336753845214844,29.246421813964844
run_1779973890_d455f8ed,1779974913.557316,1.0,909.0,49.0,-0.08241701126098633,0.0,-6.592719078063965,27.22886848449707,8.241701126098633,-21.012834548950195,40.0,0.006792563745193547,0.08241701126098633,29.246421813964844
run_1779973890_d455f8ed,1779974915.5470018,1.0,909.0,49.0,-0.21464109420776367,0.0,-6.741471290588379,40.53194046020508,21.464109420776367,-20.932170867919922,40.0,0.04607079932270608,0.21464109420776367,29.246421813964844
run_1779973890_d455f8ed,1779974917.5531936,1.0,909.0,49.0,-0.170562744140625,0.0,-6.691883087158203,36.25136184692383,17.0562744140625,-20.804914474487305,40.0,0.029091649688780308,0.170562744140625,29.246421813964844
run_1779973890_d455f8ed,1779974919.5474668,1.0,909.0,49.0,-0.3027677536010742,0.0,-6.84061336517334,49.61659622192383,30.276775360107422,-20.660179138183594,40.0,0.09166831262064079,0.3027677536010742,29.246421813964844
run_1779973890_d455f8ed,1779974921.5578954,1.0,909.0,49.0,-0.3027677536010742,0.0,-6.84061336517334,49.816627502441406,30.276775360107422,-20.460145950317383,40.0,0.09166831262064079,0.3027677536010742,29.246421813964844
run_1779973890_d455f8ed,1779974923.548242,1.0,909.0,49.0,-0.25869035720825195,0.0,-6.791026592254639,45.58271789550781,25.869035720825195,-20.286317825317383,40.0,0.066920700912533,0.25869035720825195,29.246421813964844
run_1779973890_d455f8ed,1779974925.5556157,1.0,909.0,49.0,-0.21464109420776367,0.0,-6.741471290588379,41.334163665771484,21.464109420776367,-20.129945755004883,40.0,0.04607079932270608,0.21464109420776367,29.246421813964844
run_1779973890_d455f8ed,1779974927.5466886,1.0,909.0,49.0,-0.170562744140625,0.0,-6.691883087158203,37.041927337646484,17.0562744140625,-20.01434898376465,40.0,0.029091649688780308,0.170562744140625,29.246421813964844
run_1779973890_d455f8ed,1779974929.5559726,1.0,909.0,49.0,-0.170562744140625,0.0,-6.691883087158203,37.15460968017578,17.0562744140625,-19.90166664123535,40.0,0.029091649688780308,0.170562744140625,29.246421813964844
run_1779973890_d455f8ed,1779974931.5455194,1.0,909.0,49.0,0.005744457244873047,0.0,-6.493537425994873,19.578590393066406,-0.5744457244873047,-19.84696388244629,40.0,3.2998789038174436e-05,0.005744457244873047,29.246421813964844
run_1779973890_d455f8ed,1779974933.5507574,1.0,909.0,49.0,0.09392404556274414,0.0,-6.3943352699279785,6.194469451904297,-9.392404556274414,-19.8579158782959,35.44478988647461,0.008821726334872437,0.09392404556274414,29.246421813964844
run_1779973890_d455f8ed,1779974935.5476775,1.0,909.0,49.0,0.18207740783691406,0.0,-6.295163154602051,-26.693906784057617,-18.207740783691406,-19.888282775878906,11.402114868164062,0.033152182444609934,0.18207740783691406,29.246421813964844
run_1779973890_d455f8ed,1779974937.5534945,1.0,909.0,49.0,0.2702336311340332,0.0,-6.195987224578857,-57.29247283935547,-27.02336311340332,-19.93803596496582,-10.331075668334961,0.07302621539588472,0.2702336311340332,29.246421813964844
run_1779973890_d455f8ed,1779974939.5588093,1.0,909.0,49.0,0.4024643898010254,0.0,-6.047227382659912,-100.0,-40.246437072753906,-20.0081729888916,-40.0,0.1619775850579117,0.4024643898010254,29.246421813964844
run_1779973890_d455f8ed,1779974941.5542204,1.0,909.0,49.0,0.4024643898010254,0.0,-6.047227382659912,-97.2077407836914,-40.246437072753906,-20.096715927124023,-36.864585876464844,0.1619775850579117,0.4024643898010254,29.246421813964844
run_1779973890_d455f8ed,1779974943.5497105,1.0,909.0,49.0,0.49062681198120117,0.0,-5.948044776916504,-100.0,-49.06268310546875,-20.187198638916016,-40.0,0.24071466863483693,0.49062681198120117,29.246421813964844
run_1779973890_d455f8ed,1779974945.5606105,1.0,909.0,49.0,0.5347304344177246,0.0,-5.898428440093994,-100.0,-53.473045349121094,-20.30000114440918,-40.0,0.2859366374925685,0.5347304344177246,29.246421813964844
run_1779973890_d455f8ed,1779974947.5518484,1.0,909.0,49.0,0.5347304344177246,0.0,-5.898428440093994,-100.0,-53.473045349121094,-20.417659759521484,-40.0,0.2859366374925685,0.5347304344177246,29.246421813964844
run_1779973890_d455f8ed,1779974949.5479808,1.0,909.0,49.0,0.49062681198120117,0.0,-5.948044776916504,-100.0,-49.06268310546875,-20.53046226501465,-38.71928405761719,0.24071466863483693,0.49062681198120117,29.246421813964844
run_1779973890_d455f8ed,1779974951.5540845,1.0,909.0,49.0,0.44655275344848633,0.0,-5.997628211975098,-90.19583129882812,-44.6552734375,-20.63162612915039,-24.908937454223633,0.19940936161242462,0.44655275344848633,29.246421813964844
run_1779973890_d455f8ed,1779974953.5444002,1.0,909.0,49.0,0.44655275344848633,0.0,-5.997628211975098,-87.91805267333984,-44.6552734375,-20.72988510131836,-22.532888412475586,0.19940936161242462,0.44655275344848633,29.246421813964844
run_1779973890_d455f8ed,1779974955.555142,1.0,909.0,49.0,0.35839080810546875,0.0,-6.096810340881348,-56.1786994934082,-35.839080810546875,-20.82037353515625,0.4807526767253876,0.12844397133449093,0.35839080810546875,29.246421813964844
run_1779973890_d455f8ed,1779974957.5513334,1.0,909.0,49.0,0.35839080810546875,0.0,-6.096810340881348,-56.30341720581055,-35.839080810546875,-20.89923095703125,0.43489396572113037,0.12844397133449093,0.35839080810546875,29.246421813964844
run_1779973890_d455f8ed,1779974959.5581024,1.0,909.0,49.0,0.2702336311340332,0.0,-6.195987224578857,-27.3585147857666,-27.02336311340332,-20.964506149291992,20.62935447692871,0.07302621539588472,0.2702336311340332,29.246421813964844
run_1779973890_d455f8ed,1779974961.559116,1.0,909.0,49.0,0.18207740783691406,0.0,-6.295163154602051,0.08507668972015381,-18.207740783691406,-21.01426124572754,39.30707931518555,0.033152182444609934,0.18207740783691406,29.246421813964844
run_1779973890_d455f8ed,1779974963.550073,1.0,909.0,49.0,0.09392404556274414,0.0,-6.3943352699279785,9.555220603942871,-9.392404556274414,-21.05237579345703,40.0,0.008821726334872437,0.09392404556274414,29.246421813964844
run_1779973890_d455f8ed,1779974965.5503647,1.0,909.0,49.0,0.04982709884643555,0.0,-6.443944454193115,13.949105262756348,-4.982709884643555,-21.068185806274414,40.0,0.0024827397794524586,0.04982709884643555,29.246421813964844
run_1779973890_d455f8ed,1779974967.5571616,1.0,909.0,49.0,-0.038336753845214844,0.0,-6.543128967285156,22.76398277282715,3.8336753845214844,-21.06969451904297,40.0,0.001469706695388595,0.038336753845214844,29.246421813964844
run_1779973890_d455f8ed,1779974969.5597205,1.0,909.0,49.0,-0.08241701126098633,0.0,-6.592719078063965,27.211898803710938,8.241701126098633,-21.029802322387695,40.0,0.006792563745193547,0.08241701126098633,29.246421813964844
run_1779973890_d455f8ed,1779974971.5533965,1.0,909.0,49.0,-0.12648344039916992,0.0,-6.642293930053711,31.658432006835938,12.648344039916992,-20.989912033081055,40.0,0.01599806069521037,0.12648344039916992,29.246421813964844
run_1779973890_d455f8ed,1779974973.554382,1.0,909.0,49.0,-0.12648344039916992,0.0,-6.642293930053711,31.74199676513672,12.648344039916992,-20.906347274780273,40.0,0.01599806069521037,0.12648344039916992,29.246421813964844
run_1779973890_d455f8ed,1779974975.5474226,1.0,909.0,49.0,-0.12648344039916992,0.0,-6.642293930053711,31.843032836914062,12.648344039916992,-20.80531120300293,40.0,0.01599806069521037,0.12648344039916992,29.246421813964844
run_1779973890_d455f8ed,1779974977.5481334,1.0,909.0,49.0,-0.12648344039916992,0.0,-6.642293930053711,31.926599502563477,12.648344039916992,-20.721744537353516,40.0,0.01599806069521037,0.12648344039916992,29.246421813964844
run_1779973890_d455f8ed,1779974979.5465758,1.0,909.0,49.0,-0.12648344039916992,0.0,-6.642293930053711,32.01016616821289,12.648344039916992,-20.638179779052734,40.0,0.01599806069521037,0.12648344039916992,29.246421813964844
run_1779973890_d455f8ed,1779974981.5559027,1.0,909.0,49.0,-0.12648344039916992,0.0,-6.642293930053711,32.09373092651367,12.648344039916992,-20.554615020751953,40.0,0.01599806069521037,0.12648344039916992,29.246421813964844
run_1779973890_d455f8ed,1779974983.5457215,1.0,909.0,49.0,-0.08241701126098633,0.0,-6.592719078063965,23.042335510253906,8.241701126098633,-20.491430282592773,35.29206466674805,0.006792563745193547,0.08241701126098633,29.246421813964844
run_1779973890_d455f8ed,1779974985.5594394,1.0,909.0,49.0,-0.038336753845214844,0.0,-6.543128967285156,4.781182289123535,3.8336753845214844,-20.445716857910156,21.39322280883789,0.001469706695388595,0.038336753845214844,29.246421813964844
run_1779973890_d455f8ed,1779974987.5599408,1.0,909.0,49.0,0.09392404556274414,0.0,-6.3943352699279785,-42.0953369140625,-9.392404556274414,-20.440933227539062,-12.261998176574707,0.008821726334872437,0.09392404556274414,29.246421813964844
run_1779973890_d455f8ed,1779974989.5546553,1.0,909.0,49.0,0.04982709884643555,0.0,-6.443944454193115,-25.997385025024414,-4.982709884643555,-20.458681106567383,-0.5559955835342407,0.0024827397794524586,0.04982709884643555,29.246421813964844
run_1779973890_d455f8ed,1779974991.5595818,1.0,909.0,49.0,0.13799333572387695,0.0,-6.344757556915283,-54.40200424194336,-13.799333572387695,-20.48904037475586,-20.113628387451172,0.019042160704202615,0.13799333572387695,29.246421813964844
run_1779973890_d455f8ed,1779974993.552415,1.0,909.0,49.0,0.18207740783691406,0.0,-6.295163154602051,-67.45832061767578,-18.207740783691406,-20.522314071655273,-28.728261947631836,0.033152182444609934,0.18207740783691406,29.246421813964844
run_1779973890_d455f8ed,1779974995.5488915,1.0,909.0,49.0,0.22616147994995117,0.0,-6.24556827545166,-79.9139633178711,-22.616147994995117,-20.563339233398438,-36.73447799682617,0.051149015013152166,0.22616147994995117,29.246421813964844
run_1779973890_d455f8ed,1779974997.558074,1.0,909.0,49.0,0.2702336311340332,0.0,-6.195987224578857,-87.6393814086914,-27.02336311340332,-20.616016387939453,-40.0,0.07302621539588472,0.2702336311340332,29.246421813964844
run_1779973890_d455f8ed,1779974999.5475268,1.0,909.0,49.0,0.22616147994995117,0.0,-6.24556827545166,-72.75482940673828,-22.616147994995117,-20.668691635131836,-29.469989776611328,0.051149015013152166,0.22616147994995117,29.246421813964844
run_1779973890_d455f8ed,1779975001.5595412,1.0,909.0,49.0,0.22616147994995117,0.0,-6.24556827545166,-70.60254669189453,-22.616147994995117,-20.712631225585938,-27.273765563964844,0.051149015013152166,0.22616147994995117,29.246421813964844
run_1779973890_d455f8ed,1779975003.5522807,1.0,909.0,49.0,0.18207740783691406,0.0,-6.295163154602051,-53.51624298095703,-18.207740783691406,-20.755599975585938,-14.552906036376953,0.033152182444609934,0.18207740783691406,29.246421813964844
run_1779973890_d455f8ed,1779975005.5471685,1.0,909.0,49.0,0.18207740783691406,0.0,-6.295163154602051,-52.16810607910156,-18.207740783691406,-20.795654296875,-13.164712905883789,0.033152182444609934,0.18207740783691406,29.246421813964844
run_1779973890_d455f8ed,1779975007.5517452,1.0,909.0,49.0,0.09392404556274414,0.0,-6.3943352699279785,-21.88840675354004,-9.392404556274414,-20.822128295898438,8.326127052307129,0.008821726334872437,0.09392404556274414,29.246421813964844
run_1779973890_d455f8ed,1779975009.5567062,1.0,909.0,49.0,0.005744457244873047,0.0,-6.493537425994873,6.580477714538574,-0.5744457244873047,-20.83115005493164,27.986072540283203,3.2998789038174436e-05,0.005744457244873047,29.246421813964844
run_1779973890_d455f8ed,1779975011.5511842,1.0,909.0,49.0,0.04982709884643555,0.0,-6.443944454193115,-10.62431526184082,-4.982709884643555,-20.839202880859375,15.19759750366211,0.0024827397794524586,0.04982709884643555,29.246421813964844
run_1779973890_d455f8ed,1779975013.5563514,1.0,909.0,49.0,-0.08241701126098633,0.0,-6.592719078063965,27.4169864654541,8.241701126098633,-20.82471466064453,40.0,0.006792563745193547,0.08241701126098633,29.246421813964844
run_1779973890_d455f8ed,1779975015.5492532,1.0,909.0,49.0,-0.12648344039916992,0.0,-6.642293930053711,31.898460388183594,12.648344039916992,-20.74988555908203,40.0,0.01599806069521037,0.12648344039916992,29.246421813964844
run_1779973890_d455f8ed,1779975017.5576553,1.0,909.0,49.0,-0.21464109420776367,0.0,-6.741471290588379,40.815269470214844,21.464109420776367,-20.648839950561523,40.0,0.04607079932270608,0.21464109420776367,29.246421813964844
run_1779973890_d455f8ed,1779975019.548992,1.0,909.0,49.0,-0.21464109420776367,0.0,-6.741471290588379,40.95709991455078,21.464109420776367,-20.50701141357422,40.0,0.04607079932270608,0.21464109420776367,29.246421813964844
run_1779973890_d455f8ed,1779975021.5568225,1.0,909.0,49.0,-0.21464109420776367,0.0,-6.741471290588379,41.09893035888672,21.464109420776367,-20.36518096923828,40.0,0.04607079932270608,0.21464109420776367,29.246421813964844
run_1779973890_d455f8ed,1779975023.5475888,1.0,909.0,49.0,-0.25869035720825195,0.0,-6.791026592254639,45.666046142578125,25.869035720825195,-20.202991485595703,40.0,0.066920700912533,0.25869035720825195,29.246421813964844
run_1779973890_d455f8ed,1779975025.554333,1.0,909.0,49.0,-0.170562744140625,0.0,-6.691883087158203,29.841514587402344,17.0562744140625,-20.049545288085938,32.83478546142578,0.029091649688780308,0.170562744140625,29.246421813964844
run_1779973890_d455f8ed,1779975027.547276,1.0,909.0,49.0,-0.21464109420776367,0.0,-6.741471290588379,41.54182052612305,21.464109420776367,-19.92228889465332,40.0,0.04607079932270608,0.21464109420776367,29.246421813964844
run_1779973890_d455f8ed,1779975029.5521178,1.0,909.0,49.0,-0.12648344039916992,0.0,-6.642293930053711,9.188599586486816,12.648344039916992,-19.832897186279297,16.373153686523438,0.01599806069521037,0.12648344039916992,29.246421813964844
run_1779973890_d455f8ed,1779975031.5499167,1.0,909.0,49.0,-0.08241701126098633,0.0,-6.592719078063965,-7.0308990478515625,8.241701126098633,-19.76388931274414,4.4912896156311035,0.006792563745193547,0.08241701126098633,29.246421813964844
run_1779973890_d455f8ed,1779975033.556304,1.0,909.0,49.0,0.09392404556274414,0.0,-6.3943352699279785,-65.39035034179688,-9.392404556274414,-19.771221160888672,-36.226722717285156,0.008821726334872437,0.09392404556274414,29.246421813964844
run_1779973890_d455f8ed,1779975035.561362,1.0,909.0,49.0,0.13799333572387695,0.0,-6.344757556915283,-73.5960693359375,-13.799333572387695,-19.79673194885254,-40.0,0.019042160704202615,0.13799333572387695,29.246421813964844
run_1779973890_d455f8ed,1779975037.549166,1.0,909.0,49.0,0.22616147994995117,0.0,-6.24556827545166,-82.44906616210938,-22.616147994995117,-19.83292007446289,-40.0,0.051149015013152166,0.22616147994995117,29.246421813964844
run_1779973890_d455f8ed,1779975039.553969,1.0,909.0,49.0,0.2702336311340332,0.0,-6.195987224578857,-86.91089630126953,-27.02336311340332,-19.88753318786621,-40.0,0.07302621539588472,0.2702336311340332,29.246421813964844
run_1779973890_d455f8ed,1779975041.546675,1.0,909.0,49.0,0.3143186569213867,0.0,-6.14639139175415,-91.3875961303711,-31.431865692138672,-19.955734252929688,-40.0,0.09879621808886441,0.3143186569213867,29.246421813964844
run_1779973890_d455f8ed,1779975043.555156,1.0,909.0,49.0,0.3143186569213867,0.0,-6.14639139175415,-91.45677185058594,-31.431865692138672,-20.024904251098633,-40.0,0.09879621808886441,0.3143186569213867,29.246421813964844
run_1779973890_d455f8ed,1779975045.5586648,1.0,909.0,49.0,0.2702336311340332,0.0,-6.195987224578857,-87.10869598388672,-27.02336311340332,-20.085330963134766,-40.0,0.07302621539588472,0.2702336311340332,29.246421813964844
run_1779973890_d455f8ed,1779975047.5533173,1.0,909.0,49.0,0.2702336311340332,0.0,-6.195987224578857,-87.16815185546875,-27.02336311340332,-20.144786834716797,-40.0,0.07302621539588472,0.2702336311340332,29.246421813964844
run_1779973890_d455f8ed,1779975049.5589182,1.0,909.0,49.0,0.22616147994995117,0.0,-6.24556827545166,-70.57914733886719,-22.616147994995117,-20.195526123046875,-27.76747703552246,0.051149015013152166,0.22616147994995117,29.246421813964844
run_1779973890_d455f8ed,1779975051.5455122,1.0,909.0,49.0,0.22616147994995117,0.0,-6.24556827545166,-67.9802017211914,-22.616147994995117,-20.245296478271484,-25.118755340576172,0.051149015013152166,0.22616147994995117,29.246421813964844
run_1779973890_d455f8ed,1779975053.5557363,1.0,909.0,49.0,0.13799333572387695,0.0,-6.344757556915283,-36.14243698120117,-13.799333572387695,-20.28535270690918,-2.057751178741455,0.019042160704202615,0.13799333572387695,29.246421813964844
run_1779973890_d455f8ed,1779975055.5497465,1.0,909.0,49.0,0.13799333572387695,0.0,-6.344757556915283,-35.97651672363281,-13.799333572387695,-20.31572151184082,-1.8614635467529297,0.019042160704202615,0.13799333572387695,29.246421813964844
run_1779973890_d455f8ed,1779975057.5566208,1.0,909.0,49.0,0.005744457244873047,0.0,-6.493537425994873,7.996523380279541,-0.5744457244873047,-20.32765769958496,28.89862632751465,3.2998789038174436e-05,0.005744457244873047,29.246421813964844
run_1779973890_d455f8ed,1779975059.552604,1.0,909.0,49.0,0.005744457244873047,0.0,-6.493537425994873,5.238649368286133,-0.5744457244873047,-20.328908920288086,26.142004013061523,3.2998789038174436e-05,0.005744457244873047,29.246421813964844
run_1779973890_d455f8ed,1779975061.5597801,1.0,909.0,49.0,-0.12648344039916992,0.0,-6.642293930053711,32.3712272644043,12.648344039916992,-20.277118682861328,40.0,0.01599806069521037,0.12648344039916992,29.246421813964844
run_1779973890_d455f8ed,1779975063.5500357,1.0,909.0,49.0,-0.170562744140625,0.0,-6.691883087158203,36.877281188964844,17.0562744140625,-20.17899513244629,40.0,0.029091649688780308,0.170562744140625,29.246421813964844
run_1779973890_d455f8ed,1779975065.548156,1.0,909.0,49.0,-0.21464109420776367,0.0,-6.741471290588379,41.42403030395508,21.464109420776367,-20.04007911682129,40.0,0.04607079932270608,0.21464109420776367,29.246421813964844
run_1779973890_d455f8ed,1779975067.5586638,1.0,909.0,49.0,-0.25869035720825195,0.0,-6.791026592254639,45.985328674316406,25.869035720825195,-19.88370704650879,40.0,0.066920700912533,0.25869035720825195,29.246421813964844
run_1779973890_d455f8ed,1779975069.5474508,1.0,909.0,49.0,-0.25869035720825195,0.0,-6.791026592254639,46.156246185302734,25.869035720825195,-19.712791442871094,40.0,0.066920700912533,0.25869035720825195,29.246421813964844
run_1779973890_d455f8ed,1779975071.5598602,1.0,909.0,49.0,-0.25869035720825195,0.0,-6.791026592254639,46.32716369628906,25.869035720825195,-19.541873931884766,40.0,0.066920700912533,0.25869035720825195,29.246421813964844
run_1779973890_d455f8ed,1779975073.548012,1.0,909.0,49.0,-0.21464109420776367,0.0,-6.741471290588379,42.06697463989258,21.464109420776367,-19.397136688232422,40.0,0.04607079932270608,0.21464109420776367,29.246421813964844
run_1779973890_d455f8ed,1779975075.5549452,1.0,909.0,49.0,-0.12648344039916992,0.0,-6.642293930053711,9.2058687210083,12.648344039916992,-19.284439086914062,15.841963768005371,0.01599806069521037,0.12648344039916992,29.246421813964844
run_1779973890_d455f8ed,1779975077.548853,1.0,909.0,49.0,-0.08241701126098633,0.0,-6.592719078063965,-6.568957328796387,8.241701126098633,-19.227079391479492,4.4164204597473145,0.006792563745193547,0.08241701126098633,29.246421813964844
run_1779973890_d455f8ed,1779975079.556479,1.0,909.0,49.0,-0.038336753845214844,0.0,-6.543128967285156,-21.68164825439453,3.8336753845214844,-19.18718719482422,-6.328135013580322,0.001469706695388595,0.038336753845214844,29.246421813964844
run_1779973890_d455f8ed,1779975081.552526,1.0,909.0,49.0,0.04982709884643555,0.0,-6.443944454193115,-50.131954193115234,-4.982709884643555,-19.187265396118164,-25.96197509765625,0.0024827397794524586,0.04982709884643555,29.246421813964844
run_1779973890_d455f8ed,1779975083.55788,1.0,909.0,49.0,0.09392404556274414,0.0,-6.3943352699279785,-62.40814208984375,-9.392404556274414,-19.203075408935547,-33.81266403198242,0.008821726334872437,0.09392404556274414,29.246421813964844
run_1779973890_d455f8ed,1779975085.5516822,1.0,909.0,49.0,0.13799333572387695,0.0,-6.344757556915283,-73.02986145019531,-13.799333572387695,-19.23052978515625,-40.0,0.019042160704202615,0.13799333572387695,29.246421813964844
run_1779973890_d455f8ed,1779975087.546338,1.0,909.0,49.0,0.18207740783691406,0.0,-6.295163154602051,-77.4734878540039,-18.207740783691406,-19.2657413482666,-40.0,0.033152182444609934,0.18207740783691406,29.246421813964844
run_1779973890_d455f8ed,1779975089.5575302,1.0,909.0,49.0,0.18207740783691406,0.0,-6.295163154602051,-77.51354217529297,-18.207740783691406,-19.305795669555664,-40.0,0.033152182444609934,0.18207740783691406,29.246421813964844
run_1779973890_d455f8ed,1779975091.5593224,1.0,909.0,49.0,0.18207740783691406,0.0,-6.295163154602051,-76.1330337524414,-18.207740783691406,-19.345849990844727,-38.57944107055664,0.033152182444609934,0.18207740783691406,29.246421813964844
run_1779973890_d455f8ed,1779975093.5528908,1.0,909.0,49.0,0.18207740783691406,0.0,-6.295163154602051,-71.87149047851562,-18.207740783691406,-19.391733169555664,-34.27201461791992,0.033152182444609934,0.18207740783691406,29.246421813964844
run_1779973890_d455f8ed,1779975095.549022,1.0,909.0,49.0,0.13799333572387695,0.0,-6.344757556915283,-53.904937744140625,-13.799333572387695,-19.426944732666016,-20.678661346435547,0.019042160704202615,0.13799333572387695,29.246421813964844
run_1779973890_d455f8ed,1779975097.5581706,1.0,909.0,49.0,0.09392404556274414,0.0,-6.3943352699279785,-37.43321990966797,-9.392404556274414,-19.450511932373047,-8.590300559997559,0.008821726334872437,0.09392404556274414,29.246421813964844
run_1779973890_d455f8ed,1779975099.5465229,1.0,909.0,49.0,0.04982709884643555,0.0,-6.443944454193115,-21.892723083496094,-4.982709884643555,-19.46632194519043,2.5563089847564697,0.0024827397794524586,0.04982709884643555,29.246421813964844
run_1779973890_d455f8ed,1779975101.5482721,1.0,909.0,49.0,-0.038336753845214844,0.0,-6.543128967285156,7.54309606552124,3.8336753845214844,-19.467830657958984,23.1772518157959,0.001469706695388595,0.038336753845214844,29.246421813964844
run_1779973890_d455f8ed,1779975103.5605128,1.0,909.0,49.0,-0.038336753845214844,0.0,-6.543128967285156,5.357562065124512,3.8336753845214844,-19.4424991607666,20.966384887695312,0.001469706695388595,0.038336753845214844,29.246421813964844
run_1779973890_d455f8ed,1779975105.5548086,1.0,909.0,49.0,-0.12648344039916992,0.0,-6.642293930053711,33.23699951171875,12.648344039916992,-19.41134262084961,40.0,0.01599806069521037,0.12648344039916992,29.246421813964844
run_1779973890_d455f8ed,1779975107.5606458,1.0,909.0,49.0,-0.170562744140625,0.0,-6.691883087158203,37.73723220825195,17.0562744140625,-19.319042205810547,40.0,0.029091649688780308,0.170562744140625,29.246421813964844
run_1779973890_d455f8ed,1779975109.5528483,1.0,909.0,49.0,-0.25869035720825195,0.0,-6.791026592254639,46.66849899291992,25.869035720825195,-19.200536727905273,40.0,0.066920700912533,0.25869035720825195,29.246421813964844
run_1779973890_d455f8ed,1779975111.5468493,1.0,909.0,49.0,-0.21464109420776367,0.0,-6.741471290588379,42.42576217651367,21.464109420776367,-19.038347244262695,40.0,0.04607079932270608,0.21464109420776367,29.246421813964844
run_1779973890_d455f8ed,1779975113.5597951,1.0,909.0,49.0,-0.25869035720825195,0.0,-6.791026592254639,47.01034927368164,25.869035720825195,-18.858686447143555,40.0,0.066920700912533,0.25869035720825195,29.246421813964844
run_1779973890_d455f8ed,1779975115.5473866,1.0,909.0,49.0,-0.25869035720825195,0.0,-6.791026592254639,47.18126678466797,25.869035720825195,-18.687768936157227,40.0,0.066920700912533,0.25869035720825195,29.246421813964844
run_1779973890_d455f8ed,1779975117.553205,1.0,909.0,49.0,-0.21464109420776367,0.0,-6.741471290588379,34.50090026855469,21.464109420776367,-18.50229263305664,31.539081573486328,0.04607079932270608,0.21464109420776367,29.246421813964844
run_1779973890_d455f8ed,1779975119.545776,1.0,909.0,49.0,-0.170562744140625,0.0,-6.691883087158203,16.685762405395508,17.0562744140625,-18.36920738220215,17.998695373535156,0.029091649688780308,0.170562744140625,29.246421813964844
run_1779973890_d455f8ed,1779975121.5459597,1.0,909.0,49.0,-0.038336753845214844,0.0,-6.543128967285156,-30.383132934570312,3.8336753845214844,-18.2652587890625,-15.95154857635498,0.001469706695388595,0.038336753845214844,29.246421813964844
run_1779973890_d455f8ed,1779975123.5532184,1.0,909.0,49.0,-0.038336753845214844,0.0,-6.543128967285156,-28.836193084716797,3.8336753845214844,-18.239927291870117,-14.42994213104248,0.001469706695388595,0.038336753845214844,29.246421813964844
run_1779973890_d455f8ed,1779975125.5533757,1.0,909.0,49.0,0.09392404556274414,0.0,-6.3943352699279785,-67.63337707519531,-9.392404556274414,-18.2409725189209,-40.0,0.008821726334872437,0.09392404556274414,29.246421813964844
run_1779973890_d455f8ed,1779975127.5603268,1.0,909.0,49.0,0.22616147994995117,0.0,-6.24556827545166,-80.88650512695312,-22.616147994995117,-18.270360946655273,-40.0,0.051149015013152166,0.22616147994995117,29.246421813964844
run_1779973890_d455f8ed,1779975129.5511591,1.0,909.0,49.0,0.2702336311340332,0.0,-6.195987224578857,-85.35027313232422,-27.02336311340332,-18.32691192626953,-40.0,0.07302621539588472,0.2702336311340332,29.246421813964844
run_1779973890_d455f8ed,1779975131.5591793,1.0,909.0,49.0,0.2702336311340332,0.0,-6.195987224578857,-85.40972900390625,-27.02336311340332,-18.386367797851562,-40.0,0.07302621539588472,0.2702336311340332,29.246421813964844
run_1779973890_d455f8ed,1779975133.555763,1.0,909.0,49.0,0.2702336311340332,0.0,-6.195987224578857,-85.46918487548828,-27.02336311340332,-18.44582176208496,-40.0,0.07302621539588472,0.2702336311340332,29.246421813964844
run_1779973890_d455f8ed,1779975135.549502,1.0,909.0,49.0,0.3143186569213867,0.0,-6.14639139175415,-89.94005584716797,-31.431865692138672,-18.50819206237793,-40.0,0.09879621808886441,0.3143186569213867,29.246421813964844
run_1779973890_d455f8ed,1779975137.5513017,1.0,909.0,49.0,0.2702336311340332,0.0,-6.195987224578857,-85.59392547607422,-27.02336311340332,-18.5705623626709,-40.0,0.07302621539588472,0.2702336311340332,29.246421813964844
run_1779973890_d455f8ed,1779975139.5576599,1.0,909.0,49.0,0.3143186569213867,0.0,-6.14639139175415,-90.0647964477539,-31.431865692138672,-18.632932662963867,-40.0,0.09879621808886441,0.3143186569213867,29.246421813964844
run_1779973890_d455f8ed,1779975141.5488846,1.0,909.0,49.0,0.22616147994995117,0.0,-6.24556827545166,-71.06954193115234,-22.616147994995117,-18.68852424621582,-29.764873504638672,0.051149015013152166,0.22616147994995117,29.246421813964844
run_1779973890_d455f8ed,1779975143.5558035,1.0,909.0,49.0,0.18207740783691406,0.0,-6.295163154602051,-53.94455337524414,-18.207740783691406,-18.729549407958984,-17.007265090942383,0.033152182444609934,0.18207740783691406,29.246421813964844
run_1779973890_d455f8ed,1779975145.5519383,1.0,909.0,49.0,0.18207740783691406,0.0,-6.295163154602051,-52.36229705810547,-18.207740783691406,-18.769603729248047,-15.384952545166016,0.033152182444609934,0.18207740783691406,29.246421813964844
run_1779973890_d455f8ed,1779975147.5610082,1.0,909.0,49.0,0.04982709884643555,0.0,-6.443944454193115,-7.3196635246276855,-4.982709884643555,-18.789291381835938,16.45233726501465,0.0024827397794524586,0.04982709884643555,29.246421813964844
run_1779973890_d455f8ed,1779975149.5533307,1.0,909.0,49.0,0.005744457244873047,0.0,-6.493537425994873,5.633955955505371,-0.5744457244873047,-18.79345703125,25.001859664916992,3.2998789038174436e-05,0.005744457244873047,29.246421813964844
run_1779973890_d455f8ed,1779975151.5613036,1.0,909.0,49.0,-0.08241701126098633,0.0,-6.592719078063965,29.463703155517578,8.241701126098633,-18.777999877929688,40.0,0.006792563745193547,0.08241701126098633,29.246421813964844
run_1779973890_d455f8ed,1779975153.5545447,1.0,909.0,49.0,-0.12648344039916992,0.0,-6.642293930053711,33.94517517089844,12.648344039916992,-18.703168869018555,40.0,0.01599806069521037,0.12648344039916992,29.246421813964844
run_1779973890_d455f8ed,1779975155.5500185,1.0,909.0,49.0,-0.25869035720825195,0.0,-6.791026592254639,47.275638580322266,25.869035720825195,-18.59339714050293,40.0,0.066920700912533,0.25869035720825195,29.246421813964844
run_1779973890_d455f8ed,1779975157.557748,1.0,909.0,49.0,-0.25869035720825195,0.0,-6.791026592254639,47.446556091308594,25.869035720825195,-18.422481536865234,40.0,0.066920700912533,0.25869035720825195,29.246421813964844
run_1779973890_d455f8ed,1779975159.5559747,1.0,909.0,49.0,-0.25869035720825195,0.0,-6.791026592254639,47.617469787597656,25.869035720825195,-18.25156593322754,40.0,0.066920700912533,0.25869035720825195,29.246421813964844
run_1779973890_d455f8ed,1779975161.554589,1.0,909.0,49.0,-0.25869035720825195,0.0,-6.791026592254639,47.788387298583984,25.869035720825195,-18.08064842224121,40.0,0.066920700912533,0.25869035720825195,29.246421813964844
run_1779973890_d455f8ed,1779975163.5488448,1.0,909.0,49.0,-0.3027677536010742,0.0,-6.84061336517334,52.393245697021484,30.276775360107422,-17.883527755737305,40.0,0.09166831262064079,0.3027677536010742,29.246421813964844
run_1779973890_d455f8ed,1779975165.5613558,1.0,909.0,49.0,-0.21464109420776367,0.0,-6.741471290588379,38.41614532470703,21.464109420776367,-17.712596893310547,34.66463088989258,0.04607079932270608,0.21464109420776367,29.246421813964844
run_1779973890_d455f8ed,1779975167.5492234,1.0,909.0,49.0,-0.170562744140625,0.0,-6.691883087158203,19.705894470214844,17.0562744140625,-17.56205940246582,20.211679458618164,0.029091649688780308,0.170562744140625,29.246421813964844
run_1779973890_d455f8ed,1779975169.558593,1.0,909.0,49.0,-0.12648344039916992,0.0,-6.642293930053711,3.145056962966919,12.648344039916992,-17.46393394470215,7.9606475830078125,0.01599806069521037,0.12648344039916992,29.246421813964844
run_1779973890_d455f8ed,1779975171.5527263,1.0,909.0,49.0,0.005744457244873047,0.0,-6.493537425994873,-40.579463958740234,-0.5744457244873047,-17.45670509338379,-22.548315048217773,3.2998789038174436e-05,0.005744457244873047,29.246421813964844
run_1779973890_d455f8ed,1779975173.5600054,1.0,909.0,49.0,0.09392404556274414,0.0,-6.3943352699279785,-66.86006164550781,-9.392404556274414,-17.4676570892334,-40.0,0.008821726334872437,0.09392404556274414,29.246421813964844
run_1779973890_d455f8ed,1779975175.5536695,1.0,909.0,49.0,0.2702336311340332,0.0,-6.195987224578857,-84.52914428710938,-27.02336311340332,-17.505779266357422,-40.0,0.07302621539588472,0.2702336311340332,29.246421813964844
run_1779973890_d455f8ed,1779975177.5493963,1.0,909.0,49.0,0.2702336311340332,0.0,-6.195987224578857,-84.5886001586914,-27.02336311340332,-17.565235137939453,-40.0,0.07302621539588472,0.2702336311340332,29.246421813964844
run_1779973890_d455f8ed,1779975179.5572107,1.0,909.0,49.0,0.3143186569213867,0.0,-6.14639139175415,-89.06529998779297,-31.431865692138672,-17.633434295654297,-40.0,0.09879621808886441,0.3143186569213867,29.246421813964844
run_1779973890_d455f8ed,1779975181.549905,1.0,909.0,49.0,0.35839080810546875,0.0,-6.096810340881348,-93.5465316772461,-35.839080810546875,-17.707448959350586,-40.0,0.12844397133449093,0.35839080810546875,29.246421813964844
run_1779973890_d455f8ed,1779975183.5564418,1.0,909.0,49.0,0.35839080810546875,0.0,-6.096810340881348,-93.63119506835938,-35.839080810546875,-17.792118072509766,-40.0,0.12844397133449093,0.35839080810546875,29.246421813964844
run_1779973890_d455f8ed,1779975185.5498955,1.0,909.0,49.0,0.4024643898010254,0.0,-6.047227382659912,-98.12225341796875,-40.246437072753906,-17.875818252563477,-40.0,0.1619775850579117,0.4024643898010254,29.246421813964844
run_1779973890_d455f8ed,1779975187.5595264,1.0,909.0,49.0,0.35839080810546875,0.0,-6.096810340881348,-93.79472351074219,-35.839080810546875,-17.955642700195312,-40.0,0.12844397133449093,0.35839080810546875,29.246421813964844
run_1779973890_d455f8ed,1779975189.5520246,1.0,909.0,49.0,0.3143186569213867,0.0,-6.14639139175415,-89.4615249633789,-31.431865692138672,-18.0296573638916,-40.0,0.09879621808886441,0.3143186569213867,29.246421813964844
run_1779973890_d455f8ed,1779975191.5584705,1.0,909.0,49.0,0.3143186569213867,0.0,-6.14639139175415,-85.44245910644531,-31.431865692138672,-18.106576919555664,-35.90401840209961,0.09879621808886441,0.3143186569213867,29.246421813964844
run_1779973890_d455f8ed,1779975193.5511744,1.0,909.0,49.0,0.22616147994995117,0.0,-6.24556827545166,-52.61558151245117,-22.616147994995117,-18.166048049926758,-11.83338451385498,0.051149015013152166,0.22616147994995117,29.246421813964844
run_1779973890_d455f8ed,1779975195.5567117,1.0,909.0,49.0,0.13799333572387695,0.0,-6.344757556915283,-22.045101165771484,-13.799333572387695,-18.206104278564453,9.960336685180664,0.019042160704202615,0.13799333572387695,29.246421813964844
run_1779973890_d455f8ed,1779975197.5482147,1.0,909.0,49.0,0.13799333572387695,0.0,-6.344757556915283,-23.02558135986328,-13.799333572387695,-18.236473083496094,9.010226249694824,0.019042160704202615,0.13799333572387695,29.246421813964844
run_1779973890_d455f8ed,1779975199.554465,1.0,909.0,49.0,0.005744457244873047,0.0,-6.493537425994873,20.731136322021484,-0.5744457244873047,-18.25615692138672,39.56174087524414,3.2998789038174436e-05,0.005744457244873047,29.246421813964844
run_1779973890_d455f8ed,1779975201.5479455,1.0,909.0,49.0,0.005744457244873047,0.0,-6.493537425994873,16.95611572265625,-0.5744457244873047,-18.257410049438477,35.78797149658203,3.2998789038174436e-05,0.005744457244873047,29.246421813964844
run_1779973890_d455f8ed,1779975203.5572286,1.0,909.0,49.0,-0.12648344039916992,0.0,-6.642293930053711,34.41943359375,12.648344039916992,-18.228912353515625,40.0,0.01599806069521037,0.12648344039916992,29.246421813964844
run_1779973890_d455f8ed,1779975205.5487602,1.0,909.0,49.0,-0.21464109420776367,0.0,-6.741471290588379,43.347896575927734,21.464109420776367,-18.116214752197266,40.0,0.04607079932270608,0.21464109420776367,29.246421813964844
run_1779973890_d455f8ed,1779975207.5613003,1.0,909.0,49.0,-0.21464109420776367,0.0,-6.741471290588379,43.51299285888672,21.464109420776367,-17.95111656188965,40.0,0.04607079932270608,0.21464109420776367,29.246421813964844
run_1779973890_d455f8ed,1779975209.5546367,1.0,909.0,49.0,-0.3027677536010742,0.0,-6.84061336517334,52.49658966064453,30.276775360107422,-17.78018569946289,40.0,0.09166831262064079,0.3027677536010742,29.246421813964844
run_1779973890_d455f8ed,1779975211.5462234,1.0,909.0,49.0,-0.25869035720825195,0.0,-6.791026592254639,48.285972595214844,25.869035720825195,-17.58306312561035,40.0,0.066920700912533,0.25869035720825195,29.246421813964844
run_1779973890_d455f8ed,1779975213.5516193,1.0,909.0,49.0,-0.25869035720825195,0.0,-6.791026592254639,48.45689010620117,25.869035720825195,-17.412147521972656,40.0,0.066920700912533,0.25869035720825195,29.246421813964844
run_1779973890_d455f8ed,1779975215.5482419,1.0,909.0,49.0,-0.21464109420776367,0.0,-6.741471290588379,44.219970703125,21.464109420776367,-17.244138717651367,40.0,0.04607079932270608,0.21464109420776367,29.246421813964844
run_1779973890_d455f8ed,1779975217.5552492,1.0,909.0,49.0,-0.170562744140625,0.0,-6.691883087158203,28.198246002197266,17.0562744140625,-17.116884231567383,28.258853912353516,0.029091649688780308,0.170562744140625,29.246421813964844
run_1779973890_d455f8ed,1779975219.548841,1.0,909.0,49.0,-0.038336753845214844,0.0,-6.543128967285156,-18.62990951538086,3.8336753845214844,-17.047876358032227,-5.415709495544434,0.001469706695388595,0.038336753845214844,29.246421813964844
run_1779973890_d455f8ed,1779975221.5580552,1.0,909.0,49.0,0.04982709884643555,0.0,-6.443944454193115,-47.569847106933594,-4.982709884643555,-17.040693283081055,-25.546443939208984,0.0024827397794524586,0.04982709884643555,29.246421813964844
run_1779973890_d455f8ed,1779975223.548216,1.0,909.0,49.0,0.22616147994995117,0.0,-6.24556827545166,-79.67749786376953,-22.616147994995117,-17.061351776123047,-40.0,0.051149015013152166,0.22616147994995117,29.246421813964844
run_1779973890_d455f8ed,1779975225.5558162,1.0,909.0,49.0,0.2702336311340332,0.0,-6.195987224578857,-84.13932800292969,-27.02336311340332,-17.115964889526367,-40.0,0.07302621539588472,0.2702336311340332,29.246421813964844
run_1779973890_d455f8ed,1779975227.5494182,1.0,909.0,49.0,0.3143186569213867,0.0,-6.14639139175415,-88.61408996582031,-31.431865692138672,-17.182222366333008,-40.0,0.09879621808886441,0.3143186569213867,29.246421813964844
run_1779973890_d455f8ed,1779975229.558031,1.0,909.0,49.0,0.3143186569213867,0.0,-6.14639139175415,-88.68325805664062,-31.431865692138672,-17.251392364501953,-40.0,0.09879621808886441,0.3143186569213867,29.246421813964844
run_1779973890_d455f8ed,1779975231.561141,1.0,909.0,49.0,0.35839080810546875,0.0,-6.096810340881348,-93.16641998291016,-35.839080810546875,-17.32734489440918,-40.0,0.12844397133449093,0.35839080810546875,29.246421813964844
run_1779973890_d455f8ed,1779975233.551544,1.0,909.0,49.0,0.3143186569213867,0.0,-6.14639139175415,-88.83322143554688,-31.431865692138672,-17.401357650756836,-40.0,0.09879621808886441,0.3143186569213867,29.246421813964844
run_1779973890_d455f8ed,1779975235.54936,1.0,909.0,49.0,0.3143186569213867,0.0,-6.14639139175415,-88.90821075439453,-31.431865692138672,-17.476341247558594,-40.0,0.09879621808886441,0.3143186569213867,29.246421813964844
run_1779973890_d455f8ed,1779975237.5549884,1.0,909.0,49.0,0.2702336311340332,0.0,-6.195987224578857,-76.95437622070312,-27.02336311340332,-17.5406551361084,-32.390357971191406,0.07302621539588472,0.2702336311340332,29.246421813964844
run_1779973890_d455f8ed,1779975239.560916,1.0,909.0,49.0,0.22616147994995117,0.0,-6.24556827545166,-58.77226638793945,-22.616147994995117,-17.59914207458496,-18.55698013305664,0.051149015013152166,0.22616147994995117,29.246421813964844
run_1779973890_d455f8ed,1779975241.5621734,1.0,909.0,49.0,0.2702336311340332,0.0,-6.195987224578857,-71.992431640625,-27.02336311340332,-17.651817321777344,-27.317249298095703,0.07302621539588472,0.2702336311340332,29.246421813964844
run_1779973890_d455f8ed,1779975243.548866,1.0,909.0,49.0,0.13799333572387695,0.0,-6.344757556915283,-25.225221633911133,-13.799333572387695,-17.69672393798828,6.270834922790527,0.019042160704202615,0.13799333572387695,29.246421813964844
run_1779973890_d455f8ed,1779975245.5571272,1.0,909.0,49.0,0.09392404556274414,0.0,-6.3943352699279785,-10.914193153381348,-9.392404556274414,-17.72417640686035,16.202388763427734,0.008821726334872437,0.09392404556274414,29.246421813964844
run_1779973890_d455f8ed,1779975247.5621295,1.0,909.0,49.0,0.04982709884643555,0.0,-6.443944454193115,2.680009603500366,-4.982709884643555,-17.74386215209961,25.40658187866211,0.0024827397794524586,0.04982709884643555,29.246421813964844
run_1779973890_d455f8ed,1779975249.557754,1.0,909.0,49.0,0.005744457244873047,0.0,-6.493537425994873,15.189623832702637,-0.5744457244873047,-17.751914978027344,33.51598358154297,3.2998789038174436e-05,0.005744457244873047,29.246421813964844
run_1779973890_d455f8ed,1779975251.548817,1.0,909.0,49.0,-0.12648344039916992,0.0,-6.642293930053711,34.93708038330078,12.648344039916992,-17.71126365661621,40.0,0.01599806069521037,0.12648344039916992,29.246421813964844
run_1779973890_d455f8ed,1779975253.547617,1.0,909.0,49.0,-0.12648344039916992,0.0,-6.642293930053711,35.02064514160156,12.648344039916992,-17.62769889831543,40.0,0.01599806069521037,0.12648344039916992,29.246421813964844
run_1779973890_d455f8ed,1779975255.5540273,1.0,909.0,49.0,-0.21464109420776367,0.0,-6.741471290588379,43.943275451660156,21.464109420776367,-17.520835876464844,40.0,0.04607079932270608,0.21464109420776367,29.246421813964844
run_1779973890_d455f8ed,1779975257.5505407,1.0,909.0,49.0,-0.25869035720825195,0.0,-6.791026592254639,48.498756408691406,25.869035720825195,-17.370281219482422,40.0,0.066920700912533,0.25869035720825195,29.246421813964844
run_1779973890_d455f8ed,1779975259.5621457,1.0,909.0,49.0,-0.3468303680419922,0.0,-6.89018440246582,57.489498138427734,34.68303680419922,-17.193540573120117,40.0,0.12029130419614376,0.3468303680419922,29.246421813964844
run_1779973890_d455f8ed,1779975261.5511627,1.0,909.0,49.0,-0.3468303680419922,0.0,-6.89018440246582,57.71864700317383,34.68303680419922,-16.964391708374023,40.0,0.12029130419614376,0.3468303680419922,29.246421813964844
run_1779973890_d455f8ed,1779975263.5602038,1.0,909.0,49.0,-0.25869035720825195,0.0,-6.791026592254639,49.11050033569336,25.869035720825195,-16.758533477783203,40.0,0.066920700912533,0.25869035720825195,29.246421813964844
run_1779973890_d455f8ed,1779975265.5543425,1.0,909.0,49.0,-0.25869035720825195,0.0,-6.791026592254639,49.28141784667969,25.869035720825195,-16.587617874145508,40.0,0.066920700912533,0.25869035720825195,29.246421813964844
run_1779973890_d455f8ed,1779975267.5489087,1.0,909.0,49.0,-0.170562744140625,0.0,-6.691883087158203,22.98472023010254,17.0562744140625,-16.45746612548828,22.38591194152832,0.029091649688780308,0.170562744140625,29.246421813964844
run_1779973890_d455f8ed,1779975269.5575984,1.0,909.0,49.0,-0.08241701126098633,0.0,-6.592719078063965,-7.736633777618408,8.241701126098633,-16.397193908691406,0.4188585579395294,0.006792563745193547,0.08241701126098633,29.246421813964844
run_1779973890_d455f8ed,1779975271.5507686,1.0,909.0,49.0,0.04982709884643555,0.0,-6.443944454193115,-51.348175048828125,-4.982709884643555,-16.388534545898438,-29.9769287109375,0.0024827397794524586,0.04982709884643555,29.246421813964844
run_1779973890_d455f8ed,1779975273.5604663,1.0,909.0,49.0,0.22616147994995117,0.0,-6.24556827545166,-79.03893280029297,-22.616147994995117,-16.42278480529785,-40.0,0.051149015013152166,0.22616147994995117,29.246421813964844
run_1779973890_d455f8ed,1779975275.5533395,1.0,909.0,49.0,0.2702336311340332,0.0,-6.195987224578857,-83.50270080566406,-27.02336311340332,-16.479333877563477,-40.0,0.07302621539588472,0.2702336311340332,29.246421813964844
run_1779973890_d455f8ed,1779975277.5607817,1.0,909.0,49.0,0.3143186569213867,0.0,-6.14639139175415,-87.97940063476562,-31.431865692138672,-16.54753303527832,-40.0,0.09879621808886441,0.3143186569213867,29.246421813964844
run_1779973890_d455f8ed,1779975279.5521133,1.0,909.0,49.0,0.4024643898010254,0.0,-6.047227382659912,-96.87670135498047,-40.246437072753906,-16.630264282226562,-40.0,0.1619775850579117,0.4024643898010254,29.246421813964844
run_1779973890_d455f8ed,1779975281.5489593,1.0,909.0,49.0,0.44655275344848633,0.0,-5.997628211975098,-100.0,-44.6552734375,-16.715911865234375,-40.0,0.19940936161242462,0.44655275344848633,29.246421813964844
run_1779973890_d455f8ed,1779975283.555583,1.0,909.0,49.0,0.4024643898010254,0.0,-6.047227382659912,-97.05380249023438,-40.246437072753906,-16.807369232177734,-40.0,0.1619775850579117,0.4024643898010254,29.246421813964844
run_1779973890_d455f8ed,1779975285.5614617,1.0,909.0,49.0,0.35839080810546875,0.0,-6.096810340881348,-92.72628021240234,-35.839080810546875,-16.88719367980957,-40.0,0.12844397133449093,0.35839080810546875,29.246421813964844
run_1779973890_d455f8ed,1779975287.5550961,1.0,909.0,49.0,0.35839080810546875,0.0,-6.096810340881348,-92.80513763427734,-35.839080810546875,-16.96605110168457,-40.0,0.12844397133449093,0.35839080810546875,29.246421813964844
run_1779973890_d455f8ed,1779975289.5607712,1.0,909.0,49.0,0.2702336311340332,0.0,-6.195987224578857,-68.06754302978516,-27.02336311340332,-17.039087295532227,-24.00509262084961,0.07302621539588472,0.2702336311340332,29.246421813964844
run_1779973890_d455f8ed,1779975291.5542715,1.0,909.0,49.0,0.22616147994995117,0.0,-6.24556827545166,-51.306678771972656,-22.616147994995117,-17.09176254272461,-11.598763465881348,0.051149015013152166,0.22616147994995117,29.246421813964844
run_1779973890_d455f8ed,1779975293.5479279,1.0,909.0,49.0,0.18207740783691406,0.0,-6.295163154602051,-35.30546569824219,-18.207740783691406,-17.13861846923828,0.04089618846774101,0.033152182444609934,0.18207740783691406,29.246421813964844
run_1779973890_d455f8ed,1779975295.5561974,1.0,909.0,49.0,0.18207740783691406,0.0,-6.295163154602051,-35.34941864013672,-18.207740783691406,-17.178672790527344,0.03699513152241707,0.033152182444609934,0.18207740783691406,29.246421813964844
run_1779973890_d455f8ed,1779975297.549973,1.0,909.0,49.0,0.005744457244873047,0.0,-6.493537425994873,22.23592185974121,-0.5744457244873047,-17.189634323120117,40.0,3.2998789038174436e-05,0.005744457244873047,29.246421813964844
run_1779973890_d455f8ed,1779975299.5552402,1.0,909.0,49.0,0.005744457244873047,0.0,-6.493537425994873,18.709495544433594,-0.5744457244873047,-17.190885543823242,36.47482681274414,3.2998789038174436e-05,0.005744457244873047,29.246421813964844
run_1779973890_d455f8ed,1779975301.5533383,1.0,909.0,49.0,-0.12648344039916992,0.0,-6.642293930053711,35.515071868896484,12.648344039916992,-17.133272171020508,40.0,0.01599806069521037,0.12648344039916992,29.246421813964844
run_1779973890_d455f8ed,1779975303.5573475,1.0,909.0,49.0,-0.170562744140625,0.0,-6.691883087158203,40.02112579345703,17.0562744140625,-17.035146713256836,40.0,0.029091649688780308,0.170562744140625,29.246421813964844
run_1779973890_d455f8ed,1779975305.548249,1.0,909.0,49.0,-0.170562744140625,0.0,-6.691883087158203,40.11634063720703,17.0562744140625,-16.9399356842041,40.0,0.029091649688780308,0.170562744140625,29.246421813964844
run_1779973890_d455f8ed,1779975307.5578494,1.0,909.0,49.0,-0.170562744140625,0.0,-6.691883087158203,40.22902297973633,17.0562744140625,-16.827253341674805,40.0,0.029091649688780308,0.170562744140625,29.246421813964844
run_1779973890_d455f8ed,1779975309.5583003,1.0,909.0,49.0,-0.170562744140625,0.0,-6.691883087158203,40.341705322265625,17.0562744140625,-16.714569091796875,40.0,0.029091649688780308,0.170562744140625,29.246421813964844
run_1779973890_d455f8ed,1779975311.5488153,1.0,909.0,49.0,-0.21464109420776367,0.0,-6.741471290588379,44.87679672241211,21.464109420776367,-16.58731460571289,40.0,0.04607079932270608,0.21464109420776367,29.246421813964844
run_1779973890_d455f8ed,1779975313.5549278,1.0,909.0,49.0,-0.12648344039916992,0.0,-6.642293930053711,25.844928741455078,12.648344039916992,-16.462963104248047,29.659547805786133,0.01599806069521037,0.12648344039916992,29.246421813964844
run_1779973890_d455f8ed,1779975315.560722,1.0,909.0,49.0,-0.08241701126098633,0.0,-6.592719078063965,8.358040809631348,8.241701126098633,-16.393957138061523,16.510295867919922,0.006792563745193547,0.08241701126098633,29.246421813964844
run_1779973890_d455f8ed,1779975317.5546122,1.0,909.0,49.0,0.005744457244873047,0.0,-6.493537425994873,-23.060203552246094,-0.5744457244873047,-16.356218338012695,-6.129538059234619,3.2998789038174436e-05,0.005744457244873047,29.246421813964844
run_1779973890_d455f8ed,1779975319.5581908,1.0,909.0,49.0,0.04982709884643555,0.0,-6.443944454193115,-37.21371841430664,-4.982709884643555,-16.362327575683594,-15.868680000305176,0.0024827397794524586,0.04982709884643555,29.246421813964844
run_1779973890_d455f8ed,1779975321.5512877,1.0,909.0,49.0,0.04982709884643555,0.0,-6.443944454193115,-34.8902587890625,-4.982709884643555,-16.38104248046875,-13.526505470275879,0.0024827397794524586,0.04982709884643555,29.246421813964844
run_1779973890_d455f8ed,1779975323.5560327,1.0,909.0,49.0,0.09392404556274414,0.0,-6.3943352699279785,-48.352664947509766,-9.392404556274414,-16.396852493286133,-22.563405990600586,0.008821726334872437,0.09392404556274414,29.246421813964844
run_1779973890_d455f8ed,1779975325.5506217,1.0,909.0,49.0,0.13799333572387695,0.0,-6.344757556915283,-59.731239318847656,-13.799333572387695,-16.433998107910156,-29.497905731201172,0.019042160704202615,0.13799333572387695,29.246421813964844
run_1779973890_d455f8ed,1779975327.5563648,1.0,909.0,49.0,0.13799333572387695,0.0,-6.344757556915283,-56.94781494140625,-13.799333572387695,-16.464366912841797,-26.68411636352539,0.019042160704202615,0.13799333572387695,29.246421813964844
run_1779973890_d455f8ed,1779975329.5597684,1.0,909.0,49.0,0.13799333572387695,0.0,-6.344757556915283,-54.43280792236328,-13.799333572387695,-16.494735717773438,-24.138736724853516,0.019042160704202615,0.13799333572387695,29.246421813964844
run_1779973890_d455f8ed,1779975331.5597541,1.0,909.0,49.0,0.18207740783691406,0.0,-6.295163154602051,-66.89801788330078,-18.207740783691406,-16.52994728088379,-32.16033172607422,0.033152182444609934,0.18207740783691406,29.246421813964844
run_1779973890_d455f8ed,1779975333.5512986,1.0,909.0,49.0,0.09392404556274414,0.0,-6.3943352699279785,-34.38395309448242,-9.392404556274414,-16.560312271118164,-8.431235313415527,0.008821726334872437,0.09392404556274414,29.246421813964844
run_1779973890_d455f8ed,1779975335.5583184,1.0,909.0,49.0,0.09392404556274414,0.0,-6.3943352699279785,-33.6003532409668,-9.392404556274414,-16.58096694946289,-7.626982688903809,0.008821726334872437,0.09392404556274414,29.246421813964844
run_1779973890_d455f8ed,1779975337.5536993,1.0,909.0,49.0,-0.038336753845214844,0.0,-6.543128967285156,11.758330345153809,3.8336753845214844,-16.589271545410156,24.513927459716797,0.001469706695388595,0.038336753845214844,29.246421813964844
run_1779973890_d455f8ed,1779975339.5524044,1.0,909.0,49.0,0.005744457244873047,0.0,-6.493537425994873,-5.299618244171143,-0.5744457244873047,-16.577232360839844,11.852059364318848,3.2998789038174436e-05,0.005744457244873047,29.246421813964844
run_1779973890_d455f8ed,1779975341.5579386,1.0,909.0,49.0,-0.12648344039916992,0.0,-6.642293930053711,36.122901916503906,12.648344039916992,-16.525442123413086,40.0,0.01599806069521037,0.12648344039916992,29.246421813964844
run_1779973890_d455f8ed,1779975343.552023,1.0,909.0,49.0,-0.170562744140625,0.0,-6.691883087158203,40.62895965576172,17.0562744140625,-16.427316665649414,40.0,0.029091649688780308,0.170562744140625,29.246421813964844
run_1779973890_d455f8ed,1779975345.5608454,1.0,909.0,49.0,-0.170562744140625,0.0,-6.691883087158203,40.764957427978516,17.0562744140625,-16.291316986083984,40.0,0.029091649688780308,0.170562744140625,29.246421813964844
run_1779973890_d455f8ed,1779975347.5525696,1.0,909.0,49.0,-0.21464109420776367,0.0,-6.741471290588379,45.300048828125,21.464109420776367,-16.164060592651367,40.0,0.04607079932270608,0.21464109420776367,29.246421813964844
run_1779973890_d455f8ed,1779975349.5570202,1.0,909.0,49.0,-0.25869035720825195,0.0,-6.791026592254639,49.867164611816406,25.869035720825195,-16.00187110900879,40.0,0.066920700912533,0.25869035720825195,29.246421813964844
run_1779973890_d455f8ed,1779975351.547104,1.0,909.0,49.0,-0.25869035720825195,0.0,-6.791026592254639,50.038082122802734,25.869035720825195,-15.830954551696777,40.0,0.066920700912533,0.25869035720825195,29.246421813964844
run_1779973890_d455f8ed,1779975353.5488522,1.0,909.0,49.0,-0.170562744140625,0.0,-6.691883087158203,24.153114318847656,17.0562744140625,-15.665862083435059,22.76270294189453,0.029091649688780308,0.170562744140625,29.246421813964844
run_1779973890_d455f8ed,1779975355.5566,1.0,909.0,49.0,-0.170562744140625,0.0,-6.691883087158203,22.0944766998291,17.0562744140625,-15.553179740905762,20.591381072998047,0.029091649688780308,0.170562744140625,29.246421813964844
run_1779973890_d455f8ed,1779975357.5487363,1.0,909.0,49.0,0.005744457244873047,0.0,-6.493537425994873,-39.15895080566406,-0.5744457244873047,-15.486830711364746,-23.097673416137695,3.2998789038174436e-05,0.005744457244873047,29.246421813964844
run_1779973890_d455f8ed,1779975359.5514338,1.0,909.0,49.0,0.09392404556274414,0.0,-6.3943352699279785,-64.89019012451172,-9.392404556274414,-15.497782707214355,-40.0,0.008821726334872437,0.09392404556274414,29.246421813964844
run_1779973890_d455f8ed,1779975361.55617,1.0,909.0,49.0,0.22616147994995117,0.0,-6.24556827545166,-78.13749694824219,-22.616147994995117,-15.521347045898438,-40.0,0.051149015013152166,0.22616147994995117,29.246421813964844
run_1779973890_d455f8ed,1779975363.5613372,1.0,909.0,49.0,0.22616147994995117,0.0,-6.24556827545166,-78.18726348876953,-22.616147994995117,-15.571117401123047,-40.0,0.051149015013152166,0.22616147994995117,29.246421813964844
run_1779973890_d455f8ed,1779975365.555836,1.0,909.0,49.0,0.3143186569213867,0.0,-6.14639139175415,-87.06050872802734,-31.431865692138672,-15.628639221191406,-40.0,0.09879621808886441,0.3143186569213867,29.246421813964844
run_1779973890_d455f8ed,1779975367.5614202,1.0,909.0,49.0,0.3143186569213867,0.0,-6.14639139175415,-87.12967681884766,-31.431865692138672,-15.697810173034668,-40.0,0.09879621808886441,0.3143186569213867,29.246421813964844
run_1779973890_d455f8ed,1779975369.5506544,1.0,909.0,49.0,0.35839080810546875,0.0,-6.096810340881348,-91.6070327758789,-35.839080810546875,-15.767950057983398,-40.0,0.12844397133449093,0.35839080810546875,29.246421813964844
run_1779973890_d455f8ed,1779975371.560522,1.0,909.0,49.0,0.3143186569213867,0.0,-6.14639139175415,-87.2738265991211,-31.431865692138672,-15.841963768005371,-40.0,0.09879621808886441,0.3143186569213867,29.246421813964844
run_1779973890_d455f8ed,1779975373.5557942,1.0,909.0,49.0,0.3143186569213867,0.0,-6.14639139175415,-87.34300231933594,-31.431865692138672,-15.911134719848633,-40.0,0.09879621808886441,0.3143186569213867,29.246421813964844
run_1779973890_d455f8ed,1779975375.5633328,1.0,909.0,49.0,0.35839080810546875,0.0,-6.096810340881348,-91.8222885131836,-35.839080810546875,-15.983211517333984,-40.0,0.12844397133449093,0.35839080810546875,29.246421813964844
run_1779973890_d455f8ed,1779975377.5556598,1.0,909.0,49.0,0.22616147994995117,0.0,-6.24556827545166,-59.50541687011719,-22.616147994995117,-16.04751968383789,-20.84174919128418,0.051149015013152166,0.22616147994995117,29.246421813964844
run_1779973890_d455f8ed,1779975379.5609517,1.0,909.0,49.0,0.18207740783691406,0.0,-6.295163154602051,-42.62252426147461,-18.207740783691406,-16.094375610351562,-8.32040786743164,0.033152182444609934,0.18207740783691406,29.246421813964844
run_1779973890_d455f8ed,1779975381.5539346,1.0,909.0,49.0,0.09392404556274414,0.0,-6.3943352699279785,-12.183600425720215,-9.392404556274414,-16.126676559448242,13.335481643676758,0.008821726334872437,0.09392404556274414,29.246421813964844
run_1779973890_d455f8ed,1779975383.5493574,1.0,909.0,49.0,0.04982709884643555,0.0,-6.443944454193115,1.4726176261901855,-4.982709884643555,-16.144424438476562,22.59975242614746,0.0024827397794524586,0.04982709884643555,29.246421813964844
run_1779973890_d455f8ed,1779975385.5608494,1.0,909.0,49.0,-0.038336753845214844,0.0,-6.543128967285156,27.676101684570312,3.8336753845214844,-16.157573699951172,40.0,0.001469706695388595,0.038336753845214844,29.246421813964844
run_1779973890_d455f8ed,1779975387.5499356,1.0,909.0,49.0,-0.08241701126098633,0.0,-6.592719078063965,32.118194580078125,8.241701126098633,-16.123506546020508,40.0,0.006792563745193547,0.08241701126098633,29.246421813964844
run_1779973890_d455f8ed,1779975389.5520618,1.0,909.0,49.0,-0.170562744140625,0.0,-6.691883087158203,40.9930419921875,17.0562744140625,-16.063234329223633,40.0,0.029091649688780308,0.170562744140625,29.246421813964844
run_1779973890_d455f8ed,1779975391.5577967,1.0,909.0,49.0,-0.170562744140625,0.0,-6.691883087158203,41.1057243347168,17.0562744140625,-15.950551986694336,40.0,0.029091649688780308,0.170562744140625,29.246421813964844
run_1779973890_d455f8ed,1779975393.5500073,1.0,909.0,49.0,-0.25869035720825195,0.0,-6.791026592254639,50.036991119384766,25.869035720825195,-15.832045555114746,40.0,0.066920700912533,0.25869035720825195,29.246421813964844
run_1779973890_d455f8ed,1779975395.5586576,1.0,909.0,49.0,-0.21464109420776367,0.0,-6.741471290588379,45.794254302978516,21.464109420776367,-15.669855117797852,40.0,0.04607079932270608,0.21464109420776367,29.246421813964844
run_1779973890_d455f8ed,1779975397.5614386,1.0,909.0,49.0,-0.21464109420776367,0.0,-6.741471290588379,45.95353698730469,21.464109420776367,-15.510574340820312,40.0,0.04607079932270608,0.21464109420776367,29.246421813964844
run_1779973890_d455f8ed,1779975399.5486758,1.0,909.0,49.0,-0.21464109420776367,0.0,-6.741471290588379,46.09536361694336,21.464109420776367,-15.368744850158691,40.0,0.04607079932270608,0.21464109420776367,29.246421813964844
run_1779973890_d455f8ed,1779975401.5539758,1.0,909.0,49.0,-0.12648344039916992,0.0,-6.642293930053711,19.309412002563477,12.648344039916992,-15.2677001953125,21.928768157958984,0.01599806069521037,0.12648344039916992,29.246421813964844
run_1779973890_d455f8ed,1779975403.5586896,1.0,909.0,49.0,-0.08241701126098633,0.0,-6.592719078063965,2.953970432281494,8.241701126098633,-15.210339546203613,9.922608375549316,0.006792563745193547,0.08241701126098633,29.246421813964844
run_1779973890_d455f8ed,1779975405.5506353,1.0,909.0,49.0,0.04982709884643555,0.0,-6.443944454193115,-42.18562698364258,-4.982709884643555,-15.195852279663086,-22.00706672668457,0.0024827397794524586,0.04982709884643555,29.246421813964844
run_1779973890_d455f8ed,1779975407.5612643,1.0,909.0,49.0,0.09392404556274414,0.0,-6.3943352699279785,-55.04628372192383,-9.392404556274414,-15.209725379943848,-30.444156646728516,0.008821726334872437,0.09392404556274414,29.246421813964844
run_1779973890_d455f8ed,1779975409.5621886,1.0,909.0,49.0,0.13799333572387695,0.0,-6.344757556915283,-66.69244384765625,-13.799333572387695,-15.23717975616455,-37.65593719482422,0.019042160704202615,0.13799333572387695,29.246421813964844
run_1779973890_d455f8ed,1779975411.5570235,1.0,909.0,49.0,0.22616147994995117,0.0,-6.24556827545166,-77.88951110839844,-22.616147994995117,-15.273368835449219,-40.0,0.051149015013152166,0.22616147994995117,29.246421813964844
run_1779973890_d455f8ed,1779975413.5587964,1.0,909.0,49.0,0.22616147994995117,0.0,-6.24556827545166,-77.93928527832031,-22.616147994995117,-15.323138236999512,-40.0,0.051149015013152166,0.22616147994995117,29.246421813964844
run_1779973890_d455f8ed,1779975415.563179,1.0,909.0,49.0,0.18207740783691406,0.0,-6.295163154602051,-68.15885162353516,-18.207740783691406,-15.369993209838867,-34.58112335205078,0.033152182444609934,0.18207740783691406,29.246421813964844
run_1779973890_d455f8ed,1779975417.5530386,1.0,909.0,49.0,0.18207740783691406,0.0,-6.295163154602051,-64.9002456665039,-18.207740783691406,-15.41004753112793,-31.282455444335938,0.033152182444609934,0.18207740783691406,29.246421813964844
run_1779973890_d455f8ed,1779975419.5601406,1.0,909.0,49.0,0.18207740783691406,0.0,-6.295163154602051,-61.95627975463867,-18.207740783691406,-15.450101852416992,-28.298437118530273,0.033152182444609934,0.18207740783691406,29.246421813964844
run_1779973890_d455f8ed,1779975421.5528233,1.0,909.0,49.0,0.13799333572387695,0.0,-6.344757556915283,-44.76254653930664,-13.799333572387695,-15.483376502990723,-15.47983455657959,0.019042160704202615,0.13799333572387695,29.246421813964844
run_1779973890_d455f8ed,1779975423.5534334,1.0,909.0,49.0,0.09392404556274414,0.0,-6.3943352699279785,-28.376731872558594,-9.392404556274414,-15.51082992553711,-3.4734976291656494,0.008821726334872437,0.09392404556274414,29.246421813964844
run_1779973890_d455f8ed,1779975425.5494695,1.0,909.0,49.0,0.04982709884643555,0.0,-6.443944454193115,-13.527390480041504,-4.982709884643555,-15.524703025817871,6.98002290725708,0.0024827397794524586,0.04982709884643555,29.246421813964844
run_1779973890_d455f8ed,1779975427.5582645,1.0,909.0,49.0,-0.038336753845214844,0.0,-6.543128967285156,15.079537391662598,3.8336753845214844,-15.518951416015625,26.764812469482422,0.001469706695388595,0.038336753845214844,29.246421813964844
run_1779973890_d455f8ed,1779975429.5615773,1.0,909.0,49.0,-0.038336753845214844,0.0,-6.543128967285156,12.551787376403809,3.8336753845214844,-15.493619918823242,24.21173095703125,0.001469706695388595,0.038336753845214844,29.246421813964844
run_1779973890_d455f8ed,1779975431.5542626,1.0,909.0,49.0,-0.12648344039916992,0.0,-6.642293930053711,37.214996337890625,12.648344039916992,-15.433347702026367,40.0,0.01599806069521037,0.12648344039916992,29.246421813964844
run_1779973890_d455f8ed,1779975433.5489805,1.0,909.0,49.0,-0.12648344039916992,0.0,-6.642293930053711,35.6076774597168,12.648344039916992,-15.349781036376953,38.30911636352539,0.01599806069521037,0.12648344039916992,29.246421813964844
run_1779973890_d455f8ed,1779975435.5545874,1.0,909.0,49.0,-0.21464109420776367,0.0,-6.741471290588379,46.25033187866211,21.464109420776367,-15.213778495788574,40.0,0.04607079932270608,0.21464109420776367,29.246421813964844
run_1779973890_d455f8ed,1779975437.5615659,1.0,909.0,49.0,-0.25869035720825195,0.0,-6.791026592254639,50.81163024902344,25.869035720825195,-15.057405471801758,40.0,0.066920700912533,0.25869035720825195,29.246421813964844
run_1779973890_d455f8ed,1779975439.548926,1.0,909.0,49.0,-0.21464109420776367,0.0,-6.741471290588379,46.55144119262695,21.464109420776367,-14.912668228149414,40.0,0.04607079932270608,0.21464109420776367,29.246421813964844
run_1779973890_d455f8ed,1779975441.556447,1.0,909.0,49.0,-0.21464109420776367,0.0,-6.741471290588379,46.506141662597656,21.464109420776367,-14.770838737487793,39.812870025634766,0.04607079932270608,0.21464109420776367,29.246421813964844
run_1779973890_d455f8ed,1779975443.5603423,1.0,909.0,49.0,-0.12648344039916992,0.0,-6.642293930053711,14.147688865661621,12.648344039916992,-14.681446075439453,16.1807918548584,0.01599806069521037,0.12648344039916992,29.246421813964844
run_1779973890_d455f8ed,1779975445.5616174,1.0,909.0,49.0,-0.038336753845214844,0.0,-6.543128967285156,-16.799320220947266,3.8336753845214844,-14.626997947692871,-6.005998134613037,0.001469706695388595,0.038336753845214844,29.246421813964844
run_1779973890_d455f8ed,1779975447.553942,1.0,909.0,49.0,0.005744457244873047,0.0,-6.493537425994873,-31.14975357055664,-0.5744457244873047,-14.609641075134277,-15.965667724609375,3.2998789038174436e-05,0.005744457244873047,29.246421813964844
run_1779973890_d455f8ed,1779975449.5585437,1.0,909.0,49.0,0.09392404556274414,0.0,-6.3943352699279785,-59.10672378540039,-9.392404556274414,-14.620593070983887,-35.093727111816406,0.008821726334872437,0.09392404556274414,29.246421813964844
run_1779973890_d455f8ed,1779975451.5490894,1.0,909.0,49.0,0.13799333572387695,0.0,-6.344757556915283,-68.44932556152344,-13.799333572387695,-14.64999008178711,-40.0,0.019042160704202615,0.13799333572387695,29.246421813964844
run_1779973890_d455f8ed,1779975453.5518162,1.0,909.0,49.0,0.18207740783691406,0.0,-6.295163154602051,-72.89293670654297,-18.207740783691406,-14.685201644897461,-40.0,0.033152182444609934,0.18207740783691406,29.246421813964844
run_1779973890_d455f8ed,1779975455.5573711,1.0,909.0,49.0,0.18207740783691406,0.0,-6.295163154602051,-72.93299102783203,-18.207740783691406,-14.725255966186523,-40.0,0.033152182444609934,0.18207740783691406,29.246421813964844
run_1779973890_d455f8ed,1779975457.5515907,1.0,909.0,49.0,0.18207740783691406,0.0,-6.295163154602051,-72.26168823242188,-18.207740783691406,-14.765310287475586,-39.28864288330078,0.033152182444609934,0.18207740783691406,29.246421813964844
run_1779973890_d455f8ed,1779975459.5588748,1.0,909.0,49.0,0.22616147994995117,0.0,-6.24556827545166,-77.43025970458984,-22.616147994995117,-14.814108848571777,-40.0,0.051149015013152166,0.22616147994995117,29.246421813964844
run_1779973890_d455f8ed,1779975461.5490987,1.0,909.0,49.0,0.18207740783691406,0.0,-6.295163154602051,-63.86553192138672,-18.207740783691406,-14.859020233154297,-30.79877281188965,0.033152182444609934,0.18207740783691406,29.246421813964844
run_1779973890_d455f8ed,1779975463.5626285,1.0,909.0,49.0,0.09392404556274414,0.0,-6.3943352699279785,-31.692657470703125,-9.392404556274414,-14.887443542480469,-7.4128098487854,0.008821726334872437,0.09392404556274414,29.246421813964844
run_1779973890_d455f8ed,1779975465.5623739,1.0,909.0,49.0,0.13799333572387695,0.0,-6.344757556915283,-45.738704681396484,-13.799333572387695,-14.912954330444336,-17.02641487121582,0.019042160704202615,0.13799333572387695,29.246421813964844
run_1779973890_d455f8ed,1779975467.5597146,1.0,909.0,49.0,0.04982709884643555,0.0,-6.443944454193115,-14.653837203979492,-4.982709884643555,-14.933609962463379,5.262481212615967,0.0024827397794524586,0.04982709884643555,29.246421813964844
run_1779973890_d455f8ed,1779975469.5485976,1.0,909.0,49.0,-0.038336753845214844,0.0,-6.543128967285156,14.315077781677246,3.8336753845214844,-14.926427841186523,25.40782928466797,0.001469706695388595,0.038336753845214844,29.246421813964844
run_1779973890_d455f8ed,1779975471.5576284,1.0,909.0,49.0,-0.12648344039916992,0.0,-6.642293930053711,37.75307083129883,12.648344039916992,-14.895272254943848,40.0,0.01599806069521037,0.12648344039916992,29.246421813964844
run_1779973890_d455f8ed,1779975473.5628266,1.0,909.0,49.0,-0.170562744140625,0.0,-6.691883087158203,42.25912857055664,17.0562744140625,-14.797147750854492,40.0,0.029091649688780308,0.170562744140625,29.246421813964844
run_1779973890_d455f8ed,1779975475.552992,1.0,909.0,49.0,-0.25869035720825195,0.0,-6.791026592254639,51.21371078491211,25.869035720825195,-14.655324935913086,40.0,0.066920700912533,0.25869035720825195,29.246421813964844
run_1779973890_d455f8ed,1779975477.5590715,1.0,909.0,49.0,-0.25869035720825195,0.0,-6.791026592254639,51.38462829589844,25.869035720825195,-14.484408378601074,40.0,0.066920700912533,0.25869035720825195,29.246421813964844
run_1779973890_d455f8ed,1779975479.552507,1.0,909.0,49.0,-0.3468303680419922,0.0,-6.89018440246582,60.39866256713867,34.68303680419922,-14.284375190734863,40.0,0.12029130419614376,0.3468303680419922,29.246421813964844
run_1779973890_d455f8ed,1779975481.562309,1.0,909.0,49.0,-0.3468303680419922,0.0,-6.89018440246582,60.627811431884766,34.68303680419922,-14.055225372314453,40.0,0.12029130419614376,0.3468303680419922,29.246421813964844
run_1779973890_d455f8ed,1779975483.553071,1.0,909.0,49.0,-0.21464109420776367,0.0,-6.741471290588379,37.374732971191406,21.464109420776367,-13.852277755737305,29.762903213500977,0.04607079932270608,0.21464109420776367,29.246421813964844
run_1779973890_d455f8ed,1779975485.56113,1.0,909.0,49.0,-0.25869035720825195,0.0,-6.791026592254639,49.41299057006836,25.869035720825195,-13.695904731750488,37.2398567199707,0.066920700912533,0.25869035720825195,29.246421813964844
run_1779973890_d455f8ed,1779975487.554926,1.0,909.0,49.0,-0.12648344039916992,0.0,-6.642293930053711,2.4024899005889893,12.648344039916992,-13.58613395690918,3.3402795791625977,0.01599806069521037,0.12648344039916992,29.246421813964844
run_1779973890_d455f8ed,1779975489.5608337,1.0,909.0,49.0,0.005744457244873047,0.0,-6.493537425994873,-42.06458282470703,-0.5744457244873047,-13.544977188110352,-27.945159912109375,3.2998789038174436e-05,0.005744457244873047,29.246421813964844
run_1779973890_d455f8ed,1779975491.5507848,1.0,909.0,49.0,0.09392404556274414,0.0,-6.3943352699279785,-62.94640350341797,-9.392404556274414,-13.553997993469238,-40.0,0.008821726334872437,0.09392404556274414,29.246421813964844
run_1779973890_d455f8ed,1779975493.5492537,1.0,909.0,49.0,0.13799333572387695,0.0,-6.344757556915283,-67.37884521484375,-13.799333572387695,-13.579508781433105,-40.0,0.019042160704202615,0.13799333572387695,29.246421813964844
run_1779973890_d455f8ed,1779975495.5582056,1.0,909.0,49.0,0.2702336311340332,0.0,-6.195987224578857,-80.65360260009766,-27.02336311340332,-13.63023853302002,-40.0,0.07302621539588472,0.2702336311340332,29.246421813964844
run_1779973890_d455f8ed,1779975497.5496876,1.0,909.0,49.0,0.35839080810546875,0.0,-6.096810340881348,-89.53848266601562,-35.839080810546875,-13.699394226074219,-40.0,0.12844397133449093,0.35839080810546875,29.246421813964844
run_1779973890_d455f8ed,1779975499.559536,1.0,909.0,49.0,0.35839080810546875,0.0,-6.096810340881348,-89.61151885986328,-35.839080810546875,-13.772439956665039,-40.0,0.12844397133449093,0.35839080810546875,29.246421813964844
run_1779973890_d455f8ed,1779975501.5501564,1.0,909.0,49.0,0.4024643898010254,0.0,-6.047227382659912,-94.10256958007812,-40.246437072753906,-13.85614013671875,-40.0,0.1619775850579117,0.4024643898010254,29.246421813964844
run_1779973890_d455f8ed,1779975503.5546558,1.0,909.0,49.0,0.4024643898010254,0.0,-6.047227382659912,-94.185302734375,-40.246437072753906,-13.938871383666992,-40.0,0.1619775850579117,0.4024643898010254,29.246421813964844
run_1779973890_d455f8ed,1779975505.5582156,1.0,909.0,49.0,0.3143186569213867,0.0,-6.14639139175415,-85.44959259033203,-31.431865692138672,-14.017727851867676,-40.0,0.09879621808886441,0.3143186569213867,29.246421813964844
run_1779973890_d455f8ed,1779975507.5558553,1.0,909.0,49.0,0.2702336311340332,0.0,-6.195987224578857,-75.21349334716797,-27.02336311340332,-14.085927963256836,-34.10420227050781,0.07302621539588472,0.2702336311340332,29.246421813964844
run_1779973890_d455f8ed,1779975509.563967,1.0,909.0,49.0,0.3143186569213867,0.0,-6.14639139175415,-85.58210754394531,-31.431865692138672,-14.150240898132324,-40.0,0.09879621808886441,0.3143186569213867,29.246421813964844
run_1779973890_d455f8ed,1779975511.5582733,1.0,909.0,49.0,0.18207740783691406,0.0,-6.295163154602051,-38.67779541015625,-18.207740783691406,-14.204859733581543,-6.265195369720459,0.033152182444609934,0.18207740783691406,29.246421813964844
run_1779973890_d455f8ed,1779975513.5610652,1.0,909.0,49.0,0.13799333572387695,0.0,-6.344757556915283,-23.382797241210938,-13.799333572387695,-14.240071296691895,4.656607151031494,0.019042160704202615,0.13799333572387695,29.246421813964844
run_1779973890_d455f8ed,1779975515.5559762,1.0,909.0,49.0,0.09392404556274414,0.0,-6.3943352699279785,-9.327791213989258,-9.392404556274414,-14.263638496398926,14.328251838684082,0.008821726334872437,0.09392404556274414,29.246421813964844
run_1779973890_d455f8ed,1779975517.5606525,1.0,909.0,49.0,0.005744457244873047,0.0,-6.493537425994873,18.763469696044922,-0.5744457244873047,-14.274591445922852,33.61250686645508,3.2998789038174436e-05,0.005744457244873047,29.246421813964844
run_1779973890_d455f8ed,1779975519.5516,1.0,909.0,49.0,-0.038336753845214844,0.0,-6.543128967285156,29.576440811157227,3.8336753845214844,-14.257234573364258,40.0,0.001469706695388595,0.038336753845214844,29.246421813964844
run_1779973890_d455f8ed,1779975521.5560322,1.0,909.0,49.0,-0.12648344039916992,0.0,-6.642293930053711,38.43391418457031,12.648344039916992,-14.214431762695312,40.0,0.01599806069521037,0.12648344039916992,29.246421813964844
run_1779973890_d455f8ed,1779975523.5506353,1.0,909.0,49.0,-0.170562744140625,0.0,-6.691883087158203,42.928321838378906,17.0562744140625,-14.127954483032227,40.0,0.029091649688780308,0.170562744140625,29.246421813964844
run_1779973890_d455f8ed,1779975525.5637999,1.0,909.0,49.0,-0.21464109420776367,0.0,-6.741471290588379,47.45758056640625,21.464109420776367,-14.0065279006958,40.0,0.04607079932270608,0.21464109420776367,29.246421813964844
run_1779973890_d455f8ed,1779975527.5604336,1.0,909.0,49.0,-0.21464109420776367,0.0,-6.741471290588379,47.59941101074219,21.464109420776367,-13.864699363708496,40.0,0.04607079932270608,0.21464109420776367,29.246421813964844
run_1779973890_d455f8ed,1779975529.5558522,1.0,909.0,49.0,-0.21464109420776367,0.0,-6.741471290588379,47.741241455078125,21.464109420776367,-13.722869873046875,40.0,0.04607079932270608,0.21464109420776367,29.246421813964844
run_1779973890_d455f8ed,1779975531.5536869,1.0,909.0,49.0,-0.08241701126098633,0.0,-6.592719078063965,13.596074104309082,8.241701126098633,-13.624736785888672,18.979110717773438,0.006792563745193547,0.08241701126098633,29.246421813964844
run_1779973890_d455f8ed,1779975533.5551708,1.0,909.0,49.0,-0.08241701126098633,0.0,-6.592719078063965,11.840115547180176,8.241701126098633,-13.570287704467773,17.168703079223633,0.006792563745193547,0.08241701126098633,29.246421813964844
run_1779973890_d455f8ed,1779975535.5613637,1.0,909.0,49.0,-0.08241701126098633,0.0,-6.592719078063965,10.256847381591797,8.241701126098633,-13.515838623046875,15.530985832214355,0.006792563745193547,0.08241701126098633,29.246421813964844
run_1779973890_d455f8ed,1779975537.5538518,1.0,909.0,49.0,0.005744457244873047,0.0,-6.493537425994873,-20.470600128173828,-0.5744457244873047,-13.495570182800293,-6.400583744049072,3.2998789038174436e-05,0.005744457244873047,29.246421813964844
run_1779973890_d455f8ed,1779975539.5501873,1.0,909.0,49.0,0.13799333572387695,0.0,-6.344757556915283,-63.463497161865234,-13.799333572387695,-13.517204284667969,-36.14695739746094,0.019042160704202615,0.13799333572387695,29.246421813964844
run_1779973890_d455f8ed,1779975541.5610378,1.0,909.0,49.0,0.13799333572387695,0.0,-6.344757556915283,-60.654693603515625,-13.799333572387695,-13.541743278503418,-33.31361770629883,0.019042160704202615,0.13799333572387695,29.246421813964844
run_1779973890_d455f8ed,1779975543.5506647,1.0,909.0,49.0,0.18207740783691406,0.0,-6.295163154602051,-71.78662872314453,-18.207740783691406,-13.57889175415039,-40.0,0.033152182444609934,0.18207740783691406,29.246421813964844
run_1779973890_d455f8ed,1779975545.558729,1.0,909.0,49.0,0.18207740783691406,0.0,-6.295163154602051,-68.24186706542969,-18.207740783691406,-13.618946075439453,-36.41517639160156,0.033152182444609934,0.18207740783691406,29.246421813964844
run_1779973890_d455f8ed,1779975547.549595,1.0,909.0,49.0,0.18207740783691406,0.0,-6.295163154602051,-64.80829620361328,-18.207740783691406,-13.659000396728516,-32.941558837890625,0.033152182444609934,0.18207740783691406,29.246421813964844
run_1779973890_d455f8ed,1779975549.5490057,1.0,909.0,49.0,0.13799333572387695,0.0,-6.344757556915283,-46.152435302734375,-13.799333572387695,-13.70197868347168,-18.651123046875,0.019042160704202615,0.13799333572387695,29.246421813964844
run_1779973890_d455f8ed,1779975551.5533907,1.0,909.0,49.0,0.13799333572387695,0.0,-6.344757556915283,-44.403682708740234,-13.799333572387695,-13.732346534729004,-16.87200164794922,0.019042160704202615,0.13799333572387695,29.246421813964844
run_1779973890_d455f8ed,1779975553.5630622,1.0,909.0,49.0,0.09392404556274414,0.0,-6.3943352699279785,-27.885066986083984,-9.392404556274414,-13.759800910949707,-4.7328619956970215,0.008821726334872437,0.09392404556274414,29.246421813964844
run_1779973890_d455f8ed,1779975555.5523555,1.0,909.0,49.0,0.04982709884643555,0.0,-6.443944454193115,-12.915595054626465,-4.982709884643555,-13.773674011230469,5.8407883644104,0.0024827397794524586,0.04982709884643555,29.246421813964844
run_1779973890_d455f8ed,1779975557.56322,1.0,909.0,49.0,-0.038336753845214844,0.0,-6.543128967285156,15.800007820129395,3.8336753845214844,-13.767921447753906,25.734254837036133,0.001469706695388595,0.038336753845214844,29.246421813964844
run_1779973890_d455f8ed,1779975559.558215,1.0,909.0,49.0,0.005744457244873047,0.0,-6.493537425994873,-1.1747360229492188,-0.5744457244873047,-13.761198043823242,13.160907745361328,3.2998789038174436e-05,0.005744457244873047,29.246421813964844
run_1779973890_d455f8ed,1779975561.551583,1.0,909.0,49.0,-0.08241701126098633,0.0,-6.592719078063965,25.67290687561035,8.241701126098633,-13.694849967956543,31.126054763793945,0.006792563745193547,0.08241701126098633,29.246421813964844
run_1779973890_d455f8ed,1779975563.5597384,1.0,909.0,49.0,-0.170562744140625,0.0,-6.691883087158203,43.45663833618164,17.0562744140625,-13.599637031555176,40.0,0.029091649688780308,0.170562744140625,29.246421813964844
run_1779973890_d455f8ed,1779975565.5536125,1.0,909.0,49.0,-0.25869035720825195,0.0,-6.791026592254639,52.41703796386719,25.869035720825195,-13.451996803283691,40.0,0.066920700912533,0.25869035720825195,29.246421813964844
run_1779973890_d455f8ed,1779975567.5633652,1.0,909.0,49.0,-0.25869035720825195,0.0,-6.791026592254639,52.587955474853516,25.869035720825195,-13.28108024597168,40.0,0.066920700912533,0.25869035720825195,29.246421813964844
run_1779973890_d455f8ed,1779975569.558946,1.0,909.0,49.0,-0.25869035720825195,0.0,-6.791026592254639,52.758872985839844,25.869035720825195,-13.110163688659668,40.0,0.066920700912533,0.25869035720825195,29.246421813964844
run_1779973890_d455f8ed,1779975571.5523381,nan,nan,nan,-0.25869035720825195,nan,-6.791026592254639,nan,nan,nan,nan,nan,nan,29.246421813964844
