run_id,timestamp,kp,ki,kd,temp,temp_ref,temp_raw,temp_u,temp_u_p,temp_u_i,temp_u_d,sq_error,mae,start_temp
run_1776898774_8b782021,1776899256.64781,7.0,604.0,13.0,28.04460334777832,0.0,25.04646110534668,-100.0,-100.0,0.0,0.9120389819145204,786.499776934219,28.04460334777832,28.04460334777832
run_1776898774_8b782021,1776899258.3447294,7.0,604.0,13.0,28.04460334777832,0.0,25.04646110534668,-100.0,-100.0,0.0,0.8250401616096497,786.499776934219,28.04460334777832,28.04460334777832
run_1776898774_8b782021,1776899260.3428788,7.0,604.0,13.0,28.04460334777832,0.0,25.04646110534668,-100.0,-100.0,0.0,0.7463399171829224,786.499776934219,28.04460334777832,28.04460334777832
run_1776898774_8b782021,1776899262.360095,7.0,604.0,13.0,28.04460334777832,0.0,25.04646110534668,-100.0,-100.0,0.0,0.6751468777656555,786.499776934219,28.04460334777832,28.04460334777832
run_1776898774_8b782021,1776899264.357046,7.0,604.0,13.0,27.95231437683105,0.0,24.94635391235352,-100.0,-100.0,0.0,1.4418041706085205,781.3318790211961,27.95231437683105,28.04460334777832
run_1776898774_8b782021,1776899266.3569057,7.0,604.0,13.0,27.95231437683105,0.0,24.94635391235352,-100.0,-100.0,0.0,1.304271221160889,781.3318790211961,27.95231437683105,28.04460334777832
run_1776898774_8b782021,1776899268.3549323,7.0,604.0,13.0,27.907793045043945,0.0,24.89626693725586,-100.0,-100.0,0.0,1.5932695865631104,778.8449126450032,27.907793045043945,28.04460334777832
run_1776898774_8b782021,1776899270.3538609,7.0,604.0,13.0,27.907793045043945,0.0,24.89626693725586,-100.0,-100.0,0.0,1.4412884712219238,778.8449126450032,27.907793045043945,28.04460334777832
run_1776898774_8b782021,1776899272.3513117,7.0,604.0,13.0,27.86327362060547,0.0,24.84618377685547,-100.0,-100.0,0.0,1.6930662393569946,776.3620168567286,27.86327362060547,28.04460334777832
run_1776898774_8b782021,1776899274.3629072,7.0,604.0,13.0,27.818754196166992,0.0,24.796098709106445,-100.0,-100.0,0.0,1.9367536306381223,773.8830850267586,27.818754196166992,28.04460334777832
run_1776898774_8b782021,1776899276.349409,7.0,604.0,13.0,27.77429580688477,0.0,24.746082305908203,-100.0,-100.0,0.0,2.140735387802124,771.4115075683367,27.77429580688477,28.04460334777832
run_1776898774_8b782021,1776899278.345413,7.0,604.0,13.0,27.72977828979492,0.0,24.69599914550781,-100.0,-100.0,0.0,2.341703414916992,768.9406040011818,27.72977828979492,28.04460334777832
run_1776898774_8b782021,1776899280.3563435,7.0,604.0,13.0,27.68528938293457,0.0,24.64595031738281,-100.0,-100.0,0.0,2.507323741912842,766.4752482168296,27.68528938293457,28.04460334777832
run_1776898774_8b782021,1776899282.3462949,7.0,604.0,13.0,27.640771865844727,0.0,24.59586906433105,-100.0,-100.0,0.0,2.673322916030884,764.0122693396734,27.640771865844727,28.04460334777832
run_1776898774_8b782021,1776899284.3542356,7.0,604.0,13.0,27.640771865844727,0.0,24.59586906433105,-100.0,-100.0,0.0,2.418316602706909,764.0122693396734,27.640771865844727,28.04460334777832
run_1776898774_8b782021,1776899286.3588293,7.0,604.0,13.0,27.59628677368164,0.0,24.545822143554688,-100.0,-100.0,0.0,2.5688748359680176,761.5550436952763,27.59628677368164,28.04460334777832
run_1776898774_8b782021,1776899288.3572578,7.0,604.0,13.0,27.55177497863769,0.0,24.495746612548828,-100.0,-100.0,0.0,2.7130255699157715,759.1003044734862,27.55177497863769,28.04460334777832
run_1776898774_8b782021,1776899290.3519757,7.0,604.0,13.0,27.50731658935547,0.0,24.445730209350582,-100.0,-100.0,0.0,2.858864545822144,756.6524659470306,27.50731658935547,28.04460334777832
run_1776898774_8b782021,1776899292.3455858,7.0,604.0,13.0,27.462833404541016,0.0,24.395687103271484,-100.0,-100.0,0.0,2.975103616714477,754.2072186055739,27.462833404541016,28.04460334777832
run_1776898774_8b782021,1776899294.344214,7.0,604.0,13.0,27.41831970214844,0.0,24.345609664916992,-100.0,-100.0,0.0,3.0964460372924805,751.7642552892212,27.41831970214844,28.04460334777832
run_1776898774_8b782021,1776899296.3728752,7.0,604.0,13.0,27.41831970214844,0.0,24.345609664916992,-100.0,-100.0,0.0,2.801077365875244,751.7642552892212,27.41831970214844,28.04460334777832
run_1776898774_8b782021,1776899298.364763,7.0,604.0,13.0,27.373836517333984,0.0,24.295564651489254,-100.0,-100.0,0.0,2.9151084423065186,749.3269256777276,27.373836517333984,28.04460334777832
run_1776898774_8b782021,1776899300.362028,7.0,604.0,13.0,27.329294204711918,0.0,24.24545669555664,-100.0,-100.0,0.0,3.0264992713928223,746.8903217277002,27.329294204711918,28.04460334777832
run_1776898774_8b782021,1776899302.3444312,7.0,604.0,13.0,27.284839630126957,0.0,24.195446014404297,-100.0,-100.0,0.0,3.142401218414306,744.4624736417463,27.284839630126957,28.04460334777832
run_1776898774_8b782021,1776899304.3559597,7.0,604.0,13.0,27.284839630126957,0.0,24.195446014404297,-100.0,-100.0,0.0,2.84264874458313,744.4624736417463,27.284839630126957,28.04460334777832
run_1776898774_8b782021,1776899306.3537085,7.0,604.0,13.0,27.195850372314453,0.0,24.095333099365234,-100.0,-100.0,0.0,3.3577685356140137,739.6142774733162,27.195850372314453,28.04460334777832
run_1776898774_8b782021,1776899308.3679907,7.0,604.0,13.0,27.195850372314453,0.0,24.095333099365234,-100.0,-100.0,0.0,3.037472724914551,739.6142774733162,27.195850372314453,28.04460334777832
run_1776898774_8b782021,1776899310.3485029,7.0,604.0,13.0,27.151344299316406,0.0,24.045263290405277,-100.0,-100.0,0.0,3.152796745300293,737.1954972600215,27.151344299316406,28.04460334777832
run_1776898774_8b782021,1776899312.357844,7.0,604.0,13.0,27.151344299316406,0.0,24.045263290405277,-100.0,-100.0,0.0,2.852053165435791,737.1954972600215,27.151344299316406,28.04460334777832
run_1776898774_8b782021,1776899314.3559265,7.0,604.0,13.0,27.10686492919922,0.0,23.99522399902344,-100.0,-100.0,0.0,2.961188077926636,734.7821262898506,27.10686492919922,28.04460334777832
run_1776898774_8b782021,1776899316.3476584,7.0,604.0,13.0,27.06238555908203,0.0,23.94518280029297,-100.0,-100.0,0.0,3.075509786605835,732.3727121484117,27.06238555908203,28.04460334777832
run_1776898774_8b782021,1776899318.344937,7.0,604.0,13.0,27.01790809631348,0.0,23.8951473236084,-100.0,-100.0,0.0,3.1869451999664307,729.9673579008413,27.01790809631348,28.04460334777832
run_1776898774_8b782021,1776899320.3581357,7.0,604.0,13.0,27.01790809631348,0.0,23.8951473236084,-100.0,-100.0,0.0,2.882944345474243,729.9673579008413,27.01790809631348,28.04460334777832
run_1776898774_8b782021,1776899322.3561835,7.0,604.0,13.0,26.97340202331543,0.0,23.84507751464844,-100.0,-100.0,0.0,2.989361524581909,727.5644167113969,26.97340202331543,28.04460334777832
run_1776898774_8b782021,1776899324.353773,7.0,604.0,13.0,26.97340202331543,0.0,23.84507751464844,-100.0,-100.0,0.0,2.7042078971862797,727.5644167113969,26.97340202331543,28.04460334777832
run_1776898774_8b782021,1776899326.3522089,7.0,604.0,13.0,26.928926467895508,0.0,23.795042037963867,-100.0,-100.0,0.0,2.82741379737854,725.1670807133232,26.928926467895508,28.04460334777832
run_1776898774_8b782021,1776899328.3532882,7.0,604.0,13.0,26.884422302246094,0.0,23.74497413635254,-100.0,-100.0,0.0,2.9547176361083984,722.7721625255072,26.884422302246094,28.04460334777832
run_1776898774_8b782021,1776899330.3595994,7.0,604.0,13.0,26.839948654174805,0.0,23.694942474365234,-100.0,-100.0,0.0,3.0776402950286865,720.3828437587399,26.839948654174805,28.04460334777832
run_1776898774_8b782021,1776899332.3491454,7.0,604.0,13.0,26.839948654174805,0.0,23.694942474365234,-100.0,-100.0,0.0,2.784066200256348,720.3828437587399,26.839948654174805,28.04460334777832
run_1776898774_8b782021,1776899334.342753,7.0,604.0,13.0,26.79547119140625,0.0,23.64490509033203,-100.0,-100.0,0.0,2.8996710777282715,717.9972763694823,26.79547119140625,28.04460334777832
run_1776898774_8b782021,1776899336.3715005,7.0,604.0,13.0,26.79547119140625,0.0,23.64490509033203,-100.0,-100.0,0.0,2.623072862625122,717.9972763694823,26.79547119140625,28.04460334777832
run_1776898774_8b782021,1776899338.365312,7.0,604.0,13.0,26.75096893310547,0.0,23.594839096069336,-100.0,-100.0,0.0,2.754246711730957,715.6143388599739,26.75096893310547,28.04460334777832
run_1776898774_8b782021,1776899340.3596003,7.0,604.0,13.0,26.70649528503418,0.0,23.54480743408203,-100.0,-100.0,0.0,2.888257503509521,713.2368904095529,26.70649528503418,28.04460334777832
run_1776898774_8b782021,1776899342.354715,7.0,604.0,13.0,26.70649528503418,0.0,23.54480743408203,-100.0,-100.0,0.0,2.61274790763855,713.2368904095529,26.70649528503418,28.04460334777832
run_1776898774_8b782021,1776899344.34913,7.0,604.0,13.0,26.66199493408203,0.0,23.49474334716797,-100.0,-100.0,0.0,2.7604947090148926,710.8619738650159,26.66199493408203,28.04460334777832
run_1776898774_8b782021,1776899346.3433356,7.0,604.0,13.0,26.61752319335937,0.0,23.444713592529297,-100.0,-100.0,0.0,2.9101245403289795,708.4925409490243,26.61752319335937,28.04460334777832
run_1776898774_8b782021,1776899348.3528223,7.0,604.0,13.0,26.61752319335937,0.0,23.444713592529297,-100.0,-100.0,0.0,2.632529258728028,708.4925409490243,26.61752319335937,28.04460334777832
run_1776898774_8b782021,1776899350.3502412,7.0,604.0,13.0,26.57305145263672,0.0,23.394681930541992,-100.0,-100.0,0.0,2.794365167617798,706.1270635044784,26.57305145263672,28.04460334777832
run_1776898774_8b782021,1776899352.3502529,7.0,604.0,13.0,26.57305145263672,0.0,23.394681930541992,-100.0,-100.0,0.0,2.5278117656707764,706.1270635044784,26.57305145263672,28.04460334777832
run_1776898774_8b782021,1776899354.3435187,7.0,604.0,13.0,26.528583526611328,0.0,23.344655990600582,-100.0,-100.0,0.0,2.667778491973877,703.7657439283939,26.528583526611328,28.04460334777832
run_1776898774_8b782021,1776899356.35541,7.0,604.0,13.0,26.528583526611328,0.0,23.344655990600582,-100.0,-100.0,0.0,2.4133007526397705,703.7657439283939,26.528583526611328,28.04460334777832
run_1776898774_8b782021,1776899358.3568425,7.0,604.0,13.0,26.48408317565918,0.0,23.29459381103516,-100.0,-100.0,0.0,2.5644681453704834,701.4066616552336,26.48408317565918,28.04460334777832
run_1776898774_8b782021,1776899360.35412,7.0,604.0,13.0,26.439584732055664,0.0,23.24453353881836,-100.0,-100.0,0.0,2.7168030738830566,699.051640803551,26.439584732055664,28.04460334777832
run_1776898774_8b782021,1776899362.3557074,7.0,604.0,13.0,26.439584732055664,0.0,23.24453353881836,-100.0,-100.0,0.0,2.457648754119873,699.051640803551,26.439584732055664,28.04460334777832
run_1776898774_8b782021,1776899364.353799,7.0,604.0,13.0,26.395118713378903,0.0,23.194509506225582,-100.0,-100.0,0.0,2.6198840141296387,696.7022918933653,26.395118713378903,28.04460334777832
run_1776898774_8b782021,1776899366.3465924,7.0,604.0,13.0,26.350648880004883,0.0,23.144479751586918,-100.0,-100.0,0.0,2.7829086780548096,694.3566963973026,26.350648880004883,28.04460334777832
run_1776898774_8b782021,1776899368.3556695,7.0,604.0,13.0,26.350648880004883,0.0,23.144479751586918,-100.0,-100.0,0.0,2.517448663711548,694.3566963973026,26.350648880004883,28.04460334777832
run_1776898774_8b782021,1776899370.3502662,7.0,604.0,13.0,26.306182861328125,0.0,23.09445571899414,-100.0,-100.0,0.0,2.666105031967163,692.0152567336336,26.306182861328125,28.04460334777832
run_1776898774_8b782021,1776899372.3453443,7.0,604.0,13.0,26.26171493530273,0.0,23.04442977905273,-100.0,-100.0,0.0,2.8084726333618164,689.6776713431027,26.26171493530273,28.04460334777832
run_1776898774_8b782021,1776899374.3410878,7.0,604.0,13.0,26.21722412109375,0.0,22.99437713623047,-100.0,-100.0,0.0,2.9537031650543213,687.34284061566,26.21722412109375,28.04460334777832
run_1776898774_8b782021,1776899376.357045,7.0,604.0,13.0,26.1727294921875,0.0,22.944320678710938,-100.0,-100.0,0.0,3.0688750743865967,685.0117690712214,26.1727294921875,28.04460334777832
run_1776898774_8b782021,1776899378.351205,7.0,604.0,13.0,26.128292083740234,0.0,22.89432907104492,-100.0,-100.0,0.0,3.188769578933716,682.6876472132426,26.128292083740234,28.04460334777832
run_1776898774_8b782021,1776899380.3460608,7.0,604.0,13.0,26.083799362182617,0.0,22.844274520874023,-100.0,-100.0,0.0,3.2815020084381104,680.3645891665983,26.083799362182617,28.04460334777832
run_1776898774_8b782021,1776899382.3623936,7.0,604.0,13.0,25.994848251342773,0.0,22.744203567504883,-100.0,-100.0,0.0,3.770355224609375,675.7321356103384,25.994848251342773,28.04460334777832
run_1776898774_8b782021,1776899384.3513694,7.0,604.0,13.0,25.95035552978516,0.0,22.694150924682617,-100.0,-100.0,0.0,3.807610273361206,673.420952122251,25.95035552978516,28.04460334777832
run_1776898774_8b782021,1776899386.3500962,7.0,604.0,13.0,25.861433029174805,0.0,22.594112396240234,-100.0,-100.0,0.0,4.246025562286377,668.8137183224935,25.861433029174805,28.04460334777832
run_1776898774_8b782021,1776899388.3654273,7.0,604.0,13.0,25.81697654724121,0.0,22.544097900390625,-100.0,-100.0,0.0,4.245615482330322,666.5162780408027,25.81697654724121,28.04460334777832
run_1776898774_8b782021,1776899390.359866,7.0,604.0,13.0,25.728031158447266,0.0,22.444034576416016,-100.0,-100.0,0.0,4.642432689666748,661.9315872900333,25.728031158447266,28.04460334777832
run_1776898774_8b782021,1776899392.35421,7.0,604.0,13.0,25.683574676513672,0.0,22.39402198791504,-100.0,-100.0,0.0,4.604208946228027,659.6460081640544,25.683574676513672,28.04460334777832
run_1776898774_8b782021,1776899394.365685,7.0,604.0,13.0,25.55017852783203,0.0,22.24394989013672,-100.0,-100.0,0.0,5.355479717254639,652.811622804089,25.55017852783203,28.04460334777832
run_1776898774_8b782021,1776899396.343747,7.0,604.0,13.0,25.505664825439453,0.0,22.193872451782227,-100.0,-100.0,0.0,5.249759197235107,650.5389381876594,25.505664825439453,28.04460334777832
run_1776898774_8b782021,1776899398.354656,7.0,604.0,13.0,25.372303009033203,0.0,22.043842315673828,-100.0,-100.0,0.0,5.9391679763793945,643.7537599821953,25.372303009033203,28.04460334777832
run_1776898774_8b782021,1776899400.352663,7.0,604.0,13.0,25.32785415649414,0.0,21.99383544921875,-100.0,-100.0,0.0,5.77717924118042,641.5001961726375,25.32785415649414,28.04460334777832
run_1776898774_8b782021,1776899402.3529174,7.0,604.0,13.0,25.194469451904297,0.0,21.84377861022949,-100.0,-100.0,0.0,6.416460990905762,634.7612909629388,25.194469451904297,28.04460334777832
run_1776898774_8b782021,1776899404.3450286,7.0,604.0,13.0,25.150020599365234,0.0,21.793773651123047,-100.0,-100.0,0.0,6.208944320678711,632.5235361484956,25.150020599365234,28.04460334777832
run_1776898774_8b782021,1776899406.383492,7.0,604.0,13.0,25.01659393310547,0.0,21.643667221069336,-100.0,-100.0,0.0,6.807418346405029,625.8299720138893,25.01659393310547,28.04460334777832
run_1776898774_8b782021,1776899408.3522944,7.0,604.0,13.0,24.927698135375977,0.0,21.54366111755371,-100.0,-100.0,0.0,6.967137813568115,621.3901343284269,24.927698135375977,28.04460334777832
run_1776898774_8b782021,1776899410.354648,7.0,604.0,13.0,24.794336318969727,0.0,21.39362907409668,-100.0,-100.0,0.0,7.492718696594238,614.7591134981813,24.794336318969727,28.04460334777832
run_1776898774_8b782021,1776899412.350711,7.0,604.0,13.0,24.70544815063477,0.0,21.293630599975582,-100.0,-100.0,0.0,7.586997032165527,610.3591683237028,24.70544815063477,28.04460334777832
run_1776898774_8b782021,1776899414.3496575,7.0,604.0,13.0,24.527645111083984,0.0,21.093599319458008,-100.0,-100.0,0.0,8.466109275817871,601.6053746952821,24.527645111083984,28.04460334777832
run_1776898774_8b782021,1776899416.351817,7.0,604.0,13.0,24.483177185058597,0.0,21.0435733795166,-100.0,-100.0,0.0,8.063253402709961,599.4259650749736,24.483177185058597,28.04460334777832
run_1776898774_8b782021,1776899418.3620465,7.0,604.0,13.0,24.305397033691406,0.0,20.84357070922852,-100.0,-100.0,0.0,8.896733283996582,590.752324965375,24.305397033691406,28.04460334777832
run_1776898774_8b782021,1776899420.347828,7.0,604.0,13.0,24.216514587402344,0.0,20.74357795715332,-100.0,-100.0,0.0,8.857032775878906,586.4395787618705,24.216514587402344,28.04460334777832
run_1776898774_8b782021,1776899422.3581042,7.0,604.0,13.0,24.127613067626957,0.0,20.6435661315918,-100.0,-100.0,0.0,8.7894868850708,582.1417123411229,24.127613067626957,28.04460334777832
run_1776898774_8b782021,1776899424.352423,7.0,604.0,13.0,23.949857711791992,0.0,20.44359016418457,-100.0,-100.0,0.0,9.521660804748535,573.5956844150824,23.949857711791992,28.04460334777832
run_1776898774_8b782021,1776899426.3623466,7.0,604.0,13.0,23.90539932250977,0.0,20.393573760986328,-100.0,-100.0,0.0,9.002123832702637,571.4681167686504,23.90539932250977,28.04460334777832
run_1776898774_8b782021,1776899428.3435633,7.0,604.0,13.0,23.683202743530277,0.0,20.14360237121582,-100.0,-100.0,0.0,10.094879150390623,560.8940921911599,23.683202743530277,28.04460334777832
run_1776898774_8b782021,1776899430.3534825,7.0,604.0,13.0,23.638790130615234,0.0,20.093637466430664,-100.0,-100.0,0.0,9.52026081085205,558.7923988392722,23.638790130615234,28.04460334777832
run_1776898774_8b782021,1776899432.3611238,7.0,604.0,13.0,23.46104621887207,0.0,19.8936767578125,-100.0,-100.0,0.0,10.18262004852295,550.4206896840515,23.46104621887207,28.04460334777832
run_1776898774_8b782021,1776899434.4026482,7.0,604.0,13.0,23.37218475341797,0.0,19.79370880126953,-100.0,-100.0,0.0,9.988277435302734,546.2590201479034,23.37218475341797,28.04460334777832
run_1776898774_8b782021,1776899436.3504088,7.0,604.0,13.0,23.194446563720703,0.0,19.593751907348636,-100.0,-100.0,0.0,10.605939865112305,537.9823513972951,23.194446563720703,28.04460334777832
run_1776898774_8b782021,1776899438.344037,7.0,604.0,13.0,23.10558319091797,0.0,19.4937801361084,-100.0,-100.0,0.0,10.371235847473145,533.867974592431,23.10558319091797,28.04460334777832
run_1776898774_8b782021,1776899440.350341,7.0,604.0,13.0,22.927886962890625,0.0,19.293872833251957,-100.0,-100.0,0.0,10.95200538635254,525.6880005830899,22.927886962890625,28.04460334777832
run_1776898774_8b782021,1776899442.3674593,7.0,604.0,13.0,22.79459953308105,0.0,19.14392471313477,-100.0,-100.0,0.0,11.096319198608398,519.593767873539,22.79459953308105,28.04460334777832
run_1776898774_8b782021,1776899444.3488953,7.0,604.0,13.0,22.61692237854004,0.0,18.94403839111328,-100.0,-100.0,0.0,11.60775375366211,511.5251778769052,22.61692237854004,28.04460334777832
run_1776898774_8b782021,1776899446.352415,7.0,604.0,13.0,22.528078079223636,0.0,18.844087600708008,-100.0,-100.0,0.0,11.293051719665527,507.5143019435964,22.528078079223636,28.04460334777832
run_1776898774_8b782021,1776899448.3464026,7.0,604.0,13.0,22.305980682373047,0.0,18.59422874450684,-100.0,-100.0,0.0,12.166415214538574,497.55677420239954,22.305980682373047,28.04460334777832
run_1776898774_8b782021,1776899450.350701,7.0,604.0,13.0,22.217159271240234,0.0,18.49430274963379,-100.0,-100.0,0.0,11.798219680786133,493.6021660836559,22.217159271240234,28.04460334777832
run_1776898774_8b782021,1776899452.349151,7.0,604.0,13.0,22.03950309753418,0.0,18.29444122314453,-100.0,-100.0,0.0,12.242517471313477,485.7396967862187,22.03950309753418,28.04460334777832
run_1776898774_8b782021,1776899454.3516,7.0,604.0,13.0,21.90630340576172,0.0,18.144590377807617,-100.0,-100.0,0.0,12.262948989868164,479.8861289052875,21.90630340576172,28.04460334777832
run_1776898774_8b782021,1776899456.3682928,7.0,604.0,13.0,21.7286376953125,0.0,17.944717407226562,-100.0,-100.0,0.0,12.662985801696776,472.1336960941553,21.7286376953125,28.04460334777832
run_1776898774_8b782021,1776899458.3477318,7.0,604.0,13.0,21.63982963562012,0.0,17.84480857849121,-100.0,-100.0,0.0,12.247302055358888,468.2822266586627,21.63982963562012,28.04460334777832
run_1776898774_8b782021,1776899460.3511944,7.0,604.0,13.0,21.417802810668945,0.0,17.595027923583984,-100.0,-100.0,0.0,13.029003143310549,458.7222772366986,21.417802810668945,28.04460334777832
run_1776898774_8b782021,1776899462.360997,7.0,604.0,13.0,21.329004287719727,0.0,17.49513053894043,-100.0,-100.0,0.0,12.578320503234863,454.9264239055665,21.329004287719727,28.04460334777832
run_1776898774_8b782021,1776899464.341704,7.0,604.0,13.0,21.107013702392575,0.0,17.245391845703125,-100.0,-100.0,0.0,13.351717948913574,445.5060274329881,21.107013702392575,28.04460334777832
run_1776898774_8b782021,1776899466.3545425,7.0,604.0,13.0,21.018199920654297,0.0,17.145475387573242,-100.0,-100.0,0.0,12.870388984680176,441.7647279045923,21.018199920654297,28.04460334777832
run_1776898774_8b782021,1776899468.343567,7.0,604.0,13.0,20.796220779418945,0.0,16.895748138427734,-100.0,-100.0,0.0,13.615833282470703,432.4827987063363,20.796220779418945,28.04460334777832
run_1776898774_8b782021,1776899470.3403246,7.0,604.0,13.0,20.707443237304688,0.0,16.795873641967773,-100.0,-100.0,0.0,13.108986854553224,428.7982054261957,20.707443237304688,28.04460334777832
run_1776898774_8b782021,1776899472.338092,7.0,604.0,13.0,20.529909133911133,0.0,16.596147537231445,-100.0,-100.0,0.0,13.427180290222168,421.47716904664776,20.529909133911133,28.04460334777832
run_1776898774_8b782021,1776899474.3384757,7.0,604.0,13.0,20.396717071533203,0.0,16.446306228637695,-100.0,-100.0,0.0,13.3345365524292,416.026067296174,20.396717071533203,28.04460334777832
run_1776898774_8b782021,1776899476.3446388,7.0,604.0,13.0,20.219173431396484,0.0,16.246570587158203,-100.0,-100.0,0.0,13.647656440734863,408.8149742488895,20.219173431396484,28.04460334777832
run_1776898774_8b782021,1776899478.341245,7.0,604.0,13.0,20.08604049682617,0.0,16.09679412841797,-100.0,-100.0,0.0,13.533454895019531,403.44902284014097,20.08604049682617,28.04460334777832
run_1776898774_8b782021,1776899480.3385756,7.0,604.0,13.0,19.90850067138672,0.0,15.897062301635742,-100.0,-100.0,0.0,13.82754898071289,396.34839898260543,19.90850067138672,28.04460334777832
run_1776898774_8b782021,1776899482.3382783,7.0,604.0,13.0,19.77538108825684,0.0,15.74730396270752,-100.0,-100.0,0.0,13.69606876373291,391.0656971857861,19.77538108825684,28.04460334777832
run_1776898774_8b782021,1776899484.365107,7.0,604.0,13.0,19.55349540710449,0.0,15.497682571411133,-100.0,-100.0,0.0,14.386466026306152,382.33918263565647,19.55349540710449,28.04460334777832
run_1776898774_8b782021,1776899486.348029,7.0,604.0,13.0,19.46475601196289,0.0,15.397850036621094,-100.0,-100.0,0.0,13.805768013000488,378.8767266052455,19.46475601196289,28.04460334777832
run_1776898774_8b782021,1776899488.3514404,7.0,604.0,13.0,19.24289321899414,0.0,15.148255348205566,-100.0,-100.0,0.0,14.485481262207031,370.2889394376107,19.24289321899414,28.04460334777832
run_1776898774_8b782021,1776899490.3458982,7.0,604.0,13.0,19.15414810180664,0.0,15.048417091369627,-100.0,-100.0,0.0,13.895386695861816,366.8813895059429,19.15414810180664,28.04460334777832
run_1776898774_8b782021,1776899492.34963,7.0,604.0,13.0,18.932308197021484,0.0,14.798848152160645,-100.0,-100.0,0.0,14.534603118896484,358.4322936670069,18.932308197021484,28.04460334777832
run_1776898774_8b782021,1776899494.351081,7.0,604.0,13.0,18.843589782714844,0.0,14.699037551879885,-100.0,-100.0,0.0,13.939589500427246,355.08087589923525,18.843589782714844,28.04460334777832
run_1776898774_8b782021,1776899496.3523676,7.0,604.0,13.0,18.621774673461918,0.0,14.449496269226074,-100.0,-100.0,0.0,14.606121063232422,346.7704919891876,18.621774673461918,28.04460334777832
run_1776898774_8b782021,1776899498.3388455,7.0,604.0,13.0,18.53306198120117,0.0,14.349695205688477,-100.0,-100.0,0.0,14.004228591918944,343.4743863990443,18.53306198120117,28.04460334777832
run_1776898774_8b782021,1776899500.3484058,7.0,604.0,13.0,18.31130027770996,0.0,14.100213050842283,-100.0,-100.0,0.0,14.664104461669922,335.3037178604609,18.31130027770996,28.04460334777832
run_1776898774_8b782021,1776899502.343203,7.0,604.0,13.0,18.22256851196289,0.0,14.000389099121094,-100.0,-100.0,0.0,14.056852340698242,332.06200317318144,18.22256851196289,28.04460334777832
run_1776898774_8b782021,1776899504.3598385,7.0,604.0,13.0,18.000816345214844,0.0,13.750919342041016,-100.0,-100.0,0.0,14.702963829040527,324.0293890941539,18.000816345214844,28.04460334777832
run_1776898774_8b782021,1776899506.342036,7.0,604.0,13.0,17.91212272644043,0.0,13.651138305664062,-100.0,-100.0,0.0,14.091669082641602,320.84414056706373,17.91212272644043,28.04460334777832
run_1776898774_8b782021,1776899508.3484335,7.0,604.0,13.0,17.690380096435547,0.0,13.401676177978516,-100.0,-100.0,0.0,14.758435249328612,312.9495479563629,17.690380096435547,28.04460334777832
run_1776898774_8b782021,1776899510.350106,7.0,604.0,13.0,17.601665496826172,0.0,13.301875114440918,-100.0,-100.0,0.0,14.142030715942385,309.8186282621609,17.601665496826172,28.04460334777832
run_1776898774_8b782021,1776899512.374577,7.0,604.0,13.0,17.379974365234375,0.0,13.052472114562988,-100.0,-100.0,0.0,14.803516387939451,302.063508936204,17.379974365234375,28.04460334777832
run_1776898774_8b782021,1776899514.3374815,7.0,604.0,13.0,17.29129981994629,0.0,12.952713012695312,-100.0,-100.0,0.0,14.182456016540527,298.98904946327457,17.29129981994629,28.04460334777832
run_1776898774_8b782021,1776899516.3530428,7.0,604.0,13.0,17.069589614868164,0.0,12.703289031982422,-100.0,-100.0,0.0,14.84026336669922,291.3708896200151,17.069589614868164,28.04460334777832
run_1776898774_8b782021,1776899518.3423512,7.0,604.0,13.0,16.980924606323242,0.0,12.603540420532228,-100.0,-100.0,0.0,14.215612411499023,288.35180048563416,16.980924606323242,28.04460334777832
run_1776898774_8b782021,1776899520.3450568,7.0,604.0,13.0,16.759252548217773,0.0,12.354159355163574,-100.0,-100.0,0.0,14.869915008544922,280.87254597494393,16.759252548217773,28.04460334777832
run_1776898774_8b782021,1776899522.342687,7.0,604.0,13.0,16.670597076416016,0.0,12.25442123413086,-100.0,-100.0,0.0,14.242351531982422,277.9088068842102,16.670597076416016,28.04460334777832
run_1776898774_8b782021,1776899524.3584676,7.0,604.0,13.0,16.44894790649414,0.0,12.005064964294434,-100.0,-100.0,0.0,14.89389419555664,270.567887230558,16.44894790649414,28.04460334777832
run_1776898774_8b782021,1776899526.346748,7.0,604.0,13.0,16.360301971435547,0.0,11.905338287353516,-100.0,-100.0,0.0,14.263960838317873,267.65948059655784,16.360301971435547,28.04460334777832
run_1776898774_8b782021,1776899528.3409731,7.0,604.0,13.0,16.138690948486328,0.0,11.65602684020996,-100.0,-100.0,0.0,14.913086891174316,260.45734553075454,16.138690948486328,28.04460334777832
run_1776898774_8b782021,1776899530.3729925,7.0,604.0,13.0,16.0500545501709,0.0,11.556310653686523,-100.0,-100.0,0.0,14.297246932983398,257.6042510634616,16.0500545501709,28.04460334777832
run_1776898774_8b782021,1776899532.350984,7.0,604.0,13.0,15.828421592712402,0.0,11.306974411010742,-100.0,-100.0,0.0,14.919371604919434,250.53893011664425,15.828421592712402,28.04460334777832
run_1776898774_8b782021,1776899534.3526046,7.0,604.0,13.0,15.739794731140137,0.0,11.207268714904783,-100.0,-100.0,0.0,14.302847862243652,247.7411381784268,15.739794731140137,28.04460334777832
run_1776898774_8b782021,1776899536.3440144,7.0,604.0,13.0,15.518245697021484,0.0,10.958025932312012,-100.0,-100.0,0.0,14.923691749572754,240.81594951312584,15.518245697021484,28.04460334777832
run_1776898774_8b782021,1776899538.3685198,7.0,604.0,13.0,15.385299682617188,0.0,10.80846118927002,-100.0,-100.0,0.0,14.710122108459473,236.70744632394053,15.385299682617188,28.04460334777832
run_1776898774_8b782021,1776899540.3440783,7.0,604.0,13.0,15.163745880126951,0.0,10.55921459197998,-100.0,-100.0,0.0,15.316174507141112,229.93918911706717,15.163745880126951,28.04460334777832
run_1776898774_8b782021,1776899542.342211,7.0,604.0,13.0,15.075139045715332,0.0,10.459531784057615,-100.0,-100.0,0.0,14.661616325378418,227.25981724765097,15.075139045715332,28.04460334777832
run_1776898774_8b782021,1776899544.3514826,7.0,604.0,13.0,14.853639602661133,0.0,10.210344314575195,-100.0,-100.0,0.0,15.271795272827148,220.6306094457432,14.853639602661133,28.04460334777832
run_1776898774_8b782021,1776899546.3414035,7.0,604.0,13.0,14.764999389648438,0.0,10.110624313354492,-100.0,-100.0,0.0,14.621776580810549,218.00520697631876,14.764999389648438,28.04460334777832
run_1776898774_8b782021,1776899548.3414,7.0,604.0,13.0,14.632128715515137,0.0,9.96114444732666,-100.0,-100.0,0.0,14.388784408569336,214.09919074740264,14.632128715515137,28.04460334777832
run_1776898774_8b782021,1776899550.370458,7.0,604.0,13.0,14.454906463623049,0.0,9.761770248413086,-100.0,-100.0,0.0,14.582124710083008,208.9443208720913,14.454906463623049,28.04460334777832
run_1776898774_8b782021,1776899552.3496108,7.0,604.0,13.0,14.36634922027588,0.0,9.662142753601074,-100.0,-100.0,0.0,13.965457916259766,206.39198991892133,14.36634922027588,28.04460334777832
run_1776898774_8b782021,1776899554.3516574,7.0,604.0,13.0,14.14484691619873,0.0,9.412952423095703,-100.0,-100.0,0.0,14.578668594360352,200.07669428269676,14.14484691619873,28.04460334777832
run_1776898774_8b782021,1776899556.3497794,7.0,604.0,13.0,14.056269645690918,0.0,9.313302993774414,-100.0,-100.0,0.0,13.962502479553224,197.57871635237188,14.056269645690918,28.04460334777832
run_1776898774_8b782021,1776899558.348428,7.0,604.0,13.0,13.879110336303713,0.0,9.113999366760254,-100.0,-100.0,0.0,14.172436714172363,192.6297037272925,13.879110336303713,28.04460334777832
run_1776898774_8b782021,1776899560.3428743,7.0,604.0,13.0,13.74626636505127,0.0,8.964550018310547,-100.0,-100.0,0.0,13.982073783874512,188.95983897893984,13.74626636505127,28.04460334777832
run_1776898774_8b782021,1776899562.3709297,7.0,604.0,13.0,13.524840354919434,0.0,8.715445518493652,-100.0,-100.0,0.0,14.593013763427734,182.92130662605723,13.524840354919434,28.04460334777832
run_1776898774_8b782021,1776899564.339285,7.0,604.0,13.0,13.436283111572266,0.0,8.61581802368164,-100.0,-100.0,0.0,13.97530746459961,180.53370385432208,13.436283111572266,28.04460334777832
run_1776898774_8b782021,1776899566.3501902,7.0,604.0,13.0,13.21487808227539,0.0,8.366738319396973,-100.0,-100.0,0.0,14.586710929870604,174.6330027294025,13.21487808227539,28.04460334777832
run_1776898774_8b782021,1776899568.346539,7.0,604.0,13.0,13.126331329345703,0.0,8.267122268676758,-100.0,-100.0,0.0,13.96951389312744,172.30057416776253,13.126331329345703,28.04460334777832
run_1776898774_8b782021,1776899570.3469458,7.0,604.0,13.0,12.904950141906738,0.0,8.01806926727295,-100.0,-100.0,0.0,14.628307342529297,166.53773816509874,12.904950141906738,28.04460334777832
run_1776898774_8b782021,1776899572.3507562,7.0,604.0,13.0,12.816398620605469,0.0,7.918447971343994,-100.0,-100.0,0.0,14.007184982299805,164.26007360225776,12.816398620605469,28.04460334777832
run_1776898774_8b782021,1776899574.3451307,7.0,604.0,13.0,12.639328002929688,0.0,7.719244480133057,-100.0,-100.0,0.0,14.235594749450684,159.75261236564256,12.639328002929688,28.04460334777832
run_1776898774_8b782021,1776899576.336891,7.0,604.0,13.0,12.506511688232422,0.0,7.569826126098633,-100.0,-100.0,0.0,14.038965225219728,156.41283460789418,12.506511688232422,28.04460334777832
run_1776898774_8b782021,1776899578.3454044,7.0,604.0,13.0,12.285179138183594,0.0,7.320826053619385,-100.0,-100.0,0.0,14.643684387207031,150.9256264572614,12.285179138183594,28.04460334777832
run_1776898774_8b782021,1776899580.3543704,7.0,604.0,13.0,12.196659088134766,0.0,7.221240997314453,-100.0,-100.0,0.0,14.020813941955566,148.75849291218037,12.196659088134766,28.04460334777832
run_1776898774_8b782021,1776899582.341726,7.0,604.0,13.0,12.019611358642578,0.0,7.022063732147217,-100.0,-100.0,0.0,14.247716903686523,144.47105721280968,12.019611358642578,28.04460334777832
run_1776898774_8b782021,1776899584.3534975,7.0,604.0,13.0,11.886825561523438,0.0,6.872678279876709,-100.0,-100.0,0.0,14.0731782913208,141.296621930087,11.886825561523438,28.04460334777832
run_1776898774_8b782021,1776899586.349594,7.0,604.0,13.0,11.665567398071287,0.0,6.623763084411621,-100.0,-100.0,0.0,14.697471618652344,136.08546271894377,11.665567398071287,28.04460334777832
run_1776898774_8b782021,1776899588.350359,7.0,604.0,13.0,11.577066421508787,0.0,6.524200439453125,-100.0,-100.0,0.0,14.084980964660645,134.02846692802632,11.577066421508787,28.04460334777832
run_1776898774_8b782021,1776899590.3817203,7.0,604.0,13.0,11.355775833129885,0.0,6.275247097015381,-100.0,-100.0,0.0,14.708453178405762,128.95364477229668,11.355775833129885,28.04460334777832
run_1776898774_8b782021,1776899592.3609252,7.0,604.0,13.0,11.267282485961914,0.0,6.175693511962891,-100.0,-100.0,0.0,14.09484577178955,126.95165461846408,11.267282485961914,28.04460334777832
run_1776898774_8b782021,1776899594.347158,7.0,604.0,13.0,11.090322494506836,0.0,5.976613521575928,-100.0,-100.0,0.0,14.313920974731444,122.99525303216431,11.090322494506836,28.04460334777832
run_1776898774_8b782021,1776899596.3424115,7.0,604.0,13.0,10.957576751708984,0.0,5.827274322509766,-100.0,-100.0,0.0,14.13271141052246,120.06848826959322,10.957576751708984,28.04460334777832
run_1776898774_8b782021,1776899598.339065,7.0,604.0,13.0,10.780590057373049,0.0,5.628164291381836,-100.0,-100.0,0.0,14.371914863586426,116.2211219851306,10.780590057373049,28.04460334777832
run_1776898774_8b782021,1776899600.3471663,7.0,604.0,13.0,10.73636245727539,0.0,5.578406810760498,-100.0,-100.0,0.0,13.395529747009276,115.26947881399246,10.73636245727539,28.04460334777832
run_1776898774_8b782021,1776899602.3693175,7.0,604.0,13.0,10.515192031860352,0.0,5.329590797424316,-100.0,-100.0,0.0,14.108144760131836,110.56926346689944,10.515192031860352,28.04460334777832
run_1776898774_8b782021,1776899604.349044,7.0,604.0,13.0,10.382472038269045,0.0,5.180280685424805,-100.0,-100.0,0.0,13.946334838867188,107.79572562543854,10.382472038269045,28.04460334777832
run_1776898774_8b782021,1776899606.3494616,7.0,604.0,13.0,10.205520629882812,0.0,4.981210231781006,-100.0,-100.0,0.0,14.195815086364746,104.15265132696368,10.205520629882812,28.04460334777832
run_1776898774_8b782021,1776899608.346164,7.0,604.0,13.0,10.117063522338867,0.0,4.881697177886963,-100.0,-100.0,0.0,13.630782127380373,102.35497431503973,10.117063522338867,28.04460334777832
run_1776898774_8b782021,1776899610.3466408,7.0,604.0,13.0,9.940144538879396,0.0,4.682662963867188,-100.0,-100.0,0.0,13.91005802154541,98.80647345381384,9.940144538879396,28.04460334777832
run_1776898774_8b782021,1776899612.3456273,7.0,604.0,13.0,9.895941734313965,0.0,4.6329345703125,-100.0,-100.0,0.0,12.977506637573242,97.92966280893688,9.895941734313965,28.04460334777832
run_1776898774_8b782021,1776899614.3603675,7.0,604.0,13.0,9.674793243408203,0.0,4.3841423988342285,-100.0,-100.0,0.0,13.69815158843994,93.60162430269702,9.674793243408203,28.04460334777832
run_1776898774_8b782021,1776899616.341433,7.0,604.0,13.0,9.54212474822998,0.0,4.234890460968018,-100.0,-100.0,0.0,13.574990272521973,91.05214471078308,9.54212474822998,28.04460334777832
run_1776898774_8b782021,1776899618.3357122,7.0,604.0,13.0,9.365240097045898,0.0,4.035895347595215,-100.0,-100.0,0.0,13.85927963256836,87.70772207531627,9.365240097045898,28.04460334777832
run_1776898774_8b782021,1776899620.347801,7.0,604.0,13.0,9.32103157043457,0.0,3.986160755157471,-100.0,-100.0,0.0,12.93162441253662,86.88162953703795,9.32103157043457,28.04460334777832
run_1776898774_8b782021,1776899622.600901,7.0,604.0,13.0,9.09992504119873,0.0,3.737415552139282,-100.0,-100.0,0.0,13.656280517578123,82.80863575543572,9.09992504119873,28.04460334777832
run_1776898774_8b782021,1776899624.3471944,7.0,604.0,13.0,8.96729850769043,0.0,3.588210344314575,-100.0,-100.0,0.0,13.536741256713867,80.41244252602701,8.96729850769043,28.04460334777832
run_1776898774_8b782021,1776899626.3696911,7.0,604.0,13.0,8.834650039672852,0.0,3.4389805793762207,-100.0,-100.0,0.0,13.413928031921388,78.05104132349152,8.834650039672852,28.04460334777832
run_1776898774_8b782021,1776899628.3557382,7.0,604.0,13.0,8.702033996582031,0.0,3.289788246154785,-100.0,-100.0,0.0,13.317410469055176,75.72539567766944,8.702033996582031,28.04460334777832
run_1776898774_8b782021,1776899630.3408191,7.0,604.0,13.0,8.525186538696289,0.0,3.090834617614746,-100.0,-100.0,0.0,13.62595272064209,72.67880551956841,8.525186538696289,28.04460334777832
run_1776898774_8b782021,1776899632.3396037,7.0,604.0,13.0,8.436765670776367,0.0,2.991361379623413,-100.0,-100.0,0.0,13.114957809448242,71.1790149835906,8.436765670776367,28.04460334777832
run_1776898774_8b782021,1776899634.3388636,7.0,604.0,13.0,8.25996208190918,0.0,2.7924578189849854,-100.0,-100.0,-0.3354630172252655,13.442412376403809,68.22697359457743,8.25996208190918,28.04460334777832
run_1776898774_8b782021,1776899636.3368788,7.0,604.0,13.0,8.215742111206055,0.0,2.7427096366882324,-100.0,-100.0,-0.7252487540245056,12.554621696472168,67.49841843784452,8.215742111206055,28.04460334777832
run_1776898774_8b782021,1776899638.3445687,7.0,604.0,13.0,7.994763374328613,0.0,2.4941089153289795,-100.0,-100.0,-1.108344554901123,13.313169479370115,63.91624141150624,7.994763374328613,28.04460334777832
run_1776898774_8b782021,1776899640.373391,7.0,604.0,13.0,7.906372547149658,0.0,2.3946690559387207,-100.0,-100.0,-1.4846450090408323,12.831741333007812,62.510726854321774,7.906372547149658,28.04460334777832
run_1776898774_8b782021,1776899642.339464,7.0,604.0,13.0,7.729557991027832,0.0,2.195753335952759,-99.0763168334961,-100.0,-1.8557194471359253,13.201663970947266,59.746066736662215,7.729557991027832,28.04460334777832
run_1776898774_8b782021,1776899644.3475826,7.0,604.0,13.0,7.641176700592041,0.0,2.0963239669799805,-98.64836120605467,-100.0,-2.219475746154785,12.730789184570312,58.38758136967067,7.641176700592041,28.04460334777832
run_1776898774_8b782021,1776899646.3406198,7.0,604.0,13.0,7.420241355895996,0.0,1.8477717638015747,-95.08401489257812,-100.0,-2.576646566390991,13.496088981628418,55.05998177974925,7.420241355895996,28.04460334777832
run_1776898774_8b782021,1776899648.352744,7.0,604.0,13.0,7.331868648529053,0.0,1.7483525276184082,-94.6697006225586,-100.0,-2.9257700443267822,12.997053146362305,53.75629787928324,7.331868648529053,28.04460334777832
run_1776898774_8b782021,1776899650.349517,7.0,604.0,13.0,7.155088901519775,0.0,1.5494753122329712,-92.11165618896484,-100.0,-3.270921230316162,13.374835014343262,51.195297188651466,7.155088901519775,28.04460334777832
run_1776898774_8b782021,1776899652.3487978,7.0,604.0,13.0,7.110928535461426,0.0,1.4997944831848145,-92.70018005371094,-100.0,-3.608443975448608,12.492958068847656,50.56530463643958,7.110928535461426,28.04460334777832
run_1776898774_8b782021,1776899654.3342175,7.0,604.0,13.0,6.89003324508667,0.0,1.251287579536438,-89.0890121459961,-98.42904663085938,-3.940533399581909,13.280571937561035,47.47255811839955,6.89003324508667,28.04460334777832
run_1776898774_8b782021,1776899657.149376,14.0,390.0,24.0,6.801617622375488,0.0,1.1518203020095823,-41.68117141723633,-48.582984924316406,-4.338089466094971,11.23990535736084,46.26200228100879,6.801617622375488,28.04460334777832
run_1776898774_8b782021,1776899659.3399744,14.0,390.0,24.0,6.66909646987915,0.0,1.0027337074279783,-40.97286605834961,-47.63640594482422,-4.584561824798584,11.24810028076172,44.47684772455455,6.66909646987915,28.04460334777832
run_1776898774_8b782021,1776899661.335077,14.0,390.0,24.0,6.492386817932129,0.0,0.803935170173645,-39.554969787597656,-46.37419128417969,-4.826586723327637,11.645808219909668,42.15108659365888,6.492386817932129,28.04460334777832
run_1776898774_8b782021,1776899663.3486826,14.0,390.0,24.0,6.404041767120361,0.0,0.7045475244522095,-39.55064010620117,-45.743160247802734,-5.062623500823975,11.255142211914062,41.01175095502208,6.404041767120361,28.04460334777832
run_1776898774_8b782021,1776899665.3644445,14.0,390.0,24.0,6.271509647369385,0.0,0.5554481148719788,-38.82861709594727,-44.79650115966797,-5.294536113739014,11.262414932250977,39.33183325704727,6.271509647369385,28.04460334777832
run_1776898774_8b782021,1776899667.340207,14.0,390.0,24.0,6.139011383056641,0.0,0.4063880443572998,-38.10340118408203,-43.85008239746094,-5.521592140197754,11.268274307250977,37.68746076129901,6.139011383056641,28.04460334777832
run_1776898774_8b782021,1776899669.3439946,14.0,390.0,24.0,6.006490707397461,0.0,0.257302463054657,-37.39401626586914,-42.903507232666016,-5.742822170257568,11.252311706542969,36.07793061805205,6.006490707397461,28.04460334777832
run_1776898774_8b782021,1776899671.3332615,14.0,390.0,24.0,5.873990535736084,0.0,0.108239009976387,-36.65810012817383,-41.95707702636719,-5.960170269012451,11.259147644042969,34.50376481391709,5.873990535736084,28.04460334777832
run_1776898774_8b782021,1776899673.3439312,14.0,390.0,24.0,5.741509914398193,0.0,-0.04080131649971,-35.9178581237793,-41.01078796386719,-6.172667980194092,11.265600204467772,32.96493609713275,5.741509914398193,28.04460334777832
run_1776898774_8b782021,1776899675.3384612,14.0,390.0,24.0,5.609006881713867,0.0,-0.189867153763771,-35.1734504699707,-40.06433868408203,-6.380310535430908,11.271196365356444,31.46095819911352,5.609006881713867,28.04460334777832
run_1776898774_8b782021,1776899677.3407562,14.0,390.0,24.0,5.432346343994141,0.0,-0.3886098265647888,-33.71300506591797,-38.80247497558594,-6.583823204040527,11.673291206359863,29.510386801106502,5.432346343994141,28.04460334777832
run_1776898774_8b782021,1776899679.3360617,14.0,390.0,24.0,5.3440351486206055,0.0,-0.4879609942436218,-33.67298889160156,-38.17168045043945,-6.78103494644165,11.279727935791016,28.558711669692457,5.3440351486206055,28.04460334777832
run_1776898774_8b782021,1776899681.346105,14.0,390.0,24.0,5.255739688873291,0.0,-0.5872930288314819,-33.606075286865234,-37.54100036621094,-6.974366188049316,10.909289360046388,27.62279967719792,5.255739688873291,28.04460334777832
run_1776898774_8b782021,1776899683.3400643,14.0,390.0,24.0,5.1232590675354,0.0,-0.7363332509994507,-32.81024169921875,-36.59471130371094,-7.164217472076416,10.948687553405762,26.2477834730837,5.1232590675354,28.04460334777832
run_1776898774_8b782021,1776899685.3364165,14.0,390.0,24.0,4.990784645080566,0.0,-0.8853675723075867,-31.992053985595703,-35.648460388183594,-7.350179672241211,11.00658893585205,24.907931373571955,4.990784645080566,28.04460334777832
run_1776898774_8b782021,1776899687.337427,14.0,390.0,24.0,4.902484893798828,0.0,-0.9847038984298706,-31.872426986694336,-35.01774978637695,-7.531208515167236,10.676528930664062,24.034358133925707,4.902484893798828,28.04460334777832
run_1776898774_8b782021,1776899689.3341894,14.0,390.0,24.0,4.725896835327148,0.0,-1.183365821838379,-30.35140609741211,-33.75640869140625,-7.70787239074707,11.112874984741213,22.33410089815516,4.725896835327148,28.04460334777832
run_1776898774_8b782021,1776899691.34528,14.0,390.0,24.0,4.725896835327148,0.0,-1.183365821838379,-31.58456420898437,-33.75640869140625,-7.880979061126709,10.05282497406006,22.33410089815516,4.725896835327148,28.04460334777832
run_1776898774_8b782021,1776899693.3382237,14.0,390.0,24.0,4.505138397216797,0.0,-1.431719183921814,-29.327911376953125,-32.179561614990234,-8.049968719482422,10.901619911193848,20.29627197807713,4.505138397216797,28.04460334777832
run_1776898774_8b782021,1776899695.3506627,14.0,390.0,24.0,4.461002826690674,0.0,-1.4813719987869265,-29.84992027282715,-31.86430549621582,-8.214430809020996,10.228816032409668,19.900546219742186,4.461002826690674,28.04460334777832
run_1776898774_8b782021,1776899697.3444197,14.0,390.0,24.0,4.284426689147949,0.0,-1.6800205707550049,-28.29109764099121,-30.60304832458496,-8.37395191192627,10.685901641845703,18.356312054683254,4.284426689147949,28.04460334777832
run_1776898774_8b782021,1776899699.3394835,14.0,390.0,24.0,4.240294933319092,0.0,-1.7296682596206665,-28.78449821472168,-30.287822723388672,-8.530322074890137,10.033646583557127,17.98010112153156,4.240294933319092,28.04460334777832
run_1776898774_8b782021,1776899701.349861,14.0,390.0,24.0,4.0196027755737305,0.0,-1.9779469966888428,-26.509258270263672,-28.711450576782227,-8.681520462036133,10.883713722229004,16.157206473400038,4.0196027755737305,28.04460334777832
run_1776898774_8b782021,1776899703.3528783,14.0,390.0,24.0,3.931304693222046,0.0,-2.077282190322876,-26.32843589782715,-28.08074951171875,-8.827627182006836,10.579940795898438,15.455156590949684,3.931304693222046,28.04460334777832
run_1776898774_8b782021,1776899705.3438892,14.0,390.0,24.0,3.843038320541382,0.0,-2.176582098007202,-26.12255859375,-27.450275421142575,-8.970171928405762,10.297887802124023,14.768943533149525,3.843038320541382,28.04460334777832
run_1776898774_8b782021,1776899707.33928,14.0,390.0,24.0,3.710636138916016,0.0,-2.3255343437194824,-25.196964263916016,-26.504547119140625,-9.109243392944336,10.416828155517578,13.768820555429556,3.710636138916016,28.04460334777832
run_1776898774_8b782021,1776899709.3525183,14.0,390.0,24.0,3.622361421585083,0.0,-2.4248435497283936,-24.96731948852539,-25.874011993408203,-9.24370574951172,10.150400161743164,13.121502268587903,3.622361421585083,28.04460334777832
run_1776898774_8b782021,1776899711.3499434,14.0,390.0,24.0,3.534104585647583,0.0,-2.524132490158081,-24.7026309967041,-25.24360466003418,-9.375259399414062,9.916232109069824,12.489895222295274,3.534104585647583,28.04460334777832
run_1776898774_8b782021,1776899713.3669584,14.0,390.0,24.0,3.357583522796631,0.0,-2.7227182388305664,-23.080894470214844,-23.98274040222168,-9.500835418701172,10.40268325805664,11.273367112555434,3.357583522796631,28.04460334777832
run_1776898774_8b782021,1776899715.351385,14.0,390.0,24.0,3.2693350315093994,0.0,-2.821998357772827,-22.830713272094727,-23.352394104003903,-9.622697830200195,10.144380569458008,10.688551548254566,3.2693350315093994,28.04460334777832
run_1776898774_8b782021,1776899717.3469434,14.0,390.0,24.0,3.181072950363159,0.0,-2.921293020248413,-22.580007553100582,-22.72195053100586,-9.740034103393556,9.881976127624512,10.119225115532174,3.181072950363159,28.04460334777832
run_1776898774_8b782021,1776899719.3386123,14.0,390.0,24.0,3.0928285121917725,0.0,-3.0205681324005127,-22.31465721130371,-22.091632843017575,-9.85348892211914,9.630463600158691,9.565588205826373,3.0928285121917725,28.04460334777832
run_1776898774_8b782021,1776899721.3410983,14.0,390.0,24.0,2.960460662841797,0.0,-3.1694817543029785,-21.339778900146484,-21.146148681640625,-9.963139533996582,9.769509315490724,8.764327336233691,2.960460662841797,28.04460334777832
run_1776898774_8b782021,1776899723.3505542,14.0,390.0,24.0,2.8722095489501958,0.0,-3.2687644958496094,-21.05551147460937,-20.515783309936523,-10.068503379821776,9.52877712249756,8.249587693080684,2.8722095489501958,28.04460334777832
run_1776898774_8b782021,1776899725.3456414,14.0,390.0,24.0,2.7398366928100586,0.0,-3.4176836013793945,-20.062774658203125,-19.570262908935547,-10.170073509216309,9.67756175994873,7.506705103268359,2.7398366928100586,28.04460334777832
run_1776898774_8b782021,1776899727.3428004,14.0,390.0,24.0,2.607499599456787,0.0,-3.566563129425049,-19.059053421020508,-18.624998092651367,-10.26777172088623,9.83371639251709,6.799054161167305,2.607499599456787,28.04460334777832
run_1776898774_8b782021,1776899729.348125,14.0,390.0,24.0,2.5633790493011475,0.0,-3.616198778152466,-19.423688888549805,-18.309850692749023,-10.362070083618164,9.248230934143066,6.570912150396055,2.5633790493011475,28.04460334777832
run_1776898774_8b782021,1776899731.3321583,14.0,390.0,24.0,2.431035280227661,0.0,-3.765084981918335,-18.37244033813477,-17.364540100097656,-10.453301429748535,9.445398330688477,5.909932533711583,2.431035280227661,28.04460334777832
run_1776898774_8b782021,1776899733.342942,14.0,390.0,24.0,2.3428285121917725,0.0,-3.8643181324005127,-18.02518844604492,-16.73448944091797,-10.539925575256348,9.249226570129396,5.488845437538714,2.3428285121917725,28.04460334777832
run_1776898774_8b782021,1776899735.3334591,14.0,390.0,24.0,2.2104506492614746,0.0,-4.013243198394775,-17.0063533782959,-15.788933753967283,-10.621140480041504,9.40372085571289,4.886092072820475,2.2104506492614746,28.04460334777832
run_1776898774_8b782021,1776899737.3378425,14.0,390.0,24.0,2.166349411010742,0.0,-4.062856674194336,-17.31572151184082,-15.47392463684082,-10.700895309448242,8.859097480773926,4.69306977058659,2.166349411010742,28.04460334777832
run_1776898774_8b782021,1776899739.3393872,14.0,390.0,24.0,1.9899277687072756,0.0,-4.261331081390381,-15.551233291625977,-14.213770866394045,-10.776045799255373,9.438583374023438,3.959812524672316,1.9899277687072756,28.04460334777832
run_1776898774_8b782021,1776899742.1480262,18.0,271.0,23.0,1.8134989738464355,0.0,-4.459813594818115,-13.870946884155272,-10.074995040893556,-10.89011287689209,7.094161033630371,3.2887785281420747,1.8134989738464355,28.04460334777832
run_1776898774_8b782021,1776899744.3428771,18.0,271.0,23.0,1.7252821922302246,0.0,-4.559057712554932,-13.568130493164062,-9.584901809692385,-10.964288711547852,6.981060028076172,2.9765986428267297,1.7252821922302246,28.04460334777832
run_1776898774_8b782021,1776899746.3512378,18.0,271.0,23.0,1.637068271636963,0.0,-4.658298015594482,-13.271641731262209,-9.094823837280272,-11.033394813537598,6.856576442718506,2.679992526000433,1.637068271636963,28.04460334777832
run_1776898774_8b782021,1776899748.338528,18.0,271.0,23.0,1.504781723022461,0.0,-4.807120800018311,-12.432711601257324,-8.359898567199707,-11.098795890808104,7.025983333587647,2.2643680339424463,1.504781723022461,28.04460334777832
run_1776898774_8b782021,1776899750.3627996,18.0,271.0,23.0,1.460690975189209,0.0,-4.856722354888916,-12.64822769165039,-8.114949226379395,-11.159675598144531,6.626397132873535,2.1336181249992023,1.460690975189209,28.04460334777832
run_1776898774_8b782021,1776899752.371953,18.0,271.0,23.0,1.2842812538146973,0.0,-5.055183410644531,-11.253007888793944,-7.1348958015441895,-11.217759132385254,7.09964656829834,1.6493783388998509,1.2842812538146973,28.04460334777832
run_1776898774_8b782021,1776899754.3363078,18.0,271.0,23.0,1.240194320678711,0.0,-5.104781150817871,-11.466561317443848,-6.889968395233154,-11.269601821899414,6.693009853363037,1.5380819530437293,1.240194320678711,28.04460334777832
run_1776898774_8b782021,1776899756.343932,18.0,271.0,23.0,1.1078968048095703,0.0,-5.2536163330078125,-10.615899085998535,-6.154982566833496,-11.317289352416992,6.856372833251953,1.2274353301072551,1.1078968048095703,28.04460334777832
run_1776898774_8b782021,1776899758.3422637,18.0,271.0,23.0,0.9756040573120116,0.0,-5.402445793151856,-9.765962600708008,-5.420022487640381,-11.36026668548584,7.014327526092529,0.951803276643659,0.9756040573120116,28.04460334777832
run_1776898774_8b782021,1776899760.33479,18.0,271.0,23.0,0.9315223693847656,0.0,-5.452037334442139,-9.9484281539917,-5.175124645233154,-11.400171279907228,6.62686824798584,0.8677339246642077,0.9315223693847656,28.04460334777832
run_1776898774_8b782021,1776899762.344754,18.0,271.0,23.0,0.8433465957641602,0.0,-5.551235198974609,-9.58605670928955,-4.685258865356445,-11.43673324584961,6.53593635559082,0.7112334805869978,0.8433465957641602,28.04460334777832
run_1776898774_8b782021,1776899764.3359816,18.0,271.0,23.0,0.7110810279846191,0.0,-5.700033664703369,-8.66397762298584,-3.95045018196106,-11.471034049987791,6.757506847381592,0.5056362283596627,0.7110810279846191,28.04460334777832
run_1776898774_8b782021,1776899766.3442776,18.0,271.0,23.0,0.6670031547546387,0.0,-5.749621391296387,-8.821499824523926,-3.705573081970215,-11.499377250671388,6.383450984954834,0.4448932084526404,0.6670031547546387,28.04460334777832
run_1776898774_8b782021,1776899768.3410337,18.0,271.0,23.0,0.578819751739502,0.0,-5.848827838897705,-8.404275894165039,-3.215665340423584,-11.526540756225586,6.337930202484131,0.3350323050037787,0.578819751739502,28.04460334777832
run_1776898774_8b782021,1776899770.331432,18.0,271.0,23.0,0.4906268119812011,0.0,-5.948044776916504,-7.999687671661377,-2.7257046699523926,-11.548648834228516,6.274665355682373,0.2407146686348369,0.4906268119812011,28.04460334777832
run_1776898774_8b782021,1776899772.3405757,18.0,271.0,23.0,0.4465527534484863,0.0,-5.997628211975098,-8.091812133789062,-2.480848789215088,-11.56867504119873,5.957712650299072,0.1994093616124246,0.4465527534484863,28.04460334777832
run_1776898774_8b782021,1776899774.3386817,18.0,271.0,23.0,0.3583908081054687,0.0,-6.096810340881348,-7.645893096923828,-1.9910600185394287,-11.585359573364258,5.9305267333984375,0.1284439713344909,0.3583908081054687,28.04460334777832
run_1776898774_8b782021,1776899776.3474777,18.0,271.0,23.0,0.2261614799499511,0.0,-6.24556827545166,-6.677333831787109,-1.2564526796340942,-11.597617149353027,6.176735877990723,0.0511490150131521,0.2261614799499511,28.04460334777832
run_1776898774_8b782021,1776899778.3349178,18.0,271.0,23.0,0.2261614799499511,0.0,-6.24556827545166,-7.275798797607422,-1.2564526796340942,-11.60688591003418,5.5875396728515625,0.0511490150131521,0.2261614799499511,28.04460334777832
run_1776898774_8b782021,1776899780.3344164,18.0,271.0,23.0,0.0498270988464355,0.0,-6.443944454193115,-5.742202758789063,-0.2768172323703766,-11.613629341125488,6.1482439041137695,0.0024827397794524,0.0498270988464355,28.04460334777832
run_1776898774_8b782021,1776899782.347427,18.0,271.0,23.0,0.005744457244873,0.0,-6.493537425994873,-5.814437389373779,-0.0319136492908,-11.614858627319336,5.832335948944092,3.299878903817444e-05,0.005744457244873,28.04460334777832
run_1776898774_8b782021,1776899784.351701,18.0,271.0,23.0,-0.0824170112609863,0.0,-6.592719078063965,-5.3441081047058105,0.4578723013401031,-11.608346939086914,5.806365966796875,0.0067925637451935,0.0824170112609863,28.04460334777832
run_1776898774_8b782021,1776899786.337123,18.0,271.0,23.0,-0.1264834403991699,0.0,-6.642293930053711,-5.370103359222412,0.7026857733726501,-11.595758438110352,5.522968769073486,0.0159980606952103,0.1264834403991699,28.04460334777832
run_1776898774_8b782021,1776899788.3384876,18.0,271.0,23.0,-0.3027677536010742,0.0,-6.84061336517334,-3.787848472595215,1.6820430755615234,-11.575846672058104,6.105955123901367,0.0916683126206407,0.3027677536010742,28.04460334777832
run_1776898774_8b782021,1776899790.36557,18.0,271.0,23.0,-0.3027677536010742,0.0,-6.84061336517334,-4.333008766174316,1.6820430755615234,-11.53856372833252,5.52351188659668,0.0916683126206407,0.3027677536010742,28.04460334777832
run_1776898774_8b782021,1776899792.344427,18.0,271.0,23.0,-0.4349956512451172,0.0,-6.989370346069336,-3.2555878162384038,2.416642665863037,-11.49721336364746,5.824982166290283,0.1892212166021636,0.4349956512451172,28.04460334777832
run_1776898774_8b782021,1776899794.330783,18.0,271.0,23.0,-0.5231304168701172,0.0,-7.088521957397461,-2.7222065925598145,2.906280279159546,-11.438776969909668,5.8102898597717285,0.2736654330547026,0.5231304168701172,28.04460334777832
run_1776898774_8b782021,1776899796.3459554,18.0,271.0,23.0,-0.6112766265869141,0.0,-7.187685966491699,-2.171818494796753,3.395981311798096,-11.370567321777344,5.802767276763916,0.3736591142114775,0.6112766265869141,28.04460334777832
run_1776898774_8b782021,1776899798.3369482,18.0,271.0,23.0,-0.6112766265869141,0.0,-7.187685966491699,-2.650076150894165,3.395981311798096,-11.29530143737793,5.24924373626709,0.3736591142114775,0.6112766265869141,28.04460334777832
run_1776898774_8b782021,1776899800.34492,18.0,271.0,23.0,-0.7875461578369141,0.0,-7.385989189147949,-0.9821895360946656,4.375256538391113,-11.215696334838867,5.858250141143799,0.6202289507236856,0.7875461578369141,28.04460334777832
run_1776898774_8b782021,1776899802.3572986,18.0,271.0,23.0,-0.7875461578369141,0.0,-7.385989189147949,-1.4440428018569946,4.375256538391113,-11.118734359741213,5.299435138702393,0.6202289507236856,0.7875461578369141,28.04460334777832
run_1776898774_8b782021,1776899804.3357203,18.0,271.0,23.0,-0.9197392463684082,0.0,-7.5347065925598145,-0.2859864234924316,5.1096625328063965,-11.017704010009766,5.6220550537109375,0.8459202813103275,0.9197392463684082,28.04460334777832
run_1776898774_8b782021,1776899806.3350732,18.0,271.0,23.0,-0.9637908935546876,0.0,-7.584264755249023,-0.1870788633823394,5.35439395904541,-10.903099060058594,5.361626148223877,0.928892886498943,0.9637908935546876,28.04460334777832
run_1776898774_8b782021,1776899808.3445358,18.0,271.0,23.0,-1.0519099235534668,0.0,-7.683398723602295,0.4600461721420288,5.843944072723389,-10.78062915802002,5.396731376647949,1.1065144872702604,1.0519099235534668,28.04460334777832
run_1776898774_8b782021,1776899810.341689,18.0,271.0,23.0,-1.1841039657592771,0.0,-7.832117080688477,1.641061544418335,6.578355312347412,-10.647040367126465,5.709746837615967,1.402102201726848,1.1841039657592771,28.04460334777832
run_1776898774_8b782021,1776899812.3407767,18.0,271.0,23.0,-1.2722172737121582,0.0,-7.931244373321533,2.295212745666504,7.067873954772949,-10.50070571899414,5.728044033050537,1.6185367915315965,1.2722172737121582,28.04460334777832
run_1776898774_8b782021,1776899814.343905,18.0,271.0,23.0,-1.2722172737121582,0.0,-7.931244373321533,1.90545916557312,7.067873954772949,-10.344064712524414,5.181649208068848,1.6185367915315965,1.2722172737121582,28.04460334777832
run_1776898774_8b782021,1776899816.3315103,18.0,271.0,23.0,-1.316293716430664,0.0,-7.980830192565918,2.0813801288604736,7.312742710113525,-10.183897972106934,4.952535152435303,1.7326291479148497,1.316293716430664,28.04460334777832
run_1776898774_8b782021,1776899818.3568916,18.0,271.0,23.0,-1.3603544235229492,0.0,-8.03039836883545,2.2930753231048584,7.557524681091309,-10.02047634124756,4.756027221679688,1.8505641575984555,1.3603544235229492,28.04460334777832
run_1776898774_8b782021,1776899820.3448093,18.0,271.0,23.0,-1.4925050735473633,0.0,-8.179068565368652,3.5598177909851074,8.291695594787598,-9.845664978027344,5.113787651062012,2.2275713945646203,1.4925050735473633,28.04460334777832
run_1776898774_8b782021,1776899822.34039,18.0,271.0,23.0,-1.5365495681762695,0.0,-8.228618621826172,3.777634620666504,8.536386489868164,-9.660548210144045,4.901796340942383,2.3609845754626804,1.5365495681762695,28.04460334777832
run_1776898774_8b782021,1776899824.339024,18.0,271.0,23.0,-1.5365495681762695,0.0,-8.228618621826172,3.49924111366272,8.536386489868164,-9.471363067626951,4.43421745300293,2.3609845754626804,1.5365495681762695,28.04460334777832
run_1776898774_8b782021,1776899826.3377788,18.0,271.0,23.0,-1.6246514320373535,0.0,-8.327733039855957,4.296462059020996,9.025840759277344,-9.27621078491211,4.546832084655762,2.6394922756210235,1.6246514320373535,28.04460334777832
run_1776898774_8b782021,1776899828.330407,18.0,271.0,23.0,-1.668722152709961,0.0,-8.377312660217285,4.57626485824585,9.270678520202637,-9.07265281677246,4.378238677978516,2.784633622944966,1.668722152709961,28.04460334777832
run_1776898774_8b782021,1776899830.343001,18.0,271.0,23.0,-1.7568340301513672,0.0,-8.476438522338867,5.3952178955078125,9.760189056396484,-8.861228942871094,4.496257781982422,3.086465809497895,1.7568340301513672,28.04460334777832
run_1776898774_8b782021,1776899832.353437,18.0,271.0,23.0,-1.800889015197754,0.0,-8.526000022888184,5.695934772491455,10.004939079284668,-8.641397476196289,4.332393646240234,3.243201245059936,1.800889015197754,28.04460334777832
run_1776898774_8b782021,1776899834.343048,18.0,271.0,23.0,-1.9330334663391116,0.0,-8.674662590026855,7.044404983520508,10.73907470703125,-8.40909194946289,4.714422225952148,3.736618381987,1.9330334663391116,28.04460334777832
run_1776898774_8b782021,1776899836.3407755,18.0,271.0,23.0,-1.9770727157592771,0.0,-8.724206924438477,7.3458251953125,10.98373794555664,-8.167564392089844,4.52965259552002,3.908816523399764,1.9770727157592771,28.04460334777832
run_1776898774_8b782021,1776899838.338593,18.0,271.0,23.0,-1.9770727157592771,0.0,-8.724206924438477,7.157169342041016,10.98373794555664,-7.924139499664307,4.09757137298584,3.908816523399764,1.9770727157592771,28.04460334777832
run_1776898774_8b782021,1776899840.3352134,18.0,271.0,23.0,-2.02112340927124,0.0,-8.773763656616211,7.522987365722656,11.228464126586914,-7.677188396453857,3.971712350845337,4.084939835504201,2.02112340927124,28.04460334777832
run_1776898774_8b782021,1776899842.3384411,18.0,271.0,23.0,-2.1091952323913574,0.0,-8.872844696044922,8.42364501953125,11.717751502990724,-7.422372817993164,4.128266334533691,4.448704528342432,2.1091952323913574,28.04460334777832
run_1776898774_8b782021,1776899844.356297,18.0,271.0,23.0,-2.153244972229004,0.0,-8.92240047454834,8.802794456481934,11.962471961975098,-7.159149646759033,3.999472379684448,4.636463910429484,2.153244972229004,28.04460334777832
run_1776898774_8b782021,1776899846.3381643,18.0,271.0,23.0,-2.197294235229492,0.0,-8.971956253051758,9.208321571350098,12.207189559936523,-6.892672061920166,3.893803834915161,4.828101956172759,2.197294235229492,28.04460334777832
run_1776898774_8b782021,1776899848.3349638,18.0,271.0,23.0,-2.241371154785156,0.0,-9.0215425491333,9.621001243591309,12.452062606811523,-6.618600845336914,3.7875399589538574,5.023744653502945,2.241371154785156,28.04460334777832
run_1776898774_8b782021,1776899850.3431911,18.0,271.0,23.0,-2.241371154785156,0.0,-9.0215425491333,9.53567886352539,12.452062606811523,-6.342631340026856,3.426248550415039,5.023744653502945,2.241371154785156,28.04460334777832
run_1776898774_8b782021,1776899852.3523357,18.0,271.0,23.0,-2.3294363021850586,0.0,-9.12061595916748,10.519472122192385,12.941312789916992,-6.061783790588379,3.6399428844451904,5.4262734859376,2.3294363021850586,28.04460334777832
run_1776898774_8b782021,1776899854.334731,18.0,271.0,23.0,-2.2853894233703613,0.0,-9.071063041687012,9.937185287475586,12.69660758972168,-5.776329517364502,3.016906976699829,5.223004816453113,2.2853894233703613,28.04460334777832
run_1776898774_8b782021,1776899856.3450844,18.0,271.0,23.0,-2.3294363021850586,0.0,-9.12061595916748,10.448286056518556,12.941312789916992,-5.492502689361572,2.999475240707397,5.4262734859376,2.3294363021850586,28.04460334777832
run_1776898774_8b782021,1776899858.3356435,18.0,271.0,23.0,-2.3734827041625977,0.0,-9.170167922973633,10.958009719848633,13.186015129089355,-5.201082229614258,2.973076820373535,5.633420146958997,2.3734827041625977,28.04460334777832
run_1776898774_8b782021,1776899860.3991158,18.0,271.0,23.0,-2.3734827041625977,0.0,-9.170167922973633,10.96664333343506,13.186015129089355,-4.908848285675049,2.689476490020752,5.633420146958997,2.3734827041625977,28.04460334777832
run_1776898774_8b782021,1776899862.3489716,18.0,271.0,23.0,-2.3734827041625977,0.0,-9.170167922973633,11.002330780029297,13.186015129089355,-4.616613864898682,2.432928562164306,5.633420146958997,2.3734827041625977,28.04460334777832
run_1776898774_8b782021,1776899864.342311,18.0,271.0,23.0,-2.417513847351074,0.0,-9.21970272064209,11.579798698425291,13.43063259124756,-4.321938991546631,2.471105098724365,5.844373202134193,2.417513847351074,28.04460334777832
run_1776898774_8b782021,1776899866.3430548,18.0,271.0,23.0,-2.417513847351074,0.0,-9.21970272064209,11.64173984527588,13.43063259124756,-4.024281024932861,2.2353878021240234,5.844373202134193,2.417513847351074,28.04460334777832
run_1776898774_8b782021,1776899868.3395014,18.0,271.0,23.0,-2.5056018829345703,0.0,-9.318801879882812,12.761083602905272,13.920010566711426,-3.721744537353516,2.562818050384521,6.278040795765264,2.5056018829345703,28.04460334777832
run_1776898774_8b782021,1776899870.337505,18.0,271.0,23.0,-2.4615578651428223,0.0,-9.26925277709961,12.303265571594238,13.675321578979492,-3.414601802825928,2.042546033859253,6.059267123446489,2.4615578651428223,28.04460334777832
run_1776898774_8b782021,1776899872.3338373,18.0,271.0,23.0,-2.4615578651428223,0.0,-9.26925277709961,12.411503791809082,13.675321578979492,-3.1115269660949707,1.8477085828781128,6.059267123446489,2.4615578651428223,28.04460334777832
run_1776898774_8b782021,1776899874.341935,18.0,271.0,23.0,-2.4615578651428223,0.0,-9.26925277709961,12.538330078125,13.675321578979492,-2.808448553085327,1.6714566946029663,6.059267123446489,2.4615578651428223,28.04460334777832
run_1776898774_8b782021,1776899876.3398392,18.0,271.0,23.0,-2.4615578651428223,0.0,-9.26925277709961,12.681968688964844,13.675321578979492,-2.505370140075684,1.5120173692703247,6.059267123446489,2.4615578651428223,28.04460334777832
run_1776898774_8b782021,1776899878.3354592,18.0,271.0,23.0,-2.5056018829345703,0.0,-9.318801879882812,13.332478523254396,13.920010566711426,-2.193345069885254,1.605812668800354,6.278040795765264,2.5056018829345703,28.04460334777832
run_1776898774_8b782021,1776899880.3517275,18.0,271.0,23.0,-2.5056018829345703,0.0,-9.318801879882812,13.487799644470217,13.920010566711426,-1.8848464488983157,1.4526352882385254,6.278040795765264,2.5056018829345703,28.04460334777832
run_1776898774_8b782021,1776899882.3306725,18.0,271.0,23.0,-2.5056018829345703,0.0,-9.318801879882812,13.657732009887695,13.920010566711426,-1.576347589492798,1.3140690326690674,6.278040795765264,2.5056018829345703,28.04460334777832
run_1776898774_8b782021,1776899884.3485909,18.0,271.0,23.0,-2.5056018829345703,0.0,-9.318801879882812,13.8408842086792,13.920010566711426,-1.2678470611572266,1.1887208223342896,6.278040795765264,2.5056018829345703,28.04460334777832
run_1776898774_8b782021,1776899886.3507438,18.0,271.0,23.0,-2.5056018829345703,0.0,-9.318801879882812,14.035992622375488,13.920010566711426,-0.9593464136123656,1.0753295421600342,6.278040795765264,2.5056018829345703,28.04460334777832
run_1776898774_8b782021,1776899888.3446343,18.0,271.0,23.0,-2.5496315956115723,0.0,-9.368335723876951,14.759212493896484,14.164620399475098,-0.6484062671661377,1.2429980039596558,6.500621273340812,2.5496315956115723,28.04460334777832
run_1776898774_8b782021,1776899890.3384352,18.0,271.0,23.0,-2.5056018829345703,0.0,-9.318801879882812,14.428382873535156,13.920010566711426,-0.3347555100917816,0.8431283831596375,6.278040795765264,2.5056018829345703,28.04460334777832
run_1776898774_8b782021,1776899892.3324022,18.0,271.0,23.0,-2.5056018829345703,0.0,-9.318801879882812,14.656458854675291,13.920010566711426,-0.0262549147009849,0.7627028226852417,6.278040795765264,2.5056018829345703,28.04460334777832
run_1776898774_8b782021,1776899894.343942,18.0,271.0,23.0,-2.5056018829345703,0.0,-9.318801879882812,14.707012176513672,13.920010566711426,0.0970527753233909,0.6899489760398865,6.278040795765264,2.5056018829345703,28.04460334777832
run_1776898774_8b782021,1776899896.3418014,18.0,271.0,23.0,-2.5056018829345703,0.0,-9.318801879882812,14.743928909301758,13.920010566711426,0.1997834742069244,0.6241350173950195,6.278040795765264,2.5056018829345703,28.04460334777832
run_1776898774_8b782021,1776899898.3363235,18.0,271.0,23.0,-2.5056018829345703,0.0,-9.318801879882812,14.787123680114746,13.920010566711426,0.3025144040584564,0.5645991563796997,6.278040795765264,2.5056018829345703,28.04460334777832
run_1776898774_8b782021,1776899900.363268,18.0,271.0,23.0,-2.4615578651428223,0.0,-9.26925277709961,14.320164680480955,13.675321578979492,0.4044326543807983,0.2404108941555023,6.059267123446489,2.4615578651428223,28.04460334777832
run_1776898774_8b782021,1776899902.342876,18.0,271.0,23.0,-2.4615578651428223,0.0,-9.26925277709961,14.37791633605957,13.675321578979492,0.506801962852478,0.1957916915416717,6.059267123446489,2.4615578651428223,28.04460334777832
run_1776898774_8b782021,1776899904.3845863,18.0,271.0,23.0,-2.4615578651428223,0.0,-9.26925277709961,14.460163116455078,13.675321578979492,0.6077265739440918,0.1771152466535568,6.059267123446489,2.4615578651428223,28.04460334777832
run_1776898774_8b782021,1776899906.331699,18.0,271.0,23.0,-2.5056018829345703,0.0,-9.318801879882812,15.070363998413086,13.920010566711426,0.7087414860725403,0.4416123628616333,6.278040795765264,2.5056018829345703,28.04460334777832
run_1776898774_8b782021,1776899908.3384838,18.0,271.0,23.0,-2.5056018829345703,0.0,-9.318801879882812,15.130970001220703,13.920010566711426,0.8114719986915588,0.3994872868061065,6.278040795765264,2.5056018829345703,28.04460334777832
run_1776898774_8b782021,1776899910.3439784,18.0,271.0,23.0,-2.4615578651428223,0.0,-9.26925277709961,14.700108528137209,13.675321578979492,0.9119452238082886,0.1128420233726501,6.059267123446489,2.4615578651428223,28.04460334777832
run_1776898774_8b782021,1776899912.3507764,18.0,271.0,23.0,-2.4615578651428223,0.0,-9.26925277709961,14.79026985168457,13.675321578979492,1.0128707885742188,0.1020781099796295,6.059267123446489,2.4615578651428223,28.04460334777832
run_1776898774_8b782021,1776899914.3356364,18.0,271.0,23.0,-2.417513847351074,0.0,-9.21970272064209,14.370630264282228,13.43063259124756,1.1126219034194946,-0.1726243048906326,5.844373202134193,2.417513847351074,28.04460334777832
run_1776898774_8b782021,1776899916.3382175,18.0,271.0,23.0,-2.3734827041625977,0.0,-9.170167922973633,13.97053337097168,13.186015129089355,1.2109285593032837,-0.4264101386070251,5.633420146958997,2.3734827041625977,28.04460334777832
run_1776898774_8b782021,1776899918.3370056,18.0,271.0,23.0,-2.3734827041625977,0.0,-9.170167922973633,14.10852336883545,13.186015129089355,1.3082424402236938,-0.3857351243495941,5.633420146958997,2.3734827041625977,28.04460334777832
run_1776898774_8b782021,1776899920.3350942,18.0,271.0,23.0,-2.3734827041625977,0.0,-9.170167922973633,14.242630958557127,13.186015129089355,1.405556321144104,-0.3489400744438171,5.633420146958997,2.3734827041625977,28.04460334777832
run_1776898774_8b782021,1776899922.3335218,18.0,271.0,23.0,-2.3294363021850586,0.0,-9.12061595916748,13.862374305725098,12.941312789916992,1.5016958713531494,-0.5806344747543335,5.4262734859376,2.3294363021850586,28.04460334777832
run_1776898774_8b782021,1776899924.3630629,18.0,271.0,23.0,-2.3734827041625977,0.0,-9.170167922973633,14.529128074645996,13.186015129089355,1.5980151891708374,-0.2549020946025848,5.633420146958997,2.3734827041625977,28.04460334777832
run_1776898774_8b782021,1776899926.3322146,18.0,271.0,23.0,-2.3294363021850586,0.0,-9.12061595916748,14.139901161193848,12.941312789916992,1.6941553354263306,-0.4955666661262512,5.4262734859376,2.3294363021850586,28.04460334777832
run_1776898774_8b782021,1776899928.3780434,18.0,271.0,23.0,-2.2853894233703613,0.0,-9.071063041687012,13.766815185546877,12.69660758972168,1.788851261138916,-0.718643844127655,5.223004816453113,2.2853894233703613,28.04460334777832
run_1776898774_8b782021,1776899930.343577,18.0,271.0,23.0,-2.2853894233703613,0.0,-9.071063041687012,13.913723945617676,12.69660758972168,1.883637547492981,-0.666520893573761,5.223004816453113,2.2853894233703613,28.04460334777832
run_1776898774_8b782021,1776899932.334566,18.0,271.0,23.0,-2.2853894233703613,0.0,-9.071063041687012,14.071005821228027,12.69660758972168,1.977339744567871,-0.6029418110847473,5.223004816453113,2.2853894233703613,28.04460334777832
run_1776898774_8b782021,1776899934.3358305,18.0,271.0,23.0,-2.2853894233703613,0.0,-9.071063041687012,14.222222328186035,12.69660758972168,2.071042060852051,-0.5454276204109192,5.223004816453113,2.2853894233703613,28.04460334777832
run_1776898774_8b782021,1776899936.333743,18.0,271.0,23.0,-2.241371154785156,0.0,-9.0215425491333,13.84731101989746,12.452062606811523,2.164292573928833,-0.7690445780754089,5.023744653502945,2.241371154785156,28.04460334777832
run_1776898774_8b782021,1776899938.3303492,18.0,271.0,23.0,-2.2853894233703613,0.0,-9.071063041687012,14.53842830657959,12.69660758972168,2.256278276443481,-0.4144582748413086,5.223004816453113,2.2853894233703613,28.04460334777832
run_1776898774_8b782021,1776899940.3316357,18.0,271.0,23.0,-2.2853894233703613,0.0,-9.071063041687012,14.671664237976074,12.69660758972168,2.349980592727661,-0.3749233782291412,5.223004816453113,2.2853894233703613,28.04460334777832
run_1776898774_8b782021,1776899942.3276403,18.0,271.0,23.0,-2.197294235229492,0.0,-8.971956253051758,13.779391288757324,12.207189559936523,2.441334009170532,-0.8691330552101135,4.828101956172759,2.197294235229492,28.04460334777832
run_1776898774_8b782021,1776899944.3356955,18.0,271.0,23.0,-2.241371154785156,0.0,-9.0215425491333,14.473722457885742,12.452062606811523,2.531874418258667,-0.510214626789093,5.023744653502945,2.241371154785156,28.04460334777832
run_1776898774_8b782021,1776899946.3349211,18.0,271.0,23.0,-2.241371154785156,0.0,-9.0215425491333,14.62964153289795,12.452062606811523,2.622685670852661,-0.4451062679290771,5.023744653502945,2.241371154785156,28.04460334777832
run_1776898774_8b782021,1776899948.3434596,18.0,271.0,23.0,-2.197294235229492,0.0,-8.971956253051758,14.24265956878662,12.207189559936523,2.714129447937012,-0.6786600947380066,4.828101956172759,2.197294235229492,28.04460334777832
run_1776898774_8b782021,1776899950.3431745,18.0,271.0,23.0,-2.153244972229004,0.0,-8.92240047454834,13.871252059936523,11.962471961975098,2.804128170013428,-0.8953486680984497,4.636463910429484,2.153244972229004,28.04460334777832
run_1776898774_8b782021,1776899952.3393931,18.0,271.0,23.0,-2.153244972229004,0.0,-8.92240047454834,14.044943809509276,11.962471961975098,2.89241361618042,-0.8099420070648193,4.636463910429484,2.153244972229004,28.04460334777832
run_1776898774_8b782021,1776899954.3440814,18.0,271.0,23.0,-2.197294235229492,0.0,-8.971956253051758,14.721375465393066,12.207189559936523,2.9818713665008545,-0.4676853716373443,4.828101956172759,2.197294235229492,28.04460334777832
run_1776898774_8b782021,1776899956.3343842,18.0,271.0,23.0,-2.197294235229492,0.0,-8.971956253051758,14.85607624053955,12.207189559936523,3.071959972381592,-0.4230731129646301,4.828101956172759,2.197294235229492,28.04460334777832
run_1776898774_8b782021,1776899958.3348932,18.0,271.0,23.0,-2.1091952323913574,0.0,-8.872844696044922,13.964740753173828,11.717751502990724,3.15970230102539,-0.9127126932144164,4.448704528342432,2.1091952323913574,28.04460334777832
run_1776898774_8b782021,1776899960.3488524,18.0,271.0,23.0,-2.1091952323913574,0.0,-8.872844696044922,14.138282775878906,11.717751502990724,3.246181011199951,-0.8256493210792542,4.448704528342432,2.1091952323913574,28.04460334777832
run_1776898774_8b782021,1776899962.3404016,18.0,271.0,23.0,-2.1091952323913574,0.0,-8.872844696044922,14.30352020263672,11.717751502990724,3.332659959793091,-0.7468913197517395,4.448704528342432,2.1091952323913574,28.04460334777832
run_1776898774_8b782021,1776899964.3703623,18.0,271.0,23.0,-2.065160751342773,0.0,-8.8233060836792,13.940410614013672,11.473115921020508,3.4186880588531494,-0.9513924717903136,4.2648889288866485,2.065160751342773,28.04460334777832
run_1776898774_8b782021,1776899966.337415,18.0,271.0,23.0,-2.065160751342773,0.0,-8.8233060836792,14.115839958190918,11.473115921020508,3.503363847732544,-0.8606395721435547,4.2648889288866485,2.065160751342773,28.04460334777832
run_1776898774_8b782021,1776899968.3351555,18.0,271.0,23.0,-2.1091952323913574,0.0,-8.872844696044922,14.788429260253906,11.717751502990724,3.5895724296569824,-0.518894374370575,4.448704528342432,2.1091952323913574,28.04460334777832
run_1776898774_8b782021,1776899970.3359582,18.0,271.0,23.0,-2.02112340927124,0.0,-8.773763656616211,13.902935028076172,11.228464126586914,3.6737024784088135,-0.9992300271987916,4.084939835504201,2.02112340927124,28.04460334777832
run_1776898774_8b782021,1776899972.3300977,18.0,271.0,23.0,-2.065160751342773,0.0,-8.8233060836792,14.586973190307615,11.473115921020508,3.7581067085266113,-0.6442480087280273,4.2648889288866485,2.065160751342773,28.04460334777832
run_1776898774_8b782021,1776899974.3328495,18.0,271.0,23.0,-2.02112340927124,0.0,-8.773763656616211,14.22235107421875,11.228464126586914,3.841605663299561,-0.8477185964584351,4.084939835504201,2.02112340927124,28.04460334777832
run_1776898774_8b782021,1776899976.3586683,18.0,271.0,23.0,-1.9770727157592771,0.0,-8.724206924438477,13.880075454711914,10.98373794555664,3.922938585281372,-1.0266001224517822,3.908816523399764,1.9770727157592771,28.04460334777832
run_1776898774_8b782021,1776899978.3532712,18.0,271.0,23.0,-1.9770727157592771,0.0,-8.724206924438477,14.059064865112305,10.98373794555664,4.004000663757324,-0.9286733269691468,3.908816523399764,1.9770727157592771,28.04460334777832
run_1776898774_8b782021,1776899980.3296728,18.0,271.0,23.0,-1.9770727157592771,0.0,-8.724206924438477,14.228713989257812,10.98373794555664,4.085062980651856,-0.8400877118110657,3.908816523399764,1.9770727157592771,28.04460334777832
run_1776898774_8b782021,1776899982.3375926,18.0,271.0,23.0,-2.02112340927124,0.0,-8.773763656616211,14.900814056396484,11.228464126586914,4.16729736328125,-0.4949468672275543,4.084939835504201,2.02112340927124,28.04460334777832
run_1776898774_8b782021,1776899984.3470633,18.0,271.0,23.0,-1.9770727157592771,0.0,-8.724206924438477,14.539901733398438,10.98373794555664,4.247543811798096,-0.691379964351654,3.908816523399764,1.9770727157592771,28.04460334777832
run_1776898774_8b782021,1776899986.3409665,18.0,271.0,23.0,-1.9770727157592771,0.0,-8.724206924438477,14.68691349029541,10.98373794555664,4.328606128692627,-0.6254297494888306,3.908816523399764,1.9770727157592771,28.04460334777832
run_1776898774_8b782021,1776899988.3385272,18.0,271.0,23.0,-1.8889813423156736,0.0,-8.625103950500488,13.785701751708984,10.494340896606444,4.4087653160095215,-1.1174037456512451,3.568250511616725,1.8889813423156736,28.04460334777832
run_1776898774_8b782021,1776899990.3506932,18.0,271.0,23.0,-1.8889813423156736,0.0,-8.625103950500488,13.969738960266112,10.494340896606444,4.4862141609191895,-1.0108153820037842,3.568250511616725,1.8889813423156736,28.04460334777832
run_1776898774_8b782021,1776899992.3314524,18.0,271.0,23.0,-1.9330334663391116,0.0,-8.674662590026855,14.66465187072754,10.73907470703125,4.564113616943359,-0.6385371088981628,3.736618381987,1.9330334663391116,28.04460334777832
run_1776898774_8b782021,1776899994.3446715,18.0,271.0,23.0,-1.9330334663391116,0.0,-8.674662590026855,14.804813385009766,10.73907470703125,4.643365383148193,-0.5776274800300598,3.736618381987,1.9330334663391116,28.04460334777832
run_1776898774_8b782021,1776899996.3302796,18.0,271.0,23.0,-1.9330334663391116,0.0,-8.674662590026855,14.939163208007812,10.73907470703125,4.722617149353027,-0.5225279927253723,3.736618381987,1.9330334663391116,28.04460334777832
run_1776898774_8b782021,1776899998.3380313,18.0,271.0,23.0,-1.8889813423156736,0.0,-8.625103950500488,14.552332878112791,10.494340896606444,4.801057815551758,-0.7430654764175415,3.568250511616725,1.8889813423156736,28.04460334777832
run_1776898774_8b782021,1776900000.3310325,18.0,271.0,23.0,-1.84492826461792,0.0,-8.575544357299805,14.179609298706056,10.249601364135742,4.878055572509766,-0.9480478167533876,3.4037603015860896,1.84492826461792,28.04460334777832
run_1776898774_8b782021,1776900002.3334966,18.0,271.0,23.0,-1.8889813423156736,0.0,-8.625103950500488,14.861626625061035,10.494340896606444,4.954512596130371,-0.5872268676757812,3.568250511616725,1.8889813423156736,28.04460334777832
run_1776898774_8b782021,1776900004.3398814,18.0,271.0,23.0,-1.800889015197754,0.0,-8.526000022888184,13.968168258666992,10.004939079284668,5.02997636795044,-1.066746950149536,3.243201245059936,1.800889015197754,28.04460334777832
run_1776898774_8b782021,1776900006.3329902,18.0,271.0,23.0,-1.84492826461792,0.0,-8.575544357299805,14.659540176391602,10.249601364135742,5.104626178741455,-0.6946883201599121,3.4037603015860896,1.84492826461792,28.04460334777832
run_1776898774_8b782021,1776900008.328044,18.0,271.0,23.0,-1.800889015197754,0.0,-8.526000022888184,14.295572280883787,10.004939079284668,5.178733348846436,-0.8880997896194458,3.243201245059936,1.800889015197754,28.04460334777832
run_1776898774_8b782021,1776900010.3273757,18.0,271.0,23.0,-1.84492826461792,0.0,-8.575544357299805,14.96990203857422,10.249601364135742,5.253383159637451,-0.5330824851989746,3.4037603015860896,1.84492826461792,28.04460334777832
run_1776898774_8b782021,1776900012.3362665,18.0,271.0,23.0,-1.800889015197754,0.0,-8.526000022888184,14.590519905090332,10.004939079284668,5.327489852905273,-0.7419094443321228,3.243201245059936,1.800889015197754,28.04460334777832
run_1776898774_8b782021,1776900014.3323996,18.0,271.0,23.0,-1.7568340301513672,0.0,-8.476438522338867,14.21916675567627,9.760189056396484,5.400513648986816,-0.9415377974510192,3.086465809497895,1.7568340301513672,28.04460334777832
run_1776898774_8b782021,1776900016.330834,18.0,271.0,23.0,-1.7568340301513672,0.0,-8.476438522338867,14.381011009216309,9.760189056396484,5.472546100616455,-0.851725161075592,3.086465809497895,1.7568340301513672,28.04460334777832
run_1776898774_8b782021,1776900018.345857,18.0,271.0,23.0,-1.712778091430664,0.0,-8.426875114440918,14.018312454223633,9.515433311462402,5.543763637542725,-1.040884256362915,2.933608790484868,1.712778091430664,28.04460334777832
run_1776898774_8b782021,1776900020.3396423,18.0,271.0,23.0,-1.712778091430664,0.0,-8.426875114440918,14.167579650878906,9.515433311462402,5.615433692932129,-0.9632872343063354,2.933608790484868,1.712778091430664,28.04460334777832
run_1776898774_8b782021,1776900022.33067,18.0,271.0,23.0,-1.712778091430664,0.0,-8.426875114440918,14.329689979553224,9.515433311462402,5.68565559387207,-0.8713997006416321,2.933608790484868,1.712778091430664,28.04460334777832
run_1776898774_8b782021,1776900024.3375807,18.0,271.0,23.0,-1.668722152709961,0.0,-8.377312660217285,13.936474800109863,9.270678520202637,5.757235527038574,-1.091438055038452,2.784633622944966,1.668722152709961,28.04460334777832
run_1776898774_8b782021,1776900026.3353152,18.0,271.0,23.0,-1.712778091430664,0.0,-8.426875114440918,14.624977111816406,9.515433311462402,5.826465606689453,-0.7169218063354492,2.933608790484868,1.712778091430664,28.04460334777832
run_1776898774_8b782021,1776900028.3324366,18.0,271.0,23.0,-1.668722152709961,0.0,-8.377312660217285,14.257521629333496,9.270678520202637,5.895154476165772,-0.908310890197754,2.784633622944966,1.668722152709961,28.04460334777832
run_1776898774_8b782021,1776900030.3282037,18.0,271.0,23.0,-1.668722152709961,0.0,-8.377312660217285,14.412583351135254,9.270678520202637,5.963573455810547,-0.8216674327850342,2.784633622944966,1.668722152709961,28.04460334777832
run_1776898774_8b782021,1776900032.3296456,18.0,271.0,23.0,-1.6246514320373535,0.0,-8.327733039855957,14.032891273498535,9.025840759277344,6.0319013595581055,-1.0248517990112305,2.6394922756210235,1.6246514320373535,28.04460334777832
run_1776898774_8b782021,1776900034.3297586,18.0,271.0,23.0,-1.6246514320373535,0.0,-8.327733039855957,14.197258949279783,9.025840759277344,6.098509788513184,-0.9270917773246764,2.6394922756210235,1.6246514320373535,28.04460334777832
run_1776898774_8b782021,1776900036.3279915,18.0,271.0,23.0,-1.668722152709961,0.0,-8.377312660217285,14.858540534973145,9.270678520202637,6.166656494140625,-0.578794002532959,2.784633622944966,1.668722152709961,28.04460334777832
run_1776898774_8b782021,1776900038.361972,18.0,271.0,23.0,-1.668722152709961,0.0,-8.377312660217285,14.982170104980469,9.270678520202637,6.2350754737854,-0.5235830545425415,2.784633622944966,1.668722152709961,28.04460334777832
run_1776898774_8b782021,1776900040.3355496,18.0,271.0,23.0,-1.6246514320373535,0.0,-8.327733039855957,14.574037551879885,9.025840759277344,6.303398132324219,-0.7552013993263245,2.6394922756210235,1.6246514320373535,28.04460334777832
run_1776898774_8b782021,1776900042.347335,18.0,271.0,23.0,-1.6246514320373535,0.0,-8.327733039855957,14.71268367767334,9.025840759277344,6.370006561279297,-0.6831632256507874,2.6394922756210235,1.6246514320373535,28.04460334777832
run_1776898774_8b782021,1776900044.3374395,18.0,271.0,23.0,-1.5806069374084473,0.0,-8.278182983398438,14.333626747131348,8.781149864196777,6.435442924499512,-0.8829648494720459,2.498318290583711,1.5806069374084473,28.04460334777832
run_1776898774_8b782021,1776900046.3370025,18.0,271.0,23.0,-1.6246514320373535,0.0,-8.327733039855957,14.998494148254396,9.025840759277344,6.501059055328369,-0.5284048914909363,2.6394922756210235,1.6246514320373535,28.04460334777832
run_1776898774_8b782021,1776900048.3278544,18.0,271.0,23.0,-1.5806069374084473,0.0,-8.278182983398438,14.60467529296875,8.781149864196777,6.566495418548584,-0.7429687976837158,2.498318290583711,1.5806069374084473,28.04460334777832
run_1776898774_8b782021,1776900050.3360655,18.0,271.0,23.0,-1.5806069374084473,0.0,-8.278182983398438,14.740352630615234,8.781149864196777,6.631300449371338,-0.672097384929657,2.498318290583711,1.5806069374084473,28.04460334777832
run_1776898774_8b782021,1776900052.3672931,18.0,271.0,23.0,-1.5365495681762695,0.0,-8.228618621826172,14.358287811279297,8.536386489868164,6.694933891296387,-0.8730320334434509,2.3609845754626804,1.5365495681762695,28.04460334777832
run_1776898774_8b782021,1776900054.3362846,18.0,271.0,23.0,-1.5365495681762695,0.0,-8.228618621826172,14.504568099975586,8.536386489868164,6.757936000823975,-0.7897539138793945,2.3609845754626804,1.5365495681762695,28.04460334777832
run_1776898774_8b782021,1776900056.3313384,18.0,271.0,23.0,-1.5806069374084473,0.0,-8.278182983398438,15.169234275817873,8.781149864196777,6.821028232574463,-0.4329423010349273,2.498318290583711,1.5806069374084473,28.04460334777832
run_1776898774_8b782021,1776900058.3419957,18.0,271.0,23.0,-1.5806069374084473,0.0,-8.278182983398438,15.275338172912598,8.781149864196777,6.885833263397217,-0.3916440904140472,2.498318290583711,1.5806069374084473,28.04460334777832
run_1776898774_8b782021,1776900060.324788,18.0,271.0,23.0,-1.5365495681762695,0.0,-8.228618621826172,14.88186740875244,8.536386489868164,6.948384761810303,-0.6029039025306702,2.3609845754626804,1.5365495681762695,28.04460334777832
run_1776898774_8b782021,1776900062.3365898,18.0,271.0,23.0,-1.4925050735473633,0.0,-8.179068565368652,14.486542701721191,8.291695594787598,7.010575294494629,-0.8157277703285217,2.2275713945646203,1.4925050735473633,28.04460334777832
run_1776898774_8b782021,1776900064.3486476,18.0,271.0,23.0,-1.4484591484069824,0.0,-8.1295166015625,14.099359512329102,8.046995162963867,7.071683406829834,-1.019320368766785,2.0980339046038807,1.4484591484069824,28.04460334777832
run_1776898774_8b782021,1776900066.3263674,18.0,271.0,23.0,-1.5365495681762695,0.0,-8.228618621826172,15.297895431518556,8.536386489868164,7.131969928741455,-0.3704603910446167,2.3609845754626804,1.5365495681762695,28.04460334777832
run_1776898774_8b782021,1776900068.3276615,18.0,271.0,23.0,-1.4925050735473633,0.0,-8.179068565368652,14.885404586791992,8.291695594787598,7.19379997253418,-0.600090503692627,2.2275713945646203,1.4925050735473633,28.04460334777832
run_1776898774_8b782021,1776900070.3354769,18.0,271.0,23.0,-1.4925050735473633,0.0,-8.179068565368652,15.003846168518066,8.291695594787598,7.254999160766602,-0.5428482294082642,2.2275713945646203,1.4925050735473633,28.04460334777832
run_1776898774_8b782021,1776900072.327469,18.0,271.0,23.0,-1.4925050735473633,0.0,-8.179068565368652,15.132163047790527,8.291695594787598,7.315107345581055,-0.474638819694519,2.2275713945646203,1.4925050735473633,28.04460334777832
run_1776898774_8b782021,1776900074.3347836,18.0,271.0,23.0,-1.40440034866333,0.0,-8.079950332641602,14.196544647216797,7.802224159240723,7.375401496887207,-0.9810804128646852,1.972340339325683,1.40440034866333,28.04460334777832
run_1776898774_8b782021,1776900076.3385656,18.0,271.0,23.0,-1.40440034866333,0.0,-8.079950332641602,14.347707748413086,7.802224159240723,7.432979583740234,-0.887495756149292,1.972340339325683,1.40440034866333,28.04460334777832
run_1776898774_8b782021,1776900078.3563762,18.0,271.0,23.0,-1.40440034866333,0.0,-8.079950332641602,14.48994255065918,7.802224159240723,7.490557670593262,-0.8028380870819092,1.972340339325683,1.40440034866333,28.04460334777832
run_1776898774_8b782021,1776900080.3366194,18.0,271.0,23.0,-1.4484591484069824,0.0,-8.1295166015625,15.15045166015625,8.046995162963867,7.548225879669189,-0.4447691738605499,2.0980339046038807,1.4484591484069824,28.04460334777832
run_1776898774_8b782021,1776900082.333882,18.0,271.0,23.0,-1.40440034866333,0.0,-8.079950332641602,14.731139183044434,7.802224159240723,7.607155799865723,-0.6782416105270386,1.972340339325683,1.40440034866333,28.04460334777832
run_1776898774_8b782021,1776900084.3371568,18.0,271.0,23.0,-1.3603544235229492,0.0,-8.03039836883545,14.327219009399414,7.557524681091309,7.66464376449585,-0.8949488401412964,1.8505641575984555,1.3603544235229492,28.04460334777832
run_1776898774_8b782021,1776900086.329025,18.0,271.0,23.0,-1.3603544235229492,0.0,-8.03039836883545,14.46836280822754,7.557524681091309,7.720418930053711,-0.8095800876617432,1.8505641575984555,1.3603544235229492,28.04460334777832
run_1776898774_8b782021,1776900088.3367004,18.0,271.0,23.0,-1.3603544235229492,0.0,-8.03039836883545,14.601363182067873,7.557524681091309,7.776194095611572,-0.7323548197746277,1.8505641575984555,1.3603544235229492,28.04460334777832
run_1776898774_8b782021,1776900090.325379,18.0,271.0,23.0,-1.3603544235229492,0.0,-8.03039836883545,14.726996421813965,7.557524681091309,7.831969261169434,-0.662496030330658,1.8505641575984555,1.3603544235229492,28.04460334777832
run_1776898774_8b782021,1776900092.35302,18.0,271.0,23.0,-1.3603544235229492,0.0,-8.03039836883545,14.845967292785645,7.557524681091309,7.887743949890137,-0.5993009805679321,1.8505641575984555,1.3603544235229492,28.04460334777832
run_1776898774_8b782021,1776900094.3378198,18.0,271.0,23.0,-1.40440034866333,0.0,-8.079950332641602,15.464859008789062,7.802224159240723,7.945051670074463,-0.2824171781539917,1.972340339325683,1.40440034866333,28.04460334777832
run_1776898774_8b782021,1776900096.34642,18.0,271.0,23.0,-1.40440034866333,0.0,-8.079950332641602,15.549376487731934,7.802224159240723,8.002630233764648,-0.2554775178432464,1.972340339325683,1.40440034866333,28.04460334777832
run_1776898774_8b782021,1776900098.33803,18.0,271.0,23.0,-1.3603544235229492,0.0,-8.03039836883545,15.140398979187012,7.557524681091309,8.05759334564209,-0.4747176170349121,1.8505641575984555,1.3603544235229492,28.04460334777832
run_1776898774_8b782021,1776900100.3324623,18.0,271.0,23.0,-1.316293716430664,0.0,-7.980830192565918,14.730440139770508,7.312742710113525,8.112196922302246,-0.6945000290870667,1.7326291479148497,1.316293716430664,28.04460334777832
run_1776898774_8b782021,1776900102.380317,18.0,271.0,23.0,-1.316293716430664,0.0,-7.980830192565918,14.8356351852417,7.312742710113525,8.167250633239746,-0.6443589925765991,1.7326291479148497,1.316293716430664,28.04460334777832
run_1776898774_8b782021,1776900104.3396642,18.0,271.0,23.0,-1.3603544235229492,0.0,-8.03039836883545,15.462090492248535,7.557524681091309,8.222393989562988,-0.3178284168243408,1.8505641575984555,1.3603544235229492,28.04460334777832
run_1776898774_8b782021,1776900106.3464396,18.0,271.0,23.0,-1.3603544235229492,0.0,-8.03039836883545,15.563207626342772,7.557524681091309,8.277087211608887,-0.2714040577411651,1.8505641575984555,1.3603544235229492,28.04460334777832
run_1776898774_8b782021,1776900108.3390162,18.0,271.0,23.0,-1.316293716430664,0.0,-7.980830192565918,15.1338529586792,7.312742710113525,8.331690788269043,-0.5105805397033691,1.7326291479148497,1.316293716430664,28.04460334777832
run_1776898774_8b782021,1776900110.3350046,18.0,271.0,23.0,-1.316293716430664,0.0,-7.980830192565918,15.236529350280762,7.312742710113525,8.385663032531738,-0.461876630783081,1.7326291479148497,1.316293716430664,28.04460334777832
run_1776898774_8b782021,1776900112.3353822,18.0,271.0,23.0,-1.2722172737121582,0.0,-7.931244373321533,14.823348999023438,7.067873954772949,8.43845272064209,-0.6829788684844971,1.6185367915315965,1.2722172737121582,28.04460334777832
run_1776898774_8b782021,1776900114.3264587,18.0,271.0,23.0,-1.2722172737121582,0.0,-7.931244373321533,14.925628662109377,7.067873954772949,8.491698265075684,-0.6339425444602966,1.6185367915315965,1.2722172737121582,28.04460334777832
run_1776898774_8b782021,1776900116.3343596,18.0,271.0,23.0,-1.22816801071167,0.0,-7.881689071655273,14.527368545532228,6.823155879974365,8.542679786682129,-0.8384679555892944,1.5083966625354606,1.22816801071167,28.04460334777832
run_1776898774_8b782021,1776900118.335883,18.0,271.0,23.0,-1.22816801071167,0.0,-7.881689071655273,14.627657890319824,6.823155879974365,8.595203399658203,-0.7907022833824158,1.5083966625354606,1.22816801071167,28.04460334777832
run_1776898774_8b782021,1776900120.345654,18.0,271.0,23.0,-1.2722172737121582,0.0,-7.931244373321533,15.269325256347656,7.067873954772949,8.646366119384766,-0.4449138939380646,1.6185367915315965,1.2722172737121582,28.04460334777832
run_1776898774_8b782021,1776900122.3337305,18.0,271.0,23.0,-1.22816801071167,0.0,-7.881689071655273,14.857933044433594,6.823155879974365,8.69698715209961,-0.6622101664543152,1.5083966625354606,1.22816801071167,28.04460334777832
run_1776898774_8b782021,1776900124.3276725,18.0,271.0,23.0,-1.22816801071167,0.0,-7.881689071655273,14.971452713012695,6.823155879974365,8.74733829498291,-0.5990422964096069,1.5083966625354606,1.22816801071167,28.04460334777832
run_1776898774_8b782021,1776900126.3307638,18.0,271.0,23.0,-1.22816801071167,0.0,-7.881689071655273,15.063924789428713,6.823155879974365,8.798770904541016,-0.558002769947052,1.5083966625354606,1.22816801071167,28.04460334777832
run_1776898774_8b782021,1776900128.332523,18.0,271.0,23.0,-1.2722172737121582,0.0,-7.931244373321533,15.683396339416504,7.067873954772949,8.849933624267578,-0.2344115674495697,1.6185367915315965,1.2722172737121582,28.04460334777832
run_1776898774_8b782021,1776900130.3343282,18.0,271.0,23.0,-1.22816801071167,0.0,-7.881689071655273,15.251924514770508,6.823155879974365,8.900555610656738,-0.4717876613140106,1.5083966625354606,1.22816801071167,28.04460334777832
run_1776898774_8b782021,1776900132.337855,18.0,271.0,23.0,-1.22816801071167,0.0,-7.881689071655273,15.347278594970703,6.823155879974365,8.950905799865723,-0.4267840683460235,1.5083966625354606,1.22816801071167,28.04460334777832
run_1776898774_8b782021,1776900134.3378506,18.0,271.0,23.0,-1.22816801071167,0.0,-7.881689071655273,15.453365325927734,6.823155879974365,9.000175476074219,-0.3699653446674347,1.5083966625354606,1.22816801071167,28.04460334777832
run_1776898774_8b782021,1776900136.3318372,18.0,271.0,23.0,-1.1841039657592771,0.0,-7.832117080688477,15.022940635681152,6.578355312347412,9.049715042114258,-0.605128824710846,1.402102201726848,1.1841039657592771,28.04460334777832
run_1776898774_8b782021,1776900138.3470862,18.0,271.0,23.0,-1.1841039657592771,0.0,-7.832117080688477,15.114185333251951,6.578355312347412,9.099345207214355,-0.5635141134262085,1.402102201726848,1.1841039657592771,28.04460334777832
run_1776898774_8b782021,1776900140.3374965,18.0,271.0,23.0,-1.1841039657592771,0.0,-7.832117080688477,15.216485977172852,6.578355312347412,9.147892951965332,-0.5097607970237732,1.402102201726848,1.1841039657592771,28.04460334777832
run_1776898774_8b782021,1776900142.3236334,18.0,271.0,23.0,-1.1841039657592771,0.0,-7.832117080688477,15.29863452911377,6.578355312347412,9.19752311706543,-0.4772431552410126,1.402102201726848,1.1841039657592771,28.04460334777832
run_1776898774_8b782021,1776900144.3370132,18.0,271.0,23.0,-1.1400408744812012,0.0,-7.782545566558838,14.876651763916016,6.333560466766357,9.245259284973145,-0.7021675109863281,1.299693195487862,1.1400408744812012,28.04460334777832
run_1776898774_8b782021,1776900146.3506467,18.0,271.0,23.0,-1.1841039657592771,0.0,-7.832117080688477,15.51677417755127,6.578355312347412,9.292094230651855,-0.3536741733551025,1.402102201726848,1.1841039657592771,28.04460334777832
run_1776898774_8b782021,1776900148.33611,18.0,271.0,23.0,-1.1841039657592771,0.0,-7.832117080688477,15.59906005859375,6.578355312347412,9.340641975402832,-0.3199374079704284,1.402102201726848,1.1841039657592771,28.04460334777832
run_1776898774_8b782021,1776900150.331322,18.0,271.0,23.0,-1.09598970413208,0.0,-7.732988357543945,14.62547206878662,6.088831424713135,9.389010429382324,-0.85237056016922,1.2011934315635244,1.09598970413208,28.04460334777832
run_1776898774_8b782021,1776900152.3262162,18.0,271.0,23.0,-1.1841039657592771,0.0,-7.832117080688477,15.783689498901367,6.578355312347412,9.435574531555176,-0.2302395403385162,1.402102201726848,1.1841039657592771,28.04460334777832
run_1776898774_8b782021,1776900154.3322446,18.0,271.0,23.0,-1.1400408744812012,0.0,-7.782545566558838,15.348055839538574,6.333560466766357,9.482589721679688,-0.4680952131748199,1.299693195487862,1.1400408744812012,28.04460334777832
run_1776898774_8b782021,1776900156.326651,18.0,271.0,23.0,-1.09598970413208,0.0,-7.732988357543945,14.92353630065918,6.088831424713135,9.528523445129396,-0.6938191652297974,1.2011934315635244,1.09598970413208,28.04460334777832
run_1776898774_8b782021,1776900158.3352184,18.0,271.0,23.0,-1.1400408744812012,0.0,-7.782545566558838,15.540669441223145,6.333560466766357,9.574997901916504,-0.3678885400295257,1.299693195487862,1.1400408744812012,28.04460334777832
run_1776898774_8b782021,1776900160.3463752,18.0,271.0,23.0,-1.09598970413208,0.0,-7.732988357543945,15.106593132019045,6.088831424713135,9.620931625366213,-0.6031709909439087,1.2011934315635244,1.09598970413208,28.04460334777832
run_1776898774_8b782021,1776900162.3881884,18.0,271.0,23.0,-1.1400408744812012,0.0,-7.782545566558838,15.715079307556152,6.333560466766357,9.66740608215332,-0.285887211561203,1.299693195487862,1.1400408744812012,28.04460334777832
run_1776898774_8b782021,1776900164.3363905,18.0,271.0,23.0,-1.1400408744812012,0.0,-7.782545566558838,15.789094924926758,6.333560466766357,9.714151382446287,-0.25861656665802,1.299693195487862,1.1400408744812012,28.04460334777832
run_1776898774_8b782021,1776900166.335264,18.0,271.0,23.0,-1.0519099235534668,0.0,-7.683398723602295,14.848152160644531,5.843944072723389,9.757818222045898,-0.7536114454269409,1.1065144872702604,1.0519099235534668,28.04460334777832
run_1776898774_8b782021,1776900168.333067,18.0,271.0,23.0,-1.0519099235534668,0.0,-7.683398723602295,14.96316146850586,5.843944072723389,9.800942420959473,-0.6817247867584229,1.1065144872702604,1.0519099235534668,28.04460334777832
run_1776898774_8b782021,1776900170.3490307,18.0,271.0,23.0,-1.09598970413208,0.0,-7.732988357543945,15.59791374206543,6.088831424713135,9.844157218933104,-0.3350749015808105,1.2011934315635244,1.09598970413208,28.04460334777832
run_1776898774_8b782021,1776900172.3312628,18.0,271.0,23.0,-1.09598970413208,0.0,-7.732988357543945,15.674818992614746,6.088831424713135,9.88909912109375,-0.3031123280525207,1.2011934315635244,1.09598970413208,28.04460334777832
run_1776898774_8b782021,1776900174.3307045,18.0,271.0,23.0,-1.09598970413208,0.0,-7.732988357543945,15.74867343902588,6.088831424713135,9.934041023254396,-0.2741986215114593,1.2011934315635244,1.09598970413208,28.04460334777832
run_1776898774_8b782021,1776900176.3384862,18.0,271.0,23.0,-1.09598970413208,0.0,-7.732988357543945,15.819771766662598,6.088831424713135,9.97898292541504,-0.2480429857969284,1.2011934315635244,1.09598970413208,28.04460334777832
run_1776898774_8b782021,1776900178.3310614,18.0,271.0,23.0,-1.0519099235534668,0.0,-7.683398723602295,15.377124786376951,5.843944072723389,10.022743225097656,-0.4895626604557037,1.1065144872702604,1.0519099235534668,28.04460334777832
run_1776898774_8b782021,1776900180.3273528,18.0,271.0,23.0,-1.0078577995300293,0.0,-7.633840084075928,14.951022148132324,5.599210262298584,10.065055847167969,-0.7132447361946106,1.0157773440735127,1.0078577995300293,28.04460334777832
run_1776898774_8b782021,1776900182.33747,18.0,271.0,23.0,-1.0078577995300293,0.0,-7.633840084075928,15.04503059387207,5.599210262298584,10.107458114624023,-0.6616386771202087,1.0157773440735127,1.0078577995300293,28.04460334777832
run_1776898774_8b782021,1776900184.3320477,18.0,271.0,23.0,-1.0519099235534668,0.0,-7.683398723602295,15.665390968322754,5.843944072723389,10.149590492248535,-0.32814422249794,1.1065144872702604,1.0519099235534668,28.04460334777832
run_1776898774_8b782021,1776900186.32612,18.0,271.0,23.0,-1.0078577995300293,0.0,-7.633840084075928,15.244250297546388,5.599210262298584,10.19046115875244,-0.5454214811325073,1.0157773440735127,1.0078577995300293,28.04460334777832
run_1776898774_8b782021,1776900188.33663,18.0,271.0,23.0,-0.9637908935546876,0.0,-7.584264755249023,14.821497917175291,5.35439395904541,10.23097038269043,-0.7638658881187439,0.928892886498943,0.9637908935546876,28.04460334777832
run_1776898774_8b782021,1776900190.3512385,18.0,271.0,23.0,-1.0078577995300293,0.0,-7.633840084075928,15.460326194763184,5.599210262298584,10.270578384399414,-0.4094626903533935,1.0157773440735127,1.0078577995300293,28.04460334777832
run_1776898774_8b782021,1776900192.328451,18.0,271.0,23.0,-1.0078577995300293,0.0,-7.633840084075928,15.540705680847168,5.599210262298584,10.311899185180664,-0.3704042732715606,1.0157773440735127,1.0078577995300293,28.04460334777832
run_1776898774_8b782021,1776900194.3300643,18.0,271.0,23.0,-0.9637908935546876,0.0,-7.584264755249023,15.106267929077148,5.35439395904541,10.35204792022705,-0.6001744866371155,0.928892886498943,0.9637908935546876,28.04460334777832
run_1776898774_8b782021,1776900196.3351643,18.0,271.0,23.0,-0.9637908935546876,0.0,-7.584264755249023,15.203036308288574,5.35439395904541,10.391566276550291,-0.5429242253303528,0.928892886498943,0.9637908935546876,28.04460334777832
run_1776898774_8b782021,1776900198.3279274,18.0,271.0,23.0,-1.0078577995300293,0.0,-7.633840084075928,15.80543327331543,5.599210262298584,10.432255744934082,-0.2260320633649826,1.0157773440735127,1.0078577995300293,28.04460334777832
run_1776898774_8b782021,1776900200.3223343,18.0,271.0,23.0,-1.0078577995300293,0.0,-7.633840084075928,15.868316650390623,5.599210262298584,10.473576545715332,-0.204471006989479,1.0157773440735127,1.0078577995300293,28.04460334777832
run_1776898774_8b782021,1776900202.3238838,18.0,271.0,23.0,-1.0078577995300293,0.0,-7.633840084075928,15.944496154785156,5.599210262298584,10.513815879821776,-0.1685312390327453,1.0157773440735127,1.0078577995300293,28.04460334777832
run_1776898774_8b782021,1776900204.336893,18.0,271.0,23.0,-0.9637908935546876,0.0,-7.584264755249023,15.480674743652344,5.35439395904541,10.554686546325684,-0.4284048080444336,0.928892886498943,0.9637908935546876,28.04460334777832
run_1776898774_8b782021,1776900206.3289723,18.0,271.0,23.0,-0.9197392463684082,0.0,-7.5347065925598145,15.019442558288574,5.1096625328063965,10.595195770263672,-0.6854158639907837,0.8459202813103275,0.9197392463684082,28.04460334777832
run_1776898774_8b782021,1776900208.3305554,18.0,271.0,23.0,-1.0078577995300293,0.0,-7.633840084075928,16.164791107177734,5.599210262298584,10.633811950683594,-0.0682305097579956,1.0157773440735127,1.0078577995300293,28.04460334777832
run_1776898774_8b782021,1776900210.3268795,18.0,271.0,23.0,-0.9197392463684082,0.0,-7.5347065925598145,15.190616607666016,5.1096625328063965,10.672788619995115,-0.5918359756469727,0.8459202813103275,0.9197392463684082,28.04460334777832
run_1776898774_8b782021,1776900212.331285,18.0,271.0,23.0,-0.9637908935546876,0.0,-7.584264755249023,15.805821418762209,5.35439395904541,10.710954666137695,-0.2595270872116089,0.928892886498943,0.9637908935546876,28.04460334777832
run_1776898774_8b782021,1776900214.3352728,18.0,271.0,23.0,-0.9637908935546876,0.0,-7.584264755249023,15.87009620666504,5.35439395904541,10.750473022460938,-0.2347709834575653,0.928892886498943,0.9637908935546876,28.04460334777832
run_1776898774_8b782021,1776900216.35859,18.0,271.0,23.0,-0.9637908935546876,0.0,-7.584264755249023,15.932008743286133,5.35439395904541,10.789990425109863,-0.2123763114213943,0.928892886498943,0.9637908935546876,28.04460334777832
run_1776898774_8b782021,1776900218.341204,18.0,271.0,23.0,-0.9637908935546876,0.0,-7.584264755249023,15.991785049438477,5.35439395904541,10.829507827758787,-0.192117840051651,0.928892886498943,0.9637908935546876,28.04460334777832
run_1776898774_8b782021,1776900220.329874,18.0,271.0,23.0,-0.9637908935546876,0.0,-7.584264755249023,16.04962730407715,5.35439395904541,10.869026184082031,-0.1737918406724929,0.928892886498943,0.9637908935546876,28.04460334777832
run_1776898774_8b782021,1776900222.3358498,18.0,271.0,23.0,-0.8756842613220215,0.0,-7.485145092010498,15.068507194519045,4.864912509918213,10.907280921936035,-0.7036871910095215,0.7668229255270944,0.8756842613220215,28.04460334777832
run_1776898774_8b782021,1776900224.325915,18.0,271.0,23.0,-0.8756842613220215,0.0,-7.485145092010498,15.171527862548828,4.864912509918213,10.943178176879885,-0.6365628838539124,0.7668229255270944,0.8756842613220215,28.04460334777832
run_1776898774_8b782021,1776900226.3371694,18.0,271.0,23.0,-0.9197392463684082,0.0,-7.5347065925598145,15.779109001159668,5.1096625328063965,10.980257034301758,-0.3108102679252624,0.8459202813103275,0.9197392463684082,28.04460334777832
run_1776898774_8b782021,1776900228.3361316,18.0,271.0,23.0,-0.8756842613220215,0.0,-7.485145092010498,15.325392723083496,4.864912509918213,11.01751708984375,-0.5570372343063354,0.7668229255270944,0.8756842613220215,28.04460334777832
run_1776898774_8b782021,1776900230.3369317,18.0,271.0,23.0,-0.8756842613220215,0.0,-7.485145092010498,15.414423942565918,4.864912509918213,11.053414344787598,-0.5039016604423523,0.7668229255270944,0.8756842613220215,28.04460334777832
run_1776898774_8b782021,1776900232.332754,18.0,271.0,23.0,-0.9197392463684082,0.0,-7.5347065925598145,16.004453659057617,5.1096625328063965,11.090855598449709,-0.1960646361112594,0.8459202813103275,0.9197392463684082,28.04460334777832
run_1776898774_8b782021,1776900234.3439157,18.0,271.0,23.0,-0.8756842613220215,0.0,-7.485145092010498,15.549908638000488,4.864912509918213,11.127388954162598,-0.4423933029174804,0.7668229255270944,0.8756842613220215,28.04460334777832
run_1776898774_8b782021,1776900236.3340402,18.0,271.0,23.0,-0.9197392463684082,0.0,-7.5347065925598145,16.149084091186523,5.1096625328063965,11.163740158081056,-0.1243187338113784,0.8459202813103275,0.9197392463684082,28.04460334777832
run_1776898774_8b782021,1776900238.343807,18.0,271.0,23.0,-0.8756842613220215,0.0,-7.485145092010498,15.687695503234863,4.864912509918213,11.200273513793944,-0.3774912059307098,0.7668229255270944,0.8756842613220215,28.04460334777832
run_1776898774_8b782021,1776900240.3560956,18.0,271.0,23.0,-0.8756842613220215,0.0,-7.485145092010498,15.774628639221191,4.864912509918213,11.235089302062988,-0.3253728747367859,0.7668229255270944,0.8756842613220215,28.04460334777832
run_1776898774_8b782021,1776900242.3326464,18.0,271.0,23.0,-0.8756842613220215,0.0,-7.485145092010498,15.84156322479248,4.864912509918213,11.27098560333252,-0.2943357229232788,0.7668229255270944,0.8756842613220215,28.04460334777832
run_1776898774_8b782021,1776900244.341315,18.0,271.0,23.0,-0.8316159248352051,0.0,-7.435567855834961,15.384303092956545,4.620088577270508,11.306431770324709,-0.5422177910804749,0.6915850464395135,0.8316159248352051,28.04460334777832
run_1776898774_8b782021,1776900246.3250473,18.0,271.0,23.0,-0.8756842613220215,0.0,-7.485145092010498,15.981225967407228,4.864912509918213,11.341697692871094,-0.2253844141960144,0.7668229255270944,0.8756842613220215,28.04460334777832
run_1776898774_8b782021,1776900248.3278203,18.0,271.0,23.0,-0.8316159248352051,0.0,-7.435567855834961,15.532416343688965,4.620088577270508,11.376062393188477,-0.4637340605258941,0.6915850464395135,0.8316159248352051,28.04460334777832
run_1776898774_8b782021,1776900250.3382828,18.0,271.0,23.0,-0.8316159248352051,0.0,-7.435567855834961,15.610745429992676,4.620088577270508,11.41015625,-0.4194987118244171,0.6915850464395135,0.8316159248352051,28.04460334777832
run_1776898774_8b782021,1776900252.337359,18.0,271.0,23.0,-0.7875461578369141,0.0,-7.385989189147949,15.148576736450195,4.375256538391113,11.444880485534668,-0.6715601682662964,0.6202289507236856,0.7875461578369141,28.04460334777832
run_1776898774_8b782021,1776900254.333952,18.0,271.0,23.0,-0.7875461578369141,0.0,-7.385989189147949,15.24492645263672,4.375256538391113,11.477171897888184,-0.607500433921814,0.6202289507236856,0.7875461578369141,28.04460334777832
run_1776898774_8b782021,1776900256.3436584,18.0,271.0,23.0,-0.7875461578369141,0.0,-7.385989189147949,15.335166931152344,4.375256538391113,11.509462356567385,-0.5495513081550598,0.6202289507236856,0.7875461578369141,28.04460334777832
run_1776898774_8b782021,1776900258.322824,18.0,271.0,23.0,-0.7875461578369141,0.0,-7.385989189147949,15.419879913330078,4.375256538391113,11.541752815246582,-0.4971299767494201,0.6202289507236856,0.7875461578369141,28.04460334777832
run_1776898774_8b782021,1776900260.323086,18.0,271.0,23.0,-0.8316159248352051,0.0,-7.435567855834961,16.005813598632812,4.620088577270508,11.575576782226562,-0.1898516714572906,0.6915850464395135,0.8316159248352051,28.04460334777832
run_1776898774_8b782021,1776900262.329082,18.0,271.0,23.0,-0.8316159248352051,0.0,-7.435567855834961,16.05801773071289,4.620088577270508,11.609670639038086,-0.1717417985200882,0.6915850464395135,0.8316159248352051,28.04460334777832
run_1776898774_8b782021,1776900264.3231316,18.0,271.0,23.0,-0.7875461578369141,0.0,-7.385989189147949,15.60227108001709,4.375256538391113,11.642231941223145,-0.4152168035507202,0.6202289507236856,0.7875461578369141,28.04460334777832
run_1776898774_8b782021,1776900266.3307204,18.0,271.0,23.0,-0.8316159248352051,0.0,-7.435567855834961,16.1903018951416,4.620088577270508,11.675333976745604,-0.1051200702786445,0.6915850464395135,0.8316159248352051,28.04460334777832
run_1776898774_8b782021,1776900268.3281686,18.0,271.0,23.0,-0.8316159248352051,0.0,-7.435567855834961,16.23442268371582,4.620088577270508,11.709427833557127,-0.0950927138328552,0.6915850464395135,0.8316159248352051,28.04460334777832
run_1776898774_8b782021,1776900270.326965,18.0,271.0,23.0,-0.8316159248352051,0.0,-7.435567855834961,16.277589797973633,4.620088577270508,11.743521690368652,-0.0860218852758407,0.6915850464395135,0.8316159248352051,28.04460334777832
run_1776898774_8b782021,1776900272.3425314,18.0,271.0,23.0,-0.7875461578369141,0.0,-7.385989189147949,15.79863739013672,4.375256538391113,11.777164459228516,-0.3537838459014892,0.6202289507236856,0.7875461578369141,28.04460334777832
run_1776898774_8b782021,1776900274.336835,18.0,271.0,23.0,-0.7434768676757812,0.0,-7.336411476135254,15.348548889160156,4.130427360534668,11.80864429473877,-0.5905231833457947,0.5527578527689911,0.7434768676757812,28.04460334777832
run_1776898774_8b782021,1776900276.3358965,18.0,271.0,23.0,-0.7875461578369141,0.0,-7.385989189147949,15.926553726196287,4.375256538391113,11.84174633026123,-0.2904492318630218,0.6202289507236856,0.7875461578369141,28.04460334777832
run_1776898774_8b782021,1776900278.3333375,18.0,271.0,23.0,-0.7875461578369141,0.0,-7.385989189147949,15.986549377441406,4.375256538391113,11.87403678894043,-0.2627435028553009,0.6202289507236856,0.7875461578369141,28.04460334777832
run_1776898774_8b782021,1776900280.332449,18.0,271.0,23.0,-0.7875461578369141,0.0,-7.385989189147949,16.043903350830078,4.375256538391113,11.906328201293944,-0.2376805245876312,0.6202289507236856,0.7875461578369141,28.04460334777832
run_1776898774_8b782021,1776900282.3366845,18.0,271.0,23.0,-0.7434768676757812,0.0,-7.336411476135254,15.582740783691406,4.130427360534668,11.937807083129885,-0.4854948818683624,0.5527578527689911,0.7434768676757812,28.04460334777832
run_1776898774_8b782021,1776900284.3454704,18.0,271.0,23.0,-0.7875461578369141,0.0,-7.385989189147949,16.165754318237305,4.375256538391113,11.96982765197754,-0.1793292462825775,0.6202289507236856,0.7875461578369141,28.04460334777832
run_1776898774_8b782021,1776900286.3275502,18.0,271.0,23.0,-0.7875461578369141,0.0,-7.385989189147949,16.215150833129883,4.375256538391113,12.002119064331056,-0.162223145365715,0.6202289507236856,0.7875461578369141,28.04460334777832
run_1776898774_8b782021,1776900288.3672564,18.0,271.0,23.0,-0.7434768676757812,0.0,-7.336411476135254,15.736444473266602,4.130427360534668,12.034318923950195,-0.4283023476600647,0.5527578527689911,0.7434768676757812,28.04460334777832
run_1776898774_8b782021,1776900290.322745,18.0,271.0,23.0,-0.6994061470031738,0.0,-7.286831855773926,15.291637420654297,3.885589838027954,12.06398868560791,-0.6579421758651733,0.4891689584658252,0.6994061470031738,28.04460334777832
run_1776898774_8b782021,1776900292.35877,18.0,271.0,23.0,-0.6994061470031738,0.0,-7.286831855773926,15.362821578979492,3.885589838027954,12.09411334991455,-0.616881251335144,0.4891689584658252,0.6994061470031738,28.04460334777832
run_1776898774_8b782021,1776900294.3236618,18.0,271.0,23.0,-0.7434768676757812,0.0,-7.336411476135254,15.966486930847168,4.130427360534668,12.123600959777832,-0.2875420153141022,0.5527578527689911,0.7434768676757812,28.04460334777832
run_1776898774_8b782021,1776900296.325938,18.0,271.0,23.0,-0.7434768676757812,0.0,-7.336411476135254,16.044647216796875,4.130427360534668,12.152634620666504,-0.2384137660264969,0.5527578527689911,0.7434768676757812,28.04460334777832
run_1776898774_8b782021,1776900298.3288686,18.0,271.0,23.0,-0.6994061470031738,0.0,-7.286831855773926,15.581727027893066,3.885589838027954,12.18230438232422,-0.4861669540405273,0.4891689584658252,0.6994061470031738,28.04460334777832
run_1776898774_8b782021,1776900300.3378477,18.0,271.0,23.0,-0.6994061470031738,0.0,-7.286831855773926,15.636526107788086,3.885589838027954,12.212428092956545,-0.4614914357662201,0.4891689584658252,0.6994061470031738,28.04460334777832
run_1776898774_8b782021,1776900302.3439243,18.0,271.0,23.0,-0.7434768676757812,0.0,-7.336411476135254,16.22536849975586,4.130427360534668,12.24191665649414,-0.1469747573137283,0.5527578527689911,0.7434768676757812,28.04460334777832
run_1776898774_8b782021,1776900304.3526838,18.0,271.0,23.0,-0.6994061470031738,0.0,-7.286831855773926,15.783880233764648,3.885589838027954,12.269416809082031,-0.3711247146129608,0.4891689584658252,0.6994061470031738,28.04460334777832
run_1776898774_8b782021,1776900306.333089,18.0,271.0,23.0,-0.6994061470031738,0.0,-7.286831855773926,15.847952842712402,3.885589838027954,12.298086166381836,-0.3357233107089996,0.4891689584658252,0.6994061470031738,28.04460334777832
run_1776898774_8b782021,1776900308.3309703,18.0,271.0,23.0,-0.6994061470031738,0.0,-7.286831855773926,15.923995971679688,3.885589838027954,12.325674057006836,-0.2872669696807861,0.4891689584658252,0.6994061470031738,28.04460334777832
run_1776898774_8b782021,1776900310.3308136,18.0,271.0,23.0,-0.6994061470031738,0.0,-7.286831855773926,15.980069160461426,3.885589838027954,12.354344367980955,-0.2598647773265838,0.4891689584658252,0.6994061470031738,28.04460334777832
run_1776898774_8b782021,1776900312.3332436,18.0,271.0,23.0,-0.6553487777709961,0.0,-7.23726749420166,15.522546768188477,3.640826463699341,12.381841659545898,-0.5001219511032104,0.4294820205259384,0.6553487777709961,28.04460334777832
run_1776898774_8b782021,1776900314.3275068,18.0,271.0,23.0,-0.6994061470031738,0.0,-7.286831855773926,16.113107681274414,3.885589838027954,12.409520149230955,-0.1820021867752075,0.4891689584658252,0.6994061470031738,28.04460334777832
run_1776898774_8b782021,1776900316.3244488,18.0,271.0,23.0,-0.6994061470031738,0.0,-7.286831855773926,16.174488067626953,3.885589838027954,12.437108039855955,-0.1482092440128326,0.4891689584658252,0.6994061470031738,28.04460334777832
run_1776898774_8b782021,1776900318.335558,18.0,271.0,23.0,-0.6553487777709961,0.0,-7.23726749420166,15.701309204101562,3.640826463699341,12.464966773986816,-0.4044850468635559,0.4294820205259384,0.6553487777709961,28.04460334777832
run_1776898774_8b782021,1776900320.3254728,18.0,271.0,23.0,-0.6112766265869141,0.0,-7.187685966491699,15.224902153015137,3.395981311798096,12.492825508117676,-0.6639050841331482,0.3736591142114775,0.6112766265869141,28.04460334777832
run_1776898774_8b782021,1776900322.3352518,18.0,271.0,23.0,-0.6994061470031738,0.0,-7.286831855773926,16.345443725585938,3.885589838027954,12.519511222839355,-0.0596581436693668,0.4891689584658252,0.6994061470031738,28.04460334777832
run_1776898774_8b782021,1776900324.333344,18.0,271.0,23.0,-0.6994061470031738,0.0,-7.286831855773926,16.379802703857422,3.885589838027954,12.548181533813477,-0.0539673827588558,0.4891689584658252,0.6994061470031738,28.04460334777832
run_1776898774_8b782021,1776900326.3650217,18.0,271.0,23.0,-0.6553487777709961,0.0,-7.23726749420166,15.897639274597168,3.640826463699341,12.57604694366455,-0.3192328512668609,0.4294820205259384,0.6553487777709961,28.04460334777832
run_1776898774_8b782021,1776900328.3345656,18.0,271.0,23.0,-0.6553487777709961,0.0,-7.23726749420166,15.970319747924805,3.640826463699341,12.601837158203123,-0.2723439931869507,0.4294820205259384,0.6553487777709961,28.04460334777832
run_1776898774_8b782021,1776900330.3286643,18.0,271.0,23.0,-0.6112766265869141,0.0,-7.187685966491699,15.507014274597168,3.395981311798096,12.627901077270508,-0.5168693661689758,0.3736591142114775,0.6112766265869141,28.04460334777832
run_1776898774_8b782021,1776900332.3320508,18.0,271.0,23.0,-0.6112766265869141,0.0,-7.187685966491699,15.566034317016602,3.395981311798096,12.65405559539795,-0.4840027689933777,0.3736591142114775,0.6112766265869141,28.04460334777832
run_1776898774_8b782021,1776900334.321158,18.0,271.0,23.0,-0.6112766265869141,0.0,-7.187685966491699,15.63726806640625,3.395981311798096,12.679119110107422,-0.4378340244293213,0.3736591142114775,0.6112766265869141,28.04460334777832
run_1776898774_8b782021,1776900336.324556,18.0,271.0,23.0,-0.6553487777709961,0.0,-7.23726749420166,16.230602264404297,3.640826463699341,12.70427417755127,-0.1144974827766418,0.4294820205259384,0.6553487777709961,28.04460334777832
run_1776898774_8b782021,1776900338.3333838,18.0,271.0,23.0,-0.6553487777709961,0.0,-7.23726749420166,16.26840591430664,3.640826463699341,12.731155395507812,-0.1035756170749664,0.4294820205259384,0.6553487777709961,28.04460334777832
run_1776898774_8b782021,1776900340.3214512,18.0,271.0,23.0,-0.6553487777709961,0.0,-7.23726749420166,16.30516815185547,3.640826463699341,12.758037567138672,-0.0936955958604812,0.4294820205259384,0.6553487777709961,28.04460334777832
run_1776898774_8b782021,1776900342.3514264,18.0,271.0,23.0,-0.6553487777709961,0.0,-7.23726749420166,16.340988159179688,3.640826463699341,12.784918785095217,-0.0847580432891845,0.4294820205259384,0.6553487777709961,28.04460334777832
run_1776898774_8b782021,1776900344.3293717,18.0,271.0,23.0,-0.6112766265869141,0.0,-7.187685966491699,15.849447250366213,3.395981311798096,12.811710357666016,-0.358244776725769,0.3736591142114775,0.6112766265869141,28.04460334777832
run_1776898774_8b782021,1776900346.3262706,18.0,271.0,23.0,-0.6112766265869141,0.0,-7.187685966491699,15.908683776855469,3.395981311798096,12.836773872375488,-0.3240720331668854,0.3736591142114775,0.6112766265869141,28.04460334777832
run_1776898774_8b782021,1776900348.321248,18.0,271.0,23.0,-0.6112766265869141,0.0,-7.187685966491699,15.98000717163086,3.395981311798096,12.860746383666992,-0.2767216861248016,0.3736591142114775,0.6112766265869141,28.04460334777832
run_1776898774_8b782021,1776900350.3291428,18.0,271.0,23.0,-0.6112766265869141,0.0,-7.187685966491699,16.031465530395508,3.395981311798096,12.88581085205078,-0.2503254115581512,0.3736591142114775,0.6112766265869141,28.04460334777832
run_1776898774_8b782021,1776900352.34165,18.0,271.0,23.0,-0.6112766265869141,0.0,-7.187685966491699,16.08041000366211,3.395981311798096,12.910874366760254,-0.2264470160007476,0.3736591142114775,0.6112766265869141,28.04460334777832
run_1776898774_8b782021,1776900354.333537,18.0,271.0,23.0,-0.567204475402832,0.0,-7.1381049156188965,15.605791091918944,3.1511359214782715,12.935483932495115,-0.4808288514614105,0.3217209169170019,0.567204475402832,28.04460334777832
run_1776898774_8b782021,1776900356.3300014,18.0,271.0,23.0,-0.6112766265869141,0.0,-7.187685966491699,16.186063766479492,3.395981311798096,12.959911346435549,-0.1698283553123474,0.3736591142114775,0.6112766265869141,28.04460334777832
run_1776898774_8b782021,1776900358.3394368,18.0,271.0,23.0,-0.6112766265869141,0.0,-7.187685966491699,16.22732925415039,3.395981311798096,12.98497486114502,-0.1536285132169723,0.3736591142114775,0.6112766265869141,28.04460334777832
run_1776898774_8b782021,1776900360.3270574,18.0,271.0,23.0,-0.6112766265869141,0.0,-7.187685966491699,16.267045974731445,3.395981311798096,13.010038375854492,-0.1389739662408828,0.3736591142114775,0.6112766265869141,28.04460334777832
run_1776898774_8b782021,1776900362.3307996,18.0,271.0,23.0,-0.6112766265869141,0.0,-7.187685966491699,16.305368423461914,3.395981311798096,13.035101890563965,-0.1257173269987106,0.3736591142114775,0.6112766265869141,28.04460334777832
run_1776898774_8b782021,1776900364.3293433,18.0,271.0,23.0,-0.6112766265869141,0.0,-7.187685966491699,16.342422485351562,3.395981311798096,13.060166358947754,-0.1137252226471901,0.3736591142114775,0.6112766265869141,28.04460334777832
run_1776898774_8b782021,1776900366.342342,18.0,271.0,23.0,-0.6112766265869141,0.0,-7.187685966491699,16.393354415893555,3.395981311798096,13.084138870239258,-0.0867659077048301,0.3736591142114775,0.6112766265869141,28.04460334777832
run_1776898774_8b782021,1776900368.3254435,18.0,271.0,23.0,-0.567204475402832,0.0,-7.1381049156188965,15.915534019470217,3.1511359214782715,13.108020782470703,-0.3436237573623657,0.3217209169170019,0.567204475402832,28.04460334777832
run_1776898774_8b782021,1776900370.321546,18.0,271.0,23.0,-0.567204475402832,0.0,-7.1381049156188965,15.956537246704102,3.1511359214782715,13.132357597351074,-0.3269566595554352,0.3217209169170019,0.567204475402832,28.04460334777832
run_1776898774_8b782021,1776900372.3354793,18.0,271.0,23.0,-0.567204475402832,0.0,-7.1381049156188965,16.010971069335938,3.1511359214782715,13.155603408813477,-0.2957684099674225,0.3217209169170019,0.567204475402832,28.04460334777832
run_1776898774_8b782021,1776900374.332257,18.0,271.0,23.0,-0.567204475402832,0.0,-7.1381049156188965,16.077468872070312,3.1511359214782715,13.177776336669922,-0.2514435350894928,0.3217209169170019,0.567204475402832,28.04460334777832
run_1776898774_8b782021,1776900376.3281612,18.0,271.0,23.0,-0.567204475402832,0.0,-7.1381049156188965,16.12470054626465,3.1511359214782715,13.201022148132324,-0.2274584472179412,0.3217209169170019,0.567204475402832,28.04460334777832
run_1776898774_8b782021,1776900378.3246112,18.0,271.0,23.0,-0.5231304168701172,0.0,-7.088521957397461,15.663385391235352,2.906280279159546,13.222747802734377,-0.4656440019607544,0.2736654330547026,0.5231304168701172,28.04460334777832
run_1776898774_8b782021,1776900380.320502,18.0,271.0,23.0,-0.567204475402832,0.0,-7.1381049156188965,16.24042320251465,3.1511359214782715,13.245368003845217,-0.1560805439949035,0.3217209169170019,0.567204475402832,28.04460334777832
run_1776898774_8b782021,1776900382.3311212,18.0,271.0,23.0,-0.567204475402832,0.0,-7.1381049156188965,16.2785587310791,3.1511359214782715,13.268613815307615,-0.1411920934915542,0.3217209169170019,0.567204475402832,28.04460334777832
run_1776898774_8b782021,1776900384.3312745,18.0,271.0,23.0,-0.567204475402832,0.0,-7.1381049156188965,16.31527328491211,3.1511359214782715,13.29185962677002,-0.1277238726615905,0.3217209169170019,0.567204475402832,28.04460334777832
run_1776898774_8b782021,1776900386.325362,18.0,271.0,23.0,-0.5231304168701172,0.0,-7.088521957397461,15.844443321228027,2.906280279159546,13.31358528137207,-0.3754229843616485,0.2736654330547026,0.5231304168701172,28.04460334777832
run_1776898774_8b782021,1776900388.3383062,18.0,271.0,23.0,-0.567204475402832,0.0,-7.1381049156188965,16.417888641357422,3.1511359214782715,13.335847854614258,-0.0690957754850387,0.3217209169170019,0.567204475402832,28.04460334777832
run_1776898774_8b782021,1776900390.3297205,18.0,271.0,23.0,-0.4790558815002441,0.0,-7.038938045501709,15.40511703491211,2.661421537399292,13.358192443847656,-0.6144965887069702,0.2294945375999759,0.4790558815002441,28.04460334777832
run_1776898774_8b782021,1776900392.3544197,18.0,271.0,23.0,-0.4790558815002441,0.0,-7.038938045501709,15.483373641967772,2.661421537399292,13.37783145904541,-0.555880069732666,0.2294945375999759,0.4790558815002441,28.04460334777832
run_1776898774_8b782021,1776900394.3230932,18.0,271.0,23.0,-0.567204475402832,0.0,-7.1381049156188965,16.568586349487305,3.1511359214782715,13.40053653717041,0.0169131811708211,0.3217209169170019,0.567204475402832,28.04460334777832
run_1776898774_8b782021,1776900396.3313637,18.0,271.0,23.0,-0.5231304168701172,0.0,-7.088521957397461,16.07404136657715,2.906280279159546,13.422977447509766,-0.2552159428596496,0.2736654330547026,0.5231304168701172,28.04460334777832
run_1776898774_8b782021,1776900398.3212717,18.0,271.0,23.0,-0.5231304168701172,0.0,-7.088521957397461,16.119844436645508,2.906280279159546,13.444435119628906,-0.2308710068464279,0.2736654330547026,0.5231304168701172,28.04460334777832
run_1776898774_8b782021,1776900400.3206196,18.0,271.0,23.0,-0.4790558815002441,0.0,-7.038938045501709,15.647130012512209,2.661421537399292,13.465075492858888,-0.4793671369552612,0.2294945375999759,0.4790558815002441,28.04460334777832
run_1776898774_8b782021,1776900402.329674,18.0,271.0,23.0,-0.4790558815002441,0.0,-7.038938045501709,15.712496757507324,2.661421537399292,13.48471450805664,-0.4336406588554382,0.2294945375999759,0.4790558815002441,28.04460334777832
run_1776898774_8b782021,1776900404.3201208,18.0,271.0,23.0,-0.4790558815002441,0.0,-7.038938045501709,15.773500442504885,2.661421537399292,13.504354476928713,-0.3922759592533111,0.2294945375999759,0.4790558815002441,28.04460334777832
run_1776898774_8b782021,1776900406.3468015,18.0,271.0,23.0,-0.5231304168701172,0.0,-7.088521957397461,16.336849212646484,2.906280279159546,13.52553939819336,-0.0949715077877044,0.2736654330547026,0.5231304168701172,28.04460334777832
run_1776898774_8b782021,1776900408.3436112,18.0,271.0,23.0,-0.5231304168701172,0.0,-7.088521957397461,16.36736488342285,2.906280279159546,13.5469970703125,-0.085912212729454,0.2736654330547026,0.5231304168701172,28.04460334777832
run_1776898774_8b782021,1776900410.3339455,18.0,271.0,23.0,-0.4790558815002441,0.0,-7.038938045501709,15.875707626342772,2.661421537399292,13.568000793457031,-0.3537145555019378,0.2294945375999759,0.4790558815002441,28.04460334777832
run_1776898774_8b782021,1776900412.330371,18.0,271.0,23.0,-0.5231304168701172,0.0,-7.088521957397461,16.445283889770508,2.906280279159546,13.588458061218262,-0.0494552478194236,0.2736654330547026,0.5231304168701172,28.04460334777832
run_1776898774_8b782021,1776900414.3362627,18.0,271.0,23.0,-0.5231304168701172,0.0,-7.088521957397461,16.49170684814453,2.906280279159546,13.608461380004885,-0.0230361744761466,0.2736654330547026,0.5231304168701172,28.04460334777832
run_1776898774_8b782021,1776900416.3211827,18.0,271.0,23.0,-0.4790558815002441,0.0,-7.038938045501709,15.999165534973145,2.661421537399292,13.629100799560549,-0.2913574874401092,0.2294945375999759,0.4790558815002441,28.04460334777832
run_1776898774_8b782021,1776900418.3261192,18.0,271.0,23.0,-0.5231304168701172,0.0,-7.088521957397461,16.552886962890625,2.906280279159546,13.650285720825195,-0.0036796114873141,0.2736654330547026,0.5231304168701172,28.04460334777832
run_1776898774_8b782021,1776900420.3945234,18.0,271.0,23.0,-0.5231304168701172,0.0,-7.088521957397461,16.574695587158203,2.906280279159546,13.671743392944336,-0.0033286155667155,0.2736654330547026,0.5231304168701172,28.04460334777832
run_1776898774_8b782021,1776900422.3473632,18.0,271.0,23.0,-0.4790558815002441,0.0,-7.038938045501709,16.06993293762207,2.661421537399292,13.693110466003418,-0.2845981419086456,0.2294945375999759,0.4790558815002441,28.04460334777832
run_1776898774_8b782021,1776900424.331491,18.0,271.0,23.0,-0.4790558815002441,0.0,-7.038938045501709,16.116722106933594,2.661421537399292,13.712750434875488,-0.2574504613876343,0.2294945375999759,0.4790558815002441,28.04460334777832
run_1776898774_8b782021,1776900426.347126,18.0,271.0,23.0,-0.4349956512451172,0.0,-6.989370346069336,15.61430549621582,2.416642665863037,13.733753204345703,-0.5360896587371826,0.1892212166021636,0.4349956512451172,28.04460334777832
run_1776898774_8b782021,1776900428.323638,18.0,271.0,23.0,-0.4790558815002441,0.0,-7.038938045501709,16.19929313659668,2.661421537399292,13.75239372253418,-0.2145214676856994,0.2294945375999759,0.4790558815002441,28.04460334777832
run_1776898774_8b782021,1776900430.318042,18.0,271.0,23.0,-0.4349956512451172,0.0,-6.989370346069336,15.713029861450195,2.416642665863037,13.771942138671877,-0.4755540788173675,0.1892212166021636,0.4349956512451172,28.04460334777832
run_1776898774_8b782021,1776900432.3285158,18.0,271.0,23.0,-0.4790558815002441,0.0,-7.038938045501709,16.29224395751953,2.661421537399292,13.790581703186035,-0.1597603261470794,0.2294945375999759,0.4790558815002441,28.04460334777832
run_1776898774_8b782021,1776900434.3259895,18.0,271.0,23.0,-0.4790558815002441,0.0,-7.038938045501709,16.327123641967773,2.661421537399292,13.810221672058104,-0.144520878791809,0.2294945375999759,0.4790558815002441,28.04460334777832
run_1776898774_8b782021,1776900436.324194,18.0,271.0,23.0,-0.4349956512451172,0.0,-6.989370346069336,15.84451961517334,2.416642665863037,13.8290433883667,-0.401166021823883,0.1892212166021636,0.4349956512451172,28.04460334777832
run_1776898774_8b782021,1776900438.3199658,18.0,271.0,23.0,-0.4790558815002441,0.0,-7.038938045501709,16.406734466552734,2.661421537399292,13.848410606384276,-0.103097952902317,0.2294945375999759,0.4790558815002441,28.04460334777832
run_1776898774_8b782021,1776900440.3264349,18.0,271.0,23.0,-0.4349956512451172,0.0,-6.989370346069336,15.920180320739746,2.416642665863037,13.867232322692873,-0.3636944591999054,0.1892212166021636,0.4349956512451172,28.04460334777832
run_1776898774_8b782021,1776900442.319216,18.0,271.0,23.0,-0.4790558815002441,0.0,-7.038938045501709,16.499059677124023,2.661421537399292,13.88514518737793,-0.0475062318146228,0.2294945375999759,0.4790558815002441,28.04460334777832
run_1776898774_8b782021,1776900444.3476818,18.0,271.0,23.0,-0.4349956512451172,0.0,-6.989370346069336,16.0072021484375,2.416642665863037,13.903966903686523,-0.3134056329727173,0.1892212166021636,0.4349956512451172,28.04460334777832
run_1776898774_8b782021,1776900446.3436136,18.0,271.0,23.0,-0.4790558815002441,0.0,-7.038938045501709,16.56594467163086,2.661421537399292,13.922969818115234,-0.0184472817927598,0.2294945375999759,0.4790558815002441,28.04460334777832
run_1776898774_8b782021,1776900448.3279986,18.0,271.0,23.0,-0.4790558815002441,0.0,-7.038938045501709,16.587343215942383,2.661421537399292,13.942609786987305,-0.0166876073926687,0.2294945375999759,0.4790558815002441,28.04460334777832
run_1776898774_8b782021,1776900450.329118,18.0,271.0,23.0,-0.4790558815002441,0.0,-7.038938045501709,16.60857582092285,2.661421537399292,13.962249755859377,-0.0150957843288779,0.2294945375999759,0.4790558815002441,28.04460334777832
run_1776898774_8b782021,1776900452.325205,18.0,271.0,23.0,-0.3909206390380859,0.0,-6.939785957336426,15.597440719604492,2.171781301498413,13.980266571044922,-0.5546084046363831,0.1528189460259454,0.3909206390380859,28.04460334777832
run_1776898774_8b782021,1776900454.3211286,18.0,271.0,23.0,-0.4349956512451172,0.0,-6.989370346069336,16.17755126953125,2.416642665863037,13.997462272644045,-0.2365529537200927,0.1892212166021636,0.4349956512451172,28.04460334777832
