step,decision_idx,elapsed_s,temp,temp_ref,error,abs_error,kp,ki,kd,u,u_p,u_i,u_d,diff_out,pred_delta,valid
1,1,2.0,26.843181133270264,0.0,-26.843181133270264,26.843181133270264,50.0,917.0,1.0,-54.11777535441657,-54.0,-0.11777535441657577,-0.0,0.0,-0.15681886672973633,True
2,1,4.0,26.69725300371647,0.0,-26.69725300371647,26.69725300371647,50.0,917.0,1.0,-53.90697163814825,-53.686362266540534,-0.23486665706988125,0.014257285462161623,-0.007128642731080811,-0.14592812955379486,True
3,1,6.0,26.54931978881359,0.0,-26.54931978881359,26.54931978881359,50.0,917.0,1.0,-53.71966298421291,-53.39450600743294,-0.35132141390179633,0.02616443712182428,-0.01308221856091214,-0.1479332149028778,True
4,1,8.0,26.395698353648186,0.0,-26.395698353648186,26.395698353648186,50.0,917.0,1.0,-53.52865239136324,-53.09863957762718,-0.467130878629445,0.03711806489338703,-0.018559032446693515,-0.15362143516540527,True
5,1,10.0,26.20489175617695,0.0,-26.20489175617695,26.20489175617695,50.0,917.0,1.0,-53.326122966767606,-52.791396707296364,-0.5822702389507025,0.04754397947946357,-0.023771989739731787,-0.19080659747123718,True
6,1,12.0,25.978665962815285,0.0,-25.978665962815285,25.978665962815285,50.0,917.0,1.0,-53.04600472028085,-52.409783512353904,-0.6965772913222481,0.060356083395307375,-0.030178041697653687,-0.22622579336166382,True
7,1,14.0,25.73227308690548,0.0,-25.73227308690548,25.73227308690548,50.0,917.0,1.0,-52.692063255821076,-51.95733192563057,-0.8098975354348555,0.07516620524434711,-0.037583102622173556,-0.2463928759098053,True
8,1,16.0,25.528541684150696,0.0,-25.528541684150696,25.528541684150696,50.0,917.0,1.0,-52.296292075652964,-51.46454617381095,-0.9221430014627978,0.09039709962078202,-0.04519854981039101,-0.20373140275478363,True
9,1,18.0,25.347570836544037,0.0,-25.347570836544037,25.347570836544037,50.0,917.0,1.0,-51.990286617440475,-51.05708336830139,-1.0334997808920272,0.10029653175293843,-0.050148265876469214,-0.18097084760665894,True
10,1,20.0,25.152938440442085,0.0,-25.152938440442085,25.152938440442085,50.0,917.0,1.0,-51.732026457808466,-50.695141673088074,-1.144067156405851,0.10718237168545328,-0.05359118584272664,-0.1946323961019516,True
11,2,22.0,24.96695253252983,0.0,-24.96695253252983,24.96695253252983,50.0,1000.0,1.0,-51.43590236816215,-50.30587688088417,-1.24467891016762,0.11465342288964052,-0.05732671144482025,-0.18598590791225433,True
12,2,24.0,24.7945946007967,0.0,-24.7945946007967,24.7945946007967,50.0,1000.0,1.0,-51.157826072137624,-49.93390506505966,-1.344546720297739,0.12062571321978036,-0.06031285660989018,-0.1723579317331314,True
13,2,26.0,24.62847164273262,0.0,-24.62847164273262,24.62847164273262,50.0,1000.0,1.0,-50.90812498663825,-49.5891892015934,-1.4437250987009247,0.1247893136560729,-0.06239465682803645,-0.16612295806407928,True
14,2,28.0,24.46552923321724,0.0,-24.46552923321724,24.46552923321724,50.0,1000.0,1.0,-50.67119337702588,-49.25694328546524,-1.5422389852718539,0.12798889371121697,-0.06399444685560848,-0.16294240951538086,True
15,2,30.0,24.30521722137928,0.0,-24.30521722137928,24.30521722137928,50.0,1000.0,1.0,-50.44056546284046,-48.93105846643448,-1.6401011022047243,0.1305941057987463,-0.06529705289937315,-0.1603120118379593,True
16,2,32.0,24.15630169212818,0.0,-24.15630169212818,24.15630169212818,50.0,1000.0,1.0,-50.21504475014422,-48.61043444275856,-1.7373219710902383,0.1327116637045755,-0.06635583185228774,-0.14891552925109863,True
17,2,34.0,23.992059901356697,0.0,-23.992059901356697,23.992059901356697,50.0,1000.0,1.0,-50.01295945168673,-48.31260338425636,-1.8339471778587535,0.13359111042839086,-0.06679555521419543,-0.16424179077148438,True
18,2,36.0,23.83357585966587,0.0,-23.83357585966587,23.83357585966587,50.0,1000.0,1.0,-49.77825515636318,-47.984119802713394,-1.929915417464181,0.13578006381438842,-0.06789003190719421,-0.15848404169082642,True
19,2,38.0,23.668114706873894,0.0,-23.668114706873894,23.668114706873894,50.0,1000.0,1.0,-49.55516469560932,-47.66715171933174,-2.0252497209028464,0.1372367446252643,-0.06861837231263215,-0.16546115279197693,True
20,2,40.0,23.513570427894592,0.0,-23.513570427894592,23.513570427894592,50.0,1000.0,1.0,-49.31696279170039,-47.33622941374779,-2.1199221797303403,0.13918880177773435,-0.06959440088886718,-0.15454427897930145,True
21,3,42.0,23.344281792640686,0.0,-23.344281792640686,23.344281792640686,50.0,1000.0,1.0,-49.101155178513515,-47.027140855789185,-2.2139764614419213,0.13996213871758373,-0.06998106935879186,-0.16928863525390625,True
22,3,44.0,23.188187956809998,0.0,-23.188187956809998,23.188187956809998,50.0,1000.0,1.0,-48.853914974092696,-46.68856358528137,-2.307353588612486,0.14200219980116108,-0.07100109990058054,-0.15609383583068848,True
23,3,46.0,23.021899923682213,0.0,-23.021899923682213,23.021899923682213,50.0,1000.0,1.0,-48.63383420707355,-46.376375913619995,-2.4001063404397267,0.14264804698617115,-0.07132402349308557,-0.16628803312778473,True
24,3,48.0,22.870282992720604,0.0,-22.870282992720604,22.870282992720604,50.0,1000.0,1.0,-48.39183468855005,-46.043799847364426,-2.4921939401344555,0.1441590989488334,-0.0720795494744167,-0.1516169309616089,True
25,3,50.0,22.702421128749847,0.0,-22.702421128749847,22.702421128749847,50.0,1000.0,1.0,-48.18004887759592,-45.74056598544121,-2.5836750721053385,0.1441921799506276,-0.0720960899753138,-0.16786186397075653,True
26,3,52.0,22.555456325411797,0.0,-22.555456325411797,22.555456325411797,50.0,1000.0,1.0,-47.933627990492056,-45.404842257499695,-2.6744847566203362,0.14569902362797416,-0.07284951181398708,-0.14696480333805084,True
27,3,54.0,22.391047969460487,0.0,-22.391047969460487,22.391047969460487,50.0,1000.0,1.0,-47.73045697188722,-45.11091265082359,-2.764706581921984,0.14516226085834794,-0.07258113042917397,-0.1644083559513092,True
28,3,56.0,22.248854964971542,0.0,-22.248854964971542,22.248854964971542,50.0,1000.0,1.0,-47.49010412158101,-44.782095938920975,-2.8542707737998243,0.14626259113978168,-0.07313129556989084,-0.142193004488945,True
29,3,58.0,22.082433849573135,0.0,-22.082433849573135,22.082433849573135,50.0,1000.0,1.0,-47.29573788474719,-44.497709929943085,-2.9432661936597087,0.14523823885560366,-0.07261911942780183,-0.16642111539840698,True
30,3,60.0,21.948414906859398,0.0,-21.948414906859398,21.948414906859398,50.0,1000.0,1.0,-47.04994931528647,-44.16486769914627,-3.0315959290580046,0.1465143129178083,-0.07325715645890415,-0.1340189427137375,True
31,4,62.0,21.78330832719803,0.0,-21.78330832719803,21.78330832719803,50.0,1000.0,1.0,-46.87149660333467,-43.896829813718796,-3.1193895886854435,0.14472279906957064,-0.07236139953478532,-0.16510657966136932,True
32,4,64.0,21.655474707484245,0.0,-21.655474707484245,21.655474707484245,50.0,1000.0,1.0,-46.62721094754452,-43.56661665439606,-3.206522821994236,0.14592852884577212,-0.07296426442288606,-0.12783361971378326,True
33,4,66.0,21.486897438764572,0.0,-21.486897438764572,21.486897438764572,50.0,1000.0,1.0,-46.46046358564737,-43.31094941496849,-3.2931447208241718,0.14363055014529694,-0.07181527507264847,-0.16857726871967316,True
34,4,68.0,21.370300091803074,0.0,-21.370300091803074,21.370300091803074,50.0,1000.0,1.0,-46.20763117921763,-42.973794877529144,-3.379092310579225,0.1452560088907418,-0.0726280044453709,-0.11659734696149826,True
35,4,70.0,21.199797578155994,0.0,-21.199797578155994,21.199797578155994,50.0,1000.0,1.0,-46.06317306577976,-42.74060018360615,-3.4645735109464324,0.14200062877282374,-0.07100031438641187,-0.17050251364707947,True
36,4,72.0,21.093067683279514,0.0,-21.093067683279514,21.093067683279514,50.0,1000.0,1.0,-45.80501125778779,-42.39959515631199,-3.5493727012590557,0.14395659978326208,-0.07197829989163104,-0.1067298948764801,True
37,4,74.0,20.915594018995762,0.0,-20.915594018995762,20.915594018995762,50.0,1000.0,1.0,-45.679952274460064,-42.18613536655903,-3.6337449719921713,0.13992806409113737,-0.06996403204556868,-0.17747366428375244,True
38,4,76.0,20.821789652109146,0.0,-20.821789652109146,20.821789652109146,50.0,1000.0,1.0,-45.40587986348334,-41.831188037991524,-3.7174073480681593,0.14271552257633818,-0.07135776128816909,-0.09380436688661575,True
39,4,78.0,20.637117207050323,0.0,-20.637117207050323,20.637117207050323,50.0,1000.0,1.0,-45.306643570722585,-41.64357930421829,-3.8006945066765927,0.13763024017229947,-0.06881512008614973,-0.18467244505882263,True
40,4,80.0,20.557778626680374,0.0,-20.557778626680374,20.557778626680374,50.0,1000.0,1.0,-45.01618602096617,-41.27423441410065,-3.883242975504793,0.14129136863927325,-0.07064568431963662,-0.07933858036994934,True
41,5,82.0,20.325232043862343,0.0,-20.325232043862343,20.325232043862343,50.0,1000.0,17.0,-42.78557626091565,-41.11555725336075,-3.9654740900115186,2.295455082456621,-0.06751338477813591,-0.2325465828180313,True
42,5,84.0,20.239258736371994,0.0,-20.239258736371994,20.239258736371994,50.0,1000.0,17.0,-42.26133037212808,-40.650464087724686,-4.046775018186964,2.435908733783574,-0.07164437452304628,-0.08597330749034882,True
43,5,86.0,20.053132981061935,0.0,-20.053132981061935,20.053132981061935,50.0,1000.0,17.0,-42.269823565885865,-40.47851747274399,-4.127732053132448,2.336425959990572,-0.06871841058795801,-0.1861257553100586,True
44,5,88.0,20.02076806500554,0.0,-20.02076806500554,20.02076806500554,50.0,1000.0,17.0,-41.91298556438816,-40.10626596212387,-4.2079445850566985,2.4012249827924155,-0.07062426419977692,-0.03236491605639458,True
45,5,90.0,19.82325381413102,0.0,-19.82325381413102,19.82325381413102,50.0,1000.0,17.0,-42.107368400046504,-40.04153613001108,-4.288027657316724,2.2221953872813067,-0.0653586878612149,-0.19751425087451935,True
46,5,92.0,19.780738797038794,0.0,-19.780738797038794,19.780738797038794,50.0,1000.0,17.0,-41.69833582379432,-39.64650762826204,-4.367320672573251,2.3154924770409813,-0.06810271991297004,-0.042515017092227936,True
47,5,94.0,19.56144018098712,0.0,-19.56144018098712,19.56144018098712,50.0,1000.0,17.0,-41.84759271030952,-39.56147759407759,-4.446443627761402,2.1603285115294746,-0.06353907386851396,-0.2192986160516739,True
48,5,96.0,19.543127657845616,0.0,-19.543127657845616,19.543127657845616,50.0,1000.0,17.0,-41.354373531196366,-39.12288036197424,-4.524689388485349,2.293196219263224,-0.06744694762538894,-0.018312523141503334,True
49,5,98.0,19.321028979495168,0.0,-19.321028979495168,19.321028979495168,50.0,1000.0,17.0,-41.58636467490122,-39.08625531569123,-4.602861899116735,2.102752539906746,-0.061845662938433715,-0.2220986783504486,True
50,5,100.0,19.302623545750976,0.0,-19.302623545750976,19.302623545750976,50.0,1000.0,17.0,-41.07676390201176,-38.642057958990335,-4.680146015034715,2.2454400720132894,-0.0660423550592144,-0.018405433744192123,True
51,6,102.0,18.997715776786208,0.0,-18.997715776786208,18.997715776786208,30.0,880.0,15.0,-66.1394926326617,-64.34207848583658,-4.8263780115934365,3.0289638647683237,-0.060579277295366475,-0.30490776896476746,True
52,6,104.0,19.020036036148667,0.0,-19.020036036148667,19.020036036148667,30.0,880.0,15.0,-64.86296488192431,-63.32571925595403,-4.970300100811518,3.4330544748412297,-0.0686610894968246,0.022320259362459183,True
53,6,106.0,18.960913127288222,0.0,-18.960913127288222,18.960913127288222,30.0,880.0,15.0,-65.45966585500288,-63.400120120495565,-5.114391282903553,3.0548455483962353,-0.06109691096792471,-0.05912290886044502,True
54,6,108.0,18.98895942606032,0.0,-18.98895942606032,18.98895942606032,30.0,880.0,15.0,-65.56325311611519,-63.203043757627405,-5.258034564170895,2.897825205683114,-0.05795650411366229,0.028046298772096634,True
55,6,110.0,18.86384272016585,0.0,-18.86384272016585,18.86384272016585,30.0,880.0,15.0,-66.14076485689196,-63.29653142020106,-5.401890317398624,2.5576568807077287,-0.05115313761415458,-0.12511670589447021,True
56,6,112.0,18.835448181256652,0.0,-18.835448181256652,18.835448181256652,30.0,880.0,15.0,-65.82621413996394,-62.87947573388616,-5.544798216793819,2.5980598107160437,-0.05196119621432088,-0.028394538909196854,True
57,6,114.0,18.680828040465713,0.0,-18.680828040465713,18.680828040465713,30.0,880.0,15.0,-66.05754846163713,-62.7848272708555,-5.68749100604576,2.4147698152641355,-0.048295396305282706,-0.15462014079093933,True
58,6,116.0,18.575521802529693,0.0,-18.575521802529693,18.575521802529693,30.0,880.0,15.0,-65.56257847689125,-62.26942680155238,-5.829012430594744,2.535860755255877,-0.050717215105117536,-0.1053062379360199,True
59,6,118.0,18.283699011430144,0.0,-18.283699011430144,18.283699011430144,30.0,880.0,15.0,-65.35482630931656,-61.9184060084323,-5.969736080613903,2.5333157797296533,-0.05066631559459307,-0.29182279109954834,True
60,6,120.0,18.240592705085874,0.0,-18.240592705085874,18.240592705085874,30.0,880.0,15.0,-64.09896702465629,-60.94566337143381,-6.108248951912611,2.954945298690122,-0.059098905973802435,-0.043106306344270706,True
61,7,122.0,18.02059884555638,0.0,-18.02059884555638,18.02059884555638,33.0,941.0,1.0,-61.33231024145896,-55.27452334874508,-6.225729341601756,0.16794244888786455,-0.0554210081329953,-0.21999385952949524,True
62,7,124.0,17.87057559378445,0.0,-17.87057559378445,17.87057559378445,33.0,941.0,1.0,-60.767441265851815,-54.60787528956479,-6.341792838497752,0.18222686221072662,-0.06013486452953978,-0.15002325177192688,True
63,7,126.0,17.598925845697522,0.0,-17.598925845697522,17.598925845697522,33.0,941.0,1.0,-60.42463929590419,-54.1532593751044,-6.456890095405505,0.1855101746057183,-0.06121835761988704,-0.2716497480869293,True
64,7,128.0,17.36190083809197,0.0,-17.36190083809197,17.36190083809197,33.0,941.0,1.0,-59.695081626153936,-53.33007832029553,-6.5702377645240855,0.20523445866568718,-0.06772737135967677,-0.23702500760555267,True
65,7,130.0,17.301128150895238,0.0,-17.301128150895238,17.301128150895238,33.0,941.0,1.0,-59.075571909610005,-52.61182072149082,-6.682058850010771,0.21830766189159492,-0.07204152842422633,-0.06077268719673157,True
66,7,132.0,17.112253742292523,0.0,-17.112253742292523,17.112253742292523,33.0,941.0,1.0,-59.015294691963604,-52.42766106331891,-6.7934885228339805,0.20585489418927916,-0.06793211508246212,-0.18887440860271454,True
67,7,134.0,16.929259466007352,0.0,-16.929259466007352,16.929259466007352,33.0,941.0,1.0,-58.54677997775711,-51.85531437058341,-6.903701730847973,0.21223612367427097,-0.07003792081250942,-0.1829942762851715,True
68,7,136.0,16.740243332460523,0.0,-16.740243332460523,16.740243332460523,33.0,941.0,1.0,-58.096323949332366,-51.30078626062834,-7.012736345642086,0.21719865693806406,-0.07167555678956114,-0.18901613354682922,True
69,7,138.0,16.498225482180715,0.0,-16.498225482180715,16.498225482180715,33.0,941.0,1.0,-57.62604634811023,-50.72801009836522,-7.120553582833085,0.22251733308808036,-0.07343071991906652,-0.24201785027980804,True
70,7,140.0,16.45319182612002,0.0,-16.45319182612002,16.45319182612002,33.0,941.0,1.0,-56.986805052718246,-49.9946226732749,-7.226812079481916,0.23462970003857347,-0.07742780101272924,-0.04503365606069565,True
71,8,142.0,16.242844143882394,0.0,-16.242844143882394,16.242844143882394,50.0,1.0,1.0,-100.0,-32.90638365224004,-73.039579383962,0.14417826356041855,-0.07208913178020927,-0.21034768223762512,True
72,8,144.0,16.184846507385373,0.0,-16.184846507385373,16.184846507385373,50.0,1.0,1.0,-100.0,-32.48568828776479,-100.0,0.14954905948612157,-0.07477452974306079,-0.05799763649702072,True
73,8,146.0,16.02090951986611,0.0,-16.02090951986611,16.02090951986611,50.0,1.0,1.0,-100.0,-32.369693014770746,-100.0,0.14055653796418316,-0.07027826898209158,-0.16393698751926422,True
74,8,148.0,15.924891458824277,0.0,-15.924891458824277,15.924891458824277,50.0,1.0,1.0,-100.0,-32.04181903973222,-100.0,0.14205335118432885,-0.07102667559216443,-0.09601806104183197,True
75,8,150.0,15.766788201406598,0.0,-15.766788201406598,15.766788201406598,50.0,1.0,1.0,-100.0,-31.849782917648557,-100.0,0.13723249238159413,-0.06861624619079706,-0.15810325741767883,True
76,8,152.0,15.642651299014688,0.0,-15.642651299014688,15.642651299014688,50.0,1.0,1.0,-100.0,-31.533576402813196,-100.0,0.13851600748838436,-0.06925800374419218,-0.12413690239191055,True
77,8,154.0,15.490370059385896,0.0,-15.490370059385896,15.490370059385896,50.0,1.0,1.0,-100.0,-31.285302598029375,-100.0,0.13658901627009642,-0.06829450813504821,-0.1522812396287918,True
78,8,156.0,15.393877001479268,0.0,-15.393877001479268,15.393877001479268,50.0,1.0,1.0,-100.0,-30.980740118771795,-100.0,0.13740459986133605,-0.06870229993066802,-0.09649305790662766,True
79,8,158.0,15.23083514161408,0.0,-15.23083514161408,15.23083514161408,50.0,1.0,1.0,-100.0,-30.78775400295854,-100.0,0.13307036785201046,-0.06653518392600523,-0.1630418598651886,True
80,8,160.0,15.125662224367261,0.0,-15.125662224367261,15.125662224367261,50.0,1.0,1.0,-100.0,-30.46167028322816,-100.0,0.135199902152577,-0.0675999510762885,-0.10517291724681854,True
81,9,162.0,14.972529890015721,0.0,-14.972529890015721,14.972529890015721,12.0,618.0,13.0,-100.0,-100.0,-100.0,7.142693460809217,-0.06593255502285432,-0.1531323343515396,True
82,9,164.0,14.732809754088521,0.0,-14.732809754088521,14.732809754088521,12.0,618.0,13.0,-100.0,-100.0,-100.0,7.215470307096947,-0.06660434129627951,-0.23972013592720032,True
83,9,166.0,14.453227760270238,0.0,-14.453227760270238,14.453227760270238,12.0,618.0,13.0,-100.0,-100.0,-100.0,7.707714982357369,-0.07114813829868341,-0.2795819938182831,True
84,9,168.0,14.227725671604276,0.0,-14.227725671604276,14.227725671604276,12.0,618.0,13.0,-100.0,-100.0,-100.0,8.349308236998944,-0.07707053757229795,-0.22550208866596222,True
85,9,170.0,14.042768137529492,0.0,-14.042768137529492,14.042768137529492,12.0,618.0,13.0,-100.0,-100.0,-100.0,8.663378512081511,-0.07996964780382934,-0.18495753407478333,True
86,9,172.0,13.799031527712941,0.0,-13.799031527712941,13.799031527712941,12.0,618.0,13.0,-100.0,-100.0,-100.0,8.747824206199189,-0.08074914651876175,-0.2437366098165512,True
87,9,174.0,13.638103382661939,0.0,-13.638103382661939,13.638103382661939,12.0,618.0,13.0,-100.0,-100.0,-100.0,9.113677891899021,-0.0841262574636833,-0.1609281450510025,True
88,9,176.0,13.43367457576096,0.0,-13.43367457576096,13.43367457576096,12.0,618.0,13.0,-100.0,-100.0,-100.0,9.036834701356335,-0.08341693570482771,-0.2044288069009781,True
89,9,178.0,13.32110539264977,0.0,-13.32110539264977,13.32110539264977,12.0,618.0,13.0,-100.0,-100.0,-100.0,9.181544749333078,-0.08475272076307458,-0.1125691831111908,True
90,9,180.0,13.105806993320584,0.0,-13.105806993320584,13.105806993320584,12.0,618.0,13.0,-100.0,-100.0,-100.0,8.860079401160423,-0.08178534831840391,-0.21529839932918549,True
91,10,182.0,12.83744035847485,0.0,-12.83744035847485,12.83744035847485,50.0,447.0,1.0,-100.0,-26.21161398664117,-100.0,0.16754175522935902,-0.08377087761467951,-0.26836663484573364,True
92,10,184.0,12.57315363176167,0.0,-12.57315363176167,12.57315363176167,50.0,447.0,1.0,-100.0,-25.6748807169497,-100.0,0.17595874831106595,-0.08797937415553297,-0.26428672671318054,True
93,10,186.0,12.171022998169065,0.0,-12.171022998169065,12.171022998169065,50.0,447.0,1.0,-100.0,-25.146307263523344,-100.0,0.18320192106263777,-0.09160096053131889,-0.4021306335926056,True
94,10,188.0,11.8324742782861,0.0,-11.8324742782861,11.8324742782861,50.0,447.0,1.0,-100.0,-24.34204599633813,-100.0,0.20228633615019215,-0.10114316807509607,-0.3385487198829651,True
95,10,190.0,11.489165054634213,0.0,-11.489165054634213,11.489165054634213,50.0,447.0,1.0,-100.0,-23.6649485565722,-100.0,0.21376970855105284,-0.10688485427552642,-0.343309223651886,True
96,10,192.0,11.294195177033544,0.0,-11.294195177033544,11.294195177033544,50.0,447.0,1.0,-100.0,-22.978330109268427,-100.0,0.22459049175474785,-0.11229524587737393,-0.19496987760066986,True
97,10,194.0,11.059884371235967,0.0,-11.059884371235967,11.059884371235967,50.0,447.0,1.0,-100.0,-22.588390354067087,-100.0,0.22089272111543776,-0.11044636055771889,-0.2343108057975769,True
98,10,196.0,10.833940954878926,0.0,-10.833940954878926,10.833940954878926,50.0,447.0,1.0,-100.0,-22.119768742471933,-100.0,0.2211243841621348,-0.1105621920810674,-0.2259434163570404,True
99,10,198.0,10.596403481438756,0.0,-10.596403481438756,10.596403481438756,50.0,447.0,1.0,-100.0,-21.667881909757853,-100.0,0.22057322253177308,-0.11028661126588653,-0.2375374734401703,True
100,10,200.0,10.393899293616414,0.0,-10.393899293616414,10.393899293616414,50.0,447.0,1.0,-100.0,-21.192806962877512,-100.0,0.22112871690404987,-0.11056435845202493,-0.20250418782234192,True
101,11,202.0,10.266405554488301,0.0,-10.266405554488301,10.266405554488301,7.0,524.0,6.0,-100.0,-100.0,-100.0,9.361977850140825,-0.10922307491830963,-0.1274937391281128,True
102,11,204.0,9.992329807952046,0.0,-9.992329807952046,9.992329807952046,7.0,524.0,6.0,-100.0,-100.0,-100.0,8.965707841797194,-0.10459992482096726,-0.2740757465362549,True
103,11,206.0,9.759267436340451,0.0,-9.759267436340451,9.759267436340451,7.0,524.0,6.0,-100.0,-100.0,-100.0,9.178377624390105,-0.10708107228455123,-0.23306237161159515,True
104,11,208.0,9.548877047374845,0.0,-9.548877047374845,9.548877047374845,7.0,524.0,6.0,-100.0,-100.0,-100.0,9.210957081612573,-0.1074611659521467,-0.2103903889656067,True
105,11,210.0,9.326761053875089,0.0,-9.326761053875089,9.326761053875089,7.0,524.0,6.0,-100.0,-100.0,-100.0,9.152090050121583,-0.10677438391808514,-0.22211599349975586,True
106,11,212.0,9.15554472990334,0.0,-9.15554472990334,9.15554472990334,7.0,524.0,6.0,-100.0,-100.0,-100.0,9.144525774133864,-0.10668613403156176,-0.17121632397174835,True
107,11,214.0,8.933791818097234,0.0,-8.933791818097234,8.933791818097234,7.0,524.0,6.0,-100.0,-100.0,-100.0,8.93935839395453,-0.1042925145961362,-0.22175291180610657,True
108,11,216.0,8.772038148716092,0.0,-8.772038148716092,8.772038148716092,7.0,524.0,6.0,-100.0,-100.0,-100.0,8.950671782785058,-0.10442450413249235,-0.16175366938114166,True
109,11,218.0,8.543817462399602,0.0,-8.543817462399602,8.543817462399602,7.0,524.0,6.0,-100.0,-100.0,-100.0,8.727125905999156,-0.10181646890332349,-0.22822068631649017,True
110,11,220.0,8.411921607330441,0.0,-8.411921607330441,8.411921607330441,7.0,524.0,6.0,-100.0,-100.0,-100.0,8.783884982902803,-0.10247865813386604,-0.13189585506916046,True
111,12,222.0,8.148798691108823,0.0,-8.148798691108823,8.148798691108823,39.0,998.0,3.0,-100.0,-21.569029762385746,-100.0,0.759222809830926,-0.0986989652780204,-0.26312291622161865,True
112,12,224.0,7.873067663982511,0.0,-7.873067663982511,7.873067663982511,39.0,998.0,3.0,-100.0,-20.89435561822775,-100.0,0.7788085440399604,-0.10124511072519486,-0.27573102712631226,True
113,12,226.0,7.343694316223264,0.0,-7.343694316223264,7.343694316223264,39.0,998.0,3.0,-100.0,-20.187352984570538,-100.0,0.8009347517676834,-0.10412151772979884,-0.5293733477592468,True
114,12,228.0,7.032757060602307,0.0,-7.032757060602307,7.032757060602307,39.0,998.0,3.0,-100.0,-18.829985426213497,-100.0,0.9096428527075903,-0.11825357085198673,-0.3109372556209564,True
115,12,230.0,6.6434299517422915,0.0,-6.6434299517422915,6.6434299517422915,39.0,998.0,3.0,-100.0,-18.032710411800785,-100.0,0.9315995935996788,-0.12110794716795825,-0.38932710886001587,True
116,12,232.0,6.3277360666543245,0.0,-6.3277360666543245,6.3277360666543245,39.0,998.0,3.0,-100.0,-17.034435773698185,-100.0,0.9788729014913468,-0.1272534771938751,-0.3156938850879669,True
117,12,234.0,5.969718651846051,0.0,-5.969718651846051,5.969718651846051,39.0,998.0,3.0,-100.0,-16.224964273472626,-100.0,0.995889097996296,-0.12946558273951847,-0.3580174148082733,True
118,12,236.0,5.639327274635434,0.0,-5.639327274635434,5.639327274635434,39.0,998.0,3.0,-100.0,-15.306970902169361,-100.0,1.0260816284804277,-0.1333906117024556,-0.33039137721061707,True
119,12,238.0,5.311889605596662,0.0,-5.311889605596662,5.311889605596662,39.0,998.0,3.0,-100.0,-14.459813524706242,-100.0,1.0437339598806061,-0.1356854147844788,-0.3274376690387726,True
120,12,240.0,5.011332498863339,0.0,-5.011332498863339,5.011332498863339,39.0,998.0,3.0,-100.0,-13.620229757940159,-100.0,1.0586696045282886,-0.13762704858867753,-0.30055710673332214,True
121,13,242.0,4.8148751724511385,0.0,-4.8148751724511385,4.8148751724511385,38.0,453.0,6.0,-100.0,-13.187717102271945,-100.0,2.181497988948445,-0.1381615393000682,-0.19645732641220093,True
122,13,244.0,4.608684303238988,0.0,-4.608684303238988,4.608684303238988,38.0,453.0,6.0,-100.0,-12.67072413802931,-100.0,2.1144141606913562,-0.1339128968437859,-0.20619086921215057,True
123,13,246.0,4.4289082158356905,0.0,-4.4289082158356905,4.4289082158356905,38.0,453.0,6.0,-100.0,-12.12811658747102,-100.0,2.060715725054069,-0.13051199592009105,-0.17977608740329742,True
124,13,248.0,4.226967694237828,0.0,-4.226967694237828,4.226967694237828,38.0,453.0,6.0,-100.0,-11.655021620620237,-100.0,1.993180217181289,-0.1262347470881483,-0.20194052159786224,True
125,13,250.0,4.080154227092862,0.0,-4.080154227092862,4.080154227092862,38.0,453.0,6.0,-100.0,-11.123599195362706,-100.0,1.9479955211787106,-0.12337304967465168,-0.14681346714496613,True
126,13,252.0,3.93060770817101,0.0,-3.93060770817101,3.93060770817101,38.0,453.0,6.0,-100.0,-10.737247966033847,-100.0,1.8675532557806094,-0.11827837286610526,-0.1495465189218521,True
127,13,254.0,3.7957067657262087,0.0,-3.7957067657262087,3.7957067657262087,38.0,453.0,6.0,-100.0,-10.343704495186866,-100.0,1.796746000867758,-0.11379391338829135,-0.13490094244480133,True
128,13,256.0,3.659239487722516,0.0,-3.659239487722516,3.659239487722516,38.0,453.0,6.0,-100.0,-9.988702015068968,-100.0,1.722181081079436,-0.10907146846836427,-0.13646727800369263,True
129,13,258.0,3.530334400013089,0.0,-3.530334400013089,3.530334400013089,38.0,453.0,6.0,-100.0,-9.629577599269778,-100.0,1.65585311826843,-0.1048706974903339,-0.12890508770942688,True
130,13,260.0,3.378794001415372,0.0,-3.378794001415372,3.378794001415372,38.0,453.0,6.0,-100.0,-9.290353684244971,-100.0,1.5904243485080307,-0.10072687540550862,-0.15154039859771729,True
131,14,262.0,3.243947820737958,0.0,-3.243947820737958,3.243947820737958,1.0,1.0,14.0,-100.0,-100.0,-100.0,40.0,-0.09800728225053006,-0.13484618067741394,True
132,14,264.0,3.0458704996854067,0.0,-3.0458704996854067,3.0458704996854067,1.0,1.0,14.0,-100.0,-100.0,-100.0,40.0,-0.09478822714272998,-0.19807732105255127,True
133,14,266.0,2.8363610077649355,0.0,-2.8363610077649355,2.8363610077649355,1.0,1.0,14.0,-100.0,-100.0,-100.0,40.0,-0.09475058551558552,-0.2095094919204712,True
134,14,268.0,2.7225155401974916,0.0,-2.7225155401974916,2.7225155401974916,1.0,1.0,14.0,-100.0,-100.0,-100.0,40.0,-0.09523621599157858,-0.11384546756744385,True
135,14,270.0,2.5348228830844164,0.0,-2.5348228830844164,2.5348228830844164,1.0,1.0,14.0,-100.0,-100.0,-100.0,40.0,-0.09132684507226574,-0.18769265711307526,True
136,14,272.0,2.450185963883996,0.0,-2.450185963883996,2.450185963883996,1.0,1.0,14.0,-100.0,-100.0,-100.0,40.0,-0.09114731890615868,-0.08463691920042038,True
137,14,274.0,2.245970318093896,0.0,-2.245970318093896,2.245970318093896,1.0,1.0,14.0,-100.0,-100.0,-100.0,40.0,-0.08630022918404975,-0.2042156457901001,True
138,14,276.0,2.155782798305154,0.0,-2.155782798305154,2.155782798305154,1.0,1.0,14.0,-100.0,-100.0,-100.0,40.0,-0.0873512884241523,-0.09018751978874207,True
139,14,278.0,1.9625008050352335,0.0,-1.9625008050352335,1.9625008050352335,1.0,1.0,14.0,-100.0,-100.0,-100.0,40.0,-0.08311861839060568,-0.19328199326992035,True
140,14,280.0,1.8652315605431795,0.0,-1.8652315605431795,1.8652315605431795,1.0,1.0,14.0,-100.0,-100.0,-100.0,40.0,-0.08397615002371349,-0.09726924449205399,True
141,15,282.0,1.6774838734418154,0.0,-1.6774838734418154,1.6774838734418154,1.0,1.0,16.0,-100.0,-100.0,-100.0,40.0,-0.08038735253903243,-0.18774768710136414,True
142,15,284.0,1.5751056838780642,0.0,-1.5751056838780642,1.5751056838780642,1.0,1.0,16.0,-100.0,-100.0,-100.0,40.0,-0.08125384085463123,-0.10237818956375122,True
143,15,286.0,1.4012203980237246,0.0,-1.4012203980237246,1.4012203980237246,1.0,1.0,16.0,-100.0,-100.0,-100.0,40.0,-0.0781569646042337,-0.1738852858543396,True
144,15,288.0,1.2983306292444468,0.0,-1.2983306292444468,1.2983306292444468,1.0,1.0,16.0,-100.0,-100.0,-100.0,40.0,-0.07860605410901919,-0.1028897687792778,True
145,15,290.0,1.1232460532337427,0.0,-1.1232460532337427,1.1232460532337427,1.0,1.0,16.0,-100.0,-100.0,-100.0,40.0,-0.07578500423697539,-0.17508457601070404,True
146,15,292.0,1.0218521226197481,0.0,-1.0218521226197481,1.0218521226197481,1.0,1.0,16.0,-100.0,-100.0,-100.0,40.0,-0.07651487100975686,-0.1013939306139946,True
147,15,294.0,0.850264610722661,0.0,-0.850264610722661,0.850264610722661,1.0,1.0,16.0,-100.0,-100.0,-100.0,40.0,-0.07382530055749548,-0.1715875118970871,True
148,15,296.0,0.7614620570093393,0.0,-0.7614620570093393,0.7614620570093393,1.0,1.0,16.0,-100.0,-85.0264610722661,-100.0,40.0,-0.07458313363626416,-0.08880255371332169,True
149,15,298.0,0.6020324025303125,0.0,-0.6020324025303125,0.6020324025303125,1.0,1.0,16.0,-100.0,-76.14620570093393,-100.0,40.0,-0.07150545422673618,-0.1594296544790268,True
150,15,300.0,0.5187016297131777,0.0,-0.5187016297131777,0.5187016297131777,1.0,1.0,16.0,-100.0,-60.203240253031254,-100.0,40.0,-0.07193190672287984,-0.08333077281713486,True
151,16,302.0,0.35564606077969074,0.0,-0.35564606077969074,0.35564606077969074,1.0,1.0,16.0,-100.0,-51.87016297131777,-100.0,40.0,-0.0688583913821138,-0.16305556893348694,True
152,16,304.0,0.2827920038253069,0.0,-0.2827920038253069,0.2827920038253069,1.0,1.0,16.0,-95.56460607796907,-35.564606077969074,-100.0,40.0,-0.06970217207320063,-0.07285405695438385,True
153,16,306.0,0.13500376231968403,0.0,-0.13500376231968403,0.13500376231968403,1.0,1.0,16.0,-88.27920038253069,-28.27920038253069,-100.0,40.0,-0.0663651014584105,-0.14778824150562286,True
154,16,308.0,0.0676336083561182,0.0,-0.0676336083561182,0.0676336083561182,1.0,1.0,16.0,-73.5003762319684,-13.500376231968403,-100.0,40.0,-0.06675269656142185,-0.06737015396356583,True
155,16,310.0,-0.0976767148822546,0.0,0.0976767148822546,0.0976767148822546,1.0,1.0,16.0,-66.76336083561182,-6.76336083561182,-100.0,40.0,-0.0634476887620414,-0.1653103232383728,True
156,16,312.0,-0.1986039485782385,0.0,0.1986039485782385,0.1986039485782385,1.0,1.0,16.0,8.432365111201234,9.76767148822546,-41.335306377024224,40.0,-0.06491008997716469,-0.10092723369598389,True
157,16,314.0,-0.31469344161450863,0.0,0.31469344161450863,0.31469344161450863,1.0,1.0,16.0,86.09217957517991,19.86039485782385,26.23178471735606,40.0,-0.06330627899285696,-0.11608949303627014,True
158,16,316.0,-0.3411144856363535,0.0,0.3411144856363535,0.3411144856363535,1.0,1.0,16.0,100.0,31.469344161450863,89.17047304025778,40.0,-0.06254469791902059,-0.026421044021844864,True
159,16,318.0,-0.3335839482024312,0.0,0.3335839482024312,0.3335839482024312,1.0,1.0,16.0,100.0,34.11144856363535,100.0,40.0,-0.05777963210365651,0.007530537433922291,True
160,16,320.0,-0.29550325963646173,0.0,0.29550325963646173,0.29550325963646173,1.0,1.0,16.0,100.0,33.35839482024312,100.0,40.0,-0.051925738984322824,0.03808068856596947,True
161,17,322.0,-0.17774042580276728,0.0,0.17774042580276728,0.17774042580276728,1.0,34.0,1.0,100.0,29.550325963646173,100.0,4.524150285846643,-0.04524150285846643,0.11776283383369446,True
162,17,324.0,-0.04470482561737299,0.0,0.04470482561737299,0.04470482561737299,1.0,34.0,1.0,100.0,17.774042580276728,100.0,3.557269674106249,-0.03557269674106249,0.1330356001853943,True
163,17,326.0,0.10807712282985449,0.0,-0.10807712282985449,0.10807712282985449,1.0,34.0,1.0,100.0,4.470482561737299,100.0,2.61319268374988,-0.0261319268374988,0.15278194844722748,True
164,17,328.0,0.2053511729463935,0.0,-0.2053511729463935,0.2053511729463935,1.0,34.0,1.0,88.95254338372088,-10.807712282985449,98.09084750344712,1.6694081632592144,-0.016694081632592145,0.097274050116539,True
165,17,330.0,0.376696496270597,0.0,-0.376696496270597,0.376696496270597,1.0,34.0,1.0,74.99623607021746,-20.53511729463935,94.46337580328125,1.0679775615755633,-0.010679775615755633,0.1713453233242035,True
166,17,332.0,0.529636918567121,0.0,-0.529636918567121,0.529636918567121,1.0,34.0,1.0,50.32669203538309,-37.6696496270597,87.80913633550882,0.1872053269339708,-0.001872053269339708,0.15294042229652405,True
167,17,334.0,0.6457898756489158,0.0,-0.6457898756489158,0.6457898756489158,1.0,34.0,1.0,24.963668919791054,-52.9636918567121,78.45324658869527,-0.525885812192101,0.00525885812192101,0.11615295708179474,True
168,17,336.0,0.732698111794889,0.0,-0.732698111794889,0.732698111794889,1.0,34.0,1.0,1.4628316426668335,-64.57898756489158,67.04554696585632,-1.0037277582979072,0.010037277582979072,0.0869082361459732,True
169,17,338.0,0.9391221841797233,0.0,-0.9391221841797233,0.9391221841797233,1.0,34.0,1.0,-20.470222286829,-73.2698111794889,54.102637377534755,-1.3030484848748591,0.01303048484874859,0.2064240723848343,True
170,17,340.0,0.9919648943468928,0.0,-0.9919648943468928,0.9919648943468928,1.0,34.0,1.0,-58.51602480637297,-93.91221841797233,37.513303617073305,-2.1171100054739465,0.021171100054739465,0.05284271016716957,True
171,18,342.0,1.1805594889447093,0.0,-1.1805594889447093,1.1805594889447093,23.0,34.0,2.0,32.25112893586897,-4.31289084498649,36.751443372419224,-0.1874235915637696,0.021553713029833502,0.18859459459781647,True
172,18,344.0,1.235875046811998,0.0,-1.235875046811998,1.235875046811998,23.0,34.0,2.0,30.4677751810073,-5.132867343237867,35.84473654619804,-0.24409402195287094,0.028070812524580158,0.05531555786728859,True
173,18,346.0,1.1973307384178042,0.0,-1.1973307384178042,1.1973307384178042,23.0,34.0,2.0,29.27950042359997,-5.373369768747817,34.89554563138655,-0.24267543903876543,0.027907675489458023,-0.03854430839419365,True
174,18,348.0,1.0885182647034526,0.0,-1.0885182647034526,1.0885182647034526,23.0,34.0,2.0,28.565881393009562,-5.205785819207844,33.975957957970614,-0.20429074575321166,0.023493435761619337,-0.10881247371435165,True
175,18,350.0,1.1072662463411689,0.0,-1.1072662463411689,1.1072662463411689,23.0,34.0,2.0,28.265462005116643,-4.732688107406315,33.13994168745196,-0.1417915749289998,0.016306031116834978,0.018747981637716293,True
176,18,352.0,1.154179754666984,0.0,-1.154179754666984,1.154179754666984,23.0,34.0,2.0,27.339648359377293,-4.81420107104856,32.28952637725082,-0.13567694682496653,0.015602848884871151,0.0469135083258152,True
177,18,354.0,1.1946354797109962,0.0,-1.1946354797109962,1.1946354797109962,23.0,34.0,2.0,26.243628160743278,-5.018172846378191,31.403080016823704,-0.1412790097022307,0.01624708611575653,0.04045572504401207,True
178,18,356.0,1.1709978701546788,0.0,-1.1709978701546788,1.1709978701546788,23.0,34.0,2.0,25.147701056302928,-5.194067303091288,30.485562386883515,-0.14379402748929415,0.01653631316126883,-0.02363760955631733,True
179,18,358.0,1.0795325012877584,0.0,-1.0795325012877584,1.0795325012877584,23.0,34.0,2.0,24.37417011311166,-5.091295087629038,29.586199184687988,-0.12073398394729064,0.013884408153938422,-0.09146536886692047,True
180,18,360.0,1.0278398031368852,0.0,-1.0278398031368852,1.0278398031368852,23.0,34.0,2.0,23.99040238375031,-4.69361957081634,28.757084263151846,-0.07306230858519319,0.008402165487297218,-0.051692698150873184,True
181,19,362.0,0.8208381617441773,0.0,-0.8208381617441773,0.8208381617441773,2.0,315.0,7.0,-25.45257830057393,-51.39199015684426,27.77720933761976,-1.8377974813494273,0.005250849946712649,-0.20700164139270782,True
182,19,364.0,0.8254541400820017,0.0,-0.8254541400820017,0.8254541400820017,2.0,315.0,7.0,-12.4162781027103,-41.04190808720887,26.99467617422382,1.6309538102747465,-0.0046598680293564185,0.004615978337824345,True
183,19,366.0,0.751555660739541,0.0,-0.751555660739541,0.751555660739541,2.0,315.0,7.0,-13.66302795223014,-41.272707004100084,26.20774244041193,1.4019366114580145,-0.004005533175594328,-0.07389847934246063,True
184,19,368.0,0.7358764987438917,0.0,-0.7358764987438917,0.7358764987438917,2.0,315.0,7.0,-9.642575683608184,-37.57778303697705,25.49125866068982,2.443948692679049,-0.006982710550511568,-0.015679161995649338,True
185,19,370.0,0.6924232821911573,0.0,-0.6924232821911573,0.6924232821911573,2.0,315.0,7.0,-9.543821827526838,-36.793824937194586,24.78972236368438,2.460280745983369,-0.007029373559952482,-0.043453216552734375,True
186,19,372.0,0.6302004512399435,0.0,-0.6302004512399435,0.6302004512399435,2.0,315.0,7.0,-7.574605985929482,-34.62116410955787,24.129611507884626,2.9169466157437607,-0.008334133187839316,-0.06222283095121384,True
187,19,374.0,0.5853499639779329,0.0,-0.5853499639779329,0.5853499639779329,2.0,315.0,7.0,-4.352522436227573,-31.510022561997175,23.52881981024419,3.628680315525413,-0.010367658044358323,-0.044850487262010574,True
188,19,376.0,0.516385355964303,0.0,-0.516385355964303,0.516385355964303,2.0,315.0,7.0,-2.30058856275931,-29.267498198896646,22.970785619884364,3.9961240162529714,-0.011417497189294204,-0.06896460801362991,True
189,19,378.0,0.45258048363029957,0.0,-0.45258048363029957,0.45258048363029957,2.0,315.0,7.0,1.3714087133304882,-25.81926779821515,22.478497754910514,4.712178756635124,-0.013463367876100354,-0.06380487233400345,True
190,19,380.0,0.3954529743641615,0.0,-0.3954529743641615,0.3954529743641615,2.0,315.0,7.0,4.695849855087565,-22.62902418151498,22.047037262389164,5.27783677421338,-0.015079533640609658,-0.05712750926613808,True
191,20,382.0,0.33939160220324993,0.0,-0.33939160220324993,0.33939160220324993,3.0,265.0,7.0,12.355383309693694,-13.181765812138716,21.7482834335685,3.7888656882639107,-0.01623799580684533,-0.05606137216091156,True
192,20,384.0,0.271886995062232,0.0,-0.271886995062232,0.271886995062232,3.0,265.0,7.0,14.200909684858756,-11.313053406774998,21.491882427125635,4.022080664508118,-0.017237488562177647,-0.06750460714101791,True
193,20,386.0,0.2179573941975832,0.0,-0.2179573941975832,0.2179573941975832,3.0,265.0,7.0,16.57800520120995,-9.062899835407734,21.28647929186795,4.354425744749735,-0.018661824620356007,-0.05392960086464882,True
194,20,388.0,0.15892052464187145,0.0,-0.15892052464187145,0.15892052464187145,3.0,265.0,7.0,18.367652909147118,-7.265246473252773,21.12181848449635,4.5110808979035415,-0.019333203848158034,-0.059036869555711746,True
195,20,390.0,0.11617757938802242,0.0,-0.11617757938802242,0.11617757938802242,3.0,265.0,7.0,20.4113722709439,-5.297350821395715,21.00175840582003,4.7069646865195836,-0.020172705799369646,-0.04274294525384903,True
196,20,392.0,0.08581294119358063,0.0,-0.08581294119358063,0.08581294119358063,3.0,265.0,7.0,21.752739907995704,-3.872585979600747,20.913989444868115,4.711336442728335,-0.020191441897407153,-0.030364638194441795,True
197,20,394.0,0.06789337657392025,0.0,-0.06789337657392025,0.06789337657392025,3.0,265.0,7.0,22.572725425067876,-2.8604313731193542,20.849160131635188,4.5839966665520455,-0.019645699999508767,-0.017919564619660378,True
198,20,396.0,0.05678688641637564,0.0,-0.05678688641637564,0.05678688641637564,3.0,265.0,7.0,22.871557080581496,-2.2631125524640083,20.797868555852645,4.336801077192858,-0.018586290330826535,-0.011106490157544613,True
199,20,398.0,0.057558827043976635,0.0,-0.057558827043976635,0.057558827043976635,3.0,265.0,7.0,22.902991694683486,-1.8928962138791878,20.754967627440173,4.040920281122501,-0.01731822977623929,0.0007719406276009977,True
200,20,400.0,0.05923964158864692,0.0,-0.05923964158864692,0.05923964158864692,3.0,265.0,7.0,22.44012694962942,-1.9186275681325544,20.711483519147762,3.6472709986142133,-0.015631161422632343,0.0016808145446702838,True
201,21,402.0,0.06066782557172701,0.0,-0.06066782557172701,0.06066782557172701,1.0,566.0,3.0,18.94377017909987,-5.923964158864692,20.648622451449,4.219111886515565,-0.014063706288385215,0.001428183983080089,True
202,21,404.0,0.06923093897057697,0.0,-0.06923093897057697,0.06923093897057697,1.0,566.0,3.0,18.31463952896187,-6.066782557172701,20.584245892305013,3.7971761938295554,-0.01265725397943185,0.008563113398849964,True
203,21,406.0,0.08162952930433676,0.0,-0.08162952930433676,0.08162952930433676,1.0,566.0,3.0,16.90587610205094,-6.923093897057697,20.510782741199225,3.3181872579094134,-0.011060624193031377,0.012398590333759785,True
204,21,408.0,0.09513712738407776,0.0,-0.09513712738407776,0.09513712738407776,1.0,566.0,3.0,15.093793249609549,-8.162952930433676,20.42416305157569,2.8325831284675353,-0.009441943761558451,0.013507598079741001,True
205,21,410.0,0.10752034344477579,0.0,-0.10752034344477579,0.10752034344477579,1.0,566.0,3.0,13.18767390530109,-9.513712738407776,20.323210020045117,2.3781766236637454,-0.007927255412212486,0.012383216060698032,True
206,21,412.0,0.12098708254052326,0.0,-0.12098708254052326,0.12098708254052326,1.0,566.0,3.0,11.439531741057962,-10.752034344477579,20.209116764126904,1.9824493214086352,-0.0066081644046954505,0.01346673909574747,True
207,21,414.0,0.12777859315974638,0.0,-0.12777859315974638,0.12777859315974638,1.0,566.0,3.0,9.59171914919633,-12.098708254052326,20.080733523069057,1.6096938801795988,-0.00536564626726533,0.006791510619223118,True
208,21,416.0,0.13018726994050667,0.0,-0.13018726994050667,0.13018726994050667,1.0,566.0,3.0,8.530812066095173,-12.777859315974638,19.945143594101495,1.3635277879683154,-0.004545092626561051,0.0024086767807602882,True
209,21,418.0,0.1336077802698128,0.0,-0.1336077802698128,0.1336077802698128,1.0,566.0,3.0,7.988884321029069,-13.018726994050667,19.80699774159828,1.2006135734814545,-0.004002045244938182,0.0034205103293061256,True
210,21,420.0,0.13445394358132035,0.0,-0.13445394358132035,0.13445394358132035,1.0,566.0,3.0,7.343885195396073,-13.36077802698128,19.665222276801515,1.039440945575838,-0.0034648031519194595,0.0008461633115075529,True
211,22,422.0,0.19256272411439568,0.0,-0.19256272411439568,0.19256272411439568,2.0,366.0,6.0,13.760956381689846,-6.722697179066017,19.55490380785608,0.9287497528997839,-0.0030958325096659463,0.05810878053307533,True
212,22,424.0,0.16807376279029995,0.0,-0.16807376279029995,0.16807376279029995,2.0,366.0,6.0,9.816478642294179,-9.628136205719784,19.396907513106914,0.04770733490704792,-0.00015902444969015974,-0.024488961324095726,True
213,22,426.0,0.1497987179318443,0.0,-0.1497987179318443,0.1497987179318443,2.0,366.0,6.0,11.232437034027692,-8.403688139514998,19.259004230487992,0.37712094305469734,-0.0012570698101823244,-0.018275044858455658,True
214,22,428.0,0.12469306832645088,0.0,-0.12469306832645088,0.12469306832645088,2.0,366.0,6.0,12.23653022015711,-7.489935896592215,19.1360954873745,0.5903706293748253,-0.001967902097916084,-0.02510564960539341,True
215,22,430.0,0.1045081919291988,0.0,-0.1045081919291988,0.1045081919291988,2.0,366.0,6.0,13.67556216493106,-6.234653416322544,19.03378574457721,0.8764298366763951,-0.002921432788921317,-0.020184876397252083,True
216,22,432.0,0.07757225318346173,0.0,-0.07757225318346173,0.07757225318346173,2.0,366.0,6.0,14.790723664485986,-5.22540959645994,18.94803754397562,1.0680957169703056,-0.0035603190565676856,-0.026935938745737076,True
217,22,434.0,0.07239100488368422,0.0,-0.07239100488368422,0.07239100488368422,2.0,366.0,6.0,16.339322663348305,-3.8786126591730863,18.884390082429263,1.3335452400921255,-0.0044451508003070855,-0.005181248299777508,True
218,22,436.0,0.05242415110114962,0.0,-0.05242415110114962,0.05242415110114962,2.0,366.0,6.0,16.482441017836596,-3.619550244184211,18.82499379689479,1.2769974651260165,-0.004256658217086722,-0.0199668537825346,True
219,22,438.0,0.04275726212654263,0.0,-0.04275726212654263,0.04275726212654263,2.0,366.0,6.0,17.588252754895844,-2.621207555057481,18.781980167608797,1.4274801423445274,-0.004758267141148425,-0.00966688897460699,True
220,22,440.0,0.03331927733961493,0.0,-0.03331927733961493,0.03331927733961493,2.0,366.0,6.0,18.032179229862262,-2.1378631063271314,18.746898149421327,1.423144186768069,-0.0047438139558935635,-0.0094379847869277,True
221,23,442.0,0.02984141802880913,0.0,-0.02984141802880913,0.02984141802880913,7.0,75.0,8.0,18.77225792109155,-0.47598967628021327,18.708780858027524,0.5394667393442412,-0.00472033396926211,-0.0034778593108057976,True
222,23,444.0,0.018813788541592658,0.0,-0.018813788541592658,0.018813788541592658,7.0,75.0,8.0,18.75441163639031,-0.4263059718401304,18.674642241663935,0.5060753665665028,-0.0044281594574569,-0.011027629487216473,True
223,23,446.0,0.029671673313714564,0.0,-0.029671673313714564,0.029671673313714564,7.0,75.0,8.0,18.8994424238527,-0.268768407737038,18.65311924604935,0.5150915855403916,-0.004507051373478427,0.010857884772121906,True
224,23,448.0,0.022986301803030074,0.0,-0.022986301803030074,0.022986301803030074,7.0,75.0,8.0,18.604842366058566,-0.4238810473387794,18.619174817834043,0.4095485955633006,-0.003583550211178881,-0.00668537151068449,True
225,23,450.0,0.0357258195290342,0.0,-0.0357258195290342,0.0357258195290342,7.0,75.0,8.0,18.669716373216886,-0.32837574004328673,18.592878462275035,0.40521365098513684,-0.0035456194461199473,0.012739517726004124,True
226,23,452.0,0.057904815883375704,0.0,-0.057904815883375704,0.057904815883375704,7.0,75.0,8.0,18.342015678536505,-0.5103688504147742,18.55200808386343,0.30037644508784844,-0.002628293894518674,0.022178996354341507,True
227,23,454.0,0.06259645486716181,0.0,-0.06259645486716181,0.06259645486716181,7.0,75.0,8.0,17.815053084963164,-0.8272116554767956,18.485764908249664,0.15649983219029676,-0.0013693735316650966,0.004691638983786106,True
228,23,456.0,0.05869346170220524,0.0,-0.05869346170220524,0.05869346170220524,7.0,75.0,8.0,17.637116908476905,-0.8942350695308829,18.41415449227119,0.11719748573659657,-0.00102547800019522,-0.0039029931649565697,True
229,23,458.0,0.07765678002033383,0.0,-0.07765678002033383,0.07765678002033383,7.0,75.0,8.0,17.634825901193757,-0.8384780243172176,18.34700910493848,0.12629482057249786,-0.0011050796800093562,0.018963318318128586,True
230,23,460.0,0.07057753729168326,0.0,-0.07057753729168326,0.07057753729168326,7.0,75.0,8.0,17.16451688010635,-1.1093825717190546,18.258169659755747,0.01572979206965927,-0.00013763568060951863,-0.00707924272865057,True
231,24,462.0,0.051766967051662505,0.0,-0.051766967051662505,0.051766967051662505,2.0,301.0,4.0,14.748142035642031,-3.528876864584163,18.187756185858223,0.08926271436797277,-0.00044631357183986387,-0.018810570240020752,True
232,24,464.0,0.05406023433897644,0.0,-0.05406023433897644,0.05406023433897644,2.0,301.0,4.0,15.799526666963853,-2.5883483525831252,18.13610955545542,0.2517654640915566,-0.001258827320457783,0.002293267287313938,True
233,24,466.0,0.058346300967969,0.0,-0.058346300967969,0.058346300967969,2.0,301.0,4.0,15.586063565959222,-2.703011716948822,18.08217498865706,0.20690029425098647,-0.0010345014712549324,0.0042860666289925575,True
234,24,468.0,0.05652976827695966,0.0,-0.05652976827695966,0.05652976827695966,2.0,301.0,4.0,15.254846401570227,-2.91731504839845,18.023964318550416,0.14819713141825938,-0.000740985657091297,-0.0018165326910093427,True
235,24,470.0,0.05393098434433341,0.0,-0.05393098434433341,0.05393098434433341,2.0,301.0,4.0,15.291653343536124,-2.826488413847983,17.967565958452507,0.15057579893159734,-0.0007528789946579867,-0.0025987839326262474,True
236,24,472.0,0.05264125985559076,0.0,-0.05264125985559076,0.05264125985559076,2.0,301.0,4.0,15.377050576617405,-2.6965492172166705,17.913760341196355,0.1598394526377188,-0.0007991972631885939,-0.0012897244887426496,True
237,24,474.0,0.046449101879261434,0.0,-0.046449101879261434,0.046449101879261434,2.0,301.0,4.0,15.385496512540865,-2.632062992779538,17.861241450356395,0.1563180549640059,-0.0007815902748200294,-0.006192157976329327,True
238,24,476.0,0.04537962772883475,0.0,-0.04537962772883475,0.04537962772883475,2.0,301.0,4.0,15.690148572085583,-2.3224550939630717,17.81490032330319,0.19770334274546364,-0.0009885167137273182,-0.0010694741504266858,True
239,24,478.0,0.046230652544181794,0.0,-0.046230652544181794,0.046230652544181794,2.0,301.0,4.0,15.68921250491396,-2.2689813864417374,17.769626184318216,0.188567707037482,-0.00094283853518741,0.0008510248153470457,True
240,24,480.0,0.04463298065820709,0.0,-0.04463298065820709,0.04463298065820709,2.0,301.0,4.0,15.574813550218296,-2.3115326272090897,17.723502998796274,0.16284317863111117,-0.0008142158931555559,-0.0015976718859747052,True
241,25,482.0,0.03331186535069719,0.0,-0.03331186535069719,0.03331186535069719,1.0,293.0,1.0,13.249632337696674,-4.463298065820709,17.632012913506472,0.0809174900109088,-0.0008091749001090879,-0.0113211153075099,True
242,25,484.0,0.03280331939458847,0.0,-0.03280331939458847,0.03280331939458847,1.0,293.0,1.0,14.35720479465379,-3.331186535069719,17.56372920587252,0.12466212385098707,-0.0012466212385098708,-0.0005085459561087191,True
243,25,486.0,0.026705429889261723,0.0,-0.026705429889261723,0.026705429889261723,1.0,293.0,1.0,14.331238394679929,-3.280331939458847,17.496487931708387,0.11508240243038889,-0.001150824024303889,-0.006097889505326748,True
244,25,488.0,0.028817927464842796,0.0,-0.028817927464842796,0.028817927464842796,1.0,293.0,1.0,14.903027733472957,-2.6705429889261723,17.441746302934387,0.131824419464742,-0.00131824419464742,0.0021124975755810738,True
245,25,490.0,0.023339095525443554,0.0,-0.023339095525443554,0.023339095525443554,1.0,293.0,1.0,14.610528463222181,-2.8817927464842796,17.382674410294623,0.10964679941183565,-0.0010964679941183565,-0.005478831939399242,True
246,25,492.0,0.02554701641201973,0.0,-0.02554701641201973,0.02554701641201973,1.0,293.0,1.0,15.125016862558521,-2.3339095525443554,17.334833199407047,0.12409321569583119,-0.001240932156958312,0.0022079208865761757,True
247,25,494.0,0.01517933327704668,0.0,-0.01517933327704668,0.01517933327704668,1.0,293.0,1.0,14.829983779706332,-2.554701641201973,17.282466122954425,0.10221929795387966,-0.0010221929795387965,-0.01036768313497305,True
248,25,496.0,0.019214490428566933,0.0,-0.019214490428566933,0.019214490428566933,1.0,293.0,1.0,15.873015589663368,-1.517933327704668,17.251351048951317,0.1395978684167151,-0.0013959786841671509,0.004035157151520252,True
249,25,498.0,0.012494920752942562,0.0,-0.012494920752942562,0.012494920752942562,1.0,293.0,1.0,15.398454293092783,-1.9214490428566933,17.21196458310959,0.10793875283988667,-0.0010793875283988668,-0.006719569675624371,True
250,25,500.0,0.015655215829610825,0.0,-0.015655215829610825,0.015655215829610825,1.0,293.0,1.0,16.065048248173756,-1.2494920752942562,17.186352102192608,0.12818822127540305,-0.0012818822127540306,0.0031602950766682625,True
251,26,502.0,0.011381098069250584,0.0,-0.011381098069250584,0.011381098069250584,1.0,268.0,1.0,15.687340842619943,-1.5655215829610825,17.15126802745454,0.10159439812648435,-0.0010159439812648435,-0.004274117760360241,True
252,26,504.0,0.013938156887888908,0.0,-0.013938156887888908,0.013938156887888908,1.0,268.0,1.0,16.098985206554598,-1.1381098069250584,17.125762451574385,0.11133256190527283,-0.0011133256190527282,0.0025570588186383247,True
253,26,506.0,0.008582166396081448,0.0,-0.008582166396081448,0.008582166396081448,1.0,268.0,1.0,15.78979946998143,-1.3938156887888908,17.09452638665599,0.08908877211433312,-0.0008908877211433312,-0.005355990491807461,True
254,26,508.0,0.012780684977769852,0.0,-0.012780684977769852,0.012780684977769852,1.0,268.0,1.0,16.322014507037498,-0.8582166396081448,17.0752933482532,0.1049377983924391,-0.001049377983924391,0.004198518581688404,True
255,26,510.0,0.009862587787210941,0.0,-0.009862587787210941,0.009862587787210941,1.0,268.0,1.0,15.844425019442623,-1.2780684977769852,17.046651232306427,0.07584228491318223,-0.0007584228491318224,-0.0029180971905589104,True
256,26,512.0,0.011522142100147903,0.0,-0.011522142100147903,0.011522142100147903,1.0,268.0,1.0,16.120162688087238,-0.9862587787210941,17.024548709364378,0.0818727574439533,-0.0008187275744395329,0.0016595543129369617,True
257,26,514.0,0.009692012099549174,0.0,-0.009692012099549174,0.009692012099549174,1.0,268.0,1.0,15.913031820622257,-1.1522142100147903,16.99872704717948,0.06651898345756718,-0.0006651898345756719,-0.0018301300005987287,True
258,26,516.0,0.011659819399937987,0.0,-0.011659819399937987,0.011659819399937987,1.0,268.0,1.0,16.076298722739253,-0.9692012099549174,16.977006792373466,0.06849314032070107,-0.0006849314032070107,0.001967807300388813,True
259,26,518.0,0.008498166454955935,0.0,-0.008498166454955935,0.008498166454955935,1.0,268.0,1.0,15.837909039810105,-1.1659819399937987,16.95087658888656,0.053014390917344625,-0.0005301439091734462,-0.003161652944982052,True
260,26,520.0,0.011880306294187903,0.0,-0.011880306294187903,0.011880306294187903,1.0,268.0,1.0,16.144344709294288,-0.8498166454955935,16.93183179830127,0.06232955648861183,-0.0006232955648861183,0.003382139839231968,True
261,27,522.0,0.006392745999619365,0.0,-0.006392745999619365,0.006392745999619365,1.0,436.0,3.0,15.850464264018333,-1.1880306294187903,16.915466387531502,0.12302850590561903,-0.0004100950196853968,-0.005487560294568539,True
262,27,524.0,0.012850232189521194,0.0,-0.012850232189521194,0.012850232189521194,1.0,436.0,3.0,16.453514247380323,-0.6392745999619365,16.906660224488228,0.18612862285403062,-0.0006204287428467687,0.006457486189901829,True
263,27,526.0,0.01881476934067905,0.0,-0.01881476934067905,0.01881476934067905,1.0,436.0,3.0,15.684246441121818,-1.2850232189521194,16.88895871721558,0.08031094285835824,-0.00026770314286119417,0.005964537151157856,True
264,27,528.0,0.015437973430380225,0.0,-0.015437973430380225,0.015437973430380225,1.0,436.0,3.0,14.972873657045827,-1.881476934067905,16.863040914999576,-0.008690323885845107,2.896774628615036e-05,-0.0033767959102988243,True
265,27,530.0,0.014070788980461657,0.0,-0.014070788980461657,0.014070788980461657,1.0,436.0,3.0,15.336166557337974,-1.5437973430380225,16.841774731251096,0.03818916912490056,-0.0001272972304163352,-0.0013671844499185681,True
266,27,532.0,0.0214413438225165,0.0,-0.0214413438225165,0.0214413438225165,1.0,436.0,3.0,15.46850406645108,-1.4070788980461657,16.822391877323156,0.053191087174090906,-0.00017730362391363638,0.007370554842054844,True
267,27,534.0,0.013448380515910685,0.0,-0.013448380515910685,0.013448380515910685,1.0,436.0,3.0,14.596323946271072,-2.14413438225165,16.792855904897714,-0.05239757637499065,0.00017465858791663552,-0.007992963306605816,True
268,27,536.0,0.01661792548839003,0.0,-0.01661792548839003,0.01661792548839003,1.0,436.0,3.0,15.491095775023606,-1.3448380515910685,16.77433043376248,0.061603392852195085,-0.00020534464284065028,0.0031695449724793434,True
269,27,538.0,0.018561115954071283,0.0,-0.018561115954071283,0.018561115954071283,1.0,436.0,3.0,15.102149188449635,-1.6617925488390028,16.751438837365523,0.012502899923114746,-4.1676333077049156e-05,0.0019431904656812549,True
270,27,540.0,0.012123059015721083,0.0,-0.012123059015721083,0.012123059015721083,1.0,436.0,3.0,14.854569151064034,-1.8561115954071283,16.72587044885671,-0.015189702385549498,5.0632341285165e-05,-0.006438056938350201,True
271,28,542.0,0.016261388082057238,0.0,-0.016261388082057238,0.016261388082057238,1.0,537.0,2.0,15.549377159538144,-1.2123059015721083,16.712311572644474,0.04937148846577913,-0.00024685744232889564,0.004138329066336155,True
272,28,544.0,0.02166915824636817,0.0,-0.02166915824636817,0.02166915824636817,1.0,537.0,2.0,15.075023516469072,-1.6261388082057238,16.694124236613376,0.007038088061416157,-3.519044030708079e-05,0.005407770164310932,True
273,28,546.0,0.016107744071632624,0.0,-0.016107744071632624,0.016107744071632624,1.0,537.0,2.0,14.460174473555679,-2.166915824636817,16.669888651031865,-0.042798352839372035,0.0002139917641968602,-0.005561414174735546,True
274,28,548.0,0.021203647833317518,0.0,-0.021203647833317518,0.021203647833317518,1.0,537.0,2.0,15.05294485564922,-1.6107744071632624,16.651873156127323,0.011846106685159782,-5.923053342579891e-05,0.0050959037616848946,True
275,28,550.0,0.020155769190751016,0.0,-0.020155769190751016,0.020155769190751016,1.0,537.0,2.0,14.472179815348843,-2.120364783331752,16.628158214556326,-0.03561361587573121,0.00017806807937865605,-0.001047878642566502,True
276,28,552.0,0.015793544589541852,0.0,-0.015793544589541852,0.015793544589541852,1.0,537.0,2.0,14.567348744153128,-2.0155769190751016,16.605615259097213,-0.02268959586898157,0.00011344797934490785,-0.004362224601209164,True
277,28,554.0,0.01932314259465784,0.0,-0.01932314259465784,0.01932314259465784,1.0,537.0,2.0,15.027730909414498,-1.5793544589541852,16.58795117647877,0.019134191889910307,-9.567095944955153e-05,0.003529598005115986,True
278,28,556.0,0.017147335573099554,0.0,-0.017147335573099554,0.017147335573099554,1.0,537.0,2.0,14.619244631083085,-1.9323142594657838,16.566339461305873,-0.014780570757005639,7.390285378502819e-05,-0.0021758070215582848,True
279,28,558.0,0.01146391814108938,0.0,-0.01146391814108938,0.01146391814108938,1.0,537.0,2.0,14.8388385181889,-1.7147335573099554,16.547161248933634,0.006410826565221678,-3.205413282610839e-05,-0.005683417432010174,True
280,28,560.0,0.016521011828444898,0.0,-0.016521011828444898,0.016521011828444898,1.0,537.0,2.0,15.445418212424041,-1.146391814108938,16.534339580179864,0.05747044635311602,-0.0002873522317655801,0.005057093687355518,True
281,29,562.0,0.011733023799024522,0.0,-0.011733023799024522,0.011733023799024522,4.0,547.0,8.0,16.122790791655696,-0.41302529571112245,16.529804603202418,0.006011484164401327,-3.0057420822006636e-05,-0.004787988029420376,True
282,29,564.0,0.005589763983152807,0.0,-0.005589763983152807,0.005589763983152807,4.0,547.0,8.0,16.282226666698342,-0.29332559497561306,16.52658391712353,0.048968344550419735,-0.00024484172275209866,-0.0061432598158717155,True
283,29,566.0,0.017671402893029153,0.0,-0.017671402893029153,0.017671402893029153,4.0,547.0,8.0,16.485454550088694,-0.13974409957882017,16.525049540704224,0.10014910896328931,-0.0005007455448164465,0.012081638909876347,True
284,29,568.0,0.012916577397845685,0.0,-0.012916577397845685,0.012916577397845685,4.0,547.0,8.0,16.0591686688001,-0.44178507232572883,16.520198784218405,-0.019245043092576092,9.622521546288047e-05,-0.004754825495183468,True
285,29,570.0,0.008396676159463823,0.0,-0.008396676159463823,0.008396676159463823,4.0,547.0,8.0,16.21955830669313,-0.32291443494614214,16.516653215597373,0.025819526041902106,-0.00012909763020951053,-0.004519901238381863,True
286,29,572.0,0.019075847580097616,0.0,-0.019075847580097616,0.019075847580097616,4.0,547.0,8.0,16.368881023705082,-0.20991690398659557,16.514348348712353,0.06444957897932316,-0.0003222478948966158,0.010679171420633793,True
287,29,574.0,0.01419269701000303,0.0,-0.01419269701000303,0.01419269701000303,4.0,547.0,8.0,15.993427295061444,-0.4768961895024404,16.509112075625726,-0.038788591061841834,0.00019394295530920916,-0.004883150570094585,True
288,29,576.0,0.009459183900617063,0.0,-0.009459183900617063,0.009459183900617063,4.0,547.0,8.0,16.15970569325107,-0.35481742525007576,16.505216215320257,0.009306903180889505,-4.6534515904447525e-05,-0.004733513109385967,True
289,29,578.0,0.016289798892103136,0.0,-0.016289798892103136,0.016289798892103136,4.0,547.0,8.0,16.317594248150023,-0.23647959751542658,16.502619692682302,0.051454152983146276,-0.0002572707649157314,0.0068306149914860725,True
290,29,580.0,0.01301662193145603,0.0,-0.01301662193145603,0.01301662193145603,4.0,547.0,8.0,16.075348212925203,-0.4072449723025784,16.498148183085267,-0.015554997857483094,7.777498928741547e-05,-0.003273176960647106,True
291,30,582.0,0.009265601984225214,0.0,-0.009265601984225214,0.009265601984225214,4.0,547.0,8.0,16.18484668340812,-0.32541554828640074,16.49457515248665,0.01568707920787151,-7.843539603935755e-05,-0.003751019947230816,True
292,30,584.0,0.016091456054709852,0.0,-0.016091456054709852,0.016091456054709852,4.0,547.0,8.0,16.308685046981168,-0.23164004960563034,16.492031767607003,0.04829332897979732,-0.0002414666448989866,0.006825854070484638,True
293,30,586.0,0.013248088187538087,0.0,-0.013248088187538087,0.013248088187538087,4.0,547.0,8.0,16.06695727309582,-0.4022864013677463,16.48761470262939,-0.018371028165822596,9.185514082911297e-05,-0.0028433678671717644,True
294,30,588.0,0.009724553092382848,0.0,-0.009724553092382848,0.009724553092382848,4.0,547.0,8.0,16.1620079628182,-0.3312022046884522,16.483978135114658,0.00923203239199445,-4.616016195997225e-05,-0.003523535095155239,True
295,30,590.0,0.015302945277653635,0.0,-0.015302945277653635,0.015302945277653635,4.0,547.0,8.0,16.27858077518151,-0.2431138273095712,16.48130876928839,0.040385833202694774,-0.00020192916601347385,0.005578392185270786,True
296,30,592.0,0.013591249706223607,0.0,-0.013591249706223607,0.013591249706223607,4.0,547.0,8.0,16.080351662753653,-0.38257363194134086,16.477108148573233,-0.014182853878239615,7.091426939119808e-05,-0.0017116955714300275,True
297,30,594.0,0.010427722940221429,0.0,-0.010427722940221429,0.010427722940221429,4.0,547.0,8.0,16.136328170621297,-0.3397812426555902,16.47337738406846,0.0027320292084279203,-1.3660146042139602e-05,-0.003163526766002178,True
298,30,596.0,0.01595952664501965,0.0,-0.01595952664501965,0.01595952664501965,4.0,547.0,8.0,16.24105475028297,-0.2606930735055357,16.470514999854196,0.031232823934308394,-0.00015616411967154197,0.005531803704798222,True
299,30,598.0,0.01475762587506324,0.0,-0.01475762587506324,0.01475762587506324,4.0,547.0,8.0,16.045106783147407,-0.39898816612549126,16.46613414917398,-0.022039199901080168,0.00011019599950540085,-0.00120190076995641,True
300,30,600.0,0.011953641776926816,0.0,-0.011953641776926816,0.011953641776926816,4.0,547.0,8.0,16.084132835313255,-0.368940646876581,16.462083217289152,-0.009009735099317084,4.504867549658542e-05,-0.002803984098136425,True
301,31,602.0,0.005659902584739029,0.0,-0.005659902584739029,0.005659902584739029,1.0,702.0,8.0,15.325861209564687,-1.1953641776926816,16.451856202430786,0.06936918482658189,-8.671148103322736e-05,-0.006293739192187786,True
302,31,604.0,0.007804970373399556,0.0,-0.007804970373399556,0.007804970373399556,1.0,702.0,8.0,16.172655365430245,-0.5659902584739029,16.447013836488118,0.2916317874160292,-0.00036453973427003647,0.0021450677886605263,True
303,31,606.0,0.008162651240127161,0.0,-0.008162651240127161,0.008162651240127161,1.0,702.0,8.0,15.845644305521237,-0.7804970373399556,16.440336244046623,0.1858050988145708,-0.0002322563735182135,0.00035768086672760546,True
304,31,608.0,0.01020807123859413,0.0,-0.01020807123859413,0.01020807123859413,1.0,702.0,8.0,15.772161239124493,-0.8162651240127161,16.433352635446436,0.15507372769077488,-0.0001938421596134686,0.0020454199984669685,True
305,31,610.0,0.0073359292291570455,0.0,-0.0073359292291570455,0.0073359292291570455,1.0,702.0,8.0,15.46970899411117,-1.020807123859413,16.42461905465315,0.0658970633174321,-8.237132914679012e-05,-0.002872142009437084,True
306,31,612.0,0.008729523891815916,0.0,-0.008729523891815916,0.008729523891815916,1.0,702.0,8.0,15.848810040231603,-0.7335929229157045,16.41834275336968,0.16406020977762742,-0.00020507526222203427,0.0013935946626588702,True
307,31,614.0,0.00700692439568229,0.0,-0.00700692439568229,0.00700692439568229,1.0,702.0,8.0,15.635652536670788,-0.8729523891815916,16.41087415323806,0.09773077261432175,-0.0001221634657679022,-0.0017225994961336255,True
308,31,616.0,0.009391047788085416,0.0,-0.009391047788085416,0.009391047788085416,1.0,702.0,8.0,15.855239660457515,-0.700692439568229,16.404879334149143,0.15105276587660305,-0.0001888159573457538,0.0023841233924031258,True
309,31,618.0,0.008217440597945824,0.0,-0.008217440597945824,0.008217440597945824,1.0,702.0,8.0,15.507682270861316,-0.9391047788085416,16.396844763006964,0.04994228666289572,-6.242785832861965e-05,-0.0011736071901395917,True
310,31,620.0,0.010739980876678601,0.0,-0.010739980876678601,0.010739980876678601,1.0,702.0,8.0,15.655928228172181,-0.8217440597945824,16.38981427902048,0.08785800894628233,-0.00010982251118285292,0.0025225402787327766,True
311,32,622.0,0.008355062134796754,0.0,-0.008355062134796754,0.008355062134796754,1.0,711.0,8.0,15.294485788092569,-1.07399808766786,16.38074193167172,-0.012258055911293768,1.532256988911721e-05,-0.0023849187418818474,True
312,32,624.0,0.011460722103947774,0.0,-0.011460722103947774,0.011460722103947774,1.0,711.0,8.0,15.613819761559894,-0.8355062134796754,16.37368418858282,0.07564178645674796,-9.455223307093496e-05,0.00310565996915102,True
313,32,626.0,0.009341066383058205,0.0,-0.009341066383058205,0.009341066383058205,1.0,711.0,8.0,15.173415946048541,-1.1460722103947774,16.364003011959845,-0.04451485551652558,5.5643569395656976e-05,-0.0021196557208895683,True
314,32,628.0,0.011663450539344922,0.0,-0.011663450539344922,0.011663450539344922,1.0,711.0,8.0,15.4588210525792,-0.9341066383058205,16.35611236487134,0.03681532601367997,-4.601915751709996e-05,0.0023223841562867165,True
315,32,630.0,0.009324662067228928,0.0,-0.009324662067228928,0.009324662067228928,1.0,711.0,8.0,15.128762010062498,-1.1663450539344922,16.346259938149814,-0.051152874152823616,6.394109269102952e-05,-0.0023387884721159935,True
316,32,632.0,0.01231972934328951,0.0,-0.01231972934328951,0.01231972934328951,1.0,711.0,8.0,15.444696482802952,-0.9324662067228928,16.338383148223006,0.038779541302839005,-4.8474426628548756e-05,0.002995067276060581,True
317,32,634.0,0.008446426742011681,0.0,-0.008446426742011681,0.008446426742011681,1.0,711.0,8.0,15.022164423788015,-1.231972934328951,16.327976345349832,-0.07383898723286597,9.229873404108246e-05,-0.003873302601277828,True
318,32,636.0,0.012099525571102276,0.0,-0.012099525571102276,0.012099525571102276,1.0,711.0,8.0,15.550260720761818,-0.8446426742011681,16.320841424148476,0.07406197081451152,-9.257746351813939e-05,0.0036530988290905952,True
319,32,638.0,0.007714260049397126,0.0,-0.007714260049397126,0.007714260049397126,1.0,711.0,8.0,15.034815804147867,-1.2099525571102276,16.310620633255397,-0.06585227199730108,8.231533999662635e-05,-0.004385265521705151,True
320,32,640.0,0.010500670090550557,0.0,-0.010500670090550557,0.010500670090550557,1.0,711.0,8.0,15.632583196694593,-0.7714260049397126,16.30410419272255,0.09990500891175562,-0.00012488126113969453,0.002786410041153431,True
321,33,642.0,0.012790215812856331,0.0,-0.012790215812856331,0.012790215812856331,2.0,784.0,8.0,15.769570468826025,-0.5250335045275278,16.300082057031823,-0.005478083678269998,1.3695209195674996e-05,0.0022895457223057747,True
322,33,644.0,0.011927554936846718,0.0,-0.011927554936846718,0.011927554936846718,2.0,784.0,8.0,15.609085523540681,-0.6395107906428166,16.295182942682956,-0.04658662849946023,0.00011646657124865058,-0.0008626608760096133,True
323,33,646.0,0.01191642089816014,0.0,-0.01191642089816014,0.01191642089816014,2.0,784.0,8.0,15.66777963010668,-0.5963777468423359,16.290614258589358,-0.026456881640343686,6.614220410085921e-05,-1.1134038686577696e-05,True
324,33,648.0,0.013951562820693653,0.0,-0.013951562820693653,0.013951562820693653,2.0,784.0,8.0,15.666498073539014,-0.595821044908007,16.28604983923449,-0.023730720787467918,5.93268019686698e-05,0.002035141922533512,True
325,33,650.0,0.01031299076112191,0.0,-0.01031299076112191,0.01031299076112191,2.0,784.0,8.0,15.524655446854998,-0.6975781410346826,16.280705887060105,-0.05847229917042328,0.0001461807479260582,-0.003638572059571743,True
326,33,652.0,0.013548555328270595,0.0,-0.013548555328270595,0.013548555328270595,2.0,784.0,8.0,15.774372058059406,-0.5156495380560955,16.276755639327238,0.013265956788260197,-3.3164891970650494e-05,0.0032355645671486855,True
327,33,654.0,0.011351342788657348,0.0,-0.011351342788657348,0.011351342788657348,2.0,784.0,8.0,15.547306134978392,-0.6774277664135298,16.27156605356995,-0.046832152178025596,0.00011708038044506399,-0.002197212539613247,True
328,33,656.0,0.008183219014426868,0.0,-0.008183219014426868,0.008183219014426868,2.0,784.0,8.0,15.69723827519022,-0.5675671394328674,16.267218079528806,-0.0024126649057169434,6.031662264292358e-06,-0.00316812377423048,True
329,33,658.0,0.008094099745903804,0.0,-0.008094099745903804,0.008094099745903804,2.0,784.0,8.0,15.910346529909738,-0.4091609507213434,16.264083611253984,0.05542386937710012,-0.0001385596734427503,-8.911926852306351e-05,True
330,33,660.0,0.00807735169382795,0.0,-0.00807735169382795,0.00807735169382795,2.0,784.0,8.0,15.908035771496804,-0.4047049872951902,16.26098327887599,0.05175747991600418,-0.00012939369979001044,-1.6748052075854503e-05,True
331,34,662.0,0.00390311641695007,0.0,-0.00390311641695007,0.00390311641695007,1.0,926.0,6.0,15.518696501387211,-0.807735169382795,16.255744334730654,0.0706873360393528,-0.00011781222673225466,-0.00417423527687788,True
332,34,664.0,0.0064795951739142765,0.0,-0.0064795951739142765,0.0064795951739142765,1.0,926.0,6.0,16.040696613552832,-0.390311641695007,16.25321278606518,0.1777954691826588,-0.00029632578197109796,0.0025764787569642067,True
333,34,666.0,0.007215642629489594,0.0,-0.007215642629489594,0.007215642629489594,1.0,926.0,6.0,15.69161361515809,-0.6479595173914277,16.249010141623394,0.09056299092612441,-0.00015093831821020735,0.0007360474555753171,True
334,34,668.0,0.004627490675375157,0.0,-0.004627490675375157,0.004627490675375157,1.0,926.0,6.0,15.584614602362109,-0.7215642629489594,16.244330099186026,0.06184876612504153,-0.00010308127687506922,-0.002588151954114437,True
335,34,670.0,0.006129431681074493,0.0,-0.006129431681074493,0.006129431681074493,1.0,926.0,6.0,15.90511973486442,-0.46274906753751566,16.241328723722866,0.12654007867907247,-0.00021090013113178745,0.0015019410056993365,True
336,34,672.0,0.007642459150702052,0.0,-0.007642459150702052,0.007642459150702052,1.0,926.0,6.0,15.697914535332933,-0.6129431681074493,16.23735319418829,0.07350450925209018,-0.0001225075154201503,0.0015130274696275592,True
337,34,674.0,0.0038258256654444267,0.0,-0.0038258256654444267,0.0038258256654444267,1.0,926.0,6.0,15.493376002345716,-0.7642459150702052,16.232396319937788,0.02522559747813532,-4.2042662463558864e-05,-0.0038166334852576256,True
338,34,676.0,0.005633568301163905,0.0,-0.005633568301163905,0.005633568301163905,1.0,926.0,6.0,15.974249162047466,-0.38258256654444267,16.229914901803372,0.12691682678853602,-0.00021152804464756006,0.0018077426357194781,True
339,34,678.0,0.006219341271389567,0.0,-0.006219341271389567,0.006219341271389567,1.0,926.0,6.0,15.728408833072798,-0.5633568301163905,16.226260987650903,0.06550467553828586,-0.00010917445923047644,0.000585772970225662,True
340,34,680.0,0.0029735191174040665,0.0,-0.0029735191174040665,0.0029735191174040665,1.0,926.0,6.0,15.64357245699485,-0.6219341271389567,16.22222714304728,0.043279441086528016,-7.213240181088003e-05,-0.0032458221539855003,True
341,35,682.0,0.010078647025693499,0.0,-0.010078647025693499,0.010078647025693499,1.0,992.0,4.0,16.008194812904726,-0.29735191174040665,16.22042684328135,0.08511988136378505,-0.00021279970340946263,0.0071051279082894325,True
342,35,684.0,0.006069181338716589,0.0,-0.006069181338716589,0.006069181338716589,1.0,992.0,4.0,15.154266989009857,-1.00786470256935,16.214324785361118,-0.05219309378191051,0.00013048273445477628,-0.00400946568697691,True
343,35,686.0,0.005594975079475262,0.0,-0.005594975079475262,0.005594975079475262,1.0,992.0,4.0,15.629422298194648,-0.6069181338716589,16.210650235001072,0.025690197065235024,-6.422549266308756e-05,-0.00047420625924132764,True
344,35,688.0,0.007423188185384788,0.0,-0.007423188185384788,0.007423188185384788,1.0,992.0,4.0,15.67962745540379,-0.5594975079475262,16.207262790048365,0.03186217330294946,-7.965543325737364e-05,0.0018282131059095263,True
345,35,690.0,0.006292552218837955,0.0,-0.006292552218837955,0.006292552218837955,1.0,992.0,4.0,15.45602987365955,-0.7423188185384788,16.20276846415875,-0.004419771960723655,1.1049429901809137e-05,-0.0011306359665468335,True
346,35,692.0,0.003875387364132621,0.0,-0.003875387364132621,0.003875387364132621,1.0,992.0,4.0,15.5862637766564,-0.6292552218837955,16.198958675205162,0.016560323335034897,-4.1400808337587245e-05,-0.0024171648547053337,True
347,35,694.0,0.00884238118032954,0.0,-0.00884238118032954,0.00884238118032954,1.0,992.0,4.0,15.8680058614727,-0.3875387364132621,16.196612344581702,0.058932253304260517,-0.0001473306332606513,0.0049669938161969185,True
348,35,696.0,0.003947119691474654,0.0,-0.003947119691474654,0.003947119691474654,1.0,992.0,4.0,15.270015921937652,-0.8842381180329539,16.191258776590118,-0.037004736619510266,9.251184154877566e-05,-0.004895261488854885,True
349,35,698.0,0.0036202002347636153,0.0,-0.0036202002347636153,0.0036202002347636153,1.0,992.0,4.0,15.849693327028689,-0.3947119691474654,16.18886901604844,0.05553628012771392,-0.00013884070031928481,-0.00032691945671103895,True
350,35,700.0,0.0070574743704128196,0.0,-0.0070574743704128196,0.0070574743704128196,1.0,992.0,4.0,15.880840281965261,-0.36202002347636153,16.186677186980585,0.05618311846103699,-0.00014045779615259248,0.0034372741356492043,True
351,36,702.0,0.011255538466684811,0.0,-0.011255538466684811,0.011255538466684811,1.0,832.0,2.0,15.469996856388688,-0.705747437041282,16.181582567574797,-0.005838274144829356,2.919137072414678e-05,0.004198064096271992,True
352,36,704.0,0.006601415018849366,0.0,-0.006601415018849366,0.006601415018849366,1.0,832.0,2.0,15.004455294375948,-1.1255538466684811,16.173457467619063,-0.043448326574633864,0.00021724163287316933,-0.004654123447835445,True
353,36,706.0,0.005783498604614579,0.0,-0.005783498604614579,0.005783498604614579,1.0,832.0,2.0,15.511560007679973,-0.6601415018849366,16.168692066386942,0.003009443177968765,-1.5047215889843824e-05,-0.0008179164142347872,True
354,36,708.0,0.0033879180818985333,0.0,-0.0033879180818985333,0.0033879180818985333,1.0,832.0,2.0,15.596325750828438,-0.5783498604614579,16.16451709915679,0.010158512133108377,-5.0792560665541884e-05,-0.0023955805227160454,True
355,36,710.0,0.004441043563019775,0.0,-0.004441043563019775,0.004441043563019775,1.0,832.0,2.0,15.854248702019033,-0.3387918081898533,16.162071443345756,0.03096906686313115,-0.00015484533431565575,0.001053125481121242,True
356,36,712.0,0.0014973350016589393,0.0,-0.0014973350016589393,0.0014973350016589393,1.0,832.0,2.0,15.733201591710644,-0.44410435630197753,16.15886556181784,0.01844038619477889,-9.220193097389446e-05,-0.002943708561360836,True
357,36,714.0,0.005901996247303032,0.0,-0.005901996247303032,0.005901996247303032,1.0,832.0,2.0,16.05149544918718,-0.14973350016589393,16.15778467203261,0.043444277320461425,-0.00021722138660230713,0.0044046612456440926,True
358,36,716.0,0.0022013235984559287,0.0,-0.0022013235984559287,0.0022013235984559287,1.0,832.0,2.0,15.562579434556525,-0.5901996247303032,16.153524164231055,-0.0007451049442260872,3.725524721130436e-06,-0.003700672648847103,True
359,36,718.0,0.0038166177373568644,0.0,-0.0038166177373568644,0.0038166177373568644,1.0,832.0,2.0,15.96477358968996,-0.22013235984559287,16.151935082169338,0.032970867366214185,-0.00016485433683107093,0.0016152941389009356,True
360,36,720.0,0.0035738712294914876,0.0,-0.0035738712294914876,0.0035738712294914876,1.0,832.0,2.0,15.782658429105831,-0.38166177373568644,16.14917995848509,0.015140244356428245,-7.570122178214122e-05,-0.00024274650786537677,True
361,37,722.0,0.0022842696753286873,0.0,-0.0022842696753286873,0.0022842696753286873,1.0,776.0,3.0,15.812881220162517,-0.35738712294914876,16.146413889919504,0.02385445319216195,-7.951484397387317e-05,-0.0012896015541628003,True
362,37,724.0,0.0014054037865207647,0.0,-0.0014054037865207647,0.0014054037865207647,1.0,776.0,3.0,15.955384694815026,-0.22842696753286873,16.14464593407034,0.03916572827755511,-0.00013055242759185036,-0.0008788658888079226,True
363,37,726.0,0.0026354544797868584,0.0,-0.0026354544797868584,0.0026354544797868584,1.0,776.0,3.0,16.050432939921848,-0.14054037865207647,16.143558193917944,0.04741512465597959,-0.00015805041551993199,0.0012300506932660937,True
364,37,728.0,9.433804098080145e-05,0.0,-9.433804098080145e-05,9.433804098080145e-05,1.0,776.0,3.0,15.90409057798065,-0.26354544797868584,16.141518431619712,0.026117594339624527,-8.705864779874843e-05,-0.002541116438806057,True
365,37,730.0,0.0017827931560532306,0.0,-0.0017827931560532306,0.0017827931560532306,1.0,776.0,3.0,16.19029194110804,-0.009433804098080145,16.14144541682067,0.058280328385447805,-0.000194267761284826,0.0016884551150724292,True
366,37,732.0,0.0007868450602472876,0.0,-0.0007868450602472876,0.0007868450602472876,1.0,776.0,3.0,15.991481225817946,-0.17827931560532306,16.140065588675984,0.02969495274728509,-9.898317582428362e-05,-0.000995948095805943,True
367,37,734.0,0.001041301858094812,0.0,-0.001041301858094812,0.001041301858094812,1.0,776.0,3.0,16.10121654048018,-0.07868450602472876,16.139456594325758,0.0404444521791512,-0.00013481484059717067,0.0002544567978475243,True
368,37,736.0,0.0017171374465760891,0.0,-0.0017171374465760891,0.0017171374465760891,1.0,776.0,3.0,16.06763683272161,-0.10413018580948119,16.138650658086846,0.03311636044424602,-0.00011038786814748673,0.0006758355884812772,True
369,37,738.0,0.0025610283310015802,0.0,-0.0025610283310015802,0.0025610283310015802,1.0,776.0,3.0,15.986348705194331,-0.1717137446576089,16.137321645481546,0.020740804370395726,-6.913601456798574e-05,0.0008438908844254911,True
370,37,740.0,0.0006919615962033276,0.0,-0.0006919615962033276,0.0006919615962033276,1.0,776.0,3.0,15.88649057245587,-0.256102833100158,16.13533948677826,0.0072539187777677355,-2.4179729259225785e-05,-0.0018690667347982526,True
371,38,742.0,0.0035448345415716176,0.0,-0.0035448345415716176,0.0035448345415716176,1.0,776.0,3.0,16.097658846576078,-0.06919615962033276,16.13480392936812,0.03205107682829124,-0.00010683692276097082,0.00285287294536829,True
372,38,744.0,0.001984460262065113,0.0,-0.001984460262065113,0.001984460262065113,1.0,776.0,3.0,15.767665010642496,-0.35448345415716176,16.132060334323413,-0.009911869523755473,3.3039565079184915e-05,-0.0015603742795065045,True
373,38,746.0,0.002247712470307306,0.0,-0.002247712470307306,0.002247712470307306,1.0,776.0,3.0,15.944391375362276,-0.1984460262065113,16.130524421919706,0.012312979649081249,-4.10432654969375e-05,0.00026325220824219286,True
374,38,748.0,0.003311022895104543,0.0,-0.003311022895104543,0.003311022895104543,1.0,776.0,3.0,15.911561902745634,-0.2247712470307306,16.12878476024488,0.00754838953148471,-2.5161298438282366e-05,0.001063310424797237,True
375,38,750.0,0.003123891246104904,0.0,-0.003123891246104904,0.003123891246104904,1.0,776.0,3.0,15.787447461172446,-0.3311022895104543,16.12622212836418,-0.00767237768127955,2.5574592270931835e-05,-0.00018713164899963886,True
376,38,752.0,0.0014516092460326036,0.0,-0.0014516092460326036,0.0014516092460326036,1.0,776.0,3.0,15.807026671523897,-0.3123891246104904,16.123804330737073,-0.004388534602686259,1.4628448675620863e-05,-0.0016722820000723004,True
377,38,754.0,0.005070006995993026,0.0,-0.005070006995993026,0.005070006995993026,1.0,776.0,3.0,15.996355474726867,-0.14516092460326036,16.1226808289523,0.01883557037782456,-6.278523459274854e-05,0.0036183977499604225,True
378,38,756.0,0.0019502672921589692,0.0,-0.0019502672921589692,0.0019502672921589692,1.0,776.0,3.0,15.579449616615065,-0.5070006995993026,16.118756796417728,-0.03230648020335966,0.00010768826734453222,-0.003119739703834057,True
379,38,758.0,0.002533909396333911,0.0,-0.002533909396333911,0.002533909396333911,1.0,776.0,3.0,15.93554080184678,-0.19502672921589692,16.117247348341696,0.013320182720981842,-4.440060906993947e-05,0.0005836421041749418,True
380,38,760.0,0.0037568373345493455,0.0,-0.0037568373345493455,0.0037568373345493455,1.0,776.0,3.0,15.865985488028267,-0.2533909396333911,16.115286178876094,0.0040902487855652625,-1.3634162618550877e-05,0.0012229279382154346,True
381,39,762.0,0.0023122078246160527,0.0,-0.0023122078246160527,0.0023122078246160527,1.0,759.0,3.0,15.723652233762426,-0.37568373345493455,16.1123133741864,-0.012977406969038789,4.325802323012929e-05,-0.0014446295099332929,True
382,39,764.0,0.0010180316139667411,0.0,-0.0010180316139667411,0.0010180316139667411,1.0,759.0,3.0,15.887224340908803,-0.23122078246160527,16.110483712252048,0.007961411118360002,-2.6538037061200004e-05,-0.0012941762106493115,True
383,39,766.0,0.004253696763953485,0.0,-0.004253696763953485,0.004253696763953485,1.0,759.0,3.0,16.03272607922541,-0.10180316139667411,16.109678138604096,0.024851102017987934,-8.283700672662645e-05,0.003235665149986744,True
384,39,768.0,0.00029999122216395335,0.0,-0.00029999122216395335,0.00029999122216395335,1.0,759.0,3.0,15.65929717895852,-0.4253696763953485,16.106312166494448,-0.021645311140576835,7.215103713525611e-05,-0.003953705541789532,True
385,39,770.0,0.0012072977233401616,0.0,-0.0012072977233401616,0.0012072977233401616,1.0,759.0,3.0,16.110413126622237,-0.029999122216395335,16.106074781898634,0.03433746694000186,-0.00011445822313333952,0.0009073065011762083,True
386,39,772.0,0.002342446646252938,0.0,-0.002342446646252938,0.002342446646252938,1.0,759.0,3.0,16.003078450330893,-0.12072977233401616,16.105119441005684,0.018688781659225558,-6.229593886408519e-05,0.0011351489229127765,True
387,39,774.0,0.00012502813206083374,0.0,-0.00012502813206083374,0.00012502813206083374,1.0,759.0,3.0,15.870446837797145,-0.2342446646252938,16.10326585093636,0.0014256514860772464,-4.752171620257488e-06,-0.0022174185141921043,True
388,39,776.0,0.0001642339420868666,0.0,-0.0001642339420868666,0.0001642339420868666,1.0,759.0,3.0,16.12219346050328,-0.012502813206083374,16.103166915532935,0.03152935817642631,-0.00010509786058808772,3.920581002603285e-05,True
389,39,778.0,0.003750348326320818,0.0,-0.003750348326320818,0.003750348326320818,1.0,759.0,3.0,16.114600686889467,-0.01642339420868666,16.10303695637056,0.027987124727593703,-9.329041575864569e-05,0.0035861143842339516,True
390,39,780.0,-0.00040149423057300737,0.0,0.00040149423057300737,0.00040149423057300737,1.0,759.0,3.0,15.701446824967997,-0.3750348326320818,16.100069286466407,-0.023587628866328026,7.862542955442675e-05,-0.0041518425568938255,True
391,40,782.0,0.0008423437620876939,0.0,-0.0008423437620876939,0.0008423437620876939,1.0,773.0,3.0,16.175605077602427,0.04014942305730074,16.10017316595686,0.03528248858826428,-0.00011760829529421427,0.0012438379926607013,True
392,40,784.0,0.0030858039181111963,0.0,-0.0030858039181111963,0.0030858039181111963,1.0,773.0,3.0,16.030238573330116,-0.08423437620876939,16.099518687083098,0.014954262455787614,-4.9847541519292046e-05,0.0022434601560235023,True
393,40,786.0,0.00011643555717455456,0.0,-0.00011643555717455456,0.00011643555717455456,1.0,773.0,3.0,15.771473651877063,-0.3085803918111196,16.097121098872798,-0.017067055184612615,5.689018394870872e-05,-0.0029693683609366417,True
394,40,788.0,0.001190452466289571,0.0,-0.001190452466289571,0.001190452466289571,1.0,773.0,3.0,16.110442336387056,-0.011643555717455456,16.09703063151758,0.025055260586933248,-8.351753528977749e-05,0.0010740169091150165,True
395,40,790.0,0.004306204246859124,0.0,-0.004306204246859124,0.004306204246859124,1.0,773.0,3.0,15.9850789480817,-0.1190452466289571,16.096105681367217,0.00801851334343988,-2.6728377811466268e-05,0.0031157517805695534,True
396,40,792.0,0.00018734913555817911,0.0,-0.00018734913555817911,0.00018734913555817911,1.0,773.0,3.0,15.626902502215914,-0.43062042468591244,16.092759874307756,-0.03523694740592837,0.00011745649135309457,-0.004118855111300945,True
397,40,794.0,0.001542003338727227,0.0,-0.001542003338727227,0.001542003338727227,1.0,773.0,3.0,16.09817392722633,-0.01873491355581791,16.09261430897358,0.024294531808568692,-8.098177269522897e-05,0.0013546542031690478,True
398,40,796.0,0.004286220741960278,0.0,-0.004286220741960278,0.004286220741960278,1.0,773.0,3.0,15.94071908202102,-0.1542003338727227,16.0914162130727,0.00350320282104279,-1.1677342736809301e-05,0.0027442174032330513,True
399,40,798.0,0.0003520617983667762,0.0,-0.0003520617983667762,0.0003520617983667762,1.0,773.0,3.0,15.625209055930217,-0.4286220741960278,16.0880859326692,-0.034254802542953315,0.00011418267514317772,-0.003934158943593502,True
400,40,800.0,0.0018931965832962305,0.0,-0.0018931965832962305,0.0018931965832962305,1.0,773.0,3.0,16.075270435290392,-0.03520617983667762,16.08781238994273,0.022664225184341018,-7.554741728113673e-05,0.0015411347849294543,True
401,41,802.0,0.013468445607031754,0.0,-0.013468445607031754,0.013468445607031754,1.0,776.0,1.0,15.896855891389528,-0.18931965832962305,16.08634711287444,-0.00017156315528670004,1.7156315528670005e-06,0.011575249023735523,True
402,41,804.0,0.005836909965182713,0.0,-0.005836909965182713,0.005836909965182713,1.0,776.0,1.0,14.676304632922305,-1.3468445607031754,16.075922942100313,-0.052773748474832495,0.0005277374847483249,-0.007631535641849041,True
403,41,806.0,0.005248378301075718,0.0,-0.005248378301075718,0.005248378301075718,1.0,776.0,1.0,15.47466595939209,-0.5836909965182713,16.071405349792684,-0.013048393882323511,0.0001304839388232351,-0.0005885316641069949,True
404,41,808.0,0.01221634847115638,0.0,-0.01221634847115638,0.01221634847115638,1.0,776.0,1.0,15.533377055520091,-0.5248378301075718,16.067343263246553,-0.009128377618888744,9.128377618888744e-05,0.006967970170080662,True
405,41,810.0,0.005534732053092739,0.0,-0.005534732053092739,0.005534732053092739,1.0,776.0,1.0,14.796320836169164,-1.221634847115638,16.057888177899997,-0.03993249461519668,0.0003993249461519668,-0.006681616418063641,True
406,41,812.0,0.00485979228051292,0.0,-0.00485979228051292,0.00485979228051292,1.0,776.0,1.0,15.494381070762648,-0.5534732053092739,16.053604462184463,-0.005750186112540633,5.750186112540633e-05,-0.000674939772579819,True
407,41,814.0,0.01435891094388353,0.0,-0.01435891094388353,0.01435891094388353,1.0,776.0,1.0,15.561730351430803,-0.485979228051292,16.049843129500868,-0.0021335500187736577,2.1335500187736575e-05,0.00949911866337061,True
408,41,816.0,0.004812125328498951,0.0,-0.004812125328498951,0.004812125328498951,1.0,776.0,1.0,14.557727723249874,-1.435891094388353,16.038729765406995,-0.04511094776876712,0.0004511094776876712,-0.009546785615384579,True
409,41,818.0,0.001805384855288139,0.0,-0.001805384855288139,0.001805384855288139,1.0,776.0,1.0,15.556382556131318,-0.48121253284989507,16.035005325506894,0.002589763474317018,-2.589763474317018e-05,-0.0030067404732108116,True
410,41,820.0,0.015340322840529552,0.0,-0.015340322840529552,0.015340322840529552,1.0,776.0,1.0,15.869080238360569,-0.1805384855288139,16.033608012068218,0.016010711821165733,-0.00016010711821165733,0.013534937985241413,True
411,42,822.0,0.001820828046220413,0.0,-0.001820828046220413,0.001820828046220413,1.0,909.0,2.0,14.395353145842607,-1.5340322840529552,16.023472250669528,-0.09408682077396834,0.00047043410386984164,-0.01351949479430914,True
412,42,824.0,-0.00017302462129009655,0.0,0.00017302462129009655,0.00017302462129009655,1.0,909.0,2.0,15.877987785609504,-0.1820828046220413,16.022269180902608,0.037801409328934485,-0.00018900704664467243,-0.0019938526675105095,True
413,42,826.0,0.023709599140602222,0.0,-0.023709599140602222,0.023709599140602222,1.0,909.0,2.0,16.091932499676734,0.017302462129009655,16.022307250126218,0.052322787421506964,-0.0002616139371075348,0.02388262376189232,True
414,42,828.0,0.002025857779699436,0.0,-0.002025857779699436,0.002025857779699436,1.0,909.0,2.0,13.46588314257442,-2.370959914060222,16.006641684137406,-0.1697986275027653,0.0008489931375138265,-0.021683741360902786,True
415,42,830.0,0.003442910595367721,0.0,-0.003442910595367721,0.003442910595367721,1.0,909.0,2.0,15.846254842127266,-0.2025857779699436,16.00530314574445,0.04353747435276141,-0.00021768737176380704,0.001417052815668285,True
416,42,832.0,0.025468015207479766,0.0,-0.025468015207479766,0.025468015207479766,1.0,909.0,2.0,15.685238494317433,-0.3442910595367721,16.00302832267359,0.02650123118061557,-0.00013250615590307786,0.022025104612112045,True
417,42,834.0,0.0020682635740740807,0.0,-0.0020682635740740807,0.0020682635740740807,1.0,909.0,2.0,13.263130077198145,-2.5468015207479766,15.986200924181077,-0.17626932623495414,0.0008813466311747707,-0.023399751633405685,True
418,42,836.0,0.0004611182748703868,0.0,-0.0004611182748703868,0.0004611182748703868,1.0,909.0,2.0,15.831293237045474,-0.20682635740740807,15.9848343671461,0.053285227306783235,-0.00026642613653391617,-0.0016071452992036939,True
419,42,838.0,0.029149530434551707,0.0,-0.029149530434551707,0.029149530434551707,1.0,909.0,2.0,16.001231703673618,-0.04611182748703868,15.984529693974686,0.06281383718597104,-0.0003140691859298552,0.02868841215968132,True
420,42,840.0,-0.0005795471579403966,0.0,0.0005795471579403966,0.0005795471579403966,1.0,909.0,2.0,12.846316336423625,-2.9149530434551707,15.965269819952448,-0.20400044007365398,0.0010200022003682698,-0.029729077592492104,True
421,43,842.0,0.005571813301685324,0.0,-0.005571813301685324,0.005571813301685324,2.0,787.0,2.0,16.03719223508078,0.02897735789701983,15.965343459997955,0.042871417185804825,-0.00042871417185804826,0.006151360459625721,True
422,43,844.0,0.034045753048303595,0.0,-0.034045753048303595,0.034045753048303595,2.0,787.0,2.0,15.695445918658994,-0.2785906650842662,15.963217389848355,0.0108191938949048,-0.00010819193894904801,0.02847393974661827,True
423,43,846.0,0.019288821124973765,0.0,-0.019288821124973765,0.019288821124973765,2.0,787.0,2.0,14.128289548796818,-1.7022876524151798,15.950226348089352,-0.11964914687735452,0.0011964914687735452,-0.01475693192332983,True
424,43,848.0,0.004164359511378279,0.0,-0.004164359511378279,0.004164359511378279,2.0,787.0,2.0,14.937271053995863,-0.9644410562486883,15.942866197166511,-0.04115408692195961,0.0004115408692195961,-0.015124461613595486,True
425,43,850.0,0.035035374553444854,0.0,-0.035035374553444854,0.035035374553444854,2.0,787.0,2.0,15.76458327857416,-0.20821797556891397,15.941277177583485,0.03152407655958759,-0.00031524076559587586,0.030871015042066574,True
426,43,852.0,0.014789239482524863,0.0,-0.014789239482524863,0.014789239482524863,2.0,787.0,2.0,14.064323919253766,-1.7517687276722427,15.927908520023742,-0.11181587309773429,0.0011181587309773428,-0.02024613507091999,True
427,43,854.0,0.004746397936287394,0.0,-0.004746397936287394,0.004746397936287394,2.0,787.0,2.0,15.173688018970143,-0.7394619741262431,15.922265301398792,-0.009115308302404144,9.115308302404144e-05,-0.010042841546237469,True
428,43,856.0,0.033373506718817225,0.0,-0.033373506718817225,0.033373506718817225,2.0,787.0,2.0,15.720541051073994,-0.2373198968143697,15.920454189930439,0.03740675795792589,-0.0003740675795792589,0.02862710878252983,True
429,43,858.0,0.019319794119837752,0.0,-0.019319794119837752,0.019319794119837752,2.0,787.0,2.0,14.142750294564612,-1.6686753359408613,15.907719661226844,-0.09629403072137063,0.0009629403072137063,-0.014053712598979473,True
430,43,860.0,0.007149018326344958,0.0,-0.007149018326344958,0.007149018326344958,2.0,787.0,2.0,14.911134500421866,-0.9659897059918876,15.900347691752975,-0.02322348533922039,0.0002322348533922039,-0.012170775793492794,True
431,44,862.0,0.02882155401402997,0.0,-0.02882155401402997,0.02882155401402997,2.0,884.0,2.0,15.574785686307147,-0.3574509163172479,15.897919125745902,0.03431747687849265,-0.0003431747687849265,0.021672535687685013,True
432,44,864.0,0.01659288720929908,0.0,-0.01659288720929908,0.01659288720929908,2.0,884.0,2.0,14.379575905433134,-1.4410777007014985,15.888128264517915,-0.06747465838328216,0.0006747465838328217,-0.012228666804730892,True
433,44,866.0,0.007826087975445262,0.0,-0.007826087975445262,0.007826087975445262,2.0,884.0,2.0,15.047397758881221,-0.8296443604649539,15.882491557491003,-0.005449438144828962,5.449438144828962e-05,-0.008766799233853817,True
434,44,868.0,0.027863705509844294,0.0,-0.027863705509844294,0.027863705509844294,2.0,884.0,2.0,15.523450921169161,-0.3913043987722631,15.879832986711367,0.03492233323005511,-0.0003492233323005511,0.020037617534399033,True
435,44,870.0,0.01896056437635707,0.0,-0.01896056437635707,0.01896056437635707,2.0,884.0,2.0,14.417686718480397,-1.3931852754922147,15.870367512580035,-0.05949551860742362,0.0005949551860742362,-0.008903141133487225,True
436,44,872.0,0.010113913544955722,0.0,-0.010113913544955722,0.010113913544955722,2.0,884.0,2.0,14.902549734954453,-0.9480282188178535,15.863926490887643,-0.013348537115334406,0.00013348537115334406,-0.008846650831401348,True
437,44,874.0,0.021016665713432303,0.0,-0.021016665713432303,0.021016665713432303,2.0,884.0,2.0,15.382934767695433,-0.5056956772477861,15.860490731527072,0.02813971341614799,-0.0002813971341614799,0.010902752168476582,True
438,44,876.0,0.014255909228268138,0.0,-0.014255909228268138,0.014255909228268138,2.0,884.0,2.0,14.778411906401576,-1.0508332856716152,15.853351239417284,-0.024106047344093277,0.00024106047344093278,-0.0067607564851641655,True
439,44,878.0,0.005904379279854766,0.0,-0.005904379279854766,0.005904379279854766,2.0,884.0,2.0,15.144639294330082,-0.7127954614134069,15.848508418351342,0.00892633739214564,-8.92633739214564e-05,-0.008351529948413372,True
440,44,880.0,0.015102785059752932,0.0,-0.015102785059752932,0.015102785059752932,2.0,884.0,2.0,15.597322787067222,-0.2952189639927383,15.84650266397259,0.046039087087372386,-0.00046039087087372386,0.009198405779898167,True
441,45,882.0,0.011217855827453604,0.0,-0.011217855827453604,0.011217855827453604,2.0,813.0,1.0,15.085701598818414,-0.7551392529876466,15.84092410199373,-8.325018767196802e-05,1.6650037534393603e-06,-0.003884929232299328,True
442,45,884.0,0.005130922400894633,0.0,-0.005130922400894633,0.005130922400894633,2.0,813.0,1.0,15.284642447203794,-0.5608927913726802,15.836780528225352,0.00875471035112198,-0.0001750942070224396,-0.006086933426558971,True
443,45,886.0,0.011455106528046599,0.0,-0.011455106528046599,0.011455106528046599,2.0,813.0,1.0,15.600093720488733,-0.25654612004473165,15.83488530370159,0.021754536831873873,-0.0004350907366374775,0.006324184127151966,True
444,45,888.0,0.006967611589971057,0.0,-0.006967611589971057,0.006967611589971057,2.0,813.0,1.0,15.26320397252797,-0.57275532640233,15.83065409591517,0.005305203015130624,-0.00010610406030261247,-0.0044874949380755424,True
445,45,890.0,0.0009133601352004916,0.0,-0.0009133601352004916,0.0009133601352004916,2.0,813.0,1.0,15.494698595933052,-0.34838057949855283,15.828080447879705,0.014998727551899887,-0.00029997455103799773,-0.006054251454770565,True
446,45,892.0,0.006159504854622355,0.0,-0.006159504854622355,0.006159504854622355,2.0,813.0,1.0,15.809403728171286,-0.04566800676002458,15.82774307724883,0.027328657682481803,-0.000546573153649636,0.0052461447194218636,True
447,45,894.0,0.0049396370095564635,0.0,-0.0049396370095564635,0.0049396370095564635,2.0,813.0,1.0,15.530290556191733,-0.30797524273111776,15.825467922073516,0.012797876849334191,-0.0002559575369866838,-0.0012198678450658917,True
448,45,896.0,0.0008383615431739599,0.0,-0.0008383615431739599,0.0008383615431739599,2.0,813.0,1.0,15.59101122249014,-0.24698185047782317,15.823643353220678,0.014349719747283721,-0.0002869943949456744,-0.0041012754663825035,True
449,45,898.0,0.007333752561862639,0.0,-0.007333752561862639,0.007333752561862639,2.0,813.0,1.0,15.803718265440056,-0.041918077158698,15.823333685049517,0.02230265754923766,-0.0004460531509847532,0.006495391018688679,True
450,45,900.0,0.0063941532653188915,0.0,-0.0063941532653188915,0.0063941532653188915,2.0,813.0,1.0,15.459349070525436,-0.36668762809313193,15.820624794401722,0.005411904216846834,-0.00010823808433693669,-0.0009395992965437472,True
451,46,902.0,0.0026882391330218525,0.0,-0.0026882391330218525,0.0026882391330218525,2.0,825.0,1.0,15.505620928752109,-0.3197076632659446,15.818297320285673,0.007031271732380266,-0.00014062543464760533,-0.003705914132297039,True
452,46,904.0,0.008254255903921148,0.0,-0.008254255903921148,0.008254255903921148,2.0,825.0,1.0,15.69769054330606,-0.13441195665109262,15.81731880026272,0.014783699694432469,-0.00029567399388864937,0.005566016770899296,True
453,46,906.0,0.009001903913485876,0.0,-0.009001903913485876,0.009001903913485876,2.0,825.0,1.0,15.402323995095562,-0.4127127951960574,15.814314248109145,0.000722542182475085,-1.44508436495017e-05,0.0007476480095647275,True
454,46,908.0,0.005930954336690775,0.0,-0.005930954336690775,0.005930954336690775,2.0,825.0,1.0,15.35989665319099,-0.4500951956742938,15.811037551807965,-0.0010457029426812633,2.0914058853625264e-05,-0.003070949576795101,True
455,46,910.0,0.011392808265554777,0.0,-0.011392808265554777,0.011392808265554777,2.0,825.0,1.0,15.518364944186677,-0.29654771683453873,15.80887868227055,0.006033978750665247,-0.00012067957501330493,0.005461853928864002,True
456,46,912.0,0.01187312196361745,0.0,-0.01187312196361745,0.01187312196361745,2.0,825.0,1.0,15.22813548630458,-0.5696404132777388,15.804731695914903,-0.006955796332583513,0.00013911592665167026,0.0004803136980626732,True
457,46,914.0,0.008764319712099677,0.0,-0.008764319712099677,0.008764319712099677,2.0,825.0,1.0,15.199369790241047,-0.5936560981808725,15.800409875198323,-0.0073839867764046475,0.00014767973552809295,-0.0031088022515177727,True
458,46,916.0,0.013101970435855037,0.0,-0.013101970435855037,0.013101970435855037,2.0,825.0,1.0,15.359390009786228,-0.43821598560498387,15.797219659632884,0.00038633575832830127,-7.726715166566025e-06,0.00433765072375536,True
459,46,918.0,0.013607891808533168,0.0,-0.013607891808533168,0.013607891808533168,2.0,825.0,1.0,15.127842493418116,-0.6550985217927519,15.79245053762513,-0.009509522414261833,0.00019019044828523664,0.0005059213726781309,True
460,46,920.0,0.010665788847290969,0.0,-0.010665788847290969,0.010665788847290969,2.0,825.0,1.0,15.09735035202892,-0.6803945904266584,15.787497260053524,-0.009752317597944517,0.00019504635195889035,-0.002942102961242199,True
461,47,922.0,0.004922070141219592,0.0,-0.004922070141219592,0.004922070141219592,1.0,969.0,1.0,14.710037620124425,-1.066578884729097,15.780886445618487,-0.00426994076496513,4.2699407649651305e-05,-0.005743718706071377,True
462,47,924.0,0.004901604249425873,0.0,-0.004901604249425873,0.004901604249425873,1.0,969.0,1.0,15.307875715240455,-0.4922070141219592,15.777835673396584,0.022247055965828245,-0.00022247055965828245,-2.0465891793719493e-05,True
463,47,926.0,0.00640848499006097,0.0,-0.00640848499006097,0.00640848499006097,1.0,969.0,1.0,15.304855114746294,-0.49016042494258727,15.77479758623857,0.02021795345030984,-0.0002021795345030984,0.001506880740635097,True
464,47,928.0,0.006788174871871888,0.0,-0.006788174871871888,0.006788174871871888,1.0,969.0,1.0,15.141416435274046,-0.640848499006097,15.770825512003322,0.011439422276822042,-0.00011439422276822042,0.00037968988181091845,True
465,47,930.0,0.005690276756467938,0.0,-0.005690276756467938,0.005690276756467938,1.0,969.0,1.0,15.096422847261815,-0.6788174871871888,15.766618100336643,0.00862223411236051,-8.622234112360509e-05,-0.0010978981154039502,True
466,47,932.0,0.0065264935428785975,0.0,-0.0065264935428785975,0.0065264935428785975,1.0,969.0,1.0,15.206854074663696,-0.5690276756467938,15.763091182238071,0.012790568072418441,-0.00012790568072418442,0.0008362167864106596,True
467,47,934.0,0.004094613791494339,0.0,-0.004094613791494339,0.004094613791494339,1.0,969.0,1.0,15.114165833550116,-0.6526493542878598,15.75904596454803,0.0077692232899472715,-7.769223289947271e-05,-0.0024318797513842583,True
468,47,936.0,0.004069312472893216,0.0,-0.004069312472893216,0.004069312472893216,1.0,969.0,1.0,15.365129597247925,-0.4094613791494339,15.756508062068747,0.018082914328613777,-0.00018082914328613776,-2.5301318601123057e-05,True
469,47,938.0,0.004749618409732648,0.0,-0.004749618409732648,0.004749618409732648,1.0,969.0,1.0,15.36352760251019,-0.4069312472893216,15.753985841722779,0.016473008076734595,-0.00016473008076734597,0.0006803059368394315,True
470,47,940.0,0.003402423867555626,0.0,-0.003402423867555626,0.003402423867555626,1.0,969.0,1.0,15.287889250410183,-0.47496184097326477,15.751041957646933,0.011809133736515843,-0.00011809133736515842,-0.0013471945421770215,True
471,48,942.0,0.01599557493773318,0.0,-0.01599557493773318,0.01599557493773318,2.0,809.0,1.0,15.588061145585607,-0.1701211933777813,15.749778980008905,0.00840335895448352,-0.0001680671790896704,0.012593151070177555,True
472,48,944.0,0.013751814895840653,0.0,-0.013751814895840653,0.013751814895840653,2.0,809.0,1.0,14.92304159679391,-0.7997787468866591,15.7438414324721,-0.02102108879153134,0.0004204217758306268,-0.0022437600418925285,True
473,48,946.0,0.009420864106687077,0.0,-0.009420864106687077,0.009420864106687077,2.0,809.0,1.0,15.037229946486248,-0.6875907447920326,15.738736767276945,-0.013916075998664365,0.0002783215199732873,-0.004330950789153576,True
474,48,948.0,0.007029273369880684,0.0,-0.007029273369880684,0.007029273369880684,2.0,809.0,1.0,15.261451692383943,-0.47104320533435384,15.735239748339575,-0.0027448506212779038,5.489701242555807e-05,-0.0023915907368063927,True
475,48,950.0,0.009444741354855068,0.0,-0.009444741354855068,0.009444741354855068,2.0,809.0,1.0,15.384119621507446,-0.3514636684940342,15.732630486406501,0.0029528035949794897,-5.9056071899589796e-05,0.0024154679849743843,True
476,48,952.0,0.00478771963116742,0.0,-0.00478771963116742,0.00478771963116742,2.0,809.0,1.0,15.25406857897684,-0.4722370677427534,15.729124604249362,-0.002818957529767986,5.637915059535972e-05,-0.004657021723687649,True
477,48,954.0,0.007090601892741688,0.0,-0.007090601892741688,0.007090601892741688,2.0,809.0,1.0,15.495996266747348,-0.23938598155837099,15.727347405679554,0.008034842626164074,-0.00016069685252328148,0.0023028822615742683,True
478,48,956.0,0.007939633677779057,0.0,-0.007939633677779057,0.007939633677779057,2.0,809.0,1.0,15.37221948727709,-0.3545300946370844,15.724715378636683,0.002034203277491288,-4.068406554982576e-05,0.0008490317850373685,True
479,48,958.0,0.003942982989428856,0.0,-0.003942982989428856,0.003942982989428856,2.0,809.0,1.0,15.324696912825358,-0.39698168388895283,15.721768191519608,-8.959480529569764e-05,1.7918961059139527e-06,-0.003996650688350201,True
480,48,960.0,0.003261292990828224,0.0,-0.003261292990828224,0.003261292990828224,2.0,809.0,1.0,15.5321583107948,-0.1971491494714428,15.720304558669412,0.009002901596830641,-0.00018005803193661284,-0.000681689998600632,True
481,49,962.0,0.005492910448992916,0.0,-0.005492910448992916,0.005492910448992916,2.0,792.0,1.0,15.565696860263166,-0.1630646495414112,15.71906798384049,0.009693525964088968,-0.00019387051928177937,0.002231617458164692,True
482,49,964.0,0.001998313408876129,0.0,-0.001998313408876129,0.001998313408876129,2.0,792.0,1.0,15.446036373476943,-0.2746455224496458,15.71698525321253,0.0036966427140606934,-7.393285428121387e-05,-0.003494597040116787,True
483,49,966.0,0.0015893109057287802,0.0,-0.0015893109057287802,0.0015893109057287802,2.0,792.0,1.0,15.627598746869614,-0.09991567044380645,15.716227558620627,0.011286858692794997,-0.00022573717385589994,-0.00040900250314734876,True
484,49,968.0,0.00354663896450802,0.0,-0.00354663896450802,0.00354663896450802,2.0,792.0,1.0,15.647299227642863,-0.07946554528643901,15.715624944299572,0.011139828629729375,-0.0002227965725945875,0.0019573280587792397,True
485,49,970.0,0.0005165781740288367,0.0,-0.0005165781740288367,0.0005165781740288367,2.0,792.0,1.0,15.542576640530767,-0.177331948225401,15.714280175680779,0.005628413075390608,-0.00011256826150781217,-0.003030060790479183,True
486,49,972.0,-8.864279061526759e-05,0.0,8.864279061526759e-05,8.864279061526759e-05,2.0,792.0,1.0,15.700233915866066,-0.025828908701441833,15.714084306260595,0.011978518306912695,-0.0002395703661382539,-0.0006052209646441042,True
487,49,974.0,0.002509465001821809,0.0,-0.002509465001821809,0.002509465001821809,2.0,792.0,1.0,15.730739132335625,0.004432139530763379,15.71409549853215,0.01221149427271261,-0.0002442298854542522,0.0025981077924370766,True
488,49,976.0,0.00033778560191422,0.0,-0.00033778560191422,0.00033778560191422,2.0,792.0,1.0,15.592812172789197,-0.12547325009109045,15.71314399210078,0.005141430779507959,-0.00010282861559015917,-0.002171679399907589,True
489,49,978.0,0.00024958275480457814,0.0,-0.00024958275480457814,0.00024958275480457814,2.0,792.0,1.0,15.705713616814442,-0.016889280095711,15.713015914931965,0.00958698197818884,-0.0001917396395637768,-8.820284710964188e-05,True
490,49,980.0,0.003025636488928285,0.0,-0.003025636488928285,0.003025636488928285,2.0,792.0,1.0,15.709315103434434,-0.012479137740228907,15.712921281376142,0.008872959798521355,-0.0001774591959704271,0.002776053734123707,True
491,50,982.0,0.0012506780376497773,0.0,-0.0012506780376497773,0.0012506780376497773,2.0,789.0,1.0,15.562204779058575,-0.15128182444641425,15.71176969766736,0.0017169058376274398,-3.433811675254879e-05,-0.0017749584512785077,True
492,50,984.0,0.0011903515414815047,0.0,-0.0011903515414815047,0.0011903515414815047,2.0,789.0,1.0,15.654347194275198,-0.06253390188248886,15.711293678668254,0.00558741748943417,-0.0001117483497886834,-6.032649616827257e-05,True
493,50,986.0,0.0039296776385526755,0.0,-0.0039296776385526755,0.0039296776385526755,2.0,789.0,1.0,15.656514595335056,-0.059517577074075234,15.710840620461191,0.005191551947938641,-0.00010383103895877282,0.002739326097071171,True
494,50,988.0,0.002547875149502943,0.0,-0.002547875149502943,0.002547875149502943,2.0,789.0,1.0,15.511331212473662,-0.19648388192763377,15.709344950784471,-0.0015298563831763275,3.059712766352655e-05,-0.0013818024890497327,True
495,50,990.0,0.002483108103660925,0.0,-0.002483108103660925,0.002483108103660925,2.0,789.0,1.0,15.582738211590092,-0.12739375747514714,15.708375207219799,0.0017567618454384008,-3.5135236908768016e-05,-6.476704584201798e-05,True
496,50,992.0,0.005096280970064981,0.0,-0.005096280970064981,0.005096280970064981,2.0,789.0,1.0,15.585011102966087,-0.12415540518304624,15.707430114559223,0.0017363935899088391,-3.472787179817678e-05,0.0026131728664040565,True
497,50,994.0,0.0038240243675318197,0.0,-0.0038240243675318197,0.0038240243675318197,2.0,789.0,1.0,15.446307680602677,-0.25481404850324907,15.705490425451835,-0.004368696345908847,8.737392691817694e-05,-0.0012722566025331616,True
498,50,996.0,0.0036031602148796082,0.0,-0.0036031602148796082,0.0036031602148796082,2.0,789.0,1.0,15.511773481599157,-0.191201218376591,15.704034968334064,-0.001060268358314715,2.12053671662943e-05,-0.0002208641526522115,True
499,50,998.0,0.005942937751569843,0.0,-0.005942937751569843,0.005942937751569843,2.0,789.0,1.0,15.522048433499922,-0.1801580107439804,15.70266357404438,-0.0004571298004778597,9.142596009557193e-06,0.002339777536690235,True
500,50,1000.0,0.004578867644340789,0.0,-0.004578867644340789,0.004578867644340789,2.0,789.0,1.0,15.397523169479065,-0.29714688757849217,15.700401639961397,-0.00573158290383831,0.0001146316580767662,-0.001364070107229054,True
501,51,1002.0,0.004071111449775344,0.0,-0.004071111449775344,0.004071111449775344,2.0,789.0,1.0,15.467631032908557,-0.22894338221703947,15.698658882890909,-0.002084467765312838,4.168935530625676e-05,-0.0005077561945654452,True
502,51,1004.0,0.006056651131984836,0.0,-0.006056651131984836,0.006056651131984836,2.0,789.0,1.0,15.492822252702762,-0.2035555724887672,15.697109382268708,-0.000731557077180374,1.463114154360748e-05,0.0019855396822094917,True
503,51,1006.0,0.004625175622095412,0.0,-0.004625175622095412,0.004625175622095412,2.0,789.0,1.0,15.386796922493737,-0.3028325565992418,15.694804167878667,-0.005174688785689804,0.00010349377571379609,-0.0014314755098894238,True
504,51,1008.0,0.0038384026347557665,0.0,-0.0038384026347557665,0.0038384026347557665,2.0,789.0,1.0,15.46035751408217,-0.2312587811047706,15.693043785586841,-0.0014274903998994911,2.8549807997989822e-05,-0.0007867729873396456,True
505,51,1010.0,0.005448015705951548,0.0,-0.005448015705951548,0.005448015705951548,2.0,789.0,1.0,15.500159650430515,-0.19192013173778832,15.691582855974834,0.0004969261934690961,-9.938523869381921e-06,0.0016096130711957812,True
506,51,1012.0,0.0039665915037403465,0.0,-0.0039665915037403465,0.0039665915037403465,2.0,789.0,1.0,15.413899558389796,-0.2724007852975774,15.689509293550847,-0.003208949863471714,6.417899726943428e-05,-0.0014814242022112012,True
507,51,1014.0,0.003012746697095281,0.0,-0.003012746697095281,0.003012746697095281,2.0,789.0,1.0,15.49013426449376,-0.19832957518701733,15.687999574134198,0.00046426554657823233,-9.285310931564646e-06,-0.0009538448066450655,True
508,51,1016.0,0.0043328078545528115,0.0,-0.0043328078545528115,0.0043328078545528115,2.0,789.0,1.0,15.538803525963587,-0.15063733485476405,15.686852896392939,0.002587964425413442,-5.175928850826885e-05,0.0013200611574575305,True
509,51,1018.0,0.0028820390662076534,0.0,-0.0028820390662076534,0.0028820390662076534,2.0,789.0,1.0,15.467904144177098,-0.21664039272764057,15.685203791830366,-0.0006592549256291148,1.3185098512582294e-05,-0.001450768788345158,True
510,51,1020.0,0.001830077505474037,0.0,-0.001830077505474037,0.001830077505474037,2.0,789.0,1.0,15.54270597915131,-0.14410195331038267,15.684106862556508,0.002701069905184495,-5.40213981036899e-05,-0.0010519615607336164,True
511,52,1022.0,0.0031327415572377504,0.0,-0.0031327415572377504,0.0031327415572377504,2.0,777.0,1.0,15.596730096094324,-0.09150387527370185,15.683399561624128,0.004834409743897006,-9.668819487794013e-05,0.0013026640517637134,True
512,52,1024.0,0.001849309083809203,0.0,-0.001849309083809203,0.001849309083809203,2.0,777.0,1.0,15.526964165045712,-0.15663707786188752,15.682188798135826,0.001412444771772336,-2.824889543544672e-05,-0.0012834324734285474,True
513,52,1026.0,0.0004979980958523811,0.0,-0.0004979980958523811,0.0004979980958523811,2.0,777.0,1.0,15.593203424277602,-0.09246545419046015,15.681474064450867,0.0041948140171941435,-8.389628034388287e-05,-0.001351310987956822,True
514,52,1028.0,0.001683919000242895,0.0,-0.001683919000242895,0.001683919000242895,2.0,777.0,1.0,15.663247744769299,-0.024899904792619054,15.681281594724044,0.006866054837872244,-0.00013732109675744487,0.001185920904390514,True
515,52,1030.0,0.0007623240317116142,0.0,-0.0007623240317116142,0.0007623240317116142,2.0,777.0,1.0,15.599950468747695,-0.08419595001214475,15.68063078213528,0.003515636624558838,-7.031273249117676e-05,-0.0009215949685312808,True
516,52,1032.0,-0.0003371275297467946,0.0,0.0003371275297467946,0.0003371275297467946,2.0,777.0,1.0,15.64749491864462,-0.03811620158558071,15.68033615390408,0.00527496632612113,-0.0001054993265224226,-0.0010994515614584088,True
517,52,1034.0,0.0010664360097507597,0.0,-0.0010664360097507597,0.0010664360097507597,2.0,777.0,1.0,15.704506641748104,0.01685637648733973,15.680379542260543,0.00727072300022138,-0.0001454144600044276,0.0014035635394975543,True
518,52,1036.0,0.0006595941749765188,0.0,-0.0006595941749765188,0.0006595941749765188,2.0,777.0,1.0,15.63003260402837,-0.053321800487537985,15.679967378741894,0.003387025774016117,-6.774051548032234e-05,-0.00040684183477424085,True
519,52,1038.0,3.778821792366216e-05,0.0,-3.778821792366216e-05,3.778821792366216e-05,2.0,777.0,1.0,15.650721391518971,-0.03297970874882594,15.679712454251765,0.003988646016032044,-7.977292032064087e-05,-0.0006218059570528567,True
520,52,1040.0,0.0015895512560746283,0.0,-0.0015895512560746283,0.0015895512560746283,2.0,777.0,1.0,15.682829906641993,-0.001889410896183108,15.67969784960161,0.005021467936567994,-0.00010042935873135988,0.0015517630381509662,True
521,53,1042.0,0.001750674645336403,0.0,-0.001750674645336403,0.001750674645336403,2.0,749.0,1.0,15.600598464911458,-0.07947756280373142,15.679060542899975,0.001015484815214159,-2.030969630428318e-05,0.00016112338926177472,True
522,53,1044.0,0.0012383922230583266,0.0,-0.0012383922230583266,0.0012383922230583266,2.0,749.0,1.0,15.591377306289377,-0.08753373226682015,15.678358636195384,0.0005524023608156065,-1.104804721631213e-05,-0.0005122824222780764,True
523,53,1046.0,0.001484727888055204,0.0,-0.001484727888055204,0.001484727888055204,2.0,749.0,1.0,15.617606581175533,-0.06191961115291633,15.677862121433744,0.001664070894704187,-3.328141789408374e-05,0.0002463356649968773,True
524,53,1048.0,0.001663524054492882,0.0,-0.001663524054492882,0.001663524054492882,2.0,749.0,1.0,15.603975889624897,-0.0742363944027602,15.677266842087095,0.000945441940561848,-1.890883881123696e-05,0.00017879616643767804,True
525,53,1050.0,0.0013772288884865702,0.0,-0.0013772288884865702,0.0013772288884865702,2.0,749.0,1.0,15.593872546930584,-0.0831762027246441,15.676599877102964,0.00044887255226400146,-8.97745104528003e-06,-0.0002862951660063118,True
526,53,1052.0,0.001735896957143268,0.0,-0.001735896957143268,0.001735896957143268,2.0,749.0,1.0,15.608243025863421,-0.06886144442432851,15.676047697865576,0.0010567724221742531,-2.1135448443485064e-05,0.00035866806865669787,True
527,53,1054.0,0.0023647715361221344,0.0,-0.0023647715361221344,0.0023647715361221344,2.0,749.0,1.0,15.588697622303194,-0.0867948478571634,15.675351716053115,0.00014075410724164716,-2.8150821448329434e-06,0.0006288745789788663,True
528,53,1056.0,0.0023165857610365492,0.0,-0.0023165857610365492,0.0023165857610365492,2.0,749.0,1.0,15.554862984105073,-0.11823857680610672,15.674403596423698,-0.0013020355125192946,2.604071025038589e-05,-4.818577508558519e-05,True
529,53,1058.0,0.0024480409383613733,0.0,-0.0024480409383613733,0.0024480409383613733,2.0,749.0,1.0,15.556577194132759,-0.11582928805182746,15.673474796157056,-0.001068313972469019,2.136627944938038e-05,0.00013145517732482404,True
530,53,1060.0,0.0025809340777414036,0.0,-0.0025809340777414036,0.0025809340777414036,2.0,749.0,1.0,15.548826052733734,-0.12240204691806866,15.672493290911477,-0.0012651912596750483,2.5303825193500965e-05,0.00013289313938003033,True
531,54,1062.0,0.0026462951473149587,0.0,-0.0026462951473149587,0.0026462951473149587,2.0,731.0,1.0,15.540939763037906,-0.12904670388707018,15.671433023772503,-0.0014465568475256804,2.8931136950513607e-05,6.536106957355514e-05,True
532,54,1064.0,0.0027791212314696168,0.0,-0.0027791212314696168,0.0027791212314696168,2.0,731.0,1.0,15.536574019399849,-0.13231475736574794,15.670345905814347,-0.0014571290487510654,2.9142580975021306e-05,0.00013282608415465802,True
533,54,1066.0,0.0022880431615703856,0.0,-0.0022880431615703856,0.0022880431615703856,2.0,731.0,1.0,15.528628126954015,-0.13895606157348084,15.669204221901383,-0.0016200333738895362,3.2400667477790726e-05,-0.0004910780698992312,True
534,54,1068.0,0.002092727049785026,0.0,-0.002092727049785026,0.002092727049785026,2.0,731.0,1.0,15.553512786063054,-0.11440215807851928,15.66826427655455,-0.0003493324129782478,6.986648259564956e-06,-0.00019531611178535968,True
535,54,1070.0,0.0021921000197835383,0.0,-0.0021921000197835383,0.0021921000197835383,2.0,731.0,1.0,15.562896138450022,-0.1046363524892513,15.667404568536108,0.00012792240316428956,-2.5584480632857914e-06,9.937296999851242e-05,True
536,54,1072.0,0.0017957038990061847,0.0,-0.0017957038990061847,0.0017957038990061847,2.0,731.0,1.0,15.556788892416495,-0.10960500098917692,15.666504037353873,-0.00011014394820117013,2.2028789640234027e-06,-0.00039639612077735364,True
537,54,1074.0,0.0018929497282442753,0.0,-0.0018929497282442753,0.0018929497282442753,2.0,731.0,1.0,15.57678248139866,-0.08978519495030923,15.665766348680672,0.0008013276682977878,-1.6026553365955755e-05,9.724582923809066e-05,True
538,54,1076.0,0.0021987373011143063,0.0,-0.0021987373011143063,0.0021987373011143063,2.0,731.0,1.0,15.570845084547367,-0.09464748641221377,15.664988710689116,0.000503860270464712,-1.007720540929424e-05,0.000305787572870031,True
539,54,1078.0,0.0017583678536539082,0.0,-0.0017583678536539082,0.0017583678536539082,2.0,731.0,1.0,15.553909363370815,-0.10993686505571532,15.664085452861748,-0.00023922443521590114,4.784488704318023e-06,-0.0004403694474603981,True
540,54,1080.0,0.001587370436936908,0.0,-0.001587370436936908,0.001587370436936908,2.0,731.0,1.0,15.576229216104409,-0.08791839268269541,15.663363102116918,0.0007845066701865704,-1.5690133403731408e-05,-0.0001709974167170003,True
541,55,1082.0,0.0016668876096446184,0.0,-0.0016668876096446184,0.0016668876096446184,2.0,734.0,1.0,15.58444347321072,-0.0793685218468454,15.662713663671562,0.00109833138600286,-2.19666277200572e-05,7.951717270771042e-05,True
542,55,1084.0,0.0013065262219242868,0.0,-0.0013065262219242868,0.0013065262219242868,2.0,734.0,1.0,15.579500140248333,-0.08334438048223092,15.66203169248665,0.0008128282439163474,-1.625656487832695e-05,-0.00036036138772033155,True
543,55,1086.0,0.0013259172110338113,0.0,-0.0013259172110338113,0.0013259172110338113,2.0,734.0,1.0,15.597725199288643,-0.06532631109621434,15.66149715540655,0.0015543549783062155,-3.108709956612431e-05,1.9390989109524526e-05,True
544,55,1088.0,0.0014499069066005177,0.0,-0.0014499069066005177,0.0014499069066005177,2.0,734.0,1.0,15.596020836574464,-0.06629586055169057,15.66095468492063,0.001362012205524821,-2.724024411049642e-05,0.00012398969556670636,True
545,55,1090.0,0.0010685609586289502,0.0,-0.0010685609586289502,0.0010685609586289502,2.0,734.0,1.0,15.588816416884852,-0.07249534533002588,15.660361486719736,0.0009502754951392426,-1.9005509902784853e-05,-0.0003813459479715675,True
546,55,1092.0,0.0009892280277199461,0.0,-0.0009892280277199461,0.0009892280277199461,2.0,734.0,1.0,15.608222646886457,-0.05342804793144751,15.659924308004786,0.0017263868131198019,-3.452773626239604e-05,-7.933293090900406e-05,True
547,55,1094.0,0.0010449331484778668,0.0,-0.0010449331484778668,0.0010449331484778668,2.0,734.0,1.0,15.611800207946228,-0.049461401385997306,15.659519586650855,0.0017420226813701087,-3.4840453627402174e-05,5.570512075792067e-05,True
548,55,1096.0,0.0007099782405930455,0.0,-0.0007099782405930455,0.0007099782405930455,2.0,734.0,1.0,15.608294657648013,-0.05224665742389334,15.659092074745812,0.001449240326095304,-2.8984806521906083e-05,-0.0003349549078848213,True
549,55,1098.0,0.000670669832288695,0.0,-0.000670669832288695,0.000670669832288695,2.0,734.0,1.0,15.625375004268676,-0.035498912029652274,15.658801602431277,0.0020723138670506284,-4.144627734101257e-05,-3.930840830435045e-05,True
550,55,1100.0,0.0007872163905631169,0.0,-0.0007872163905631169,0.0007872163905631169,2.0,734.0,1.0,15.626957701247854,-0.03353349161443475,15.658527212305879,0.001963980556409277,-3.927961112818554e-05,0.00011654655827442184,True
551,56,1102.0,0.0005345009913071408,0.0,-0.0005345009913071408,0.0005345009913071408,2.0,734.0,1.0,15.620356059948051,-0.039360819528155844,15.658205139664878,0.0015117398113306969,-3.0234796226613937e-05,-0.0002527153992559761,True
552,56,1104.0,0.0005166726050447323,0.0,-0.0005166726050447323,0.0005166726050447323,2.0,734.0,1.0,15.633203340670152,-0.02672504956535704,15.657986460089651,0.0019419301458578702,-3.8838602917157406e-05,-1.7828386262408458e-05,True
553,56,1106.0,0.0006686727583655738,0.0,-0.0006686727583655738,0.0006686727583655738,2.0,734.0,1.0,15.633738656697094,-0.025833630252236617,15.657775074614916,0.0017972123344151983,-3.594424668830397e-05,0.0001520001533208415,True
554,56,1108.0,0.0005068507316536852,0.0,-0.0005068507316536852,0.0005068507316536852,2.0,734.0,1.0,15.625348161016156,-0.03343363791827869,15.657501501549326,0.0012802973851079296,-2.5605947702158594e-05,-0.0001618220267118886,True
555,56,1110.0,0.0005412918953879853,0.0,-0.0005412918953879853,0.0005412918953879853,2.0,734.0,1.0,15.633477572104567,-0.02534253658268426,15.657294134482697,0.0015259742045545446,-3.051948409109089e-05,3.444116373430006e-05,True
556,56,1112.0,0.0007435797424477641,0.0,-0.0007435797424477641,0.0007435797424477641,2.0,734.0,1.0,15.631310213044763,-0.027064594769399264,15.657072676555256,0.0013021312589056938,-2.6042625178113873e-05,0.00020228784705977887,True
557,56,1114.0,0.0006574816843567532,0.0,-0.0006574816843567532,0.0006574816843567532,2.0,734.0,1.0,15.62030761321368,-0.03717898712238821,15.656768456909559,0.0007181434265081534,-1.4362868530163068e-05,-8.60980580910109e-05,True
558,56,1116.0,0.0007181116388892406,0.0,-0.0007181116388892406,0.0007181116388892406,2.0,734.0,1.0,15.624470709754714,-0.03287408421783766,15.656499462431034,0.0008453315415184477,-1.6906630830368953e-05,6.062995453248732e-05,True
559,56,1118.0,0.0009431610096726217,0.0,-0.0009431610096726217,0.0009431610096726217,2.0,734.0,1.0,15.62092697108199,-0.03590558194446203,15.656205662511697,0.0006268905147575982,-1.2537810295151964e-05,0.00022504937078338116,True
560,56,1120.0,0.0009130168136834982,0.0,-0.0009130168136834982,0.0009130168136834982,2.0,734.0,1.0,15.608717317121046,-0.04715805048363109,15.655819788486575,5.557911810217384e-05,-1.1115823620434768e-06,-3.0144195989123546e-05,True
561,57,1122.0,0.0012611050578925642,0.0,-0.0012611050578925642,0.0012611050578925642,2.0,717.0,1.0,15.60990534191542,-0.04565084068417491,15.65543739068554,0.0001187919140543538,-2.375838281087076e-06,0.00034808824420906603,True
562,57,1124.0,0.001398550502017315,0.0,-0.001398550502017315,0.001398550502017315,2.0,717.0,1.0,15.591170244477073,-0.06305525289462821,15.65490920347829,-0.0006837061065894041,1.3674122131788083e-05,0.0001374454441247508,True
563,57,1126.0,0.0006126380567366141,0.0,-0.0006126380567366141,0.0006126380567366141,2.0,717.0,1.0,15.583465038875197,-0.06992752510086575,15.654323450150892,-0.0009308861748285526,1.8617723496571052e-05,-0.0007859124452807009,True
564,57,1128.0,0.0006688833445878117,0.0,-0.0006688833445878117,0.0006688833445878117,2.0,717.0,1.0,15.624379160470623,-0.030631902836830704,15.654066859645438,0.0009442036620138103,-1.8884073240276207e-05,5.6245287851197645e-05,True
565,57,1130.0,0.0009799980825846433,0.0,-0.0009799980825846433,0.0009799980825846433,2.0,717.0,1.0,15.621068841899282,-0.03344416722939059,15.653786711989587,0.0007262971390852947,-1.4525942781705895e-05,0.00031111473799683154,True
566,57,1132.0,0.00047410453316842904,0.0,-0.00047410453316842904,0.00047410453316842904,2.0,717.0,1.0,15.604326242593626,-0.048999904129232164,15.653376260499346,-5.01137764910407e-05,1.002275529820814e-06,-0.0005058935494162142,True
567,57,1134.0,0.0008655179035486071,0.0,-0.0008655179035486071,0.0008655179035486071,2.0,717.0,1.0,15.630576972447638,-0.023705226658421452,15.653177691833115,0.0011045072729449715,-2.209014545889943e-05,0.0003914133703801781,True
568,57,1136.0,0.0013382022070800303,0.0,-0.0013382022070800303,0.0013382022070800303,2.0,717.0,1.0,15.60964880183283,-0.04327589517743036,15.652815187946983,0.00010950906327490548,-2.1901812654981095e-06,0.0004726843035314232,True
569,57,1138.0,0.0008341824786839425,0.0,-0.0008341824786839425,0.0008341824786839425,2.0,717.0,1.0,15.584369303184356,-0.06691011035400152,15.652254710227803,-0.0009752966894448922,1.9505933788897843e-05,-0.0005040197283960879,True
570,57,1140.0,0.0009611524064894184,0.0,-0.0009611524064894184,0.0009611524064894184,2.0,717.0,1.0,15.610459524711537,-0.04170912393419712,15.651905330522304,0.00026331812343208634,-5.266362468641727e-06,0.0001269699278054759,True
571,58,1142.0,0.001375878643557371,0.0,-0.001375878643557371,0.001375878643557371,2.0,717.0,1.0,15.603394763392728,-0.04805762032447092,15.651502772145337,-5.038842813966511e-05,1.0077685627933023e-06,0.00041472623706795275,True
572,58,1144.0,0.0009457015903535648,0.0,-0.0009457015903535648,0.0009457015903535648,2.0,717.0,1.0,15.581144372980605,-0.06879393217786856,15.650926514446834,-0.0009882092883619319,1.9764185767238637e-05,-0.0004301770532038063,True
573,58,1146.0,0.001067444928594341,0.0,-0.001067444928594341,0.001067444928594341,2.0,717.0,1.0,15.603329148724876,-0.04728507951767824,15.650530427317738,8.380092481647997e-05,-1.6760184963295993e-06,0.00012174333824077621,True
574,58,1148.0,0.0014127056774668745,0.0,-0.0014127056774668745,0.0014127056774668745,2.0,717.0,1.0,15.596510202033192,-0.05337224642971705,15.650083350563731,-0.00020090210082321114,4.018042016464223e-06,0.00034526074887253344,True
575,58,1150.0,0.0009484496686127386,0.0,-0.0009484496686127386,0.0009484496686127386,2.0,717.0,1.0,15.577889906691617,-0.07063528387334372,15.649491668640165,-0.0009664780752042083,1.9329561504084166e-05,-0.00046425600885413587,True
576,58,1152.0,0.000926869915019779,0.0,-0.000926869915019779,0.000926869915019779,2.0,717.0,1.0,15.601852864053676,-0.04742248343063693,15.64909443053653,0.00018091694778226466,-3.618338955645293e-06,-2.1579753592959605e-05,True
577,58,1154.0,0.0012005082326140837,0.0,-0.0012005082326140837,0.0012005082326140837,2.0,717.0,1.0,15.602575442693023,-0.04634349575098895,15.648706230656733,0.00021270778727925063,-4.254155745585012e-06,0.0002736383175943047,True
578,58,1156.0,0.0007415831141770468,0.0,-0.0007415831141770468,0.0007415831141770468,2.0,717.0,1.0,15.587748479237662,-0.060025411630704184,15.648203423149381,-0.0004295322810155942,8.590645620311884e-06,-0.00045892511843703687,True
579,58,1158.0,0.0006603875381188118,0.0,-0.0006603875381188118,0.0006603875381188118,2.0,717.0,1.0,15.611468198231815,-0.03707915570885234,15.64789282673113,0.0006545272095383731,-1.3090544190767463e-05,-8.119557605823502e-05,True
580,58,1160.0,0.0008488024041071185,0.0,-0.0008488024041071185,0.0008488024041071185,2.0,717.0,1.0,15.61537350129773,-0.03301937690594059,15.647616237364332,0.0007766408393386754,-1.5532816786773507e-05,0.0001884148659883067,True
581,59,1162.0,0.00027574187060963595,0.0,-0.00027574187060963595,0.00027574187060963595,2.0,728.0,1.0,15.605100296871871,-0.042440120205355925,15.647266106022522,0.0002743110547037852,-5.486221094075703e-06,-0.0005730605334974825,True
582,59,1164.0,0.00021567987005255418,0.0,-0.00021567987005255418,0.00021567987005255418,2.0,728.0,1.0,15.634915917442374,-0.013787093530481798,15.647152362387178,0.001550648585677883,-3.101297171355766e-05,-6.0062000557081774e-05,True
583,59,1166.0,0.00107646494598157,0.0,-0.00107646494598157,0.00107646494598157,2.0,728.0,1.0,15.63781864817072,-0.010783993502627709,15.647063394351795,0.0015392473215513369,-3.078494643102674e-05,0.0008607850759290159,True
584,59,1168.0,0.0005835614838360925,0.0,-0.0005835614838360925,0.0005835614838360925,2.0,728.0,1.0,15.592232053723123,-0.0538232472990785,15.646619352117536,-0.0005640510953341745,1.128102190668349e-05,-0.0004929034621454775,True
585,59,1170.0,0.0003986352066931431,0.0,-0.0003986352066931431,0.0003986352066931431,2.0,728.0,1.0,15.61781062771311,-0.029178074191804626,15.646378632764751,0.0006100691401635008,-1.2201382803270016e-05,-0.0001849262771429494,True
586,59,1172.0,0.0010044837663372164,0.0,-0.0010044837663372164,0.0010044837663372164,2.0,728.0,1.0,15.627254627387769,-0.019931760334657156,15.646214195577551,0.000972192144873175,-1.94438428974635e-05,0.0006058485596440732,True
587,59,1174.0,0.00041445826082053827,0.0,-0.00041445826082053827,0.00041445826082053827,2.0,728.0,1.0,15.595078084966907,-0.05022418831686082,15.645799845609604,-0.0004975723258349835,9.95144651669967e-06,-0.0005900255055166781,True
588,59,1176.0,8.136227279464947e-05,0.0,-8.136227279464947e-05,8.136227279464947e-05,2.0,728.0,1.0,15.625796922681445,-0.020722913041026914,15.645628881406031,0.0008909543164397724,-1.7819086328795448e-05,-0.0003330959880258888,True
589,59,1178.0,0.0006768508001187001,0.0,-0.0006768508001187001,0.0006768508001187001,2.0,728.0,1.0,15.64309026316536,-0.0040681136397324735,15.64559531943494,0.0015630573701517177,-3.1261147403034356e-05,0.0005954885273240507,True
590,59,1180.0,0.00021642066440108465,0.0,-0.00021642066440108465,0.00021642066440108465,2.0,728.0,1.0,15.611534055964778,-0.03384254000593501,15.645316118200697,6.0477770016674e-05,-1.20955540033348e-06,-0.0004604301357176155,True
591,60,1182.0,-0.00019553971924324287,0.0,0.00019553971924324287,0.00019553971924324287,2.0,738.0,1.0,15.635508237213692,-0.010821033220054233,15.645228054256894,0.0011012161768531332,-2.2024323537062665e-05,-0.0004119603836443275,True
592,60,1184.0,0.0004176141346761142,0.0,-0.0004176141346761142,0.0004176141346761142,2.0,738.0,1.0,15.65696404871639,0.009776985962162144,15.645254550153814,0.001932512600414746,-3.865025200829492e-05,0.0006131538539193571,True
593,60,1186.0,0.00046427052529907087,0.0,-0.00046427052529907087,0.00046427052529907087,2.0,738.0,1.0,15.624558451132446,-0.02088070673380571,15.645084618378663,0.0003545394875873232,-7.090789751746464e-06,4.665639062295668e-05,True
594,60,1188.0,0.00020938700708938995,0.0,-0.00020938700708938995,0.00020938700708938995,2.0,738.0,1.0,15.621896850603099,-0.023213526264953543,15.644895701606105,0.0002146752619484314,-4.293505238968628e-06,-0.0002548835182096809,True
595,60,1190.0,0.0006855283800177858,0.0,-0.0006855283800177858,0.0006855283800177858,2.0,738.0,1.0,15.635114669238387,-0.010469350354469498,15.644810499734657,0.0007735198582005411,-1.5470397164010822e-05,0.00047614137292839587,True
596,60,1192.0,0.0006747147162968758,0.0,-0.0006747147162968758,0.0006747147162968758,2.0,738.0,1.0,15.60987264860549,-0.03427641900088929,15.644531550712443,-0.00038248310606213973,7.649662121242795e-06,-1.0813663720909972e-05,True
597,60,1194.0,0.0002647697147040162,0.0,-0.0002647697147040162,0.0002647697147040162,2.0,738.0,1.0,15.610199846122802,-0.03373573581484379,15.644257001888711,-0.00032141995106551685,6.428399021310337e-06,-0.0004099450015928596,True
598,60,1196.0,0.0005376406224968378,0.0,-0.0005376406224968378,0.0005376406224968378,2.0,738.0,1.0,15.631551778756927,-0.013238485735200811,15.644149264185675,0.0006410003064533012,-1.2820006129066023e-05,0.0002728709077928215,True
599,60,1198.0,0.000573285054997541,0.0,-0.000573285054997541,0.000573285054997541,2.0,738.0,1.0,15.6170081110494,-0.026882031124841888,15.643930492315222,-4.035014098198504e-05,8.070028196397008e-07,3.564443250070326e-05,True
600,60,1200.0,0.00027886130555998534,0.0,-0.00027886130555998534,0.00027886130555998534,2.0,738.0,1.0,15.614915446526181,-0.02866425274987705,15.643697216333969,-0.00011751705790928761,2.3503411581857524e-06,-0.00029442374943755567,True
