run_id,timestamp,kp,ki,kd,temp,temp_ref,temp_raw,temp_u,temp_u_p,temp_u_i,temp_u_d,sq_error,mae,start_temp
run_1779935538_c61b7463,1779936019.6127641,20.0,20.0,47.0,24.083168029785156,0.0,20.593564987182617,-100.0,-100.0,0.0,1.3158237934112549,579.9989823508658,24.083168029785156,24.083168029785156
run_1779935538_c61b7463,1779936021.3188283,20.0,20.0,47.0,24.038734436035156,0.0,20.543577194213867,-100.0,-100.0,0.0,1.6794657707214355,577.8607532862225,24.038734436035156,24.083168029785156
run_1779935538_c61b7463,1779936023.314954,20.0,20.0,47.0,23.994287490844727,0.0,20.493574142456055,-100.0,-100.0,-3.5991430282592773,2.0285873413085938,575.7258321933077,23.994287490844727,24.083168029785156
run_1779935538_c61b7463,1779936025.3188598,20.0,20.0,47.0,23.994287490844727,0.0,20.493574142456055,-100.0,-100.0,-15.596285820007324,1.8350813388824463,575.7258321933077,23.994287490844727,24.083168029785156
run_1779935538_c61b7463,1779936027.3241854,20.0,20.0,47.0,23.905399322509766,0.0,20.393573760986328,-100.0,-100.0,-27.5667667388916,2.6488969326019287,571.4681167686504,23.905399322509766,24.083168029785156
run_1779935538_c61b7463,1779936029.317392,20.0,20.0,47.0,23.816524505615234,0.0,20.293590545654297,-100.0,-100.0,-39.488380432128906,3.374620199203491,567.226839526571,23.816524505615234,24.083168029785156
run_1779935538_c61b7463,1779936031.322617,20.0,20.0,47.0,23.683202743530273,0.0,20.14360237121582,-100.0,-100.0,-51.34999084472656,4.521021842956543,560.8940921911599,23.683202743530273,24.083168029785156
run_1779935538_c61b7463,1779936033.319034,20.0,20.0,47.0,23.59433364868164,0.0,20.043624877929688,-100.0,-100.0,-63.1605224609375,5.068101406097412,556.6925803253107,23.59433364868164,24.083168029785156
run_1779935538_c61b7463,1779936035.3236835,20.0,20.0,47.0,23.46104621887207,0.0,19.8936767578125,-100.0,-100.0,-74.92434692382812,6.082303047180176,550.4206896840515,23.46104621887207,24.083168029785156
run_1779935538_c61b7463,1779936037.3185737,20.0,20.0,47.0,23.37218475341797,0.0,19.79370880126953,-100.0,-100.0,-86.62377166748047,6.480368137359619,546.2590201479034,23.37218475341797,24.083168029785156
run_1779935538_c61b7463,1779936039.3213153,20.0,20.0,47.0,23.23885154724121,0.0,19.643707275390625,-100.0,-100.0,-98.26318359375,7.330635070800781,540.0442212347152,23.23885154724121,24.083168029785156
run_1779935538_c61b7463,1779936041.3264885,20.0,20.0,47.0,23.14999771118164,0.0,19.543746948242188,-100.0,-100.0,-100.0,7.60953950881958,535.9223940277152,23.14999771118164,24.083168029785156
run_1779935538_c61b7463,1779936043.3184776,20.0,20.0,47.0,23.01673126220703,0.0,19.393823623657227,-100.0,-100.0,-100.0,8.351372718811035,529.7699179966585,23.01673126220703,24.083168029785156
run_1779935538_c61b7463,1779936045.314539,20.0,20.0,47.0,22.927886962890625,0.0,19.293872833251953,-100.0,-100.0,-100.0,8.552613258361816,525.6880005830899,22.927886962890625,24.083168029785156
run_1779935538_c61b7463,1779936047.3263962,20.0,20.0,47.0,22.794599533081055,0.0,19.143924713134766,-100.0,-100.0,-100.0,9.2047119140625,519.593767873539,22.794599533081055,24.083168029785156
run_1779935538_c61b7463,1779936049.3158133,20.0,20.0,47.0,22.750158309936523,0.0,19.09392738342285,-100.0,-100.0,-100.0,8.82582950592041,517.5697031271739,22.750158309936523,24.083168029785156
run_1779935538_c61b7463,1779936051.3242037,20.0,20.0,47.0,22.61692237854004,0.0,18.94403839111328,-100.0,-100.0,-100.0,9.451285362243652,511.5251778769052,22.61692237854004,24.083168029785156
run_1779935538_c61b7463,1779936053.3150377,20.0,20.0,47.0,22.528078079223633,0.0,18.844087600708008,-100.0,-100.0,-100.0,9.547605514526367,507.51430194359637,22.528078079223633,24.083168029785156
run_1779935538_c61b7463,1779936055.3232875,20.0,20.0,47.0,22.439247131347656,0.0,18.744152069091797,-100.0,-100.0,-100.0,9.625094413757324,503.519811821694,22.439247131347656,24.083168029785156
run_1779935538_c61b7463,1779936057.3153098,20.0,20.0,47.0,22.394840240478516,0.0,18.694194793701172,-100.0,-100.0,-100.0,9.205727577209473,501.5288693965558,22.394840240478516,24.083168029785156
run_1779935538_c61b7463,1779936059.3238301,20.0,20.0,47.0,22.261592864990234,0.0,18.54429054260254,-100.0,-100.0,-100.0,9.795056343078613,495.5785168865841,22.261592864990234,24.083168029785156
run_1779935538_c61b7463,1779936061.3199039,20.0,20.0,47.0,22.217159271240234,0.0,18.49430274963379,-100.0,-100.0,-100.0,9.359773635864258,493.6021660836559,22.217159271240234,24.083168029785156
run_1779935538_c61b7463,1779936063.3253775,20.0,20.0,47.0,22.12833595275879,0.0,18.394378662109375,-100.0,-100.0,-100.0,9.45506763458252,489.6632520381572,22.12833595275879,24.083168029785156
run_1779935538_c61b7463,1779936065.317281,20.0,20.0,47.0,22.03950309753418,0.0,18.29444122314453,-100.0,-100.0,-100.0,9.55090045928955,485.7396967862187,22.03950309753418,24.083168029785156
run_1779935538_c61b7463,1779936067.3235822,20.0,20.0,47.0,21.995086669921875,0.0,18.24447250366211,-100.0,-100.0,-100.0,9.148819923400879,483.78383761737496,21.995086669921875,24.083168029785156
run_1779935538_c61b7463,1779936069.3151994,20.0,20.0,47.0,21.950687408447266,0.0,18.194522857666016,-100.0,-100.0,-100.0,8.774796485900879,481.83267770336533,21.950687408447266,24.083168029785156
run_1779935538_c61b7463,1779936071.3193686,20.0,20.0,47.0,21.86184310913086,0.0,18.094573974609375,-100.0,-100.0,-100.0,8.936484336853027,477.94018412825244,21.86184310913086,24.083168029785156
run_1779935538_c61b7463,1779936073.3137395,20.0,20.0,47.0,21.817445755004883,0.0,18.044626235961914,-100.0,-100.0,-100.0,8.582695007324219,476.0009392725806,21.817445755004883,24.083168029785156
run_1779935538_c61b7463,1779936075.3166094,20.0,20.0,47.0,21.7286376953125,0.0,17.944717407226562,-100.0,-100.0,-100.0,8.762284278869629,472.1336960941553,21.7286376953125,24.083168029785156
run_1779935538_c61b7463,1779936077.3238504,20.0,20.0,47.0,21.684242248535156,0.0,17.894771575927734,-100.0,-100.0,-100.0,8.425091743469238,470.206361893157,21.684242248535156,24.083168029785156
run_1779935538_c61b7463,1779936079.3137956,20.0,20.0,47.0,21.639829635620117,0.0,17.84480857849121,-100.0,-100.0,-100.0,8.100648880004883,468.2822266586627,21.639829635620117,24.083168029785156
run_1779935538_c61b7463,1779936081.3211503,20.0,20.0,47.0,21.59540557861328,0.0,17.794830322265625,-100.0,-100.0,-100.0,7.82689094543457,466.36154210480163,21.59540557861328,24.083168029785156
run_1779935538_c61b7463,1779936083.3151994,20.0,20.0,47.0,21.506603240966797,0.0,17.694929122924805,-100.0,-100.0,-100.0,8.078509330749512,462.53398296436353,21.506603240966797,24.083168029785156
run_1779935538_c61b7463,1779936085.3204658,20.0,20.0,47.0,21.46221160888672,0.0,17.644987106323242,-100.0,-100.0,-100.0,7.806499481201172,460.62652714463184,21.46221160888672,24.083168029785156
run_1779935538_c61b7463,1779936087.3154237,20.0,20.0,47.0,21.417802810668945,0.0,17.595027923583984,-100.0,-100.0,-100.0,7.581035614013672,458.7222772366986,21.417802810668945,24.083168029785156
run_1779935538_c61b7463,1779936089.3225784,20.0,20.0,47.0,21.373382568359375,0.0,17.545055389404297,-100.0,-100.0,-100.0,7.3567986488342285,456.8214824134484,21.373382568359375,24.083168029785156
run_1779935538_c61b7463,1779936091.3169725,20.0,20.0,47.0,21.329004287719727,0.0,17.49513053894043,-100.0,-100.0,-100.0,7.173874378204346,454.9264239055665,21.329004287719727,24.083168029785156
run_1779935538_c61b7463,1779936093.3232682,20.0,20.0,47.0,21.284587860107422,0.0,17.445159912109375,-100.0,-100.0,-100.0,6.988433837890625,453.03368037463224,21.284587860107422,24.083168029785156
run_1779935538_c61b7463,1779936095.3191273,20.0,20.0,47.0,21.240196228027344,0.0,17.395221710205078,-100.0,-100.0,-100.0,6.80080509185791,451.145935805107,21.240196228027344,24.083168029785156
run_1779935538_c61b7463,1779936097.3136492,20.0,20.0,47.0,21.195819854736328,0.0,17.345298767089844,-100.0,-100.0,-100.0,6.650501251220703,449.26277931443474,21.195819854736328,24.083168029785156
run_1779935538_c61b7463,1779936099.3198428,20.0,20.0,47.0,21.151405334472656,0.0,17.295330047607422,-100.0,-100.0,-100.0,6.535373687744141,447.38194762315834,21.151405334472656,24.083168029785156
run_1779935538_c61b7463,1779936101.3271644,20.0,20.0,47.0,21.151405334472656,0.0,17.295330047607422,-100.0,-100.0,-100.0,5.911969184875488,447.38194762315834,21.151405334472656,24.083168029785156
run_1779935538_c61b7463,1779936103.314559,20.0,20.0,47.0,21.06261444091797,0.0,17.19544219970703,-100.0,-100.0,-100.0,6.355807304382324,443.63372708676616,21.06261444091797,24.083168029785156
run_1779935538_c61b7463,1779936105.32556,20.0,20.0,47.0,21.06261444091797,0.0,17.19544219970703,-100.0,-100.0,-100.0,5.749529838562012,443.63372708676616,21.06261444091797,24.083168029785156
run_1779935538_c61b7463,1779936107.3154507,20.0,20.0,47.0,21.018199920654297,0.0,17.145475387573242,-100.0,-100.0,-100.0,5.690033435821533,441.7647279045923,21.018199920654297,24.083168029785156
run_1779935538_c61b7463,1779936109.3258398,20.0,20.0,47.0,20.973798751831055,0.0,17.095523834228516,-100.0,-100.0,-100.0,5.6459641456604,439.9002340823099,20.973798751831055,24.083168029785156
run_1779935538_c61b7463,1779936111.3144362,20.0,20.0,47.0,20.929414749145508,0.0,17.045591354370117,-100.0,-100.0,-100.0,5.626302719116211,438.0404017417495,20.929414749145508,24.083168029785156
run_1779935538_c61b7463,1779936113.3272414,20.0,20.0,47.0,20.885013580322266,0.0,16.995641708374023,-100.0,-100.0,-100.0,5.588313579559326,436.18379225024546,20.885013580322266,24.083168029785156
run_1779935538_c61b7463,1779936115.3165154,20.0,20.0,47.0,20.840633392333984,0.0,16.945711135864258,-100.0,-100.0,-100.0,5.574106693267822,434.3320001936663,20.840633392333984,24.083168029785156
run_1779935538_c61b7463,1779936117.323504,20.0,20.0,47.0,20.840633392333984,0.0,16.945711135864258,-100.0,-100.0,-100.0,5.04239559173584,434.3320001936663,20.840633392333984,24.083168029785156
run_1779935538_c61b7463,1779936119.3135507,20.0,20.0,47.0,20.796220779418945,0.0,16.895748138427734,-100.0,-100.0,-100.0,5.0806427001953125,432.4827987063363,20.796220779418945,24.083168029785156
run_1779935538_c61b7463,1779936121.3269467,20.0,20.0,47.0,20.751853942871094,0.0,16.845834732055664,-100.0,-100.0,-100.0,5.0943193435668945,430.63944206625456,20.751853942871094,24.083168029785156
run_1779935538_c61b7463,1779936123.3143063,20.0,20.0,47.0,20.751853942871094,0.0,16.845834732055664,-100.0,-100.0,-100.0,4.60837459564209,430.63944206625456,20.751853942871094,24.083168029785156
run_1779935538_c61b7463,1779936125.3223763,20.0,20.0,47.0,20.707443237304688,0.0,16.795873641967773,-100.0,-100.0,-100.0,4.677694320678711,428.79820542619564,20.707443237304688,24.083168029785156
run_1779935538_c61b7463,1779936127.3150775,20.0,20.0,47.0,20.707443237304688,0.0,16.795873641967773,-100.0,-100.0,-100.0,4.2314910888671875,428.79820542619564,20.707443237304688,24.083168029785156
run_1779935538_c61b7463,1779936129.3190825,20.0,20.0,47.0,20.663061141967773,0.0,16.745943069458008,-100.0,-100.0,-100.0,4.336432933807373,426.96209575669855,20.663061141967773,24.083168029785156
run_1779935538_c61b7463,1779936131.3264902,20.0,20.0,47.0,20.618696212768555,0.0,16.696033477783203,-100.0,-100.0,-100.0,4.4111857414245605,425.13063351443634,20.618696212768555,24.083168029785156
run_1779935538_c61b7463,1779936133.3267925,20.0,20.0,47.0,20.57428741455078,0.0,16.646072387695312,-100.0,-100.0,-100.0,4.499293327331543,423.30130261654267,20.57428741455078,24.083168029785156
run_1779935538_c61b7463,1779936135.316775,20.0,20.0,47.0,20.529909133911133,0.0,16.596147537231445,-100.0,-100.0,-100.0,4.588944911956787,421.47716904664776,20.529909133911133,24.083168029785156
run_1779935538_c61b7463,1779936137.322739,20.0,20.0,47.0,20.48548698425293,0.0,16.546173095703125,-100.0,-100.0,-100.0,4.660248756408691,419.6551769819962,20.48548698425293,24.083168029785156
run_1779935538_c61b7463,1779936139.3122845,20.0,20.0,47.0,20.441104888916016,0.0,16.496244430541992,-100.0,-100.0,-100.0,4.704300403594971,417.83876907966624,20.441104888916016,24.083168029785156
run_1779935538_c61b7463,1779936141.3209355,20.0,20.0,47.0,20.396717071533203,0.0,16.446306228637695,-100.0,-100.0,-100.0,4.76420783996582,416.026067296174,20.396717071533203,24.083168029785156
run_1779935538_c61b7463,1779936143.313646,20.0,20.0,47.0,20.307950973510742,0.0,16.346445083618164,-100.0,-100.0,-100.0,5.317253589630127,412.4128727425159,20.307950973510742,24.083168029785156
run_1779935538_c61b7463,1779936145.319392,20.0,20.0,47.0,20.26357650756836,0.0,16.296524047851562,-100.0,-100.0,-100.0,5.318536758422852,410.6125328780763,20.26357650756836,24.083168029785156
run_1779935538_c61b7463,1779936147.3272345,20.0,20.0,47.0,20.17481231689453,0.0,16.196664810180664,-100.0,-100.0,-100.0,5.818664073944092,407.0230520219193,20.17481231689453,24.083168029785156
run_1779935538_c61b7463,1779936149.3172903,20.0,20.0,47.0,20.130413055419922,0.0,16.146713256835938,-100.0,-100.0,-100.0,5.772401809692383,405.23352978182083,20.130413055419922,24.083168029785156
run_1779935538_c61b7463,1779936151.3227854,20.0,20.0,47.0,20.086040496826172,0.0,16.09679412841797,-100.0,-100.0,-100.0,5.710261821746826,403.44902284014097,20.086040496826172,24.083168029785156
run_1779935538_c61b7463,1779936153.3164918,20.0,20.0,47.0,19.99725341796875,0.0,15.996910095214844,-100.0,-99.98626708984375,-100.0,6.153293132781982,399.89014426246285,19.99725341796875,24.083168029785156
run_1779935538_c61b7463,1779936155.3278787,20.0,20.0,47.0,19.952898025512695,0.0,15.947010040283203,-100.0,-99.76448822021484,-100.0,6.054630756378174,398.1181396165084,19.952898025512695,24.083168029785156
run_1779935538_c61b7463,1779936157.3253417,20.0,20.0,47.0,19.819747924804688,0.0,15.797216415405273,-100.0,-99.09873962402344,-100.0,6.943490982055664,392.8224078027997,19.819747924804688,24.083168029785156
run_1779935538_c61b7463,1779936159.3166497,20.0,20.0,47.0,19.775381088256836,0.0,15.74730396270752,-100.0,-98.87690734863281,-100.0,6.76957893371582,391.0656971857861,19.775381088256836,24.083168029785156
run_1779935538_c61b7463,1779936161.3229122,20.0,20.0,47.0,19.64223861694336,0.0,15.597518920898438,-100.0,-98.21119689941406,-100.0,7.590165138244629,385.817537884941,19.64223861694336,24.083168029785156
run_1779935538_c61b7463,1779936163.319471,20.0,20.0,47.0,19.597858428955078,0.0,15.547592163085938,-100.0,-97.98928833007812,-100.0,7.354713439941406,384.0760550013656,19.597858428955078,24.083168029785156
run_1779935538_c61b7463,1779936165.3266191,20.0,20.0,47.0,19.46475601196289,0.0,15.397850036621094,-100.0,-97.32378387451172,-100.0,8.14871597290039,378.8767266052455,19.46475601196289,24.083168029785156
run_1779935538_c61b7463,1779936167.3218765,20.0,20.0,47.0,19.37600326538086,0.0,15.298004150390625,-100.0,-96.88002014160156,-100.0,8.348469734191895,375.4295025400497,19.37600326538086,24.083168029785156
run_1779935538_c61b7463,1779936169.3241963,20.0,20.0,47.0,19.24289321899414,0.0,15.148255348205566,-100.0,-96.21446990966797,-100.0,9.047758102416992,370.2889394376107,19.24289321899414,24.083168029785156
run_1779935538_c61b7463,1779936171.3173478,20.0,20.0,47.0,19.198535919189453,0.0,15.098352432250977,-100.0,-95.99267578125,-100.0,8.673017501831055,368.5837814404076,19.198535919189453,24.083168029785156
run_1779935538_c61b7463,1779936173.327997,20.0,20.0,47.0,19.02104949951172,0.0,14.898679733276367,-100.0,-95.1052474975586,-100.0,9.820170402526855,361.800324062875,19.02104949951172,24.083168029785156
run_1779935538_c61b7463,1779936175.3148692,20.0,20.0,47.0,19.02104949951172,0.0,14.898679733276367,-100.0,-95.1052474975586,-100.0,8.883430480957031,361.800324062875,19.02104949951172,24.083168029785156
run_1779935538_c61b7463,1779936177.3243406,20.0,20.0,47.0,18.799236297607422,0.0,14.649140357971191,-100.0,-93.99618530273438,-100.0,10.488815307617188,353.4112853732804,18.799236297607422,24.083168029785156
run_1779935538_c61b7463,1779936179.3172,20.0,20.0,47.0,18.710519790649414,0.0,14.549334526062012,-100.0,-93.55260467529297,-100.0,10.484724998474121,350.0835508362834,18.710519790649414,24.083168029785156
run_1779935538_c61b7463,1779936181.3229334,20.0,20.0,47.0,18.577425003051758,0.0,14.399602890014648,-100.0,-92.88713073730469,-100.0,10.980049133300781,345.1207197440126,18.577425003051758,24.083168029785156
run_1779935538_c61b7463,1779936183.3146186,20.0,20.0,47.0,18.48871612548828,0.0,14.2998046875,-100.0,-92.4435806274414,-100.0,10.929020881652832,341.8326239688904,18.48871612548828,24.083168029785156
run_1779935538_c61b7463,1779936185.3220987,20.0,20.0,47.0,18.31130027770996,0.0,14.100213050842285,-100.0,-91.55650329589844,-100.0,11.860201835632324,335.3037178604609,18.31130027770996,24.083168029785156
run_1779935538_c61b7463,1779936187.3268406,20.0,20.0,47.0,18.26692771911621,0.0,14.05029296875,-100.0,-91.33464050292969,-100.0,11.22724437713623,333.6806482954162,18.26692771911621,24.083168029785156
run_1779935538_c61b7463,1779936189.3212745,20.0,20.0,47.0,18.089496612548828,0.0,13.85068416595459,-100.0,-90.4474868774414,-100.0,12.13014030456543,327.2298876954155,18.089496612548828,24.083168029785156
run_1779935538_c61b7463,1779936191.3261237,20.0,20.0,47.0,18.000816345214844,0.0,13.750919342041016,-100.0,-90.00408172607422,-100.0,11.96907901763916,324.0293890941539,18.000816345214844,24.083168029785156
run_1779935538_c61b7463,1779936193.3194895,20.0,20.0,47.0,17.82343292236328,0.0,13.551361083984375,-100.0,-89.1171646118164,-100.0,12.800688743591309,317.6747611379833,17.82343292236328,24.083168029785156
run_1779935538_c61b7463,1779936195.325684,20.0,20.0,47.0,17.73471450805664,0.0,13.451554298400879,-100.0,-88.67357635498047,-100.0,12.576095581054688,314.5200986822747,17.73471450805664,24.083168029785156
run_1779935538_c61b7463,1779936197.317489,20.0,20.0,47.0,17.601665496826172,0.0,13.301875114440918,-100.0,-88.0083236694336,-100.0,12.841777801513672,309.8186282621609,17.601665496826172,24.083168029785156
run_1779935538_c61b7463,1779936199.3287585,20.0,20.0,47.0,17.468652725219727,0.0,13.15223503112793,-100.0,-87.34326171875,-100.0,13.110764503479004,305.1538280343266,17.468652725219727,24.083168029785156
run_1779935538_c61b7463,1779936201.3249524,20.0,20.0,47.0,17.29129981994629,0.0,12.952713012695312,-100.0,-86.45650482177734,-100.0,13.833130836486816,298.98904946327457,17.29129981994629,24.083168029785156
run_1779935538_c61b7463,1779936203.3199332,20.0,20.0,47.0,17.202613830566406,0.0,12.852941513061523,-100.0,-86.01306915283203,-100.0,13.509689331054688,295.9299226035946,17.202613830566406,24.083168029785156
run_1779935538_c61b7463,1779936205.3133485,20.0,20.0,47.0,17.025249481201172,0.0,12.653407096862793,-100.0,-85.12625122070312,-100.0,14.21472454071045,289.8591198971408,17.025249481201172,24.083168029785156
run_1779935538_c61b7463,1779936207.3232913,20.0,20.0,47.0,16.93658447265625,0.0,12.553658485412598,-100.0,-84.68292236328125,-100.0,13.854646682739258,286.8478935994208,16.93658447265625,24.083168029785156
run_1779935538_c61b7463,1779936209.3157477,20.0,20.0,47.0,16.759252548217773,0.0,12.354159355163574,-100.0,-83.7962646484375,-100.0,14.526389122009277,280.87254597494393,16.759252548217773,24.083168029785156
run_1779935538_c61b7463,1779936211.3200016,20.0,20.0,47.0,16.670597076416016,0.0,12.25442123413086,-100.0,-83.35298919677734,-100.0,14.136473655700684,277.9088068842102,16.670597076416016,24.083168029785156
run_1779935538_c61b7463,1779936213.327014,20.0,20.0,47.0,16.49327850341797,0.0,12.054938316345215,-100.0,-82.46639251708984,-100.0,14.78119945526123,272.02823579130927,16.49327850341797,24.083168029785156
run_1779935538_c61b7463,1779936215.3166564,20.0,20.0,47.0,16.40460205078125,0.0,11.955178260803223,-100.0,-82.02301025390625,-100.0,14.367215156555176,269.1109684444964,16.40460205078125,24.083168029785156
run_1779935538_c61b7463,1779936217.3165271,20.0,20.0,47.0,16.183002471923828,0.0,11.705877304077148,-100.0,-80.9150161743164,-100.0,15.467713356018066,261.88956900629273,16.183002471923828,24.083168029785156
run_1779935538_c61b7463,1779936219.3254614,20.0,20.0,47.0,16.094364166259766,0.0,11.606159210205078,-100.0,-80.47181701660156,-100.0,14.987812995910645,259.0285579161864,16.094364166259766,24.083168029785156
run_1779935538_c61b7463,1779936221.3208098,20.0,20.0,47.0,15.872759819030762,0.0,11.356854438781738,-100.0,-79.36380004882812,-100.0,16.069101333618164,251.94450427263746,15.872759819030762,24.083168029785156
run_1779935538_c61b7463,1779936223.3167405,20.0,20.0,47.0,15.784130096435547,0.0,11.257145881652832,-100.0,-78.920654296875,-100.0,15.53174114227295,249.13876290120243,15.784130096435547,24.083168029785156
run_1779935538_c61b7463,1779936225.324701,20.0,20.0,47.0,15.606865882873535,0.0,11.057723999023438,-100.0,-78.03433227539062,-100.0,16.042749404907227,243.57426268600193,15.606865882873535,24.083168029785156
run_1779935538_c61b7463,1779936227.3196156,20.0,20.0,47.0,15.473915100097656,0.0,10.908154487609863,-100.0,-77.36957550048828,-100.0,16.005701065063477,239.44204852503026,15.473915100097656,24.083168029785156
run_1779935538_c61b7463,1779936229.314751,20.0,20.0,47.0,15.296683311462402,0.0,10.708768844604492,-100.0,-76.48341369628906,-100.0,16.471139907836914,233.98852033117237,15.296683311462402,24.083168029785156
run_1779935538_c61b7463,1779936231.324097,20.0,20.0,47.0,15.208072662353516,0.0,10.609081268310547,-100.0,-76.04035949707031,-100.0,15.895215034484863,231.28547410342435,15.208072662353516,24.083168029785156
run_1779935538_c61b7463,1779936233.3275325,20.0,20.0,47.0,14.98652172088623,0.0,10.35983657836914,-100.0,-74.93260955810547,-100.0,16.878456115722656,224.59583329059478,14.98652172088623,24.083168029785156
run_1779935538_c61b7463,1779936235.323354,20.0,20.0,47.0,14.897917747497559,0.0,10.260157585144043,-100.0,-74.48958587646484,-100.0,16.263601303100586,221.94795321120273,14.897917747497559,24.083168029785156
run_1779935538_c61b7463,1779936237.319071,20.0,20.0,47.0,14.720722198486328,0.0,10.060812950134277,-100.0,-73.6036148071289,-100.0,16.723390579223633,216.69966204500815,14.720722198486328,24.083168029785156
run_1779935538_c61b7463,1779936239.3251054,20.0,20.0,47.0,14.587810516357422,0.0,9.911287307739258,-100.0,-72.93905639648438,-100.0,16.62097930908203,212.8042156611482,14.587810516357422,24.083168029785156
run_1779935538_c61b7463,1779936241.3155575,20.0,20.0,47.0,14.410621643066406,0.0,9.711949348449707,-100.0,-72.05310821533203,-100.0,17.04660987854004,207.66601613961393,14.410621643066406,24.083168029785156
run_1779935538_c61b7463,1779936243.3239853,20.0,20.0,47.0,14.322036743164062,0.0,9.61229133605957,-100.0,-71.61018371582031,-100.0,16.415502548217773,205.12073647254147,14.322036743164062,24.083168029785156
run_1779935538_c61b7463,1779936245.3176453,20.0,20.0,47.0,14.100564956665039,0.0,9.36313533782959,-100.0,-70.50282287597656,-100.0,17.348217010498047,198.82593209713013,14.100564956665039,24.083168029785156
run_1779935538_c61b7463,1779936247.327184,20.0,20.0,47.0,14.011991500854492,0.0,9.263489723205566,-100.0,-70.0599594116211,-100.0,16.688209533691406,196.33590582001852,14.011991500854492,24.083168029785156
run_1779935538_c61b7463,1779936249.3165903,20.0,20.0,47.0,13.790572166442871,0.0,9.01439380645752,-100.0,-68.95286560058594,-100.0,17.59430694580078,190.17988067786882,13.790572166442871,24.083168029785156
run_1779935538_c61b7463,1779936251.3254886,20.0,20.0,47.0,13.70199203491211,0.0,8.914740562438965,-100.0,-68.50996398925781,-100.0,16.910900115966797,187.7445857247949,13.70199203491211,24.083168029785156
run_1779935538_c61b7463,1779936253.3208542,20.0,20.0,47.0,13.524840354919434,0.0,8.715445518493652,-100.0,-67.62420654296875,-100.0,17.27821159362793,182.92130662605723,13.524840354919434,24.083168029785156
run_1779935538_c61b7463,1779936255.3280048,20.0,20.0,47.0,13.391983985900879,0.0,8.5659818649292,-100.0,-66.95992279052734,-100.0,17.12225341796875,179.3452350786256,13.391983985900879,24.083168029785156
run_1779935538_c61b7463,1779936257.3217695,20.0,20.0,47.0,13.21487808227539,0.0,8.366738319396973,-100.0,-66.07438659667969,-100.0,17.499122619628906,174.6330027294025,13.21487808227539,24.083168029785156
run_1779935538_c61b7463,1779936259.3271601,20.0,20.0,47.0,13.126331329345703,0.0,8.267122268676758,-100.0,-65.63166046142578,-100.0,16.844562530517578,172.30057416776253,13.126331329345703,24.083168029785156
run_1779935538_c61b7463,1779936261.3216796,20.0,20.0,47.0,12.904950141906738,0.0,8.01806926727295,-100.0,-64.52474975585938,-100.0,17.76552963256836,166.53773816509874,12.904950141906738,24.083168029785156
run_1779935538_c61b7463,1779936263.319965,20.0,20.0,47.0,12.816398620605469,0.0,7.918447971343994,-100.0,-64.08199310302734,-100.0,17.085609436035156,164.26007360225776,12.816398620605469,24.083168029785156
run_1779935538_c61b7463,1779936265.3152325,20.0,20.0,47.0,12.639328002929688,0.0,7.719244480133057,-100.0,-63.19664001464844,-100.0,17.465572357177734,159.75261236564256,12.639328002929688,24.083168029785156
run_1779935538_c61b7463,1779936267.3194542,20.0,20.0,47.0,12.506511688232422,0.0,7.569826126098633,-100.0,-62.532562255859375,-100.0,17.32150650024414,156.41283460789418,12.506511688232422,24.083168029785156
run_1779935538_c61b7463,1779936269.3244975,20.0,20.0,47.0,12.329448699951172,0.0,7.37062931060791,-100.0,-61.64724349975586,-100.0,17.678884506225586,152.01530524472764,12.329448699951172,24.083168029785156
run_1779935538_c61b7463,1779936271.3185194,20.0,20.0,47.0,12.240926742553711,0.0,7.271042346954346,-100.0,-61.20463562011719,-100.0,17.00688934326172,149.8402875165666,12.240926742553711,24.083168029785156
run_1779935538_c61b7463,1779936273.3169744,20.0,20.0,47.0,12.019611358642578,0.0,7.022063732147217,-100.0,-60.09805679321289,-100.0,17.941852569580078,144.47105721280968,12.019611358642578,24.083168029785156
run_1779935538_c61b7463,1779936275.326029,20.0,20.0,47.0,11.975364685058594,0.0,6.972285270690918,-100.0,-59.87682342529297,-100.0,16.737417221069336,143.4093593401485,11.975364685058594,24.083168029785156
run_1779935538_c61b7463,1779936277.3143938,20.0,20.0,47.0,11.754071235656738,0.0,6.723330497741699,-100.0,-58.77035903930664,-100.0,17.637405395507812,138.15819061289312,11.754071235656738,24.083168029785156
run_1779935538_c61b7463,1779936279.3158972,20.0,20.0,47.0,11.665567398071289,0.0,6.623763084411621,-100.0,-58.32783508300781,-100.0,16.969161987304688,136.08546271894375,11.665567398071289,24.083168029785156
run_1779935538_c61b7463,1779936281.3241935,20.0,20.0,47.0,11.488567352294922,0.0,6.424638748168945,-100.0,-57.44283676147461,-100.0,17.32921600341797,131.98717980821675,11.488567352294922,24.083168029785156
run_1779935538_c61b7463,1779936283.318131,20.0,20.0,47.0,11.355775833129883,0.0,6.275247097015381,-100.0,-56.77887725830078,-100.0,17.197874069213867,128.95364477229668,11.355775833129883,24.083168029785156
run_1779935538_c61b7463,1779936285.3270504,20.0,20.0,47.0,11.311535835266113,0.0,6.225478172302246,-100.0,-56.55767822265625,-100.0,16.04440689086914,127.95084295250945,11.311535835266113,24.083168029785156
run_1779935538_c61b7463,1779936287.3187711,20.0,20.0,47.0,11.046072959899902,0.0,5.92683219909668,-100.0,-55.23036575317383,-100.0,17.437532424926758,122.01572783543179,11.046072959899902,24.083168029785156
run_1779935538_c61b7463,1779936289.3157532,20.0,20.0,47.0,10.957576751708984,0.0,5.827274322509766,-100.0,-54.78788757324219,-100.0,16.748409271240234,120.06848826959322,10.957576751708984,24.083168029785156
run_1779935538_c61b7463,1779936291.328732,20.0,20.0,47.0,10.73636245727539,0.0,5.578406810760498,-100.0,-53.68181610107422,-100.0,17.626527786254883,115.26947881399246,10.73636245727539,24.083168029785156
run_1779935538_c61b7463,1779936293.323883,20.0,20.0,47.0,10.692117691040039,0.0,5.528631687164307,-100.0,-53.46059036254883,-100.0,16.43222427368164,114.32138071905138,10.692117691040039,24.083168029785156
run_1779935538_c61b7463,1779936295.3185737,20.0,20.0,47.0,10.470951080322266,0.0,5.279819488525391,-100.0,-52.354759216308594,-100.0,17.33997344970703,109.64081652650202,10.470951080322266,24.083168029785156
run_1779935538_c61b7463,1779936297.3156476,20.0,20.0,47.0,10.382472038269043,0.0,5.180280685424805,-100.0,-51.91236114501953,-100.0,16.65996551513672,107.79572562543854,10.382472038269043,24.083168029785156
run_1779935538_c61b7463,1779936299.3268728,20.0,20.0,47.0,10.161300659179688,0.0,4.931462287902832,-100.0,-50.80650329589844,-100.0,17.516450881958008,103.25203108624555,10.161300659179688,24.083168029785156
run_1779935538_c61b7463,1779936301.32128,20.0,20.0,47.0,10.072844505310059,0.0,4.8319501876831055,-100.0,-50.364227294921875,-100.0,16.819355010986328,101.46219642815504,10.072844505310059,24.083168029785156
run_1779935538_c61b7463,1779936303.3151581,20.0,20.0,47.0,9.895941734313965,0.0,4.6329345703125,-100.0,-49.47970962524414,-100.0,17.182931900024414,97.92966280893688,9.895941734313965,24.083168029785156
run_1779935538_c61b7463,1779936305.5135577,20.0,152.0,49.0,9.851696014404297,0.0,4.583157539367676,-100.0,-49.258480072021484,-100.0,16.713119506835938,97.05591436022951,9.851696014404297,24.083168029785156
run_1779935538_c61b7463,1779936307.3134687,20.0,152.0,49.0,9.586321830749512,0.0,4.28461217880249,-100.0,-47.931610107421875,-100.0,18.19671630859375,91.89756624270467,9.586321830749512,24.083168029785156
run_1779935538_c61b7463,1779936309.3236916,20.0,152.0,49.0,9.54212474822998,0.0,4.234890460968018,-100.0,-47.71062469482422,-100.0,16.96820068359375,91.05214471078307,9.54212474822998,24.083168029785156
run_1779935538_c61b7463,1779936311.3198078,20.0,152.0,49.0,9.276808738708496,0.0,3.9364099502563477,-100.0,-46.3840446472168,-100.0,18.426755905151367,86.05918037457832,9.276808738708496,24.083168029785156
run_1779935538_c61b7463,1779936313.328698,20.0,152.0,49.0,9.232601165771484,0.0,3.8866770267486572,-100.0,-46.16300582885742,-100.0,17.18669319152832,85.24092428620497,9.232601165771484,24.083168029785156
run_1779935538_c61b7463,1779936315.3217483,20.0,152.0,49.0,9.055721282958984,0.0,3.68768572807312,-100.0,-45.27860641479492,-100.0,17.567882537841797,82.00608795463631,9.055721282958984,24.083168029785156
run_1779935538_c61b7463,1779936317.3136795,20.0,152.0,49.0,8.96729850769043,0.0,3.588210344314575,-100.0,-44.83649444580078,-100.0,16.927490234375,80.41244252602701,8.96729850769043,24.083168029785156
run_1779935538_c61b7463,1779936319.3208146,20.0,152.0,49.0,8.74625015258789,0.0,3.339531183242798,-100.0,-43.73125076293945,-100.0,17.830263137817383,76.4968917316437,8.74625015258789,24.083168029785156
run_1779935538_c61b7463,1779936321.3169577,20.0,152.0,49.0,8.657808303833008,0.0,3.2400341033935547,-100.0,-43.289039611816406,-100.0,17.16506576538086,74.95764462591978,8.657808303833008,24.083168029785156
run_1779935538_c61b7463,1779936323.3259215,20.0,152.0,49.0,8.48099136352539,0.0,3.0411148071289062,-100.0,-42.40495681762695,-100.0,17.578433990478516,71.92721450819226,8.48099136352539,24.083168029785156
run_1779935538_c61b7463,1779936325.3178785,20.0,152.0,49.0,8.392584800720215,0.0,2.9416580200195312,-100.0,-41.96292495727539,-100.0,16.936845779418945,70.43547963727997,8.392584800720215,24.083168029785156
run_1779935538_c61b7463,1779936327.3288014,20.0,152.0,49.0,8.171565055847168,0.0,2.693010091781616,-100.0,-40.857826232910156,-100.0,17.86922836303711,66.77447546194253,8.171565055847168,24.083168029785156
run_1779935538_c61b7463,1779936329.3218665,20.0,152.0,49.0,8.127345085144043,0.0,2.6432628631591797,-100.0,-40.63672637939453,-100.0,16.682493209838867,66.05373813301503,8.127345085144043,24.083168029785156
run_1779935538_c61b7463,1779936331.3149126,20.0,152.0,49.0,7.906372547149658,0.0,2.3946690559387207,-100.0,-39.531864166259766,-100.0,17.66944122314453,62.510726854321774,7.906372547149658,24.083168029785156
run_1779935538_c61b7463,1779936333.3245757,20.0,152.0,49.0,7.817986488342285,0.0,2.2952349185943604,-100.0,-39.08993148803711,-100.0,17.018930435180664,61.120912731902536,7.817986488342285,24.083168029785156
run_1779935538_c61b7463,1779936335.317527,20.0,152.0,49.0,7.685389041900635,0.0,2.1460623741149902,-100.0,-38.426944732666016,-100.0,16.917951583862305,59.06520472536636,7.685389041900635,24.083168029785156
run_1779935538_c61b7463,1779936337.3294263,20.0,152.0,49.0,7.552798271179199,0.0,1.9968980550765991,-100.0,-37.76399230957031,-100.0,16.856746673583984,57.0447617251275,7.552798271179199,24.083168029785156
run_1779935538_c61b7463,1779936339.3237457,20.0,152.0,49.0,7.420241355895996,0.0,1.8477717638015747,-100.0,-37.1012077331543,-100.0,16.78150177001953,55.05998177974925,7.420241355895996,24.083168029785156
run_1779935538_c61b7463,1779936341.3136888,20.0,152.0,49.0,7.287662506103516,0.0,1.6986202001571655,-100.0,-36.43831253051758,-100.0,16.733173370361328,53.110024802866974,7.287662506103516,24.083168029785156
run_1779935538_c61b7463,1779936343.3202186,20.0,152.0,49.0,7.110928535461426,0.0,1.4997944831848145,-100.0,-35.55464553833008,-100.0,17.20815658569336,50.56530463643958,7.110928535461426,24.083168029785156
run_1779935538_c61b7463,1779936345.3159359,20.0,152.0,49.0,7.022551536560059,0.0,1.4003708362579346,-100.0,-35.11275863647461,-100.0,16.601543426513672,49.31623008364204,7.022551536560059,24.083168029785156
run_1779935538_c61b7463,1779936347.3254714,20.0,152.0,49.0,6.89003324508667,0.0,1.251287579536438,-100.0,-34.45016860961914,-100.0,16.550159454345703,47.47255811839955,6.89003324508667,24.083168029785156
run_1779935538_c61b7463,1779936349.3285332,20.0,152.0,49.0,6.757449150085449,0.0,1.1021301746368408,-100.0,-33.78724670410156,-100.0,16.523963928222656,45.66311901599056,6.757449150085449,24.083168029785156
run_1779935538_c61b7463,1779936351.3156576,20.0,152.0,49.0,6.624929904937744,0.0,0.9530463218688965,-100.0,-33.12464904785156,-100.0,16.479999542236328,43.88969624533843,6.624929904937744,24.083168029785156
run_1779935538_c61b7463,1779936353.3258164,20.0,152.0,49.0,6.448222637176514,0.0,0.7542498707771301,-100.0,-32.24111557006836,-100.0,16.977157592773438,41.57957517859563,6.448222637176514,24.083168029785156
run_1779935538_c61b7463,1779936355.3184326,20.0,152.0,49.0,6.271509647369385,0.0,0.5554481148719788,-100.0,-31.357547760009766,-100.0,17.42860984802246,39.331833257047265,6.271509647369385,24.083168029785156
run_1779935538_c61b7463,1779936357.3218348,20.0,152.0,49.0,6.18317174911499,0.0,0.45606836676597595,-100.0,-30.91585922241211,-100.0,16.800508499145508,38.23161287905373,6.18317174911499,24.083168029785156
run_1779935538_c61b7463,1779936359.3144746,20.0,152.0,49.0,6.050678253173828,0.0,0.30701321363449097,-100.0,-30.253393173217773,-100.0,16.72986602783203,36.61070732343069,6.050678253173828,24.083168029785156
run_1779935538_c61b7463,1779936361.3237767,20.0,152.0,49.0,5.918161392211914,0.0,0.15793158113956451,-100.0,-29.59080696105957,-100.0,16.68573760986328,35.02463426426766,5.918161392211914,24.083168029785156
run_1779935538_c61b7463,1779936363.3164713,20.0,152.0,49.0,5.697328090667725,0.0,-0.09050619602203369,-100.0,-28.486642837524414,-100.0,17.702800750732422,32.45954737271154,5.697328090667725,24.083168029785156
run_1779935538_c61b7463,1779936365.3259752,20.0,152.0,49.0,5.653160095214844,0.0,-0.14019477367401123,-100.0,-28.26580047607422,-100.0,16.531330108642578,31.9582190621295,5.653160095214844,24.083168029785156
run_1779935538_c61b7463,1779936367.3171067,20.0,152.0,49.0,5.432346343994141,0.0,-0.3886098265647888,-100.0,-27.161731719970703,-100.0,17.583017349243164,29.510386801106506,5.432346343994141,24.083168029785156
run_1779935538_c61b7463,1779936369.3238702,20.0,152.0,49.0,5.3440351486206055,0.0,-0.4879609942436218,-100.0,-26.72017478942871,-100.0,16.939870834350586,28.558711669692457,5.3440351486206055,24.083168029785156
run_1779935538_c61b7463,1779936371.3283052,20.0,152.0,49.0,5.211578845977783,0.0,-0.6369737386703491,-100.0,-26.05789566040039,-100.0,16.875638961791992,27.160554067843123,5.211578845977783,24.083168029785156
run_1779935538_c61b7463,1779936373.319089,20.0,152.0,49.0,5.1674323081970215,0.0,-0.6866382360458374,-100.0,-25.837162017822266,-100.0,15.782817840576172,26.702356659798397,5.1674323081970215,24.083168029785156
run_1779935538_c61b7463,1779936375.3261144,20.0,152.0,49.0,4.94664192199707,0.0,-0.9350281953811646,-100.0,-24.73320960998535,-100.0,16.905611038208008,24.46926630445887,4.94664192199707,24.083168029785156
run_1779935538_c61b7463,1779936377.3171504,20.0,152.0,49.0,4.858329772949219,0.0,-1.0343787670135498,-100.0,-24.291648864746094,-100.0,16.32709503173828,23.603368182724807,4.858329772949219,24.083168029785156
run_1779935538_c61b7463,1779936379.3270772,20.0,152.0,49.0,4.637606143951416,0.0,-1.2826933860778809,-100.0,-23.188030242919922,-100.0,17.428598403930664,21.507390746415922,4.637606143951416,24.083168029785156
run_1779935538_c61b7463,1779936381.3244708,20.0,152.0,49.0,4.637606143951416,0.0,-1.2826933860778809,-100.0,-23.188030242919922,-100.0,15.766094207763672,21.507390746415922,4.637606143951416,24.083168029785156
run_1779935538_c61b7463,1779936383.3186116,20.0,152.0,49.0,4.372720718383789,0.0,-1.580689549446106,-100.0,-21.863603591918945,-100.0,17.427942276000977,19.12068648098284,4.372720718383789,24.083168029785156
run_1779935538_c61b7463,1779936385.3220985,20.0,152.0,49.0,4.284426689147949,0.0,-1.6800205707550049,-100.0,-21.422134399414062,-100.0,16.799392700195312,18.356312054683258,4.284426689147949,24.083168029785156
run_1779935538_c61b7463,1779936387.3274486,20.0,152.0,49.0,4.152003765106201,0.0,-1.828996181488037,-100.0,-20.760019302368164,-100.0,16.810976028442383,17.23913526545607,4.152003765106201,24.083168029785156
run_1779935538_c61b7463,1779936389.32032,20.0,152.0,49.0,4.063732147216797,0.0,-1.9283020496368408,-100.0,-20.318660736083984,-100.0,16.241012573242188,16.51391896432324,4.063732147216797,24.083168029785156
run_1779935538_c61b7463,1779936391.3271387,20.0,152.0,49.0,3.931304693222046,0.0,-2.077282190322876,-100.0,-19.656524658203125,-100.0,16.243085861206055,15.455156590949684,3.931304693222046,24.083168029785156
run_1779935538_c61b7463,1779936393.31957,20.0,152.0,49.0,3.79891300201416,0.0,-2.2262229919433594,-100.0,-18.994565963745117,-100.0,16.27532386779785,14.431739996872238,3.79891300201416,24.083168029785156
run_1779935538_c61b7463,1779936395.3145888,20.0,152.0,49.0,3.622361421585083,0.0,-2.4248435497283936,-100.0,-18.111806869506836,-100.0,16.81195831298828,13.121502268587903,3.622361421585083,24.083168029785156
run_1779935538_c61b7463,1779936397.3232098,20.0,152.0,49.0,3.5782253742218018,0.0,-2.474496603012085,-100.0,-17.89112663269043,-100.0,15.735560417175293,12.803696828724753,3.5782253742218018,24.083168029785156
run_1779935538_c61b7463,1779936399.3238864,20.0,152.0,49.0,3.401700973510742,0.0,-2.673086166381836,-100.0,-17.00850486755371,-100.0,16.32337760925293,11.571569513183931,3.401700973510742,24.083168029785156
run_1779935538_c61b7463,1779936401.316699,20.0,152.0,49.0,3.2693350315093994,0.0,-2.821998357772827,-99.9990234375,-16.346675872802734,-100.0,16.3476505279541,10.688551548254566,3.2693350315093994,24.083168029785156
run_1779935538_c61b7463,1779936403.3242466,20.0,152.0,49.0,3.136943817138672,0.0,-2.970938205718994,-99.28278350830078,-15.68471908569336,-100.0,16.401939392089844,9.840416511884541,3.136943817138672,24.083168029785156
run_1779935538_c61b7463,1779936405.3181698,20.0,152.0,49.0,3.136943817138672,0.0,-2.970938205718994,-100.0,-15.68471908569336,-100.0,14.83736801147461,9.840416511884541,3.136943817138672,24.083168029785156
run_1779935538_c61b7463,1779936407.3245795,20.0,152.0,49.0,2.960460662841797,0.0,-3.1694817543029785,-99.3233413696289,-14.8023042678833,-100.0,15.478958129882812,8.764327336233691,2.960460662841797,24.083168029785156
run_1779935538_c61b7463,1779936409.3298883,20.0,152.0,49.0,2.8722095489501953,0.0,-3.2687644958496094,-99.3042984008789,-14.361047744750977,-100.0,15.056745529174805,8.249587693080684,2.8722095489501953,24.083168029785156
run_1779935538_c61b7463,1779936411.3256948,20.0,152.0,49.0,2.6957290172576904,0.0,-3.4673049449920654,-97.76988983154297,-13.478645324707031,-100.0,15.708761215209961,7.266954934485113,2.6957290172576904,24.083168029785156
run_1779935538_c61b7463,1779936413.3199558,20.0,152.0,49.0,2.5633790493011475,0.0,-3.616198778152466,-97.02542114257812,-12.816895484924316,-100.0,15.79146957397461,6.570912150396055,2.5633790493011475,24.083168029785156
run_1779935538_c61b7463,1779936415.324676,20.0,152.0,49.0,2.431035280227661,0.0,-3.765084981918335,-96.31971740722656,-12.155177116394043,-100.0,15.835457801818848,5.909932533711583,2.431035280227661,24.083168029785156
run_1779935538_c61b7463,1779936417.3162909,20.0,152.0,49.0,2.386930227279663,0.0,-3.8147032260894775,-97.08280944824219,-11.934651374816895,-100.0,14.851837158203125,5.697435909901344,2.386930227279663,24.083168029785156
run_1779935538_c61b7463,1779936419.3223438,20.0,152.0,49.0,2.2986812591552734,0.0,-3.9139833450317383,-97.04542541503906,-11.493406295776367,-100.0,14.447979927062988,5.283935531191673,2.2986812591552734,24.083168029785156
run_1779935538_c61b7463,1779936421.3193357,20.0,152.0,49.0,2.122250556945801,0.0,-4.1124677658081055,-95.52596282958984,-10.611252784729004,-100.0,15.085284233093262,4.503947426456762,2.122250556945801,24.083168029785156
run_1779935538_c61b7463,1779936423.3218863,20.0,152.0,49.0,2.0340394973754883,0.0,-4.211705684661865,-95.511474609375,-10.170197486877441,-100.0,14.658723831176758,4.137316676883529,2.0340394973754883,24.083168029785156
run_1779935538_c61b7463,1779936425.329045,20.0,152.0,49.0,1.901719093322754,0.0,-4.360566139221191,-94.6981201171875,-9.50859546661377,-100.0,14.81047534942627,3.616535509908317,1.901719093322754,24.083168029785156
run_1779935538_c61b7463,1779936427.530313,1.0,253.0,5.0,1.7693910598754883,0.0,-4.509435176849365,-100.0,-100.0,-100.0,30.44176483154297,3.1307447227673038,1.7693910598754883,24.083168029785156
run_1779935538_c61b7463,1779936429.3177,1.0,253.0,5.0,1.6811747550964355,0.0,-4.608678340911865,-100.0,-100.0,-100.0,29.62598419189453,2.82634855717356,1.6811747550964355,24.083168029785156
run_1779935538_c61b7463,1779936431.3262112,1.0,253.0,5.0,1.5488848686218262,0.0,-4.757504463195801,-100.0,-100.0,-100.0,29.898584365844727,2.3990443362456517,1.5488848686218262,24.083168029785156
run_1779935538_c61b7463,1779936433.319204,1.0,253.0,5.0,1.4165730476379395,0.0,-4.906355381011963,-100.0,-100.0,-100.0,30.146968841552734,2.00667919929424,1.4165730476379395,24.083168029785156
run_1779935538_c61b7463,1779936435.3273098,1.0,253.0,5.0,1.2842812538146973,0.0,-5.055183410644531,-100.0,-100.0,-100.0,30.369918823242188,1.6493783388998509,1.2842812538146973,24.083168029785156
run_1779935538_c61b7463,1779936437.3153076,1.0,253.0,5.0,1.1960945129394531,0.0,-5.154393672943115,-100.0,-100.0,-100.0,29.623048782348633,1.4306420838838676,1.1960945129394531,24.083168029785156
run_1779935538_c61b7463,1779936439.3214931,1.0,253.0,5.0,1.1078968048095703,0.0,-5.2536163330078125,-100.0,-100.0,-100.0,28.86316680908203,1.2274353301072551,1.1078968048095703,24.083168029785156
run_1779935538_c61b7463,1779936441.3291218,1.0,253.0,5.0,0.9756040573120117,0.0,-5.4024457931518555,-100.0,-97.56040954589844,-100.0,29.272615432739258,0.951803276643659,0.9756040573120117,24.083168029785156
run_1779935538_c61b7463,1779936443.3267846,1.0,253.0,5.0,0.8874416351318359,0.0,-5.501628398895264,-100.0,-88.7441635131836,-100.0,28.545337677001953,0.7875526557654666,0.8874416351318359,24.083168029785156
run_1779935538_c61b7463,1779936445.316091,1.0,253.0,5.0,0.6670031547546387,0.0,-5.749621391296387,-100.0,-66.7003173828125,-100.0,31.008708953857422,0.44489320845264047,0.6670031547546387,24.083168029785156
run_1779935538_c61b7463,1779936447.3195527,1.0,253.0,5.0,0.6670031547546387,0.0,-5.749621391296387,-100.0,-66.7003173828125,-100.0,28.050804138183594,0.44489320845264047,0.6670031547546387,24.083168029785156
run_1779935538_c61b7463,1779936449.328184,1.0,253.0,5.0,0.49062681198120117,0.0,-5.948044776916504,-100.0,-49.06268310546875,-100.0,29.487058639526367,0.24071466863483693,0.49062681198120117,24.083168029785156
run_1779935538_c61b7463,1779936451.317809,1.0,253.0,5.0,0.44655275344848633,0.0,-5.997628211975098,-100.0,-44.6552734375,-100.0,27.72754669189453,0.19940936161242462,0.44655275344848633,24.083168029785156
run_1779935538_c61b7463,1779936453.3276088,1.0,253.0,5.0,0.2702336311340332,0.0,-6.195987224578857,-97.76734161376953,-27.02336311340332,-100.0,29.25602149963379,0.07302621539588472,0.2702336311340332,24.083168029785156
run_1779935538_c61b7463,1779936455.3204114,1.0,253.0,5.0,0.22616147994995117,0.0,-6.24556827545166,-95.09764099121094,-22.616147994995117,-100.0,27.518510818481445,0.051149015013152166,0.22616147994995117,24.083168029785156
run_1779935538_c61b7463,1779936457.32696,1.0,253.0,5.0,0.04982709884643555,0.0,-6.443944454193115,-75.97814178466797,-4.982709884643555,-100.0,29.004568099975586,0.0024827397794524586,0.04982709884643555,24.083168029785156
run_1779935538_c61b7463,1779936459.3178027,1.0,253.0,5.0,-0.038336753845214844,0.0,-6.543128967285156,-67.77613067626953,3.8336753845214844,-99.95452117919922,28.344711303710938,0.001469706695388595,0.038336753845214844,24.083168029785156
run_1779935538_c61b7463,1779936461.3249018,1.0,253.0,5.0,-0.21464109420776367,0.0,-6.741471290588379,-48.334320068359375,21.464109420776367,-99.6124038696289,29.813974380493164,0.04607079932270608,0.21464109420776367,24.083168029785156
run_1779935538_c61b7463,1779936463.3143578,1.0,253.0,5.0,-0.3027677536010742,0.0,-6.84061336517334,-39.64550018310547,30.276775360107422,-98.99829864501953,29.076021194458008,0.09166831262064079,0.3027677536010742,24.083168029785156
run_1779935538_c61b7463,1779936465.3159468,1.0,253.0,5.0,-0.47905588150024414,0.0,-7.038938045501709,-19.647705078125,47.90558624267578,-98.0284194946289,30.475128173828125,0.22949453759997596,0.47905588150024414,24.083168029785156
run_1779935538_c61b7463,1779936467.3212404,1.0,253.0,5.0,-0.567204475402832,0.0,-7.1381049156188965,-10.3914794921875,56.7204475402832,-96.78656005859375,29.674631118774414,0.3217209169170019,0.567204475402832,24.083168029785156
run_1779935538_c61b7463,1779936469.3260791,1.0,253.0,5.0,-0.6553487777709961,0.0,-7.23726749420166,-0.8492916822433472,65.53488159179688,-95.31449127197266,28.930320739746094,0.4294820205259384,0.6553487777709961,24.083168029785156
run_1779935538_c61b7463,1779936471.3179,1.0,253.0,5.0,-0.7434768676757812,0.0,-7.336411476135254,8.970231056213379,74.34768676757812,-93.65414428710938,28.276687622070312,0.5527578527689911,0.7434768676757812,24.083168029785156
run_1779935538_c61b7463,1779936473.3236427,1.0,253.0,5.0,-0.8756842613220215,0.0,-7.485145092010498,24.577865600585938,87.56842803955078,-91.77413177490234,28.7835693359375,0.7668229255270944,0.8756842613220215,24.083168029785156
run_1779935538_c61b7463,1779936475.3151326,1.0,253.0,5.0,-0.9637908935546875,0.0,-7.584264755249023,34.931766510009766,96.37908935546875,-89.59075164794922,28.143428802490234,0.928892886498943,0.9637908935546875,24.083168029785156
run_1779935538_c61b7463,1779936477.3196635,1.0,253.0,5.0,-1.09598970413208,0.0,-7.732988357543945,51.07401657104492,100.0,-87.18775177001953,28.662803649902344,1.2011934315635244,1.09598970413208,24.083168029785156
run_1779935538_c61b7463,1779936479.3278008,1.0,253.0,5.0,-1.1400408744812012,0.0,-7.782545566558838,56.451778411865234,100.0,-84.53367614746094,26.98137092590332,1.2996931954878619,1.1400408744812012,24.083168029785156
run_1779935538_c61b7463,1779936481.3155391,1.0,253.0,5.0,-1.1841039657592773,0.0,-7.832117080688477,59.76321029663086,100.0,-83.98194122314453,25.33475685119629,1.4021022017268479,1.1841039657592773,24.083168029785156
run_1779935538_c61b7463,1779936483.3279788,1.0,253.0,5.0,-1.22816801071167,0.0,-7.881689071655273,64.21143341064453,100.0,-82.57646179199219,23.971097946166992,1.5083966625354606,1.22816801071167,24.083168029785156
run_1779935538_c61b7463,1779936485.3160052,1.0,253.0,5.0,-1.1841039657592773,0.0,-7.832117080688477,56.70344924926758,100.0,-82.29537200927734,20.588420867919922,1.4021022017268479,1.1841039657592773,24.083168029785156
run_1779935538_c61b7463,1779936487.3224242,1.0,253.0,5.0,-1.1400408744812012,0.0,-7.782545566558838,52.03892135620117,100.0,-79.53668975830078,17.571521759033203,1.2996931954878619,1.1400408744812012,24.083168029785156
run_1779935538_c61b7463,1779936489.3271668,1.0,253.0,5.0,-1.0078577995300293,0.0,-7.633840084075928,36.53216552734375,100.0,-76.94540405273438,12.691781997680664,1.0157773440735127,1.0078577995300293,24.083168029785156
run_1779935538_c61b7463,1779936491.3168685,1.0,253.0,5.0,-1.0078577995300293,0.0,-7.633840084075928,37.714027404785156,100.0,-74.55287170410156,11.481120109558105,1.0157773440735127,1.0078577995300293,24.083168029785156
run_1779935538_c61b7463,1779936493.3260398,1.0,253.0,5.0,-0.7875461578369141,0.0,-7.385989189147949,11.450054168701172,78.7546157836914,-72.4636459350586,5.159082412719727,0.6202289507236856,0.7875461578369141,24.083168029785156
run_1779935538_c61b7463,1779936495.3147156,1.0,253.0,5.0,-0.6553487777709961,0.0,-7.23726749420166,-3.7082746028900146,65.53488159179688,-70.75096130371094,1.5078113079071045,0.4294820205259384,0.6553487777709961,24.083168029785156
run_1779935538_c61b7463,1779936497.318036,1.0,253.0,5.0,-0.5231304168701172,0.0,-7.088521957397461,-18.83694076538086,52.31304168701172,-69.39401245117188,-1.7559666633605957,0.2736654330547026,0.5231304168701172,24.083168029785156
run_1779935538_c61b7463,1779936499.3258302,1.0,253.0,5.0,-0.39092063903808594,0.0,-6.939785957336426,-33.964881896972656,39.092063903808594,-68.30903625488281,-4.747912406921387,0.15281894602594548,0.39092063903808594,24.083168029785156
run_1779935538_c61b7463,1779936501.3168592,1.0,253.0,5.0,-0.25869035720825195,0.0,-6.791026592254639,-49.12516784667969,25.869035720825195,-67.53797912597656,-7.4562273025512695,0.066920700912533,0.25869035720825195,24.083168029785156
run_1779935538_c61b7463,1779936503.3282716,1.0,253.0,5.0,-0.21464109420776367,0.0,-6.741471290588379,-53.30966567993164,21.464109420776367,-66.97614288330078,-7.797636985778809,0.04607079932270608,0.21464109420776367,24.083168029785156
run_1779935538_c61b7463,1779936505.3259642,1.0,253.0,5.0,-0.12648344039916992,0.0,-6.642293930053711,-63.084686279296875,12.648344039916992,-66.55029296875,-9.182737350463867,0.01599806069521037,0.12648344039916992,24.083168029785156
run_1779935538_c61b7463,1779936507.318975,1.0,253.0,5.0,-0.12648344039916992,0.0,-6.642293930053711,-61.9084587097168,12.648344039916992,-66.25,-8.306800842285156,0.01599806069521037,0.12648344039916992,24.083168029785156
run_1779935538_c61b7463,1779936509.3227592,1.0,253.0,5.0,-0.12648344039916992,0.0,-6.642293930053711,-60.81699752807617,12.648344039916992,-65.88691711425781,-7.578427314758301,0.01599806069521037,0.12648344039916992,24.083168029785156
run_1779935538_c61b7463,1779936511.3282673,1.0,253.0,5.0,-0.170562744140625,0.0,-6.691883087158203,-54.280174255371094,17.0562744140625,-65.53429412841797,-5.802152633666992,0.029091649688780308,0.170562744140625,24.083168029785156
run_1779935538_c61b7463,1779936513.3198838,1.0,253.0,5.0,-0.170562744140625,0.0,-6.691883087158203,-53.3205451965332,17.0562744140625,-65.192138671875,-5.184679985046387,0.029091649688780308,0.170562744140625,24.083168029785156
run_1779935538_c61b7463,1779936515.3265474,1.0,253.0,5.0,-0.21464109420776367,0.0,-6.741471290588379,-46.907569885253906,21.464109420776367,-64.73490905761719,-3.6367666721343994,0.04607079932270608,0.21464109420776367,24.083168029785156
run_1779935538_c61b7463,1779936517.3172352,1.0,253.0,5.0,-0.25869035720825195,0.0,-6.791026592254639,-40.540042877197266,25.869035720825195,-64.2149429321289,-2.1941325664520264,0.066920700912533,0.25869035720825195,24.083168029785156
run_1779935538_c61b7463,1779936519.3295782,1.0,253.0,5.0,-0.25869035720825195,0.0,-6.791026592254639,-39.716575622558594,25.869035720825195,-63.60077667236328,-1.9848350286483765,0.066920700912533,0.25869035720825195,24.083168029785156
run_1779935538_c61b7463,1779936521.3197832,1.0,253.0,5.0,-0.3468303680419922,0.0,-6.89018440246582,-27.886953353881836,34.68303680419922,-62.90296173095703,0.33297157287597656,0.12029130419614376,0.3468303680419922,24.083168029785156
run_1779935538_c61b7463,1779936523.3241537,1.0,253.0,5.0,-0.39092063903808594,0.0,-6.939785957336426,-21.58034324645996,39.092063903808594,-62.027252197265625,1.3548444509506226,0.15281894602594548,0.39092063903808594,24.083168029785156
run_1779935538_c61b7463,1779936525.3176396,1.0,253.0,5.0,-0.5231304168701172,0.0,-7.088521957397461,-4.241730690002441,52.31304168701172,-61.00509262084961,4.450319290161133,0.2736654330547026,0.5231304168701172,24.083168029785156
run_1779935538_c61b7463,1779936527.324917,1.0,253.0,5.0,-0.5231304168701172,0.0,-7.088521957397461,-3.4243221282958984,52.31304168701172,-59.76316833496094,4.025805473327637,0.2736654330547026,0.5231304168701172,24.083168029785156
run_1779935538_c61b7463,1779936529.3293645,1.0,253.0,5.0,-0.6553487777709961,0.0,-7.23726749420166,13.973262786865234,65.53488159179688,-58.36433029174805,6.802716255187988,0.4294820205259384,0.6553487777709961,24.083168029785156
run_1779935538_c61b7463,1779936531.321263,1.0,253.0,5.0,-0.6553487777709961,0.0,-7.23726749420166,14.880154609680176,65.53488159179688,-56.80853271484375,6.153809070587158,0.4294820205259384,0.6553487777709961,24.083168029785156
run_1779935538_c61b7463,1779936533.3158486,1.0,253.0,5.0,-0.7875461578369141,0.0,-7.385989189147949,32.38722229003906,78.7546157836914,-55.158626556396484,8.791230201721191,0.6202289507236856,0.7875461578369141,24.083168029785156
run_1779935538_c61b7463,1779936535.3258667,1.0,253.0,5.0,-0.8316159248352051,0.0,-7.435567855834961,38.93103790283203,83.16159057617188,-53.257667541503906,9.02711296081543,0.6915850464395135,0.8316159248352051,24.083168029785156
run_1779935538_c61b7463,1779936537.317424,1.0,253.0,5.0,-0.8316159248352051,0.0,-7.435567855834961,40.04417037963867,83.16159057617188,-51.283443450927734,8.166022300720215,0.6915850464395135,0.8316159248352051,24.083168029785156
run_1779935538_c61b7463,1779936539.3271053,1.0,253.0,5.0,-0.9197392463684082,0.0,-7.5347065925598145,52.26306915283203,91.97392272949219,-49.24647521972656,9.535622596740723,0.8459202813103275,0.9197392463684082,24.083168029785156
run_1779935538_c61b7463,1779936541.3183444,1.0,253.0,5.0,-0.9197392463684082,0.0,-7.5347065925598145,53.53684997558594,91.97392272949219,-47.0630989074707,8.626025199890137,0.8459202813103275,0.9197392463684082,24.083168029785156
run_1779935538_c61b7463,1779936543.326481,1.0,253.0,5.0,-0.8756842613220215,0.0,-7.485145092010498,49.38640594482422,87.56842803955078,-44.911102294921875,6.729080677032471,0.7668229255270944,0.8756842613220215,24.083168029785156
run_1779935538_c61b7463,1779936545.3200524,1.0,253.0,5.0,-0.8316159248352051,0.0,-7.435567855834961,45.308589935302734,83.16159057617188,-42.780025482177734,4.927024841308594,0.6915850464395135,0.8316159248352051,24.083168029785156
run_1779935538_c61b7463,1779936547.325292,1.0,253.0,5.0,-0.7875461578369141,0.0,-7.385989189147949,41.2999382019043,78.7546157836914,-40.837242126464844,3.38256573677063,0.6202289507236856,0.7875461578369141,24.083168029785156
run_1779935538_c61b7463,1779936549.321731,1.0,253.0,5.0,-0.6553487777709961,0.0,-7.23726749420166,26.309772491455078,65.53488159179688,-39.12459182739258,-0.10051118582487106,0.4294820205259384,0.6553487777709961,24.083168029785156
run_1779935538_c61b7463,1779936551.3274384,1.0,253.0,5.0,-0.567204475402832,0.0,-7.1381049156188965,16.848827362060547,56.7204475402832,-37.63163375854492,-2.2399871349334717,0.3217209169170019,0.567204475402832,24.083168029785156
run_1779935538_c61b7463,1779936553.3288002,1.0,253.0,5.0,-0.5231304168701172,0.0,-7.088521957397461,12.895995140075684,52.31304168701172,-36.35839080810547,-3.0586562156677246,0.2736654330547026,0.5231304168701172,24.083168029785156
run_1779935538_c61b7463,1779936555.321825,1.0,253.0,5.0,-0.3027677536010742,0.0,-6.84061336517334,-13.136428833007812,30.276775360107422,-35.4617805480957,-7.9514241218566895,0.09166831262064079,0.3027677536010742,24.083168029785156
run_1779935538_c61b7463,1779936557.3176692,1.0,253.0,5.0,-0.3027677536010742,0.0,-6.84061336517334,-11.659175872802734,30.276775360107422,-34.74300765991211,-7.192943096160889,0.09166831262064079,0.3027677536010742,24.083168029785156
run_1779935538_c61b7463,1779936559.323307,1.0,253.0,5.0,-0.12648344039916992,0.0,-6.642293930053711,-32.306365966796875,12.648344039916992,-34.275306701660156,-10.679401397705078,0.01599806069521037,0.12648344039916992,24.083168029785156
run_1779935538_c61b7463,1779936561.3170004,1.0,253.0,5.0,-0.038336753845214844,0.0,-6.543128967285156,-42.013179779052734,3.8336753845214844,-34.12150955200195,-11.725345611572266,0.001469706695388595,0.038336753845214844,24.083168029785156
run_1779935538_c61b7463,1779936563.321113,1.0,253.0,5.0,0.04982709884643555,0.0,-6.443944454193115,-51.80332565307617,-4.982709884643555,-34.12694549560547,-12.693673133850098,0.0024827397794524586,0.04982709884643555,24.083168029785156
run_1779935538_c61b7463,1779936565.3196688,1.0,253.0,5.0,0.04982709884643555,0.0,-6.443944454193115,-50.63188552856445,-4.982709884643555,-34.166343688964844,-11.482831001281738,0.0024827397794524586,0.04982709884643555,24.083168029785156
run_1779935538_c61b7463,1779936567.327143,1.0,253.0,5.0,0.09392404556274414,0.0,-6.3943352699279785,-55.02939224243164,-9.392404556274414,-34.237125396728516,-11.39986515045166,0.008821726334872437,0.09392404556274414,24.083168029785156
run_1779935538_c61b7463,1779936569.32109,1.0,253.0,5.0,0.04982709884643555,0.0,-6.443944454193115,-48.549259185791016,-4.982709884643555,-34.286983489990234,-9.279563903808594,0.0024827397794524586,0.04982709884643555,24.083168029785156
run_1779935538_c61b7463,1779936571.3284023,1.0,253.0,5.0,0.13799333572387695,0.0,-6.344757556915283,-58.606929779052734,-13.799333572387695,-34.389095306396484,-10.418502807617188,0.019042160704202615,0.13799333572387695,24.083168029785156
run_1779935538_c61b7463,1779936573.32263,1.0,253.0,5.0,0.09392404556274414,0.0,-6.3943352699279785,-52.258670806884766,-9.392404556274414,-34.47380447387695,-8.392459869384766,0.008821726334872437,0.09392404556274414,24.083168029785156
run_1779935538_c61b7463,1779936575.3178768,1.0,253.0,5.0,0.005744457244873047,0.0,-6.493537425994873,-40.5435791015625,-0.5744457244873047,-34.52714920043945,-5.441983222961426,3.2998789038174436e-05,0.005744457244873047,24.083168029785156
run_1779935538_c61b7463,1779936577.321911,1.0,253.0,5.0,-0.038336753845214844,0.0,-6.543128967285156,-34.52149200439453,3.8336753845214844,-34.46479797363281,-3.890367269515991,0.001469706695388595,0.038336753845214844,24.083168029785156
run_1779935538_c61b7463,1779936579.3254478,1.0,253.0,5.0,-0.08241701126098633,0.0,-6.592719078063965,-28.545236587524414,8.241701126098633,-34.34239959716797,-2.444538116455078,0.006792563745193547,0.08241701126098633,24.083168029785156
run_1779935538_c61b7463,1779936581.3178961,1.0,253.0,5.0,-0.08241701126098633,0.0,-6.592719078063965,-28.116432189941406,8.241701126098633,-34.14677810668945,-2.211354970932007,0.006792563745193547,0.08241701126098633,24.083168029785156
run_1779935538_c61b7463,1779936583.3154655,1.0,253.0,5.0,-0.170562744140625,0.0,-6.691883087158203,-16.68330955505371,17.0562744140625,-33.76280975341797,0.02322535403072834,0.029091649688780308,0.170562744140625,24.083168029785156
run_1779935538_c61b7463,1779936585.3276439,1.0,253.0,5.0,-0.21464109420776367,0.0,-6.741471290588379,-10.76711368560791,21.464109420776367,-33.30558395385742,1.0743598937988281,0.04607079932270608,0.21464109420776367,24.083168029785156
run_1779935538_c61b7463,1779936587.3199925,1.0,253.0,5.0,-0.39092063903808594,0.0,-6.939785957336426,11.691448211669922,39.092063903808594,-32.54496765136719,5.144351959228516,0.15281894602594548,0.39092063903808594,24.083168029785156
run_1779935538_c61b7463,1779936589.3286443,1.0,253.0,5.0,-0.39092063903808594,0.0,-6.939785957336426,12.128715515136719,39.092063903808594,-31.61698341369629,4.653634548187256,0.15281894602594548,0.39092063903808594,24.083168029785156
run_1779935538_c61b7463,1779936591.3207371,1.0,253.0,5.0,-0.5231304168701172,0.0,-7.088521957397461,29.1513671875,52.31304168701172,-30.59483528137207,7.433159828186035,0.2736654330547026,0.5231304168701172,24.083168029785156
run_1779935538_c61b7463,1779936593.315944,1.0,253.0,5.0,-0.567204475402832,0.0,-7.1381049156188965,35.1971435546875,56.7204475402832,-29.300668716430664,7.77736234664917,0.3217209169170019,0.567204475402832,24.083168029785156
run_1779935538_c61b7463,1779936595.3189347,1.0,253.0,5.0,-0.6112766265869141,0.0,-7.187685966491699,41.31488037109375,61.127662658691406,-27.922800064086914,8.110015869140625,0.37365911421147757,0.6112766265869141,24.083168029785156
run_1779935538_c61b7463,1779936597.328365,1.0,253.0,5.0,-0.567204475402832,0.0,-7.1381049156188965,36.479652404785156,56.7204475402832,-26.523998260498047,6.283204078674316,0.3217209169170019,0.567204475402832,24.083168029785156
run_1779935538_c61b7463,1779936599.323477,1.0,253.0,5.0,-0.6112766265869141,0.0,-7.187685966491699,42.74002456665039,61.127662658691406,-25.020566940307617,6.632928371429443,0.37365911421147757,0.6112766265869141,24.083168029785156
run_1779935538_c61b7463,1779936601.3168051,1.0,253.0,5.0,-0.6112766265869141,0.0,-7.187685966491699,43.55841827392578,61.127662658691406,-23.569461822509766,6.000217914581299,0.37365911421147757,0.6112766265869141,24.083168029785156
run_1779935538_c61b7463,1779936603.326913,1.0,253.0,5.0,-0.5231304168701172,0.0,-7.088521957397461,33.41062545776367,52.31304168701172,-22.243892669677734,3.3414788246154785,0.2736654330547026,0.5231304168701172,24.083168029785156
run_1779935538_c61b7463,1779936605.3175075,1.0,253.0,5.0,-0.47905588150024414,0.0,-7.038938045501709,28.820716857910156,47.90558624267578,-21.05434799194336,1.9694786071777344,0.22949453759997596,0.47905588150024414,24.083168029785156
run_1779935538_c61b7463,1779936607.3266456,1.0,253.0,5.0,-0.39092063903808594,0.0,-6.939785957336426,18.744077682495117,39.092063903808594,-20.021703720092773,-0.3262839615345001,0.15281894602594548,0.39092063903808594,24.083168029785156
run_1779935538_c61b7463,1779936609.330997,1.0,253.0,5.0,-0.3468303680419922,0.0,-6.89018440246582,14.188220024108887,34.68303680419922,-19.14602279663086,-1.348794937133789,0.12029130419614376,0.3468303680419922,24.083168029785156
run_1779935538_c61b7463,1779936611.3207476,1.0,253.0,5.0,-0.21464109420776367,0.0,-6.741471290588379,-1.3967067003250122,21.464109420776367,-18.521448135375977,-4.339366912841797,0.04607079932270608,0.21464109420776367,24.083168029785156
run_1779935538_c61b7463,1779936613.3169074,1.0,253.0,5.0,-0.21464109420776367,0.0,-6.741471290588379,-0.4732474684715271,21.464109420776367,-18.011919021606445,-3.925438165664673,0.04607079932270608,0.21464109420776367,24.083168029785156
run_1779935538_c61b7463,1779936615.319562,1.0,253.0,5.0,-0.12648344039916992,0.0,-6.642293930053711,-10.617295265197754,12.648344039916992,-17.690732955932617,-5.574906349182129,0.01599806069521037,0.12648344039916992,24.083168029785156
run_1779935538_c61b7463,1779936617.3202667,1.0,253.0,5.0,-0.08241701126098633,0.0,-6.592719078063965,-15.297261238098145,8.241701126098633,-17.442777633666992,-6.096184253692627,0.006792563745193547,0.08241701126098633,24.083168029785156
run_1779935538_c61b7463,1779936619.324208,1.0,253.0,5.0,0.005744457244873047,0.0,-6.493537425994873,-25.549278259277344,-0.5744457244873047,-17.26714324951172,-7.707688331604004,3.2998789038174436e-05,0.005744457244873047,24.083168029785156
run_1779935538_c61b7463,1779936621.3205206,1.0,253.0,5.0,-0.038336753845214844,0.0,-6.543128967285156,-19.30926513671875,3.8336753845214844,-17.223899841308594,-5.919038772583008,0.001469706695388595,0.038336753845214844,24.083168029785156
run_1779935538_c61b7463,1779936623.31905,1.0,253.0,5.0,0.005744457244873047,0.0,-6.493537425994873,-24.1031436920166,-0.5744457244873047,-17.24677085876465,-6.281927108764648,3.2998789038174436e-05,0.005744457244873047,24.083168029785156
run_1779935538_c61b7463,1779936625.3277214,1.0,253.0,5.0,0.005744457244873047,0.0,-6.493537425994873,-23.50844383239746,-0.5744457244873047,-17.251300811767578,-5.682697296142578,3.2998789038174436e-05,0.005744457244873047,24.083168029785156
run_1779935538_c61b7463,1779936627.3226764,1.0,253.0,5.0,0.005744457244873047,0.0,-6.493537425994873,-22.970905303955078,-0.5744457244873047,-17.255830764770508,-5.140627861022949,3.2998789038174436e-05,0.005744457244873047,24.083168029785156
run_1779935538_c61b7463,1779936629.3172164,1.0,253.0,5.0,-0.038336753845214844,0.0,-6.543128967285156,-16.975759506225586,3.8336753845214844,-17.212587356567383,-3.59684681892395,0.001469706695388595,0.038336753845214844,24.083168029785156
run_1779935538_c61b7463,1779936631.3202586,1.0,253.0,5.0,-0.08241701126098633,0.0,-6.592719078063965,-11.026657104492188,8.241701126098633,-17.111106872558594,-2.157249927520752,0.006792563745193547,0.08241701126098633,24.083168029785156
run_1779935538_c61b7463,1779936633.3279433,1.0,253.0,5.0,-0.170562744140625,0.0,-6.691883087158203,0.4004065990447998,17.0562744140625,-16.810834884643555,0.1549665629863739,0.029091649688780308,0.170562744140625,24.083168029785156
run_1779935538_c61b7463,1779936635.3242397,1.0,253.0,5.0,-0.170562744140625,0.0,-6.691883087158203,0.791746199131012,17.0562744140625,-16.468721389770508,0.2041933834552765,0.029091649688780308,0.170562744140625,24.083168029785156
run_1779935538_c61b7463,1779936637.3154836,1.0,253.0,5.0,-0.21464109420776367,0.0,-6.741471290588379,6.690665245056152,21.464109420776367,-16.01150894165039,1.2380653619766235,0.04607079932270608,0.21464109420776367,24.083168029785156
run_1779935538_c61b7463,1779936639.3289087,1.0,253.0,5.0,-0.25869035720825195,0.0,-6.791026592254639,12.590763092041016,25.869035720825195,-15.36599349975586,2.0877203941345215,0.066920700912533,0.25869035720825195,24.083168029785156
run_1779935538_c61b7463,1779936641.3238108,1.0,253.0,5.0,-0.3468303680419922,0.0,-6.89018440246582,24.03064727783203,34.68303680419922,-14.647266387939453,3.994875431060791,0.12029130419614376,0.3468303680419922,24.083168029785156
run_1779935538_c61b7463,1779936643.3305042,1.0,253.0,5.0,-0.3468303680419922,0.0,-6.89018440246582,24.472925186157227,34.68303680419922,-13.823917388916016,3.6138064861297607,0.12029130419614376,0.3468303680419922,24.083168029785156
run_1779935538_c61b7463,1779936645.3231072,1.0,253.0,5.0,-0.3468303680419922,0.0,-6.89018440246582,24.951557159423828,34.68303680419922,-13.000568389892578,3.2690882682800293,0.12029130419614376,0.3468303680419922,24.083168029785156
run_1779935538_c61b7463,1779936647.3163373,1.0,253.0,5.0,-0.39092063903808594,0.0,-6.939785957336426,30.976856231689453,39.092063903808594,-12.041178703308105,3.925969362258911,0.15281894602594548,0.39092063903808594,24.083168029785156
run_1779935538_c61b7463,1779936649.329253,1.0,253.0,5.0,-0.39092063903808594,0.0,-6.939785957336426,31.53037452697754,39.092063903808594,-11.113163948059082,3.55147385597229,0.15281894602594548,0.39092063903808594,24.083168029785156
run_1779935538_c61b7463,1779936651.320391,1.0,253.0,5.0,-0.39092063903808594,0.0,-6.939785957336426,32.118385314941406,39.092063903808594,-10.122376441955566,3.148698091506958,0.15281894602594548,0.39092063903808594,24.083168029785156
run_1779935538_c61b7463,1779936653.3289888,1.0,253.0,5.0,-0.39092063903808594,0.0,-6.939785957336426,32.74604797363281,39.092063903808594,-9.19436264038086,2.8483455181121826,0.15281894602594548,0.39092063903808594,24.083168029785156
run_1779935538_c61b7463,1779936655.3260825,1.0,253.0,5.0,-0.39092063903808594,0.0,-6.939785957336426,33.401126861572266,39.092063903808594,-8.203575134277344,2.512640953063965,0.15281894602594548,0.39092063903808594,24.083168029785156
run_1779935538_c61b7463,1779936657.3289514,1.0,253.0,5.0,-0.3027677536010742,0.0,-6.84061336517334,23.062931060791016,30.276775360107422,-7.380196571350098,0.1663527637720108,0.09166831262064079,0.3027677536010742,24.083168029785156
run_1779935538_c61b7463,1779936659.3240426,1.0,253.0,5.0,-0.3027677536010742,0.0,-6.84061336517334,23.764585494995117,30.276775360107422,-6.598690032958984,0.08649978041648865,0.09166831262064079,0.3027677536010742,24.083168029785156
run_1779935538_c61b7463,1779936661.316448,1.0,253.0,5.0,-0.21464109420776367,0.0,-6.741471290588379,13.45101547241211,21.464109420776367,-5.942708969116211,-2.0703845024108887,0.04607079932270608,0.21464109420776367,24.083168029785156
run_1779935538_c61b7463,1779936663.3278854,1.0,253.0,5.0,-0.12648344039916992,0.0,-6.642293930053711,3.1284337043762207,12.648344039916992,-5.454099178314209,-4.0658111572265625,0.01599806069521037,0.12648344039916992,24.083168029785156
run_1779935538_c61b7463,1779936665.3249662,1.0,253.0,5.0,-0.08241701126098633,0.0,-6.592719078063965,-1.6958892345428467,8.241701126098633,-5.185222625732422,-4.752367973327637,0.006792563745193547,0.08241701126098633,24.083168029785156
run_1779935538_c61b7463,1779936667.3230429,1.0,253.0,5.0,-0.038336753845214844,0.0,-6.543128967285156,-6.561896800994873,3.8336753845214844,-5.000034809112549,-5.395537376403809,0.001469706695388595,0.038336753845214844,24.083168029785156
run_1779935538_c61b7463,1779936669.3311348,1.0,253.0,5.0,0.005744457244873047,0.0,-6.493537425994873,-11.467748641967773,-0.5744457244873047,-4.937689781188965,-5.955613613128662,3.2998789038174436e-05,0.005744457244873047,24.083168029785156
run_1779935538_c61b7463,1779936671.3232834,1.0,253.0,5.0,0.04982709884643555,0.0,-6.443944454193115,-16.326263427734375,-4.982709884643555,-4.987536907196045,-6.356017112731934,0.0024827397794524586,0.04982709884643555,24.083168029785156
run_1779935538_c61b7463,1779936673.3292813,1.0,253.0,5.0,0.04982709884643555,0.0,-6.443944454193115,-15.759359359741211,-4.982709884643555,-5.026928424835205,-5.749721050262451,0.0024827397794524586,0.04982709884643555,24.083168029785156
run_1779935538_c61b7463,1779936675.3211918,1.0,253.0,5.0,0.09392404556274414,0.0,-6.3943352699279785,-20.674163818359375,-9.392404556274414,-5.1116204261779785,-6.170140743255615,0.008821726334872437,0.09392404556274414,24.083168029785156
run_1779935538_c61b7463,1779936677.3297453,1.0,253.0,5.0,0.13799333572387695,0.0,-6.344757556915283,-25.651687622070312,-13.799333572387695,-5.196317195892334,-6.656036376953125,0.019042160704202615,0.13799333572387695,24.083168029785156
run_1779935538_c61b7463,1779936679.3227255,1.0,253.0,5.0,0.04982709884643555,0.0,-6.443944454193115,-14.195342063903809,-4.982709884643555,-5.256616115570068,-3.9560158252716064,0.0024827397794524586,0.04982709884643555,24.083168029785156
run_1779935538_c61b7463,1779936681.3308918,1.0,253.0,5.0,0.09392404556274414,0.0,-6.3943352699279785,-19.352659225463867,-9.392404556274414,-5.306463718414307,-4.65378999710083,0.008821726334872437,0.09392404556274414,24.083168029785156
run_1779935538_c61b7463,1779936683.3256302,1.0,253.0,5.0,0.04982709884643555,0.0,-6.443944454193115,-13.559113502502441,-4.982709884643555,-5.3353986740112305,-3.2410051822662354,0.0024827397794524586,0.04982709884643555,24.083168029785156
run_1779935538_c61b7463,1779936685.3164506,1.0,253.0,5.0,0.005744457244873047,0.0,-6.493537425994873,-7.795838832855225,-0.5744457244873047,-5.364333629608154,-1.8570595979690552,3.2998789038174436e-05,0.005744457244873047,24.083168029785156
run_1779935538_c61b7463,1779936687.3202112,1.0,253.0,5.0,0.005744457244873047,0.0,-6.493537425994873,-7.623232841491699,-0.5744457244873047,-5.368871212005615,-1.6799159049987793,3.2998789038174436e-05,0.005744457244873047,24.083168029785156
run_1779935538_c61b7463,1779936689.3244677,1.0,253.0,5.0,-0.12648344039916992,0.0,-6.642293930053711,9.065165519714355,12.648344039916992,-5.224642276763916,1.6414636373519897,0.01599806069521037,0.12648344039916992,24.083168029785156
run_1779935538_c61b7463,1779936691.3190963,1.0,253.0,5.0,-0.170562744140625,0.0,-6.691883087158203,14.722488403320312,17.0562744140625,-4.851133346557617,2.517348289489746,0.029091649688780308,0.170562744140625,24.083168029785156
run_1779935538_c61b7463,1779936693.3255906,1.0,253.0,5.0,-0.21464109420776367,0.0,-6.741471290588379,20.40117073059082,21.464109420776367,-4.4148406982421875,3.351902961730957,0.04607079932270608,0.21464109420776367,24.083168029785156
run_1779935538_c61b7463,1779936695.3193457,1.0,253.0,5.0,-0.25869035720825195,0.0,-6.791026592254639,26.10085678100586,25.869035720825195,-3.8321046829223633,4.063926696777344,0.066920700912533,0.25869035720825195,24.083168029785156
run_1779935538_c61b7463,1779936697.3312745,1.0,253.0,5.0,-0.39092063903808594,0.0,-6.939785957336426,42.86853790283203,39.092063903808594,-2.9982810020446777,6.774753570556641,0.15281894602594548,0.39092063903808594,24.083168029785156
run_1779935538_c61b7463,1779936699.322506,1.0,253.0,5.0,-0.3468303680419922,0.0,-6.89018440246582,37.63529586791992,34.68303680419922,-2.143536329269409,5.095794200897217,0.12029130419614376,0.3468303680419922,24.083168029785156
run_1779935538_c61b7463,1779936701.3311617,1.0,253.0,5.0,-0.39092063903808594,0.0,-6.939785957336426,43.48800277709961,39.092063903808594,-1.2259913682937622,5.621928691864014,0.15281894602594548,0.39092063903808594,24.083168029785156
run_1779935538_c61b7463,1779936703.3227408,1.0,253.0,5.0,-0.39092063903808594,0.0,-6.939785957336426,43.87974166870117,39.092063903808594,-0.2979786992073059,5.085656642913818,0.15281894602594548,0.39092063903808594,24.083168029785156
run_1779935538_c61b7463,1779936705.328745,1.0,253.0,5.0,-0.39092063903808594,0.0,-6.939785957336426,43.86147689819336,39.092063903808594,0.23160766065120697,4.537807464599609,0.15281894602594548,0.39092063903808594,24.083168029785156
run_1779935538_c61b7463,1779936707.3241246,1.0,253.0,5.0,-0.3468303680419922,0.0,-6.89018440246582,38.27150344848633,34.68303680419922,0.5162379741668701,3.0722291469573975,0.12029130419614376,0.3468303680419922,24.083168029785156
run_1779935538_c61b7463,1779936709.33111,1.0,253.0,5.0,-0.25869035720825195,0.0,-6.791026592254639,27.31057357788086,25.869035720825195,0.7486101984977722,0.6929264664649963,0.066920700912533,0.25869035720825195,24.083168029785156
run_1779935538_c61b7463,1779936711.3221195,1.0,253.0,5.0,-0.25869035720825195,0.0,-6.791026592254639,27.448972702026367,25.869035720825195,0.9531081914901733,0.6268285512924194,0.066920700912533,0.25869035720825195,24.083168029785156
run_1779935538_c61b7463,1779936713.3312273,1.0,253.0,5.0,-0.12648344039916992,0.0,-6.642293930053711,11.20190143585205,12.648344039916992,1.084452748298645,-2.5308949947357178,0.01599806069521037,0.12648344039916992,24.083168029785156
run_1779935538_c61b7463,1779936715.3212092,1.0,253.0,5.0,-0.038336753845214844,0.0,-6.543128967285156,0.5873385667800903,3.8336753845214844,1.1495988368988037,-4.395935535430908,0.001469706695388595,0.038336753845214844,24.083168029785156
run_1779935538_c61b7463,1779936717.3283417,1.0,253.0,5.0,0.09392404556274414,0.0,-6.3943352699279785,-15.453439712524414,-9.392404556274414,1.0147676467895508,-7.075802326202393,0.008821726334872437,0.09392404556274414,24.083168029785156
run_1779935538_c61b7463,1779936719.3203478,1.0,253.0,5.0,0.13799333572387695,0.0,-6.344757556915283,-20.51382064819336,-13.799333572387695,0.7394912242889404,-7.453979015350342,0.019042160704202615,0.13799333572387695,24.083168029785156
run_1779935538_c61b7463,1779936721.3162456,1.0,253.0,5.0,0.22616147994995117,0.0,-6.24556827545166,-31.15962791442871,-22.616147994995117,0.3491157591342926,-8.892594337463379,0.051149015013152166,0.22616147994995117,24.083168029785156
run_1779935538_c61b7463,1779936723.3202047,1.0,253.0,5.0,0.2702336311340332,0.0,-6.195987224578857,-36.21122360229492,-27.02336311340332,-0.0903233215212822,-9.097536087036133,0.07302621539588472,0.2702336311340332,24.083168029785156
run_1779935538_c61b7463,1779936725.3287334,1.0,253.0,5.0,0.22616147994995117,0.0,-6.24556827545166,-30.064838409423828,-22.616147994995117,-0.2934948801994324,-7.155195713043213,0.051149015013152166,0.22616147994995117,24.083168029785156
run_1779935538_c61b7463,1779936727.3233519,1.0,253.0,5.0,0.3143186569213867,0.0,-6.14639139175415,-40.51836013793945,-31.431865692138672,-0.5071232914924622,-8.579375267028809,0.09879621808886441,0.3143186569213867,24.083168029785156
run_1779935538_c61b7463,1779936729.3299932,1.0,253.0,5.0,0.22616147994995117,0.0,-6.24556827545166,-28.962453842163086,-22.616147994995117,-0.7346897125244141,-5.611616611480713,0.051149015013152166,0.22616147994995117,24.083168029785156
run_1779935538_c61b7463,1779936731.3246844,1.0,253.0,5.0,0.22616147994995117,0.0,-6.24556827545166,-28.60594940185547,-22.616147994995117,-0.9134738445281982,-5.076328277587891,0.051149015013152166,0.22616147994995117,24.083168029785156
run_1779935538_c61b7463,1779936733.3175144,1.0,253.0,5.0,0.18207740783691406,0.0,-6.295163154602051,-22.764999389648438,-18.207740783691406,-1.1027063131332397,-3.454550266265869,0.033152182444609934,0.18207740783691406,24.083168029785156
run_1779935538_c61b7463,1779936735.322688,1.0,253.0,5.0,0.13799333572387695,0.0,-6.344757556915283,-17.100086212158203,-13.799333572387695,-1.22921621799469,-2.071535587310791,0.019042160704202615,0.13799333572387695,24.083168029785156
run_1779935538_c61b7463,1779936737.3277237,1.0,253.0,5.0,0.13799333572387695,0.0,-6.344757556915283,-16.9697322845459,-13.799333572387695,-1.3592109680175781,-1.8111881017684937,0.019042160704202615,0.13799333572387695,24.083168029785156
run_1779935538_c61b7463,1779936739.318244,1.0,253.0,5.0,0.04982709884643555,0.0,-6.443944454193115,-5.94765043258667,-4.982709884643555,-1.4334485530853271,0.4685079753398895,0.0024827397794524586,0.04982709884643555,24.083168029785156
run_1779935538_c61b7463,1779936741.3265743,1.0,253.0,5.0,-0.038336753845214844,0.0,-6.543128967285156,4.934136867523193,3.8336753845214844,-1.4319195747375488,2.532381296157837,0.001469706695388595,0.038336753845214844,24.083168029785156
run_1779935538_c61b7463,1779936743.3319652,1.0,253.0,5.0,-0.08241701126098633,0.0,-6.592719078063965,10.297325134277344,8.241701126098633,-1.2885899543762207,3.3442139625549316,0.006792563745193547,0.08241701126098633,24.083168029785156
run_1779935538_c61b7463,1779936745.3234088,1.0,253.0,5.0,-0.170562744140625,0.0,-6.691883087158203,21.20209312438965,17.0562744140625,-1.0720144510269165,5.21783447265625,0.029091649688780308,0.170562744140625,24.083168029785156
run_1779935538_c61b7463,1779936747.3198276,1.0,253.0,5.0,-0.21464109420776367,0.0,-6.741471290588379,26.622772216796875,21.464109420776367,-0.6147937178611755,5.773457050323486,0.04607079932270608,0.21464109420776367,24.083168029785156
run_1779935538_c61b7463,1779936749.3293657,1.0,253.0,5.0,-0.3027677536010742,0.0,-6.84061336517334,37.60731887817383,30.276775360107422,-0.08433350920677185,7.414878845214844,0.09166831262064079,0.3027677536010742,24.083168029785156
run_1779935538_c61b7463,1779936751.3195467,1.0,253.0,5.0,-0.3027677536010742,0.0,-6.84061336517334,37.211273193359375,30.276775360107422,0.22691898047924042,6.707578182220459,0.09166831262064079,0.3027677536010742,24.083168029785156
run_1779935538_c61b7463,1779936753.327557,1.0,253.0,5.0,-0.3468303680419922,0.0,-6.89018440246582,42.25997543334961,34.68303680419922,0.497609943151474,7.079329490661621,0.12029130419614376,0.3468303680419922,24.083168029785156
run_1779935538_c61b7463,1779936755.322973,1.0,253.0,5.0,-0.3468303680419922,0.0,-6.89018440246582,41.858856201171875,34.68303680419922,0.7717838287353516,6.404035568237305,0.12029130419614376,0.3468303680419922,24.083168029785156
run_1779935538_c61b7463,1779936757.3169894,1.0,253.0,5.0,-0.3468303680419922,0.0,-6.89018440246582,41.522151947021484,34.68303680419922,1.0459578037261963,5.793158054351807,0.12029130419614376,0.3468303680419922,24.083168029785156
run_1779935538_c61b7463,1779936759.3287604,1.0,253.0,5.0,-0.3468303680419922,0.0,-6.89018440246582,41.24372100830078,34.68303680419922,1.3201316595077515,5.240551948547363,0.12029130419614376,0.3468303680419922,24.083168029785156
run_1779935538_c61b7463,1779936761.3216367,1.0,253.0,5.0,-0.3468303680419922,0.0,-6.89018440246582,41.018001556396484,34.68303680419922,1.5943056344985962,4.740659236907959,0.12029130419614376,0.3468303680419922,24.083168029785156
run_1779935538_c61b7463,1779936763.3285,1.0,253.0,5.0,-0.25869035720825195,0.0,-6.791026592254639,29.88482666015625,25.869035720825195,1.8336424827575684,2.1821494102478027,0.066920700912533,0.25869035720825195,24.083168029785156
run_1779935538_c61b7463,1779936765.3253343,1.0,253.0,5.0,-0.170562744140625,0.0,-6.691883087158203,18.925861358642578,17.0562744140625,2.0033164024353027,-0.1337307095527649,0.029091649688780308,0.170562744140625,24.083168029785156
run_1779935538_c61b7463,1779936767.320301,1.0,253.0,5.0,-0.08241701126098633,0.0,-6.592719078063965,8.117598533630371,8.241701126098633,2.10330867767334,-2.2274117469787598,0.006792563745193547,0.08241701126098633,24.083168029785156
run_1779935538_c61b7463,1779936769.3183832,1.0,253.0,5.0,0.005744457244873047,0.0,-6.493537425994873,-2.5787172317504883,-0.5744457244873047,2.1396734714508057,-4.143945217132568,3.2998789038174436e-05,0.005744457244873047,24.083168029785156
run_1779935538_c61b7463,1779936771.3282812,1.0,253.0,5.0,0.09392404556274414,0.0,-6.3943352699279785,-13.226935386657715,-9.392404556274414,2.021371364593506,-5.855902671813965,0.008821726334872437,0.09392404556274414,24.083168029785156
run_1779935538_c61b7463,1779936773.3316934,1.0,253.0,5.0,0.13799333572387695,0.0,-6.344757556915283,-18.403701782226562,-13.799333572387695,1.7251732349395752,-6.329540729522705,0.019042160704202615,0.13799333572387695,24.083168029785156
run_1779935538_c61b7463,1779936775.329778,1.0,253.0,5.0,0.22616147994995117,0.0,-6.24556827545166,-29.155954360961914,-22.616147994995117,1.29293692111969,-7.832742691040039,0.051149015013152166,0.22616147994995117,24.083168029785156
run_1779935538_c61b7463,1779936777.3303895,1.0,253.0,5.0,0.2702336311340332,0.0,-6.195987224578857,-34.45842742919922,-27.02336311340332,0.6828120946884155,-8.117877960205078,0.07302621539588472,0.2702336311340332,24.083168029785156
run_1779935538_c61b7463,1779936779.3231232,1.0,253.0,5.0,0.2702336311340332,0.0,-6.195987224578857,-34.32558059692383,-27.02336311340332,0.04130033403635025,-7.3435187339782715,0.07302621539588472,0.2702336311340332,24.083168029785156
run_1779935538_c61b7463,1779936781.3289552,1.0,253.0,5.0,0.22616147994995117,0.0,-6.24556827545166,-28.374507904052734,-22.616147994995117,-0.2116279900074005,-5.546731472015381,0.051149015013152166,0.22616147994995117,24.083168029785156
run_1779935538_c61b7463,1779936783.3242586,1.0,253.0,5.0,0.22616147994995117,0.0,-6.24556827545166,-28.02419090270996,-22.616147994995117,-0.3904116451740265,-5.017631530761719,0.051149015013152166,0.22616147994995117,24.083168029785156
run_1779935538_c61b7463,1779936785.3308156,1.0,253.0,5.0,0.22616147994995117,0.0,-6.24556827545166,-27.767452239990234,-22.616147994995117,-0.5482862591743469,-4.603017330169678,0.051149015013152166,0.22616147994995117,24.083168029785156
run_1779935538_c61b7463,1779936787.3225858,1.0,253.0,5.0,0.18207740783691406,0.0,-6.295163154602051,-22.0278377532959,-18.207740783691406,-0.7096458077430725,-3.1104516983032227,0.033152182444609934,0.18207740783691406,24.083168029785156
run_1779935538_c61b7463,1779936789.3321655,1.0,253.0,5.0,0.13799333572387695,0.0,-6.344757556915283,-16.45278549194336,-13.799333572387695,-0.808283805847168,-1.845167636871338,0.019042160704202615,0.13799333572387695,24.083168029785156
run_1779935538_c61b7463,1779936791.32742,1.0,253.0,5.0,0.09392404556274414,0.0,-6.3943352699279785,-10.908380508422852,-9.392404556274414,-0.8999510407447815,-0.6160247921943665,0.008821726334872437,0.09392404556274414,24.083168029785156
run_1779935538_c61b7463,1779936793.3312366,1.0,253.0,5.0,0.005744457244873047,0.0,-6.493537425994873,0.05140891298651695,-0.5744457244873047,-0.9463134407997131,1.5721681118011475,3.2998789038174436e-05,0.005744457244873047,24.083168029785156
run_1779935538_c61b7463,1779936795.3205545,1.0,253.0,5.0,-0.038336753845214844,0.0,-6.543128967285156,5.408438682556152,3.8336753845214844,-0.9221895337104797,2.496953010559082,0.001469706695388595,0.038336753845214844,24.083168029785156
run_1779935538_c61b7463,1779936797.3279262,1.0,253.0,5.0,-0.12648344039916992,0.0,-6.642293930053711,16.288280487060547,12.648344039916992,-0.747470498085022,4.387406349182129,0.01599806069521037,0.12648344039916992,24.083168029785156
run_1779935538_c61b7463,1779936799.3321798,1.0,253.0,5.0,-0.170562744140625,0.0,-6.691883087158203,21.684057235717773,17.0562744140625,-0.41581714153289795,5.043599605560303,0.029091649688780308,0.170562744140625,24.083168029785156
run_1779935538_c61b7463,1779936801.3254256,1.0,253.0,5.0,-0.3027677536010742,0.0,-6.84061336517334,38.09917068481445,30.276775360107422,0.035311367362737656,7.787083148956299,0.09166831262064079,0.3027677536010742,24.083168029785156
run_1779935538_c61b7463,1779936803.3188658,1.0,253.0,5.0,-0.25869035720825195,0.0,-6.791026592254639,32.10285186767578,25.869035720825195,0.2642002999782562,5.969618320465088,0.066920700912533,0.25869035720825195,24.083168029785156
run_1779935538_c61b7463,1779936805.3243372,1.0,253.0,5.0,-0.3027677536010742,0.0,-6.84061336517334,37.15937805175781,30.276775360107422,0.5139885544776917,6.368614196777344,0.09166831262064079,0.3027677536010742,24.083168029785156
run_1779935538_c61b7463,1779936807.3183703,1.0,253.0,5.0,-0.39092063903808594,0.0,-6.939785957336426,47.77669143676758,39.092063903808594,0.7742365598678589,7.910388946533203,0.15281894602594548,0.39092063903808594,24.083168029785156
run_1779935538_c61b7463,1779936809.3221123,1.0,253.0,5.0,-0.3468303680419922,0.0,-6.89018440246582,41.821895599365234,34.68303680419922,1.0797789096832275,6.05907678604126,0.12029130419614376,0.3468303680419922,24.083168029785156
run_1779935538_c61b7463,1779936811.3273284,1.0,253.0,5.0,-0.39092063903808594,0.0,-6.939785957336426,47.01255416870117,39.092063903808594,1.3644089698791504,6.55607795715332,0.15281894602594548,0.39092063903808594,24.083168029785156
run_1779935538_c61b7463,1779936813.321832,1.0,253.0,5.0,-0.25869035720825195,0.0,-6.791026592254639,30.259689331054688,25.869035720825195,1.6211727857589722,2.769482135772705,0.066920700912533,0.25869035720825195,24.083168029785156
run_1779935538_c61b7463,1779936815.3307786,1.0,253.0,5.0,-0.25869035720825195,0.0,-6.791026592254639,30.200010299682617,25.869035720825195,1.8256726264953613,2.5053024291992188,0.066920700912533,0.25869035720825195,24.083168029785156
run_1779935538_c61b7463,1779936817.3208542,1.0,253.0,5.0,-0.08241701126098633,0.0,-6.592719078063965,8.268739700317383,8.241701126098633,1.953529715538025,-1.9264906644821167,0.006792563745193547,0.08241701126098633,24.083168029785156
run_1779935538_c61b7463,1779936819.3319454,1.0,253.0,5.0,-0.038336753845214844,0.0,-6.543128967285156,3.0244498252868652,3.8336753845214844,2.0082273483276367,-2.817452907562256,0.001469706695388595,0.038336753845214844,24.083168029785156
run_1779935538_c61b7463,1779936821.3258672,1.0,253.0,5.0,0.04982709884643555,0.0,-6.443944454193115,-7.661936283111572,-4.982709884643555,1.9345191717147827,-4.61374568939209,0.0024827397794524586,0.04982709884643555,24.083168029785156
run_1779935538_c61b7463,1779936823.3199143,1.0,253.0,5.0,0.13799333572387695,0.0,-6.344757556915283,-18.369176864624023,-13.799333572387695,1.6906360387802124,-6.260478496551514,0.019042160704202615,0.13799333572387695,24.083168029785156
run_1779935538_c61b7463,1779936825.3208113,1.0,253.0,5.0,0.18207740783691406,0.0,-6.295163154602051,-23.613815307617188,-18.207740783691406,1.2897956371307373,-6.695869445800781,0.033152182444609934,0.18207740783691406,24.083168029785156
run_1779935538_c61b7463,1779936827.3230739,1.0,253.0,5.0,0.18207740783691406,0.0,-6.295163154602051,-23.407381057739258,-18.207740783691406,0.7947678565979004,-5.994410037994385,0.033152182444609934,0.18207740783691406,24.083168029785156
run_1779935538_c61b7463,1779936829.3313773,1.0,253.0,5.0,0.18207740783691406,0.0,-6.295163154602051,-23.2678165435791,-18.207740783691406,0.3625316917896271,-5.422606468200684,0.033152182444609934,0.18207740783691406,24.083168029785156
run_1779935538_c61b7463,1779936831.325378,1.0,253.0,5.0,0.22616147994995117,0.0,-6.24556827545166,-28.59003257751465,-22.616147994995117,-0.056460026651620865,-5.917424201965332,0.051149015013152166,0.22616147994995117,24.083168029785156
run_1779935538_c61b7463,1779936833.331594,1.0,253.0,5.0,0.18207740783691406,0.0,-6.295163154602051,-22.738981246948242,-18.207740783691406,-0.21084944903850555,-4.320390701293945,0.033152182444609934,0.18207740783691406,24.083168029785156
run_1779935538_c61b7463,1779936835.3293164,1.0,253.0,5.0,0.13799333572387695,0.0,-6.344757556915283,-16.93527603149414,-13.799333572387695,-0.36523884534835815,-2.7707035541534424,0.019042160704202615,0.13799333572387695,24.083168029785156
run_1779935538_c61b7463,1779936837.3196561,1.0,253.0,5.0,0.09392404556274414,0.0,-6.3943352699279785,-11.316522598266602,-9.392404556274414,-0.4499380588531494,-1.4741801023483276,0.008821726334872437,0.09392404556274414,24.083168029785156
run_1779935538_c61b7463,1779936839.3297007,1.0,253.0,5.0,0.09392404556274414,0.0,-6.3943352699279785,-11.291997909545898,-9.392404556274414,-0.5032708048820496,-1.3963221311569214,0.008821726334872437,0.09392404556274414,24.083168029785156
run_1779935538_c61b7463,1779936841.3169825,1.0,253.0,5.0,0.04982709884643555,0.0,-6.443944454193115,-5.766079425811768,-4.982709884643555,-0.5531176924705505,-0.2302517592906952,0.0024827397794524586,0.04982709884643555,24.083168029785156
run_1779935538_c61b7463,1779936843.329081,1.0,253.0,5.0,-0.08241701126098633,0.0,-6.592719078063965,10.693854331970215,8.241701126098633,-0.5010859370231628,2.9532384872436523,0.006792563745193547,0.08241701126098633,24.083168029785156
run_1779935538_c61b7463,1779936845.321287,1.0,253.0,5.0,-0.08241701126098633,0.0,-6.592719078063965,10.607796669006348,8.241701126098633,-0.30543479323387146,2.6715312004089355,0.006792563745193547,0.08241701126098633,24.083168029785156
run_1779935538_c61b7463,1779936847.3258715,1.0,253.0,5.0,-0.21464109420776367,0.0,-6.741471290588379,27.072021484375,21.464109420776367,0.030155718326568604,5.577756404876709,0.04607079932270608,0.21464109420776367,24.083168029785156
run_1779935538_c61b7463,1779936849.3212004,1.0,253.0,5.0,-0.21464109420776367,0.0,-6.741471290588379,26.709640502929688,21.464109420776367,0.1998324692249298,5.045697212219238,0.04607079932270608,0.21464109420776367,24.083168029785156
run_1779935538_c61b7463,1779936851.33088,1.0,253.0,5.0,-0.3468303680419922,0.0,-6.89018440246582,42.82941436767578,34.68303680419922,0.4217514395713806,7.72462797164917,0.12029130419614376,0.3468303680419922,24.083168029785156
run_1779935538_c61b7463,1779936853.3185623,1.0,253.0,5.0,-0.3027677536010742,0.0,-6.84061336517334,36.89009094238281,30.276775360107422,0.6785095930099487,5.9348063468933105,0.09166831262064079,0.3027677536010742,24.083168029785156
run_1779935538_c61b7463,1779936855.327307,1.0,253.0,5.0,-0.3468303680419922,0.0,-6.89018440246582,42.01251220703125,34.68303680419922,0.949200451374054,6.380274295806885,0.12029130419614376,0.3468303680419922,24.083168029785156
run_1779935538_c61b7463,1779936857.3240092,1.0,253.0,5.0,-0.39092063903808594,0.0,-6.939785957336426,47.158164978027344,39.092063903808594,1.240801215171814,6.82529878616333,0.15281894602594548,0.39092063903808594,24.083168029785156
run_1779935538_c61b7463,1779936859.3174336,1.0,253.0,5.0,-0.3027677536010742,0.0,-6.84061336517334,35.87250518798828,30.276775360107422,1.5080111026763916,4.0877180099487305,0.09166831262064079,0.3027677536010742,24.083168029785156
run_1779935538_c61b7463,1779936861.3282247,1.0,253.0,5.0,-0.3027677536010742,0.0,-6.84061336517334,35.721923828125,30.276775360107422,1.7473535537719727,3.6977927684783936,0.09166831262064079,0.3027677536010742,24.083168029785156
run_1779935538_c61b7463,1779936863.3249047,1.0,253.0,5.0,-0.25869035720825195,0.0,-6.791026592254639,30.157508850097656,25.869035720825195,1.955337643623352,2.3331379890441895,0.066920700912533,0.25869035720825195,24.083168029785156
run_1779935538_c61b7463,1779936865.3312566,1.0,253.0,5.0,-0.170562744140625,0.0,-6.691883087158203,19.185853958129883,17.0562744140625,2.1250040531158447,0.004576398525387049,0.029091649688780308,0.170562744140625,24.083168029785156
run_1779935538_c61b7463,1779936867.3217866,1.0,253.0,5.0,-0.08241701126098633,0.0,-6.592719078063965,8.335675239562988,8.241701126098633,2.2389328479766846,-2.14495849609375,0.006792563745193547,0.08241701126098633,24.083168029785156
run_1779935538_c61b7463,1779936869.3233888,1.0,253.0,5.0,0.005744457244873047,0.0,-6.493537425994873,-2.356922149658203,-0.5744457244873047,2.2646894454956055,-4.047165870666504,3.2998789038174436e-05,0.005744457244873047,24.083168029785156
run_1779935538_c61b7463,1779936871.3223207,1.0,253.0,5.0,0.09392404556274414,0.0,-6.3943352699279785,-13.016069412231445,-9.392404556274414,2.1464006900787354,-5.770064353942871,0.008821726334872437,0.09392404556274414,24.083168029785156
run_1779935538_c61b7463,1779936873.3299625,1.0,253.0,5.0,0.13799333572387695,0.0,-6.344757556915283,-18.20100212097168,-13.799333572387695,1.8711259365081787,-6.272794246673584,0.019042160704202615,0.13799333572387695,24.083168029785156
run_1779935538_c61b7463,1779936875.3198924,1.0,253.0,5.0,0.22616147994995117,0.0,-6.24556827545166,-28.959569931030273,-22.616147994995117,1.3551676273345947,-7.698589324951172,0.051149015013152166,0.22616147994995117,24.083168029785156
run_1779935538_c61b7463,1779936877.3300018,1.0,253.0,5.0,0.18207740783691406,0.0,-6.295163154602051,-23.247875213623047,-18.207740783691406,0.8706051707267761,-5.910739421844482,0.033152182444609934,0.18207740783691406,24.083168029785156
run_1779935538_c61b7463,1779936879.3202913,1.0,253.0,5.0,0.2702336311340332,0.0,-6.195987224578857,-34.145721435546875,-27.02336311340332,0.4174414873123169,-7.539800643920898,0.07302621539588472,0.2702336311340332,24.083168029785156
run_1779935538_c61b7463,1779936881.3282673,1.0,253.0,5.0,0.18207740783691406,0.0,-6.295163154602051,-22.968992233276367,-18.207740783691406,-0.04735714942216873,-4.713895320892334,0.033152182444609934,0.18207740783691406,24.083168029785156
run_1779935538_c61b7463,1779936883.3192632,1.0,253.0,5.0,0.22616147994995117,0.0,-6.24556827545166,-28.11511993408203,-22.616147994995117,-0.22265595197677612,-5.2763166427612305,0.051149015013152166,0.22616147994995117,24.083168029785156
run_1779935538_c61b7463,1779936885.3292396,1.0,253.0,5.0,0.18207740783691406,0.0,-6.295163154602051,-22.311283111572266,-18.207740783691406,-0.3840150237083435,-3.7195258140563965,0.033152182444609934,0.18207740783691406,24.083168029785156
run_1779935538_c61b7463,1779936887.3201597,1.0,253.0,5.0,0.13799333572387695,0.0,-6.344757556915283,-16.59193229675293,-13.799333572387695,-0.5244650840759277,-2.268132209777832,0.019042160704202615,0.13799333572387695,24.083168029785156
run_1779935538_c61b7463,1779936889.3240297,1.0,253.0,5.0,0.09392404556274414,0.0,-6.3943352699279785,-11.007179260253906,-9.392404556274414,-0.6161319017410278,-0.9986432194709778,0.008821726334872437,0.09392404556274414,24.083168029785156
run_1779935538_c61b7463,1779936891.3310018,1.0,253.0,5.0,0.005744457244873047,0.0,-6.493537425994873,-0.0810554251074791,-0.5744457244873047,-0.6276437044143677,1.121034026145935,3.2998789038174436e-05,0.005744457244873047,24.083168029785156
run_1779935538_c61b7463,1779936893.324168,1.0,253.0,5.0,-0.08241701126098633,0.0,-6.592719078063965,10.830525398254395,8.241701126098633,-0.5320886373519897,3.120912551879883,0.006792563745193547,0.08241701126098633,24.083168029785156
run_1779935538_c61b7463,1779936895.3270564,1.0,253.0,5.0,-0.12648344039916992,0.0,-6.642293930053711,16.24094009399414,12.648344039916992,-0.24228841066360474,3.834883213043213,0.01599806069521037,0.12648344039916992,24.083168029785156
run_1779935538_c61b7463,1779936897.3195968,1.0,253.0,5.0,-0.21464109420776367,0.0,-6.741471290588379,27.100563049316406,21.464109420776367,0.06065308675169945,5.575798988342285,0.04607079932270608,0.21464109420776367,24.083168029785156
run_1779935538_c61b7463,1779936899.3251426,1.0,253.0,5.0,-0.25869035720825195,0.0,-6.791026592254639,32.19942855834961,25.869035720825195,0.2547049820423126,6.075686931610107,0.066920700912533,0.25869035720825195,24.083168029785156
run_1779935538_c61b7463,1779936901.3196774,1.0,253.0,5.0,-0.25869035720825195,0.0,-6.791026592254639,31.82436752319336,25.869035720825195,0.4592032730579376,5.496129989624023,0.066920700912533,0.25869035720825195,24.083168029785156
run_1779935538_c61b7463,1779936903.3290594,1.0,253.0,5.0,-0.3027677536010742,0.0,-6.84061336517334,36.96914291381836,30.276775360107422,0.6880923509597778,6.004275798797607,0.09166831262064079,0.3027677536010742,24.083168029785156
run_1779935538_c61b7463,1779936905.3208914,1.0,253.0,5.0,-0.3027677536010742,0.0,-6.84061336517334,36.635738372802734,30.276775360107422,0.9274347424507141,5.4315314292907715,0.09166831262064079,0.3027677536010742,24.083168029785156
run_1779935538_c61b7463,1779936907.3321037,1.0,253.0,5.0,-0.3027677536010742,0.0,-6.84061336517334,36.31388854980469,30.276775360107422,1.1876760721206665,4.849435806274414,0.09166831262064079,0.3027677536010742,24.083168029785156
run_1779935538_c61b7463,1779936909.324708,1.0,253.0,5.0,-0.3027677536010742,0.0,-6.84061336517334,36.09064483642578,30.276775360107422,1.4270185232162476,4.386850357055664,0.09166831262064079,0.3027677536010742,24.083168029785156
run_1779935538_c61b7463,1779936911.3313048,1.0,253.0,5.0,-0.25869035720825195,0.0,-6.791026592254639,30.360790252685547,25.869035720825195,1.6837756633758545,2.8079819679260254,0.066920700912533,0.25869035720825195,24.083168029785156
run_1779935538_c61b7463,1779936913.3205774,1.0,253.0,5.0,-0.25869035720825195,0.0,-6.791026592254639,30.297439575195312,25.869035720825195,1.8882755041122437,2.5401298999786377,0.066920700912533,0.25869035720825195,24.083168029785156
run_1779935538_c61b7463,1779936915.331916,1.0,253.0,5.0,-0.12648344039916992,0.0,-6.642293930053711,13.826025009155273,12.648344039916992,2.0405240058898926,-0.8628429770469666,0.01599806069521037,0.12648344039916992,24.083168029785156
run_1779935538_c61b7463,1779936917.3272116,1.0,253.0,5.0,-0.08241701126098633,0.0,-6.592719078063965,8.531193733215332,8.241701126098633,2.1230931282043457,-1.833601713180542,0.006792563745193547,0.08241701126098633,24.083168029785156
run_1779935538_c61b7463,1779936919.3185782,1.0,253.0,5.0,-0.038336753845214844,0.0,-6.543128967285156,3.2632455825805664,3.8336753845214844,2.184760093688965,-2.755190134048462,0.001469706695388595,0.038336753845214844,24.083168029785156
run_1779935538_c61b7463,1779936921.3257508,1.0,253.0,5.0,0.04982709884643555,0.0,-6.443944454193115,-7.4411845207214355,-4.982709884643555,2.140770196914673,-4.599245071411133,0.0024827397794524586,0.04982709884643555,24.083168029785156
run_1779935538_c61b7463,1779936923.3193915,1.0,253.0,5.0,0.13799333572387695,0.0,-6.344757556915283,-18.150211334228516,-13.799333572387695,1.938746452331543,-6.289624214172363,0.019042160704202615,0.13799333572387695,24.083168029785156
run_1779935538_c61b7463,1779936925.3289046,1.0,253.0,5.0,0.18207740783691406,0.0,-6.295163154602051,-23.3924560546875,-18.207740783691406,1.5797667503356934,-6.764484405517578,0.033152182444609934,0.18207740783691406,24.083168029785156
run_1779935538_c61b7463,1779936927.3174875,1.0,253.0,5.0,0.13799333572387695,0.0,-6.344757556915283,-17.663970947265625,-13.799333572387695,1.1579957008361816,-5.022634029388428,0.019042160704202615,0.13799333572387695,24.083168029785156
run_1779935538_c61b7463,1779936929.3210154,1.0,253.0,5.0,0.18207740783691406,0.0,-6.295163154602051,-23.027076721191406,-18.207740783691406,0.7990151643753052,-5.618350028991699,0.033152182444609934,0.18207740783691406,24.083168029785156
run_1779935538_c61b7463,1779936931.3294258,1.0,253.0,5.0,0.18207740783691406,0.0,-6.295163154602051,-22.922157287597656,-18.207740783691406,0.30398789048194885,-5.01840353012085,0.033152182444609934,0.18207740783691406,24.083168029785156
run_1779935538_c61b7463,1779936933.3222363,1.0,253.0,5.0,0.18207740783691406,0.0,-6.295163154602051,-22.80361557006836,-18.207740783691406,-0.05617312714457512,-4.539701461791992,0.033152182444609934,0.18207740783691406,24.083168029785156
run_1779935538_c61b7463,1779936935.3326738,1.0,253.0,5.0,0.13799333572387695,0.0,-6.344757556915283,-17.049135208129883,-13.799333572387695,-0.175713449716568,-3.0740880966186523,0.019042160704202615,0.13799333572387695,24.083168029785156
run_1779935538_c61b7463,1779936937.3233993,1.0,253.0,5.0,0.09392404556274414,0.0,-6.3943352699279785,-11.373144149780273,-9.392404556274414,-0.2743479907512665,-1.7063912153244019,0.008821726334872437,0.09392404556274414,24.083168029785156
run_1779935538_c61b7463,1779936939.3264174,1.0,253.0,5.0,0.04982709884643555,0.0,-6.443944454193115,-5.774528980255127,-4.982709884643555,-0.34511032700538635,-0.44670891761779785,0.0024827397794524586,0.04982709884643555,24.083168029785156
run_1779935538_c61b7463,1779936941.330844,1.0,253.0,5.0,-0.038336753845214844,0.0,-6.543128967285156,5.233738422393799,3.8336753845214844,-0.345380038022995,1.7454426288604736,0.001469706695388595,0.038336753845214844,24.083168029785156
run_1779935538_c61b7463,1779936943.3219278,1.0,253.0,5.0,-0.12648344039916992,0.0,-6.642293930053711,16.185266494750977,12.648344039916992,-0.17066092789173126,3.7075822353363037,0.01599806069521037,0.12648344039916992,24.083168029785156
run_1779935538_c61b7463,1779936945.333747,1.0,253.0,5.0,-0.12648344039916992,0.0,-6.642293930053711,16.0517520904541,12.648344039916992,0.049490418285131454,3.3539183139801025,0.01599806069521037,0.12648344039916992,24.083168029785156
run_1779935538_c61b7463,1779936947.323805,1.0,253.0,5.0,-0.21464109420776367,0.0,-6.741471290588379,26.804363250732422,21.464109420776367,0.17735348641872406,5.162900447845459,0.04607079932270608,0.21464109420776367,24.083168029785156
run_1779935538_c61b7463,1779936949.3186278,1.0,253.0,5.0,-0.25869035720825195,0.0,-6.791026592254639,31.97089958190918,25.869035720825195,0.35747674107551575,5.744387149810791,0.066920700912533,0.25869035720825195,24.083168029785156
run_1779935538_c61b7463,1779936951.3251991,1.0,253.0,5.0,-0.3027677536010742,0.0,-6.84061336517334,37.09199523925781,30.276775360107422,0.5863659381866455,6.228852272033691,0.09166831262064079,0.3027677536010742,24.083168029785156
run_1779935538_c61b7463,1779936953.3324766,1.0,253.0,5.0,-0.3027677536010742,0.0,-6.84061336517334,36.69535446166992,30.276775360107422,0.8466072082519531,5.571971893310547,0.09166831262064079,0.3027677536010742,24.083168029785156
run_1779935538_c61b7463,1779936955.3285272,1.0,253.0,5.0,-0.39092063903808594,0.0,-6.939785957336426,47.33204650878906,39.092063903808594,1.1347293853759766,7.105256080627441,0.15281894602594548,0.39092063903808594,24.083168029785156
run_1779935538_c61b7463,1779936957.3229876,1.0,253.0,5.0,-0.3027677536010742,0.0,-6.84061336517334,36.01968765258789,30.276775360107422,1.4019392728805542,4.340970993041992,0.09166831262064079,0.3027677536010742,24.083168029785156
run_1779935538_c61b7463,1779936959.3271742,1.0,253.0,5.0,-0.3027677536010742,0.0,-6.84061336517334,35.844947814941406,30.276775360107422,1.6412817239761353,3.9268877506256104,0.09166831262064079,0.3027677536010742,24.083168029785156
run_1779935538_c61b7463,1779936961.323071,1.0,253.0,5.0,-0.25869035720825195,0.0,-6.791026592254639,30.258682250976562,25.869035720825195,1.8492658138275146,2.5403802394866943,0.066920700912533,0.25869035720825195,24.083168029785156
run_1779935538_c61b7463,1779936963.330114,1.0,253.0,5.0,-0.170562744140625,0.0,-6.691883087158203,19.295129776000977,17.0562744140625,2.0049989223480225,0.23385551571846008,0.029091649688780308,0.170562744140625,24.083168029785156
run_1779935538_c61b7463,1779936965.3257,1.0,253.0,5.0,-0.08241701126098633,0.0,-6.592719078063965,8.423078536987305,8.241701126098633,2.1189277172088623,-1.9375503063201904,0.006792563745193547,0.08241701126098633,24.083168029785156
run_1779935538_c61b7463,1779936967.3325217,1.0,253.0,5.0,-0.08241701126098633,0.0,-6.592719078063965,8.673052787780762,8.241701126098633,2.184079170227051,-1.7527284622192383,0.006792563745193547,0.08241701126098633,24.083168029785156
run_1779935538_c61b7463,1779936969.3229036,1.0,253.0,5.0,0.04982709884643555,0.0,-6.443944454193115,-7.520109176635742,-4.982709884643555,2.146925687789917,-4.684324741363525,0.0024827397794524586,0.04982709884643555,24.083168029785156
run_1779935538_c61b7463,1779936971.329405,1.0,253.0,5.0,0.09392404556274414,0.0,-6.3943352699279785,-12.707406044006348,-9.392404556274414,1.9553638696670532,-5.270366191864014,0.008821726334872437,0.09392404556274414,24.083168029785156
run_1779935538_c61b7463,1779936973.3212729,1.0,253.0,5.0,0.18207740783691406,0.0,-6.295163154602051,-23.45508575439453,-18.207740783691406,1.6068458557128906,-6.854190826416016,0.033152182444609934,0.18207740783691406,24.083168029785156
run_1779935538_c61b7463,1779936975.3189998,1.0,253.0,5.0,0.18207740783691406,0.0,-6.295163154602051,-23.233505249023438,-18.207740783691406,1.1746095418930054,-6.200372695922852,0.033152182444609934,0.18207740783691406,24.083168029785156
run_1779935538_c61b7463,1779936977.3248756,1.0,253.0,5.0,0.13799333572387695,0.0,-6.344757556915283,-17.559619903564453,-13.799333572387695,0.8365591764450073,-4.5968451499938965,0.019042160704202615,0.13799333572387695,24.083168029785156
run_1779935538_c61b7463,1779936979.3169317,1.0,253.0,5.0,0.13799333572387695,0.0,-6.344757556915283,-17.448715209960938,-13.799333572387695,0.5089747309684753,-4.158355236053467,0.019042160704202615,0.13799333572387695,24.083168029785156
run_1779935538_c61b7463,1779936981.324844,1.0,253.0,5.0,0.09392404556274414,0.0,-6.3943352699279785,-11.86690616607666,-9.392404556274414,0.14998409152030945,-2.6244852542877197,0.008821726334872437,0.09392404556274414,24.083168029785156
run_1779935538_c61b7463,1779936983.330697,1.0,253.0,5.0,0.13799333572387695,0.0,-6.344757556915283,-17.275421142578125,-13.799333572387695,-0.04881741851568222,-3.4272704124450684,0.019042160704202615,0.13799333572387695,24.083168029785156
run_1779935538_c61b7463,1779936985.3272035,1.0,253.0,5.0,0.04982709884643555,0.0,-6.443944454193115,-6.112271785736084,-4.982709884643555,-0.11609169840812683,-1.0134704113006592,0.0024827397794524586,0.04982709884643555,24.083168029785156
run_1779935538_c61b7463,1779936987.3195732,1.0,253.0,5.0,0.005744457244873047,0.0,-6.493537425994873,-0.5758460760116577,-0.5744457244873047,-0.13805682957172394,0.1366564780473709,3.2998789038174436e-05,0.005744457244873047,24.083168029785156
run_1779935538_c61b7463,1779936989.3200796,1.0,253.0,5.0,-0.038336753845214844,0.0,-6.543128967285156,4.918116092681885,3.8336753845214844,-0.11393317580223083,1.1983736753463745,0.001469706695388595,0.038336753845214844,24.083168029785156
run_1779935538_c61b7463,1779936991.32858,1.0,253.0,5.0,-0.12648344039916992,0.0,-6.642293930053711,15.870497703552246,12.648344039916992,0.031632911413908005,3.1905221939086914,0.01599806069521037,0.12648344039916992,24.083168029785156
run_1779935538_c61b7463,1779936993.3198535,1.0,253.0,5.0,-0.170562744140625,0.0,-6.691883087158203,21.15923500061035,17.0562744140625,0.14207342267036438,3.960885763168335,0.029091649688780308,0.170562744140625,24.083168029785156
run_1779935538_c61b7463,1779936995.3287127,1.0,253.0,5.0,-0.21464109420776367,0.0,-6.741471290588379,26.394847869873047,21.464109420776367,0.29432788491249084,4.636409759521484,0.04607079932270608,0.21464109420776367,24.083168029785156
run_1779935538_c61b7463,1779936997.3258693,1.0,253.0,5.0,-0.3468303680419922,0.0,-6.89018440246582,42.55366516113281,34.68303680419922,0.5162466764450073,7.354381561279297,0.12029130419614376,0.3468303680419922,24.083168029785156
run_1779935538_c61b7463,1779936999.3193088,1.0,253.0,5.0,-0.39092063903808594,0.0,-6.939785957336426,47.60639953613281,39.092063903808594,0.8078475594520569,7.706486225128174,0.15281894602594548,0.39092063903808594,24.083168029785156
run_1779935538_c61b7463,1779937001.3299882,1.0,253.0,5.0,-0.3468303680419922,0.0,-6.89018440246582,41.68585205078125,34.68303680419922,1.1064190864562988,5.896395206451416,0.12029130419614376,0.3468303680419922,24.083168029785156
run_1779935538_c61b7463,1779937003.3223486,1.0,253.0,5.0,-0.4349956512451172,0.0,-6.989370346069336,52.35585021972656,43.49956512451172,1.4154412746429443,7.440847396850586,0.18922121660216362,0.4349956512451172,24.083168029785156
run_1779935538_c61b7463,1779937005.3319528,1.0,253.0,5.0,-0.3468303680419922,0.0,-6.89018440246582,41.02996063232422,34.68303680419922,1.7244679927825928,4.622455596923828,0.12029130419614376,0.3468303680419922,24.083168029785156
run_1779935538_c61b7463,1779937007.3275607,1.0,253.0,5.0,-0.3468303680419922,0.0,-6.89018440246582,40.86320114135742,34.68303680419922,1.998641848564148,4.181522369384766,0.12029130419614376,0.3468303680419922,24.083168029785156
run_1779935538_c61b7463,1779937009.3265314,1.0,253.0,5.0,-0.3027677536010742,0.0,-6.84061336517334,35.289306640625,30.276775360107422,2.2414674758911133,2.771063804626465,0.09166831262064079,0.3027677536010742,24.083168029785156
run_1779935538_c61b7463,1779937011.3217473,1.0,253.0,5.0,-0.21464109420776367,0.0,-6.741471290588379,24.310836791992188,21.464109420776367,2.445976734161377,0.40075191855430603,0.04607079932270608,0.21464109420776367,24.083168029785156
run_1779935538_c61b7463,1779937013.3231964,1.0,253.0,5.0,-0.170562744140625,0.0,-6.691883087158203,18.991146087646484,17.0562744140625,2.584294080734253,-0.6494214534759521,0.029091649688780308,0.170562744140625,24.083168029785156
run_1779935538_c61b7463,1779937015.32622,1.0,253.0,5.0,-0.038336753845214844,0.0,-6.543128967285156,2.753232002258301,3.8336753845214844,2.666863203048706,-3.7473063468933105,0.001469706695388595,0.038336753845214844,24.083168029785156
run_1779935538_c61b7463,1779937017.329052,1.0,253.0,5.0,0.09392404556274414,0.0,-6.3943352699279785,-13.35025405883789,-9.392404556274414,2.552968740463257,-6.510819435119629,0.008821726334872437,0.09392404556274414,24.083168029785156
run_1779935538_c61b7463,1779937019.3239474,1.0,253.0,5.0,0.09392404556274414,0.0,-6.3943352699279785,-12.95215892791748,-9.392404556274414,2.330002784729004,-5.8897576332092285,0.008821726334872437,0.09392404556274414,24.083168029785156
run_1779935538_c61b7463,1779937021.3309474,1.0,253.0,5.0,0.22616147994995117,0.0,-6.24556827545166,-29.157054901123047,-22.616147994995117,1.991950511932373,-8.532855987548828,0.051149015013152166,0.22616147994995117,24.083168029785156
run_1779935538_c61b7463,1779937023.322129,1.0,253.0,5.0,0.22616147994995117,0.0,-6.24556827545166,-28.880001068115234,-22.616147994995117,1.455061674118042,-7.718911647796631,0.051149015013152166,0.22616147994995117,24.083168029785156
run_1779935538_c61b7463,1779937025.3334987,1.0,253.0,5.0,0.2702336311340332,0.0,-6.195987224578857,-34.194557189941406,-27.02336311340332,0.9077105522155762,-8.078904151916504,0.07302621539588472,0.2702336311340332,24.083168029785156
run_1779935538_c61b7463,1779937027.3263967,1.0,253.0,5.0,0.2702336311340332,0.0,-6.195987224578857,-34.065425872802734,-27.02336311340332,0.2661988139152527,-7.308262825012207,0.07302621539588472,0.2702336311340332,24.083168029785156
run_1779935538_c61b7463,1779937029.321397,1.0,253.0,5.0,0.18207740783691406,0.0,-6.295163154602051,-22.809093475341797,-18.207740783691406,-0.09861460328102112,-4.502737998962402,0.033152182444609934,0.18207740783691406,24.083168029785156
run_1779935538_c61b7463,1779937031.3264384,1.0,253.0,5.0,0.18207740783691406,0.0,-6.295163154602051,-22.523513793945312,-18.207740783691406,-0.24254927039146423,-4.073224067687988,0.033152182444609934,0.18207740783691406,24.083168029785156
run_1779935538_c61b7463,1779937033.3186748,1.0,253.0,5.0,0.13799333572387695,0.0,-6.344757556915283,-16.770423889160156,-13.799333572387695,-0.38299891352653503,-2.588092088699341,0.019042160704202615,0.13799333572387695,24.083168029785156
run_1779935538_c61b7463,1779937035.3327835,1.0,253.0,5.0,0.09392404556274414,0.0,-6.3943352699279785,-11.155152320861816,-9.392404556274414,-0.47466573119163513,-1.2880821228027344,0.008821726334872437,0.09392404556274414,24.083168029785156
run_1779935538_c61b7463,1779937037.3202627,1.0,253.0,5.0,0.04982709884643555,0.0,-6.443944454193115,-5.682663917541504,-4.982709884643555,-0.5036036968231201,-0.19635029137134552,0.0024827397794524586,0.04982709884643555,24.083168029785156
run_1779935538_c61b7463,1779937039.3226533,1.0,253.0,5.0,-0.038336753845214844,0.0,-6.543128967285156,5.285130977630615,3.8336753845214844,-0.4777944087982178,1.9292500019073486,0.001469706695388595,0.038336753845214844,24.083168029785156
run_1779935538_c61b7463,1779937041.3261156,1.0,253.0,5.0,-0.08241701126098633,0.0,-6.592719078063965,10.705869674682617,8.241701126098633,-0.31353631615638733,2.7777047157287598,0.006792563745193547,0.08241701126098633,24.083168029785156
run_1779935538_c61b7463,1779937043.3225272,1.0,253.0,5.0,-0.170562744140625,0.0,-6.691883087158203,21.66219139099121,17.0562744140625,-0.013260114006698132,4.61917781829834,0.029091649688780308,0.170562744140625,24.083168029785156
run_1779935538_c61b7463,1779937045.3204126,1.0,253.0,5.0,-0.21464109420776367,0.0,-6.741471290588379,26.877674102783203,21.464109420776367,0.13856001198291779,5.275003910064697,0.04607079932270608,0.21464109420776367,24.083168029785156
run_1779935538_c61b7463,1779937047.3190775,1.0,253.0,5.0,-0.3027677536010742,0.0,-6.84061336517334,37.497650146484375,30.276775360107422,0.3430693745613098,6.877806186676025,0.09166831262064079,0.3027677536010742,24.083168029785156
run_1779935538_c61b7463,1779937049.3305206,1.0,253.0,5.0,-0.3468303680419922,0.0,-6.89018440246582,42.543636322021484,34.68303680419922,0.6067937612533569,7.253807067871094,0.12029130419614376,0.3468303680419922,24.083168029785156
run_1779935538_c61b7463,1779937051.3259895,1.0,253.0,5.0,-0.3468303680419922,0.0,-6.89018440246582,42.12587356567383,34.68303680419922,0.8809677362442017,6.56187105178833,0.12029130419614376,0.3468303680419922,24.083168029785156
run_1779935538_c61b7463,1779937053.3329396,1.0,253.0,5.0,-0.4349956512451172,0.0,-6.989370346069336,52.74761199951172,43.49956512451172,1.1830235719680786,8.065021514892578,0.18922121660216362,0.4349956512451172,24.083168029785156
run_1779935538_c61b7463,1779937055.3239968,1.0,253.0,5.0,-0.3468303680419922,0.0,-6.89018440246582,41.3638801574707,34.68303680419922,1.4920457601547241,5.188798904418945,0.12029130419614376,0.3468303680419922,24.083168029785156
run_1779935538_c61b7463,1779937057.330657,1.0,253.0,5.0,-0.3027677536010742,0.0,-6.84061336517334,35.637298583984375,30.276775360107422,1.7627365589141846,3.5977861881256104,0.09166831262064079,0.3027677536010742,24.083168029785156
run_1779935538_c61b7463,1779937059.3220544,1.0,253.0,5.0,-0.25869035720825195,0.0,-6.791026592254639,30.040597915649414,25.869035720825195,1.991626262664795,2.179935932159424,0.066920700912533,0.25869035720825195,24.083168029785156
run_1779935538_c61b7463,1779937061.3278582,1.0,253.0,5.0,-0.170562744140625,0.0,-6.691883087158203,19.068326950073242,17.0562744140625,2.168264865875244,-0.1562138795852661,0.029091649688780308,0.170562744140625,24.083168029785156
run_1779935538_c61b7463,1779937063.3187468,1.0,253.0,5.0,-0.170562744140625,0.0,-6.691883087158203,19.218059539794922,17.0562744140625,2.303098201751709,-0.14131273329257965,0.029091649688780308,0.170562744140625,24.083168029785156
run_1779935538_c61b7463,1779937065.3291225,1.0,253.0,5.0,-0.08241701126098633,0.0,-6.592719078063965,8.438398361206055,8.241701126098633,2.3891541957855225,-2.1924571990966797,0.006792563745193547,0.08241701126098633,24.083168029785156
run_1779935538_c61b7463,1779937067.3227432,1.0,253.0,5.0,0.04982709884643555,0.0,-6.443944454193115,-7.7910237312316895,-4.982709884643555,2.3992748260498047,-5.2075886726379395,0.0024827397794524586,0.04982709884643555,24.083168029785156
run_1779935538_c61b7463,1779937069.329363,1.0,253.0,5.0,0.13799333572387695,0.0,-6.344757556915283,-18.443246841430664,-13.799333572387695,2.2600595951080322,-6.9039716720581055,0.019042160704202615,0.13799333572387695,24.083168029785156
run_1779935538_c61b7463,1779937071.3272986,1.0,253.0,5.0,0.18207740783691406,0.0,-6.295163154602051,-23.626888275146484,-18.207740783691406,1.9010796546936035,-7.32022762298584,0.033152182444609934,0.18207740783691406,24.083168029785156
run_1779935538_c61b7463,1779937073.329413,1.0,253.0,5.0,0.18207740783691406,0.0,-6.295163154602051,-23.362075805664062,-18.207740783691406,1.5316346883773804,-6.685970783233643,0.033152182444609934,0.18207740783691406,24.083168029785156
run_1779935538_c61b7463,1779937075.3195517,1.0,253.0,5.0,0.18207740783691406,0.0,-6.295163154602051,-23.15654182434082,-18.207740783691406,1.0993984937667847,-6.04819917678833,0.033152182444609934,0.18207740783691406,24.083168029785156
run_1779935538_c61b7463,1779937077.330246,1.0,253.0,5.0,0.18207740783691406,0.0,-6.295163154602051,-23.0093936920166,-18.207740783691406,0.5415970683097839,-5.343250751495361,0.033152182444609934,0.18207740783691406,24.083168029785156
run_1779935538_c61b7463,1779937079.3176363,1.0,253.0,5.0,0.22616147994995117,0.0,-6.24556827545166,-28.446563720703125,-22.616147994995117,0.07796512544155121,-5.908382892608643,0.051149015013152166,0.22616147994995117,24.083168029785156
run_1779935538_c61b7463,1779937081.3243287,1.0,253.0,5.0,0.13799333572387695,0.0,-6.344757556915283,-17.141611099243164,-13.799333572387695,-0.12665507197380066,-3.215620756149292,0.019042160704202615,0.13799333572387695,24.083168029785156
run_1779935538_c61b7463,1779937083.319868,1.0,253.0,5.0,0.18207740783691406,0.0,-6.295163154602051,-22.437644958496094,-18.207740783691406,-0.24619536101818085,-3.9837069511413574,0.033152182444609934,0.18207740783691406,24.083168029785156
run_1779935538_c61b7463,1779937085.3234417,1.0,253.0,5.0,0.09392404556274414,0.0,-6.3943352699279785,-11.272655487060547,-9.392404556274414,-0.3413495123386383,-1.5389008522033691,0.008821726334872437,0.09392404556274414,24.083168029785156
run_1779935538_c61b7463,1779937087.3198564,1.0,253.0,5.0,0.005744457244873047,0.0,-6.493537425994873,-0.25316122174263,-0.5744457244873047,-0.3737700283527374,0.6950545310974121,3.2998789038174436e-05,0.005744457244873047,24.083168029785156
run_1779935538_c61b7463,1779937089.3235428,1.0,253.0,5.0,0.005744457244873047,0.0,-6.493537425994873,-0.32400330901145935,-0.5744457244873047,-0.3783111572265625,0.6287535429000854,3.2998789038174436e-05,0.005744457244873047,24.083168029785156
run_1779935538_c61b7463,1779937091.3245382,1.0,253.0,5.0,-0.08241701126098633,0.0,-6.592719078063965,10.631753921508789,8.241701126098633,-0.26546499133110046,2.655517578125,0.006792563745193547,0.08241701126098633,24.083168029785156
run_1779935538_c61b7463,1779937093.3329399,1.0,253.0,5.0,-0.08241701126098633,0.0,-6.592719078063965,10.5740966796875,8.241701126098633,-0.06981399655342102,2.402209758758545,0.006792563745193547,0.08241701126098633,24.083168029785156
run_1779935538_c61b7463,1779937095.334062,1.0,253.0,5.0,-0.25869035720825195,0.0,-6.791026592254639,32.34690856933594,25.869035720825195,0.13251034915447235,6.34536075592041,0.066920700912533,0.25869035720825195,24.083168029785156
run_1779935538_c61b7463,1779937097.3244777,1.0,253.0,5.0,-0.21464109420776367,0.0,-6.741471290588379,26.485065460205078,21.464109420776367,0.31263357400894165,4.708321571350098,0.04607079932270608,0.21464109420776367,24.083168029785156
run_1779935538_c61b7463,1779937099.3301363,1.0,253.0,5.0,-0.3027677536010742,0.0,-6.84061336517334,37.10418701171875,30.276775360107422,0.5450093150138855,6.282400131225586,0.09166831262064079,0.3027677536010742,24.083168029785156
run_1779935538_c61b7463,1779937101.3248312,1.0,253.0,5.0,-0.3468303680419922,0.0,-6.89018440246582,42.206966400146484,34.68303680419922,0.8087338209152222,6.715198040008545,0.12029130419614376,0.3468303680419922,24.083168029785156
run_1779935538_c61b7463,1779937103.3296704,1.0,253.0,5.0,-0.4349956512451172,0.0,-6.989370346069336,52.827598571777344,43.49956512451172,1.1038166284561157,8.224212646484375,0.18922121660216362,0.4349956512451172,24.083168029785156
run_1779935538_c61b7463,1779937105.3229115,1.0,253.0,5.0,-0.39092063903808594,0.0,-6.939785957336426,46.922706604003906,39.092063903808594,1.4232971668243408,6.407348155975342,0.15281894602594548,0.39092063903808594,24.083168029785156
run_1779935538_c61b7463,1779937107.329855,1.0,253.0,5.0,-0.3468303680419922,0.0,-6.89018440246582,41.084259033203125,34.68303680419922,1.742774248123169,4.658449649810791,0.12029130419614376,0.3468303680419922,24.083168029785156
run_1779935538_c61b7463,1779937109.3216422,1.0,253.0,5.0,-0.3468303680419922,0.0,-6.89018440246582,40.914066314697266,34.68303680419922,2.0169482231140137,4.21408224105835,0.12029130419614376,0.3468303680419922,24.083168029785156
run_1779935538_c61b7463,1779937111.330066,1.0,253.0,5.0,-0.25869035720825195,0.0,-6.791026592254639,29.844215393066406,25.869035720825195,2.2493209838867188,1.725859522819519,0.066920700912533,0.25869035720825195,24.083168029785156
run_1779935538_c61b7463,1779937113.3245423,1.0,253.0,5.0,-0.21464109420776367,0.0,-6.741471290588379,24.409093856811523,21.464109420776367,2.436408758163452,0.5085759162902832,0.04607079932270608,0.21464109420776367,24.083168029785156
run_1779935538_c61b7463,1779937115.3204079,1.0,253.0,5.0,-0.08241701126098633,0.0,-6.592719078063965,8.094542503356934,8.241701126098633,2.5538218021392822,-2.7009809017181396,0.006792563745193547,0.08241701126098633,24.083168029785156
run_1779935538_c61b7463,1779937117.3240805,1.0,253.0,5.0,-0.038336753845214844,0.0,-6.543128967285156,2.938494920730591,3.8336753845214844,2.6015501022338867,-3.4967310428619385,0.001469706695388595,0.038336753845214844,24.083168029785156
run_1779935538_c61b7463,1779937119.332357,1.0,253.0,5.0,0.09392404556274414,0.0,-6.3943352699279785,-13.188057899475098,-9.392404556274414,2.466719627380371,-6.262373924255371,0.008821726334872437,0.09392404556274414,24.083168029785156
run_1779935538_c61b7463,1779937121.3261445,1.0,253.0,5.0,0.13799333572387695,0.0,-6.344757556915283,-18.326032638549805,-13.799333572387695,2.1914448738098145,-6.718143939971924,0.019042160704202615,0.13799333572387695,24.083168029785156
run_1779935538_c61b7463,1779937123.3198824,1.0,253.0,5.0,0.22616147994995117,0.0,-6.24556827545166,-29.04207420349121,-22.616147994995117,1.7382770776748657,-8.164203643798828,0.051149015013152166,0.22616147994995117,24.083168029785156
run_1779935538_c61b7463,1779937125.3225036,1.0,253.0,5.0,0.18207740783691406,0.0,-6.295163154602051,-23.285964965820312,-18.207740783691406,1.2537145614624023,-6.331939220428467,0.033152182444609934,0.18207740783691406,24.083168029785156
run_1779935538_c61b7463,1779937127.3277168,1.0,253.0,5.0,0.2702336311340332,0.0,-6.195987224578857,-34.142005920410156,-27.02336311340332,0.6959041357040405,-7.814548969268799,0.07302621539588472,0.2702336311340332,24.083168029785156
run_1779935538_c61b7463,1779937129.3295925,1.0,253.0,5.0,0.2702336311340332,0.0,-6.195987224578857,-34.03809356689453,-27.02336311340332,0.05439240485429764,-7.069122791290283,0.07302621539588472,0.2702336311340332,24.083168029785156
run_1779935538_c61b7463,1779937131.3330815,1.0,253.0,5.0,0.18207740783691406,0.0,-6.295163154602051,-22.676128387451172,-18.207740783691406,-0.16020946204662323,-4.308177471160889,0.033152182444609934,0.18207740783691406,24.083168029785156
run_1779935538_c61b7463,1779937133.3282495,1.0,253.0,5.0,0.22616147994995117,0.0,-6.24556827545166,-27.888423919677734,-22.616147994995117,-0.3215686082839966,-4.950708389282227,0.051149015013152166,0.22616147994995117,24.083168029785156
run_1779935538_c61b7463,1779937135.3324294,1.0,253.0,5.0,0.13799333572387695,0.0,-6.344757556915283,-16.691267013549805,-13.799333572387695,-0.4376241862773895,-2.45430850982666,0.019042160704202615,0.13799333572387695,24.083168029785156
run_1779935538_c61b7463,1779937137.321578,1.0,253.0,5.0,0.09392404556274414,0.0,-6.3943352699279785,-11.088754653930664,-9.392404556274414,-0.529291033744812,-1.1670594215393066,0.008821726334872437,0.09392404556274414,24.083168029785156
run_1779935538_c61b7463,1779937139.3285291,1.0,253.0,5.0,0.005744457244873047,0.0,-6.493537425994873,-0.08993372321128845,-0.5744457244873047,-0.5686814188957214,1.05319344997406,3.2998789038174436e-05,0.005744457244873047,24.083168029785156
run_1779935538_c61b7463,1779937141.320866,1.0,253.0,5.0,-0.08241701126098633,0.0,-6.592719078063965,10.828118324279785,8.241701126098633,-0.47312629222869873,3.0595436096191406,0.006792563745193547,0.08241701126098633,24.083168029785156
run_1779935538_c61b7463,1779937143.3334975,1.0,253.0,5.0,-0.170562744140625,0.0,-6.691883087158203,21.760042190551758,17.0562744140625,-0.25655022263526917,4.960318088531494,0.029091649688780308,0.170562744140625,24.083168029785156
run_1779935538_c61b7463,1779937145.3304634,1.0,253.0,5.0,-0.170562744140625,0.0,-6.691883087158203,21.597257614135742,17.0562744140625,0.053827039897441864,4.487155914306641,0.029091649688780308,0.170562744140625,24.083168029785156
run_1779935538_c61b7463,1779937147.3222592,1.0,253.0,5.0,-0.25869035720825195,0.0,-6.791026592254639,32.259334564208984,25.869035720825195,0.22350148856639862,6.166799068450928,0.066920700912533,0.25869035720825195,24.083168029785156
run_1779935538_c61b7463,1779937149.330918,1.0,253.0,5.0,-0.3468303680419922,0.0,-6.89018440246582,42.83073043823242,34.68303680419922,0.46283775568008423,7.684852123260498,0.12029130419614376,0.3468303680419922,24.083168029785156
run_1779935538_c61b7463,1779937151.3216422,1.0,253.0,5.0,-0.39092063903808594,0.0,-6.939785957336426,47.937713623046875,39.092063903808594,0.71263188123703,8.133015632629395,0.15281894602594548,0.39092063903808594,24.083168029785156
run_1779935538_c61b7463,1779937153.3252246,1.0,253.0,5.0,-0.3468303680419922,0.0,-6.89018440246582,41.990848541259766,34.68303680419922,1.0042327642440796,6.303577899932861,0.12029130419614376,0.3468303680419922,24.083168029785156
run_1779935538_c61b7463,1779937155.3192673,1.0,253.0,5.0,-0.3468303680419922,0.0,-6.89018440246582,41.607086181640625,34.68303680419922,1.3062896728515625,5.617758274078369,0.12029130419614376,0.3468303680419922,24.083168029785156
run_1779935538_c61b7463,1779937157.3269851,1.0,253.0,5.0,-0.3468303680419922,0.0,-6.89018440246582,41.34538650512695,34.68303680419922,1.5804637670516968,5.081883907318115,0.12029130419614376,0.3468303680419922,24.083168029785156
run_1779935538_c61b7463,1779937159.3331323,1.0,253.0,5.0,-0.3468303680419922,0.0,-6.89018440246582,41.13479995727539,34.68303680419922,1.854637622833252,4.59712553024292,0.12029130419614376,0.3468303680419922,24.083168029785156
run_1779935538_c61b7463,1779937161.3237329,1.0,253.0,5.0,-0.25869035720825195,0.0,-6.791026592254639,30.015316009521484,25.869035720825195,2.0939745903015137,2.052307605743408,0.066920700912533,0.25869035720825195,24.083168029785156
run_1779935538_c61b7463,1779937163.3331263,1.0,253.0,5.0,-0.170562744140625,0.0,-6.691883087158203,19.012147903442383,17.0562744140625,2.2915077209472656,-0.3356330692768097,0.029091649688780308,0.170562744140625,24.083168029785156
run_1779935538_c61b7463,1779937165.321238,1.0,253.0,5.0,-0.12648344039916992,0.0,-6.642293930053711,13.700270652770996,12.648344039916992,2.4089176654815674,-1.356990098953247,0.01599806069521037,0.12648344039916992,24.083168029785156
run_1779935538_c61b7463,1779937167.3293128,1.0,253.0,5.0,0.005744457244873047,0.0,-6.493537425994873,-2.5505282878875732,-0.5744457244873047,2.4766407012939453,-4.452723503112793,3.2998789038174436e-05,0.005744457244873047,24.083168029785156
run_1779935538_c61b7463,1779937169.3336866,1.0,253.0,5.0,0.09392404556274414,0.0,-6.3943352699279785,-13.169293403625488,-9.392404556274414,2.3583385944366455,-6.135227203369141,0.008821726334872437,0.09392404556274414,24.083168029785156
run_1779935538_c61b7463,1779937171.3231122,1.0,253.0,5.0,0.18207740783691406,0.0,-6.295163154602051,-23.834875106811523,-18.207740783691406,2.0516748428344727,-7.678809642791748,0.033152182444609934,0.18207740783691406,24.083168029785156
run_1779935538_c61b7463,1779937173.3307698,1.0,253.0,5.0,0.18207740783691406,0.0,-6.295163154602051,-23.534635543823242,-18.207740783691406,1.6194369792938232,-6.946331977844238,0.033152182444609934,0.18207740783691406,24.083168029785156
run_1779935538_c61b7463,1779937175.3233476,1.0,253.0,5.0,0.22616147994995117,0.0,-6.24556827545166,-28.818506240844727,-22.616147994995117,1.1139438152313232,-7.316300392150879,0.051149015013152166,0.22616147994995117,24.083168029785156
run_1779935538_c61b7463,1779937177.3331647,1.0,253.0,5.0,0.18207740783691406,0.0,-6.295163154602051,-23.14327621459961,-18.207740783691406,0.6293812990188599,-5.564917087554932,0.033152182444609934,0.18207740783691406,24.083168029785156
run_1779935538_c61b7463,1779937179.3250558,1.0,253.0,5.0,0.22616147994995117,0.0,-6.24556827545166,-28.56014060974121,-22.616147994995117,0.18667978048324585,-6.130672454833984,0.051149015013152166,0.22616147994995117,24.083168029785156
run_1779935538_c61b7463,1779937181.3310835,1.0,253.0,5.0,0.13799333572387695,0.0,-6.344757556915283,-17.32082176208496,-13.799333572387695,-0.0825914815068245,-3.438897132873535,0.019042160704202615,0.13799333572387695,24.083168029785156
run_1779935538_c61b7463,1779937183.3231626,1.0,253.0,5.0,0.13799333572387695,0.0,-6.344757556915283,-17.101871490478516,-13.799333572387695,-0.191677063703537,-3.1108622550964355,0.019042160704202615,0.13799333572387695,24.083168029785156
run_1779935538_c61b7463,1779937185.333071,1.0,253.0,5.0,0.13799333572387695,0.0,-6.344757556915283,-16.914216995239258,-13.799333572387695,-0.3007628619670868,-2.814119577407837,0.019042160704202615,0.13799333572387695,24.083168029785156
run_1779935538_c61b7463,1779937187.321067,1.0,253.0,5.0,0.005744457244873047,0.0,-6.493537425994873,-0.2729262113571167,-0.5744457244873047,-0.37849169969558716,0.6800112128257751,3.2998789038174436e-05,0.005744457244873047,24.083168029785156
run_1779935538_c61b7463,1779937189.3312376,1.0,253.0,5.0,0.005744457244873047,0.0,-6.493537425994873,-0.3423331379890442,-0.5744457244873047,-0.38303282856941223,0.6151454448699951,3.2998789038174436e-05,0.005744457244873047,24.083168029785156
run_1779935538_c61b7463,1779937191.325808,1.0,253.0,5.0,-0.12648344039916992,0.0,-6.642293930053711,16.13020133972168,12.648344039916992,-0.2997640371322632,3.781621217727661,0.01599806069521037,0.12648344039916992,24.083168029785156
run_1779935538_c61b7463,1779937193.3211827,1.0,253.0,5.0,-0.21464109420776367,0.0,-6.741471290588379,27.063688278198242,21.464109420776367,0.029294349253177643,5.570284366607666,0.04607079932270608,0.21464109420776367,24.083168029785156
run_1779935538_c61b7463,1779937195.3266654,1.0,253.0,5.0,-0.3027677536010742,0.0,-6.84061336517334,37.67072677612305,30.276775360107422,0.2268306016921997,7.1671223640441895,0.09166831262064079,0.3027677536010742,24.083168029785156
run_1779935538_c61b7463,1779937197.3189445,1.0,253.0,5.0,-0.3027677536010742,0.0,-6.84061336517334,37.22640609741211,30.276775360107422,0.4661727249622345,6.483455657958984,0.09166831262064079,0.3027677536010742,24.083168029785156
run_1779935538_c61b7463,1779937199.3202693,1.0,253.0,5.0,-0.39092063903808594,0.0,-6.939785957336426,47.77614974975586,39.092063903808594,0.7542948722839355,7.929793834686279,0.15281894602594548,0.39092063903808594,24.083168029785156
run_1779935538_c61b7463,1779937201.333435,1.0,253.0,5.0,-0.39092063903808594,0.0,-6.939785957336426,47.32876205444336,39.092063903808594,1.06332266330719,7.173375129699707,0.15281894602594548,0.39092063903808594,24.083168029785156
run_1779935538_c61b7463,1779937203.3248067,1.0,253.0,5.0,-0.4349956512451172,0.0,-6.989370346069336,52.41777801513672,43.49956512451172,1.396740198135376,7.521472930908203,0.18922121660216362,0.4349956512451172,24.083168029785156
run_1779935538_c61b7463,1779937205.3280857,1.0,253.0,5.0,-0.4349956512451172,0.0,-6.989370346069336,52.0441780090332,43.49956512451172,1.7406105995178223,6.804004192352295,0.18922121660216362,0.4349956512451172,24.083168029785156
run_1779935538_c61b7463,1779937207.3233893,1.0,253.0,5.0,-0.3468303680419922,0.0,-6.89018440246582,40.80862045288086,34.68303680419922,2.035693407058716,4.08989143371582,0.12029130419614376,0.3468303680419922,24.083168029785156
run_1779935538_c61b7463,1779937209.3275719,1.0,253.0,5.0,-0.3027677536010742,0.0,-6.84061336517334,35.20165252685547,30.276775360107422,2.2994179725646973,2.625459909439087,0.09166831262064079,0.3027677536010742,24.083168029785156
run_1779935538_c61b7463,1779937211.323183,1.0,253.0,5.0,-0.170562744140625,0.0,-6.691883087158203,18.75717544555664,17.0562744140625,2.4865095615386963,-0.7856065630912781,0.029091649688780308,0.170562744140625,24.083168029785156
run_1779935538_c61b7463,1779937213.3288743,1.0,253.0,5.0,-0.12648344039916992,0.0,-6.642293930053711,13.473859786987305,12.648344039916992,2.610888719558716,-1.785374402999878,0.01599806069521037,0.12648344039916992,24.083168029785156
run_1779935538_c61b7463,1779937215.3340042,1.0,253.0,5.0,-0.038336753845214844,0.0,-6.543128967285156,2.816058397293091,3.8336753845214844,2.6620984077453613,-3.679715394973755,0.001469706695388595,0.038336753845214844,24.083168029785156
run_1779935538_c61b7463,1779937217.3218863,1.0,253.0,5.0,0.04982709884643555,0.0,-6.443944454193115,-7.813133239746094,-4.982709884643555,2.6478264331817627,-5.478250026702881,0.0024827397794524586,0.04982709884643555,24.083168029785156
run_1779935538_c61b7463,1779937219.3311787,nan,nan,nan,0.18207740783691406,nan,-6.295163154602051,nan,nan,nan,nan,nan,nan,24.083168029785156
