run_id,timestamp,kp,ki,kd,temp,temp_ref,temp_raw,temp_u,temp_u_p,temp_u_i,temp_u_d,sq_error,mae,start_temp
run_1779987552_a8af689e,1779988033.924927,1.0,13.0,50.0,29.342594146728516,0.0,26.398536682128906,-100.0,-100.0,0.0,15.947961807250977,860.9878312596265,29.342594146728516,29.342594146728516
run_1779987552_a8af689e,1779988035.633339,1.0,13.0,50.0,29.29449462890625,0.0,26.348432540893555,-100.0,-100.0,0.0,25.469329833984375,858.1674155630171,29.29449462890625,29.342594146728516
run_1779987552_a8af689e,1779988037.623882,1.0,13.0,50.0,29.29449462890625,0.0,26.348432540893555,-100.0,-100.0,0.0,23.039827346801758,858.1674155630171,29.29449462890625,29.342594146728516
run_1779987552_a8af689e,1779988039.6312232,1.0,13.0,50.0,29.246421813964844,0.0,26.298357009887695,-100.0,-100.0,0.0,31.878576278686523,855.3531889203587,29.246421813964844,29.342594146728516
run_1779987552_a8af689e,1779988041.6256557,1.0,13.0,50.0,29.198352813720703,0.0,26.24828338623047,-100.0,-100.0,0.0,40.0,852.5438070345117,29.198352813720703,29.342594146728516
run_1779987552_a8af689e,1779988043.6339343,1.0,13.0,50.0,29.150251388549805,0.0,26.198179244995117,-100.0,-100.0,0.0,40.0,849.7371560156498,29.150251388549805,29.342594146728516
run_1779987552_a8af689e,1779988045.6262367,1.0,13.0,50.0,29.102149963378906,0.0,26.148073196411133,-100.0,-100.0,0.0,40.0,846.9351324909949,29.102149963378906,29.342594146728516
run_1779987552_a8af689e,1779988047.6320775,1.0,13.0,50.0,29.006013870239258,0.0,26.047931671142578,-100.0,-100.0,0.0,40.0,841.3488406405122,29.006013870239258,29.342594146728516
run_1779987552_a8af689e,1779988049.6378791,1.0,13.0,50.0,28.957948684692383,0.0,25.99786376953125,-100.0,-100.0,0.0,40.0,838.5627920252773,28.957948684692383,29.342594146728516
run_1779987552_a8af689e,1779988051.631106,1.0,13.0,50.0,28.861785888671875,0.0,25.897693634033203,-100.0,-100.0,0.0,40.0,833.002684683539,28.861785888671875,29.342594146728516
run_1779987552_a8af689e,1779988053.6249766,1.0,13.0,50.0,28.813722610473633,0.0,25.847627639770508,-100.0,-100.0,0.0,40.0,830.2306106733195,28.813722610473633,29.342594146728516
run_1779987552_a8af689e,1779988055.6346364,1.0,13.0,50.0,28.71756362915039,0.0,25.74746322631836,-100.0,-100.0,0.0,40.0,824.6984607943014,28.71756362915039,29.342594146728516
run_1779987552_a8af689e,1779988057.628303,1.0,13.0,50.0,28.66950225830078,0.0,25.697397232055664,-100.0,-100.0,0.0,40.0,821.9403597387136,28.66950225830078,29.342594146728516
run_1779987552_a8af689e,1779988059.629545,1.0,13.0,50.0,28.573347091674805,0.0,25.59723663330078,-100.0,-100.0,0.0,40.0,816.436164021321,28.573347091674805,29.342594146728516
run_1779987552_a8af689e,1779988061.6223521,1.0,13.0,50.0,28.525257110595703,0.0,25.547143936157227,-100.0,-100.0,0.0,40.0,813.6902932255907,28.525257110595703,29.342594146728516
run_1779987552_a8af689e,1779988063.6349409,1.0,13.0,50.0,28.429136276245117,0.0,25.447017669677734,-100.0,-100.0,0.0,40.0,808.2157894133161,28.429136276245117,29.342594146728516
run_1779987552_a8af689e,1779988065.623506,1.0,13.0,50.0,28.38104820251465,0.0,25.39692497253418,-100.0,-100.0,0.0,40.0,805.48389707346,28.38104820251465,29.342594146728516
run_1779987552_a8af689e,1779988067.6333814,1.0,13.0,50.0,28.33299446105957,0.0,25.34686851501465,-100.0,-100.0,0.0,40.0,802.7585751304323,28.33299446105957,29.342594146728516
run_1779987552_a8af689e,1779988069.62967,1.0,13.0,50.0,28.28490447998047,0.0,25.296775817871094,-100.0,-100.0,0.0,40.0,800.0358214416192,28.28490447998047,29.342594146728516
run_1779987552_a8af689e,1779988071.6227176,1.0,13.0,50.0,28.236846923828125,0.0,25.246715545654297,-100.0,-100.0,0.0,40.0,797.3195241997018,28.236846923828125,29.342594146728516
run_1779987552_a8af689e,1779988073.6329951,1.0,13.0,50.0,28.140708923339844,0.0,25.14657211303711,-100.0,-100.0,0.0,40.0,791.8994987081387,28.140708923339844,29.342594146728516
run_1779987552_a8af689e,1779988075.6215353,1.0,13.0,50.0,28.0926570892334,0.0,25.09651756286621,-100.0,-100.0,0.0,40.0,789.1973823332555,28.0926570892334,29.342594146728516
run_1779987552_a8af689e,1779988077.6295824,1.0,13.0,50.0,28.04460334777832,0.0,25.04646110534668,-100.0,-100.0,0.0,40.0,786.499776934219,28.04460334777832,29.342594146728516
run_1779987552_a8af689e,1779988079.636794,1.0,13.0,50.0,27.996807098388672,0.0,24.99640655517578,-100.0,-100.0,0.0,40.0,783.8212077043863,27.996807098388672,29.342594146728516
run_1779987552_a8af689e,1779988081.626837,1.0,13.0,50.0,27.952314376831055,0.0,24.946353912353516,-100.0,-100.0,0.0,40.0,781.3318790211961,27.952314376831055,29.342594146728516
run_1779987552_a8af689e,1779988083.626385,1.0,13.0,50.0,27.907793045043945,0.0,24.89626693725586,-100.0,-100.0,0.0,40.0,778.8449126450032,27.907793045043945,29.342594146728516
run_1779987552_a8af689e,1779988085.6321583,1.0,13.0,50.0,27.86327362060547,0.0,24.84618377685547,-100.0,-100.0,0.0,40.0,776.3620168567286,27.86327362060547,29.342594146728516
run_1779987552_a8af689e,1779988087.6258335,1.0,13.0,50.0,27.818754196166992,0.0,24.796098709106445,-100.0,-100.0,0.0,40.0,773.8830850267586,27.818754196166992,29.342594146728516
run_1779987552_a8af689e,1779988089.6345892,1.0,13.0,50.0,27.774295806884766,0.0,24.746082305908203,-100.0,-100.0,0.0,40.0,771.4115075683367,27.774295806884766,29.342594146728516
run_1779987552_a8af689e,1779988091.625621,1.0,13.0,50.0,27.729778289794922,0.0,24.695999145507812,-100.0,-100.0,0.0,40.0,768.9406040011818,27.729778289794922,29.342594146728516
run_1779987552_a8af689e,1779988093.6218572,1.0,13.0,50.0,27.68528938293457,0.0,24.645950317382812,-100.0,-100.0,0.0,40.0,766.4752482168296,27.68528938293457,29.342594146728516
run_1779987552_a8af689e,1779988095.6325028,1.0,13.0,50.0,27.640771865844727,0.0,24.595869064331055,-100.0,-100.0,0.0,40.0,764.0122693396734,27.640771865844727,29.342594146728516
run_1779987552_a8af689e,1779988097.6239948,1.0,13.0,50.0,27.59628677368164,0.0,24.545822143554688,-100.0,-100.0,0.0,40.0,761.5550436952763,27.59628677368164,29.342594146728516
run_1779987552_a8af689e,1779988099.6339428,1.0,13.0,50.0,27.551774978637695,0.0,24.495746612548828,-100.0,-100.0,0.0,40.0,759.1003044734862,27.551774978637695,29.342594146728516
run_1779987552_a8af689e,1779988101.6283453,1.0,13.0,50.0,27.551774978637695,0.0,24.495746612548828,-100.0,-100.0,0.0,40.0,759.1003044734862,27.551774978637695,29.342594146728516
run_1779987552_a8af689e,1779988103.622581,1.0,13.0,50.0,27.50731658935547,0.0,24.445730209350586,-100.0,-100.0,0.0,40.0,756.6524659470306,27.50731658935547,29.342594146728516
run_1779987552_a8af689e,1779988105.6320746,1.0,13.0,50.0,27.462833404541016,0.0,24.395687103271484,-100.0,-100.0,0.0,40.0,754.2072186055739,27.462833404541016,29.342594146728516
run_1779987552_a8af689e,1779988107.6325326,1.0,13.0,50.0,27.418319702148438,0.0,24.345609664916992,-100.0,-100.0,0.0,40.0,751.7642552892212,27.418319702148438,29.342594146728516
run_1779987552_a8af689e,1779988109.6266472,1.0,13.0,50.0,27.418319702148438,0.0,24.345609664916992,-100.0,-100.0,0.0,40.0,751.7642552892212,27.418319702148438,29.342594146728516
run_1779987552_a8af689e,1779988111.636953,1.0,13.0,50.0,27.329294204711914,0.0,24.24545669555664,-100.0,-100.0,0.0,40.0,746.8903217277002,27.329294204711914,29.342594146728516
run_1779987552_a8af689e,1779988113.630616,1.0,13.0,50.0,27.329294204711914,0.0,24.24545669555664,-100.0,-100.0,0.0,40.0,746.8903217277002,27.329294204711914,29.342594146728516
run_1779987552_a8af689e,1779988115.6374989,1.0,13.0,50.0,27.284839630126953,0.0,24.195446014404297,-100.0,-100.0,0.0,40.0,744.4624736417463,27.284839630126953,29.342594146728516
run_1779987552_a8af689e,1779988117.6298647,1.0,13.0,50.0,27.240333557128906,0.0,24.145374298095703,-100.0,-100.0,0.0,40.0,742.0357723036432,27.240333557128906,29.342594146728516
run_1779987552_a8af689e,1779988119.6268618,1.0,13.0,50.0,27.195850372314453,0.0,24.095333099365234,-100.0,-100.0,0.0,40.0,739.6142774733162,27.195850372314453,29.342594146728516
run_1779987552_a8af689e,1779988121.6360774,1.0,13.0,50.0,27.195850372314453,0.0,24.095333099365234,-100.0,-100.0,0.0,40.0,739.6142774733162,27.195850372314453,29.342594146728516
run_1779987552_a8af689e,1779988123.631154,1.0,13.0,50.0,27.151344299316406,0.0,24.045263290405273,-100.0,-100.0,0.0,40.0,737.1954972600215,27.151344299316406,29.342594146728516
run_1779987552_a8af689e,1779988125.6236908,1.0,13.0,50.0,27.10686492919922,0.0,23.995223999023438,-100.0,-100.0,0.0,40.0,734.7821262898506,27.10686492919922,29.342594146728516
run_1779987552_a8af689e,1779988127.6367626,1.0,13.0,50.0,27.10686492919922,0.0,23.995223999023438,-100.0,-100.0,0.0,40.0,734.7821262898506,27.10686492919922,29.342594146728516
run_1779987552_a8af689e,1779988129.6363263,1.0,13.0,50.0,27.06238555908203,0.0,23.94518280029297,-100.0,-100.0,0.0,40.0,732.3727121484117,27.06238555908203,29.342594146728516
run_1779987552_a8af689e,1779988131.628546,1.0,13.0,50.0,27.017908096313477,0.0,23.8951473236084,-100.0,-100.0,0.0,40.0,729.9673579008413,27.017908096313477,29.342594146728516
run_1779987552_a8af689e,1779988133.6374664,1.0,13.0,50.0,26.97340202331543,0.0,23.845077514648438,-100.0,-100.0,0.0,40.0,727.5644167113969,26.97340202331543,29.342594146728516
run_1779987552_a8af689e,1779988135.6305761,1.0,13.0,50.0,26.97340202331543,0.0,23.845077514648438,-100.0,-100.0,0.0,40.0,727.5644167113969,26.97340202331543,29.342594146728516
run_1779987552_a8af689e,1779988137.622264,1.0,13.0,50.0,26.928926467895508,0.0,23.795042037963867,-100.0,-100.0,0.0,40.0,725.1670807133232,26.928926467895508,29.342594146728516
run_1779987552_a8af689e,1779988139.6327097,1.0,13.0,50.0,26.928926467895508,0.0,23.795042037963867,-100.0,-100.0,0.0,40.0,725.1670807133232,26.928926467895508,29.342594146728516
run_1779987552_a8af689e,1779988141.6234937,1.0,13.0,50.0,26.884422302246094,0.0,23.74497413635254,-100.0,-100.0,0.0,40.0,722.7721625255072,26.884422302246094,29.342594146728516
run_1779987552_a8af689e,1779988143.6322007,1.0,13.0,50.0,26.839948654174805,0.0,23.694942474365234,-100.0,-100.0,0.0,40.0,720.3828437587399,26.839948654174805,29.342594146728516
run_1779987552_a8af689e,1779988145.6256902,1.0,13.0,50.0,26.79547119140625,0.0,23.64490509033203,-100.0,-100.0,0.0,40.0,717.9972763694823,26.79547119140625,29.342594146728516
run_1779987552_a8af689e,1779988147.629079,1.0,13.0,50.0,26.75096893310547,0.0,23.594839096069336,-100.0,-100.0,0.0,40.0,715.6143388599739,26.75096893310547,29.342594146728516
run_1779987552_a8af689e,1779988149.6361089,1.0,13.0,50.0,26.70649528503418,0.0,23.54480743408203,-100.0,-100.0,0.0,40.0,713.2368904095529,26.70649528503418,29.342594146728516
run_1779987552_a8af689e,1779988151.6289086,1.0,13.0,50.0,26.66199493408203,0.0,23.49474334716797,-100.0,-100.0,0.0,40.0,710.8619738650159,26.66199493408203,29.342594146728516
run_1779987552_a8af689e,1779988153.6329691,1.0,13.0,50.0,26.617523193359375,0.0,23.444713592529297,-100.0,-100.0,0.0,40.0,708.4925409490243,26.617523193359375,29.342594146728516
run_1779987552_a8af689e,1779988155.629143,1.0,13.0,50.0,26.57305145263672,0.0,23.394681930541992,-100.0,-100.0,0.0,40.0,706.1270635044784,26.57305145263672,29.342594146728516
run_1779987552_a8af689e,1779988157.6375575,1.0,13.0,50.0,26.48408317565918,0.0,23.294593811035156,-100.0,-100.0,0.0,40.0,701.4066616552336,26.48408317565918,29.342594146728516
run_1779987552_a8af689e,1779988159.628385,1.0,13.0,50.0,26.48408317565918,0.0,23.294593811035156,-100.0,-100.0,0.0,40.0,701.4066616552336,26.48408317565918,29.342594146728516
run_1779987552_a8af689e,1779988161.6366243,1.0,13.0,50.0,26.395118713378906,0.0,23.194509506225586,-100.0,-100.0,0.0,40.0,696.7022918933653,26.395118713378906,29.342594146728516
run_1779987552_a8af689e,1779988163.62762,1.0,13.0,50.0,26.350648880004883,0.0,23.144479751586914,-100.0,-100.0,0.0,40.0,694.3566963973026,26.350648880004883,29.342594146728516
run_1779987552_a8af689e,1779988165.633353,1.0,13.0,50.0,26.261714935302734,0.0,23.044429779052734,-100.0,-100.0,0.0,40.0,689.6776713431027,26.261714935302734,29.342594146728516
run_1779987552_a8af689e,1779988167.6375053,1.0,13.0,50.0,26.21722412109375,0.0,22.99437713623047,-100.0,-100.0,0.0,40.0,687.34284061566,26.21722412109375,29.342594146728516
run_1779987552_a8af689e,1779988169.6284273,1.0,13.0,50.0,26.083799362182617,0.0,22.844274520874023,-100.0,-100.0,0.0,40.0,680.3645891665983,26.083799362182617,29.342594146728516
run_1779987552_a8af689e,1779988171.638414,1.0,13.0,50.0,26.039339065551758,0.0,22.79425621032715,-100.0,-100.0,0.0,40.0,678.0471789707699,26.039339065551758,29.342594146728516
run_1779987552_a8af689e,1779988173.6295238,1.0,13.0,50.0,25.950355529785156,0.0,22.694150924682617,-100.0,-100.0,0.0,40.0,673.420952122251,25.950355529785156,29.342594146728516
run_1779987552_a8af689e,1779988175.632494,1.0,13.0,50.0,25.861433029174805,0.0,22.594112396240234,-100.0,-100.0,0.0,40.0,668.8137183224935,25.861433029174805,29.342594146728516
run_1779987552_a8af689e,1779988177.6275842,1.0,13.0,50.0,25.77248764038086,0.0,22.494049072265625,-100.0,-100.0,0.0,40.0,664.2211191735842,25.77248764038086,29.342594146728516
run_1779987552_a8af689e,1779988179.6385567,1.0,13.0,50.0,25.683574676513672,0.0,22.39402198791504,-100.0,-100.0,0.0,40.0,659.6460081640544,25.683574676513672,29.342594146728516
run_1779987552_a8af689e,1779988181.6320634,1.0,13.0,50.0,25.55017852783203,0.0,22.24394989013672,-100.0,-100.0,0.0,40.0,652.811622804089,25.55017852783203,29.342594146728516
run_1779987552_a8af689e,1779988183.629912,1.0,13.0,50.0,25.505664825439453,0.0,22.193872451782227,-100.0,-100.0,0.0,40.0,650.5389381876594,25.505664825439453,29.342594146728516
run_1779987552_a8af689e,1779988185.6364257,1.0,13.0,50.0,25.372303009033203,0.0,22.043842315673828,-100.0,-100.0,0.0,40.0,643.7537599821953,25.372303009033203,29.342594146728516
run_1779987552_a8af689e,1779988187.6302438,1.0,13.0,50.0,25.32785415649414,0.0,21.99383544921875,-100.0,-100.0,0.0,40.0,641.5001961726375,25.32785415649414,29.342594146728516
run_1779987552_a8af689e,1779988189.623216,1.0,13.0,50.0,25.194469451904297,0.0,21.843778610229492,-100.0,-100.0,0.0,40.0,634.7612909629388,25.194469451904297,29.342594146728516
run_1779987552_a8af689e,1779988191.6314306,1.0,13.0,50.0,25.105575561523438,0.0,21.743772506713867,-100.0,-100.0,0.0,40.0,630.2899242753629,25.105575561523438,29.342594146728516
run_1779987552_a8af689e,1779988193.626096,1.0,13.0,50.0,24.972171783447266,0.0,21.59369468688965,-100.0,-100.0,0.0,40.0,623.6093635819998,24.972171783447266,29.342594146728516
run_1779987552_a8af689e,1779988195.634035,1.0,13.0,50.0,24.883251190185547,0.0,21.4936580657959,-100.0,-100.0,0.0,40.0,619.1761897938704,24.883251190185547,29.342594146728516
run_1779987552_a8af689e,1779988197.6257951,1.0,13.0,50.0,24.705448150634766,0.0,21.293630599975586,-100.0,-100.0,0.0,40.0,610.3591683237028,24.705448150634766,29.342594146728516
run_1779987552_a8af689e,1779988199.6369524,1.0,13.0,50.0,24.661008834838867,0.0,21.243635177612305,-100.0,-100.0,0.0,40.0,608.1653567520007,24.661008834838867,29.342594146728516
run_1779987552_a8af689e,1779988201.6324189,1.0,13.0,50.0,24.483177185058594,0.0,21.0435733795166,-100.0,-100.0,0.0,40.0,599.4259650749736,24.483177185058594,29.342594146728516
run_1779987552_a8af689e,1779988203.6370056,1.0,13.0,50.0,24.394285202026367,0.0,20.943571090698242,-100.0,-100.0,0.0,40.0,595.0811505178026,24.394285202026367,29.342594146728516
run_1779987552_a8af689e,1779988205.6332223,1.0,13.0,50.0,24.260963439941406,0.0,20.793582916259766,-100.0,-100.0,0.0,40.0,588.5943470341736,24.260963439941406,29.342594146728516
run_1779987552_a8af689e,1779988207.636699,1.0,13.0,50.0,24.172046661376953,0.0,20.693553924560547,-100.0,-100.0,0.0,40.0,584.2878397997847,24.172046661376953,29.342594146728516
run_1779987552_a8af689e,1779988209.6251442,1.0,13.0,50.0,23.994287490844727,0.0,20.493574142456055,-100.0,-100.0,0.0,40.0,575.7258321933077,23.994287490844727,29.342594146728516
run_1779987552_a8af689e,1779988211.6219873,1.0,13.0,50.0,23.905399322509766,0.0,20.393573760986328,-100.0,-100.0,0.0,40.0,571.4681167686504,23.905399322509766,29.342594146728516
run_1779987552_a8af689e,1779988213.6236374,1.0,13.0,50.0,23.72765350341797,0.0,20.19361114501953,-100.0,-100.0,0.0,40.0,563.001540778263,23.72765350341797,29.342594146728516
run_1779987552_a8af689e,1779988215.6326387,1.0,13.0,50.0,23.638790130615234,0.0,20.093637466430664,-100.0,-100.0,0.0,40.0,558.7923988392722,23.638790130615234,29.342594146728516
run_1779987552_a8af689e,1779988217.626955,1.0,13.0,50.0,23.46104621887207,0.0,19.8936767578125,-100.0,-100.0,0.0,40.0,550.4206896840515,23.46104621887207,29.342594146728516
run_1779987552_a8af689e,1779988219.6238728,1.0,13.0,50.0,23.37218475341797,0.0,19.79370880126953,-100.0,-100.0,0.0,40.0,546.2590201479034,23.37218475341797,29.342594146728516
run_1779987552_a8af689e,1779988221.6290393,1.0,13.0,50.0,23.194446563720703,0.0,19.593751907348633,-100.0,-100.0,0.0,40.0,537.9823513972951,23.194446563720703,29.342594146728516
run_1779987552_a8af689e,1779988223.6347964,1.0,13.0,50.0,23.10558319091797,0.0,19.4937801361084,-100.0,-100.0,0.0,40.0,533.867974592431,23.10558319091797,29.342594146728516
run_1779987552_a8af689e,1779988225.6272628,1.0,13.0,50.0,22.927886962890625,0.0,19.293872833251953,-100.0,-100.0,0.0,40.0,525.6880005830899,22.927886962890625,29.342594146728516
run_1779987552_a8af689e,1779988227.6346607,1.0,13.0,50.0,22.83904266357422,0.0,19.19392204284668,-100.0,-100.0,0.0,40.0,521.6218697885633,22.83904266357422,29.342594146728516
run_1779987552_a8af689e,1779988229.6280105,1.0,13.0,50.0,22.66132354736328,0.0,18.993988037109375,-100.0,-100.0,0.0,40.0,513.5355849182815,22.66132354736328,29.342594146728516
run_1779987552_a8af689e,1779988231.634817,1.0,13.0,50.0,22.572484970092773,0.0,18.894044876098633,-100.0,-100.0,0.0,40.0,509.51707772506415,22.572484970092773,29.342594146728516
run_1779987552_a8af689e,1779988233.6265924,1.0,13.0,50.0,22.394840240478516,0.0,18.694194793701172,-100.0,-100.0,0.0,40.0,501.5288693965558,22.394840240478516,29.342594146728516
run_1779987552_a8af689e,1779988235.6347306,1.0,13.0,50.0,22.305980682373047,0.0,18.594228744506836,-100.0,-100.0,0.0,40.0,497.55677420239954,22.305980682373047,29.342594146728516
run_1779987552_a8af689e,1779988237.6311884,1.0,13.0,50.0,22.12833595275879,0.0,18.394378662109375,-100.0,-100.0,0.0,40.0,489.6632520381572,22.12833595275879,29.342594146728516
run_1779987552_a8af689e,1779988239.6225722,1.0,13.0,50.0,21.995086669921875,0.0,18.24447250366211,-100.0,-100.0,0.0,40.0,483.78383761737496,21.995086669921875,29.342594146728516
run_1779987552_a8af689e,1779988241.631752,1.0,13.0,50.0,21.817445755004883,0.0,18.044626235961914,-100.0,-100.0,0.0,40.0,476.0009392725806,21.817445755004883,29.342594146728516
run_1779987552_a8af689e,1779988243.6386108,1.0,13.0,50.0,21.7286376953125,0.0,17.944717407226562,-100.0,-100.0,0.0,40.0,472.1336960941553,21.7286376953125,29.342594146728516
run_1779987552_a8af689e,1779988245.6294963,1.0,13.0,50.0,21.551025390625,0.0,17.744903564453125,-100.0,-100.0,0.0,40.0,464.44669538736343,21.551025390625,29.342594146728516
run_1779987552_a8af689e,1779988247.6234782,1.0,13.0,50.0,21.46221160888672,0.0,17.644987106323242,-100.0,-100.0,0.0,40.0,460.62652714463184,21.46221160888672,29.342594146728516
run_1779987552_a8af689e,1779988249.6311164,1.0,13.0,50.0,21.284587860107422,0.0,17.445159912109375,-100.0,-100.0,0.0,40.0,453.03368037463224,21.284587860107422,29.342594146728516
run_1779987552_a8af689e,1779988251.6315107,1.0,13.0,50.0,21.151405334472656,0.0,17.295330047607422,-100.0,-100.0,0.0,40.0,447.38194762315834,21.151405334472656,29.342594146728516
run_1779987552_a8af689e,1779988253.625485,1.0,13.0,50.0,21.018199920654297,0.0,17.145475387573242,-100.0,-100.0,0.0,40.0,441.7647279045923,21.018199920654297,29.342594146728516
run_1779987552_a8af689e,1779988255.6319551,1.0,13.0,50.0,20.885013580322266,0.0,16.995641708374023,-100.0,-100.0,0.0,40.0,436.18379225024546,20.885013580322266,29.342594146728516
run_1779987552_a8af689e,1779988257.634826,1.0,13.0,50.0,20.707443237304688,0.0,16.795873641967773,-100.0,-100.0,0.0,40.0,428.79820542619564,20.707443237304688,29.342594146728516
run_1779987552_a8af689e,1779988259.6276195,1.0,13.0,50.0,20.663061141967773,0.0,16.745943069458008,-100.0,-100.0,0.0,40.0,426.96209575669855,20.663061141967773,29.342594146728516
run_1779987552_a8af689e,1779988261.6347616,1.0,13.0,50.0,20.396717071533203,0.0,16.446306228637695,-100.0,-100.0,0.0,40.0,416.026067296174,20.396717071533203,29.342594146728516
run_1779987552_a8af689e,1779988263.6260586,1.0,13.0,50.0,20.307950973510742,0.0,16.346445083618164,-100.0,-100.0,0.0,40.0,412.4128727425159,20.307950973510742,29.342594146728516
run_1779987552_a8af689e,1779988265.6330788,1.0,13.0,50.0,20.17481231689453,0.0,16.196664810180664,-100.0,-100.0,0.0,40.0,407.0230520219193,20.17481231689453,29.342594146728516
run_1779987552_a8af689e,1779988267.6232667,1.0,13.0,50.0,19.99725341796875,0.0,15.996910095214844,-100.0,-100.0,0.0,40.0,399.89014426246285,19.99725341796875,29.342594146728516
run_1779987552_a8af689e,1779988269.6339333,1.0,13.0,50.0,19.90850067138672,0.0,15.897062301635742,-100.0,-100.0,0.0,40.0,396.34839898260543,19.90850067138672,29.342594146728516
run_1779987552_a8af689e,1779988271.6242888,1.0,13.0,50.0,19.686634063720703,0.0,15.647462844848633,-100.0,-100.0,0.0,40.0,387.5635607588483,19.686634063720703,29.342594146728516
run_1779987552_a8af689e,1779988273.63606,1.0,13.0,50.0,19.597858428955078,0.0,15.547592163085938,-100.0,-100.0,0.0,40.0,384.0760550013656,19.597858428955078,29.342594146728516
run_1779987552_a8af689e,1779988275.633197,1.0,13.0,50.0,19.420364379882812,0.0,15.347909927368164,-100.0,-100.0,0.0,40.0,377.15055264742114,19.420364379882812,29.342594146728516
run_1779987552_a8af689e,1779988277.6257763,1.0,13.0,50.0,19.287267684936523,0.0,15.198176383972168,-100.0,-100.0,0.0,40.0,371.9986947503967,19.287267684936523,29.342594146728516
run_1779987552_a8af689e,1779988279.6241827,1.0,13.0,50.0,19.10977554321289,0.0,14.998497009277344,-100.0,-100.0,0.0,40.0,365.18352131197753,19.10977554321289,29.342594146728516
run_1779987552_a8af689e,1779988281.6370223,1.0,13.0,50.0,18.976694107055664,0.0,14.848780632019043,-100.0,-100.0,0.0,40.0,360.11491923276117,18.976694107055664,29.342594146728516
run_1779987552_a8af689e,1779988283.6275032,1.0,13.0,50.0,18.799236297607422,0.0,14.649140357971191,-100.0,-100.0,0.0,40.0,353.4112853732804,18.799236297607422,29.342594146728516
run_1779987552_a8af689e,1779988285.638199,1.0,13.0,50.0,18.710519790649414,0.0,14.549334526062012,-100.0,-100.0,0.0,40.0,350.0835508362834,18.710519790649414,29.342594146728516
run_1779987552_a8af689e,1779988287.6297524,1.0,13.0,50.0,18.48871612548828,0.0,14.2998046875,-100.0,-100.0,0.0,40.0,341.8326239688904,18.48871612548828,29.342594146728516
run_1779987552_a8af689e,1779988289.638945,1.0,13.0,50.0,18.400005340576172,0.0,14.200005531311035,-100.0,-100.0,0.0,40.0,338.56019653323165,18.400005340576172,29.342594146728516
run_1779987552_a8af689e,1779988291.6338122,1.0,13.0,50.0,18.17819595336914,0.0,13.950470924377441,-100.0,-100.0,0.0,40.0,330.4468081190862,18.17819595336914,29.342594146728516
run_1779987552_a8af689e,1779988293.6384406,1.0,13.0,50.0,18.089496612548828,0.0,13.85068416595459,-100.0,-100.0,0.0,40.0,327.2298876954155,18.089496612548828,29.342594146728516
run_1779987552_a8af689e,1779988295.6276321,1.0,13.0,50.0,17.867769241333008,0.0,13.601240158081055,-100.0,-100.0,0.0,40.0,319.25717766152593,17.867769241333008,29.342594146728516
run_1779987552_a8af689e,1779988297.6245024,1.0,13.0,50.0,17.779064178466797,0.0,13.501448631286621,-100.0,-100.0,0.0,40.0,316.09512306204124,17.779064178466797,29.342594146728516
run_1779987552_a8af689e,1779988299.6331472,1.0,13.0,50.0,17.55733299255371,0.0,13.251999855041504,-100.0,-100.0,0.0,40.0,308.25994181141505,17.55733299255371,29.342594146728516
run_1779987552_a8af689e,1779988301.6256673,1.0,13.0,50.0,17.468652725219727,0.0,13.15223503112793,-100.0,-100.0,0.0,40.0,305.1538280343266,17.468652725219727,29.342594146728516
run_1779987552_a8af689e,1779988303.6366708,1.0,13.0,50.0,17.246944427490234,0.0,12.902811050415039,-100.0,-100.0,0.0,40.0,297.45709208493645,17.246944427490234,29.342594146728516
run_1779987552_a8af689e,1779988305.6284943,1.0,13.0,50.0,17.15827178955078,0.0,12.803055763244629,-100.0,-100.0,0.0,40.0,294.40629080409417,17.15827178955078,29.342594146728516
run_1779987552_a8af689e,1779988307.6332786,1.0,13.0,50.0,16.93658447265625,0.0,12.553658485412598,-100.0,-100.0,0.0,40.0,286.8478935994208,16.93658447265625,29.342594146728516
run_1779987552_a8af689e,1779988309.6360667,1.0,13.0,50.0,16.847909927368164,0.0,12.453899383544922,-100.0,-100.0,0.0,40.0,283.85206892071074,16.847909927368164,29.342594146728516
run_1779987552_a8af689e,1779988311.626146,1.0,13.0,50.0,16.626277923583984,0.0,12.204562187194824,-100.0,-100.0,0.0,40.0,276.43311759225617,16.626277923583984,29.342594146728516
run_1779987552_a8af689e,1779988313.6382444,1.0,13.0,50.0,16.49327850341797,0.0,12.054938316345215,-100.0,-100.0,0.0,40.0,272.02823579130927,16.49327850341797,29.342594146728516
run_1779987552_a8af689e,1779988315.6256213,1.0,13.0,50.0,16.315956115722656,0.0,11.855451583862305,-100.0,-100.0,0.0,40.0,266.21042397018755,16.315956115722656,29.342594146728516
run_1779987552_a8af689e,1779988317.6328006,1.0,13.0,50.0,16.183002471923828,0.0,11.705877304077148,-100.0,-100.0,0.0,40.0,261.88956900629273,16.183002471923828,29.342594146728516
run_1779987552_a8af689e,1779988319.6374853,1.0,13.0,50.0,15.96139144897461,0.0,11.456564903259277,-100.0,-100.0,0.0,40.0,254.76601698739978,15.96139144897461,29.342594146728516
run_1779987552_a8af689e,1779988321.6313705,1.0,13.0,50.0,15.91706657409668,0.0,11.406699180603027,-100.0,-100.0,0.0,40.0,253.3530083242258,15.91706657409668,29.342594146728516
run_1779987552_a8af689e,1779988323.6346805,1.0,13.0,50.0,15.739794731140137,0.0,11.207268714904785,-100.0,-100.0,0.0,40.0,247.7411381784268,15.739794731140137,29.342594146728516
run_1779987552_a8af689e,1779988325.6265507,1.0,13.0,50.0,15.5625638961792,0.0,11.00788402557373,-100.0,-100.0,0.0,40.0,242.1933950226603,15.5625638961792,29.342594146728516
run_1779987552_a8af689e,1779988327.6341472,1.0,13.0,50.0,15.34096908569336,0.0,10.758589744567871,-100.0,-100.0,0.0,40.0,235.34533248819935,15.34096908569336,29.342594146728516
run_1779987552_a8af689e,1779988329.6299436,1.0,13.0,50.0,15.25235652923584,0.0,10.65890121459961,-100.0,-100.0,0.0,40.0,232.63437969492315,15.25235652923584,29.342594146728516
run_1779987552_a8af689e,1779988331.6356237,1.0,13.0,50.0,15.075139045715332,0.0,10.459531784057617,-100.0,-100.0,0.0,40.0,227.25981724765097,15.075139045715332,29.342594146728516
run_1779987552_a8af689e,1779988333.6279745,1.0,13.0,50.0,14.942239761352539,0.0,10.310020446777344,-100.0,-100.0,0.0,40.0,223.27052908574478,14.942239761352539,29.342594146728516
run_1779987552_a8af689e,1779988335.6361635,1.0,13.0,50.0,14.720722198486328,0.0,10.060812950134277,-100.0,-100.0,0.0,40.0,216.69966204500815,14.720722198486328,29.342594146728516
run_1779987552_a8af689e,1779988337.639919,1.0,13.0,50.0,14.632128715515137,0.0,9.96114444732666,-100.0,-100.0,0.0,40.0,214.09919074740264,14.632128715515137,29.342594146728516
run_1779987552_a8af689e,1779988339.6370182,1.0,13.0,50.0,14.454906463623047,0.0,9.761770248413086,-100.0,-100.0,0.0,40.0,208.94432087209134,14.454906463623047,29.342594146728516
run_1779987552_a8af689e,1779988341.6254175,1.0,13.0,50.0,14.322036743164062,0.0,9.61229133605957,-100.0,-100.0,0.0,40.0,205.12073647254147,14.322036743164062,29.342594146728516
run_1779987552_a8af689e,1779988343.6354148,1.0,13.0,50.0,14.14484691619873,0.0,9.412952423095703,-100.0,-100.0,0.0,40.0,200.07669428269674,14.14484691619873,29.342594146728516
run_1779987552_a8af689e,1779988345.6247852,1.0,13.0,50.0,14.011991500854492,0.0,9.263489723205566,-100.0,-100.0,0.0,40.0,196.33590582001852,14.011991500854492,29.342594146728516
run_1779987552_a8af689e,1779988347.62875,1.0,13.0,50.0,13.879110336303711,0.0,9.113999366760254,-100.0,-100.0,0.0,40.0,192.6297037272925,13.879110336303711,29.342594146728516
run_1779987552_a8af689e,1779988349.635649,1.0,13.0,50.0,13.74626636505127,0.0,8.964550018310547,-100.0,-100.0,0.0,40.0,188.95983897893984,13.74626636505127,29.342594146728516
run_1779987552_a8af689e,1779988351.6297455,1.0,13.0,50.0,13.524840354919434,0.0,8.715445518493652,-100.0,-100.0,0.0,40.0,182.92130662605723,13.524840354919434,29.342594146728516
run_1779987552_a8af689e,1779988353.624481,1.0,13.0,50.0,13.436283111572266,0.0,8.61581802368164,-100.0,-100.0,0.0,40.0,180.53370385432208,13.436283111572266,29.342594146728516
run_1779987552_a8af689e,1779988355.62562,1.0,13.0,50.0,13.21487808227539,0.0,8.366738319396973,-100.0,-100.0,0.0,40.0,174.6330027294025,13.21487808227539,29.342594146728516
run_1779987552_a8af689e,1779988357.63473,1.0,13.0,50.0,13.126331329345703,0.0,8.267122268676758,-100.0,-100.0,0.0,40.0,172.30057416776253,13.126331329345703,29.342594146728516
run_1779987552_a8af689e,1779988359.634147,1.0,13.0,50.0,12.949228286743164,0.0,8.06788158416748,-100.0,-100.0,0.0,40.0,167.6825132221893,12.949228286743164,29.342594146728516
run_1779987552_a8af689e,1779988361.6243763,1.0,13.0,50.0,12.816398620605469,0.0,7.918447971343994,-100.0,-100.0,0.0,40.0,164.26007360225776,12.816398620605469,29.342594146728516
run_1779987552_a8af689e,1779988363.6319532,1.0,13.0,50.0,12.595041275024414,0.0,7.669421195983887,-100.0,-100.0,0.0,40.0,158.63506471956862,12.595041275024414,29.342594146728516
run_1779987552_a8af689e,1779988365.637316,1.0,13.0,50.0,12.550798416137695,0.0,7.61964750289917,-100.0,-100.0,0.0,40.0,157.52254088252448,12.550798416137695,29.342594146728516
run_1779987552_a8af689e,1779988367.6303716,1.0,13.0,50.0,12.373730659484863,0.0,7.420446872711182,-100.0,-100.0,0.0,40.0,153.1092104334757,12.373730659484863,29.342594146728516
run_1779987552_a8af689e,1779988369.6369603,1.0,13.0,50.0,12.196659088134766,0.0,7.221240997314453,-100.0,-100.0,0.0,40.0,148.75849291218037,12.196659088134766,29.342594146728516
run_1779987552_a8af689e,1779988371.6264498,1.0,13.0,50.0,12.019611358642578,0.0,7.022063732147217,-100.0,-100.0,0.0,40.0,144.47105721280968,12.019611358642578,29.342594146728516
run_1779987552_a8af689e,1779988373.6296396,1.0,13.0,50.0,11.931102752685547,0.0,6.922489643096924,-100.0,-100.0,0.0,40.0,142.35121289514063,11.931102752685547,29.342594146728516
run_1779987552_a8af689e,1779988375.6389778,1.0,13.0,50.0,11.70981216430664,0.0,6.6735382080078125,-100.0,-100.0,0.0,40.0,137.11970092334377,11.70981216430664,29.342594146728516
run_1779987552_a8af689e,1779988377.6297185,1.0,13.0,50.0,11.621309280395508,0.0,6.573972702026367,-100.0,-100.0,0.0,40.0,135.05482939060676,11.621309280395508,29.342594146728516
run_1779987552_a8af689e,1779988379.6348596,1.0,13.0,50.0,11.400043487548828,0.0,6.325048923492432,-100.0,-100.0,0.0,40.0,129.96099151800445,11.400043487548828,29.342594146728516
run_1779987552_a8af689e,1779988381.6274023,1.0,13.0,50.0,11.311535835266113,0.0,6.225478172302246,-100.0,-100.0,0.0,40.0,127.95084295250945,11.311535835266113,29.342594146728516
run_1779987552_a8af689e,1779988383.6336071,1.0,13.0,50.0,11.134557723999023,0.0,6.0263776779174805,-100.0,-100.0,0.0,40.0,123.97837570906631,11.134557723999023,29.342594146728516
run_1779987552_a8af689e,1779988385.6372828,1.0,13.0,50.0,11.090322494506836,0.0,5.976613521575928,-100.0,-100.0,0.0,40.0,122.99525303216433,11.090322494506836,29.342594146728516
run_1779987552_a8af689e,1779988387.6299937,1.0,13.0,50.0,10.913329124450684,0.0,5.77749490737915,-100.0,-100.0,0.0,40.0,119.10075257858352,10.913329124450684,29.342594146728516
run_1779987552_a8af689e,1779988389.634336,1.0,13.0,50.0,10.824850082397461,0.0,5.677956581115723,-100.0,-100.0,0.0,40.0,117.17737930638032,10.824850082397461,29.342594146728516
run_1779987552_a8af689e,1779988391.6385906,1.0,13.0,50.0,10.559417724609375,0.0,5.379344940185547,-100.0,-100.0,0.0,40.0,111.50130268279463,10.559417724609375,29.342594146728516
run_1779987552_a8af689e,1779988393.6306794,1.0,13.0,50.0,10.470951080322266,0.0,5.279819488525391,-100.0,-100.0,0.0,40.0,109.64081652650202,10.470951080322266,29.342594146728516
run_1779987552_a8af689e,1779988395.6238058,1.0,13.0,50.0,10.2940092086792,0.0,5.0807600021362305,-100.0,-100.0,0.0,40.0,105.96662558837215,10.2940092086792,29.342594146728516
run_1779987552_a8af689e,1779988397.6299937,1.0,13.0,50.0,10.249772071838379,0.0,5.030993461608887,-100.0,-100.0,0.0,40.0,105.05782752463801,10.249772071838379,29.342594146728516
run_1779987552_a8af689e,1779988399.624871,1.0,13.0,50.0,10.072844505310059,0.0,4.8319501876831055,-100.0,-100.0,0.0,40.0,101.46219642815504,10.072844505310059,29.342594146728516
run_1779987552_a8af689e,1779988401.6332507,1.0,13.0,50.0,9.98436164855957,0.0,4.732407093048096,-100.0,-100.0,0.0,40.0,99.68747752922718,9.98436164855957,29.342594146728516
run_1779987552_a8af689e,1779988403.8270116,18.0,262.0,21.0,9.851696014404297,0.0,4.583157539367676,-47.067405700683594,-54.73164367675781,-0.3771441578865051,8.041379928588867,97.05591436022951,9.851696014404297,29.342594146728516
run_1779987552_a8af689e,1779988405.6277652,18.0,262.0,21.0,9.719036102294922,0.0,4.433915138244629,-46.7995719909668,-53.99464416503906,-0.7898794412612915,7.984953880310059,94.45966275771207,9.719036102294922,29.342594146728516
run_1779987552_a8af689e,1779988407.6322012,18.0,262.0,21.0,9.54212474822998,0.0,4.234890460968018,-46.01845169067383,-53.01180648803711,-1.1968010663986206,8.190153121948242,91.05214471078307,9.54212474822998,29.342594146728516
run_1779987552_a8af689e,1779988409.6363444,18.0,262.0,21.0,9.365240097045898,0.0,4.035895347595215,-45.226715087890625,-52.02911376953125,-1.5980945825576782,8.400494575500488,87.70772207531627,9.365240097045898,29.342594146728516
run_1779987552_a8af689e,1779988411.6336327,18.0,262.0,21.0,9.276808738708496,0.0,3.9364099502563477,-45.44798278808594,-51.5378303527832,-1.9926366806030273,8.082483291625977,86.05918037457832,9.276808738708496,29.342594146728516
run_1779987552_a8af689e,1779988413.6291237,18.0,262.0,21.0,9.09992504119873,0.0,3.7374155521392822,-44.648284912109375,-50.55514144897461,-2.3815550804138184,8.288412094116211,82.80863575543572,9.09992504119873,29.342594146728516
run_1779987552_a8af689e,1779988415.6237512,18.0,262.0,21.0,9.01148796081543,0.0,3.6379237174987793,-44.8475456237793,-50.06382369995117,-2.7648470401763916,7.981124401092529,81.20691526792143,9.01148796081543,29.342594146728516
run_1779987552_a8af689e,1779988417.6324902,18.0,262.0,21.0,8.834650039672852,0.0,3.4389805793762207,-44.01387405395508,-49.08138656616211,-3.143639087677002,8.21115493774414,78.05104132349152,8.834650039672852,29.342594146728516
run_1779987552_a8af689e,1779988419.6248891,18.0,262.0,21.0,8.74625015258789,0.0,3.339531183242798,-44.19493103027344,-48.59027862548828,-3.515683174133301,7.911034107208252,76.4968917316437,8.74625015258789,29.342594146728516
run_1779987552_a8af689e,1779988421.6387858,18.0,262.0,21.0,8.61362361907959,0.0,3.190326690673828,-43.854591369628906,-47.85346221923828,-3.882662296295166,7.881536960601807,74.19451185116577,8.61362361907959,29.342594146728516
run_1779987552_a8af689e,1779988423.63497,18.0,262.0,21.0,8.525186538696289,0.0,3.090834617614746,-43.99441909790039,-47.36214828491211,-4.245327949523926,7.613058567047119,72.67880551956841,8.525186538696289,29.342594146728516
run_1779987552_a8af689e,1779988425.6293545,18.0,262.0,21.0,8.304170608520508,0.0,2.842191696166992,-42.62125015258789,-46.134281158447266,-4.601807117462158,8.114836692810059,68.95924949541586,8.304170608520508,29.342594146728516
run_1779987552_a8af689e,1779988427.6242888,18.0,262.0,21.0,8.215742111206055,0.0,2.7427096366882324,-42.770301818847656,-45.643009185791016,-4.951350212097168,7.8240580558776855,67.49841843784452,8.215742111206055,29.342594146728516
run_1779987552_a8af689e,1779988429.632578,18.0,262.0,21.0,8.083155632019043,0.0,2.59355092048645,-42.38604736328125,-44.90641784667969,-5.29695987701416,7.817330837249756,65.33740497144117,8.083155632019043,29.342594146728516
run_1779987552_a8af689e,1779988431.6361456,18.0,262.0,21.0,7.950559616088867,0.0,2.4443798065185547,-41.995723724365234,-44.16977310180664,-5.636944770812988,7.81099796295166,63.211398208983155,7.950559616088867,29.342594146728516
run_1779987552_a8af689e,1779988433.630042,18.0,262.0,21.0,7.817986488342285,0.0,2.2952349185943604,-41.599124908447266,-43.433258056640625,-5.971306800842285,7.805438995361328,61.120912731902536,7.817986488342285,29.342594146728516
run_1779987552_a8af689e,1779988435.6332395,18.0,262.0,21.0,7.729557991027832,0.0,2.195753335952759,-41.68901062011719,-42.94198989868164,-6.3009819984436035,7.553961753845215,59.746066736662215,7.729557991027832,29.342594146728516
run_1779987552_a8af689e,1779988437.6381385,18.0,262.0,21.0,7.597007751464844,0.0,2.04663348197937,-41.2858772277832,-42.20560073852539,-6.623722076416016,7.54344367980957,57.71452677581692,7.597007751464844,29.342594146728516
run_1779987552_a8af689e,1779988439.633785,18.0,262.0,21.0,7.5086164474487305,0.0,1.9471931457519531,-41.34181594848633,-41.71453857421875,-6.944029808044434,7.316750526428223,56.379320954897594,7.5086164474487305,29.342594146728516
run_1779987552_a8af689e,1779988441.6305335,18.0,262.0,21.0,7.287662506103516,0.0,1.6986202001571655,-39.91151809692383,-40.48701477050781,-7.2562761306762695,7.83177375793457,53.110024802866974,7.287662506103516,29.342594146728516
run_1779987552_a8af689e,1779988443.6273153,18.0,262.0,21.0,7.243470191955566,0.0,1.6489039659500122,-40.47477722167969,-40.24150085449219,-7.5644025802612305,7.331123352050781,52.46786042174881,7.243470191955566,29.342594146728516
run_1779987552_a8af689e,1779988445.6351178,18.0,262.0,21.0,7.110928535461426,0.0,1.4997944831848145,-40.01633071899414,-39.50516128540039,-7.867651462554932,7.356480598449707,50.56530463643958,7.110928535461426,29.342594146728516
run_1779987552_a8af689e,1779988447.625001,18.0,262.0,21.0,6.978363037109375,0.0,1.350658655166626,-39.54115295410156,-38.76868438720703,-8.166404724121094,7.393938064575195,48.69755067769438,6.978363037109375,29.342594146728516
run_1779987552_a8af689e,1779988449.631887,18.0,262.0,21.0,6.801617622375488,0.0,1.1518203020095825,-38.57981491088867,-37.78676223754883,-8.457849502563477,7.664795398712158,46.26200228100879,6.801617622375488,29.342594146728516
run_1779987552_a8af689e,1779988451.6258478,18.0,262.0,21.0,6.713279724121094,0.0,1.0524399280548096,-38.61419677734375,-37.29600143432617,-8.744421005249023,7.426227569580078,45.06812465429539,6.713279724121094,29.342594146728516
run_1779987552_a8af689e,1779988453.6380596,18.0,262.0,21.0,6.624929904937744,0.0,0.9530463218688965,-38.61270523071289,-36.80516815185547,-9.028000831604004,7.220461845397949,43.88969624533843,6.624929904937744,29.342594146728516
run_1779987552_a8af689e,1779988455.6352234,18.0,262.0,21.0,6.492386817932129,0.0,0.803935170173645,-38.104190826416016,-36.06881332397461,-9.306145668029785,7.270768165588379,42.151086593658874,6.492386817932129,29.342594146728516
run_1779987552_a8af689e,1779988457.628362,18.0,262.0,21.0,6.404041767120361,0.0,0.7045475244522095,-38.08739471435547,-35.57801055908203,-9.579609870910645,7.070226192474365,41.01175095502208,6.404041767120361,29.342594146728516
run_1779987552_a8af689e,1779988459.639606,18.0,262.0,21.0,6.315700531005859,0.0,0.6051628589630127,-38.048160552978516,-35.087223052978516,-9.849328994750977,6.888393878936768,39.888073197347694,6.315700531005859,29.342594146728516
run_1779987552_a8af689e,1779988461.6329405,18.0,262.0,21.0,6.139011383056641,0.0,0.4063880443572998,-37.01997756958008,-34.105621337890625,-10.111921310424805,7.197564125061035,37.68746076129901,6.139011383056641,29.342594146728516
run_1779987552_a8af689e,1779988463.6317196,18.0,262.0,21.0,6.006490707397461,0.0,0.257302463054657,-36.48892593383789,-33.36939239501953,-10.369465827941895,7.249929904937744,36.07793061805205,6.006490707397461,29.342594146728516
run_1779987552_a8af689e,1779988465.6242833,18.0,262.0,21.0,5.873990535736084,0.0,0.10823900997638702,-35.94776153564453,-32.63328170776367,-10.622135162353516,7.307655334472656,34.50376481391709,5.873990535736084,29.342594146728516
run_1779987552_a8af689e,1779988467.6346095,18.0,262.0,21.0,5.829834461212158,0.0,0.058563634753227234,-36.40148162841797,-32.387969970703125,-10.870306968688965,6.856796741485596,33.986969845136855,5.829834461212158,29.342594146728516
run_1779987552_a8af689e,1779988469.6275687,18.0,262.0,21.0,5.697328090667725,0.0,-0.09050619602203369,-35.83348846435547,-31.65182113647461,-11.113981246948242,6.932311534881592,32.45954737271154,5.697328090667725,29.342594146728516
run_1779987552_a8af689e,1779988471.636496,18.0,262.0,21.0,5.609006881713867,0.0,-0.18986715376377106,-35.75135040283203,-31.161149978637695,-11.353726387023926,6.763523101806641,31.46095819911352,5.609006881713867,29.342594146728516
run_1779987552_a8af689e,1779988473.6290221,18.0,262.0,21.0,5.432346343994141,0.0,-0.3886098265647888,-34.68159866333008,-30.179702758789062,-11.586350440979004,7.084451675415039,29.510386801106506,5.432346343994141,29.342594146728516
run_1779987552_a8af689e,1779988475.6324828,18.0,262.0,21.0,5.38819694519043,0.0,-0.43827831745147705,-35.09537124633789,-29.93442726135254,-11.815791130065918,6.654847621917725,29.03266632015948,5.38819694519043,29.342594146728516
run_1779987552_a8af689e,1779988477.625416,18.0,262.0,21.0,5.255739688873291,0.0,-0.5872930288314819,-34.47169494628906,-29.19855499267578,-12.042236328125,6.769092559814453,27.622799677197918,5.255739688873291,29.342594146728516
run_1779987552_a8af689e,1779988479.637582,18.0,262.0,21.0,5.1674323081970215,0.0,-0.6866382360458374,-34.35541534423828,-28.707958221435547,-12.26325798034668,6.6157965660095215,26.702356659798397,5.1674323081970215,29.342594146728516
run_1779987552_a8af689e,1779988481.62518,18.0,262.0,21.0,5.03494119644165,0.0,-0.8356907963752747,-33.71828079223633,-27.97189712524414,-12.48034381866455,6.7339606285095215,25.350632851625278,5.03494119644165,29.342594146728516
run_1779987552_a8af689e,1779988483.636362,18.0,262.0,21.0,4.94664192199707,0.0,-0.9350281953811646,-33.58937454223633,-27.48134422302246,-12.691998481750488,6.583968639373779,24.46926630445887,4.94664192199707,29.342594146728516
run_1779987552_a8af689e,1779988485.6279745,18.0,262.0,21.0,4.8141889572143555,0.0,-1.08403742313385,-32.94967269897461,-26.745494842529297,-12.898963928222656,6.6947832107543945,23.176415315764643,4.8141889572143555,29.342594146728516
run_1779987552_a8af689e,1779988487.6322412,18.0,262.0,21.0,4.770035266876221,0.0,-1.133710265159607,-33.30002212524414,-26.500194549560547,-13.102200508117676,6.302374839782715,22.753236447242898,4.770035266876221,29.342594146728516
run_1779987552_a8af689e,1779988489.6399522,18.0,262.0,21.0,4.593454360961914,0.0,-1.3323642015457153,-32.11067199707031,-25.51919174194336,-13.302623748779297,6.711143493652344,21.099822966240026,4.593454360961914,29.342594146728516
run_1779987552_a8af689e,1779988491.639696,18.0,262.0,21.0,4.593454360961914,0.0,-1.3323642015457153,-32.94566345214844,-25.51919174194336,-13.497442245483398,6.070971488952637,21.099822966240026,4.593454360961914,29.342594146728516
run_1779987552_a8af689e,1779988493.63426,18.0,262.0,21.0,4.372720718383789,0.0,-1.580689549446106,-31.238847732543945,-24.29289436340332,-13.689067840576172,6.743114471435547,19.12068648098284,4.372720718383789,29.342594146728516
run_1779987552_a8af689e,1779988495.6315856,18.0,262.0,21.0,4.328573226928711,0.0,-1.6303555965423584,-31.575143814086914,-24.047630310058594,-13.873574256896973,6.346060276031494,18.736546180884034,4.328573226928711,29.342594146728516
run_1779987552_a8af689e,1779988497.629862,18.0,262.0,21.0,4.240294933319092,0.0,-1.7296682596206665,-31.388538360595703,-23.557193756103516,-14.05452823638916,6.2231831550598145,17.98010112153156,4.240294933319092,29.342594146728516
run_1779987552_a8af689e,1779988499.6395288,18.0,262.0,21.0,4.1961493492126465,0.0,-1.7793322801589966,-31.669647216796875,-23.311941146850586,-14.233416557312012,5.8757123947143555,17.607669360897717,4.1961493492126465,29.342594146728516
run_1779987552_a8af689e,1779988501.6293926,18.0,262.0,21.0,4.0196027755737305,0.0,-1.9779469966888428,-30.429489135742188,-22.331125259399414,-14.408382415771484,6.310020923614502,16.157206473400038,4.0196027755737305,29.342594146728516
run_1779987552_a8af689e,1779988503.6405659,18.0,262.0,21.0,3.931304693222046,0.0,-2.077282190322876,-30.217092514038086,-21.8405818939209,-14.576974868774414,6.200462341308594,15.455156590949684,3.931304693222046,29.342594146728516
run_1779987552_a8af689e,1779988505.6377778,18.0,262.0,21.0,3.79891300201416,0.0,-2.2262229919433594,-29.470773696899414,-21.105072021484375,-14.743128776550293,6.377425670623779,14.431739996872238,3.79891300201416,29.342594146728516
run_1779987552_a8af689e,1779988507.6292355,18.0,262.0,21.0,3.7106361389160156,0.0,-2.3255343437194824,-29.255687713623047,-20.61464500427246,-14.902361869812012,6.261319160461426,13.768820555429556,3.7106361389160156,29.342594146728516
run_1779987552_a8af689e,1779988509.634411,18.0,262.0,21.0,3.622361421585083,0.0,-2.4248435497283936,-29.02098846435547,-20.124229431152344,-15.058219909667969,6.161459922790527,13.121502268587903,3.622361421585083,29.342594146728516
run_1779987552_a8af689e,1779988511.6294684,18.0,262.0,21.0,3.5782253742218018,0.0,-2.474496603012085,-29.265504837036133,-19.879030227661133,-15.211287498474121,5.8248090744018555,12.803696828724753,3.5782253742218018,29.342594146728516
run_1779987552_a8af689e,1779988513.6379712,18.0,262.0,21.0,3.445863723754883,0.0,-2.623403549194336,-28.51020050048828,-19.143686294555664,-15.359097480773926,5.992584228515625,11.873976802689867,3.445863723754883,29.342594146728516
run_1779987552_a8af689e,1779988515.6320055,18.0,262.0,21.0,3.357583522796631,0.0,-2.7227182388305664,-28.23416519165039,-18.653242111206055,-15.504100799560547,5.923175811767578,11.273367112555434,3.357583522796631,29.342594146728516
run_1779987552_a8af689e,1779988517.629058,18.0,262.0,21.0,3.225202798843384,0.0,-2.8716466426849365,-27.4648494720459,-17.91779327392578,-15.643680572509766,6.096626281738281,10.401933093667196,3.225202798843384,29.342594146728516
run_1779987552_a8af689e,1779988519.624227,18.0,262.0,21.0,3.181072950363159,0.0,-2.921293020248413,-27.68639373779297,-17.67262840270996,-15.779888153076172,5.7661237716674805,10.119225115532174,3.181072950363159,29.342594146728516
run_1779987552_a8af689e,1779988521.6291695,18.0,262.0,21.0,3.048701286315918,0.0,-3.070211410522461,-26.908536911010742,-16.93722915649414,-15.910861015319824,5.9395527839660645,9.294579533184333,3.048701286315918,29.342594146728516
run_1779987552_a8af689e,1779988523.6389153,18.0,262.0,21.0,2.916349172592163,0.0,-3.219106912612915,-26.11447525024414,-16.201940536499023,-16.038461685180664,6.1259260177612305,8.505092496478994,2.916349172592163,29.342594146728516
run_1779987552_a8af689e,1779988525.6366785,18.0,262.0,21.0,2.7839462757110596,0.0,-3.368060350418091,-25.331714630126953,-15.466367721557617,-16.16045570373535,6.295108795166016,7.750356866045479,2.7839462757110596,29.342594146728516
run_1779987552_a8af689e,1779988527.6271908,18.0,262.0,21.0,2.7398366928100586,0.0,-3.4176836013793945,-25.55372428894043,-15.221315383911133,-16.277969360351562,5.945559978485107,7.506705103268359,2.7398366928100586,29.342594146728516
run_1779987552_a8af689e,1779988529.635905,18.0,262.0,21.0,2.607499599456787,0.0,-3.566563129425049,-24.747007369995117,-14.486108779907227,-16.392478942871094,6.131577491760254,6.799054161167305,2.607499599456787,29.342594146728516
run_1779987552_a8af689e,1779988531.632136,18.0,262.0,21.0,2.519273042678833,0.0,-3.665817975997925,-24.44928550720215,-13.995962142944336,-16.50192642211914,6.048604488372803,6.346736663568265,2.519273042678833,29.342594146728516
run_1779987552_a8af689e,1779988533.6355968,18.0,262.0,21.0,2.386930227279663,0.0,-3.8147032260894775,-23.642982482910156,-13.260724067687988,-16.60708236694336,6.224822044372559,5.697435909901344,2.386930227279663,29.342594146728516
run_1779987552_a8af689e,1779988535.6303337,18.0,262.0,21.0,2.3428285121917725,0.0,-3.8643181324005127,-23.841541290283203,-13.015714645385742,-16.7077579498291,5.881930351257324,5.488845437538714,2.3428285121917725,29.342594146728516
run_1779987552_a8af689e,1779988537.6388683,18.0,262.0,21.0,2.2104506492614746,0.0,-4.013243198394775,-23.039112091064453,-12.280282020568848,-16.80317497253418,6.044344425201416,4.886092072820475,2.2104506492614746,29.342594146728516
run_1779987552_a8af689e,1779988539.634351,18.0,262.0,21.0,2.0781373977661133,0.0,-4.162095546722412,-22.246984481811523,-11.545207977294922,-16.892988204956055,6.1912102699279785,4.318655043994113,2.0781373977661133,29.342594146728516
run_1779987552_a8af689e,1779988541.628152,18.0,262.0,21.0,1.9899277687072754,0.0,-4.261331081390381,-21.950929641723633,-11.055154800415039,-16.978506088256836,6.082727909088135,3.9598125246723157,1.9899277687072754,29.342594146728516
run_1779987552_a8af689e,1779988543.8289268,20.0,111.0,27.0,1.8575944900512695,0.0,-4.410206317901611,-19.194355010986328,-9.287972450256348,-17.144702911376953,7.238318920135498,3.450657289468836,1.8575944900512695,29.342594146728516
run_1779987552_a8af689e,1779988545.6289482,20.0,111.0,27.0,1.8134989738464355,0.0,-4.459813594818115,-19.550037384033203,-9.067495346069336,-17.309268951416016,6.826727867126465,3.2887785281420747,1.8134989738464355,29.342594146728516
run_1779987552_a8af689e,1779988547.6400466,20.0,111.0,27.0,1.7252821922302246,0.0,-4.559057712554932,-19.354984283447266,-8.626411437988281,-17.467880249023438,6.73930549621582,2.9765986428267297,1.7252821922302246,29.342594146728516
run_1779987552_a8af689e,1779988549.6341555,20.0,111.0,27.0,1.637068271636963,0.0,-4.658298015594482,-19.14876365661621,-8.185340881347656,-17.61775016784668,6.654327392578125,2.679992526000433,1.637068271636963,29.342594146728516
run_1779987552_a8af689e,1779988551.6390996,20.0,111.0,27.0,1.5488848686218262,0.0,-4.757504463195801,-18.936315536499023,-7.744424819946289,-17.758079528808594,6.566190719604492,2.3990443362456517,1.5488848686218262,29.342594146728516
run_1779987552_a8af689e,1779988553.6267364,20.0,111.0,27.0,1.460690975189209,0.0,-4.856722354888916,-18.697919845581055,-7.303454875946045,-17.892065048217773,6.497600078582764,2.1336181249992023,1.460690975189209,29.342594146728516
run_1779987552_a8af689e,1779988555.6392255,20.0,111.0,27.0,1.2842812538146973,0.0,-5.055183410644531,-17.415773391723633,-6.4214067459106445,-18.016502380371094,7.022134780883789,1.6493783388998509,1.2842812538146973,29.342594146728516
run_1779987552_a8af689e,1779988557.6275306,20.0,111.0,27.0,1.2842812538146973,0.0,-5.055183410644531,-18.201303482055664,-6.4214067459106445,-18.13219451904297,6.352298736572266,1.6493783388998509,1.2842812538146973,29.342594146728516
run_1779987552_a8af689e,1779988559.6398232,20.0,111.0,27.0,1.1519956588745117,0.0,-5.204005241394043,-17.416242599487305,-5.759978294372559,-18.23955535888672,6.583292007446289,1.3270939980657204,1.1519956588745117,29.342594146728516
run_1779987552_a8af689e,1779988561.6362035,20.0,111.0,27.0,1.1078968048095703,0.0,-5.2536163330078125,-17.645832061767578,-5.539484024047852,-18.340551376342773,6.234203815460205,1.2274353301072551,1.1078968048095703,29.342594146728516
run_1779987552_a8af689e,1779988563.628476,20.0,111.0,27.0,0.9315223693847656,0.0,-5.452037334442139,-16.336307525634766,-4.657611846923828,-18.428442001342773,6.749746322631836,0.8677339246642077,0.9315223693847656,29.342594146728516
run_1779987552_a8af689e,1779988565.6269014,20.0,111.0,27.0,0.8874416351318359,0.0,-5.501628398895264,-16.557279586791992,-4.43720817565918,-18.51038360595703,6.3903117179870605,0.7875526557654666,0.8874416351318359,29.342594146728516
run_1779987552_a8af689e,1779988567.6379116,20.0,111.0,27.0,0.7992668151855469,0.0,-5.60082483291626,-16.237646102905273,-3.9963343143463135,-18.585559844970703,6.344247817993164,0.6388274418568471,0.7992668151855469,29.342594146728516
run_1779987552_a8af689e,1779988569.6300893,20.0,111.0,27.0,0.7551732063293457,0.0,-5.650430202484131,-16.407869338989258,-3.7758660316467285,-18.655580520629883,6.023576259613037,0.5702865715577445,0.7551732063293457,29.342594146728516
run_1779987552_a8af689e,1779988571.6384695,20.0,111.0,27.0,0.6229124069213867,0.0,-5.79922342300415,-15.558624267578125,-3.1145620346069336,-18.712890625,6.268828392028809,0.3880198666965953,0.6229124069213867,29.342594146728516
run_1779987552_a8af689e,1779988573.633995,20.0,111.0,27.0,0.5347304344177246,0.0,-5.898428440093994,-15.198862075805664,-2.673652172088623,-18.765029907226562,6.239819526672363,0.2859366374925685,0.5347304344177246,29.342594146728516
run_1779987552_a8af689e,1779988575.6375926,20.0,111.0,27.0,0.44655275344848633,0.0,-5.997628211975098,-14.847631454467773,-2.2327637672424316,-18.806055068969727,6.191186428070068,0.19940936161242462,0.44655275344848633,29.342594146728516
run_1779987552_a8af689e,1779988577.629868,20.0,111.0,27.0,0.35839080810546875,0.0,-6.096810340881348,-14.464807510375977,-1.7919540405273438,-18.842309951782227,6.169456958770752,0.12844397133449093,0.35839080810546875,29.342594146728516
run_1779987552_a8af689e,1779988579.6343162,20.0,111.0,27.0,0.2702336311340332,0.0,-6.195987224578857,-14.07664680480957,-1.351168155670166,-18.869829177856445,6.144351482391357,0.07302621539588472,0.2702336311340332,29.342594146728516
run_1779987552_a8af689e,1779988581.6377857,20.0,111.0,27.0,0.22616147994995117,0.0,-6.24556827545166,-14.180392265319824,-1.1308073997497559,-18.892196655273438,5.842610836029053,0.051149015013152166,0.22616147994995117,29.342594146728516
run_1779987552_a8af689e,1779988583.6345189,20.0,111.0,27.0,0.04982709884643555,0.0,-6.443944454193115,-12.739974021911621,-0.24913549423217773,-18.90304183959961,6.412201404571533,0.0024827397794524586,0.04982709884643555,29.342594146728516
run_1779987552_a8af689e,1779988585.6275787,20.0,111.0,27.0,0.005744457244873047,0.0,-6.493537425994873,-12.849288940429688,-0.028722288087010384,-18.90554428100586,6.084976673126221,3.2998789038174436e-05,0.005744457244873047,29.342594146728516
run_1779987552_a8af689e,1779988587.634247,20.0,111.0,27.0,0.005744457244873047,0.0,-6.493537425994873,-13.440651893615723,-0.028722288087010384,-18.899524688720703,5.487593650817871,3.2998789038174436e-05,0.005744457244873047,29.342594146728516
run_1779987552_a8af689e,1779988589.6267202,20.0,111.0,27.0,-0.08241701126098633,0.0,-6.592719078063965,-12.943572044372559,0.41208505630493164,-18.88863182067871,5.532974720001221,0.006792563745193547,0.08241701126098633,29.342594146728516
run_1779987552_a8af689e,1779988591.636562,20.0,111.0,27.0,-0.21464109420776367,0.0,-6.741471290588379,-11.90959358215332,1.0732054710388184,-18.853225708007812,5.87042760848999,0.04607079932270608,0.21464109420776367,29.342594146728516
run_1779987552_a8af689e,1779988593.6263416,20.0,111.0,27.0,-0.21464109420776367,0.0,-6.741471290588379,-12.411515235900879,1.0732054710388184,-18.7951717376709,5.310451030731201,0.04607079932270608,0.21464109420776367,29.342594146728516
run_1779987552_a8af689e,1779988595.6343193,20.0,111.0,27.0,-0.3027677536010742,0.0,-6.84061336517334,-11.838386535644531,1.513838768005371,-18.725194931030273,5.372969627380371,0.09166831262064079,0.3027677536010742,29.342594146728516
run_1779987552_a8af689e,1779988597.6264005,20.0,111.0,27.0,-0.4349956512451172,0.0,-6.989370346069336,-10.736810684204102,2.174978256225586,-18.625402450561523,5.713613033294678,0.18922121660216362,0.4349956512451172,29.342594146728516
run_1779987552_a8af689e,1779988599.6341007,20.0,111.0,27.0,-0.47905588150024414,0.0,-7.038938045501709,-10.646726608276367,2.3952794075012207,-18.506521224975586,5.46451473236084,0.22949453759997596,0.47905588150024414,29.342594146728516
run_1779987552_a8af689e,1779988601.6413336,20.0,111.0,27.0,-0.5231304168701172,0.0,-7.088521957397461,-10.527661323547363,2.615652084350586,-18.37095069885254,5.22763729095459,0.2736654330547026,0.5231304168701172,29.342594146728516
run_1779987552_a8af689e,1779988603.63617,20.0,111.0,27.0,-0.6553487777709961,0.0,-7.23726749420166,-9.358663558959961,3.2767441272735596,-18.206769943237305,5.5713605880737305,0.4294820205259384,0.6553487777709961,29.342594146728516
run_1779987552_a8af689e,1779988605.6292531,20.0,111.0,27.0,-0.6994061470031738,0.0,-7.286831855773926,-9.202302932739258,3.4970309734344482,-18.023513793945312,5.324180603027344,0.4891689584658252,0.6994061470031738,29.342594146728516
run_1779987552_a8af689e,1779988607.636728,20.0,111.0,27.0,-0.8316159248352051,0.0,-7.435567855834961,-7.994930267333984,4.158079624176025,-17.811649322509766,5.658640384674072,0.6915850464395135,0.8316159248352051,29.342594146728516
run_1779987552_a8af689e,1779988609.6288588,20.0,111.0,27.0,-0.9197392463684082,0.0,-7.5347065925598145,-7.288593769073486,4.598696231842041,-17.574750900268555,5.687460899353027,0.8459202813103275,0.9197392463684082,29.342594146728516
run_1779987552_a8af689e,1779988611.639815,20.0,111.0,27.0,-0.9637908935546875,0.0,-7.584264755249023,-7.064986228942871,4.8189544677734375,-17.324739456176758,5.440798282623291,0.928892886498943,0.9637908935546875,29.342594146728516
run_1779987552_a8af689e,1779988613.6325786,20.0,111.0,27.0,-1.0078577995300293,0.0,-7.633840084075928,-6.812614440917969,5.0392889976501465,-17.05803871154785,5.206134796142578,1.0157773440735127,1.0078577995300293,29.342594146728516
run_1779987552_a8af689e,1779988615.6379025,20.0,111.0,27.0,-1.1400408744812012,0.0,-7.782545566558838,-5.510843276977539,5.700204372406006,-16.762727737426758,5.551679611206055,1.2996931954878619,1.1400408744812012,29.342594146728516
run_1779987552_a8af689e,1779988617.634169,20.0,111.0,27.0,-1.22816801071167,0.0,-7.881689071655273,-4.710816383361816,6.14084005355835,-16.4423828125,5.590725898742676,1.5083966625354606,1.22816801071167,29.342594146728516
run_1779987552_a8af689e,1779988619.6263945,20.0,111.0,27.0,-1.2722172737121582,0.0,-7.931244373321533,-4.394562721252441,6.361086845397949,-16.108924865722656,5.353274345397949,1.6185367915315965,1.2722172737121582,29.342594146728516
run_1779987552_a8af689e,1779988621.6308112,20.0,111.0,27.0,-1.316293716430664,0.0,-7.980830192565918,-4.050288200378418,6.5814690589904785,-15.758776664733887,5.12701940536499,1.7326291479148495,1.316293716430664,29.342594146728516
run_1779987552_a8af689e,1779988623.62555,20.0,111.0,27.0,-1.40440034866333,0.0,-8.079950332641602,-3.1789417266845703,7.02200174331665,-15.378827095031738,5.177883625030518,1.972340339325683,1.40440034866333,29.342594146728516
run_1779987552_a8af689e,1779988625.6357503,20.0,111.0,27.0,-1.4925050735473633,0.0,-8.179068565368652,-2.271989345550537,7.462525367736816,-14.986955642700195,5.25244140625,2.2275713945646203,1.4925050735473633,29.342594146728516
run_1779987552_a8af689e,1779988627.629632,20.0,111.0,27.0,-1.5806069374084473,0.0,-8.278182983398438,-1.354854941368103,7.9030351638793945,-14.566474914550781,5.308585166931152,2.498318290583711,1.5806069374084473,29.342594146728516
run_1779987552_a8af689e,1779988629.6357386,20.0,111.0,27.0,-1.6246514320373535,0.0,-8.327733039855957,-0.9232509732246399,8.12325668334961,-14.132896423339844,5.086388111114502,2.6394922756210235,1.6246514320373535,29.342594146728516
run_1779987552_a8af689e,1779988631.6288033,20.0,111.0,27.0,-1.712778091430664,0.0,-8.426875114440918,0.05585774779319763,8.56389045715332,-13.68383502960205,5.175802230834961,2.9336087904848682,1.712778091430664,29.342594146728516
run_1779987552_a8af689e,1779988633.637098,20.0,111.0,27.0,-1.7568340301513672,0.0,-8.476438522338867,0.5360074043273926,8.784170150756836,-13.214508056640625,4.966344833374023,3.086465809497895,1.7568340301513672,29.342594146728516
run_1779987552_a8af689e,1779988635.6291857,20.0,111.0,27.0,-1.8889813423156738,0.0,-8.625103950500488,2.07928466796875,9.444906234741211,-12.72849178314209,5.3628692626953125,3.568250511616725,1.8889813423156738,29.342594146728516
run_1779987552_a8af689e,1779988637.6356454,20.0,111.0,27.0,-1.9770727157592773,0.0,-8.724206924438477,3.0995335578918457,9.885363578796387,-12.205527305603027,5.419697284698486,3.9088165233997643,1.9770727157592773,29.342594146728516
run_1779987552_a8af689e,1779988639.6392932,20.0,111.0,27.0,-1.9770727157592773,0.0,-8.724206924438477,3.127551794052124,9.885363578796387,-11.677794456481934,4.919981956481934,3.9088165233997643,1.9770727157592773,29.342594146728516
run_1779987552_a8af689e,1779988641.6324918,20.0,111.0,27.0,-2.0211234092712402,0.0,-8.773763656616211,3.703554630279541,10.10561752319336,-11.136956214904785,4.734893798828125,4.084939835504201,2.0211234092712402,29.342594146728516
run_1779987552_a8af689e,1779988643.6269367,20.0,111.0,27.0,-2.1091952323913574,0.0,-8.872844696044922,4.832947731018066,10.545976638793945,-10.587776184082031,4.874746799468994,4.448704528342432,2.1091952323913574,29.342594146728516
run_1779987552_a8af689e,1779988645.6336436,20.0,111.0,27.0,-2.153244972229004,0.0,-8.92240047454834,5.452374458312988,10.76622486114502,-10.013574600219727,4.699723243713379,4.636463910429484,2.153244972229004,29.342594146728516
run_1779987552_a8af689e,1779988647.6390054,20.0,111.0,27.0,-2.2413711547851562,0.0,-9.0215425491333,6.601260662078857,11.206855773925781,-9.414339065551758,4.808744430541992,5.023744653502945,2.2413711547851562,29.342594146728516
run_1779987552_a8af689e,1779988649.6365418,20.0,111.0,27.0,-2.2853894233703613,0.0,-9.071063041687012,7.2623772621154785,11.426947593688965,-8.8043794631958,4.639810085296631,5.223004816453113,2.2853894233703613,29.342594146728516
run_1779987552_a8af689e,1779988651.6284235,20.0,111.0,27.0,-2.3294363021850586,0.0,-9.12061595916748,7.955339431762695,11.647181510925293,-8.184893608093262,4.493050575256348,5.4262734859376,2.3294363021850586,29.342594146728516
run_1779987552_a8af689e,1779988653.6300178,20.0,111.0,27.0,-2.3734827041625977,0.0,-9.170167922973633,8.670722007751465,11.867413520812988,-7.551106929779053,4.354414939880371,5.633420146958997,2.3734827041625977,29.342594146728516
run_1779987552_a8af689e,1779988655.633227,20.0,111.0,27.0,-2.417513847351074,0.0,-9.21970272064209,9.404438018798828,12.087569236755371,-6.900641441345215,4.217509746551514,5.844373202134193,2.417513847351074,29.342594146728516
run_1779987552_a8af689e,1779988657.6336443,20.0,111.0,27.0,-2.4615578651428223,0.0,-9.26925277709961,10.169903755187988,12.307788848876953,-6.243027210235596,4.105141639709473,6.059267123446489,2.4615578651428223,29.342594146728516
run_1779987552_a8af689e,1779988659.6392434,20.0,111.0,27.0,-2.5056018829345703,0.0,-9.318801879882812,10.961493492126465,12.528009414672852,-5.575881004333496,4.009365081787109,6.278040795765264,2.5056018829345703,29.342594146728516
run_1779987552_a8af689e,1779988661.6362891,20.0,111.0,27.0,-2.5496315956115723,0.0,-9.368335723876953,11.770478248596191,12.748157501220703,-4.894437789916992,3.916757822036743,6.500621273340812,2.5496315956115723,29.342594146728516
run_1779987552_a8af689e,1779988663.632988,20.0,111.0,27.0,-2.5936737060546875,0.0,-9.417882919311523,12.603843688964844,12.968368530273438,-4.203464508056641,3.838937759399414,6.7271432934794575,2.5936737060546875,29.342594146728516
run_1779987552_a8af689e,1779988665.6274211,20.0,111.0,27.0,-2.5936737060546875,0.0,-9.417882919311523,12.939342498779297,12.968368530273438,-3.5017688274383545,3.472743272781372,6.7271432934794575,2.5936737060546875,29.342594146728516
run_1779987552_a8af689e,1779988667.6333182,20.0,111.0,27.0,-2.637701988220215,0.0,-9.467414855957031,13.816696166992188,13.188509941101074,-2.7917356491088867,3.4199225902557373,6.957471778660874,2.637701988220215,29.342594146728516
run_1779987552_a8af689e,1779988669.639107,20.0,111.0,27.0,-2.725797653198242,0.0,-9.566522598266602,15.231633186340332,13.628988265991211,-2.0709798336029053,3.6736245155334473,7.429972846181045,2.725797653198242,29.342594146728516
run_1779987552_a8af689e,1779988671.6286662,20.0,111.0,27.0,-2.681758403778076,0.0,-9.51697826385498,15.111599922180176,13.408792495727539,-1.341879963874817,3.0446884632110596,7.191828136234335,2.681758403778076,29.342594146728516
run_1779987552_a8af689e,1779988673.6354852,20.0,111.0,27.0,-2.681758403778076,0.0,-9.51697826385498,15.536920547485352,13.408792495727539,-0.6092060804367065,2.7373337745666504,7.191828136234335,2.681758403778076,29.342594146728516
run_1779987552_a8af689e,1779988675.6316857,20.0,111.0,27.0,-2.725797653198242,0.0,-9.566522598266602,16.434598922729492,13.628988265991211,0.05087832733988762,2.754733085632324,7.429972846181045,2.725797653198242,29.342594146728516
run_1779987552_a8af689e,1779988677.6263936,20.0,111.0,27.0,-2.681758403778076,0.0,-9.51697826385498,15.920644760131836,13.408792495727539,0.2928750216960907,2.218977689743042,7.191828136234335,2.681758403778076,29.342594146728516
run_1779987552_a8af689e,1779988679.6309679,20.0,111.0,27.0,-2.681758403778076,0.0,-9.51697826385498,15.950576782226562,13.408792495727539,0.5344749689102173,2.007310628890991,7.191828136234335,2.681758403778076,29.342594146728516
run_1779987552_a8af689e,1779988681.6363509,20.0,111.0,27.0,-2.681758403778076,0.0,-9.51697826385498,16.000701904296875,13.408792495727539,0.7760749459266663,1.815834403038025,7.191828136234335,2.681758403778076,29.342594146728516
run_1779987552_a8af689e,1779988683.6303816,20.0,111.0,27.0,-2.725797653198242,0.0,-9.566522598266602,16.570575714111328,13.628988265991211,1.0204521417617798,1.9211345911026,7.429972846181045,2.725797653198242,29.342594146728516
run_1779987552_a8af689e,1779988685.6390576,20.0,111.0,27.0,-2.725797653198242,0.0,-9.566522598266602,16.647430419921875,13.628988265991211,1.2636390924453735,1.7548028230667114,7.429972846181045,2.725797653198242,29.342594146728516
run_1779987552_a8af689e,1779988687.6318924,20.0,111.0,27.0,-2.725797653198242,0.0,-9.566522598266602,16.72560691833496,13.628988265991211,1.5092064142227173,1.5874133110046387,7.429972846181045,2.725797653198242,29.342594146728516
run_1779987552_a8af689e,1779988689.63684,20.0,111.0,27.0,-2.637701988220215,0.0,-9.467414855957031,15.81151008605957,13.188509941101074,1.7500128746032715,0.8729875087738037,6.957471778660874,2.637701988220215,29.342594146728516
run_1779987552_a8af689e,1779988691.6299648,20.0,111.0,27.0,-2.637701988220215,0.0,-9.467414855957031,15.965868949890137,13.188509941101074,1.9876453876495361,0.7897137403488159,6.957471778660874,2.637701988220215,29.342594146728516
run_1779987552_a8af689e,1779988693.637346,20.0,111.0,27.0,-2.5936737060546875,0.0,-9.417882919311523,15.617005348205566,12.968368530273438,2.224087715148926,0.4245486259460449,6.7271432934794575,2.5936737060546875,29.342594146728516
run_1779987552_a8af689e,1779988695.6406076,20.0,111.0,27.0,-2.5936737060546875,0.0,-9.417882919311523,15.810172080993652,12.968368530273438,2.4577527046203613,0.38405120372772217,6.7271432934794575,2.5936737060546875,29.342594146728516
run_1779987552_a8af689e,1779988697.6316242,20.0,111.0,27.0,-2.5936737060546875,0.0,-9.417882919311523,16.0072021484375,12.968368530273438,2.691417932510376,0.34741678833961487,6.7271432934794575,2.5936737060546875,29.342594146728516
run_1779987552_a8af689e,1779988699.6372683,20.0,111.0,27.0,-2.5936737060546875,0.0,-9.417882919311523,16.20772933959961,12.968368530273438,2.9250831604003906,0.3142768144607544,6.7271432934794575,2.5936737060546875,29.342594146728516
run_1779987552_a8af689e,1779988701.629386,20.0,111.0,27.0,-2.5936737060546875,0.0,-9.417882919311523,16.411415100097656,12.968368530273438,3.158748149871826,0.2842980921268463,6.7271432934794575,2.5936737060546875,29.342594146728516
run_1779987552_a8af689e,1779988703.6357446,20.0,111.0,27.0,-2.5936737060546875,0.0,-9.417882919311523,16.617961883544922,12.968368530273438,3.3924131393432617,0.25717899203300476,6.7271432934794575,2.5936737060546875,29.342594146728516
run_1779987552_a8af689e,1779988705.6263442,20.0,111.0,27.0,-2.5056018829345703,0.0,-9.318801879882812,15.81912612915039,12.528009414672852,3.6213152408599854,-0.3301980793476105,6.278040795765264,2.5056018829345703,29.342594146728516
run_1779987552_a8af689e,1779988707.6298175,20.0,111.0,27.0,-2.4615578651428223,0.0,-9.26925277709961,15.569965362548828,12.307788848876953,3.845059871673584,-0.5828836560249329,6.059267123446489,2.4615578651428223,29.342594146728516
run_1779987552_a8af689e,1779988709.6393,20.0,111.0,27.0,-2.5056018829345703,0.0,-9.318801879882812,16.358675003051758,12.528009414672852,4.068010330200195,-0.23734432458877563,6.278040795765264,2.5056018829345703,29.342594146728516
run_1779987552_a8af689e,1779988711.6283846,20.0,111.0,27.0,-2.417513847351074,0.0,-9.21970272064209,15.594270706176758,12.087569236755371,4.289772987365723,-0.7830702066421509,5.844373202134193,2.417513847351074,29.342594146728516
run_1779987552_a8af689e,1779988713.6258752,20.0,111.0,27.0,-2.3734827041625977,0.0,-9.170167922973633,15.375563621520996,11.867413520812988,4.506377220153809,-0.9982271790504456,5.633420146958997,2.3734827041625977,29.342594146728516
run_1779987552_a8af689e,1779988715.6303065,20.0,111.0,27.0,-2.3734827041625977,0.0,-9.170167922973633,15.68460750579834,11.867413520812988,4.72020149230957,-0.9030070304870605,5.633420146958997,2.3734827041625977,29.342594146728516
run_1779987552_a8af689e,1779988717.6356432,20.0,111.0,27.0,-2.3294363021850586,0.0,-9.12061595916748,15.473194122314453,11.647181510925293,4.932836532592773,-1.1068239212036133,5.4262734859376,2.3294363021850586,29.342594146728516
run_1779987552_a8af689e,1779988719.6407862,20.0,111.0,27.0,-2.3734827041625977,0.0,-9.170167922973633,16.295045852661133,11.867413520812988,5.144678592681885,-0.7170462012290955,5.633420146958997,2.3734827041625977,29.342594146728516
run_1779987552_a8af689e,1779988721.6309066,20.0,111.0,27.0,-2.2853894233703613,0.0,-9.071063041687012,15.569061279296875,11.426947593688965,5.3537445068359375,-1.2116318941116333,5.223004816453113,2.2853894233703613,29.342594146728516
run_1779987552_a8af689e,1779988723.6274478,20.0,111.0,27.0,-2.2853894233703613,0.0,-9.071063041687012,15.89052677154541,11.426947593688965,5.559633731842041,-1.0960551500320435,5.223004816453113,2.2853894233703613,29.342594146728516
run_1779987552_a8af689e,1779988725.6364458,20.0,111.0,27.0,-2.2853894233703613,0.0,-9.071063041687012,16.20096778869629,11.426947593688965,5.7655229568481445,-0.9915030598640442,5.223004816453113,2.2853894233703613,29.342594146728516
run_1779987552_a8af689e,1779988727.626792,20.0,111.0,27.0,-2.2413711547851562,0.0,-9.0215425491333,15.995344161987305,11.206855773925781,5.969430446624756,-1.180940866470337,5.023744653502945,2.2413711547851562,29.342594146728516
run_1779987552_a8af689e,1779988729.6356041,20.0,111.0,27.0,-2.197294235229492,0.0,-8.971956253051758,15.812744140625,10.986471176147461,6.167782306671143,-1.341508388519287,4.828101956172759,2.197294235229492,29.342594146728516
run_1779987552_a8af689e,1779988731.6397624,20.0,111.0,27.0,-2.197294235229492,0.0,-8.971956253051758,16.138660430908203,10.986471176147461,6.365732192993164,-1.2135423421859741,4.828101956172759,2.197294235229492,29.342594146728516
run_1779987552_a8af689e,1779988733.633058,20.0,111.0,27.0,-2.197294235229492,0.0,-8.971956253051758,16.471996307373047,10.986471176147461,6.5605082511901855,-1.0749825239181519,4.828101956172759,2.197294235229492,29.342594146728516
run_1779987552_a8af689e,1779988735.6311405,20.0,111.0,27.0,-2.153244972229004,0.0,-8.92240047454834,16.266042709350586,10.76622486114502,6.756473541259766,-1.256657361984253,4.636463910429484,2.153244972229004,29.342594146728516
run_1779987552_a8af689e,1779988737.6328485,20.0,111.0,27.0,-2.1091952323913574,0.0,-8.872844696044922,16.083032608032227,10.545976638793945,6.946889400482178,-1.4098331928253174,4.448704528342432,2.1091952323913574,29.342594146728516
run_1779987552_a8af689e,1779988739.6382046,20.0,111.0,27.0,-2.0651607513427734,0.0,-8.8233060836792,15.90125846862793,10.325803756713867,7.134927272796631,-1.5594713687896729,4.2648889288866485,2.0651607513427734,29.342594146728516
run_1779987552_a8af689e,1779988741.6292574,20.0,111.0,27.0,-2.0651607513427734,0.0,-8.8233060836792,16.236072540283203,10.325803756713867,7.320982933044434,-1.4107142686843872,4.2648889288866485,2.0651607513427734,29.342594146728516
run_1779987552_a8af689e,1779988743.6332607,20.0,111.0,27.0,-2.0211234092712402,0.0,-8.773763656616211,16.050378799438477,10.10561752319336,7.505049705505371,-1.5602872371673584,4.084939835504201,2.0211234092712402,29.342594146728516
run_1779987552_a8af689e,1779988745.6318002,20.0,111.0,27.0,-2.0651607513427734,0.0,-8.8233060836792,16.897640228271484,10.325803756713867,7.687524795532227,-1.1156867742538452,4.2648889288866485,2.0651607513427734,29.342594146728516
run_1779987552_a8af689e,1779988747.640705,20.0,111.0,27.0,-1.9770727157592773,0.0,-8.724206924438477,16.177345275878906,9.885363578796387,7.869609355926514,-1.5776280164718628,3.9088165233997643,1.9770727157592773,29.342594146728516
run_1779987552_a8af689e,1779988749.6359985,20.0,111.0,27.0,-1.9770727157592773,0.0,-8.724206924438477,16.486318588256836,9.885363578796387,8.050893783569336,-1.4499398469924927,3.9088165233997643,1.9770727157592773,29.342594146728516
run_1779987552_a8af689e,1779988751.6383615,20.0,111.0,27.0,-1.9330334663391113,0.0,-8.674662590026855,16.296409606933594,9.665166854858398,8.227025985717773,-1.5957834720611572,3.7366183819870002,1.9330334663391113,29.342594146728516
run_1779987552_a8af689e,1779988753.6272779,20.0,111.0,27.0,-1.8889813423156738,0.0,-8.625103950500488,16.12114143371582,9.444906234741211,8.398390769958496,-1.7221556901931763,3.568250511616725,1.8889813423156738,29.342594146728516
run_1779987552_a8af689e,1779988755.6313882,20.0,111.0,27.0,-1.8889813423156738,0.0,-8.625103950500488,16.45558738708496,9.444906234741211,8.568561553955078,-1.5578804016113281,3.568250511616725,1.8889813423156738,29.342594146728516
run_1779987552_a8af689e,1779988757.637891,20.0,111.0,27.0,-1.8889813423156738,0.0,-8.625103950500488,16.78925895690918,9.444906234741211,8.73635482788086,-1.392003059387207,3.568250511616725,1.8889813423156738,29.342594146728516
run_1779987552_a8af689e,1779988759.6320715,20.0,111.0,27.0,-1.84492826461792,0.0,-8.575544357299805,16.585721969604492,9.224641799926758,8.90454387664795,-1.543461799621582,3.4037603015860896,1.84492826461792,29.342594146728516
run_1779987552_a8af689e,1779988761.6404014,20.0,111.0,27.0,-1.800889015197754,0.0,-8.526000022888184,16.38279151916504,9.00444507598877,9.070355415344238,-1.6920100450515747,3.243201245059936,1.800889015197754,29.342594146728516
run_1779987552_a8af689e,1779988763.6308331,20.0,111.0,27.0,-1.7568340301513672,0.0,-8.476438522338867,16.19992446899414,8.784170150756836,9.23061752319336,-1.8148640394210815,3.086465809497895,1.7568340301513672,29.342594146728516
run_1779987552_a8af689e,1779988765.6405709,20.0,111.0,27.0,-1.7568340301513672,0.0,-8.476438522338867,16.53132438659668,8.784170150756836,9.388897895812988,-1.6417450904846191,3.086465809497895,1.7568340301513672,29.342594146728516
run_1779987552_a8af689e,1779988767.628547,20.0,111.0,27.0,-1.712778091430664,0.0,-8.426875114440918,16.339679718017578,8.56389045715332,9.545187950134277,-1.769399881362915,2.9336087904848682,1.712778091430664,29.342594146728516
run_1779987552_a8af689e,1779988769.6379418,20.0,111.0,27.0,-1.668722152709961,0.0,-8.377312660217285,16.146196365356445,8.343610763549805,9.69909381866455,-1.8965084552764893,2.784633622944966,1.668722152709961,29.342594146728516
run_1779987552_a8af689e,1779988771.6276386,20.0,111.0,27.0,-1.668722152709961,0.0,-8.377312660217285,16.477439880371094,8.343610763549805,9.849431037902832,-1.7156014442443848,2.784633622944966,1.668722152709961,29.342594146728516
run_1779987552_a8af689e,1779988773.6379561,20.0,111.0,27.0,-1.668722152709961,0.0,-8.377312660217285,16.806320190429688,8.343610763549805,9.997382164001465,-1.5346723794937134,2.784633622944966,1.668722152709961,29.342594146728516
run_1779987552_a8af689e,1779988775.6310341,20.0,111.0,27.0,-1.6246514320373535,0.0,-8.327733039855957,16.596351623535156,8.12325668334961,10.145730972290039,-1.6726361513137817,2.6394922756210235,1.6246514320373535,29.342594146728516
run_1779987552_a8af689e,1779988777.6372013,20.0,111.0,27.0,-1.5806069374084473,0.0,-8.278182983398438,16.40072250366211,7.9030351638793945,10.289315223693848,-1.791629433631897,2.498318290583711,1.5806069374084473,29.342594146728516
run_1779987552_a8af689e,1779988779.6279166,20.0,111.0,27.0,-1.5806069374084473,0.0,-8.278182983398438,16.714017868041992,7.9030351638793945,10.431710243225098,-1.6207270622253418,2.498318290583711,1.5806069374084473,29.342594146728516
run_1779987552_a8af689e,1779988781.633127,20.0,111.0,27.0,-1.5365495681762695,0.0,-8.228618621826172,16.49443244934082,7.682748317718506,10.573709487915039,-1.7620267868041992,2.3609845754626804,1.5365495681762695,29.342594146728516
run_1779987552_a8af689e,1779988783.6269243,20.0,111.0,27.0,-1.5365495681762695,0.0,-8.228618621826172,16.80094337463379,7.682748317718506,10.712141990661621,-1.5939480066299438,2.3609845754626804,1.5365495681762695,29.342594146728516
run_1779987552_a8af689e,1779988785.6315496,20.0,111.0,27.0,-1.4484591484069824,0.0,-8.1295166015625,16.058536529541016,7.242295742034912,10.84977912902832,-2.033538818359375,2.0980339046038807,1.4484591484069824,29.342594146728516
run_1779987552_a8af689e,1779988787.636449,20.0,111.0,27.0,-1.4925050735473633,0.0,-8.179068565368652,16.894372940063477,7.462525367736816,10.981457710266113,-1.549609899520874,2.2275713945646203,1.4925050735473633,29.342594146728516
run_1779987552_a8af689e,1779988789.6401002,20.0,111.0,27.0,-1.4484591484069824,0.0,-8.1295166015625,16.675085067749023,7.242295742034912,11.113136291503906,-1.6803476810455322,2.0980339046038807,1.4484591484069824,29.342594146728516
run_1779987552_a8af689e,1779988791.6332695,20.0,111.0,27.0,-1.40440034866333,0.0,-8.079950332641602,16.454341888427734,7.02200174331665,11.242436408996582,-1.8100956678390503,1.972340339325683,1.40440034866333,29.342594146728516
run_1779987552_a8af689e,1779988793.6304512,20.0,111.0,27.0,-1.3603544235229492,0.0,-8.03039836883545,16.222185134887695,6.801772117614746,11.370943069458008,-1.9505295753479004,1.8505641575984555,1.3603544235229492,29.342594146728516
run_1779987552_a8af689e,1779988795.6413488,20.0,111.0,27.0,-1.40440034866333,0.0,-8.079950332641602,17.042165756225586,7.02200174331665,11.494683265686035,-1.4745187759399414,1.972340339325683,1.40440034866333,29.342594146728516
run_1779987552_a8af689e,1779988797.6364594,20.0,111.0,27.0,-1.316293716430664,0.0,-7.980830192565918,16.276273727416992,6.5814690589904785,11.620414733886719,-1.9256105422973633,1.7326291479148495,1.316293716430664,29.342594146728516
run_1779987552_a8af689e,1779988799.6296248,20.0,111.0,27.0,-1.3603544235229492,0.0,-8.03039836883545,17.090078353881836,6.801772117614746,11.740187644958496,-1.4518799781799316,1.8505641575984555,1.3603544235229492,29.342594146728516
run_1779987552_a8af689e,1779988801.6346748,20.0,111.0,27.0,-1.2722172737121582,0.0,-7.931244373321533,16.33258819580078,6.361086845397949,11.859563827514648,-1.8880616426467896,1.6185367915315965,1.2722172737121582,29.342594146728516
run_1779987552_a8af689e,1779988803.6277933,20.0,111.0,27.0,-1.2722172737121582,0.0,-7.931244373321533,16.627309799194336,6.361086845397949,11.974183082580566,-1.707960844039917,1.6185367915315965,1.2722172737121582,29.342594146728516
run_1779987552_a8af689e,1779988805.6360548,20.0,111.0,27.0,-1.2722172737121582,0.0,-7.931244373321533,16.904850006103516,6.361086845397949,12.0888032913208,-1.5450397729873657,1.6185367915315965,1.2722172737121582,29.342594146728516
run_1779987552_a8af689e,1779988807.6406953,20.0,111.0,27.0,-1.1841039657592773,0.0,-7.832117080688477,16.15839958190918,5.920519828796387,12.198653221130371,-1.960774302482605,1.4021022017268479,1.1841039657592773,29.342594146728516
run_1779987552_a8af689e,1779988809.6385436,20.0,111.0,27.0,-1.22816801071167,0.0,-7.881689071655273,16.953876495361328,6.14084005355835,12.30810546875,-1.4950687885284424,1.5083966625354606,1.22816801071167,29.342594146728516
run_1779987552_a8af689e,1779988811.6334076,20.0,111.0,27.0,-1.1841039657592773,0.0,-7.832117080688477,16.710107803344727,5.920519828796387,12.415179252624512,-1.6255921125411987,1.4021022017268479,1.1841039657592773,29.342594146728516
run_1779987552_a8af689e,1779988813.6264904,20.0,111.0,27.0,-1.1841039657592773,0.0,-7.832117080688477,16.971845626831055,5.920519828796387,12.521852493286133,-1.4705272912979126,1.4021022017268479,1.1841039657592773,29.342594146728516
run_1779987552_a8af689e,1779988815.633312,20.0,111.0,27.0,-1.09598970413208,0.0,-7.732988357543945,16.224885940551758,5.4799485206604,12.621380805969238,-1.876442551612854,1.2011934315635244,1.09598970413208,29.342594146728516
run_1779987552_a8af689e,1779988817.6410055,20.0,111.0,27.0,-1.0519099235534668,0.0,-7.683398723602295,16.000673294067383,5.259549617767334,12.717340469360352,-1.9762177467346191,1.1065144872702604,1.0519099235534668,29.342594146728516
run_1779987552_a8af689e,1779988819.6319401,20.0,111.0,27.0,-1.0519099235534668,0.0,-7.683398723602295,16.283954620361328,5.259549617767334,12.812111854553223,-1.7877074480056763,1.1065144872702604,1.0519099235534668,29.342594146728516
run_1779987552_a8af689e,1779988821.639451,20.0,111.0,27.0,-1.0519099235534668,0.0,-7.683398723602295,16.549253463745117,5.259549617767334,12.906883239746094,-1.617179036140442,1.1065144872702604,1.0519099235534668,29.342594146728516
run_1779987552_a8af689e,1779988823.6305177,20.0,111.0,27.0,-1.0078577995300293,0.0,-7.633840084075928,16.3013973236084,5.0392889976501465,12.998087882995605,-1.7359800338745117,1.0157773440735127,1.0078577995300293,29.342594146728516
run_1779987552_a8af689e,1779988825.6386817,20.0,111.0,27.0,-0.9637908935546875,0.0,-7.584264755249023,16.05598258972168,4.8189544677734375,13.086099624633789,-1.849072813987732,0.928892886498943,0.9637908935546875,29.342594146728516
run_1779987552_a8af689e,1779988827.637892,20.0,111.0,27.0,-0.9637908935546875,0.0,-7.584264755249023,16.319177627563477,4.8189544677734375,13.172914505004883,-1.6726908683776855,0.928892886498943,0.9637908935546875,29.342594146728516
run_1779987552_a8af689e,1779988829.6293743,20.0,111.0,27.0,-0.9197392463684082,0.0,-7.5347065925598145,16.06392478942871,4.598696231842041,13.256953239440918,-1.7917238473892212,0.8459202813103275,0.9197392463684082,29.342594146728516
run_1779987552_a8af689e,1779988831.6382217,20.0,111.0,27.0,-0.8756842613220215,0.0,-7.485145092010498,15.80621337890625,4.378421306610107,13.338615417480469,-1.9108233451843262,0.7668229255270944,0.8756842613220215,29.342594146728516
run_1779987552_a8af689e,1779988833.6332219,20.0,111.0,27.0,-0.8756842613220215,0.0,-7.485145092010498,16.067371368408203,4.378421306610107,13.417501449584961,-1.7285511493682861,0.7668229255270944,0.8756842613220215,29.342594146728516
run_1779987552_a8af689e,1779988835.6276848,20.0,111.0,27.0,-0.8756842613220215,0.0,-7.485145092010498,16.311145782470703,4.378421306610107,13.49638843536377,-1.5636656284332275,0.7668229255270944,0.8756842613220215,29.342594146728516
run_1779987552_a8af689e,1779988837.6332977,20.0,111.0,27.0,-0.8756842613220215,0.0,-7.485145092010498,16.539188385009766,4.378421306610107,13.575275421142578,-1.41450834274292,0.7668229255270944,0.8756842613220215,29.342594146728516
run_1779987552_a8af689e,1779988839.6282325,20.0,111.0,27.0,-0.7875461578369141,0.0,-7.385989189147949,15.729729652404785,3.9377310276031494,13.65178394317627,-1.8597854375839233,0.6202289507236856,0.7875461578369141,29.342594146728516
run_1779987552_a8af689e,1779988841.627975,20.0,111.0,27.0,-0.7875461578369141,0.0,-7.385989189147949,15.978093147277832,3.9377310276031494,13.722743034362793,-1.6823818683624268,0.6202289507236856,0.7875461578369141,29.342594146728516
run_1779987552_a8af689e,1779988843.6378386,20.0,111.0,27.0,-0.7434768676757812,0.0,-7.336411476135254,15.697884559631348,3.7173845767974854,13.79250431060791,-1.8120050430297852,0.5527578527689911,0.7434768676757812,29.342594146728516
run_1779987552_a8af689e,1779988845.6390047,20.0,111.0,27.0,-0.7434768676757812,0.0,-7.336411476135254,15.93769645690918,3.7173845767974854,13.85947036743164,-1.639158844947815,0.5527578527689911,0.7434768676757812,29.342594146728516
run_1779987552_a8af689e,1779988847.6288967,20.0,111.0,27.0,-0.7434768676757812,0.0,-7.336411476135254,16.161022186279297,3.7173845767974854,13.926436424255371,-1.4828003644943237,0.5527578527689911,0.7434768676757812,29.342594146728516
run_1779987552_a8af689e,1779988849.6406395,20.0,111.0,27.0,-0.6994061470031738,0.0,-7.286831855773926,15.862739562988281,3.4970309734344482,13.991419792175293,-1.6257121562957764,0.4891689584658252,0.6994061470031738,29.342594146728516
run_1779987552_a8af689e,1779988851.6330578,20.0,111.0,27.0,-0.7434768676757812,0.0,-7.336411476135254,16.59247398376465,3.7173845767974854,14.055611610412598,-1.1805224418640137,0.5527578527689911,0.7434768676757812,29.342594146728516
run_1779987552_a8af689e,1779988853.6408675,20.0,111.0,27.0,-0.6553487777709961,0.0,-7.23726749420166,15.758819580078125,3.2767441272735596,14.118613243103027,-1.6365376710891724,0.4294820205259384,0.6553487777709961,29.342594146728516
run_1779987552_a8af689e,1779988855.63752,20.0,111.0,27.0,-0.6553487777709961,0.0,-7.23726749420166,15.973967552185059,3.2767441272735596,14.177651405334473,-1.4804291725158691,0.4294820205259384,0.6553487777709961,29.342594146728516
run_1779987552_a8af689e,1779988857.6423008,20.0,111.0,27.0,-0.6112766265869141,0.0,-7.187685966491699,15.66751480102539,3.0563831329345703,14.234707832336426,-1.6235765218734741,0.37365911421147757,0.6112766265869141,29.342594146728516
run_1779987552_a8af689e,1779988859.637066,20.0,111.0,27.0,-0.6112766265869141,0.0,-7.187685966491699,15.877461433410645,3.0563831329345703,14.289782524108887,-1.4687047004699707,0.37365911421147757,0.6112766265869141,29.342594146728516
run_1779987552_a8af689e,1779988861.6275234,20.0,111.0,27.0,-0.567204475402832,0.0,-7.1381049156188965,15.565927505493164,2.83602237701416,14.342875480651855,-1.612969994544983,0.3217209169170019,0.567204475402832,29.342594146728516
run_1779987552_a8af689e,1779988863.6376188,20.0,111.0,27.0,-0.6112766265869141,0.0,-7.187685966491699,16.268014907836914,3.0563831329345703,14.397554397583008,-1.1859230995178223,0.37365911421147757,0.6112766265869141,29.342594146728516
run_1779987552_a8af689e,1779988865.6291008,20.0,111.0,27.0,-0.5231304168701172,0.0,-7.088521957397461,15.422761917114258,2.615652084350586,14.448650360107422,-1.6415398120880127,0.2736654330547026,0.5231304168701172,29.342594146728516
run_1779987552_a8af689e,1779988867.6378694,20.0,111.0,27.0,-0.5231304168701172,0.0,-7.088521957397461,15.62646484375,2.615652084350586,14.495767593383789,-1.4849542379379272,0.2736654330547026,0.5231304168701172,29.342594146728516
run_1779987552_a8af689e,1779988869.633115,20.0,111.0,27.0,-0.567204475402832,0.0,-7.1381049156188965,16.321975708007812,2.83602237701416,14.544881820678711,-1.0589287281036377,0.3217209169170019,0.567204475402832,29.342594146728516
run_1779987552_a8af689e,1779988871.6418893,20.0,111.0,27.0,-0.47905588150024414,0.0,-7.038938045501709,15.440530776977539,2.3952794075012207,14.595196723937988,-1.5499457120895386,0.22949453759997596,0.47905588150024414,29.342594146728516
run_1779987552_a8af689e,1779988873.6287847,20.0,111.0,27.0,-0.47905588150024414,0.0,-7.038938045501709,15.631534576416016,2.3952794075012207,14.638350486755371,-1.4020971059799194,0.22949453759997596,0.47905588150024414,29.342594146728516
run_1779987552_a8af689e,1779988875.6391768,20.0,111.0,27.0,-0.4349956512451172,0.0,-6.989370346069336,15.272172927856445,2.174978256225586,14.684279441833496,-1.5870845317840576,0.18922121660216362,0.4349956512451172,29.342594146728516
run_1779987552_a8af689e,1779988877.6318436,20.0,111.0,27.0,-0.4349956512451172,0.0,-6.989370346069336,15.462754249572754,2.174978256225586,14.723469734191895,-1.4356932640075684,0.18922121660216362,0.4349956512451172,29.342594146728516
run_1779987552_a8af689e,1779988879.6412609,20.0,111.0,27.0,-0.4349956512451172,0.0,-6.989370346069336,15.638894081115723,2.174978256225586,14.762659072875977,-1.298743486404419,0.18922121660216362,0.4349956512451172,29.342594146728516
run_1779987552_a8af689e,1779988881.6340618,20.0,111.0,27.0,-0.47905588150024414,0.0,-7.038938045501709,16.308542251586914,2.3952794075012207,14.803831100463867,-0.890569269657135,0.22949453759997596,0.47905588150024414,29.342594146728516
run_1779987552_a8af689e,1779988883.638129,20.0,111.0,27.0,-0.39092063903808594,0.0,-6.939785957336426,15.422874450683594,1.9546031951904297,14.843021392822266,-1.374750018119812,0.15281894602594548,0.39092063903808594,29.342594146728516
run_1779987552_a8af689e,1779988885.6300516,20.0,111.0,27.0,-0.4349956512451172,0.0,-6.989370346069336,16.095975875854492,2.174978256225586,14.880229949951172,-0.9592306017875671,0.18922121660216362,0.4349956512451172,29.342594146728516
run_1779987552_a8af689e,1779988887.6373801,20.0,111.0,27.0,-0.39092063903808594,0.0,-6.939785957336426,15.739670753479004,1.9546031951904297,14.9142484664917,-1.129180908203125,0.15281894602594548,0.39092063903808594,29.342594146728516
run_1779987552_a8af689e,1779988889.6316755,20.0,111.0,27.0,-0.39092063903808594,0.0,-6.939785957336426,15.882609367370605,1.9546031951904297,14.949475288391113,-1.0214691162109375,0.15281894602594548,0.39092063903808594,29.342594146728516
run_1779987552_a8af689e,1779988891.6387582,20.0,111.0,27.0,-0.39092063903808594,0.0,-6.939785957336426,16.03016471862793,1.9546031951904297,14.982305526733398,-0.9067451357841492,0.15281894602594548,0.39092063903808594,29.342594146728516
run_1779987552_a8af689e,1779988893.635284,20.0,111.0,27.0,-0.3027677536010742,0.0,-6.84061336517334,15.13835620880127,1.513838768005371,15.013553619384766,-1.3890351057052612,0.09166831262064079,0.3027677536010742,29.342594146728516
run_1779987552_a8af689e,1779988895.6271958,20.0,111.0,27.0,-0.3027677536010742,0.0,-6.84061336517334,15.298125267028809,1.513838768005371,15.04082202911377,-1.2565360069274902,0.09166831262064079,0.3027677536010742,29.342594146728516
run_1779987552_a8af689e,1779988897.6390457,20.0,111.0,27.0,-0.25869035720825195,0.0,-6.791026592254639,14.93848705291748,1.2934517860412598,15.066109657287598,-1.4210742712020874,0.066920700912533,0.25869035720825195,29.342594146728516
run_1779987552_a8af689e,1779988899.641152,20.0,111.0,27.0,-0.3027677536010742,0.0,-6.84061336517334,15.614165306091309,1.513838768005371,15.089811325073242,-0.9894842505455017,0.09166831262064079,0.3027677536010742,29.342594146728516
run_1779987552_a8af689e,1779988901.6350367,20.0,111.0,27.0,-0.3027677536010742,0.0,-6.84061336517334,15.735821723937988,1.513838768005371,15.117080688476562,-0.8950978517532349,0.09166831262064079,0.3027677536010742,29.342594146728516
run_1779987552_a8af689e,1779988903.6402051,20.0,111.0,27.0,-0.25869035720825195,0.0,-6.791026592254639,15.346559524536133,1.2934517860412598,15.14157485961914,-1.0884678363800049,0.066920700912533,0.25869035720825195,29.342594146728516
run_1779987552_a8af689e,1779988905.633437,20.0,111.0,27.0,-0.21464109420776367,0.0,-6.741471290588379,14.96724796295166,1.0732054710388184,15.162899017333984,-1.2688565254211426,0.04607079932270608,0.21464109420776367,29.342594146728516
run_1779987552_a8af689e,1779988907.6374989,20.0,111.0,27.0,-0.21464109420776367,0.0,-6.741471290588379,15.107624053955078,1.0732054710388184,15.18224048614502,-1.147821068763733,0.04607079932270608,0.21464109420776367,29.342594146728516
run_1779987552_a8af689e,1779988909.6352282,20.0,111.0,27.0,-0.21464109420776367,0.0,-6.741471290588379,15.236456871032715,1.0732054710388184,15.201581954956055,-1.0383310317993164,0.04607079932270608,0.21464109420776367,29.342594146728516
run_1779987552_a8af689e,1779988911.6428957,20.0,111.0,27.0,-0.170562744140625,0.0,-6.691883087158203,14.838016510009766,0.8528137803077698,15.220527648925781,-1.2353260517120361,0.029091649688780308,0.170562744140625,29.342594146728516
run_1779987552_a8af689e,1779988913.6343126,20.0,111.0,27.0,-0.21464109420776367,0.0,-6.741471290588379,15.482975959777832,1.0732054710388184,15.23709487915039,-0.8273246884346008,0.04607079932270608,0.21464109420776367,29.342594146728516
run_1779987552_a8af689e,1779988915.6418257,20.0,111.0,27.0,-0.21464109420776367,0.0,-6.741471290588379,15.596139907836914,1.0732054710388184,15.254057884216309,-0.7311245799064636,0.04607079932270608,0.21464109420776367,29.342594146728516
run_1779987552_a8af689e,1779988917.637618,20.0,111.0,27.0,-0.21464109420776367,0.0,-6.741471290588379,15.685221672058105,1.0732054710388184,15.273399353027344,-0.6613831520080566,0.04607079932270608,0.21464109420776367,29.342594146728516
run_1779987552_a8af689e,1779988919.6298037,20.0,111.0,27.0,-0.170562744140625,0.0,-6.691883087158203,15.265728950500488,0.8528137803077698,15.289966583251953,-0.8770530819892883,0.029091649688780308,0.170562744140625,29.342594146728516
run_1779987552_a8af689e,1779988921.6350129,20.0,111.0,27.0,-0.21464109420776367,0.0,-6.741471290588379,15.87651252746582,1.0732054710388184,15.306533813476562,-0.5032270550727844,0.04607079932270608,0.21464109420776367,29.342594146728516
run_1779987552_a8af689e,1779988923.630709,20.0,111.0,27.0,-0.170562744140625,0.0,-6.691883087158203,15.456817626953125,0.8528137803077698,15.320704460144043,-0.7167010307312012,0.029091649688780308,0.170562744140625,29.342594146728516
run_1779987552_a8af689e,1779988925.638982,20.0,111.0,27.0,-0.12648344039916992,0.0,-6.642293930053711,15.02879524230957,0.6324172019958496,15.334884643554688,-0.9385058879852295,0.01599806069521037,0.12648344039916992,29.342594146728516
run_1779987552_a8af689e,1779988927.6339467,20.0,111.0,27.0,-0.12648344039916992,0.0,-6.642293930053711,15.129704475402832,0.6324172019958496,15.346269607543945,-0.8489823937416077,0.01599806069521037,0.12648344039916992,29.342594146728516
run_1779987552_a8af689e,1779988929.6415174,20.0,111.0,27.0,-0.12648344039916992,0.0,-6.642293930053711,15.22207260131836,0.6324172019958496,15.357653617858887,-0.7679985165596008,0.01599806069521037,0.12648344039916992,29.342594146728516
run_1779987552_a8af689e,1779988931.629594,20.0,111.0,27.0,-0.08241701126098633,0.0,-6.592719078063965,14.790026664733887,0.41208505630493164,15.36864185333252,-0.9907005429267883,0.006792563745193547,0.08241701126098633,29.342594146728516
run_1779987552_a8af689e,1779988933.641209,20.0,111.0,27.0,-0.08241701126098633,0.0,-6.592719078063965,14.891950607299805,0.41208505630493164,15.376062393188477,-0.8961980938911438,0.006792563745193547,0.08241701126098633,29.342594146728516
run_1779987552_a8af689e,1779988935.6336007,20.0,111.0,27.0,-0.08241701126098633,0.0,-6.592719078063965,14.984857559204102,0.41208505630493164,15.38348388671875,-0.8107103109359741,0.006792563745193547,0.08241701126098633,29.342594146728516
run_1779987552_a8af689e,1779988937.6293278,20.0,111.0,27.0,-0.08241701126098633,0.0,-6.592719078063965,15.069612503051758,0.41208505630493164,15.390904426574707,-0.7333771586418152,0.006792563745193547,0.08241701126098633,29.342594146728516
run_1779987552_a8af689e,1779988939.6356342,20.0,111.0,27.0,-0.08241701126098633,0.0,-6.592719078063965,15.146989822387695,0.41208505630493164,15.398324966430664,-0.6634206771850586,0.006792563745193547,0.08241701126098633,29.342594146728516
run_1779987552_a8af689e,1779988941.6398206,20.0,111.0,27.0,-0.12648344039916992,0.0,-6.642293930053711,15.729300498962402,0.6324172019958496,15.40693473815918,-0.3100513815879822,0.01599806069521037,0.12648344039916992,29.342594146728516
run_1779987552_a8af689e,1779988943.642288,20.0,111.0,27.0,-0.038336753845214844,0.0,-6.543128967285156,14.766524314880371,0.19168376922607422,15.41277027130127,-0.8379300832748413,0.001469706695388595,0.038336753845214844,29.342594146728516
run_1779987552_a8af689e,1779988945.6311724,20.0,111.0,27.0,-0.08241701126098633,0.0,-6.592719078063965,15.361679077148438,0.41208505630493164,15.4174165725708,-0.4678235948085785,0.006792563745193547,0.08241701126098633,29.342594146728516
run_1779987552_a8af689e,1779988947.6383777,20.0,111.0,27.0,-0.038336753845214844,0.0,-6.543128967285156,14.911778450012207,0.19168376922607422,15.422062873840332,-0.7019690871238708,0.001469706695388595,0.038336753845214844,29.342594146728516
run_1779987552_a8af689e,1779988949.6321723,20.0,111.0,27.0,-0.038336753845214844,0.0,-6.543128967285156,14.982194900512695,0.19168376922607422,15.425519943237305,-0.6350086331367493,0.001469706695388595,0.038336753845214844,29.342594146728516
run_1779987552_a8af689e,1779988951.6352527,20.0,111.0,27.0,-0.08241701126098633,0.0,-6.592719078063965,15.548172950744629,0.41208505630493164,15.431751251220703,-0.295664519071579,0.006792563745193547,0.08241701126098633,29.342594146728516
run_1779987552_a8af689e,1779988953.641191,20.0,111.0,27.0,-0.038336753845214844,0.0,-6.543128967285156,15.086589813232422,0.19168376922607422,15.4356050491333,-0.5406985282897949,0.001469706695388595,0.038336753845214844,29.342594146728516
run_1779987552_a8af689e,1779988955.6378887,20.0,111.0,27.0,-0.08241701126098633,0.0,-6.592719078063965,15.643570899963379,0.41208505630493164,15.4418363571167,-0.2103506177663803,0.006792563745193547,0.08241701126098633,29.342594146728516
run_1779987552_a8af689e,1779988957.6335032,20.0,111.0,27.0,0.005744457244873047,0.0,-6.493537425994873,14.647199630737305,-0.028722288087010384,15.446565628051758,-0.7706455588340759,3.2998789038174436e-05,0.005744457244873047,29.342594146728516
run_1779987552_a8af689e,1779988959.638263,20.0,111.0,27.0,0.005744457244873047,0.0,-6.493537425994873,14.719160079956055,-0.028722288087010384,15.445015907287598,-0.6971341371536255,3.2998789038174436e-05,0.005744457244873047,29.342594146728516
run_1779987552_a8af689e,1779988961.6298356,20.0,111.0,27.0,0.005744457244873047,0.0,-6.493537425994873,14.770174026489258,-0.028722288087010384,15.446470260620117,-0.6475750207901001,3.2998789038174436e-05,0.005744457244873047,29.342594146728516
run_1779987552_a8af689e,1779988963.6358063,20.0,111.0,27.0,0.005744457244873047,0.0,-6.493537425994873,14.830395698547363,-0.028722288087010384,15.444920539855957,-0.5858033299446106,3.2998789038174436e-05,0.005744457244873047,29.342594146728516
run_1779987552_a8af689e,1779988965.6278012,20.0,111.0,27.0,0.005744457244873047,0.0,-6.493537425994873,14.884725570678711,-0.028722288087010384,15.443370819091797,-0.5299237966537476,3.2998789038174436e-05,0.005744457244873047,29.342594146728516
run_1779987552_a8af689e,1779988967.6317556,20.0,111.0,27.0,0.005744457244873047,0.0,-6.493537425994873,14.933724403381348,-0.028722288087010384,15.441821098327637,-0.4793746769428253,3.2998789038174436e-05,0.005744457244873047,29.342594146728516
run_1779987552_a8af689e,1779988969.640552,20.0,111.0,27.0,-0.038336753845214844,0.0,-6.543128967285156,15.476057052612305,0.19168376922607422,15.444777488708496,-0.16040432453155518,0.001469706695388595,0.038336753845214844,29.342594146728516
run_1779987552_a8af689e,1779988971.6321008,20.0,111.0,27.0,-0.038336753845214844,0.0,-6.543128967285156,15.494815826416016,0.19168376922607422,15.448234558105469,-0.14510343968868256,0.001469706695388595,0.038336753845214844,29.342594146728516
run_1779987552_a8af689e,1779988973.639621,20.0,111.0,27.0,0.005744457244873047,0.0,-6.493537425994873,15.000022888183594,-0.028722288087010384,15.450189590454102,-0.42144525051116943,3.2998789038174436e-05,0.005744457244873047,29.342594146728516
run_1779987552_a8af689e,1779988975.6333752,20.0,111.0,27.0,-0.038336753845214844,0.0,-6.543128967285156,15.54600715637207,0.19168376922607422,15.451143264770508,-0.09682095050811768,0.001469706695388595,0.038336753845214844,29.342594146728516
run_1779987552_a8af689e,1779988977.6410809,20.0,111.0,27.0,0.005744457244873047,0.0,-6.493537425994873,15.06054401397705,-0.028722288087010384,15.450094223022461,-0.3608284294605255,3.2998789038174436e-05,0.005744457244873047,29.342594146728516
run_1779987552_a8af689e,1779988979.6313198,20.0,111.0,27.0,0.04982709884643555,0.0,-6.443944454193115,14.58260726928711,-0.24913549423217773,15.442584037780762,-0.6108413934707642,0.0024827397794524586,0.04982709884643555,29.342594146728516
run_1779987552_a8af689e,1779988981.6416852,20.0,111.0,27.0,0.005744457244873047,0.0,-6.493537425994873,15.141587257385254,-0.028722288087010384,15.432689666748047,-0.2623809576034546,3.2998789038174436e-05,0.005744457244873047,29.342594146728516
run_1779987552_a8af689e,1779988983.632214,20.0,111.0,27.0,0.04982709884643555,0.0,-6.443944454193115,14.65425968170166,-0.24913549423217773,15.425179481506348,-0.521784782409668,0.0024827397794524586,0.04982709884643555,29.342594146728516
run_1779987552_a8af689e,1779988985.6383255,20.0,111.0,27.0,0.04982709884643555,0.0,-6.443944454193115,14.690561294555664,-0.24913549423217773,15.41170883178711,-0.47201210260391235,0.0024827397794524586,0.04982709884643555,29.342594146728516
run_1779987552_a8af689e,1779988987.633669,20.0,111.0,27.0,0.005744457244873047,0.0,-6.493537425994873,15.232922554016113,-0.028722288087010384,15.40419864654541,-0.14255496859550476,3.2998789038174436e-05,0.005744457244873047,29.342594146728516
run_1779987552_a8af689e,1779988989.6418207,20.0,111.0,27.0,0.04982709884643555,0.0,-6.443944454193115,14.740575790405273,-0.24913549423217773,15.39192008972168,-0.4022088050842285,0.0024827397794524586,0.04982709884643555,29.342594146728516
run_1779987552_a8af689e,1779988991.6287909,20.0,111.0,27.0,0.005744457244873047,0.0,-6.493537425994873,15.276278495788574,-0.028722288087010384,15.38440990447998,-0.07941021025180817,3.2998789038174436e-05,0.005744457244873047,29.342594146728516
run_1779987552_a8af689e,1779988993.6336799,20.0,111.0,27.0,0.005744457244873047,0.0,-6.493537425994873,15.295584678649902,-0.028722288087010384,15.373323440551758,-0.04901750385761261,3.2998789038174436e-05,0.005744457244873047,29.342594146728516
run_1779987552_a8af689e,1779988995.6299388,20.0,111.0,27.0,0.04982709884643555,0.0,-6.443944454193115,14.787904739379883,-0.24913549423217773,15.365813255310059,-0.3287738859653473,0.0024827397794524586,0.04982709884643555,29.342594146728516
run_1779987552_a8af689e,1779988997.6389635,20.0,111.0,27.0,0.04982709884643555,0.0,-6.443944454193115,14.792513847351074,-0.24913549423217773,15.361879348754883,-0.320230096578598,0.0024827397794524586,0.04982709884643555,29.342594146728516
run_1779987552_a8af689e,1779988999.6389136,20.0,111.0,27.0,0.04982709884643555,0.0,-6.443944454193115,14.809590339660645,-0.24913549423217773,15.348408699035645,-0.2896835505962372,0.0024827397794524586,0.04982709884643555,29.342594146728516
run_1779987552_a8af689e,1779989001.6293638,20.0,111.0,27.0,0.04982709884643555,0.0,-6.443944454193115,14.823752403259277,-0.24913549423217773,15.334938049316406,-0.2620507776737213,0.0024827397794524586,0.04982709884643555,29.342594146728516
run_1779987552_a8af689e,1779989003.6393342,20.0,111.0,27.0,0.005744457244873047,0.0,-6.493537425994873,15.346084594726562,-0.028722288087010384,15.327427864074707,0.04737827554345131,3.2998789038174436e-05,0.005744457244873047,29.342594146728516
run_1779987552_a8af689e,1779989005.6350572,20.0,111.0,27.0,0.04982709884643555,0.0,-6.443944454193115,14.83562183380127,-0.24913549423217773,15.315149307250977,-0.2303931564092636,0.0024827397794524586,0.04982709884643555,29.342594146728516
run_1779987552_a8af689e,1779989007.6301491,20.0,111.0,27.0,0.04982709884643555,0.0,-6.443944454193115,14.84412670135498,-0.24913549423217773,15.301678657531738,-0.20841604471206665,0.0024827397794524586,0.04982709884643555,29.342594146728516
run_1779987552_a8af689e,1779989009.6391954,20.0,111.0,27.0,0.005744457244873047,0.0,-6.493537425994873,15.381477355957031,-0.028722288087010384,15.279839515686035,0.1303594559431076,3.2998789038174436e-05,0.005744457244873047,29.342594146728516
run_1779987552_a8af689e,1779989011.6316242,20.0,111.0,27.0,0.04982709884643555,0.0,-6.443944454193115,14.856687545776367,-0.24913549423217773,15.272329330444336,-0.16650763154029846,0.0024827397794524586,0.04982709884643555,29.342594146728516
run_1779987552_a8af689e,1779989013.6413777,20.0,111.0,27.0,0.005744457244873047,0.0,-6.493537425994873,15.363493919372559,-0.028722288087010384,15.269587516784668,0.12262746691703796,3.2998789038174436e-05,0.005744457244873047,29.342594146728516
run_1779987552_a8af689e,1779989015.634438,20.0,111.0,27.0,0.04982709884643555,0.0,-6.443944454193115,14.83944034576416,-0.24913549423217773,15.262077331542969,-0.17350207269191742,0.0024827397794524586,0.04982709884643555,29.342594146728516
run_1779987552_a8af689e,1779989017.6305094,20.0,111.0,27.0,0.005744457244873047,0.0,-6.493537425994873,15.346914291381836,-0.028722288087010384,15.2593355178833,0.11630021035671234,3.2998789038174436e-05,0.005744457244873047,29.342594146728516
run_1779987552_a8af689e,1779989019.6365523,20.0,111.0,27.0,0.005744457244873047,0.0,-6.493537425994873,15.334270477294922,-0.028722288087010384,15.25778579711914,0.10520638525485992,3.2998789038174436e-05,0.005744457244873047,29.342594146728516
run_1779987552_a8af689e,1779989021.6391246,20.0,111.0,27.0,0.005744457244873047,0.0,-6.493537425994873,15.322685241699219,-0.028722288087010384,15.25623607635498,0.09517082571983337,3.2998789038174436e-05,0.005744457244873047,29.342594146728516
run_1779987552_a8af689e,1779989023.6298275,20.0,111.0,27.0,0.04982709884643555,0.0,-6.443944454193115,14.801252365112305,-0.24913549423217773,15.248725891113281,-0.19833967089653015,0.0024827397794524586,0.04982709884643555,29.342594146728516
run_1779987552_a8af689e,1779989025.64023,20.0,111.0,27.0,0.005744457244873047,0.0,-6.493537425994873,15.31424331665039,-0.028722288087010384,15.243599891662598,0.09936587512493134,3.2998789038174436e-05,0.005744457244873047,29.342594146728516
run_1779987552_a8af689e,1779989027.631894,20.0,111.0,27.0,0.005744457244873047,0.0,-6.493537425994873,15.303215026855469,-0.028722288087010384,15.242050170898438,0.08988741785287857,3.2998789038174436e-05,0.005744457244873047,29.342594146728516
run_1779987552_a8af689e,1779989029.6408012,20.0,111.0,27.0,0.04982709884643555,0.0,-6.443944454193115,14.775416374206543,-0.24913549423217773,15.23930835723877,-0.21475665271282196,0.0024827397794524586,0.04982709884643555,29.342594146728516
run_1779987552_a8af689e,1779989031.6340952,20.0,111.0,27.0,0.04982709884643555,0.0,-6.443944454193115,14.782431602478027,-0.24913549423217773,15.225837707519531,-0.19427113234996796,0.0024827397794524586,0.04982709884643555,29.342594146728516
run_1779987552_a8af689e,1779989033.6434405,20.0,111.0,27.0,0.005744457244873047,0.0,-6.493537425994873,15.295036315917969,-0.028722288087010384,15.220711708068848,0.10304633527994156,3.2998789038174436e-05,0.005744457244873047,29.342594146728516
run_1779987552_a8af689e,1779989035.6392674,20.0,111.0,27.0,0.04982709884643555,0.0,-6.443944454193115,14.772851943969727,-0.24913549423217773,15.213201522827148,-0.1912153661251068,0.0024827397794524586,0.04982709884643555,29.342594146728516
run_1779987552_a8af689e,1779989037.634315,20.0,111.0,27.0,0.005744457244873047,0.0,-6.493537425994873,15.295295715332031,-0.028722288087010384,15.200922966003418,0.12309430539608002,3.2998789038174436e-05,0.005744457244873047,29.342594146728516
run_1779987552_a8af689e,1779989039.6388106,20.0,111.0,27.0,0.005744457244873047,0.0,-6.493537425994873,15.282003402709961,-0.028722288087010384,15.199373245239258,0.11135238409042358,3.2998789038174436e-05,0.005744457244873047,29.342594146728516
run_1779987552_a8af689e,1779989041.6327565,20.0,111.0,27.0,0.04982709884643555,0.0,-6.443944454193115,14.762288093566895,-0.24913549423217773,15.189478874206543,-0.17805549502372742,0.0024827397794524586,0.04982709884643555,29.342594146728516
run_1779987552_a8af689e,1779989043.6418233,20.0,111.0,27.0,0.04982709884643555,0.0,-6.443944454193115,14.765802383422852,-0.24913549423217773,15.176008224487305,-0.16107089817523956,0.0024827397794524586,0.04982709884643555,29.342594146728516
run_1779987552_a8af689e,1779989045.6373582,20.0,111.0,27.0,0.04982709884643555,0.0,-6.443944454193115,14.757564544677734,-0.24913549423217773,15.169690132141113,-0.16299015283584595,0.0024827397794524586,0.04982709884643555,29.342594146728516
run_1779987552_a8af689e,1779989047.6290438,20.0,111.0,27.0,0.04982709884643555,0.0,-6.443944454193115,14.759641647338867,-0.24913549423217773,15.156219482421875,-0.14744262397289276,0.0024827397794524586,0.04982709884643555,29.342594146728516
run_1779987552_a8af689e,1779989049.6361341,20.0,111.0,27.0,0.005744457244873047,0.0,-6.493537425994873,15.277910232543945,-0.028722288087010384,15.143940925598145,0.1626916080713272,3.2998789038174436e-05,0.005744457244873047,29.342594146728516
run_1779987552_a8af689e,1779989051.6439755,20.0,111.0,27.0,0.005744457244873047,0.0,-6.493537425994873,15.260842323303223,-0.028722288087010384,15.142391204833984,0.14717254042625427,3.2998789038174436e-05,0.005744457244873047,29.342594146728516
run_1779987552_a8af689e,1779989053.6326256,20.0,111.0,27.0,0.04982709884643555,0.0,-6.443944454193115,14.737709045410156,-0.24913549423217773,15.13249683380127,-0.14565224945545197,0.0024827397794524586,0.04982709884643555,29.342594146728516
run_1779987552_a8af689e,1779989055.6428363,20.0,111.0,27.0,0.04982709884643555,0.0,-6.443944454193115,14.73813247680664,-0.24913549423217773,15.119026184082031,-0.13175857067108154,0.0024827397794524586,0.04982709884643555,29.342594146728516
run_1779987552_a8af689e,1779989057.6344366,20.0,111.0,27.0,0.005744457244873047,0.0,-6.493537425994873,15.24477481842041,-0.028722288087010384,15.113900184631348,0.15959584712982178,3.2998789038174436e-05,0.005744457244873047,29.342594146728516
run_1779987552_a8af689e,1779989059.6423442,20.0,111.0,27.0,0.04982709884643555,0.0,-6.443944454193115,14.713817596435547,-0.24913549423217773,15.108774185180664,-0.14582055807113647,0.0024827397794524586,0.04982709884643555,29.342594146728516
run_1779987552_a8af689e,1779989061.6306803,20.0,111.0,27.0,0.005744457244873047,0.0,-6.493537425994873,15.231932640075684,-0.028722288087010384,15.096495628356934,0.1641589254140854,3.2998789038174436e-05,0.005744457244873047,29.342594146728516
run_1779987552_a8af689e,1779989063.635677,20.0,111.0,27.0,0.04982709884643555,0.0,-6.443944454193115,14.700542449951172,-0.24913549423217773,15.09136962890625,-0.14169274270534515,0.0024827397794524586,0.04982709884643555,29.342594146728516
run_1779987552_a8af689e,1779989065.6297107,20.0,111.0,27.0,0.04982709884643555,0.0,-6.443944454193115,14.690455436706543,-0.24913549423217773,15.085051536560059,-0.14546047151088715,0.0024827397794524586,0.04982709884643555,29.342594146728516
run_1779987552_a8af689e,1779989067.6380653,20.0,111.0,27.0,0.04982709884643555,0.0,-6.443944454193115,14.690860748291016,-0.24913549423217773,15.07158088684082,-0.13158506155014038,0.0024827397794524586,0.04982709884643555,29.342594146728516
run_1779987552_a8af689e,1779989069.6433055,20.0,111.0,27.0,0.04982709884643555,0.0,-6.443944454193115,14.68994140625,-0.24913549423217773,15.058110237121582,-0.11903325468301773,0.0024827397794524586,0.04982709884643555,29.342594146728516
run_1779987552_a8af689e,1779989071.6378567,20.0,111.0,27.0,0.04982709884643555,0.0,-6.443944454193115,14.687826156616211,-0.24913549423217773,15.044639587402344,-0.10767875611782074,0.0024827397794524586,0.04982709884643555,29.342594146728516
run_1779987552_a8af689e,1779989073.6430633,20.0,111.0,27.0,0.005744457244873047,0.0,-6.493537425994873,15.192170143127441,-0.028722288087010384,15.03951358795166,0.18137870728969574,3.2998789038174436e-05,0.005744457244873047,29.342594146728516
run_1779987552_a8af689e,1779989075.630042,20.0,111.0,27.0,0.04982709884643555,0.0,-6.443944454193115,14.668925285339355,-0.24913549423217773,15.02723503112793,-0.10917490720748901,0.0024827397794524586,0.04982709884643555,29.342594146728516
run_1779987552_a8af689e,1779989077.6417205,20.0,111.0,27.0,0.04982709884643555,0.0,-6.443944454193115,14.665868759155273,-0.24913549423217773,15.013764381408691,-0.09876079857349396,0.0024827397794524586,0.04982709884643555,29.342594146728516
run_1779987552_a8af689e,1779989079.6343136,20.0,111.0,27.0,-0.038336753845214844,0.0,-6.543128967285156,15.688093185424805,0.19168376922607422,15.005372047424316,0.4910358190536499,0.001469706695388595,0.038336753845214844,29.342594146728516
run_1779987552_a8af689e,1779989081.642292,20.0,111.0,27.0,0.04982709884643555,0.0,-6.443944454193115,14.634477615356445,-0.24913549423217773,14.996979713439941,-0.11336693167686462,0.0024827397794524586,0.04982709884643555,29.342594146728516
run_1779987552_a8af689e,1779989083.6424465,20.0,111.0,27.0,-0.038336753845214844,0.0,-6.543128967285156,15.634371757507324,0.19168376922607422,14.998744010925293,0.44394227862358093,0.001469706695388595,0.038336753845214844,29.342594146728516
run_1779987552_a8af689e,1779989085.6309195,20.0,111.0,27.0,0.005744457244873047,0.0,-6.493537425994873,15.092793464660645,-0.028722288087010384,14.998696327209473,0.12281789630651474,3.2998789038174436e-05,0.005744457244873047,29.342594146728516
run_1779987552_a8af689e,1779989087.6343777,20.0,111.0,27.0,-0.038336753845214844,0.0,-6.543128967285156,15.577682495117188,0.19168376922607422,15.001652717590332,0.3843455910682678,0.001469706695388595,0.038336753845214844,29.342594146728516
run_1779987552_a8af689e,1779989089.629477,20.0,111.0,27.0,0.005744457244873047,0.0,-6.493537425994873,15.041789054870605,-0.028722288087010384,15.001605033874512,0.06890604645013809,3.2998789038174436e-05,0.005744457244873047,29.342594146728516
run_1779987552_a8af689e,1779989091.6377556,20.0,111.0,27.0,-0.038336753845214844,0.0,-6.543128967285156,15.531821250915527,0.19168376922607422,15.004561424255371,0.33557626605033875,0.001469706695388595,0.038336753845214844,29.342594146728516
run_1779987552_a8af689e,1779989093.6289663,20.0,111.0,27.0,-0.038336753845214844,0.0,-6.543128967285156,15.50326919555664,0.19168376922607422,15.008018493652344,0.3035658597946167,0.001469706695388595,0.038336753845214844,29.342594146728516
run_1779987552_a8af689e,1779989095.6401196,20.0,111.0,27.0,0.005744457244873047,0.0,-6.493537425994873,14.9796142578125,-0.028722288087010384,15.006969451904297,0.0013657488161697984,3.2998789038174436e-05,0.005744457244873047,29.342594146728516
run_1779987552_a8af689e,1779989097.6358092,20.0,111.0,27.0,0.005744457244873047,0.0,-6.493537425994873,14.977933883666992,-0.028722288087010384,15.005419731140137,0.0012354709906503558,3.2998789038174436e-05,0.005744457244873047,29.342594146728516
run_1779987552_a8af689e,1779989099.640761,20.0,111.0,27.0,0.005744457244873047,0.0,-6.493537425994873,14.976265907287598,-0.028722288087010384,15.003870010375977,0.001117620151489973,3.2998789038174436e-05,0.005744457244873047,29.342594146728516
run_1779987552_a8af689e,1779989101.6372228,20.0,111.0,27.0,0.005744457244873047,0.0,-6.493537425994873,14.974609375,-0.028722288087010384,15.002320289611816,0.0010110109578818083,3.2998789038174436e-05,0.005744457244873047,29.342594146728516
run_1779987552_a8af689e,1779989103.640729,20.0,111.0,27.0,0.005744457244873047,0.0,-6.493537425994873,14.959027290344238,-0.028722288087010384,15.003774642944336,-0.016025474295020103,3.2998789038174436e-05,0.005744457244873047,29.342594146728516
run_1779987552_a8af689e,1779989105.6323056,20.0,111.0,27.0,0.005744457244873047,0.0,-6.493537425994873,14.959006309509277,-0.028722288087010384,15.002224922180176,-0.014496814459562302,3.2998789038174436e-05,0.005744457244873047,29.342594146728516
run_1779987552_a8af689e,1779989107.64143,20.0,111.0,27.0,0.005744457244873047,0.0,-6.493537425994873,14.958839416503906,-0.028722288087010384,15.000675201416016,-0.013113969005644321,3.2998789038174436e-05,0.005744457244873047,29.342594146728516
run_1779987552_a8af689e,1779989109.6320121,20.0,111.0,27.0,0.005744457244873047,0.0,-6.493537425994873,14.958540916442871,-0.028722288087010384,14.999125480651855,-0.011863035149872303,3.2998789038174436e-05,0.005744457244873047,29.342594146728516
run_1779987552_a8af689e,1779989111.6374927,20.0,111.0,27.0,0.005744457244873047,0.0,-6.493537425994873,14.958122253417969,-0.028722288087010384,14.997575759887695,-0.010731431655585766,3.2998789038174436e-05,0.005744457244873047,29.342594146728516
run_1779987552_a8af689e,1779989113.632507,20.0,111.0,27.0,0.005744457244873047,0.0,-6.493537425994873,14.957596778869629,-0.028722288087010384,14.996026039123535,-0.009707765653729439,3.2998789038174436e-05,0.005744457244873047,29.342594146728516
run_1779987552_a8af689e,1779989115.6417134,20.0,111.0,27.0,0.005744457244873047,0.0,-6.493537425994873,14.9569730758667,-0.028722288087010384,14.994476318359375,-0.008781745098531246,3.2998789038174436e-05,0.005744457244873047,29.342594146728516
run_1779987552_a8af689e,1779989117.6324859,20.0,111.0,27.0,0.005744457244873047,0.0,-6.493537425994873,14.95626163482666,-0.028722288087010384,14.992926597595215,-0.007944059558212757,3.2998789038174436e-05,0.005744457244873047,29.342594146728516
run_1779987552_a8af689e,1779989119.6412017,20.0,111.0,27.0,-0.08241701126098633,0.0,-6.592719078063965,15.979327201843262,0.41208505630493164,14.994068145751953,0.5731738805770874,0.006792563745193547,0.08241701126098633,29.342594146728516
run_1779987552_a8af689e,1779989121.6373994,20.0,111.0,27.0,0.005744457244873047,0.0,-6.493537425994873,14.917941093444824,-0.028722288087010384,14.997003555297852,-0.050340551882982254,3.2998789038174436e-05,0.005744457244873047,29.342594146728516
run_1779987552_a8af689e,1779989123.6313627,20.0,111.0,27.0,-0.038336753845214844,0.0,-6.543128967285156,15.41934871673584,0.19168376922607422,14.999959945678711,0.22770452499389648,0.001469706695388595,0.038336753845214844,29.342594146728516
run_1779987552_a8af689e,1779989125.642529,20.0,111.0,27.0,-0.08241701126098633,0.0,-6.592719078063965,15.907885551452637,0.41208505630493164,15.005399703979492,0.4904007911682129,0.006792563745193547,0.08241701126098633,29.342594146728516
run_1779987552_a8af689e,1779989127.6385083,20.0,111.0,27.0,0.005744457244873047,0.0,-6.493537425994873,14.834709167480469,-0.028722288087010384,15.011922836303711,-0.148492231965065,3.2998789038174436e-05,0.005744457244873047,29.342594146728516
run_1779987552_a8af689e,1779989129.6320198,20.0,111.0,27.0,-0.038336753845214844,0.0,-6.543128967285156,15.354655265808105,0.19168376922607422,15.012876510620117,0.15009531378746033,0.001469706695388595,0.038336753845214844,29.342594146728516
run_1779987552_a8af689e,1779989131.641091,20.0,111.0,27.0,-0.08241701126098633,0.0,-6.592719078063965,15.860647201538086,0.41208505630493164,15.016730308532715,0.43183159828186035,0.006792563745193547,0.08241701126098633,29.342594146728516
run_1779987552_a8af689e,1779989133.6336246,20.0,111.0,27.0,-0.08241701126098633,0.0,-6.592719078063965,15.826876640319824,0.41208505630493164,15.024150848388672,0.3906394839286804,0.006792563745193547,0.08241701126098633,29.342594146728516
run_1779987552_a8af689e,1779989135.6396146,20.0,111.0,27.0,-0.08241701126098633,0.0,-6.592719078063965,15.79703426361084,0.41208505630493164,15.031571388244629,0.3533766269683838,0.006792563745193547,0.08241701126098633,29.342594146728516
run_1779987552_a8af689e,1779989137.634994,20.0,111.0,27.0,-0.038336753845214844,0.0,-6.543128967285156,15.263946533203125,0.19168376922607422,15.037010192871094,0.035251498222351074,0.001469706695388595,0.038336753845214844,29.342594146728516
run_1779987552_a8af689e,1779989139.6284466,20.0,111.0,27.0,-0.038336753845214844,0.0,-6.543128967285156,15.264039993286133,0.19168376922607422,15.040467262268066,0.03188887611031532,0.001469706695388595,0.038336753845214844,29.342594146728516
run_1779987552_a8af689e,1779989141.6442482,20.0,111.0,27.0,-0.08241701126098633,0.0,-6.592719078063965,15.771256446838379,0.41208505630493164,15.045907020568848,0.31326380372047424,0.006792563745193547,0.08241701126098633,29.342594146728516
run_1779987552_a8af689e,1779989143.6405675,20.0,111.0,27.0,-0.038336753845214844,0.0,-6.543128967285156,15.251588821411133,0.19168376922607422,15.049759864807129,0.010144499130547047,0.001469706695388595,0.038336753845214844,29.342594146728516
run_1779987552_a8af689e,1779989145.6338356,20.0,111.0,27.0,-0.038336753845214844,0.0,-6.543128967285156,15.254076957702637,0.19168376922607422,15.053216934204102,0.009176821447908878,0.001469706695388595,0.038336753845214844,29.342594146728516
run_1779987552_a8af689e,1779989147.6328535,20.0,111.0,27.0,-0.08241701126098633,0.0,-6.592719078063965,15.753865242004395,0.41208505630493164,15.06024169921875,0.2815386950969696,0.006792563745193547,0.08241701126098633,29.342594146728516
run_1779987552_a8af689e,1779989149.6404853,20.0,111.0,27.0,-0.08241701126098633,0.0,-6.592719078063965,15.734431266784668,0.41208505630493164,15.067662239074707,0.25468283891677856,0.006792563745193547,0.08241701126098633,29.342594146728516
run_1779987552_a8af689e,1779989151.6292782,20.0,111.0,27.0,-0.038336753845214844,0.0,-6.543128967285156,15.220351219177246,0.19168376922607422,15.071516036987305,-0.042848438024520874,0.001469706695388595,0.038336753845214844,29.342594146728516
run_1779987552_a8af689e,1779989153.633595,20.0,111.0,27.0,-0.038336753845214844,0.0,-6.543128967285156,15.227895736694336,0.19168376922607422,15.074973106384277,-0.03876114636659622,0.001469706695388595,0.038336753845214844,29.342594146728516
run_1779987552_a8af689e,1779989155.640533,20.0,111.0,27.0,-0.038336753845214844,0.0,-6.543128967285156,15.235050201416016,0.19168376922607422,15.07843017578125,-0.035063743591308594,0.001469706695388595,0.038336753845214844,29.342594146728516
run_1779987552_a8af689e,1779989157.6297188,20.0,111.0,27.0,-0.038336753845214844,0.0,-6.543128967285156,15.241852760314941,0.19168376922607422,15.081887245178223,-0.031719036400318146,0.001469706695388595,0.038336753845214844,29.342594146728516
run_1779987552_a8af689e,1779989159.6375427,20.0,111.0,27.0,-0.038336753845214844,0.0,-6.543128967285156,15.248334884643555,0.19168376922607422,15.085344314575195,-0.02869337424635887,0.001469706695388595,0.038336753845214844,29.342594146728516
run_1779987552_a8af689e,1779989161.6305003,20.0,111.0,27.0,-0.038336753845214844,0.0,-6.543128967285156,15.254528999328613,0.19168376922607422,15.088801383972168,-0.025956332683563232,0.001469706695388595,0.038336753845214844,29.342594146728516
run_1779987552_a8af689e,1779989163.6414251,20.0,111.0,27.0,-0.038336753845214844,0.0,-6.543128967285156,15.260462760925293,0.19168376922607422,15.09225845336914,-0.023480379953980446,0.001469706695388595,0.038336753845214844,29.342594146728516
run_1779987552_a8af689e,1779989165.632368,20.0,111.0,27.0,-0.038336753845214844,0.0,-6.543128967285156,15.266159057617188,0.19168376922607422,15.095715522766113,-0.02124059945344925,0.001469706695388595,0.038336753845214844,29.342594146728516
run_1779987552_a8af689e,1779989167.6433249,20.0,111.0,27.0,-0.038336753845214844,0.0,-6.543128967285156,15.271641731262207,0.19168376922607422,15.099172592163086,-0.01921447366476059,0.001469706695388595,0.038336753845214844,29.342594146728516
run_1779987552_a8af689e,1779989169.6346037,20.0,111.0,27.0,-0.038336753845214844,0.0,-6.543128967285156,15.276930809020996,0.19168376922607422,15.102629661560059,-0.017381615936756134,0.001469706695388595,0.038336753845214844,29.342594146728516
run_1779987552_a8af689e,1779989171.6307495,20.0,111.0,27.0,-0.08241701126098633,0.0,-6.592719078063965,15.798897743225098,0.41208505630493164,15.10648250579834,0.2803301513195038,0.006792563745193547,0.08241701126098633,29.342594146728516
run_1779987552_a8af689e,1779989173.6429281,20.0,111.0,27.0,-0.038336753845214844,0.0,-6.543128967285156,15.272778511047363,0.19168376922607422,15.111921310424805,-0.030827175825834274,0.001469706695388595,0.038336753845214844,29.342594146728516
run_1779987552_a8af689e,1779989175.6344864,20.0,111.0,27.0,-0.038336753845214844,0.0,-6.543128967285156,15.279176712036133,0.19168376922607422,15.115378379821777,-0.027886591851711273,0.001469706695388595,0.038336753845214844,29.342594146728516
run_1779987552_a8af689e,1779989177.6446068,20.0,111.0,27.0,-0.08241701126098633,0.0,-6.592719078063965,15.792094230651855,0.41208505630493164,15.120818138122559,0.25919032096862793,0.006792563745193547,0.08241701126098633,29.342594146728516
run_1779987552_a8af689e,1779989179.6406128,20.0,111.0,27.0,-0.08241701126098633,0.0,-6.592719078063965,15.77479076385498,0.41208505630493164,15.128238677978516,0.2344662994146347,0.006792563745193547,0.08241701126098633,29.342594146728516
run_1779987552_a8af689e,1779989181.632808,20.0,111.0,27.0,-0.08241701126098633,0.0,-6.592719078063965,15.759844779968262,0.41208505630493164,15.135659217834473,0.21210072934627533,0.006792563745193547,0.08241701126098633,29.342594146728516
run_1779987552_a8af689e,1779989183.6423485,20.0,111.0,27.0,-0.08241701126098633,0.0,-6.592719078063965,15.732134819030762,0.41208505630493164,15.145458221435547,0.17459115386009216,0.006792563745193547,0.08241701126098633,29.342594146728516
run_1779987552_a8af689e,1779989185.6361122,20.0,111.0,27.0,-0.12648344039916992,0.0,-6.642293930053711,16.234508514404297,0.6324172019958496,15.154067993164062,0.4480229616165161,0.01599806069521037,0.12648344039916992,29.342594146728516
run_1779987552_a8af689e,1779989187.6377993,20.0,111.0,27.0,-0.12648344039916992,0.0,-6.642293930053711,16.218055725097656,0.6324172019958496,15.163074493408203,0.4225636422634125,0.01599806069521037,0.12648344039916992,29.342594146728516
run_1779987552_a8af689e,1779989189.6295598,20.0,111.0,27.0,-0.08241701126098633,0.0,-6.592719078063965,15.677525520324707,0.41208505630493164,15.173270225524902,0.0921696275472641,0.006792563745193547,0.08241701126098633,29.342594146728516
run_1779987552_a8af689e,1779989191.6391306,20.0,111.0,27.0,-0.12648344039916992,0.0,-6.642293930053711,16.17794418334961,0.6324172019958496,15.183465003967285,0.36206114292144775,0.01599806069521037,0.12648344039916992,29.342594146728516
run_1779987552_a8af689e,1779989193.633629,20.0,111.0,27.0,-0.12648344039916992,0.0,-6.642293930053711,16.1547908782959,0.6324172019958496,15.194849967956543,0.32752424478530884,0.01599806069521037,0.12648344039916992,29.342594146728516
run_1779987552_a8af689e,1779989195.643252,20.0,111.0,27.0,-0.12648344039916992,0.0,-6.642293930053711,16.134933471679688,0.6324172019958496,15.206233978271484,0.2962819039821625,0.01599806069521037,0.12648344039916992,29.342594146728516
run_1779987552_a8af689e,1779989197.6314483,20.0,111.0,27.0,-0.038336753845214844,0.0,-6.543128967285156,15.094680786132812,0.19168376922607422,15.215240478515625,-0.31224310398101807,0.001469706695388595,0.038336753845214844,29.342594146728516
run_1779987552_a8af689e,1779989199.6414979,20.0,111.0,27.0,-0.038336753845214844,0.0,-6.543128967285156,15.098118782043457,0.19168376922607422,15.223453521728516,-0.3170185387134552,0.001469706695388595,0.038336753845214844,29.342594146728516
run_1779987552_a8af689e,1779989201.6377013,20.0,111.0,27.0,-0.08241701126098633,0.0,-6.592719078063965,15.643585205078125,0.41208505630493164,15.228099822998047,0.003398625645786524,0.006792563745193547,0.08241701126098633,29.342594146728516
run_1779987552_a8af689e,1779989203.631944,20.0,111.0,27.0,-0.12648344039916992,0.0,-6.642293930053711,16.1524715423584,0.6324172019958496,15.238295555114746,0.2817579209804535,0.01599806069521037,0.12648344039916992,29.342594146728516
run_1779987552_a8af689e,1779989205.6304212,20.0,111.0,27.0,-0.08241701126098633,0.0,-6.592719078063965,15.625372886657715,0.41208505630493164,15.248491287231445,-0.0352046862244606,0.006792563745193547,0.08241701126098633,29.342594146728516
run_1779987552_a8af689e,1779989207.6420608,20.0,111.0,27.0,-0.08241701126098633,0.0,-6.592719078063965,15.636150360107422,0.41208505630493164,15.255911827087402,-0.031846530735492706,0.006792563745193547,0.08241701126098633,29.342594146728516
run_1779987552_a8af689e,1779989209.6390364,20.0,111.0,27.0,-0.038336753845214844,0.0,-6.543128967285156,15.134840965270996,0.19168376922607422,15.2621431350708,-0.3189856708049774,0.001469706695388595,0.038336753845214844,29.342594146728516
run_1779987552_a8af689e,1779989211.629395,20.0,111.0,27.0,-0.038336753845214844,0.0,-6.543128967285156,15.168725967407227,0.19168376922607422,15.265600204467773,-0.288557767868042,0.001469706695388595,0.038336753845214844,29.342594146728516
run_1779987552_a8af689e,1779989213.6442077,20.0,111.0,27.0,-0.038336753845214844,0.0,-6.543128967285156,15.199708938598633,0.19168376922607422,15.269057273864746,-0.26103243231773376,0.001469706695388595,0.038336753845214844,29.342594146728516
run_1779987552_a8af689e,1779989215.6334822,20.0,111.0,27.0,-0.08241701126098633,0.0,-6.592719078063965,15.730012893676758,0.41208505630493164,15.275289535522461,0.04263830929994583,0.006792563745193547,0.08241701126098633,29.342594146728516
run_1779987552_a8af689e,1779989217.6376603,20.0,111.0,27.0,-0.038336753845214844,0.0,-6.543128967285156,15.236160278320312,0.19168376922607422,15.279142379760742,-0.23466621339321136,0.001469706695388595,0.038336753845214844,29.342594146728516
run_1779987552_a8af689e,1779989219.634015,20.0,111.0,27.0,-0.08241701126098633,0.0,-6.592719078063965,15.763948440551758,0.41208505630493164,15.285374641418457,0.06648946553468704,0.006792563745193547,0.08241701126098633,29.342594146728516
run_1779987552_a8af689e,1779989221.6287022,20.0,111.0,27.0,-0.08241701126098633,0.0,-6.592719078063965,15.76502799987793,0.41208505630493164,15.292795181274414,0.060147080570459366,0.006792563745193547,0.08241701126098633,29.342594146728516
run_1779987552_a8af689e,1779989223.63681,20.0,111.0,27.0,-0.08241701126098633,0.0,-6.592719078063965,15.766711235046387,0.41208505630493164,15.300215721130371,0.054409682750701904,0.006792563745193547,0.08241701126098633,29.342594146728516
run_1779987552_a8af689e,1779989225.6333892,20.0,111.0,27.0,-0.08241701126098633,0.0,-6.592719078063965,15.783503532409668,0.41208505630493164,15.305258750915527,0.06615924090147018,0.006792563745193547,0.08241701126098633,29.342594146728516
run_1779987552_a8af689e,1779989227.6410036,20.0,111.0,27.0,-0.08241701126098633,0.0,-6.592719078063965,15.784613609313965,0.41208505630493164,15.312679290771484,0.0598483644425869,0.006792563745193547,0.08241701126098633,29.342594146728516
run_1779987552_a8af689e,1779989229.6322317,20.0,111.0,27.0,-0.038336753845214844,0.0,-6.543128967285156,15.289118766784668,0.19168376922607422,15.316532135009766,-0.2190978080034256,0.001469706695388595,0.038336753845214844,29.342594146728516
run_1779987552_a8af689e,1779989231.6389334,20.0,111.0,27.0,-0.038336753845214844,0.0,-6.543128967285156,15.313474655151367,0.19168376922607422,15.319989204406738,-0.19819818437099457,0.001469706695388595,0.038336753845214844,29.342594146728516
run_1779987552_a8af689e,1779989233.6334777,nan,nan,nan,-0.038336753845214844,nan,-6.543128967285156,nan,nan,nan,nan,nan,nan,29.342594146728516
