run_id,timestamp,kp,ki,kd,temp,temp_ref,temp_raw,temp_u,temp_u_p,temp_u_i,temp_u_d,sq_error,mae,start_temp
run_1776805147_3479c29e,1776805630.4724233,5.0,997.0,12.0,25.81697654724121,0.0,22.544097900390625,-100.0,-100.0,0.0,0.2720601558685303,666.5162780408027,25.81697654724121,25.81697654724121
run_1776805147_3479c29e,1776805632.6889172,5.0,997.0,12.0,25.81697654724121,0.0,22.544097900390625,-100.0,-100.0,0.0,0.2461084872484207,666.5162780408027,25.81697654724121,25.81697654724121
run_1776805147_3479c29e,1776805634.9315116,5.0,997.0,12.0,25.81697654724121,0.0,22.544097900390625,-100.0,-100.0,0.0,0.2226323187351226,666.5162780408027,25.81697654724121,25.81697654724121
run_1776805147_3479c29e,1776805637.167083,5.0,997.0,12.0,25.77248764038086,0.0,22.494049072265625,-100.0,-100.0,0.0,0.6720758676528931,664.2211191735842,25.77248764038086,25.81697654724121
run_1776805147_3479c29e,1776805639.395963,5.0,997.0,12.0,25.77248764038086,0.0,22.494049072265625,-100.0,-100.0,0.0,0.607966959476471,664.2211191735842,25.77248764038086,25.81697654724121
run_1776805147_3479c29e,1776805641.6169264,5.0,997.0,12.0,25.77248764038086,0.0,22.494049072265625,-100.0,-100.0,0.0,1.070246338844299,664.2211191735842,25.77248764038086,25.81697654724121
run_1776805147_3479c29e,1776805643.8362422,5.0,997.0,12.0,25.728031158447266,0.0,22.444034576416016,-100.0,-100.0,0.0,0.968156099319458,661.9315872900333,25.728031158447266,25.81697654724121
run_1776805147_3479c29e,1776805646.0461657,5.0,997.0,12.0,25.728031158447266,0.0,22.39402198791504,-100.0,-100.0,0.0,1.396077275276184,661.9315872900333,25.728031158447266,25.81697654724121
run_1776805147_3479c29e,1776805648.2591248,5.0,997.0,12.0,25.63908576965332,0.0,22.343971252441406,-100.0,-100.0,0.0,1.7063896656036377,657.3627191036394,25.63908576965332,25.81697654724121
run_1776805147_3479c29e,1776805650.5025542,5.0,997.0,12.0,25.63908576965332,0.0,22.343971252441406,-100.0,-100.0,0.0,1.5436182022094729,657.3627191036394,25.63908576965332,25.81697654724121
run_1776805147_3479c29e,1776805652.7283883,5.0,997.0,12.0,25.63908576965332,0.0,22.343971252441406,-100.0,-100.0,0.0,1.911434769630432,657.3627191036394,25.63908576965332,25.81697654724121
run_1776805147_3479c29e,1776805654.941965,5.0,997.0,12.0,25.59463119506836,0.0,22.293960571289062,-100.0,-100.0,0.0,2.2545738220214844,655.0851460115664,25.59463119506836,25.81697654724121
run_1776805147_3479c29e,1776805657.1533911,5.0,997.0,12.0,25.55017852783203,0.0,22.24394989013672,-100.0,-100.0,0.0,2.039511203765869,652.811622804089,25.55017852783203,25.81697654724121
run_1776805147_3479c29e,1776805659.37192,5.0,997.0,12.0,25.55017852783203,0.0,22.24394989013672,-100.0,-100.0,0.0,1.7547634840011597,652.811622804089,25.55017852783203,25.81697654724121
run_1776805147_3479c29e,1776805661.5899367,5.0,997.0,12.0,25.505664825439453,0.0,22.193872451782227,-100.0,-100.0,0.0,2.077909231185913,650.5389381876594,25.505664825439453,25.81697654724121
run_1776805147_3479c29e,1776805663.8129866,5.0,997.0,12.0,25.461238861083984,0.0,22.143892288208008,-100.0,-100.0,0.0,2.3791778087615967,648.2746843411733,25.461238861083984,25.81697654724121
run_1776805147_3479c29e,1776805666.0285275,5.0,997.0,12.0,25.461238861083984,0.0,22.143892288208008,-100.0,-100.0,0.0,2.1522295475006104,648.2746843411733,25.461238861083984,25.81697654724121
run_1776805147_3479c29e,1776805668.2419555,5.0,997.0,12.0,25.416786193847656,0.0,22.093883514404297,-100.0,-100.0,0.0,2.327089548110962,646.0130204237648,25.416786193847656,25.81697654724121
run_1776805147_3479c29e,1776805670.4627748,5.0,997.0,12.0,25.416786193847656,0.0,22.093883514404297,-100.0,-100.0,0.0,2.6309406757354736,646.0130204237648,25.416786193847656,25.81697654724121
run_1776805147_3479c29e,1776805672.6849349,5.0,997.0,12.0,25.372303009033203,0.0,22.043842315673828,-100.0,-100.0,0.0,2.379976511001587,643.7537599821953,25.372303009033203,25.81697654724121
run_1776805147_3479c29e,1776805674.8959756,5.0,997.0,12.0,25.32785415649414,0.0,21.99383544921875,-100.0,-100.0,0.0,2.6477043628692627,641.5001961726375,25.32785415649414,25.81697654724121
run_1776805147_3479c29e,1776805677.117937,5.0,997.0,12.0,25.32785415649414,0.0,21.99383544921875,-100.0,-100.0,0.0,2.3951408863067627,641.5001961726375,25.32785415649414,25.81697654724121
run_1776805147_3479c29e,1776805679.3520367,5.0,997.0,12.0,25.283370971679688,0.0,21.94379234313965,-100.0,-100.0,0.0,2.5316684246063232,639.2488476915751,25.283370971679688,25.81697654724121
run_1776805147_3479c29e,1776805681.5832157,5.0,997.0,12.0,25.283370971679688,0.0,21.94379234313965,-100.0,-100.0,0.0,2.8103573322296143,639.2488476915751,25.283370971679688,25.81697654724121
run_1776805147_3479c29e,1776805683.7940586,5.0,997.0,12.0,25.238922119140625,0.0,21.893787384033203,-100.0,-100.0,0.0,2.5422794818878174,637.0031897360459,25.238922119140625,25.81697654724121
run_1776805147_3479c29e,1776805686.029118,5.0,997.0,12.0,25.194469451904297,0.0,21.84377861022949,-100.0,-100.0,0.0,2.7896320819854736,634.7612909629388,25.194469451904297,25.81697654724121
run_1776805147_3479c29e,1776805688.2599905,5.0,997.0,12.0,25.194469451904297,0.0,21.84377861022949,-100.0,-100.0,0.0,2.9151511192321777,634.7612909629388,25.194469451904297,25.81697654724121
run_1776805147_3479c29e,1776805690.4859636,5.0,997.0,12.0,25.150020599365234,0.0,21.793773651123047,-100.0,-100.0,0.0,2.6370768547058105,632.5235361484956,25.150020599365234,25.81697654724121
run_1776805147_3479c29e,1776805692.7079165,5.0,997.0,12.0,25.150020599365234,0.0,21.793773651123047,-100.0,-100.0,0.0,2.9004786014556885,632.5235361484956,25.150020599365234,25.81697654724121
run_1776805147_3479c29e,1776805694.9323063,5.0,997.0,12.0,25.10557556152344,0.0,21.743772506713867,-100.0,-100.0,0.0,2.6238036155700684,630.2899242753629,25.10557556152344,25.81697654724121
run_1776805147_3479c29e,1776805697.1589968,5.0,997.0,12.0,25.10557556152344,0.0,21.693700790405277,-100.0,-100.0,0.0,2.88919997215271,630.2899242753629,25.10557556152344,25.81697654724121
run_1776805147_3479c29e,1776805699.3736978,5.0,997.0,12.0,25.06106758117676,0.0,21.693700790405277,-100.0,-100.0,0.0,2.9959652423858643,628.0571083083087,25.06106758117676,25.81697654724121
run_1776805147_3479c29e,1776805701.5859053,5.0,997.0,12.0,25.01659393310547,0.0,21.643667221069336,-100.0,-100.0,0.0,2.710181951522827,625.8299720138893,25.01659393310547,25.81697654724121
run_1776805147_3479c29e,1776805703.8106115,5.0,997.0,12.0,25.01659393310547,0.0,21.643667221069336,-100.0,-100.0,0.0,2.4516584873199463,625.8299720138893,25.01659393310547,25.81697654724121
run_1776805147_3479c29e,1776805706.0301044,5.0,997.0,12.0,24.972171783447266,0.0,21.59369468688965,-100.0,-100.0,0.0,2.7073187828063965,623.6093635819998,24.972171783447266,25.81697654724121
run_1776805147_3479c29e,1776805708.2590935,5.0,997.0,12.0,24.972171783447266,0.0,21.59369468688965,-100.0,-100.0,0.0,2.844616651535034,623.6093635819998,24.972171783447266,25.81697654724121
run_1776805147_3479c29e,1776805710.49496,5.0,997.0,12.0,24.927698135375977,0.0,21.54366111755371,-100.0,-100.0,0.0,2.573270082473755,621.3901343284269,24.927698135375977,25.81697654724121
run_1776805147_3479c29e,1776805712.7197907,5.0,997.0,12.0,24.927698135375977,0.0,21.54366111755371,-100.0,-100.0,0.0,2.842780828475952,621.3901343284269,24.927698135375977,25.81697654724121
run_1776805147_3479c29e,1776805714.9314852,5.0,997.0,12.0,24.883251190185547,0.0,21.4936580657959,-100.0,-100.0,0.0,2.5716099739074707,619.1761897938704,24.883251190185547,25.81697654724121
run_1776805147_3479c29e,1776805717.154497,5.0,997.0,12.0,24.883251190185547,0.0,21.443660736083984,-100.0,-100.0,0.0,2.8412113189697266,619.1761897938704,24.883251190185547,25.81697654724121
run_1776805147_3479c29e,1776805719.3719592,5.0,997.0,12.0,24.838809967041016,0.0,21.443660736083984,-100.0,-100.0,0.0,2.4445338249206543,616.9664805787761,24.838809967041016,25.81697654724121
run_1776805147_3479c29e,1776805721.5911918,5.0,997.0,12.0,24.838809967041016,0.0,21.443660736083984,-100.0,-100.0,0.0,2.742365598678589,616.9664805787761,24.838809967041016,25.81697654724121
run_1776805147_3479c29e,1776805723.8148007,5.0,997.0,12.0,24.794336318969727,0.0,21.39362907409668,-100.0,-100.0,0.0,2.4807729721069336,614.7591134981813,24.794336318969727,25.81697654724121
run_1776805147_3479c29e,1776805726.02693,5.0,997.0,12.0,24.794336318969727,0.0,21.34366226196289,-100.0,-100.0,0.0,2.774442434310913,614.7591134981813,24.794336318969727,25.81697654724121
run_1776805147_3479c29e,1776805728.250149,5.0,997.0,12.0,24.74992179870605,0.0,21.34366226196289,-100.0,-100.0,0.0,2.387086868286133,612.5586290420651,24.74992179870605,25.81697654724121
run_1776805147_3479c29e,1776805730.4569268,5.0,997.0,12.0,24.70544815063477,0.0,21.293630599975582,-100.0,-100.0,0.0,2.664437294006348,610.3591683237028,24.70544815063477,25.81697654724121
run_1776805147_3479c29e,1776805732.6826775,5.0,997.0,12.0,24.70544815063477,0.0,21.293630599975582,-100.0,-100.0,0.0,2.410278081893921,610.3591683237028,24.70544815063477,25.81697654724121
run_1776805147_3479c29e,1776805734.9039598,5.0,997.0,12.0,24.661008834838867,0.0,21.243635177612305,-100.0,-100.0,0.0,2.6850266456604004,608.1653567520007,24.661008834838867,25.81697654724121
run_1776805147_3479c29e,1776805737.1356866,5.0,997.0,12.0,24.661008834838867,0.0,21.243635177612305,-100.0,-100.0,0.0,2.428903579711914,608.1653567520007,24.661008834838867,25.81697654724121
run_1776805147_3479c29e,1776805739.3579354,5.0,997.0,12.0,24.661008834838867,0.0,21.243635177612305,-100.0,-100.0,0.0,2.599889039993286,608.1653567520007,24.661008834838867,25.81697654724121
run_1776805147_3479c29e,1776805741.5820272,5.0,997.0,12.0,24.616539001464844,0.0,21.193607330322266,-100.0,-100.0,0.0,2.351886987686157,605.9739924106398,24.616539001464844,25.81697654724121
run_1776805147_3479c29e,1776805743.8079348,5.0,997.0,12.0,24.616539001464844,0.0,21.193607330322266,-100.0,-100.0,0.0,2.637486457824707,605.9739924106398,24.616539001464844,25.81697654724121
run_1776805147_3479c29e,1776805746.029106,5.0,997.0,12.0,24.57208251953125,0.0,21.093599319458008,-100.0,-100.0,0.0,2.91648006439209,603.7872393466532,24.57208251953125,25.81697654724121
run_1776805147_3479c29e,1776805748.2371352,5.0,997.0,12.0,24.527645111083984,0.0,21.093599319458008,-100.0,-100.0,0.0,3.0349438190460205,601.6053746952821,24.527645111083984,25.81697654724121
run_1776805147_3479c29e,1776805750.4645472,5.0,997.0,12.0,24.483177185058597,0.0,21.0435733795166,-100.0,-100.0,0.0,2.7454421520233154,599.4259650749736,24.483177185058597,25.81697654724121
run_1776805147_3479c29e,1776805752.6902294,5.0,997.0,12.0,24.438722610473636,0.0,20.993562698364254,-100.0,-100.0,0.0,2.9685497283935547,597.2511628316752,24.438722610473636,25.81697654724121
run_1776805147_3479c29e,1776805754.9051268,5.0,997.0,12.0,24.394285202026367,0.0,20.94357109069824,-100.0,-100.0,0.0,3.190023422241211,595.0811505178026,24.394285202026367,25.81697654724121
run_1776805147_3479c29e,1776805757.1283042,5.0,997.0,12.0,24.394285202026367,0.0,20.89356231689453,-100.0,-100.0,0.0,3.411198854446411,595.0811505178026,24.394285202026367,25.81697654724121
run_1776805147_3479c29e,1776805759.3511574,5.0,997.0,12.0,24.305397033691406,0.0,20.84357070922852,-100.0,-100.0,0.0,3.934896469116211,590.752324965375,24.305397033691406,25.81697654724121
run_1776805147_3479c29e,1776805761.561248,5.0,997.0,12.0,24.216514587402344,0.0,20.74357795715332,-100.0,-100.0,0.0,4.590231418609619,586.4395787618705,24.216514587402344,25.81697654724121
run_1776805147_3479c29e,1776805763.7811034,5.0,997.0,12.0,24.172046661376957,0.0,20.693553924560547,-100.0,-100.0,0.0,4.152372360229492,584.2878397997847,24.172046661376957,25.81697654724121
run_1776805147_3479c29e,1776805766.007093,5.0,997.0,12.0,24.127613067626957,0.0,20.543577194213867,-100.0,-100.0,0.0,5.3170552253723145,582.1417123411229,24.127613067626957,25.81697654724121
run_1776805147_3479c29e,1776805768.2272909,5.0,997.0,12.0,24.03873443603516,0.0,20.543577194213867,-100.0,-100.0,0.0,5.625309944152832,577.8607532862225,24.03873443603516,25.81697654724121
run_1776805147_3479c29e,1776805770.461518,5.0,997.0,12.0,23.90539932250977,0.0,20.393573760986328,-100.0,-100.0,0.0,5.593595504760742,571.4681167686504,23.90539932250977,25.81697654724121
run_1776805147_3479c29e,1776805772.6700978,5.0,997.0,12.0,23.86095428466797,0.0,20.34357261657715,-100.0,-100.0,0.0,6.079935550689697,569.3451393750147,23.86095428466797,25.81697654724121
run_1776805147_3479c29e,1776805774.888917,5.0,997.0,12.0,23.772083282470703,0.0,20.243593215942383,-100.0,-100.0,0.0,6.004659652709961,565.1119435887231,23.772083282470703,25.81697654724121
run_1776805147_3479c29e,1776805777.1029086,5.0,997.0,12.0,23.683202743530277,0.0,20.093637466430664,-100.0,-100.0,0.0,6.946187496185303,560.8940921911599,23.683202743530277,25.81697654724121
run_1776805147_3479c29e,1776805779.327067,5.0,997.0,12.0,23.549909591674805,0.0,19.99364852905273,-100.0,-100.0,0.0,7.456465721130371,554.598241776057,23.549909591674805,25.81697654724121
run_1776805147_3479c29e,1776805781.547083,5.0,997.0,12.0,23.416608810424805,0.0,19.843685150146484,-100.0,-100.0,0.0,8.274687767028809,548.3375681804646,23.416608810424805,25.81697654724121
run_1776805147_3479c29e,1776805783.755106,5.0,997.0,12.0,23.37218475341797,0.0,19.79370880126953,-100.0,-100.0,0.0,8.005552291870117,546.2590201479034,23.37218475341797,25.81697654724121
run_1776805147_3479c29e,1776805785.9649093,5.0,997.0,12.0,23.23885154724121,0.0,19.643707275390625,-100.0,-100.0,0.0,8.241232872009277,540.0442212347152,23.23885154724121,25.81697654724121
run_1776805147_3479c29e,1776805788.189599,5.0,997.0,12.0,23.10558319091797,0.0,19.4937801361084,-100.0,-100.0,0.0,9.566584587097168,533.867974592431,23.10558319091797,25.81697654724121
run_1776805147_3479c29e,1776805790.402851,5.0,997.0,12.0,23.01673126220703,0.0,19.393823623657227,-100.0,-100.0,0.0,9.6834077835083,529.7699179966585,23.01673126220703,25.81697654724121
run_1776805147_3479c29e,1776805792.62029,5.0,997.0,12.0,22.883472442626957,0.0,19.243906021118164,-100.0,-100.0,0.0,10.304636001586914,523.6533110324672,22.883472442626957,25.81697654724121
run_1776805147_3479c29e,1776805794.8312857,5.0,997.0,12.0,22.79459953308105,0.0,19.14392471313477,-100.0,-100.0,0.0,10.350988388061523,519.593767873539,22.79459953308105,25.81697654724121
run_1776805147_3479c29e,1776805797.0549977,5.0,997.0,12.0,22.61692237854004,0.0,18.894044876098636,-100.0,-100.0,0.0,10.877747535705566,511.5251778769052,22.61692237854004,25.81697654724121
run_1776805147_3479c29e,1776805799.2867856,5.0,997.0,12.0,22.48368263244629,0.0,18.79414367675781,-100.0,-100.0,0.0,11.377348899841309,505.5159847165669,22.48368263244629,25.81697654724121
run_1776805147_3479c29e,1776805801.507887,5.0,997.0,12.0,22.305980682373047,0.0,18.59422874450684,-100.0,-100.0,0.0,11.291115760803224,497.55677420239954,22.305980682373047,25.81697654724121
run_1776805147_3479c29e,1776805803.7419608,5.0,997.0,12.0,22.217159271240234,0.0,18.49430274963379,-100.0,-100.0,0.0,12.23235034942627,493.6021660836559,22.217159271240234,25.81697654724121
run_1776805147_3479c29e,1776805805.957739,5.0,997.0,12.0,22.03950309753418,0.0,18.29444122314453,-100.0,-100.0,0.0,12.06425952911377,485.7396967862187,22.03950309753418,25.81697654724121
run_1776805147_3479c29e,1776805808.1969256,5.0,997.0,12.0,21.86184310913086,0.0,18.09457397460937,-100.0,-100.0,0.0,13.349140167236328,477.9401841282525,21.86184310913086,25.81697654724121
run_1776805147_3479c29e,1776805810.439661,5.0,997.0,12.0,21.77306365966797,0.0,17.99469566345215,-100.0,-100.0,0.0,13.104878425598145,474.0663011279539,21.77306365966797,25.81697654724121
run_1776805147_3479c29e,1776805812.6644256,5.0,997.0,12.0,21.59540557861328,0.0,17.794830322265625,-100.0,-100.0,0.0,12.843640327453612,466.3615421048016,21.59540557861328,25.81697654724121
run_1776805147_3479c29e,1776805814.887917,5.0,997.0,12.0,21.5066032409668,0.0,17.694929122924805,-100.0,-100.0,0.0,13.616175651550291,462.53398296436353,21.5066032409668,25.81697654724121
run_1776805147_3479c29e,1776805817.1159651,5.0,997.0,12.0,21.284587860107425,0.0,17.445159912109375,-100.0,-100.0,0.0,13.800127983093262,453.0336803746322,21.284587860107425,25.81697654724121
run_1776805147_3479c29e,1776805819.3508203,5.0,997.0,12.0,21.107013702392575,0.0,17.245391845703125,-100.0,-100.0,0.0,14.812525749206545,445.5060274329881,21.107013702392575,25.81697654724121
run_1776805147_3479c29e,1776805821.5668917,5.0,997.0,12.0,21.018199920654297,0.0,17.145475387573242,-100.0,-100.0,0.0,14.41799259185791,441.7647279045923,21.018199920654297,25.81697654724121
run_1776805147_3479c29e,1776805823.78985,5.0,997.0,12.0,20.840633392333984,0.0,16.945711135864258,-100.0,-100.0,0.0,15.060003280639648,434.3320001936663,20.840633392333984,25.81697654724121
run_1776805147_3479c29e,1776805825.998945,5.0,997.0,12.0,20.751853942871094,0.0,16.745943069458008,-100.0,-100.0,0.0,14.641952514648438,430.63944206625456,20.751853942871094,25.81697654724121
run_1776805147_3479c29e,1776805828.2241733,5.0,997.0,12.0,20.441104888916016,0.0,16.496244430541992,-100.0,-100.0,0.0,15.010576248168944,417.83876907966624,20.441104888916016,25.81697654724121
run_1776805147_3479c29e,1776805830.4524956,5.0,997.0,12.0,20.35234260559082,0.0,16.396385192871094,-100.0,-100.0,0.0,15.57557773590088,414.21784953534734,20.35234260559082,25.81697654724121
run_1776805147_3479c29e,1776805832.6699617,5.0,997.0,12.0,20.13041305541992,0.0,16.146713256835938,-100.0,-100.0,0.0,15.572050094604492,405.2335297818208,20.13041305541992,25.81697654724121
run_1776805147_3479c29e,1776805834.8831563,5.0,997.0,12.0,20.08604049682617,0.0,16.09679412841797,-100.0,-100.0,0.0,15.599446296691896,403.44902284014097,20.08604049682617,25.81697654724121
run_1776805147_3479c29e,1776805837.109962,5.0,997.0,12.0,19.864131927490234,0.0,15.84714698791504,-100.0,-100.0,0.0,15.593173027038574,394.5837372327369,19.864131927490234,25.81697654724121
run_1776805147_3479c29e,1776805839.3249066,5.0,997.0,12.0,19.64223861694336,0.0,15.597518920898438,-100.0,-100.0,0.0,16.86383819580078,385.817537884941,19.64223861694336,25.81697654724121
run_1776805147_3479c29e,1776805841.548002,5.0,997.0,12.0,19.55349540710449,0.0,15.497682571411133,-100.0,-100.0,0.0,16.273109436035156,382.33918263565647,19.55349540710449,25.81697654724121
run_1776805147_3479c29e,1776805843.7559187,5.0,997.0,12.0,19.37600326538086,0.0,15.298004150390623,-100.0,-100.0,0.0,16.75836181640625,375.4295025400497,19.37600326538086,25.81697654724121
run_1776805147_3479c29e,1776805845.9789178,5.0,997.0,12.0,19.287267684936523,0.0,15.048417091369627,-100.0,-100.0,0.0,16.6867618560791,371.9986947503967,19.287267684936523,25.81697654724121
run_1776805147_3479c29e,1776805848.208568,5.0,997.0,12.0,18.932308197021484,0.0,14.798848152160645,-100.0,-100.0,0.0,16.79863929748535,358.4322936670069,18.932308197021484,25.81697654724121
run_1776805147_3479c29e,1776805850.4279387,5.0,997.0,12.0,18.843589782714844,0.0,14.699037551879885,-100.0,-100.0,0.0,17.192047119140625,355.08087589923525,18.843589782714844,25.81697654724121
run_1776805147_3479c29e,1776805852.6515515,5.0,997.0,12.0,18.66612434387207,0.0,14.4993896484375,-100.0,-100.0,0.0,16.559938430786133,348.4241980208935,18.66612434387207,25.81697654724121
run_1776805147_3479c29e,1776805854.872426,5.0,997.0,12.0,18.53306198120117,0.0,14.349695205688477,-100.0,-100.0,0.0,17.459814071655273,343.4743863990443,18.53306198120117,25.81697654724121
run_1776805147_3479c29e,1776805857.100731,5.0,997.0,12.0,18.35563087463379,0.0,14.15008544921875,-100.0,-100.0,0.0,16.801862716674805,336.9291848058092,18.35563087463379,25.81697654724121
run_1776805147_3479c29e,1776805859.3149605,5.0,997.0,12.0,18.13385391235352,0.0,13.900585174560549,-100.0,-100.0,0.0,17.901979446411133,328.8366577145789,18.13385391235352,25.81697654724121
run_1776805147_3479c29e,1776805861.5568972,5.0,997.0,12.0,18.04515647888184,0.0,13.800801277160645,-100.0,-100.0,0.0,17.211715698242188,325.6276723473311,18.04515647888184,25.81697654724121
run_1776805147_3479c29e,1776805863.7838664,5.0,997.0,12.0,17.82343292236328,0.0,13.551361083984377,-100.0,-100.0,0.0,18.09513664245605,317.6747611379833,17.82343292236328,25.81697654724121
run_1776805147_3479c29e,1776805866.0079365,5.0,997.0,12.0,17.73471450805664,0.0,13.35178279876709,-100.0,-100.0,0.0,17.38633918762207,314.5200986822747,17.73471450805664,25.81697654724121
run_1776805147_3479c29e,1776805868.2314448,5.0,997.0,12.0,17.468652725219727,0.0,13.15223503112793,-100.0,-100.0,0.0,16.91445541381836,305.1538280343266,17.468652725219727,25.81697654724121
run_1776805147_3479c29e,1776805870.4492447,5.0,997.0,12.0,17.335643768310547,0.0,13.00260066986084,-100.0,-100.0,0.0,17.800609588623047,300.5245448617643,17.335643768310547,25.81697654724121
run_1776805147_3479c29e,1776805872.6639855,5.0,997.0,12.0,17.15827178955078,0.0,12.803055763244627,-100.0,-100.0,0.0,17.109607696533203,294.40629080409417,17.15827178955078,25.81697654724121
run_1776805147_3479c29e,1776805874.8869352,5.0,997.0,12.0,17.025249481201172,0.0,12.653407096862791,-100.0,-100.0,0.0,17.976886749267578,289.8591198971408,17.025249481201172,25.81697654724121
run_1776805147_3479c29e,1776805877.097932,5.0,997.0,12.0,16.847909927368164,0.0,12.453899383544922,-100.0,-100.0,0.0,17.26909065246582,283.85206892071074,16.847909927368164,25.81697654724121
run_1776805147_3479c29e,1776805879.3261666,5.0,997.0,12.0,16.626277923583984,0.0,12.204562187194824,-100.0,-100.0,0.0,18.3315372467041,276.43311759225617,16.626277923583984,25.81697654724121
run_1776805147_3479c29e,1776805881.5389557,5.0,997.0,12.0,16.537626266479492,0.0,12.104829788208008,-100.0,-100.0,0.0,17.600101470947266,273.4930825297524,16.537626266479492,25.81697654724121
run_1776805147_3479c29e,1776805883.7613876,5.0,997.0,12.0,16.360301971435547,0.0,11.905338287353516,-100.0,-100.0,0.0,18.505733489990234,267.65948059655784,16.360301971435547,25.81697654724121
run_1776805147_3479c29e,1776805885.9783237,5.0,997.0,12.0,16.22731590270996,0.0,11.65602684020996,-100.0,-100.0,0.0,17.757070541381836,263.3257814063436,16.22731590270996,25.81697654724121
run_1776805147_3479c29e,1776805888.2130191,5.0,997.0,12.0,15.91706657409668,0.0,11.406699180603027,-100.0,-100.0,0.0,17.735963821411133,253.3530083242258,15.91706657409668,25.81697654724121
run_1776805147_3479c29e,1776805890.435964,5.0,997.0,12.0,15.828421592712402,0.0,11.306974411010742,-100.0,-100.0,0.0,18.058895111083984,250.53893011664425,15.828421592712402,25.81697654724121
run_1776805147_3479c29e,1776805892.6722555,5.0,997.0,12.0,15.606865882873535,0.0,11.057723999023438,-100.0,-100.0,0.0,17.845842361450195,243.57426268600196,15.606865882873535,25.81697654724121
run_1776805147_3479c29e,1776805894.896968,5.0,997.0,12.0,15.518245697021484,0.0,10.958025932312012,-100.0,-100.0,0.0,18.177499771118164,240.81594951312584,15.518245697021484,25.81697654724121
run_1776805147_3479c29e,1776805897.1191092,5.0,997.0,12.0,15.34096908569336,0.0,10.758589744567873,-100.0,-100.0,0.0,17.45038414001465,235.34533248819932,15.34096908569336,25.81697654724121
run_1776805147_3479c29e,1776805899.3429558,5.0,997.0,12.0,15.119450569152832,0.0,10.509381294250488,-100.0,-100.0,0.0,18.50470733642578,228.5977855130559,15.119450569152832,25.81697654724121
run_1776805147_3479c29e,1776805901.5662189,5.0,997.0,12.0,15.03081512451172,0.0,10.409667015075684,-100.0,-100.0,0.0,17.776151657104492,225.92540330725024,15.03081512451172,25.81697654724121
run_1776805147_3479c29e,1776805903.802936,5.0,997.0,12.0,14.809318542480469,0.0,10.160483360290527,-100.0,-100.0,0.0,18.63276481628418,219.31591569265584,14.809318542480469,25.81697654724121
run_1776805147_3479c29e,1776805906.0260358,5.0,997.0,12.0,14.720722198486328,0.0,9.96114444732666,-100.0,-100.0,0.0,17.892200469970703,216.69966204500813,14.720722198486328,25.81697654724121
run_1776805147_3479c29e,1776805908.2559872,5.0,997.0,12.0,14.410621643066406,0.0,9.711949348449709,-100.0,-100.0,0.0,17.82154655456543,207.66601613961396,14.410621643066406,25.81697654724121
run_1776805147_3479c29e,1776805910.4783127,5.0,997.0,12.0,14.322036743164062,0.0,9.61229133605957,-100.0,-100.0,0.0,18.154699325561523,205.12073647254147,14.322036743164062,25.81697654724121
run_1776805147_3479c29e,1776805912.6819804,5.0,997.0,12.0,14.10056495666504,0.0,9.36313533782959,-100.0,-100.0,0.0,17.932064056396484,198.8259320971301,14.10056495666504,25.81697654724121
run_1776805147_3479c29e,1776805914.9059114,5.0,997.0,12.0,14.011991500854492,0.0,9.263489723205566,-100.0,-100.0,0.0,18.25444793701172,196.33590582001847,14.011991500854492,25.81697654724121
run_1776805147_3479c29e,1776805917.137998,5.0,997.0,12.0,13.790572166442873,0.0,9.01439380645752,-100.0,-100.0,0.0,18.02179718017578,190.1798806778688,13.790572166442873,25.81697654724121
run_1776805147_3479c29e,1776805919.368145,5.0,997.0,12.0,13.613385200500488,0.0,8.815058708190918,-100.0,-100.0,0.0,17.43964195251465,185.3242566172057,13.613385200500488,25.81697654724121
run_1776805147_3479c29e,1776805921.579939,5.0,997.0,12.0,13.524840354919434,0.0,8.715445518493652,-100.0,-100.0,0.0,18.306640625,182.92130662605723,13.524840354919434,25.81697654724121
run_1776805147_3479c29e,1776805923.788937,5.0,997.0,12.0,13.30342960357666,0.0,8.466358184814453,-100.0,-100.0,0.0,17.55599594116211,176.98123921731985,13.30342960357666,25.81697654724121
run_1776805147_3479c29e,1776805926.012168,5.0,997.0,12.0,13.21487808227539,0.0,8.217289924621582,-100.0,-100.0,0.0,18.41181755065918,174.6330027294025,13.21487808227539,25.81697654724121
run_1776805147_3479c29e,1776805928.2341151,5.0,997.0,12.0,12.993492126464844,0.0,8.11767864227295,-100.0,-100.0,0.0,17.81392478942871,168.8308376405039,12.993492126464844,25.81697654724121
run_1776805147_3479c29e,1776805930.4609425,5.0,997.0,12.0,12.77212142944336,0.0,7.868636131286621,-100.0,-100.0,0.0,18.63988304138184,163.12708580844628,12.77212142944336,25.81697654724121
run_1776805147_3479c29e,1776805932.6786275,5.0,997.0,12.0,12.68357276916504,0.0,7.769019603729248,-100.0,-100.0,0.0,17.887582778930664,160.8730181907049,12.68357276916504,25.81697654724121
run_1776805147_3479c29e,1776805934.8872478,5.0,997.0,12.0,12.46222686767578,0.0,7.520005702972412,-100.0,-100.0,0.0,18.705730438232425,155.3070985014201,12.46222686767578,25.81697654724121
run_1776805147_3479c29e,1776805937.1102214,5.0,997.0,12.0,12.373730659484863,0.0,7.320826053619385,-100.0,-100.0,0.0,17.94738006591797,153.1092104334757,12.373730659484863,25.81697654724121
run_1776805147_3479c29e,1776805939.324949,5.0,997.0,12.0,12.063891410827637,0.0,7.071877479553223,-100.0,-100.0,0.0,17.84243392944336,145.53747597224083,12.063891410827637,25.81697654724121
run_1776805147_3479c29e,1776805941.5296438,5.0,997.0,12.0,11.931102752685549,0.0,6.922489643096924,-100.0,-100.0,0.0,18.63992691040039,142.35121289514063,11.931102752685549,25.81697654724121
run_1776805147_3479c29e,1776805943.7499902,5.0,997.0,12.0,11.754071235656738,0.0,6.723330497741699,-100.0,-100.0,0.0,17.856792449951172,138.15819061289312,11.754071235656738,25.81697654724121
run_1776805147_3479c29e,1776805945.9749715,5.0,997.0,12.0,11.665567398071287,0.0,6.474394798278809,-100.0,-100.0,0.0,18.68256950378418,136.08546271894377,11.665567398071287,25.81697654724121
run_1776805147_3479c29e,1776805948.1962838,5.0,997.0,12.0,11.444299697875977,0.0,6.374836444854736,-100.0,-100.0,0.0,18.06532096862793,130.97199557480417,11.444299697875977,25.81697654724121
run_1776805147_3479c29e,1776805950.433984,5.0,997.0,12.0,11.267282485961914,0.0,6.175693511962891,-100.0,-100.0,0.0,17.32708168029785,126.95165461846408,11.267282485961914,25.81697654724121
run_1776805147_3479c29e,1776805952.6623957,5.0,997.0,12.0,11.134557723999023,0.0,6.0263776779174805,-100.0,-100.0,0.0,18.14747810363769,123.97837570906631,11.134557723999023,25.81697654724121
run_1776805147_3479c29e,1776805954.8749092,5.0,997.0,12.0,10.957576751708984,0.0,5.827274322509766,-100.0,-100.0,0.0,17.401437759399414,120.06848826959322,10.957576751708984,25.81697654724121
run_1776805147_3479c29e,1776805957.0920324,5.0,997.0,12.0,10.869097709655762,0.0,5.628164291381836,-100.0,-100.0,0.0,17.732288360595703,118.13728502204413,10.869097709655762,25.81697654724121
run_1776805147_3479c29e,1776805959.321913,5.0,997.0,12.0,10.64788818359375,0.0,5.4788737297058105,-100.0,-100.0,0.0,17.67626190185547,113.3775227703154,10.64788818359375,25.81697654724121
run_1776805147_3479c29e,1776805961.5299354,5.0,997.0,12.0,10.470951080322266,0.0,5.279819488525391,-100.0,-100.0,0.0,18.518224716186523,109.64081652650202,10.470951080322266,25.81697654724121
run_1776805147_3479c29e,1776805963.7529848,5.0,997.0,12.0,10.338232040405272,0.0,5.13051176071167,-100.0,-100.0,0.0,17.7664737701416,106.87904172126218,10.338232040405272,25.81697654724121
run_1776805147_3479c29e,1776805965.9820232,5.0,997.0,12.0,10.161300659179688,0.0,4.8319501876831055,-100.0,-100.0,0.0,18.08187484741211,103.25203108624557,10.161300659179688,25.81697654724121
run_1776805147_3479c29e,1776805968.2118094,5.0,997.0,12.0,9.940144538879396,0.0,4.682662963867188,-100.0,-100.0,0.0,17.51724624633789,98.80647345381384,9.940144538879396,25.81697654724121
run_1776805147_3479c29e,1776805970.4374793,5.0,997.0,12.0,9.763250350952148,0.0,4.483656883239746,-100.0,-100.0,0.0,17.323251724243164,95.32105741536724,9.763250350952148,25.81697654724121
run_1776805147_3479c29e,1776805972.659161,5.0,997.0,12.0,9.674793243408203,0.0,4.3841423988342285,-100.0,-100.0,0.0,18.1729793548584,93.60162430269702,9.674793243408203,25.81697654724121
run_1776805147_3479c29e,1776805974.8828444,5.0,997.0,12.0,9.45367431640625,0.0,4.135383605957031,-100.0,-100.0,0.0,17.443933486938477,89.37195808067918,9.45367431640625,25.81697654724121
run_1776805147_3479c29e,1776805977.0915427,5.0,997.0,12.0,9.365240097045898,0.0,3.936409950256348,-100.0,-100.0,0.0,17.769359588623047,87.70772207531627,9.365240097045898,25.81697654724121
run_1776805147_3479c29e,1776805979.3141804,5.0,997.0,12.0,9.188379287719728,0.0,3.8369274139404297,-100.0,-100.0,0.0,17.765283584594727,84.42631393499687,9.188379287719728,25.81697654724121
run_1776805147_3479c29e,1776805981.5421152,5.0,997.0,12.0,8.96729850769043,0.0,3.588210344314575,-100.0,-100.0,0.0,18.10095596313477,80.41244252602701,8.96729850769043,25.81697654724121
run_1776805147_3479c29e,1776805983.772509,5.0,997.0,12.0,8.878865242004395,0.0,3.4887235164642334,-100.0,-100.0,0.0,17.388517379760742,78.83424798567376,8.878865242004395,25.81697654724121
run_1776805147_3479c29e,1776805985.9934225,5.0,997.0,12.0,8.657808303833008,0.0,3.140571355819702,-100.0,-100.0,0.0,18.24713134765625,74.95764462591978,8.657808303833008,25.81697654724121
run_1776805147_3479c29e,1776805988.2046387,5.0,997.0,12.0,8.48099136352539,0.0,3.0411148071289062,-100.0,-100.0,0.0,17.688337326049805,71.92721450819226,8.48099136352539,25.81697654724121
run_1776805147_3479c29e,1776805990.4495523,5.0,997.0,12.0,8.304170608520508,0.0,2.842191696166992,-100.0,-100.0,0.0,17.00511360168457,68.95924949541586,8.304170608520508,25.81697654724121
run_1776805147_3479c29e,1776805992.666926,5.0,997.0,12.0,8.171565055847168,0.0,2.693010091781616,-100.0,-100.0,0.0,17.854045867919922,66.77447546194253,8.171565055847168,25.81697654724121
run_1776805147_3479c29e,1776805994.892371,5.0,997.0,12.0,7.994763374328613,0.0,2.4941089153289795,-100.0,-100.0,0.0,17.15476417541504,63.91624141150624,7.994763374328613,25.81697654724121
run_1776805147_3479c29e,1776805997.1153746,5.0,997.0,12.0,7.906372547149658,0.0,2.2952349185943604,-100.0,-100.0,0.0,17.506772994995117,62.510726854321774,7.906372547149658,25.81697654724121
run_1776805147_3479c29e,1776805999.34894,5.0,997.0,12.0,7.685389041900635,0.0,2.1460623741149902,-100.0,-100.0,0.0,17.50853729248047,59.06520472536636,7.685389041900635,25.81697654724121
run_1776805147_3479c29e,1776806001.570189,5.0,997.0,12.0,7.552798271179199,0.0,1.9968980550765991,-100.0,-100.0,0.0,17.918182373046875,57.0447617251275,7.552798271179199,25.81697654724121
run_1776805147_3479c29e,1776806003.7921052,5.0,997.0,12.0,7.420241355895996,0.0,1.8477717638015747,-100.0,-100.0,0.0,17.222675323486328,55.05998177974925,7.420241355895996,25.81697654724121
run_1776805147_3479c29e,1776806006.0247667,5.0,997.0,12.0,7.199294090270996,0.0,1.4997944831848145,-100.0,-100.0,0.0,18.125429153442383,51.82983539821089,7.199294090270996,25.81697654724121
run_1776805147_3479c29e,1776806008.253271,5.0,997.0,12.0,7.066725254058838,0.0,1.4500659704208374,-100.0,-100.0,0.0,17.643760681152344,49.93860581635295,7.066725254058838,25.81697654724121
run_1776805147_3479c29e,1776806010.4741237,7.0,800.0,20.0,6.845804214477539,0.0,1.201529622077942,-100.0,-100.0,0.0,16.9644718170166,46.86503534295844,6.845804214477539,25.81697654724121
run_1776805147_3479c29e,1776806013.6901252,7.0,800.0,20.0,6.624929904937744,0.0,0.9530463218688964,-73.52725982666016,-93.37974548339844,-0.2372357249259948,21.451534271240234,43.88969624533843,6.624929904937744,25.81697654724121
run_1776805147_3479c29e,1776806015.9060562,7.0,800.0,20.0,6.536581993103027,0.0,0.8536547422409058,-71.97469329833984,-92.11746978759766,-0.4691073298454284,20.611879348754883,42.726904152558745,6.536581993103027,25.81697654724121
run_1776805147_3479c29e,1776806018.1305726,7.0,800.0,20.0,6.35984992980957,0.0,0.5554481148719788,-69.20563507080078,-89.59300231933594,-0.6968761086463928,21.084238052368164,40.4476911296988,6.35984992980957,25.81697654724121
run_1776805147_3479c29e,1776806020.3636794,7.0,800.0,20.0,6.18317174911499,0.0,0.4560683667659759,-68.97098541259766,-88.3310317993164,-1.029064059257507,20.530982971191406,38.23161287905373,6.18317174911499,25.81697654724121
run_1776805147_3479c29e,1776806022.584564,7.0,800.0,20.0,6.050678253173828,0.0,0.3070132136344909,-67.4211196899414,-86.43826293945312,-1.245789885520935,19.169523239135746,36.61070732343069,6.050678253173828,25.81697654724121
run_1776805147_3479c29e,1776806024.796481,7.0,800.0,20.0,5.918161392211914,0.0,0.1579315811395645,-64.43482208251953,-83.28335571289062,-1.4565224647521973,20.305055618286133,35.02463426426766,5.918161392211914,25.81697654724121
run_1776805147_3479c29e,1776806027.02471,7.0,800.0,20.0,5.741509914398193,0.0,-0.04080131649971,-64.12215423583984,-82.02157592773438,-1.6628384590148926,19.562259674072266,32.96493609713275,5.741509914398193,25.81697654724121
run_1776805147_3479c29e,1776806029.25355,7.0,800.0,20.0,5.564841747283936,0.0,-0.2395528703927993,-61.25267791748047,-79.49774169921875,-1.8647379875183103,20.382200241088867,30.967463672314125,5.564841747283936,25.81697654724121
run_1776805147_3479c29e,1776806031.481588,7.0,800.0,20.0,5.476510524749756,0.0,-0.3389251828193664,-60.911739349365234,-78.23587036132812,-2.158437967300415,19.66835021972656,29.992167527694846,5.476510524749756,25.81697654724121
run_1776805147_3479c29e,1776806033.7074437,7.0,800.0,20.0,5.299887657165527,0.0,-0.5376265048980713,-58.0172119140625,-74.45113372802734,-2.348351001739502,20.229421615600582,28.088809178575502,5.299887657165527,25.81697654724121
run_1776805147_3479c29e,1776806035.9170809,7.0,800.0,20.0,5.211578845977783,0.0,-0.6369737386703491,-56.192718505859375,-73.18942260742188,-2.5335323810577397,19.53023147583008,27.160554067843123,5.211578845977783,25.81697654724121
run_1776805147_3479c29e,1776806038.1546977,7.0,800.0,20.0,5.03494119644165,0.0,-0.9350281953811646,-53.27584838867188,-70.66632080078125,-2.713983058929444,20.10445785522461,25.35063285162528,5.03494119644165,25.81697654724121
run_1776805147_3479c29e,1776806040.3795807,7.0,800.0,20.0,4.858329772949219,0.0,-1.0343787670135498,-52.87734222412109,-69.40471649169922,-2.97582745552063,19.71030616760254,23.603368182724807,4.858329772949219,25.81697654724121
run_1776805147_3479c29e,1776806042.5861657,7.0,800.0,20.0,4.681757926940918,0.0,-1.2330224514007568,-49.94147872924805,-66.88225555419922,-3.144294023513794,19.02359962463379,21.91885728647412,4.681757926940918,25.81697654724121
run_1776805147_3479c29e,1776806044.8008587,7.0,800.0,20.0,4.593454360961914,0.0,-1.332364201545715,-48.04558563232422,-64.35912322998047,-3.308346748352051,19.621883392333984,21.099822966240023,4.593454360961914,25.81697654724121
run_1776805147_3479c29e,1776806047.0279834,7.0,800.0,20.0,4.416855335235596,0.0,-1.5310379266738892,-47.6215934753418,-63.09793472290039,-3.467351198196411,18.94369506835937,19.508611052399147,4.416855335235596,25.81697654724121
run_1776805147_3479c29e,1776806049.2529185,7.0,800.0,20.0,4.240294933319092,0.0,-1.7296682596206665,-44.6488037109375,-60.575645446777344,-3.621943235397339,19.22054481506348,17.98010112153156,4.240294933319092,25.81697654724121
run_1776805147_3479c29e,1776806051.4762917,7.0,800.0,20.0,4.196149349212647,0.0,-1.7793322801589966,-45.43657684326172,-59.94499206542969,-3.846421003341675,18.617162704467773,17.607669360897717,4.196149349212647,25.81697654724121
run_1776805147_3479c29e,1776806053.696854,7.0,800.0,20.0,4.0196027755737305,0.0,-1.9779469966888428,-42.3930778503418,-57.42290115356445,-3.99092435836792,18.02256202697754,16.157206473400038,4.0196027755737305,25.81697654724121
run_1776805147_3479c29e,1776806055.9220383,7.0,800.0,20.0,3.931304693222046,0.0,-2.077282190322876,-40.33974456787109,-54.90055084228516,-4.13070011138916,18.69150161743164,15.455156590949684,3.931304693222046,25.81697654724121
run_1776805147_3479c29e,1776806058.144319,7.0,800.0,20.0,3.79891300201416,0.0,-2.22622299194336,-41.03791427612305,-54.27019119262695,-4.266849040985107,17.86121368408203,14.431739996872238,3.79891300201416,25.81697654724121
run_1776805147_3479c29e,1776806060.3731384,7.0,800.0,20.0,3.622361421585083,0.0,-2.4248435497283936,-37.92892837524414,-51.748023986816406,-4.462798118591309,18.569164276123047,13.121502268587903,3.622361421585083,25.81697654724121
run_1776805147_3479c29e,1776806062.5819356,7.0,800.0,20.0,3.534104585647583,0.0,-2.524132490158081,-37.35179138183594,-49.22662734985352,-4.587757587432861,18.01497840881348,12.489895222295274,3.534104585647583,25.81697654724121
run_1776805147_3479c29e,1776806064.79121,7.0,800.0,20.0,3.445863723754883,0.0,-2.623403549194336,-33.8853759765625,-47.33521270751953,-4.7098798751831055,18.159717559814453,11.873976802689867,3.445863723754883,25.81697654724121
run_1776805147_3479c29e,1776806067.0023966,7.0,800.0,20.0,3.313464879989624,0.0,-2.8716466426849365,-33.25639724731445,-46.0743293762207,-4.826956748962402,17.644886016845703,10.979049510924654,3.313464879989624,25.81697654724121
run_1776805147_3479c29e,1776806069.2369251,7.0,800.0,20.0,3.0928285121917725,0.0,-3.0205681324005127,-31.37049102783203,-44.18326568603516,-4.939305782318115,16.88418197631836,9.565588205826373,3.0928285121917725,25.81697654724121
run_1776805147_3479c29e,1776806071.4639478,7.0,800.0,20.0,3.048701286315918,0.0,-3.070211410522461,-31.93463706970215,-43.552879333496094,-5.102153778076172,17.69645118713379,9.294579533184333,3.048701286315918,25.81697654724121
run_1776805147_3479c29e,1776806073.7065983,7.0,800.0,20.0,2.8280842304229736,0.0,-3.3184049129486084,-27.48142433166504,-40.40120697021485,-5.204099655151367,17.189775466918945,7.998060414367103,2.8280842304229736,25.81697654724121
run_1776805147_3479c29e,1776806075.9369838,7.0,800.0,20.0,2.78394627571106,0.0,-3.368060350418091,-26.45501136779785,-38.51041412353516,-5.302739143371582,17.358142852783203,7.750356866045479,2.78394627571106,25.81697654724121
run_1776805147_3479c29e,1776806078.164992,7.0,800.0,20.0,2.6957290172576904,0.0,-3.467304944992065,-28.207069396972656,-38.51041412353516,-5.399015426635742,16.760196685791016,7.266954934485113,2.6957290172576904,25.81697654724121
run_1776805147_3479c29e,1776806080.383982,7.0,800.0,20.0,2.4751534461975098,0.0,-3.715452194213867,-23.67947006225586,-35.359336853027344,-5.534295558929443,16.330528259277344,6.126384582223409,2.4751534461975098,25.81697654724121
run_1776805147_3479c29e,1776806082.614036,7.0,800.0,20.0,2.431035280227661,0.0,-3.765084981918335,-24.172195434570312,-33.46897888183594,-5.619856834411621,16.562419891357422,5.909932533711583,2.431035280227661,25.81697654724121
run_1776805147_3479c29e,1776806084.8289409,7.0,800.0,20.0,2.298681259155273,0.0,-3.9139833450317374,-22.973041534423828,-32.83830642700195,-5.702269077301025,15.567533493041992,5.283935531191673,2.298681259155273,25.81697654724121
run_1776805147_3479c29e,1776806087.0379164,7.0,800.0,20.0,2.254566192626953,0.0,-4.062856674194336,-20.85707092285156,-30.94784927368164,-5.781527042388916,15.872306823730469,5.083068716936396,2.254566192626953,25.81697654724121
run_1776805147_3479c29e,1776806089.273785,7.0,800.0,20.0,2.0781373977661133,0.0,-4.162095546722412,-20.016904830932617,-29.687679290771484,-5.856378555297852,14.768031120300291,4.318655043994113,2.0781373977661133,25.81697654724121
run_1776805147_3479c29e,1776806091.5030935,11.0,300.0,36.0,1.945829391479492,0.0,-4.310941696166992,-17.855310440063477,-27.79756546020508,-5.962982654571533,15.709585189819336,3.786252020745451,1.945829391479492,25.81697654724121
run_1776805147_3479c29e,1776806094.6789167,11.0,300.0,36.0,1.8134989738464355,0.0,-4.459813594818115,-4.882576942443848,-16.08537483215332,-6.108150482177734,17.491622924804688,3.2887785281420747,1.8134989738464355,25.81697654724121
run_1776805147_3479c29e,1776806096.904963,11.0,300.0,36.0,1.6811747550964355,0.0,-4.608678340911865,-4.332424640655518,-15.283407211303713,-6.211106777191162,17.16208839416504,2.82634855717356,1.6811747550964355,25.81697654724121
run_1776805147_3479c29e,1776806099.1318405,11.0,300.0,36.0,1.637068271636963,0.0,-4.757504463195801,-2.81453275680542,-14.080771446228027,-6.308187484741211,17.574426651000977,2.679992526000433,1.637068271636963,25.81697654724121
run_1776805147_3479c29e,1776806101.356942,11.0,300.0,36.0,1.5488848686218262,0.0,-4.757504463195801,-4.5848236083984375,-14.080771446228027,-6.444987773895264,17.19036102294922,2.399044336245652,1.5488848686218262,25.81697654724121
run_1776805147_3479c29e,1776806103.586573,11.0,300.0,36.0,1.3724846839904783,0.0,-4.955955028533936,-1.9174784421920776,-11.675284385681152,-6.526827812194824,17.620698928833008,1.883714207788444,1.3724846839904783,25.81697654724121
run_1776805147_3479c29e,1776806105.814809,11.0,300.0,36.0,1.2842812538146973,0.0,-5.055183410644531,-1.2483477592468262,-11.274494171142578,-6.603322982788086,16.62946891784668,1.6493783388998509,1.2842812538146973,25.81697654724121
run_1776805147_3479c29e,1776806108.0424309,11.0,300.0,36.0,1.1519956588745115,0.0,-5.2536163330078125,0.3413692116737366,-10.071789741516112,-6.673403263092041,17.08656120300293,1.3270939980657204,1.1519956588745115,25.81697654724121
run_1776805147_3479c29e,1776806110.2553306,11.0,300.0,36.0,1.0637993812561035,0.0,-5.303225994110107,-0.2636685967445373,-9.670903205871582,-6.739213943481445,16.053564071655273,1.131669123560869,1.0637993812561035,25.81697654724121
run_1776805147_3479c29e,1776806112.4759629,11.0,300.0,36.0,0.9756040573120116,0.0,-5.402445793151856,0.3167733550071716,-8.869128227233887,-6.8305745124816895,15.205314636230469,0.951803276643659,0.9756040573120116,25.81697654724121
run_1776805147_3479c29e,1776806114.7081375,11.0,300.0,36.0,0.9315223693847656,0.0,-5.452037334442139,-0.175747275352478,-8.067651748657227,-6.885962009429932,15.107141494750977,0.8677339246642077,0.9315223693847656,25.81697654724121
run_1776805147_3479c29e,1776806116.9385092,11.0,300.0,36.0,0.8433465957641602,0.0,-5.551235198974609,-0.2560004591941833,-7.666787624359131,-6.938139915466309,14.34892749786377,0.7112334805869978,0.8433465957641602,25.81697654724121
run_1776805147_3479c29e,1776806119.1635482,11.0,300.0,36.0,0.8433465957641602,0.0,-5.551235198974609,-1.6758471727371216,-7.666787624359131,-6.989251136779785,13.0632905960083,0.7112334805869978,0.8433465957641602,25.81697654724121
run_1776805147_3479c29e,1776806121.3899648,11.0,300.0,36.0,0.7992668151855469,0.0,-5.60082483291626,-1.8801941871643064,-7.2660627365112305,-7.064317226409912,11.127704620361328,0.6388274418568471,0.7992668151855469,25.81697654724121
run_1776805147_3479c29e,1776806123.6140969,11.0,300.0,36.0,0.7992668151855469,0.0,-5.60082483291626,-3.074761390686035,-7.2660627365112305,-7.113027572631836,10.728625297546388,0.6388274418568471,0.7992668151855469,25.81697654724121
run_1776805147_3479c29e,1776806125.8360617,11.0,300.0,36.0,0.7992668151855469,0.0,-5.60082483291626,-4.722306251525879,-7.2660627365112305,-7.161471366882324,9.705227851867676,0.6388274418568471,0.7992668151855469,25.81697654724121
run_1776805147_3479c29e,1776806128.0569322,11.0,300.0,36.0,0.7992668151855469,0.0,-5.650430202484131,-4.577483177185059,-6.865211009979248,-7.209646701812744,9.497374534606934,0.6388274418568471,0.7992668151855469,25.81697654724121
run_1776805147_3479c29e,1776806130.283944,11.0,300.0,36.0,0.7110810279846191,0.0,-5.700033664703369,-4.437340259552002,-6.4643731117248535,-7.254074573516846,8.827356338500977,0.5056362283596627,0.7110810279846191,25.81697654724121
run_1776805147_3479c29e,1776806132.5079408,11.0,300.0,36.0,0.6670031547546387,0.0,-5.749621391296387,-4.24711275100708,-6.06366491317749,-7.317115306854248,8.667900085449219,0.4448932084526404,0.6670031547546387,25.81697654724121
run_1776805147_3479c29e,1776806134.7279365,11.0,300.0,36.0,0.6229124069213867,0.0,-5.79922342300415,-4.065048694610596,-5.662840366363525,-7.354875087738037,8.497017860412598,0.3880198666965953,0.6229124069213867,25.81697654724121
run_1776805147_3479c29e,1776806136.9427664,11.0,300.0,36.0,0.5347304344177246,0.0,-5.898428440093994,-3.1985514163970947,-4.861186027526856,-7.389424800872803,9.0520601272583,0.2859366374925685,0.5347304344177246,25.81697654724121
run_1776805147_3479c29e,1776806139.1599438,11.0,300.0,36.0,0.578819751739502,0.0,-5.898428440093994,-4.041794776916504,-4.861186027526856,-7.42396879196167,9.276036262512209,0.3350323050037787,0.578819751739502,25.81697654724121
run_1776805147_3479c29e,1776806141.381956,11.0,300.0,36.0,0.4465527534484863,0.0,-5.997628211975098,-2.69020938873291,-4.059570789337158,-7.465365409851074,9.08082103729248,0.1994093616124246,0.4465527534484863,25.81697654724121
run_1776805147_3479c29e,1776806143.61689,11.0,300.0,36.0,0.3583908081054687,0.0,-6.096810340881348,-1.3878271579742432,-2.8574423789978027,-7.48762321472168,9.60788631439209,0.1284439713344909,0.3583908081054687,25.81697654724121
run_1776805147_3479c29e,1776806145.839461,11.0,300.0,36.0,0.3143186569213867,0.0,-6.14639139175415,-0.5810379981994629,-2.456669569015503,-7.505333423614502,9.38096523284912,0.0987962180888644,0.3143186569213867,25.81697654724121
run_1776805147_3479c29e,1776806148.0657144,11.0,300.0,36.0,0.2261614799499511,0.0,-6.295163154602051,0.7047444581985474,-1.6552493572235107,-7.519576072692871,9.87957000732422,0.0511490150131521,0.2261614799499511,25.81697654724121
run_1776805147_3479c29e,1776806150.2975976,11.0,300.0,36.0,0.1379933357238769,0.0,-6.344757556915283,0.8429557085037231,-1.2544848918914795,-7.5292768478393555,9.866439819335938,0.0190421607042026,0.1379933357238769,25.81697654724121
run_1776805147_3479c29e,1776806152.5268626,11.0,300.0,36.0,0.0498270988464355,0.0,-6.443944454193115,2.1135740280151367,-0.4529736340045929,-7.537014961242676,9.608161926269531,0.0024827397794524,0.0498270988464355,25.81697654724121
run_1776805147_3479c29e,1776806154.756522,11.0,300.0,36.0,0.005744457244873,0.0,-6.493537425994873,2.870652198791504,0.3485159575939178,-7.535894393920898,10.058030128479004,3.299878903817444e-05,0.005744457244873,25.81697654724121
run_1776805147_3479c29e,1776806156.9853015,11.0,300.0,36.0,-0.0824170112609863,0.0,-6.592719078063965,3.006361484527588,0.7492455840110779,-7.524101257324219,9.781217575073242,0.0067925637451935,0.0824170112609863,25.81697654724121
run_1776805147_3479c29e,1776806159.2003436,11.0,300.0,36.0,-0.1264834403991699,0.0,-6.642293930053711,3.200873851776123,1.149849534034729,-7.507492542266846,9.808893203735352,0.0159980606952103,0.1264834403991699,25.81697654724121
run_1776805147_3479c29e,1776806161.4333513,11.0,300.0,36.0,-0.170562744140625,0.0,-6.691883087158203,3.400249481201172,1.550570368766785,-7.46173095703125,9.576656341552734,0.0290916496887803,0.170562744140625,25.81697654724121
run_1776805147_3479c29e,1776806163.6581066,11.0,300.0,36.0,-0.2586903572082519,0.0,-6.791026592254639,4.729641437530518,2.752434253692627,-7.416246891021728,10.056137084960938,0.066920700912533,0.2586903572082519,25.81697654724121
run_1776805147_3479c29e,1776806165.8930771,11.0,300.0,36.0,-0.3027677536010742,0.0,-6.84061336517334,5.594332218170166,3.153003454208374,-7.358737468719482,9.800065994262695,0.0916683126206407,0.3027677536010742,25.81697654724121
run_1776805147_3479c29e,1776806168.112915,11.0,300.0,36.0,-0.3909206390380859,0.0,-6.939785957336426,5.805031776428223,3.553824186325073,-7.289993762969971,9.5412015914917,0.1528189460259454,0.3909206390380859,25.81697654724121
run_1776805147_3479c29e,1776806170.3256965,11.0,300.0,36.0,-0.4790558815002441,0.0,-7.038938045501709,7.178612232208252,4.355053424835205,-7.214030742645264,9.54685401916504,0.2294945375999759,0.4790558815002441,25.81697654724121
run_1776805147_3479c29e,1776806172.550944,11.0,300.0,36.0,-0.5231304168701172,0.0,-7.088521957397461,7.42741060256958,4.755731105804443,-7.0784406661987305,9.318713188171388,0.2736654330547026,0.5231304168701172,25.81697654724121
run_1776805147_3479c29e,1776806174.771813,11.0,300.0,36.0,-0.567204475402832,0.0,-7.1381049156188965,7.694458961486816,5.156404495239258,-6.976811408996582,9.098779678344728,0.3217209169170019,0.567204475402832,25.81697654724121
run_1776805147_3479c29e,1776806176.9992092,11.0,300.0,36.0,-0.6553487777709961,0.0,-7.23726749420166,8.689597129821777,5.957716464996338,-6.863955974578857,9.595836639404297,0.4294820205259384,0.6553487777709961,25.81697654724121
run_1776805147_3479c29e,1776806179.2261603,11.0,300.0,36.0,-0.6994061470031738,0.0,-7.286831855773926,8.969178199768066,6.3582377433776855,-6.738273620605469,9.609683990478516,0.4891689584658252,0.6994061470031738,25.81697654724121
run_1776805147_3479c29e,1776806181.4539003,11.0,300.0,36.0,-0.7434768676757812,0.0,-7.336411476135254,9.292580604553224,6.758880615234375,-6.536105155944824,9.396306991577148,0.5527578527689911,0.7434768676757812,25.81697654724121
run_1776805147_3479c29e,1776806183.6879373,11.0,300.0,36.0,-0.7875461578369141,0.0,-7.385989189147949,9.631997108459473,7.560144901275635,-6.391969203948975,9.217534065246582,0.6202289507236856,0.7875461578369141,25.81697654724121
run_1776805147_3479c29e,1776806185.9200184,11.0,300.0,36.0,-0.8316159248352051,0.0,-7.435567855834961,9.657804489135742,7.560144901275635,-6.2406182289123535,8.338277816772461,0.6915850464395135,0.8316159248352051,25.81697654724121
run_1776805147_3479c29e,1776806188.1411445,11.0,300.0,36.0,-0.8756842613220215,0.0,-7.485145092010498,10.095635414123535,7.960766792297363,-6.0836501121521,8.21851921081543,0.7668229255270944,0.8756842613220215,25.81697654724121
run_1776805147_3479c29e,1776806190.3639226,11.0,300.0,36.0,-0.8756842613220215,0.0,-7.485145092010498,9.471052169799805,7.960766792297363,-5.844587326049805,7.071085453033447,0.7668229255270944,0.8756842613220215,25.81697654724121
run_1776805147_3479c29e,1776806192.614068,11.0,300.0,36.0,-0.8756842613220215,0.0,-7.485145092010498,8.921247482299805,8.761735916137695,-5.678798198699951,7.788611888885498,0.7668229255270944,0.8756842613220215,25.81697654724121
run_1776805147_3479c29e,1776806194.840209,11.0,300.0,36.0,-0.9637908935546876,0.0,-7.584264755249023,10.304009437561035,8.761735916137695,-5.503389358520508,7.0456624031066895,0.928892886498943,0.9637908935546876,25.81697654724121
run_1776805147_3479c29e,1776806197.050012,11.0,300.0,36.0,-0.9637908935546876,0.0,-7.584264755249023,9.807333946228027,8.761735916137695,-5.327980041503906,6.373578071594238,0.928892886498943,0.9637908935546876,25.81697654724121
run_1776805147_3479c29e,1776806199.2719774,11.0,300.0,36.0,-1.0519099235534668,0.0,-7.683398723602295,11.562835693359377,9.562817573547363,-5.144548416137695,6.795270919799805,1.1065144872702604,1.0519099235534668,25.81697654724121
run_1776805147_3479c29e,1776806201.497371,11.0,300.0,36.0,-1.0519099235534668,0.0,-7.683398723602295,11.072771072387695,9.562817573547363,-4.857373237609863,6.147073745727539,1.1065144872702604,1.0519099235534668,25.81697654724121
run_1776805147_3479c29e,1776806203.7045722,11.0,300.0,36.0,-1.0519099235534668,0.0,-7.683398723602295,10.647714614868164,9.562817573547363,-4.665923118591309,5.560708045959473,1.1065144872702604,1.0519099235534668,25.81697654724121
run_1776805147_3479c29e,1776806205.9219368,11.0,300.0,36.0,-1.09598970413208,0.0,-7.732988357543945,11.188945770263672,9.963542938232422,-4.467257976531982,5.692660808563232,1.2011934315635244,1.09598970413208,25.81697654724121
run_1776805147_3479c29e,1776806208.1461003,11.0,300.0,36.0,-1.1400408744812012,0.0,-7.782545566558838,11.926836967468262,10.364007949829102,-4.262174129486084,5.825002670288086,1.299693195487862,1.1400408744812012,25.81697654724121
run_1776805147_3479c29e,1776806210.3550315,11.0,300.0,36.0,-1.1400408744812012,0.0,-7.782545566558838,11.578683853149414,10.364007949829102,-3.950937032699585,5.011740684509277,1.299693195487862,1.1400408744812012,25.81697654724121
run_1776805147_3479c29e,1776806212.5789356,11.0,300.0,36.0,-1.1400408744812012,0.0,-7.782545566558838,11.28353500366211,10.364007949829102,-3.743445873260498,4.5336737632751465,1.299693195487862,1.1400408744812012,25.81697654724121
run_1776805147_3479c29e,1776806214.8092744,11.0,300.0,36.0,-1.1841039657592771,0.0,-7.832117080688477,12.005056381225586,10.764581680297852,-3.529541254043579,4.770015716552734,1.402102201726848,1.1841039657592771,25.81697654724121
run_1776805147_3479c29e,1776806217.0426693,11.0,300.0,36.0,-1.1841039657592771,0.0,-7.832117080688477,11.765554428100586,10.764581680297852,-3.314033031463623,4.315005779266357,1.402102201726848,1.1841039657592771,25.81697654724121
run_1776805147_3479c29e,1776806219.2823834,11.0,300.0,36.0,-1.1841039657592771,0.0,-7.832117080688477,11.569457054138184,10.764581680297852,-3.098525047302246,4.401805400848389,1.402102201726848,1.1841039657592771,25.81697654724121
run_1776805147_3479c29e,1776806221.504051,11.0,300.0,36.0,-1.22816801071167,0.0,-7.881689071655273,12.476770401000977,11.16516399383545,-2.7632322311401367,3.981920719146729,1.5083966625354606,1.22816801071167,25.81697654724121
run_1776805147_3479c29e,1776806223.725952,11.0,300.0,36.0,-1.22816801071167,0.0,-7.881689071655273,12.300941467285156,11.16516399383545,-2.539703607559204,3.60208797454834,1.5083966625354606,1.22816801071167,25.81697654724121
run_1776805147_3479c29e,1776806225.953914,11.0,300.0,36.0,-1.1841039657592771,0.0,-7.832117080688477,11.037525177001951,10.764581680297852,-2.323393583297729,2.596336603164673,1.402102201726848,1.1841039657592771,25.81697654724121
run_1776805147_3479c29e,1776806228.1753545,11.0,300.0,36.0,-1.1841039657592771,0.0,-7.832117080688477,11.005370140075684,10.764581680297852,-2.107885360717773,2.233847618103028,1.402102201726848,1.1841039657592771,25.81697654724121
run_1776805147_3479c29e,1776806230.4001298,11.0,300.0,36.0,-1.1841039657592771,0.0,-7.832117080688477,10.99683952331543,10.764581680297852,-1.784623384475708,2.0207622051239014,1.402102201726848,1.1841039657592771,25.81697654724121
run_1776805147_3479c29e,1776806232.636321,11.0,300.0,36.0,-1.1841039657592771,0.0,-7.832117080688477,11.009679794311523,11.565611839294434,-1.5627003908157349,3.2201414108276367,1.402102201726848,1.1841039657592771,25.81697654724121
run_1776805147_3479c29e,1776806234.8649209,11.0,300.0,36.0,-1.2722172737121582,0.0,-7.931244373321533,13.147430419921877,11.565611839294434,-1.331156849861145,2.9129738807678223,1.6185367915315965,1.2722172737121582,25.81697654724121
run_1776805147_3479c29e,1776806237.0814972,11.0,300.0,36.0,-1.2722172737121582,0.0,-7.931244373321533,13.10110569000244,11.565611839294434,-1.0996133089065552,2.635107040405273,1.6185367915315965,1.2722172737121582,25.81697654724121
run_1776805147_3479c29e,1776806239.3169231,11.0,300.0,36.0,-1.2722172737121582,0.0,-7.931244373321533,13.08128833770752,11.565611839294434,-0.8680697679519653,2.267205238342285,1.6185367915315965,1.2722172737121582,25.81697654724121
run_1776805147_3479c29e,1776806241.5420637,11.0,300.0,36.0,-1.22816801071167,0.0,-7.881689071655273,11.985840797424316,11.16516399383545,-0.5271678566932678,2.1062116622924805,1.5083966625354606,1.22816801071167,25.81697654724121
run_1776805147_3479c29e,1776806243.766916,11.0,300.0,36.0,-1.2722172737121582,0.0,-7.931244373321533,14.269431114196776,11.966306686401367,-0.2916133403778076,2.59473729133606,1.6185367915315965,1.2722172737121582,25.81697654724121
run_1776805147_3479c29e,1776806245.989972,11.0,300.0,36.0,-1.2722172737121582,0.0,-7.980830192565918,14.310375213623049,11.966306686401367,-0.0584652200341224,2.402534246444702,1.6185367915315965,1.2722172737121582,25.81697654724121
run_1776805147_3479c29e,1776806248.207936,11.0,300.0,36.0,-1.2722172737121582,0.0,-7.931244373321533,13.109456062316896,11.565611839294434,0.0599220991134643,2.1077558994293213,1.6185367915315965,1.2722172737121582,25.81697654724121
run_1776805147_3479c29e,1776806250.4391131,11.0,300.0,36.0,-1.316293716430664,0.0,-7.980830192565918,14.110444068908691,11.966306686401367,0.1793181002140045,1.906697988510132,1.7326291479148497,1.316293716430664,25.81697654724121
run_1776805147_3479c29e,1776806252.662938,11.0,300.0,36.0,-1.2722172737121582,0.0,-7.931244373321533,12.907526016235352,11.966306686401367,0.25749072432518,1.7654720544815063,1.6185367915315965,1.2722172737121582,25.81697654724121
run_1776805147_3479c29e,1776806254.894112,11.0,300.0,36.0,-1.316293716430664,0.0,-7.980830192565918,13.90063762664795,11.966306686401367,0.3372659385204315,1.597064971923828,1.7326291479148497,1.316293716430664,25.81697654724121
run_1776805147_3479c29e,1776806257.1139176,11.0,300.0,36.0,-1.316293716430664,0.0,-7.980830192565918,13.828068733215332,11.966306686401367,0.4170411825180053,1.4447219371795654,1.7326291479148497,1.316293716430664,25.81697654724121
run_1776805147_3479c29e,1776806259.346272,11.0,300.0,36.0,-1.316293716430664,0.0,-7.980830192565918,13.770034790039062,11.966306686401367,0.4968163967132568,0.553580641746521,1.7326291479148497,1.316293716430664,25.81697654724121
run_1776805147_3479c29e,1776806261.566924,11.0,300.0,36.0,-1.2722172737121582,0.0,-7.931244373321533,12.66604995727539,11.565611839294434,0.6124727129936218,0.5007749199867249,1.6185367915315965,1.2722172737121582,25.81697654724121
run_1776805147_3479c29e,1776806263.788079,11.0,300.0,36.0,-1.2722172737121582,0.0,-7.931244373321533,12.708194732666016,11.565611839294434,0.6895768642425537,0.453006237745285,1.6185367915315965,1.2722172737121582,25.81697654724121
run_1776805147_3479c29e,1776806266.0139413,11.0,300.0,36.0,-1.2722172737121582,0.0,-7.931244373321533,12.742087364196776,11.565611839294434,0.7666810750961304,0.4097943305969238,1.6185367915315965,1.2722172737121582,25.81697654724121
run_1776805147_3479c29e,1776806268.238941,11.0,300.0,36.0,-1.2722172737121582,0.0,-7.931244373321533,12.780101776123049,11.565611839294434,0.8437852263450623,0.3525806963443756,1.6185367915315965,1.2722172737121582,25.81697654724121
run_1776805147_3479c29e,1776806270.4659648,11.0,300.0,36.0,-1.22816801071167,0.0,-7.881689071655273,11.70392894744873,11.16516399383545,0.9578400254249572,-0.3631893396377563,1.5083966625354606,1.22816801071167,25.81697654724121
run_1776805147_3479c29e,1776806272.688543,11.0,300.0,36.0,-1.2722172737121582,0.0,-7.931244373321533,12.9055814743042,11.565611839294434,1.0349441766738892,0.3267799019813537,1.6185367915315965,1.2722172737121582,25.81697654724121
run_1776805147_3479c29e,1776806274.9122174,11.0,300.0,36.0,-1.2722172737121582,0.0,-7.931244373321533,12.97326946258545,11.565611839294434,1.1120483875274658,0.2956085503101349,1.6185367915315965,1.2722172737121582,25.81697654724121
run_1776805147_3479c29e,1776806277.131865,11.0,300.0,36.0,-1.2722172737121582,0.0,-7.832117080688477,10.79974365234375,10.764581680297852,1.188084602355957,-1.152922511100769,1.6185367915315965,1.2722172737121582,25.81697654724121
run_1776805147_3479c29e,1776806279.353794,11.0,300.0,36.0,-1.2722172737121582,0.0,-7.931244373321533,13.150222778320312,11.565611839294434,1.2630527019500732,-1.0724148750305176,1.6185367915315965,1.2722172737121582,25.81697654724121
run_1776805147_3479c29e,1776806281.5812483,11.0,300.0,36.0,-1.22816801071167,0.0,-7.881689071655273,12.19081687927246,11.16516399383545,1.3725683689117432,-0.2945578992366791,1.5083966625354606,1.22816801071167,25.81697654724121
run_1776805147_3479c29e,1776806283.789535,11.0,300.0,36.0,-1.22816801071167,0.0,-7.881689071655273,12.345707893371582,11.16516399383545,1.4470034837722778,-0.2664602398872375,1.5083966625354606,1.22816801071167,25.81697654724121
run_1776805147_3479c29e,1776806286.0066886,11.0,300.0,36.0,-1.22816801071167,0.0,-7.881689071655273,12.445560455322266,11.16516399383545,1.521438479423523,-0.241042748093605,1.5083966625354606,1.22816801071167,25.81697654724121
run_1776805147_3479c29e,1776806288.2251318,11.0,300.0,36.0,-1.22816801071167,0.0,-7.881689071655273,12.542988777160645,11.16516399383545,1.5958733558654783,-0.2073893547058105,1.5083966625354606,1.22816801071167,25.81697654724121
run_1776805147_3479c29e,1776806290.4380586,11.0,300.0,36.0,-1.22816801071167,0.0,-7.881689071655273,12.638223648071287,11.16516399383545,1.7075259685516355,-0.1876066178083419,1.5083966625354606,1.22816801071167,25.81697654724121
run_1776805147_3479c29e,1776806292.6576216,11.0,300.0,36.0,-1.22816801071167,0.0,-7.881689071655273,12.731472969055176,11.16516399383545,1.7819609642028809,-0.1697109192609787,1.5083966625354606,1.22816801071167,25.81697654724121
run_1776805147_3479c29e,1776806294.8890903,11.0,300.0,36.0,-1.22816801071167,0.0,-7.881689071655273,12.868038177490234,11.16516399383545,1.856395959854126,-0.1535222828388214,1.5083966625354606,1.22816801071167,25.81697654724121
run_1776805147_3479c29e,1776806297.12177,11.0,300.0,36.0,-1.22816801071167,0.0,-7.881689071655273,12.957118034362791,11.16516399383545,1.930830955505371,-0.1388778686523437,1.5083966625354606,1.22816801071167,25.81697654724121
run_1776805147_3479c29e,1776806299.3549476,11.0,300.0,36.0,-1.22816801071167,0.0,-7.881689071655273,13.0447998046875,11.16516399383545,2.005265951156616,-0.1194883584976196,1.5083966625354606,1.22816801071167,25.81697654724121
run_1776805147_3479c29e,1776806301.5581825,11.0,300.0,36.0,-1.22816801071167,0.0,-7.881689071655273,13.131218910217283,11.16516399383545,2.116918563842773,-0.1080904379487037,1.5083966625354606,1.22816801071167,25.81697654724121
run_1776805147_3479c29e,1776806303.7968268,11.0,300.0,36.0,-1.22816801071167,0.0,-7.881689071655273,13.25873851776123,11.16516399383545,2.1913535594940186,-0.097779743373394,1.5083966625354606,1.22816801071167,25.81697654724121
run_1776805147_3479c29e,1776806306.009977,11.0,300.0,36.0,-1.22816801071167,0.0,-7.832117080688477,12.224207878112791,10.764581680297852,2.26552152633667,-0.8058947324752808,1.5083966625354606,1.22816801071167,25.81697654724121
run_1776805147_3479c29e,1776806308.2269275,11.0,300.0,36.0,-1.22816801071167,0.0,-7.881689071655273,13.477429389953612,11.16516399383545,2.3380868434906006,-0.024557925760746,1.5083966625354606,1.22816801071167,25.81697654724121
run_1776805147_3479c29e,1776806310.45294,11.0,300.0,36.0,-1.1841039657592771,0.0,-7.832117080688477,12.436037063598633,10.764581680297852,2.448136806488037,-0.7045819163322449,1.402102201726848,1.1841039657592771,25.81697654724121
run_1776805147_3479c29e,1776806312.671906,11.0,300.0,36.0,-1.22816801071167,0.0,-7.881689071655273,13.683051109313965,11.16516399383545,2.522037506103516,0.0314489975571632,1.5083966625354606,1.22816801071167,25.81697654724121
run_1776805147_3479c29e,1776806314.8810985,11.0,300.0,36.0,-1.22816801071167,0.0,-7.881689071655273,13.790085792541504,11.16516399383545,2.5964725017547607,0.0284490901976823,1.5083966625354606,1.22816801071167,25.81697654724121
run_1776805147_3479c29e,1776806317.1252787,11.0,300.0,36.0,-1.22816801071167,0.0,-7.881689071655273,13.861807823181152,11.16516399383545,2.670907497406006,0.0257353521883487,1.5083966625354606,1.22816801071167,25.81697654724121
run_1776805147_3479c29e,1776806319.3617072,11.0,300.0,36.0,-1.22816801071167,0.0,-7.881689071655273,13.933786392211914,11.16516399383545,2.782560110092163,0.0221423041075468,1.5083966625354606,1.22816801071167,25.81697654724121
run_1776805147_3479c29e,1776806321.566603,11.0,300.0,36.0,-1.22816801071167,0.0,-7.881689071655273,14.00600242614746,11.16516399383545,2.856995105743408,0.0200301576405763,1.5083966625354606,1.22816801071167,25.81697654724121
run_1776805147_3479c29e,1776806323.7815723,11.0,300.0,36.0,-1.22816801071167,0.0,-7.881689071655273,13.01012897491455,10.764581680297852,2.930628776550293,-0.6850810050964355,1.5083966625354606,1.22816801071167,25.81697654724121
run_1776805147_3479c29e,1776806326.0119455,11.0,300.0,36.0,-1.22816801071167,0.0,-7.881689071655273,14.225255966186523,11.16516399383545,3.004262685775757,0.0558283776044845,1.5083966625354606,1.22816801071167,25.81697654724121
run_1776805147_3479c29e,1776806328.2330608,11.0,300.0,36.0,-1.22816801071167,0.0,-7.881689071655273,14.333812713623049,11.16516399383545,3.077095031738281,0.0870777443051338,1.5083966625354606,1.22816801071167,25.81697654724121
run_1776805147_3479c29e,1776806330.4519167,11.0,300.0,36.0,-1.22816801071167,0.0,-7.881689071655273,14.399513244628906,11.16516399383545,3.187677383422852,-0.617414653301239,1.5083966625354606,1.22816801071167,25.81697654724121
run_1776805147_3479c29e,1776806332.6734395,11.0,300.0,36.0,-1.1841039657592771,0.0,-7.832117080688477,13.40091037750244,10.364007949829102,3.2589077949523926,-1.2687900066375732,1.402102201726848,1.1841039657592771,25.81697654724121
run_1776805147_3479c29e,1776806334.9030774,11.0,300.0,36.0,-1.1400408744812012,0.0,-7.782545566558838,13.642062187194824,10.764581680297852,3.329071521759033,-0.4515896141529083,1.299693195487862,1.1400408744812012,25.81697654724121
run_1776805147_3479c29e,1776806337.1061668,11.0,300.0,36.0,-1.1841039657592771,0.0,-7.832117080688477,13.756903648376465,10.764581680297852,3.4008355140686035,-0.4085127115249634,1.402102201726848,1.1841039657592771,25.81697654724121
run_1776805147_3479c29e,1776806339.3312354,11.0,300.0,36.0,-1.1841039657592771,0.0,-7.832117080688477,13.867635726928713,10.764581680297852,3.472599506378174,-0.3514779806137085,1.402102201726848,1.1841039657592771,25.81697654724121
run_1776805147_3479c29e,1776806341.552085,11.0,300.0,36.0,-1.1841039657592771,0.0,-7.832117080688477,13.974650382995604,10.764581680297852,3.5802454948425293,-0.3179506957530975,1.402102201726848,1.1841039657592771,25.81697654724121
run_1776805147_3479c29e,1776806343.7865653,11.0,300.0,36.0,-1.1841039657592771,0.0,-7.832117080688477,14.128968238830566,10.764581680297852,3.6520094871521,-0.2876215279102325,1.402102201726848,1.1841039657592771,25.81697654724121
run_1776805147_3479c29e,1776806346.004961,11.0,300.0,36.0,-1.1400408744812012,0.0,-7.782545566558838,13.15018367767334,10.364007949829102,3.7219061851501465,-0.9357306361198424,1.299693195487862,1.1400408744812012,25.81697654724121
run_1776805147_3479c29e,1776806348.2399378,11.0,300.0,36.0,-1.1841039657592771,0.0,-7.832117080688477,14.413097381591797,10.764581680297852,3.791803121566773,-0.1362813711166381,1.402102201726848,1.1841039657592771,25.81697654724121
run_1776805147_3479c29e,1776806350.452062,11.0,300.0,36.0,-1.1400408744812012,0.0,-7.782545566558838,13.407395362854004,10.364007949829102,3.896781921386719,-0.7788121104240417,1.299693195487862,1.1400408744812012,25.81697654724121
run_1776805147_3479c29e,1776806352.6679385,11.0,300.0,36.0,-1.1400408744812012,0.0,-7.782545566558838,13.554601669311523,10.364007949829102,3.965878486633301,-0.704521656036377,1.299693195487862,1.1400408744812012,25.81697654724121
run_1776805147_3479c29e,1776806354.8969338,11.0,300.0,36.0,-1.1400408744812012,0.0,-7.782545566558838,13.76166534423828,10.364007949829102,4.034975051879883,-0.6373177170753479,1.299693195487862,1.1400408744812012,25.81697654724121
run_1776805147_3479c29e,1776806357.1313436,11.0,300.0,36.0,-1.1400408744812012,0.0,-7.782545566558838,13.891555786132812,10.364007949829102,4.104071617126465,-0.5765244364738464,1.299693195487862,1.1400408744812012,25.81697654724121
run_1776805147_3479c29e,1776806359.3465486,11.0,300.0,36.0,-1.1400408744812012,0.0,-7.782545566558838,14.05467128753662,10.364007949829102,4.171563625335693,-0.4573895931243896,1.299693195487862,1.1400408744812012,25.81697654724121
run_1776805147_3479c29e,1776806361.5683906,11.0,300.0,36.0,-1.1400408744812012,0.0,-7.782545566558838,14.16964054107666,10.364007949829102,4.275208473205566,-0.4137595295906067,1.299693195487862,1.1400408744812012,25.81697654724121
run_1776805147_3479c29e,1776806363.800649,11.0,300.0,36.0,-1.09598970413208,0.0,-7.732988357543945,14.373456001281738,10.364007949829102,4.342700481414795,-0.3332526087760925,1.2011934315635244,1.09598970413208,25.81697654724121
run_1776805147_3479c29e,1776806366.0189452,11.0,300.0,36.0,-1.1400408744812012,0.0,-7.732988357543945,13.383499145507812,9.963542938232422,4.410459995269775,-0.9905042052268982,1.299693195487862,1.1400408744812012,25.81697654724121
run_1776805147_3479c29e,1776806368.2420094,11.0,300.0,36.0,-1.09598970413208,0.0,-7.732988357543945,13.544404983520508,9.963542938232422,4.476881980895996,-0.8522140979766846,1.2011934315635244,1.09598970413208,25.81697654724121
run_1776805147_3479c29e,1776806370.4679344,11.0,300.0,36.0,-1.09598970413208,0.0,-7.732988357543945,13.696296691894531,9.963542938232422,4.576514720916748,-0.7709218263626099,1.2011934315635244,1.09598970413208,25.81697654724121
run_1776805147_3479c29e,1776806372.707937,11.0,300.0,36.0,-1.09598970413208,0.0,-7.732988357543945,13.84003734588623,9.963542938232422,4.642936706542969,-0.6973839998245239,1.2011934315635244,1.09598970413208,25.81697654724121
run_1776805147_3479c29e,1776806374.9209838,11.0,300.0,36.0,-1.0519099235534668,0.0,-7.683398723602295,14.081096649169922,9.963542938232422,4.707757949829102,-0.5902049541473389,1.1065144872702604,1.0519099235534668,25.81697654724121
run_1776805147_3479c29e,1776806377.1536117,11.0,300.0,36.0,-1.09598970413208,0.0,-7.732988357543945,14.203816413879396,9.963542938232422,4.774179935455322,-0.5339057445526123,1.2011934315635244,1.09598970413208,25.81697654724121
run_1776805147_3479c29e,1776806379.3660116,11.0,300.0,36.0,-1.09598970413208,0.0,-7.732988357543945,14.321168899536133,9.963542938232422,4.873813152313232,-0.4593640565872192,1.2011934315635244,1.09598970413208,25.81697654724121
run_1776805147_3479c29e,1776806381.5829165,11.0,300.0,36.0,-1.09598970413208,0.0,-7.732988357543945,14.433661460876465,9.963542938232422,4.940234661102295,-0.4155455231666565,1.2011934315635244,1.09598970413208,25.81697654724121
run_1776805147_3479c29e,1776806383.8089385,11.0,300.0,36.0,-1.09598970413208,0.0,-7.732988357543945,13.475603103637695,9.562817573547363,5.00639009475708,-1.0936051607131958,1.2011934315635244,1.09598970413208,25.81697654724121
run_1776805147_3479c29e,1776806386.0239935,11.0,300.0,36.0,-1.0519099235534668,0.0,-7.683398723602295,13.643675804138184,9.562817573547363,5.0701446533203125,-0.9892869591712952,1.1065144872702604,1.0519099235534668,25.81697654724121
run_1776805147_3479c29e,1776806388.247218,11.0,300.0,36.0,-1.0519099235534668,0.0,-7.683398723602295,13.801797866821287,9.562817573547363,5.133899211883545,-0.8511669635772705,1.1065144872702604,1.0519099235534668,25.81697654724121
run_1776805147_3479c29e,1776806390.4679394,11.0,300.0,36.0,-1.0519099235534668,0.0,-7.683398723602295,13.950918197631836,9.562817573547363,5.229531288146973,-0.7699746489524841,1.1065144872702604,1.0519099235534668,25.81697654724121
run_1776805147_3479c29e,1776806392.6929631,11.0,300.0,36.0,-1.0519099235534668,0.0,-7.683398723602295,14.09189510345459,9.562817573547363,5.293285846710205,-0.6965271830558777,1.1065144872702604,1.0519099235534668,25.81697654724121
run_1776805147_3479c29e,1776806394.9209418,11.0,300.0,36.0,-1.0519099235534668,0.0,-7.683398723602295,14.28977394104004,9.562817573547363,5.3570404052734375,-0.6300858855247498,1.1065144872702604,1.0519099235534668,25.81697654724121
run_1776805147_3479c29e,1776806397.1496675,11.0,300.0,36.0,-1.0519099235534668,0.0,-7.683398723602295,14.413629531860352,9.562817573547363,5.42079496383667,-1.231171488761902,1.1065144872702604,1.0519099235534668,25.81697654724121
run_1776805147_3479c29e,1776806399.373943,11.0,300.0,36.0,-1.0519099235534668,0.0,-7.683398723602295,14.57077980041504,9.562817573547363,5.514822006225586,-0.4517602324485779,1.1065144872702604,1.0519099235534668,25.81697654724121
run_1776805147_3479c29e,1776806401.5779352,11.0,300.0,36.0,-1.0519099235534668,0.0,-7.683398723602295,13.886740684509276,9.162343978881836,5.668859004974365,-0.8982881903648376,1.1065144872702604,1.0519099235534668,25.81697654724121
run_1776805147_3479c29e,1776806407.432031,11.0,300.0,36.0,-1.0078577995300293,0.0,-7.633840084075928,14.037911415100098,9.162343978881836,5.760478973388672,-0.8126010298728943,1.0157773440735127,1.0078577995300293,25.81697654724121
run_1776805147_3479c29e,1776806409.6544228,11.0,300.0,36.0,-1.0078577995300293,0.0,-7.633840084075928,14.180490493774414,9.162343978881836,5.821558952331543,-0.7350874543190002,1.0157773440735127,1.0078577995300293,25.81697654724121
run_1776805147_3479c29e,1776806411.871863,11.0,300.0,36.0,-1.0078577995300293,0.0,-7.633840084075928,14.38001537322998,9.162343978881836,5.882638931274414,-0.664967954158783,1.0157773440735127,1.0078577995300293,25.81697654724121
run_1776805147_3479c29e,1776806414.114731,11.0,300.0,36.0,-1.0078577995300293,0.0,-7.633840084075928,14.504525184631348,9.162343978881836,5.943718433380127,-0.6015371680259705,1.0157773440735127,1.0078577995300293,25.81697654724121
run_1776805147_3479c29e,1776806416.3259416,11.0,300.0,36.0,-0.9637908935546876,0.0,-7.584264755249023,13.504621505737305,8.761735916137695,6.0045318603515625,-1.199963927268982,0.928892886498943,0.9637908935546876,25.81697654724121
run_1776805147_3479c29e,1776806418.553466,11.0,300.0,36.0,-0.9197392463684082,0.0,-7.5347065925598145,12.592530250549316,8.761735916137695,6.090016841888428,-1.0307745933532717,0.8459202813103275,0.9197392463684082,25.81697654724121
run_1776805147_3479c29e,1776806420.7779353,11.0,300.0,36.0,-1.0078577995300293,0.0,-7.633840084075928,15.062335014343262,9.162343978881836,6.15002965927124,-0.2500388324260711,1.0157773440735127,1.0078577995300293,25.81697654724121
run_1776805147_3479c29e,1776806423.000219,11.0,300.0,36.0,-0.9637908935546876,0.0,-7.584264755249023,14.08840274810791,8.761735916137695,6.208442211151123,-0.8817750811576843,0.928892886498943,0.9637908935546876,25.81697654724121
run_1776805147_3479c29e,1776806425.239978,11.0,300.0,36.0,-0.9637908935546876,0.0,-7.584264755249023,14.230926513671877,8.761735916137695,6.266854763031006,-0.7586654424667358,0.928892886498943,0.9637908935546876,25.81697654724121
run_1776805147_3479c29e,1776806427.457996,11.0,300.0,36.0,-0.9197392463684082,0.0,-7.5347065925598145,13.254340171813965,8.361266136169434,6.3528733253479,-0.644426167011261,0.8459202813103275,0.9197392463684082,25.81697654724121
run_1776805147_3479c29e,1776806429.6823711,11.0,300.0,36.0,-0.9637908935546876,0.0,-7.584264755249023,14.53089427947998,8.361266136169434,6.41048526763916,-1.2859573364257812,0.928892886498943,0.9637908935546876,25.81697654724121
run_1776805147_3479c29e,1776806431.893299,11.0,300.0,36.0,-0.9637908935546876,0.0,-7.584264755249023,14.741912841796877,8.761735916137695,6.468097686767578,-0.487920731306076,0.928892886498943,0.9637908935546876,25.81697654724121
run_1776805147_3479c29e,1776806434.1319675,11.0,300.0,36.0,-0.9637908935546876,0.0,-7.584264755249023,14.846867561340332,8.761735916137695,6.526510238647461,-0.4413782954216003,0.928892886498943,0.9637908935546876,25.81697654724121
run_1776805147_3479c29e,1776806436.358058,11.0,300.0,36.0,-0.9637908935546876,0.0,-7.584264755249023,14.947382926940918,8.761735916137695,6.614129066467285,-0.3797550201416015,0.928892886498943,0.9637908935546876,25.81697654724121
run_1776805147_3479c29e,1776806438.579515,11.0,300.0,36.0,-0.9637908935546876,0.0,-7.584264755249023,15.0438814163208,8.761735916137695,6.672541618347168,-0.3435303568840027,0.928892886498943,0.9637908935546876,25.81697654724121
run_1776805147_3479c29e,1776806440.8052585,11.0,300.0,36.0,-0.9637908935546876,0.0,-7.584264755249023,15.181928634643556,8.761735916137695,6.730954170227051,-0.3107611835002899,0.928892886498943,0.9637908935546876,25.81697654724121
run_1776805147_3479c29e,1776806443.0190196,11.0,300.0,36.0,-0.9637908935546876,0.0,-7.584264755249023,15.269984245300291,8.761735916137695,6.789366722106934,-0.2811179161071777,0.928892886498943,0.9637908935546876,25.81697654724121
run_1776805147_3479c29e,1776806445.243135,11.0,300.0,36.0,-0.9637908935546876,0.0,-7.584264755249023,15.355213165283203,8.761735916137695,6.847779273986816,-0.2418695092201233,0.928892886498943,0.9637908935546876,25.81697654724121
run_1776805147_3479c29e,1776806447.4661582,11.0,300.0,36.0,-0.9197392463684082,0.0,-7.5347065925598145,14.326794624328612,8.361266136169434,6.933531284332275,-0.8941674828529358,0.8459202813103275,0.9197392463684082,25.81697654724121
run_1776805147_3479c29e,1776806449.70833,11.0,300.0,36.0,-0.9197392463684082,0.0,-7.5347065925598145,14.472219467163086,8.361266136169434,6.98927640914917,-0.8088734149932861,0.8459202813103275,0.9197392463684082,25.81697654724121
run_1776805147_3479c29e,1776806451.9206033,11.0,300.0,36.0,-0.9197392463684082,0.0,-7.5347065925598145,14.67457103729248,8.361266136169434,7.0450215339660645,-0.7317154407501221,0.8459202813103275,0.9197392463684082,25.81697654724121
run_1776805147_3479c29e,1776806454.158192,11.0,300.0,36.0,-0.9197392463684082,0.0,-7.5347065925598145,14.800114631652832,8.361266136169434,7.100767135620117,-0.6295565366744995,0.8459202813103275,0.9197392463684082,25.81697654724121
run_1776805147_3479c29e,1776806456.3833978,11.0,300.0,36.0,-0.9197392463684082,0.0,-7.5347065925598145,14.918999671936035,8.361266136169434,7.184384822845459,-0.5695035457611084,0.8459202813103275,0.9197392463684082,25.81697654724121
run_1776805147_3479c29e,1776806458.6340978,11.0,300.0,36.0,-0.9197392463684082,0.0,-7.5347065925598145,15.031862258911133,8.361266136169434,7.2401299476623535,-0.5151788592338562,0.8459202813103275,0.9197392463684082,25.81697654724121
run_1776805147_3479c29e,1776806460.875672,11.0,300.0,36.0,-0.9197392463684082,0.0,-7.5347065925598145,15.191104888916016,8.361266136169434,7.295875072479248,-0.4660362899303436,0.8459202813103275,0.9197392463684082,25.81697654724121
run_1776805147_3479c29e,1776806463.0952013,11.0,300.0,36.0,-0.9197392463684082,0.0,-7.435567855834961,13.06861972808838,7.560144901275635,7.350550651550293,-1.8420755863189695,0.8459202813103275,0.9197392463684082,25.81697654724121
run_1776805147_3479c29e,1776806465.3018863,11.0,300.0,36.0,-0.8756842613220215,0.0,-7.485145092010498,14.392678260803224,7.960766792297363,7.402019023895264,-0.9226789474487304,0.7668229255270944,0.8756842613220215,25.81697654724121
run_1776805147_3479c29e,1776806467.525155,11.0,300.0,36.0,-0.8756842613220215,0.0,-7.485145092010498,14.538293838500977,7.960766792297363,7.481636047363281,-0.834665060043335,0.7668229255270944,0.8756842613220215,25.81697654724121
run_1776805147_3479c29e,1776806469.75039,11.0,300.0,36.0,-0.8756842613220215,0.0,-7.485145092010498,14.740434646606444,7.960766792297363,7.534714221954346,-0.7550468444824219,0.7668229255270944,0.8756842613220215,25.81697654724121
run_1776805147_3479c29e,1776806471.9749837,11.0,300.0,36.0,-0.8756842613220215,0.0,-7.485145092010498,14.865535736083984,7.960766792297363,7.587791919708252,-0.6830233335494995,0.7668229255270944,0.8756842613220215,25.81697654724121
run_1776805147_3479c29e,1776806474.2092404,11.0,300.0,36.0,-0.8756842613220215,0.0,-7.485145092010498,14.983765602111816,7.960766792297363,7.640870094299316,-1.2980173826217651,0.7668229255270944,0.8756842613220215,25.81697654724121
run_1776805147_3479c29e,1776806476.426319,11.0,300.0,36.0,-0.8316159248352051,0.0,-7.435567855834961,14.017656326293944,7.560144901275635,7.716201305389404,-1.870476603507996,0.6915850464395135,0.8316159248352051,25.81697654724121
run_1776805147_3479c29e,1776806478.6503203,11.0,300.0,36.0,-0.7875461578369141,0.0,-7.385989189147949,13.1205472946167,7.560144901275635,7.764462947845459,-0.9816752076148988,0.6202289507236856,0.7875461578369141,25.81697654724121
run_1776805147_3479c29e,1776806480.870159,11.0,300.0,36.0,-0.8316159248352051,0.0,-7.435567855834961,14.48696994781494,7.560144901275635,7.814858913421631,-0.8880336880683899,0.6915850464395135,0.8316159248352051,25.81697654724121
run_1776805147_3479c29e,1776806483.1267405,11.0,300.0,36.0,-0.8316159248352051,0.0,-7.435567855834961,14.622074127197266,7.560144901275635,7.865254402160644,-0.8033245801925659,0.6915850464395135,0.8316159248352051,25.81697654724121
run_1776805147_3479c29e,1776806485.3489418,11.0,300.0,36.0,-0.8316159248352051,0.0,-7.435567855834961,14.749099731445312,7.560144901275635,7.915650367736816,-0.6911678910255432,0.6915850464395135,0.8316159248352051,25.81697654724121
run_1776805147_3479c29e,1776806487.5668533,11.0,300.0,36.0,-0.8316159248352051,0.0,-7.435567855834961,14.868813514709473,7.560144901275635,7.991243839263916,-0.625237762928009,0.6915850464395135,0.8316159248352051,25.81697654724121
run_1776805147_3479c29e,1776806489.791799,11.0,300.0,36.0,-0.8316159248352051,0.0,-7.435567855834961,15.03618621826172,7.560144901275635,8.04163932800293,-0.5655968189239502,0.6915850464395135,0.8316159248352051,25.81697654724121
run_1776805147_3479c29e,1776806492.0147333,11.0,300.0,36.0,-0.8316159248352051,0.0,-7.435567855834961,15.140535354614258,7.560144901275635,8.092035293579102,-0.5116447806358337,0.6915850464395135,0.8316159248352051,25.81697654724121
run_1776805147_3479c29e,1776806494.2263224,11.0,300.0,36.0,-0.8316159248352051,0.0,-7.435567855834961,15.239736557006836,7.560144901275635,8.142431259155273,-0.4402110874652862,0.6915850464395135,0.8316159248352051,25.81697654724121
run_1776805147_3479c29e,1776806496.438948,11.0,300.0,36.0,-0.8316159248352051,0.0,-7.435567855834961,15.334280967712402,7.560144901275635,8.218024253845215,-0.3982196152210235,0.6915850464395135,0.8316159248352051,25.81697654724121
run_1776805147_3479c29e,1776806498.6572254,11.0,300.0,36.0,-0.8316159248352051,0.0,-7.435567855834961,15.424616813659668,7.560144901275635,8.268420219421387,-0.3602336049079895,0.6915850464395135,0.8316159248352051,25.81697654724121
run_1776805147_3479c29e,1776806500.8888645,11.0,300.0,36.0,-0.8316159248352051,0.0,-7.435567855834961,14.45511245727539,7.159511089324951,8.3177490234375,-1.0221476554870603,0.6915850464395135,0.8316159248352051,25.81697654724121
run_1776805147_3479c29e,1776806503.1155984,11.0,300.0,36.0,-0.8316159248352051,0.0,-7.435567855834961,15.67201805114746,7.560144901275635,8.3676118850708,-0.2557375431060791,0.6915850464395135,0.8316159248352051,25.81697654724121
run_1776805147_3479c29e,1776806505.3407855,11.0,300.0,36.0,-0.7875461578369141,0.0,-7.385989189147949,14.648832321166992,7.159511089324951,8.416940689086914,-0.8822683095932007,0.6202289507236856,0.7875461578369141,25.81697654724121
run_1776805147_3479c29e,1776806507.5590718,11.0,300.0,36.0,-0.7875461578369141,0.0,-7.385989189147949,14.785045623779297,7.159511089324951,8.488533020019531,-0.7981093525886536,0.6202289507236856,0.7875461578369141,25.81697654724121
run_1776805147_3479c29e,1776806509.7750514,11.0,300.0,36.0,-0.7875461578369141,0.0,-7.385989189147949,14.973793983459473,7.159511089324951,8.536261558532715,-0.7219781875610352,0.6202289507236856,0.7875461578369141,25.81697654724121
run_1776805147_3479c29e,1776806511.9839668,11.0,300.0,36.0,-0.7875461578369141,0.0,-7.385989189147949,15.090391159057615,7.159511089324951,8.583990097045898,-0.653109073638916,0.6202289507236856,0.7875461578369141,25.81697654724121
run_1776805147_3479c29e,1776806514.21098,11.0,300.0,36.0,-0.7875461578369141,0.0,-7.385989189147949,15.253583908081056,7.159511089324951,8.629584312438965,-0.5093292593955994,0.6202289507236856,0.7875461578369141,25.81697654724121
run_1776805147_3479c29e,1776806516.4250834,11.0,300.0,36.0,-0.7875461578369141,0.0,-7.385989189147949,15.352395057678224,7.159511089324951,8.701176643371582,-0.4607446491718292,0.6202289507236856,0.7875461578369141,25.81697654724121
run_1776805147_3479c29e,1776806518.6499405,11.0,300.0,36.0,-0.7875461578369141,0.0,-7.385989189147949,15.446331977844238,7.159511089324951,8.748905181884766,-0.4167945086956024,0.6202289507236856,0.7875461578369141,25.81697654724121
run_1776805147_3479c29e,1776806520.89293,11.0,300.0,36.0,-0.7434768676757812,0.0,-7.336411476135254,14.520187377929688,6.758880615234375,8.793966293334961,-1.032659649848938,0.5527578527689911,0.7434768676757812,25.81697654724121
run_1776805147_3479c29e,1776806523.1139958,11.0,300.0,36.0,-0.7434768676757812,0.0,-7.336411476135254,14.663752555847168,6.758880615234375,8.839027404785156,-0.9341548085212708,0.5527578527689911,0.7434768676757812,25.81697654724121
run_1776805147_3479c29e,1776806525.3439612,11.0,300.0,36.0,-0.6994061470031738,0.0,-7.286831855773926,13.699921607971191,6.3582377433776855,8.904485702514648,-0.7484314441680908,0.4891689584658252,0.6994061470031738,25.81697654724121
run_1776805147_3479c29e,1776806527.5646262,11.0,300.0,36.0,-0.7434768676757812,0.0,-7.336411476135254,14.974056243896484,6.758880615234375,8.949546813964844,-0.6770390272140503,0.5527578527689911,0.7434768676757812,25.81697654724121
run_1776805147_3479c29e,1776806529.78222,11.0,300.0,36.0,-0.7434768676757812,0.0,-7.336411476135254,15.141031265258787,6.758880615234375,8.994607925415039,-0.6124565601348877,0.5527578527689911,0.7434768676757812,25.81697654724121
run_1776805147_3479c29e,1776806532.0004086,11.0,300.0,36.0,-0.7434768676757812,0.0,-7.336411476135254,15.244515419006348,6.758880615234375,9.039669036865234,-0.5540347099304199,0.5527578527689911,0.7434768676757812,25.81697654724121
run_1776805147_3479c29e,1776806534.2329528,11.0,300.0,36.0,-0.7434768676757812,0.0,-7.336411476135254,15.342424392700195,6.758880615234375,9.08473014831543,-0.4766827821731567,0.5527578527689911,0.7434768676757812,25.81697654724121
run_1776805147_3479c29e,1776806536.45029,11.0,300.0,36.0,-0.7434768676757812,0.0,-7.336411476135254,15.435293197631836,6.758880615234375,9.151787757873535,-1.1416056156158447,0.5527578527689911,0.7434768676757812,25.81697654724121
run_1776805147_3479c29e,1776806538.689628,11.0,300.0,36.0,-0.7434768676757812,0.0,-7.336411476135254,15.56389045715332,6.758880615234375,9.195782661437988,-0.3502386510372162,0.5527578527689911,0.7434768676757812,25.81697654724121
run_1776805147_3479c29e,1776806540.9148903,11.0,300.0,36.0,-0.7434768676757812,0.0,-7.336411476135254,15.682893753051758,6.758880615234375,9.240843772888184,-0.31682950258255,0.5527578527689911,0.7434768676757812,25.81697654724121
run_1776805147_3479c29e,1776806543.1412158,11.0,300.0,36.0,-0.7434768676757812,0.0,-7.336411476135254,15.758177757263184,6.758880615234375,9.28590488433838,-0.2725951075553894,0.5527578527689911,0.7434768676757812,25.81697654724121
run_1776805147_3479c29e,1776806545.3613515,11.0,300.0,36.0,-0.7434768676757812,0.0,-7.336411476135254,15.830577850341797,6.758880615234375,9.353496551513672,-0.2465924024581909,0.5527578527689911,0.7434768676757812,25.81697654724121
run_1776805147_3479c29e,1776806547.5955474,11.0,300.0,36.0,-0.7434768676757812,0.0,-7.336411476135254,15.900370597839355,6.3582377433776855,9.397223472595217,-0.9124161601066588,0.5527578527689911,0.7434768676757812,25.81697654724121
run_1776805147_3479c29e,1776806549.8159726,11.0,300.0,36.0,-0.7434768676757812,0.0,-7.336411476135254,14.932185173034668,6.3582377433776855,9.441217422485352,-0.8672698140144348,0.5527578527689911,0.7434768676757812,25.81697654724121
run_1776805147_3479c29e,1776806552.0507045,11.0,300.0,36.0,-0.6994061470031738,0.0,-7.286831855773926,15.057307243347168,6.3582377433776855,9.483612060546877,-0.7845413684844971,0.4891689584658252,0.6994061470031738,25.81697654724121
run_1776805147_3479c29e,1776806554.2839675,11.0,300.0,36.0,-0.6553487777709961,0.0,-7.23726749420166,14.056415557861328,5.957716464996338,9.525736808776855,-1.357270359992981,0.4294820205259384,0.6553487777709961,25.81697654724121
run_1776805147_3479c29e,1776806556.5009968,11.0,300.0,36.0,-0.6994061470031738,0.0,-7.286831855773926,15.323251724243164,6.3582377433776855,9.587986946105955,-0.5723556280136108,0.4891689584658252,0.6994061470031738,25.81697654724121
run_1776805147_3479c29e,1776806558.722967,11.0,300.0,36.0,-0.6994061470031738,0.0,-7.286831855773926,15.42304801940918,6.3582377433776855,9.630380630493164,-0.5177589058876038,0.4891689584658252,0.6994061470031738,25.81697654724121
run_1776805147_3479c29e,1776806560.957108,11.0,300.0,36.0,-0.6994061470031738,0.0,-7.286831855773926,15.562641143798828,6.3582377433776855,9.672774314880373,-0.468370258808136,0.4891689584658252,0.6994061470031738,25.81697654724121
run_1776805147_3479c29e,1776806563.1798112,11.0,300.0,36.0,-0.6994061470031738,0.0,-7.286831855773926,15.649713516235352,6.3582377433776855,9.715167999267578,-0.4029783904552459,0.4891689584658252,0.6994061470031738,25.81697654724121
run_1776805147_3479c29e,1776806565.4109411,11.0,300.0,36.0,-0.6994061470031738,0.0,-7.286831855773926,15.732522010803224,6.3582377433776855,9.778759002685549,-0.3645384609699249,0.4891689584658252,0.6994061470031738,25.81697654724121
run_1776805147_3479c29e,1776806567.6402514,11.0,300.0,36.0,-0.6994061470031738,0.0,-7.286831855773926,15.811477661132812,5.557060241699219,9.819547653198242,-1.7361892461776731,0.4891689584658252,0.6994061470031738,25.81697654724121
run_1776805147_3479c29e,1776806569.8632054,11.0,300.0,36.0,-0.6994061470031738,0.0,-7.286831855773926,14.881019592285156,5.957716464996338,9.860068321228027,-0.936766505241394,0.4891689584658252,0.6994061470031738,25.81697654724121
run_1776805147_3479c29e,1776806572.0863624,11.0,300.0,36.0,-0.6553487777709961,0.0,-7.286831855773926,16.1145076751709,6.3582377433776855,9.900585174560549,-0.1443149149417877,0.4294820205259384,0.6553487777709961,25.81697654724121
run_1776805147_3479c29e,1776806574.3190954,11.0,300.0,36.0,-0.6553487777709961,0.0,-7.23726749420166,15.09281063079834,5.957716464996338,9.94110107421875,-0.7666009664535522,0.4294820205259384,0.6553487777709961,25.81697654724121
run_1776805147_3479c29e,1776806576.5476284,11.0,300.0,36.0,-0.6553487777709961,0.0,-7.23726749420166,15.209407806396484,5.957716464996338,10.0006685256958,-0.6934753656387329,0.4294820205259384,0.6553487777709961,25.81697654724121
run_1776805147_3479c29e,1776806578.7620904,11.0,300.0,36.0,-0.6553487777709961,0.0,-7.23726749420166,15.370771408081056,5.957716464996338,10.040380477905272,-0.6273251175880432,0.4294820205259384,0.6553487777709961,25.81697654724121
run_1776805147_3479c29e,1776806580.9744625,11.0,300.0,36.0,-0.6553487777709961,0.0,-7.187685966491699,14.35871696472168,5.557060241699219,10.07955837249756,-1.2779011726379397,0.4294820205259384,0.6553487777709961,25.81697654724121
run_1776805147_3479c29e,1776806583.201861,11.0,300.0,36.0,-0.6553487777709961,0.0,-7.23726749420166,15.602408409118652,5.957716464996338,10.118203163146973,-0.4503610134124756,0.4294820205259384,0.6553487777709961,25.81697654724121
run_1776805147_3479c29e,1776806585.4298692,11.0,300.0,36.0,-0.6553487777709961,0.0,-7.23726749420166,15.687288284301758,5.957716464996338,10.177770614624023,-0.4074013233184814,0.4294820205259384,0.6553487777709961,25.81697654724121
run_1776805147_3479c29e,1776806587.6500964,11.0,300.0,36.0,-0.6553487777709961,0.0,-7.23726749420166,15.767858505249023,5.957716464996338,10.21748161315918,-0.3685396611690521,0.4294820205259384,0.6553487777709961,25.81697654724121
run_1776805147_3479c29e,1776806589.896177,11.0,300.0,36.0,-0.6553487777709961,0.0,-7.23726749420166,15.881525039672852,5.957716464996338,10.257193565368652,-0.3333848416805267,0.4294820205259384,0.6553487777709961,25.81697654724121
run_1776805147_3479c29e,1776806592.1309166,11.0,300.0,36.0,-0.6553487777709961,0.0,-7.23726749420166,15.953038215637209,5.957716464996338,10.296905517578123,-0.301583468914032,0.4294820205259384,0.6553487777709961,25.81697654724121
run_1776805147_3479c29e,1776806594.336915,11.0,300.0,36.0,-0.6553487777709961,0.0,-7.23726749420166,16.02151870727539,5.957716464996338,10.33661651611328,-0.9557918906211852,0.4294820205259384,0.6553487777709961,25.81697654724121
run_1776805147_3479c29e,1776806596.5559454,11.0,300.0,36.0,-0.6553487777709961,0.0,-7.23726749420166,16.126710891723633,5.557060241699219,10.394050598144531,-0.9060916304588318,0.4294820205259384,0.6553487777709961,25.81697654724121
run_1776805147_3479c29e,1776806598.769974,11.0,300.0,36.0,-0.6112766265869141,0.0,-7.187685966491699,15.16849422454834,5.557060241699219,10.4310941696167,-0.8196601867675781,0.3736591142114775,0.6112766265869141,25.81697654724121
run_1776805147_3479c29e,1776806600.9907303,11.0,300.0,36.0,-0.6112766265869141,0.0,-7.187685966491699,15.28372573852539,5.557060241699219,10.468138694763184,-0.7414732575416565,0.3736591142114775,0.6112766265869141,25.81697654724121
run_1776805147_3479c29e,1776806603.2101731,11.0,300.0,36.0,-0.6112766265869141,0.0,-7.187685966491699,15.391498565673828,5.557060241699219,10.505183219909668,-0.6379520297050476,0.3736591142114775,0.6112766265869141,25.81697654724121
run_1776805147_3479c29e,1776806605.4214842,11.0,300.0,36.0,-0.567204475402832,0.0,-7.1381049156188965,14.38092041015625,5.156404495239258,10.558882713317873,-1.2527822256088257,0.3217209169170019,0.567204475402832,25.81697654724121
run_1776805147_3479c29e,1776806607.6349514,11.0,300.0,36.0,-0.6112766265869141,0.0,-7.187685966491699,15.638978958129885,5.557060241699219,10.595660209655762,-0.4710084795951843,0.3736591142114775,0.6112766265869141,25.81697654724121
run_1776805147_3479c29e,1776806609.8579402,11.0,300.0,36.0,-0.6112766265869141,0.0,-7.187685966491699,15.76368522644043,5.557060241699219,10.63270378112793,-0.4260792732238769,0.3736591142114775,0.6112766265869141,25.81697654724121
run_1776805147_3479c29e,1776806612.075299,11.0,300.0,36.0,-0.6112766265869141,0.0,-7.187685966491699,15.8413724899292,5.557060241699219,10.669748306274414,-0.3854358494281769,0.3736591142114775,0.6112766265869141,25.81697654724121
run_1776805147_3479c29e,1776806614.2869153,11.0,300.0,36.0,-0.6112766265869141,0.0,-7.187685966491699,15.915184020996094,5.557060241699219,10.706792831420898,-0.3316229879856109,0.3736591142114775,0.6112766265869141,25.81697654724121
run_1776805147_3479c29e,1776806616.495405,11.0,300.0,36.0,-0.567204475402832,0.0,-7.1381049156188965,14.88070011138916,5.156404495239258,10.760225296020508,-0.9689338207244872,0.3217209169170019,0.567204475402832,25.81697654724121
run_1776805147_3479c29e,1776806618.7042096,11.0,300.0,36.0,-0.6112766265869141,0.0,-7.187685966491699,16.103612899780273,5.156404495239258,10.796202659606934,-0.9171568155288696,0.3736591142114775,0.6112766265869141,25.81697654724121
run_1776805147_3479c29e,1776806620.920231,11.0,300.0,36.0,-0.6112766265869141,0.0,-7.187685966491699,16.229047775268555,5.557060241699219,10.83271312713623,-0.1607254445552826,0.3736591142114775,0.6112766265869141,25.81697654724121
run_1776805147_3479c29e,1776806623.127081,11.0,300.0,36.0,-0.567204475402832,0.0,-7.1381049156188965,15.22243595123291,5.156404495239258,10.867090225219728,-0.8010594248771667,0.3217209169170019,0.567204475402832,25.81697654724121
run_1776805147_3479c29e,1776806625.352322,11.0,300.0,36.0,-0.567204475402832,0.0,-7.1381049156188965,15.333226203918455,5.156404495239258,10.918656349182127,-0.6892189383506775,0.3217209169170019,0.567204475402832,25.81697654724121
run_1776805147_3479c29e,1776806627.578977,11.0,300.0,36.0,-0.567204475402832,0.0,-7.1381049156188965,15.436726570129396,5.156404495239258,10.953033447265623,-0.6234747171401978,0.3217209169170019,0.567204475402832,25.81697654724121
run_1776805147_3479c29e,1776806629.8021038,11.0,300.0,36.0,-0.567204475402832,0.0,-7.1381049156188965,15.579812049865724,5.156404495239258,10.987409591674805,-0.5640018582344055,0.3217209169170019,0.567204475402832,25.81697654724121
run_1776805147_3479c29e,1776806632.012139,11.0,300.0,36.0,-0.567204475402832,0.0,-7.1381049156188965,15.667988777160645,5.156404495239258,11.0217866897583,-0.5102020502090454,0.3217209169170019,0.567204475402832,25.81697654724121
run_1776805147_3479c29e,1776806634.2346466,11.0,300.0,36.0,-0.567204475402832,0.0,-7.1381049156188965,15.751033782958984,5.156404495239258,11.056163787841797,-0.4389698207378387,0.3217209169170019,0.567204475402832,25.81697654724121
run_1776805147_3479c29e,1776806636.4537108,11.0,300.0,36.0,-0.567204475402832,0.0,-7.1381049156188965,15.82943630218506,5.156404495239258,11.107728958129885,-0.3970967233181,0.3217209169170019,0.567204475402832,25.81697654724121
run_1776805147_3479c29e,1776806638.7099576,11.0,300.0,36.0,-0.567204475402832,0.0,-7.1381049156188965,15.903637886047363,5.156404495239258,11.14210605621338,-0.359217882156372,0.3217209169170019,0.567204475402832,25.81697654724121
run_1776805147_3479c29e,1776806640.9328637,11.0,300.0,36.0,-0.567204475402832,0.0,-7.1381049156188965,16.007936477661133,5.156404495239258,11.176483154296877,-0.3249523043632507,0.3217209169170019,0.567204475402832,25.81697654724121
run_1776805147_3479c29e,1776806643.1575274,11.0,300.0,36.0,-0.567204475402832,0.0,-7.1381049156188965,16.07331085205078,5.156404495239258,11.210860252380373,-0.9971890449523926,0.3217209169170019,0.567204475402832,25.81697654724121
run_1776805147_3479c29e,1776806645.3925257,11.0,300.0,36.0,-0.5231304168701172,0.0,-7.088521957397461,15.050930976867676,4.755731105804443,11.260825157165527,-0.2126694619655609,0.2736654330547026,0.5231304168701172,25.81697654724121
run_1776805147_3479c29e,1776806647.6155555,11.0,300.0,36.0,-0.567204475402832,0.0,-7.1381049156188965,16.232147216796875,4.755731105804443,11.29493522644043,-0.9099882245063782,0.3217209169170019,0.567204475402832,25.81697654724121
run_1776805147_3479c29e,1776806649.8300948,11.0,300.0,36.0,-0.5231304168701172,0.0,-7.088521957397461,15.259191513061523,4.755731105804443,11.326644897460938,-0.8231850266456604,0.2736654330547026,0.5231304168701172,25.81697654724121
run_1776805147_3479c29e,1776806652.0562322,11.0,300.0,36.0,-0.5231304168701172,0.0,-7.088521957397461,15.369423866271973,4.755731105804443,11.358354568481444,-0.7446621060371399,0.2736654330547026,0.5231304168701172,25.81697654724121
run_1776805147_3479c29e,1776806654.293476,11.0,300.0,36.0,-0.5231304168701172,0.0,-7.088521957397461,15.472166061401367,4.755731105804443,11.390064239501951,-0.6406955718994141,0.2736654330547026,0.5231304168701172,25.81697654724121
run_1776805147_3479c29e,1776806656.5210583,11.0,300.0,36.0,-0.5231304168701172,0.0,-7.088521957397461,15.568132400512695,4.755731105804443,11.437628746032717,-0.5795800685882568,0.2736654330547026,0.5231304168701172,25.81697654724121
run_1776805147_3479c29e,1776806658.7272718,11.0,300.0,36.0,-0.5231304168701172,0.0,-7.088521957397461,15.657970428466797,4.755731105804443,11.469338417053224,-0.5242941975593567,0.2736654330547026,0.5231304168701172,25.81697654724121
run_1776805147_3479c29e,1776806660.9560952,11.0,300.0,36.0,-0.5231304168701172,0.0,-7.088521957397461,15.78249740600586,4.755731105804443,11.50104808807373,-0.4742820262908935,0.2736654330547026,0.5231304168701172,25.81697654724121
run_1776805147_3479c29e,1776806663.1879883,11.0,300.0,36.0,-0.5231304168701172,0.0,-7.088521957397461,15.85944938659668,4.755731105804443,11.532757759094238,-0.4080648124217987,0.2736654330547026,0.5231304168701172,25.81697654724121
run_1776805147_3479c29e,1776806665.4119797,11.0,300.0,36.0,-0.5231304168701172,0.0,-7.088521957397461,15.932085037231444,4.755731105804443,11.580322265625,-0.3691397309303283,0.2736654330547026,0.5231304168701172,25.81697654724121
run_1776805147_3479c29e,1776806667.6199455,11.0,300.0,36.0,-0.5231304168701172,0.0,-7.088521957397461,16.000816345214844,4.355053424835205,11.611763954162598,-1.0515406131744385,0.2736654330547026,0.5231304168701172,25.81697654724121
run_1776805147_3479c29e,1776806669.8425608,11.0,300.0,36.0,-0.4790558815002441,0.0,-7.038938045501709,16.136035919189453,4.755731105804443,11.642132759094238,-0.2618288993835449,0.2294945375999759,0.4790558815002441,25.81697654724121
run_1776805147_3479c29e,1776806672.0500574,11.0,300.0,36.0,-0.4790558815002441,0.0,-7.038938045501709,15.114444732666016,4.355053424835205,11.671964645385742,-0.9125741124153136,0.2294945375999759,0.4790558815002441,25.81697654724121
run_1776805147_3479c29e,1776806674.2579665,11.0,300.0,36.0,-0.4790558815002441,0.0,-7.038938045501709,15.230521202087402,4.355053424835205,11.700992584228516,-0.7851642370223999,0.2294945375999759,0.4790558815002441,25.81697654724121
run_1776805147_3479c29e,1776806676.474955,11.0,300.0,36.0,-0.4790558815002441,0.0,-7.038938045501709,15.338295936584473,4.355053424835205,11.74453353881836,-0.7102677822113037,0.2294945375999759,0.4790558815002441,25.81697654724121
run_1776805147_3479c29e,1776806678.6856618,11.0,300.0,36.0,-0.4790558815002441,0.0,-7.038938045501709,15.438558578491213,4.355053424835205,11.773560523986816,-0.6425158381462097,0.2294945375999759,0.4790558815002441,25.81697654724121
run_1776805147_3479c29e,1776806680.9179428,11.0,300.0,36.0,-0.4790558815002441,0.0,-7.038938045501709,15.576416015625,4.355053424835205,11.80258846282959,-0.5812264680862427,0.2294945375999759,0.4790558815002441,25.81697654724121
run_1776805147_3479c29e,1776806683.1459658,11.0,300.0,36.0,-0.4790558815002441,0.0,-7.038938045501709,15.660884857177734,4.355053424835205,11.831615447998049,-0.5000782608985901,0.2294945375999759,0.4790558815002441,25.81697654724121
run_1776805147_3479c29e,1776806685.3649762,11.0,300.0,36.0,-0.4790558815002441,0.0,-7.038938045501709,15.740066528320312,4.355053424835205,11.873823165893556,-1.1415579319000244,0.2294945375999759,0.4790558815002441,25.81697654724121
run_1776805147_3479c29e,1776806687.5719385,11.0,300.0,36.0,-0.4790558815002441,0.0,-7.038938045501709,15.86706829071045,4.355053424835205,11.902050971984863,-0.3571639060974121,0.2294945375999759,0.4790558815002441,25.81697654724121
run_1776805147_3479c29e,1776806689.782151,11.0,300.0,36.0,-0.4790558815002441,0.0,-7.038938045501709,15.963037490844728,4.355053424835205,11.93107795715332,-0.3230941593647003,0.2294945375999759,0.4790558815002441,25.81697654724121
run_1776805147_3479c29e,1776806692.002143,11.0,300.0,36.0,-0.4790558815002441,0.0,-7.038938045501709,16.022884368896484,4.355053424835205,11.960105895996094,-0.2922744750976562,0.2294945375999759,0.4790558815002441,25.81697654724121
run_1776805147_3479c29e,1776806694.2359416,11.0,300.0,36.0,-0.4790558815002441,0.0,-7.038938045501709,16.079792022705078,4.355053424835205,11.98913288116455,-0.2514683306217193,0.2294945375999759,0.4790558815002441,25.81697654724121
run_1776805147_3479c29e,1776806696.452335,11.0,300.0,36.0,-0.4790558815002441,0.0,-7.038938045501709,16.13404083251953,4.355053424835205,12.032673835754396,-0.2274808883666992,0.2294945375999759,0.4790558815002441,25.81697654724121
run_1776805147_3479c29e,1776806698.6657412,11.0,300.0,36.0,-0.4790558815002441,0.0,-7.038938045501709,16.185882568359375,4.355053424835205,12.061701774597168,-0.2057816386222839,0.2294945375999759,0.4790558815002441,25.81697654724121
run_1776805147_3479c29e,1776806700.8999662,11.0,300.0,36.0,-0.4790558815002441,0.0,-7.038938045501709,16.25963020324707,4.355053424835205,12.090728759765623,-0.1861522942781448,0.2294945375999759,0.4790558815002441,25.81697654724121
run_1776805147_3479c29e,1776806703.1428545,11.0,300.0,36.0,-0.4790558815002441,0.0,-7.038938045501709,16.306415557861328,4.355053424835205,12.119756698608398,-0.1601625084877014,0.2294945375999759,0.4790558815002441,25.81697654724121
run_1776805147_3479c29e,1776806705.365955,11.0,300.0,36.0,-0.4790558815002441,0.0,-7.038938045501709,16.351505279541016,4.355053424835205,12.163297653198242,-0.1448847204446792,0.2294945375999759,0.4790558815002441,25.81697654724121
run_1776805147_3479c29e,1776806707.5867317,11.0,300.0,36.0,-0.4349956512451172,0.0,-6.989370346069336,15.283759117126465,3.954505920410156,12.190458297729492,-0.8065655827522278,0.1892212166021636,0.4349956512451172,25.81697654724121
run_1776805147_3479c29e,1776806709.80794,11.0,300.0,36.0,-0.4349956512451172,0.0,-6.989370346069336,15.441696166992188,3.954505920410156,12.21681785583496,-0.729627788066864,0.1892212166021636,0.4349956512451172,25.81697654724121
run_1776805147_3479c29e,1776806712.0399284,11.0,300.0,36.0,-0.3909206390380859,0.0,-6.989370346069336,15.577947616577148,3.954505920410156,12.241578102111816,-0.6181362271308899,0.1528189460259454,0.3909206390380859,25.81697654724121
run_1776805147_3479c29e,1776806714.243973,11.0,300.0,36.0,-0.4349956512451172,0.0,-6.989370346069336,15.6632719039917,3.954505920410156,12.267938613891602,-0.5318347811698914,0.1892212166021636,0.4349956512451172,25.81697654724121
run_1776805147_3479c29e,1776806716.4549265,11.0,300.0,36.0,-0.4349956512451172,0.0,-6.989370346069336,15.742971420288086,3.954505920410156,12.30747890472412,-0.4811033606529236,0.1892212166021636,0.4349956512451172,25.81697654724121
run_1776805147_3479c29e,1776806718.6801918,11.0,300.0,36.0,-0.4349956512451172,0.0,-6.989370346069336,15.817583084106444,3.954505920410156,12.33383846282959,-0.4352112412452698,0.1892212166021636,0.4349956512451172,25.81697654724121
run_1776805147_3479c29e,1776806720.9052396,11.0,300.0,36.0,-0.4349956512451172,0.0,-6.989370346069336,15.921009063720703,3.954505920410156,12.360198974609377,-0.3936967253684997,0.1892212166021636,0.4349956512451172,25.81697654724121
run_1776805147_3479c29e,1776806723.1057425,11.0,300.0,36.0,-0.4349956512451172,0.0,-6.989370346069336,15.984922409057615,3.954505920410156,12.386558532714844,-0.3561421632766723,0.1892212166021636,0.4349956512451172,25.81697654724121
run_1776805147_3479c29e,1776806725.336929,11.0,300.0,36.0,-0.4349956512451172,0.0,-6.989370346069336,16.04525375366211,3.954505920410156,12.412919044494627,-0.3064191341400146,0.1892212166021636,0.4349956512451172,25.81697654724121
run_1776805147_3479c29e,1776806727.5553482,11.0,300.0,36.0,-0.4349956512451172,0.0,-6.989370346069336,16.102346420288086,3.954505920410156,12.452459335327148,-0.2771899700164795,0.1892212166021636,0.4349956512451172,25.81697654724121
run_1776805147_3479c29e,1776806729.7722907,11.0,300.0,36.0,-0.4349956512451172,0.0,-6.989370346069336,16.182575225830078,3.954505920410156,12.478819847106934,-0.2507489323616028,0.1892212166021636,0.4349956512451172,25.81697654724121
run_1776805147_3479c29e,1776806732.0026383,11.0,300.0,36.0,-0.4349956512451172,0.0,-6.989370346069336,16.232858657836914,3.954505920410156,12.505182266235352,-0.2268301248550415,0.1892212166021636,0.4349956512451172,25.81697654724121
run_1776805147_3479c29e,1776806734.222976,11.0,300.0,36.0,-0.4349956512451172,0.0,-6.989370346069336,16.28087043762207,3.954505920410156,12.5315580368042,-0.1951610893011093,0.1892212166021636,0.4349956512451172,25.81697654724121
run_1776805147_3479c29e,1776806736.4347503,11.0,300.0,36.0,-0.4349956512451172,0.0,-6.989370346069336,16.326818466186523,3.954505920410156,12.57004737854004,-0.8729042410850525,0.1892212166021636,0.4349956512451172,25.81697654724121
run_1776805147_3479c29e,1776806738.6810176,11.0,300.0,36.0,-0.3909206390380859,0.0,-6.939785957336426,15.305489540100098,3.553824186325073,12.593740463256836,-0.7896385192871094,0.1528189460259454,0.3909206390380859,25.81697654724121
run_1776805147_3479c29e,1776806740.8932135,11.0,300.0,36.0,-0.3909206390380859,0.0,-6.939785957336426,15.456941604614258,3.553824186325073,12.617433547973633,-0.7143152356147766,0.1528189460259454,0.3909206390380859,25.81697654724121
run_1776805147_3479c29e,1776806743.1179452,11.0,300.0,36.0,-0.3909206390380859,0.0,-6.939785957336426,15.548772811889648,3.553824186325073,12.641125679016112,-0.6461770534515381,0.1528189460259454,0.3909206390380859,25.81697654724121
run_1776805147_3479c29e,1776806745.3379977,11.0,300.0,36.0,-0.3909206390380859,0.0,-6.939785957336426,15.63410472869873,3.553824186325073,12.676665306091309,-0.5559607148170471,0.1528189460259454,0.3909206390380859,25.81697654724121
run_1776805147_3479c29e,1776806747.5655248,11.0,300.0,36.0,-0.3909206390380859,0.0,-6.939785957336426,15.713556289672852,3.553824186325073,12.700358390808104,-0.5029278993606567,0.1528189460259454,0.3909206390380859,25.81697654724121
run_1776805147_3479c29e,1776806749.784274,11.0,300.0,36.0,-0.3909206390380859,0.0,-6.939785957336426,15.822921752929688,3.553824186325073,12.724050521850586,-0.4549539089202881,0.1528189460259454,0.3909206390380859,25.81697654724121
run_1776805147_3479c29e,1776806752.0021582,11.0,300.0,36.0,-0.3909206390380859,0.0,-6.89018440246582,14.798198699951172,3.153003454208374,12.746402740478516,-1.101207971572876,0.1528189460259454,0.3909206390380859,25.81697654724121
run_1776805147_3479c29e,1776806754.242606,11.0,300.0,36.0,-0.3468303680419922,0.0,-6.89018440246582,14.88478660583496,3.153003454208374,12.769022941589355,-0.9865291118621826,0.1202913041961437,0.3468303680419922,25.81697654724121
run_1776805147_3479c29e,1776806756.4743786,11.0,300.0,36.0,-0.3909206390380859,0.0,-6.939785957336426,16.0965518951416,3.553824186325073,12.803220748901367,-0.2364897578954696,0.1528189460259454,0.3909206390380859,25.81697654724121
run_1776805147_3479c29e,1776806758.69708,11.0,300.0,36.0,-0.3909206390380859,0.0,-6.939785957336426,16.143962860107422,3.553824186325073,12.826913833618164,-0.2139311730861663,0.1528189460259454,0.3909206390380859,25.81697654724121
run_1776805147_3479c29e,1776806760.908169,11.0,300.0,36.0,-0.3909206390380859,0.0,-6.939785957336426,16.210906982421875,3.553824186325073,12.85060691833496,-0.1935243904590606,0.1528189460259454,0.3909206390380859,25.81697654724121
run_1776805147_3479c29e,1776806763.1158233,11.0,300.0,36.0,-0.3909206390380859,0.0,-6.939785957336426,16.25305938720703,3.553824186325073,12.87429904937744,-0.1750641912221908,0.1528189460259454,0.3909206390380859,25.81697654724121
run_1776805147_3479c29e,1776806765.336837,11.0,300.0,36.0,-0.3909206390380859,0.0,-6.939785957336426,16.2934513092041,3.553824186325073,12.897992134094238,-0.1506224572658538,0.1528189460259454,0.3909206390380859,25.81697654724121
run_1776805147_3479c29e,1776806767.5562162,11.0,300.0,36.0,-0.3909206390380859,0.0,-6.939785957336426,16.332250595092773,3.553824186325073,12.933531761169434,-0.13625468313694,0.1528189460259454,0.3909206390380859,25.81697654724121
run_1776805147_3479c29e,1776806769.7784524,11.0,300.0,36.0,-0.3909206390380859,0.0,-6.939785957336426,16.38779067993164,3.553824186325073,12.957223892211914,-0.1232574209570884,0.1528189460259454,0.3909206390380859,25.81697654724121
run_1776805147_3479c29e,1776806771.992066,11.0,300.0,36.0,-0.3909206390380859,0.0,-6.939785957336426,16.423242568969727,3.553824186325073,12.980916976928713,-0.111499972641468,0.1528189460259454,0.3909206390380859,25.81697654724121
run_1776805147_3479c29e,1776806774.2173393,11.0,300.0,36.0,-0.3909206390380859,0.0,-6.939785957336426,16.457569122314453,3.553824186325073,13.004610061645508,-0.0959328114986419,0.1528189460259454,0.3909206390380859,25.81697654724121
run_1776805147_3479c29e,1776806776.451684,11.0,300.0,36.0,-0.3909206390380859,0.0,-6.939785957336426,16.49088478088379,3.553824186325073,13.040149688720703,-0.0867818370461463,0.1528189460259454,0.3909206390380859,25.81697654724121
run_1776805147_3479c29e,1776806778.6768255,11.0,300.0,36.0,-0.3909206390380859,0.0,-6.939785957336426,16.52328109741211,3.553824186325073,13.063841819763184,-0.0785037726163864,0.1528189460259454,0.3909206390380859,25.81697654724121
run_1776805147_3479c29e,1776806780.9088037,11.0,300.0,36.0,-0.3909206390380859,0.0,-6.939785957336426,16.570343017578125,3.553824186325073,13.08753490447998,-0.0710153430700302,0.1528189460259454,0.3909206390380859,25.81697654724121
run_1776805147_3479c29e,1776806783.145629,11.0,300.0,36.0,-0.3909206390380859,0.0,-6.939785957336426,16.60080909729004,3.553824186325073,13.111227989196776,-0.0611004903912544,0.1528189460259454,0.3909206390380859,25.81697654724121
run_1776805147_3479c29e,1776806785.3624723,11.0,300.0,36.0,-0.3909206390380859,0.0,-6.939785957336426,16.630632400512695,3.553824186325073,13.146498680114746,-0.7731413245201111,0.1528189460259454,0.3909206390380859,25.81697654724121
run_1776805147_3479c29e,1776806787.5830176,11.0,300.0,36.0,-0.3468303680419922,0.0,-6.89018440246582,15.574665069580078,3.153003454208374,13.167509078979492,-0.6993916630744934,0.1202913041961437,0.3468303680419922,25.81697654724121
run_1776805147_3479c29e,1776806789.8001566,11.0,300.0,36.0,-0.3468303680419922,0.0,-6.89018440246582,15.708847045898438,3.153003454208374,13.188520431518556,-0.6326770186424255,0.1202913041961437,0.3468303680419922,25.81697654724121
run_1776805147_3479c29e,1776806792.0233116,11.0,300.0,36.0,-0.3468303680419922,0.0,-6.89018440246582,15.790207862854004,3.153003454208374,13.2095308303833,-0.5723263025283813,0.1202913041961437,0.3468303680419922,25.81697654724121
run_1776805147_3479c29e,1776806794.251486,11.0,300.0,36.0,-0.3468303680419922,0.0,-6.89018440246582,15.86581325531006,3.153003454208374,13.230541229248049,-0.4924206137657165,0.1202913041961437,0.3468303680419922,25.81697654724121
run_1776805147_3479c29e,1776806796.4807591,11.0,300.0,36.0,-0.3468303680419922,0.0,-6.89018440246582,15.936209678649902,3.153003454208374,13.262057304382324,-0.4454486966133117,0.1202913041961437,0.3468303680419922,25.81697654724121
run_1776805147_3479c29e,1776806798.699718,11.0,300.0,36.0,-0.3468303680419922,0.0,-6.89018440246582,16.001895904541016,3.153003454208374,13.28306770324707,-0.4029576778411865,0.1202913041961437,0.3468303680419922,25.81697654724121
run_1776805147_3479c29e,1776806800.9203856,11.0,300.0,36.0,-0.3468303680419922,0.0,-6.89018440246582,16.09256362915039,3.153003454208374,13.304079055786133,-0.3645197749137878,0.1202913041961437,0.3468303680419922,25.81697654724121
run_1776805147_3479c29e,1776806803.141925,11.0,300.0,36.0,-0.3468303680419922,0.0,-6.89018440246582,16.148345947265625,3.153003454208374,13.32508945465088,-0.3297484219074249,0.1202913041961437,0.3468303680419922,25.81697654724121
run_1776805147_3479c29e,1776806805.3510916,11.0,300.0,36.0,-0.3468303680419922,0.0,-6.89018440246582,16.200809478759766,3.153003454208374,13.356605529785156,-0.2837103605270386,0.1202913041961437,0.3468303680419922,25.81697654724121
run_1776805147_3479c29e,1776806807.586219,11.0,300.0,36.0,-0.3468303680419922,0.0,-6.89018440246582,16.250274658203125,3.153003454208374,13.377615928649902,-0.2566474378108978,0.1202913041961437,0.3468303680419922,25.81697654724121
run_1776805147_3479c29e,1776806809.801902,11.0,300.0,36.0,-0.3468303680419922,0.0,-6.89018440246582,16.3194637298584,3.153003454208374,13.398626327514648,-0.2321659624576568,0.1202913041961437,0.3468303680419922,25.81697654724121
run_1776805147_3479c29e,1776806812.023699,11.0,300.0,36.0,-0.3468303680419922,0.0,-6.89018440246582,16.362621307373047,3.153003454208374,13.419636726379396,-0.2100197821855545,0.1202913041961437,0.3468303680419922,25.81697654724121
run_1776805147_3479c29e,1776806814.2460742,11.0,300.0,36.0,-0.3027677536010742,0.0,-6.84061336517334,15.285411834716797,2.752434253692627,13.44038200378418,-0.8630421161651611,0.0916683126206407,0.3027677536010742,25.81697654724121
run_1776805147_3479c29e,1776806816.4779456,11.0,300.0,36.0,-0.3468303680419922,0.0,-6.89018440246582,16.481441497802734,3.153003454208374,13.470572471618652,-0.1251934617757797,0.1202913041961437,0.3468303680419922,25.81697654724121
run_1776805147_3479c29e,1776806818.6990578,11.0,300.0,36.0,-0.3468303680419922,0.0,-6.89018440246582,16.5150089263916,3.153003454208374,13.491582870483398,-0.1132513284683227,0.1202913041961437,0.3468303680419922,25.81697654724121
run_1776805147_3479c29e,1776806820.9130304,11.0,300.0,36.0,-0.2586903572082519,0.0,-6.791026592254639,15.557014465332031,2.752434253692627,13.507795333862305,-0.7032144069671631,0.066920700912533,0.2586903572082519,25.81697654724121
run_1776805147_3479c29e,1776806823.1474771,11.0,300.0,36.0,-0.3027677536010742,0.0,-6.84061336517334,15.642452239990234,2.752434253692627,13.526153564453123,0.0841846987605094,0.0916683126206407,0.3027677536010742,25.81697654724121
run_1776805147_3479c29e,1776806825.3699987,11.0,300.0,36.0,-0.3027677536010742,0.0,-6.84061336517334,15.66887378692627,2.752434253692627,13.55581283569336,-0.5993836522102356,0.0916683126206407,0.3027677536010742,25.81697654724121
run_1776805147_3479c29e,1776806827.5901763,11.0,300.0,36.0,-0.3027677536010742,0.0,-6.84061336517334,15.74734592437744,3.153003454208374,13.5754976272583,0.1470105648040771,0.0916683126206407,0.3027677536010742,25.81697654724121
