run_id,timestamp,kp,ki,kd,temp,temp_ref,temp_raw,temp_u,temp_u_p,temp_u_i,temp_u_d,sq_error,mae,start_temp
run_1778788589_14470cde,1778789070.618203,7.0,966.0,1.0,27.284839630126953,0.0,24.195446014404297,-100.0,-100.0,0.0,0.023644505068659782,744.4624736417463,27.284839630126953,27.284839630126953
run_1778788589_14470cde,1778789072.2125993,7.0,966.0,1.0,27.240333557128906,0.0,24.145374298095703,-100.0,-100.0,0.0,0.05087650939822197,742.0357723036432,27.240333557128906,27.284839630126953
run_1778788589_14470cde,1778789074.2223506,7.0,966.0,1.0,27.240333557128906,0.0,24.145374298095703,-100.0,-100.0,0.0,0.04602343216538429,742.0357723036432,27.240333557128906,27.284839630126953
run_1778788589_14470cde,1778789076.2249339,7.0,966.0,1.0,27.240333557128906,0.0,24.145374298095703,-100.0,-100.0,0.0,0.04163328930735588,742.0357723036432,27.240333557128906,27.284839630126953
run_1778788589_14470cde,1778789078.2141135,7.0,966.0,1.0,27.240333557128906,0.0,24.145374298095703,-100.0,-100.0,0.0,0.037661921232938766,742.0357723036432,27.240333557128906,27.284839630126953
run_1778788589_14470cde,1778789080.2221904,7.0,966.0,1.0,27.195850372314453,0.0,24.095333099365234,-100.0,-100.0,0.0,0.06354165077209473,739.6142774733162,27.195850372314453,27.284839630126953
run_1778788589_14470cde,1778789082.2126658,7.0,966.0,1.0,27.151344299316406,0.0,24.045263290405273,-100.0,-100.0,0.0,0.08817436546087265,737.1954972600215,27.151344299316406,27.284839630126953
run_1778788589_14470cde,1778789084.2219768,7.0,966.0,1.0,27.151344299316406,0.0,24.045263290405273,-100.0,-100.0,0.0,0.07976344227790833,737.1954972600215,27.151344299316406,27.284839630126953
run_1778788589_14470cde,1778789086.2137215,7.0,966.0,1.0,27.10686492919922,0.0,23.995223999023438,-100.0,-100.0,0.0,0.10283036530017853,734.7821262898506,27.10686492919922,27.284839630126953
run_1778788589_14470cde,1778789088.263939,7.0,966.0,1.0,27.10686492919922,0.0,23.995223999023438,-100.0,-100.0,0.0,0.0930214449763298,734.7821262898506,27.10686492919922,27.284839630126953
run_1778788589_14470cde,1778789090.2251816,7.0,966.0,1.0,27.06238555908203,0.0,23.94518280029297,-100.0,-100.0,0.0,0.11303292959928513,732.3727121484117,27.06238555908203,27.284839630126953
run_1778788589_14470cde,1778789092.2232149,7.0,966.0,1.0,27.06238555908203,0.0,23.94518280029297,-100.0,-100.0,0.0,0.10225081443786621,732.3727121484117,27.06238555908203,27.284839630126953
run_1778788589_14470cde,1778789094.2460759,7.0,966.0,1.0,27.017908096313477,0.0,23.8951473236084,-100.0,-100.0,0.0,0.12138069421052933,729.9673579008413,27.017908096313477,27.284839630126953
run_1778788589_14470cde,1778789096.2424097,7.0,966.0,1.0,26.97340202331543,0.0,23.845077514648438,-100.0,-100.0,0.0,0.13928966224193573,727.5644167113969,26.97340202331543,27.284839630126953
run_1778788589_14470cde,1778789098.2254715,7.0,966.0,1.0,26.928926467895508,0.0,23.795042037963867,-100.0,-100.0,0.0,0.156675785779953,725.1670807133232,26.928926467895508,27.284839630126953
run_1778788589_14470cde,1778789100.2184622,7.0,966.0,1.0,26.928926467895508,0.0,23.795042037963867,-100.0,-100.0,0.0,0.14173059165477753,725.1670807133232,26.928926467895508,27.284839630126953
run_1778788589_14470cde,1778789102.2136996,7.0,966.0,1.0,26.884422302246094,0.0,23.74497413635254,-100.0,-100.0,0.0,0.15890361368656158,722.7721625255072,26.884422302246094,27.284839630126953
run_1778788589_14470cde,1778789104.2218127,7.0,966.0,1.0,26.884422302246094,0.0,23.74497413635254,-100.0,-100.0,0.0,0.14374588429927826,722.7721625255072,26.884422302246094,27.284839630126953
run_1778788589_14470cde,1778789106.2139063,7.0,966.0,1.0,26.839948654174805,0.0,23.694942474365234,-100.0,-100.0,0.0,0.15891510248184204,720.3828437587399,26.839948654174805,27.284839630126953
run_1778788589_14470cde,1778789108.2678401,7.0,966.0,1.0,26.79547119140625,0.0,23.64490509033203,-100.0,-100.0,0.0,0.1738215982913971,717.9972763694823,26.79547119140625,27.284839630126953
run_1778788589_14470cde,1778789110.2294478,7.0,966.0,1.0,26.79547119140625,0.0,23.64490509033203,-100.0,-100.0,0.0,0.1572408378124237,717.9972763694823,26.79547119140625,27.284839630126953
run_1778788589_14470cde,1778789112.223173,7.0,966.0,1.0,26.75096893310547,0.0,23.594839096069336,-100.0,-100.0,0.0,0.17232376337051392,715.6143388599739,26.75096893310547,27.284839630126953
run_1778788589_14470cde,1778789114.226763,7.0,966.0,1.0,26.70649528503418,0.0,23.54480743408203,-100.0,-100.0,0.0,0.18655747175216675,713.2368904095529,26.70649528503418,27.284839630126953
run_1778788589_14470cde,1778789116.216624,7.0,966.0,1.0,26.70649528503418,0.0,23.54480743408203,-100.0,-100.0,0.0,0.16876183450222015,713.2368904095529,26.70649528503418,27.284839630126953
run_1778788589_14470cde,1778789118.2225654,7.0,966.0,1.0,26.66199493408203,0.0,23.49474334716797,-100.0,-100.0,0.0,0.181562140583992,710.8619738650159,26.66199493408203,27.284839630126953
run_1778788589_14470cde,1778789120.2156267,7.0,966.0,1.0,26.66199493408203,0.0,23.49474334716797,-100.0,-100.0,0.0,0.16424305737018585,710.8619738650159,26.66199493408203,27.284839630126953
run_1778788589_14470cde,1778789122.239595,7.0,966.0,1.0,26.617523193359375,0.0,23.444713592529297,-100.0,-100.0,0.0,0.17745578289031982,708.4925409490243,26.617523193359375,27.284839630126953
run_1778788589_14470cde,1778789124.244798,7.0,966.0,1.0,26.617523193359375,0.0,23.444713592529297,-100.0,-100.0,0.0,0.16052836179733276,708.4925409490243,26.617523193359375,27.284839630126953
run_1778788589_14470cde,1778789126.2245998,7.0,966.0,1.0,26.57305145263672,0.0,23.394681930541992,-100.0,-100.0,0.0,0.1740954965353012,706.1270635044784,26.57305145263672,27.284839630126953
run_1778788589_14470cde,1778789128.2143497,7.0,966.0,1.0,26.57305145263672,0.0,23.394681930541992,-100.0,-100.0,0.0,0.1574886441230774,706.1270635044784,26.57305145263672,27.284839630126953
run_1778788589_14470cde,1778789130.2257657,7.0,966.0,1.0,26.528583526611328,0.0,23.344655990600586,-100.0,-100.0,0.0,0.17134320735931396,703.7657439283939,26.528583526611328,27.284839630126953
run_1778788589_14470cde,1778789132.215741,7.0,966.0,1.0,26.48408317565918,0.0,23.294593811035156,-100.0,-100.0,0.0,0.1850796639919281,701.4066616552336,26.48408317565918,27.284839630126953
run_1778788589_14470cde,1778789134.2264943,7.0,966.0,1.0,26.48408317565918,0.0,23.294593811035156,-100.0,-100.0,0.0,0.1674250364303589,701.4066616552336,26.48408317565918,27.284839630126953
run_1778788589_14470cde,1778789136.21799,7.0,966.0,1.0,26.48408317565918,0.0,23.294593811035156,-100.0,-100.0,0.0,0.15145444869995117,701.4066616552336,26.48408317565918,27.284839630126953
run_1778788589_14470cde,1778789138.2217824,7.0,966.0,1.0,26.439584732055664,0.0,23.24453353881836,-100.0,-100.0,0.0,0.1659044474363327,699.051640803551,26.439584732055664,27.284839630126953
run_1778788589_14470cde,1778789140.2234838,7.0,966.0,1.0,26.395118713378906,0.0,23.194509506225586,-100.0,-100.0,0.0,0.18013648688793182,696.7022918933653,26.395118713378906,27.284839630126953
run_1778788589_14470cde,1778789142.2466557,7.0,966.0,1.0,26.395118713378906,0.0,23.194509506225586,-100.0,-100.0,0.0,0.16295336186885834,696.7022918933653,26.395118713378906,27.284839630126953
run_1778788589_14470cde,1778789144.2239227,7.0,966.0,1.0,26.350648880004883,0.0,23.144479751586914,-100.0,-100.0,0.0,0.17746944725513458,694.3566963973026,26.350648880004883,27.284839630126953
run_1778788589_14470cde,1778789146.218691,7.0,966.0,1.0,26.350648880004883,0.0,23.144479751586914,-100.0,-100.0,0.0,0.16054075956344604,694.3566963973026,26.350648880004883,27.284839630126953
run_1778788589_14470cde,1778789148.2260597,7.0,966.0,1.0,26.306182861328125,0.0,23.09445571899414,-100.0,-100.0,0.0,0.17528438568115234,692.0152567336336,26.306182861328125,27.284839630126953
run_1778788589_14470cde,1778789150.2206378,7.0,966.0,1.0,26.261714935302734,0.0,23.044429779052734,-100.0,-100.0,0.0,0.18985284864902496,689.6776713431027,26.261714935302734,27.284839630126953
run_1778788589_14470cde,1778789152.2257288,7.0,966.0,1.0,26.261714935302734,0.0,23.044429779052734,-100.0,-100.0,0.0,0.17174288630485535,689.6776713431027,26.261714935302734,27.284839630126953
run_1778788589_14470cde,1778789154.2185605,7.0,966.0,1.0,26.261714935302734,0.0,23.044429779052734,-100.0,-100.0,0.0,0.15536046028137207,689.6776713431027,26.261714935302734,27.284839630126953
run_1778788589_14470cde,1778789156.2413955,7.0,966.0,1.0,26.21722412109375,0.0,22.99437713623047,-100.0,-100.0,0.0,0.17061497271060944,687.34284061566,26.21722412109375,27.284839630126953
run_1778788589_14470cde,1778789158.2172325,7.0,966.0,1.0,26.21722412109375,0.0,22.99437713623047,-100.0,-100.0,0.0,0.15434013307094574,687.34284061566,26.21722412109375,27.284839630126953
run_1778788589_14470cde,1778789160.2317672,7.0,966.0,1.0,26.1727294921875,0.0,22.944320678710938,-100.0,-100.0,0.0,0.16969463229179382,685.0117690712214,26.1727294921875,27.284839630126953
run_1778788589_14470cde,1778789162.2239087,7.0,966.0,1.0,26.1727294921875,0.0,22.944320678710938,-100.0,-100.0,0.0,0.1535075306892395,685.0117690712214,26.1727294921875,27.284839630126953
run_1778788589_14470cde,1778789164.2429748,7.0,966.0,1.0,26.128292083740234,0.0,22.894329071044922,-100.0,-100.0,0.0,0.16890273988246918,682.6876472132426,26.128292083740234,27.284839630126953
run_1778788589_14470cde,1778789166.237325,7.0,966.0,1.0,26.128292083740234,0.0,22.894329071044922,-100.0,-100.0,0.0,0.15279121696949005,682.6876472132426,26.128292083740234,27.284839630126953
run_1778788589_14470cde,1778789168.2239537,7.0,966.0,1.0,26.083799362182617,0.0,22.844274520874023,-100.0,-100.0,0.0,0.16829219460487366,680.3645891665983,26.083799362182617,27.284839630126953
run_1778788589_14470cde,1778789170.2476847,7.0,966.0,1.0,26.083799362182617,0.0,22.844274520874023,-100.0,-100.0,0.0,0.1522388905286789,680.3645891665983,26.083799362182617,27.284839630126953
run_1778788589_14470cde,1778789172.2281754,7.0,966.0,1.0,26.039339065551758,0.0,22.79425621032715,-100.0,-100.0,0.0,0.1677706092596054,678.0471789707699,26.039339065551758,27.284839630126953
run_1778788589_14470cde,1778789174.2227364,7.0,966.0,1.0,26.039339065551758,0.0,22.79425621032715,-100.0,-100.0,0.0,0.1517670601606369,678.0471789707699,26.039339065551758,27.284839630126953
run_1778788589_14470cde,1778789176.2302134,7.0,966.0,1.0,26.039339065551758,0.0,22.79425621032715,-100.0,-100.0,0.0,0.13729006052017212,678.0471789707699,26.039339065551758,27.284839630126953
run_1778788589_14470cde,1778789178.221821,7.0,966.0,1.0,25.994848251342773,0.0,22.744203567504883,-100.0,-100.0,0.0,0.15367135405540466,675.7321356103384,25.994848251342773,27.284839630126953
run_1778788589_14470cde,1778789180.2214735,7.0,966.0,1.0,25.950355529785156,0.0,22.694150924682617,-100.0,-100.0,0.0,0.16908834874629974,673.420952122251,25.950355529785156,27.284839630126953
run_1778788589_14470cde,1778789182.2282696,7.0,966.0,1.0,25.950355529785156,0.0,22.694150924682617,-100.0,-100.0,0.0,0.15295907855033875,673.420952122251,25.950355529785156,27.284839630126953
run_1778788589_14470cde,1778789184.2216256,7.0,966.0,1.0,25.950355529785156,0.0,22.694150924682617,-100.0,-100.0,0.0,0.1383684128522873,673.420952122251,25.950355529785156,27.284839630126953
run_1778788589_14470cde,1778789186.2218277,7.0,966.0,1.0,25.905921936035156,0.0,22.644163131713867,-100.0,-100.0,0.0,0.15460893511772156,671.1167913559475,25.905921936035156,27.284839630126953
run_1778788589_14470cde,1778789188.2236817,7.0,966.0,1.0,25.861433029174805,0.0,22.594112396240234,-100.0,-100.0,0.0,0.17054298520088196,668.8137183224935,25.861433029174805,27.284839630126953
run_1778788589_14470cde,1778789190.7614307,7.0,966.0,1.0,25.861433029174805,0.0,22.594112396240234,-100.0,-100.0,0.0,0.15427494049072266,668.8137183224935,25.861433029174805,27.284839630126953
run_1778788589_14470cde,1778789193.6681395,7.0,966.0,1.0,25.77248764038086,0.0,22.494049072265625,-100.0,-100.0,0.0,0.19288776814937592,664.2211191735842,25.77248764038086,27.284839630126953
run_1778788589_14470cde,1778789195.244326,7.0,966.0,1.0,25.77248764038086,0.0,22.494049072265625,-100.0,-100.0,0.0,0.17448832094669342,664.2211191735842,25.77248764038086,27.284839630126953
run_1778788589_14470cde,1778789197.221778,7.0,966.0,1.0,25.728031158447266,0.0,22.444034576416016,-100.0,-100.0,0.0,0.18700478971004486,661.9315872900333,25.728031158447266,27.284839630126953
run_1778788589_14470cde,1778789199.2298837,7.0,966.0,1.0,25.683574676513672,0.0,22.39402198791504,-100.0,-100.0,0.0,0.19891786575317383,659.6460081640544,25.683574676513672,27.284839630126953
run_1778788589_14470cde,1778789201.2215598,7.0,966.0,1.0,25.63908576965332,0.0,22.343971252441406,-100.0,-100.0,0.0,0.20912522077560425,657.3627191036394,25.63908576965332,27.284839630126953
run_1778788589_14470cde,1778789203.224311,7.0,966.0,1.0,25.59463119506836,0.0,22.293960571289062,-100.0,-100.0,0.0,0.21892698109149933,655.0851460115664,25.59463119506836,27.284839630126953
run_1778788589_14470cde,1778789205.226152,7.0,966.0,1.0,25.505664825439453,0.0,22.193872451782227,-100.0,-100.0,0.0,0.2582104504108429,650.5389381876594,25.505664825439453,27.284839630126953
run_1778788589_14470cde,1778789207.2262914,7.0,966.0,1.0,25.461238861083984,0.0,22.143892288208008,-100.0,-100.0,0.0,0.26331081986427307,648.2746843411733,25.461238861083984,27.284839630126953
run_1778788589_14470cde,1778789209.230894,7.0,966.0,1.0,25.372303009033203,0.0,22.043842315673828,-100.0,-100.0,0.0,0.29833924770355225,643.7537599821953,25.372303009033203,27.284839630126953
run_1778788589_14470cde,1778789211.234831,7.0,966.0,1.0,25.32785415649414,0.0,21.99383544921875,-100.0,-100.0,0.0,0.2996271848678589,641.5001961726375,25.32785415649414,27.284839630126953
run_1778788589_14470cde,1778789213.2429464,7.0,966.0,1.0,25.238922119140625,0.0,21.893787384033203,-100.0,-100.0,0.0,0.33118748664855957,637.0031897360459,25.238922119140625,27.284839630126953
run_1778788589_14470cde,1778789215.2210515,7.0,966.0,1.0,25.194469451904297,0.0,21.843778610229492,-100.0,-100.0,0.0,0.3299470543861389,634.7612909629388,25.194469451904297,27.284839630126953
run_1778788589_14470cde,1778789217.2360563,7.0,966.0,1.0,25.105575561523438,0.0,21.743772506713867,-100.0,-100.0,0.0,0.3585900366306305,630.2899242753629,25.105575561523438,27.284839630126953
run_1778788589_14470cde,1778789219.2284925,7.0,966.0,1.0,25.061067581176758,0.0,21.693700790405273,-100.0,-100.0,0.0,0.3547734022140503,628.0571083083087,25.061067581176758,27.284839630126953
run_1778788589_14470cde,1778789221.2322757,7.0,966.0,1.0,24.972171783447266,0.0,21.59369468688965,-100.0,-100.0,0.0,0.3810485005378723,623.6093635819998,24.972171783447266,27.284839630126953
run_1778788589_14470cde,1778789223.2203302,7.0,966.0,1.0,24.883251190185547,0.0,21.4936580657959,-100.0,-100.0,0.0,0.405413419008255,619.1761897938704,24.883251190185547,27.284839630126953
run_1778788589_14470cde,1778789225.248114,7.0,966.0,1.0,24.794336318969727,0.0,21.39362907409668,-100.0,-100.0,0.0,0.4268726408481598,614.7591134981813,24.794336318969727,27.284839630126953
run_1778788589_14470cde,1778789227.2260458,7.0,966.0,1.0,24.705448150634766,0.0,21.293630599975586,-100.0,-100.0,0.0,0.44684433937072754,610.3591683237028,24.705448150634766,27.284839630126953
run_1778788589_14470cde,1778789229.225226,7.0,966.0,1.0,24.616539001464844,0.0,21.193607330322266,-100.0,-100.0,0.0,0.46434757113456726,605.9739924106398,24.616539001464844,27.284839630126953
run_1778788589_14470cde,1778789231.218581,7.0,966.0,1.0,24.527645111083984,0.0,21.093599319458008,-100.0,-100.0,0.0,0.4807485342025757,601.6053746952821,24.527645111083984,27.284839630126953
run_1778788589_14470cde,1778789233.2300997,7.0,966.0,1.0,24.394285202026367,0.0,20.943571090698242,-100.0,-100.0,0.0,0.5259811282157898,595.0811505178026,24.394285202026367,27.284839630126953
run_1778788589_14470cde,1778789235.22193,7.0,966.0,1.0,24.34983253479004,0.0,20.89356231689453,-100.0,-100.0,0.0,0.5061593651771545,592.9143444723195,24.34983253479004,27.284839630126953
run_1778788589_14470cde,1778789237.225547,7.0,966.0,1.0,24.216514587402344,0.0,20.74357795715332,-100.0,-100.0,0.0,0.547133207321167,586.4395787618705,24.216514587402344,27.284839630126953
run_1778788589_14470cde,1778789239.2324665,7.0,966.0,1.0,24.127613067626953,0.0,20.643566131591797,-100.0,-100.0,0.0,0.5556424856185913,582.1417123411229,24.127613067626953,27.284839630126953
run_1778788589_14470cde,1778789241.2247934,7.0,966.0,1.0,23.994287490844727,0.0,20.493574142456055,-100.0,-100.0,0.0,0.592528223991394,575.7258321933077,23.994287490844727,27.284839630126953
run_1778788589_14470cde,1778789243.2179487,7.0,966.0,1.0,23.905399322509766,0.0,20.393573760986328,-100.0,-100.0,0.0,0.5966981649398804,571.4681167686504,23.905399322509766,27.284839630126953
run_1778788589_14470cde,1778789245.2252886,7.0,966.0,1.0,23.772083282470703,0.0,20.243593215942383,-100.0,-100.0,0.0,0.6320945620536804,565.1119435887231,23.772083282470703,27.284839630126953
run_1778788589_14470cde,1778789247.2307928,7.0,966.0,1.0,23.683202743530273,0.0,20.14360237121582,-100.0,-100.0,0.0,0.6324852108955383,560.8940921911599,23.683202743530273,27.284839630126953
run_1778788589_14470cde,1778789249.2344053,7.0,966.0,1.0,23.549909591674805,0.0,19.993648529052734,-100.0,-100.0,0.0,0.6620184183120728,554.598241776057,23.549909591674805,27.284839630126953
run_1778788589_14470cde,1778789251.224808,7.0,966.0,1.0,23.46104621887207,0.0,19.8936767578125,-100.0,-100.0,0.0,0.6595425009727478,550.4206896840515,23.46104621887207,27.284839630126953
run_1778788589_14470cde,1778789253.226519,7.0,966.0,1.0,23.327735900878906,0.0,19.743703842163086,-100.0,-100.0,0.0,0.6865072250366211,544.1832622611546,23.327735900878906,27.284839630126953
run_1778788589_14470cde,1778789255.2513962,7.0,966.0,1.0,23.23885154724121,0.0,19.643707275390625,-100.0,-100.0,0.0,0.6817101240158081,540.0442212347152,23.23885154724121,27.284839630126953
run_1778788589_14470cde,1778789257.228056,7.0,966.0,1.0,23.061176300048828,0.0,19.443824768066406,-100.0,-100.0,0.0,0.7380915880203247,531.8178523419338,23.061176300048828,27.284839630126953
run_1778788589_14470cde,1778789259.2317731,7.0,966.0,1.0,22.97231674194336,0.0,19.343856811523438,-100.0,-100.0,0.0,0.7283567190170288,527.7273364921712,22.97231674194336,27.284839630126953
run_1778788589_14470cde,1778789261.2346697,7.0,966.0,1.0,22.794599533081055,0.0,19.143924713134766,-100.0,-100.0,0.0,0.7803189158439636,519.593767873539,22.794599533081055,27.284839630126953
run_1778788589_14470cde,1778789263.2309172,7.0,966.0,1.0,22.750158309936523,0.0,19.09392738342285,-100.0,-100.0,0.0,0.7362281680107117,517.5697031271739,22.750158309936523,27.284839630126953
run_1778788589_14470cde,1778789265.225422,7.0,966.0,1.0,22.528078079223633,0.0,18.844087600708008,-100.0,-100.0,0.0,0.816537618637085,507.51430194359637,22.528078079223633,27.284839630126953
run_1778788589_14470cde,1778789267.230909,7.0,966.0,1.0,22.48368263244629,0.0,18.794143676757812,-100.0,-100.0,0.0,0.7689608931541443,505.5159847165669,22.48368263244629,27.284839630126953
run_1778788589_14470cde,1778789269.2248847,7.0,966.0,1.0,22.305980682373047,0.0,18.594228744506836,-100.0,-100.0,0.0,0.8182193040847778,497.55677420239954,22.305980682373047,27.284839630126953
run_1778788589_14470cde,1778789271.2280605,7.0,966.0,1.0,22.217159271240234,0.0,18.49430274963379,-100.0,-100.0,0.0,0.800815224647522,493.6021660836559,22.217159271240234,27.284839630126953
run_1778788589_14470cde,1778789273.2199123,7.0,966.0,1.0,22.03950309753418,0.0,18.29444122314453,-100.0,-100.0,0.0,0.8470033407211304,485.7396967862187,22.03950309753418,27.284839630126953
run_1778788589_14470cde,1778789275.2741804,7.0,966.0,1.0,21.950687408447266,0.0,18.194522857666016,-100.0,-100.0,0.0,0.8268495798110962,481.83267770336533,21.950687408447266,27.284839630126953
run_1778788589_14470cde,1778789277.2344153,7.0,966.0,1.0,21.7286376953125,0.0,17.944717407226562,-100.0,-100.0,0.0,0.902104377746582,472.1336960941553,21.7286376953125,27.284839630126953
run_1778788589_14470cde,1778789279.2223744,7.0,966.0,1.0,21.639829635620117,0.0,17.84480857849121,-100.0,-100.0,0.0,0.8766892552375793,468.2822266586627,21.639829635620117,27.284839630126953
run_1778788589_14470cde,1778789281.2306664,7.0,966.0,1.0,21.46221160888672,0.0,17.644987106323242,-100.0,-100.0,0.0,0.9156134128570557,460.62652714463184,21.46221160888672,27.284839630126953
run_1778788589_14470cde,1778789283.2309508,7.0,966.0,1.0,21.373382568359375,0.0,17.545055389404297,-100.0,-100.0,0.0,0.8889241218566895,456.8214824134484,21.373382568359375,27.284839630126953
run_1778788589_14470cde,1778789285.2233608,7.0,966.0,1.0,21.195819854736328,0.0,17.345298767089844,-100.0,-100.0,0.0,0.9266424179077148,449.26277931443474,21.195819854736328,27.284839630126953
run_1778788589_14470cde,1778789287.2584739,7.0,966.0,1.0,21.107013702392578,0.0,17.245391845703125,-100.0,-100.0,0.0,0.898885190486908,445.50602743298805,21.107013702392578,27.284839630126953
run_1778788589_14470cde,1778789289.2333229,7.0,966.0,1.0,20.885013580322266,0.0,16.995641708374023,-100.0,-100.0,0.0,0.9653925895690918,436.18379225024546,20.885013580322266,27.284839630126953
run_1778788589_14470cde,1778789291.2245874,7.0,966.0,1.0,20.796220779418945,0.0,16.895748138427734,-100.0,-100.0,0.0,0.933929979801178,432.4827987063363,20.796220779418945,27.284839630126953
run_1778788589_14470cde,1778789293.2305477,7.0,966.0,1.0,20.618696212768555,0.0,16.696033477783203,-100.0,-100.0,0.0,0.9673287868499756,425.13063351443634,20.618696212768555,27.284839630126953
run_1778788589_14470cde,1778789295.2361636,7.0,966.0,1.0,20.529909133911133,0.0,16.596147537231445,-100.0,-100.0,0.0,0.9369055032730103,421.47716904664776,20.529909133911133,27.284839630126953
run_1778788589_14470cde,1778789297.2407398,7.0,966.0,1.0,20.307950973510742,0.0,16.346445083618164,-100.0,-100.0,0.0,0.9997571706771851,412.4128727425159,20.307950973510742,27.284839630126953
run_1778788589_14470cde,1778789299.2311907,7.0,966.0,1.0,20.219173431396484,0.0,16.246570587158203,-100.0,-100.0,0.0,0.9662337303161621,408.8149742488895,20.219173431396484,27.284839630126953
run_1778788589_14470cde,1778789301.2385268,7.0,966.0,1.0,20.04165267944336,0.0,16.046859741210938,-100.0,-100.0,0.0,0.9965490698814392,401.6678421234392,20.04165267944336,27.284839630126953
run_1778788589_14470cde,1778789303.2290425,7.0,966.0,1.0,19.952898025512695,0.0,15.947010040283203,-100.0,-100.0,0.0,0.9633158445358276,398.1181396165084,19.952898025512695,27.284839630126953
run_1778788589_14470cde,1778789305.2468204,7.0,966.0,1.0,19.730985641479492,0.0,15.697358131408691,-100.0,-100.0,0.0,1.0254589319229126,389.3117943842699,19.730985641479492,27.284839630126953
run_1778788589_14470cde,1778789307.2278702,7.0,966.0,1.0,19.64223861694336,0.0,15.597518920898438,-100.0,-100.0,0.0,0.9894627332687378,385.817537884941,19.64223861694336,27.284839630126953
run_1778788589_14470cde,1778789309.229236,7.0,966.0,1.0,19.46475601196289,0.0,15.397850036621094,-100.0,-100.0,0.0,1.017535924911499,378.8767266052455,19.46475601196289,27.284839630126953
run_1778788589_14470cde,1778789311.2334418,7.0,966.0,1.0,19.37600326538086,0.0,15.298004150390625,-100.0,-100.0,0.0,0.9822994470596313,375.4295025400497,19.37600326538086,27.284839630126953
run_1778788589_14470cde,1778789313.2391949,7.0,966.0,1.0,19.15414810180664,0.0,15.048417091369629,-100.0,-100.0,0.0,1.0425922870635986,366.88138950594293,19.15414810180664,27.284839630126953
run_1778788589_14470cde,1778789315.2494814,7.0,966.0,1.0,19.065420150756836,0.0,14.948596954345703,-100.0,-100.0,0.0,1.0049482583999634,363.4902455248848,19.065420150756836,27.284839630126953
run_1778788589_14470cde,1778789317.2373035,7.0,966.0,1.0,18.887969970703125,0.0,14.748967170715332,-100.0,-100.0,0.0,1.0315220355987549,356.755409614183,18.887969970703125,27.284839630126953
run_1778788589_14470cde,1778789319.2283833,7.0,966.0,1.0,18.799236297607422,0.0,14.649140357971191,-100.0,-100.0,0.0,0.9949381351470947,353.4112853732804,18.799236297607422,27.284839630126953
run_1778788589_14470cde,1778789321.2533133,7.0,966.0,1.0,18.710519790649414,0.0,14.549334526062012,-100.0,-100.0,0.0,0.959402859210968,350.0835508362834,18.710519790649414,27.284839630126953
run_1778788589_14470cde,1778789323.2307444,7.0,966.0,1.0,18.48871612548828,0.0,14.2998046875,-100.0,-100.0,0.0,1.0187867879867554,341.8326239688904,18.48871612548828,27.284839630126953
run_1778788589_14470cde,1778789325.2380981,7.0,966.0,1.0,18.400005340576172,0.0,14.200005531311035,-100.0,-100.0,0.0,0.9809727072715759,338.56019653323165,18.400005340576172,27.284839630126953
run_1778788589_14470cde,1778789327.232351,7.0,966.0,1.0,18.22256851196289,0.0,14.000389099121094,-100.0,-100.0,0.0,1.0073943138122559,332.06200317318144,18.22256851196289,27.284839630126953
run_1778788589_14470cde,1778789329.2543318,7.0,966.0,1.0,18.133853912353516,0.0,13.900585174560547,-100.0,-100.0,0.0,0.9706694483757019,328.8366577145789,18.133853912353516,27.284839630126953
run_1778788589_14470cde,1778789331.2376242,7.0,966.0,1.0,17.91212272644043,0.0,13.651138305664062,-100.0,-100.0,0.0,1.0289300680160522,320.84414056706373,17.91212272644043,27.284839630126953
run_1778788589_14470cde,1778789333.226697,7.0,966.0,1.0,17.82343292236328,0.0,13.551361083984375,-100.0,-100.0,0.0,0.9901343584060669,317.6747611379833,17.82343292236328,27.284839630126953
run_1778788589_14470cde,1778789335.2480912,7.0,966.0,1.0,17.601665496826172,0.0,13.301875114440918,-100.0,-100.0,0.0,1.044759750366211,309.8186282621609,17.601665496826172,27.284839630126953
run_1778788589_14470cde,1778789337.2260742,7.0,966.0,1.0,17.512983322143555,0.0,13.202106475830078,-100.0,-100.0,0.0,1.0044491291046143,306.7045848416783,17.512983322143555,27.284839630126953
run_1778788589_14470cde,1778789339.2287638,7.0,966.0,1.0,17.29129981994629,0.0,12.952713012695312,-100.0,-100.0,0.0,1.0594557523727417,298.98904946327457,17.29129981994629,27.284839630126953
run_1778788589_14470cde,1778789341.236623,7.0,966.0,1.0,17.202613830566406,0.0,12.852941513061523,-100.0,-100.0,0.0,1.0177457332611084,295.9299226035946,17.202613830566406,27.284839630126953
run_1778788589_14470cde,1778789343.224903,7.0,966.0,1.0,16.980924606323242,0.0,12.603540420532227,-100.0,-100.0,0.0,1.0714876651763916,288.35180048563416,16.980924606323242,27.284839630126953
run_1778788589_14470cde,1778789345.2309763,7.0,966.0,1.0,16.892263412475586,0.0,12.503795623779297,-100.0,-100.0,0.0,1.0286132097244263,285.3485631964613,16.892263412475586,27.284839630126953
run_1778788589_14470cde,1778789347.2379057,7.0,966.0,1.0,16.71493148803711,0.0,12.304298400878906,-100.0,-100.0,0.0,1.0504182577133179,279.38893464977446,16.71493148803711,27.284839630126953
run_1778788589_14470cde,1778789349.2458844,7.0,966.0,1.0,16.58194351196289,0.0,12.154685974121094,-100.0,-100.0,0.0,1.0410207509994507,274.9608506339282,16.58194351196289,27.284839630126953
run_1778788589_14470cde,1778789351.2394674,7.0,966.0,1.0,16.40460205078125,0.0,11.955178260803223,-100.0,-100.0,0.0,1.0616494417190552,269.1109684444964,16.40460205078125,27.284839630126953
run_1778788589_14470cde,1778789353.2342536,7.0,966.0,1.0,16.271644592285156,0.0,11.8056001663208,-100.0,-100.0,0.0,1.0511597394943237,264.76641773764277,16.271644592285156,27.284839630126953
run_1778788589_14470cde,1778789355.2284453,7.0,966.0,1.0,16.094364166259766,0.0,11.606159210205078,-100.0,-100.0,0.0,1.0707801580429077,259.0285579161864,16.094364166259766,27.284839630126953
run_1778788589_14470cde,1778789357.2288835,7.0,966.0,1.0,15.96139144897461,0.0,11.456564903259277,-100.0,-100.0,0.0,1.0594298839569092,254.76601698739978,15.96139144897461,27.284839630126953
run_1778788589_14470cde,1778789359.2393444,7.0,966.0,1.0,15.784130096435547,0.0,11.257145881652832,-100.0,-100.0,0.0,1.078248381614685,249.13876290120243,15.784130096435547,27.284839630126953
run_1778788589_14470cde,1778789361.2303627,7.0,966.0,1.0,15.651168823242188,0.0,11.107565879821777,-100.0,-100.0,0.0,1.0661778450012207,244.95908553362824,15.651168823242188,27.284839630126953
run_1778788589_14470cde,1778789363.2435596,7.0,966.0,1.0,15.473915100097656,0.0,10.908154487609863,-100.0,-100.0,0.0,1.0843483209609985,239.44204852503026,15.473915100097656,27.284839630126953
run_1778788589_14470cde,1778789365.2378294,7.0,966.0,1.0,15.34096908569336,0.0,10.758589744567871,-100.0,-100.0,0.0,1.0716856718063354,235.34533248819935,15.34096908569336,27.284839630126953
run_1778788589_14470cde,1778789367.247262,7.0,966.0,1.0,15.163745880126953,0.0,10.55921459197998,-100.0,-100.0,0.0,1.089309573173523,229.93918911706714,15.163745880126953,27.284839630126953
run_1778788589_14470cde,1778789369.2516708,7.0,966.0,1.0,15.030815124511719,0.0,10.409667015075684,-100.0,-100.0,0.0,1.0761630535125732,225.92540330725024,15.030815124511719,27.284839630126953
run_1778788589_14470cde,1778789371.2319763,7.0,966.0,1.0,14.809318542480469,0.0,10.160483360290527,-100.0,-100.0,0.0,1.1242021322250366,219.31591569265584,14.809318542480469,27.284839630126953
run_1778788589_14470cde,1778789373.2354422,7.0,966.0,1.0,14.720722198486328,0.0,10.060812950134277,-100.0,-100.0,0.0,1.0774565935134888,216.69966204500815,14.720722198486328,27.284839630126953
run_1778788589_14470cde,1778789375.2452805,7.0,966.0,1.0,14.54349422454834,0.0,9.861431121826172,-100.0,-100.0,0.0,1.0957839488983154,211.51322425947092,14.54349422454834,27.284839630126953
run_1778788589_14470cde,1778789377.2368217,7.0,966.0,1.0,14.454906463623047,0.0,9.761770248413086,-100.0,-100.0,0.0,1.0517436265945435,208.94432087209134,14.454906463623047,27.284839630126953
run_1778788589_14470cde,1778789379.2245493,7.0,966.0,1.0,14.233454704284668,0.0,9.512636184692383,-100.0,-100.0,0.0,1.1015293598175049,202.59123281892334,14.233454704284668,27.284839630126953
run_1778788589_14470cde,1778789381.2501132,7.0,966.0,1.0,14.14484691619873,0.0,9.412952423095703,-100.0,-100.0,0.0,1.0569545030593872,200.07669428269674,14.14484691619873,27.284839630126953
run_1778788589_14470cde,1778789383.2337034,7.0,966.0,1.0,13.923418045043945,0.0,9.163846015930176,-100.0,-100.0,0.0,1.1062275171279907,193.86157005705536,13.923418045043945,27.284839630126953
run_1778788589_14470cde,1778789385.2563264,7.0,966.0,1.0,13.834835052490234,0.0,9.064188957214355,-100.0,-100.0,0.0,1.061187744140625,191.40266092961247,13.834835052490234,27.284839630126953
run_1778788589_14470cde,1778789387.2340145,7.0,966.0,1.0,13.613385200500488,0.0,8.815058708190918,-100.0,-100.0,0.0,1.1100728511810303,185.32425661720572,13.613385200500488,27.284839630126953
run_1778788589_14470cde,1778789389.2369232,7.0,966.0,1.0,13.524840354919434,0.0,8.715445518493652,-100.0,-100.0,0.0,1.0646400451660156,182.92130662605723,13.524840354919434,27.284839630126953
run_1778788589_14470cde,1778789391.2460036,7.0,966.0,1.0,13.347726821899414,0.0,8.516192436218262,-100.0,-100.0,0.0,1.084110975265503,178.16181131205303,13.347726821899414,27.284839630126953
run_1778788589_14470cde,1778789393.238074,7.0,966.0,1.0,13.21487808227539,0.0,8.366738319396973,-100.0,-100.0,0.0,1.0714043378829956,174.6330027294025,13.21487808227539,27.284839630126953
run_1778788589_14470cde,1778789395.2288935,7.0,966.0,1.0,13.037742614746094,0.0,8.167460441589355,-100.0,-100.0,0.0,1.0902460813522339,169.9827324883663,13.037742614746094,27.284839630126953
run_1778788589_14470cde,1778789397.233217,7.0,966.0,1.0,12.949228286743164,0.0,8.06788158416748,-100.0,-100.0,0.0,1.0466835498809814,167.6825132221893,12.949228286743164,27.284839630126953
run_1778788589_14470cde,1778789399.2436974,7.0,966.0,1.0,12.727863311767578,0.0,7.818845272064209,-100.0,-100.0,0.0,1.099318504333496,161.99850448303914,12.727863311767578,27.284839630126953
run_1778788589_14470cde,1778789401.2411182,7.0,966.0,1.0,12.639328002929688,0.0,7.719244480133057,-100.0,-100.0,0.0,1.0549049377441406,159.75261236564256,12.639328002929688,27.284839630126953
run_1778788589_14470cde,1778789403.2331088,7.0,966.0,1.0,12.417984008789062,0.0,7.470232963562012,-100.0,-100.0,0.0,1.107917308807373,154.20632684254088,12.417984008789062,27.284839630126953
run_1778788589_14470cde,1778789405.2907827,7.0,966.0,1.0,12.373730659484863,0.0,7.420446872711182,-100.0,-100.0,0.0,1.0324487686157227,153.1092104334757,12.373730659484863,27.284839630126953
run_1778788589_14470cde,1778789407.2370143,7.0,966.0,1.0,12.152406692504883,0.0,7.171457767486572,-100.0,-100.0,0.0,1.085752010345459,147.68098842003747,12.152406692504883,27.284839630126953
run_1778788589_14470cde,1778789409.2367136,7.0,966.0,1.0,12.063891410827637,0.0,7.071877479553223,-100.0,-100.0,0.0,1.0426191091537476,145.53747597224083,12.063891410827637,27.284839630126953
run_1778788589_14470cde,1778789411.2361686,7.0,966.0,1.0,11.886825561523438,0.0,6.872678279876709,-100.0,-100.0,0.0,1.065334439277649,141.29662193008699,11.886825561523438,27.284839630126953
run_1778788589_14470cde,1778789413.2390232,7.0,966.0,1.0,11.754071235656738,0.0,6.723330497741699,-100.0,-100.0,0.0,1.0543544292449951,138.15819061289312,11.754071235656738,27.284839630126953
run_1778788589_14470cde,1778789415.2307086,7.0,966.0,1.0,11.577066421508789,0.0,6.524200439453125,-100.0,-100.0,0.0,1.0759080648422241,134.02846692802632,11.577066421508789,27.284839630126953
run_1778788589_14470cde,1778789417.3681395,7.0,966.0,1.0,11.488567352294922,0.0,6.424638748168945,-100.0,-100.0,0.0,1.0337029695510864,131.98717980821675,11.488567352294922,27.284839630126953
run_1778788589_14470cde,1778789419.2393675,7.0,966.0,1.0,11.311535835266113,0.0,6.225478172302246,-100.0,-100.0,0.0,1.0554078817367554,127.95084295250945,11.311535835266113,27.284839630126953
run_1778788589_14470cde,1778789421.2364416,7.0,966.0,1.0,11.17880916595459,0.0,6.076160430908203,-100.0,-100.0,0.0,1.045356035232544,124.96577436883035,11.17880916595459,27.284839630126953
run_1778788589_14470cde,1778789423.233533,7.0,966.0,1.0,11.001839637756348,0.0,5.877069473266602,-100.0,-100.0,0.0,1.0677436590194702,121.04047541490672,11.001839637756348,27.284839630126953
run_1778788589_14470cde,1778789425.2390811,7.0,966.0,1.0,10.913329124450684,0.0,5.77749490737915,-100.0,-100.0,0.0,1.0263251066207886,119.10075257858352,10.913329124450684,27.284839630126953
run_1778788589_14470cde,1778789427.2365854,7.0,966.0,1.0,10.692117691040039,0.0,5.528631687164307,-100.0,-100.0,0.0,1.081971526145935,114.32138071905138,10.692117691040039,27.284839630126953
run_1778788589_14470cde,1778789429.2281015,7.0,966.0,1.0,10.603660583496094,0.0,5.429118633270264,-100.0,-100.0,0.0,1.0403825044631958,112.43761776998872,10.603660583496094,27.284839630126953
run_1778788589_14470cde,1778789431.2366452,7.0,966.0,1.0,10.42669677734375,0.0,5.2300333976745605,-100.0,-100.0,0.0,1.0632411241531372,108.71600568667054,10.42669677734375,27.284839630126953
run_1778788589_14470cde,1778789433.2478867,7.0,966.0,1.0,10.338232040405273,0.0,5.13051176071167,-100.0,-100.0,0.0,1.0234442949295044,106.87904172126218,10.338232040405273,27.284839630126953
run_1778788589_14470cde,1778789435.278996,7.0,966.0,1.0,10.117063522338867,0.0,4.881697177886963,-100.0,-100.0,0.0,1.0793356895446777,102.35497431503973,10.117063522338867,27.284839630126953
run_1778788589_14470cde,1778789437.264284,7.0,966.0,1.0,10.072844505310059,0.0,4.8319501876831055,-100.0,-100.0,0.0,1.0071816444396973,101.46219642815504,10.072844505310059,27.284839630126953
run_1778788589_14470cde,1778789439.2706602,7.0,966.0,1.0,9.851696014404297,0.0,4.583157539367676,-100.0,-100.0,0.0,1.0627747774124146,97.05591436022951,9.851696014404297,27.284839630126953
run_1778788589_14470cde,1778789441.2332795,7.0,966.0,1.0,9.763250350952148,0.0,4.483656883239746,-100.0,-100.0,0.0,1.023008942604065,95.32105741536725,9.763250350952148,27.284839630126953
run_1778788589_14470cde,1778789443.2577775,7.0,966.0,1.0,9.586321830749512,0.0,4.28461217880249,-100.0,-100.0,0.0,1.0475001335144043,91.89756624270467,9.586321830749512,27.284839630126953
run_1778788589_14470cde,1778789445.2380428,7.0,966.0,1.0,9.45367431640625,0.0,4.135383605957031,-100.0,-100.0,0.0,1.0399829149246216,89.37195808067918,9.45367431640625,27.284839630126953
run_1778788589_14470cde,1778789447.2304866,7.0,966.0,1.0,9.276808738708496,0.0,3.9364099502563477,-100.0,-100.0,0.0,1.0628114938735962,86.05918037457832,9.276808738708496,27.284839630126953
run_1778788589_14470cde,1778789449.2437284,7.0,966.0,1.0,9.188379287719727,0.0,3.8369274139404297,-100.0,-100.0,0.0,1.0230308771133423,84.42631393499687,9.188379287719727,27.284839630126953
run_1778788589_14470cde,1778789451.2389922,7.0,966.0,1.0,9.01148796081543,0.0,3.6379237174987793,-100.0,-100.0,0.0,1.047493577003479,81.20691526792143,9.01148796081543,27.284839630126953
run_1778788589_14470cde,1778789453.2520678,7.0,966.0,1.0,8.923067092895508,0.0,3.538450241088867,-100.0,-100.0,0.0,1.0091681480407715,79.62112634431469,8.923067092895508,27.284839630126953
run_1778788589_14470cde,1778789455.2516804,7.0,966.0,1.0,8.834650039672852,0.0,3.4389805793762207,-100.0,-100.0,0.0,0.9720749258995056,78.05104132349152,8.834650039672852,27.284839630126953
run_1778788589_14470cde,1778789457.2487657,7.0,966.0,1.0,8.657808303833008,0.0,3.2400341033935547,-100.0,-100.0,0.0,0.9989432096481323,74.95764462591978,8.657808303833008,27.284839630126953
run_1778788589_14470cde,1778789459.2393,7.0,966.0,1.0,8.56939697265625,0.0,3.140571355819702,-100.0,-100.0,0.0,0.9628217816352844,73.4345644749701,8.56939697265625,27.284839630126953
run_1778788589_14470cde,1778789461.2337203,7.0,966.0,1.0,8.392584800720215,0.0,2.9416580200195312,-100.0,-100.0,-0.07446838170289993,0.9887534379959106,70.43547963727997,8.392584800720215,27.284839630126953
run_1778788589_14470cde,1778789463.234035,7.0,966.0,1.0,8.304170608520508,0.0,2.842191696166992,-100.0,-100.0,-0.3208658695220947,0.9536056518554688,68.95924949541586,8.304170608520508,27.284839630126953
run_1778788589_14470cde,1778789465.2333515,7.0,966.0,1.0,8.083155632019043,0.0,2.59355092048645,-100.0,-100.0,-0.5621646642684937,1.0112096071243286,65.33740497144117,8.083155632019043,27.284839630126953
run_1778788589_14470cde,1778789467.253987,7.0,966.0,1.0,7.994763374328613,0.0,2.4941089153289795,-100.0,-100.0,-0.7994107007980347,0.9739052653312683,63.916241411506235,7.994763374328613,27.284839630126953
run_1778788589_14470cde,1778789469.2595325,7.0,966.0,1.0,7.817986488342285,0.0,2.2952349185943604,-100.0,-100.0,-1.0327351093292236,1.0005543231964111,61.120912731902536,7.817986488342285,27.284839630126953
run_1778788589_14470cde,1778789471.244484,7.0,966.0,1.0,7.729557991027832,0.0,2.195753335952759,-100.0,-100.0,-1.2621370553970337,0.9642905592918396,59.746066736662215,7.729557991027832,27.284839630126953
run_1778788589_14470cde,1778789473.2341907,7.0,966.0,1.0,7.552798271179199,0.0,1.9968980550765991,-100.0,-100.0,-1.48761785030365,0.9918451309204102,57.0447617251275,7.552798271179199,27.284839630126953
run_1778788589_14470cde,1778789475.241633,7.0,966.0,1.0,7.464449882507324,0.0,1.8975062370300293,-100.0,-100.0,-1.7091774940490723,0.9563585519790649,55.718012048463606,7.464449882507324,27.284839630126953
run_1778788589_14470cde,1778789477.265639,7.0,966.0,1.0,7.331868648529053,0.0,1.7483525276184082,-100.0,-100.0,-1.9272083044052124,0.95389324426651,53.75629787928324,7.331868648529053,27.284839630126953
run_1778788589_14470cde,1778789479.242992,7.0,966.0,1.0,7.243470191955566,0.0,1.6489039659500122,-100.0,-100.0,-2.1422343254089355,0.9220603704452515,52.46786042174881,7.243470191955566,27.284839630126953
run_1778788589_14470cde,1778789481.2387013,7.0,966.0,1.0,7.066725254058838,0.0,1.4500659704208374,-100.0,-100.0,-2.353337526321411,0.9536330699920654,49.93860581635295,7.066725254058838,27.284839630126953
run_1778788589_14470cde,1778789483.2328863,7.0,966.0,1.0,6.93419075012207,0.0,1.3009644746780396,-100.0,-99.05987548828125,-2.560389280319214,0.9531583786010742,48.08300135907848,6.93419075012207,27.284839630126953
run_1778788589_14470cde,1778789485.643987,12.0,625.0,38.0,6.757449150085449,0.0,1.1021301746368408,-37.25701904296875,-56.312076568603516,-2.7472047805786133,21.802261352539062,45.66311901599056,6.757449150085449,27.284839630126953
run_1778788589_14470cde,1778789487.2314053,12.0,625.0,38.0,6.713279724121094,0.0,1.0524399280548096,-38.479759216308594,-55.944000244140625,-2.9268157482147217,20.391056060791016,45.06812465429539,6.713279724121094,27.284839630126953
run_1778788589_14470cde,1778789489.2426834,12.0,625.0,38.0,6.536581993103027,0.0,0.8536547422409058,-36.479736328125,-54.47151565551758,-3.1030097007751465,21.094791412353516,42.726904152558745,6.536581993103027,27.284839630126953
run_1778788589_14470cde,1778789491.2382672,12.0,625.0,38.0,6.448222637176514,0.0,0.7542498707771301,-36.59144973754883,-53.735191345214844,-3.276139497756958,20.419879913330078,41.57957517859563,6.448222637176514,27.284839630126953
run_1778788589_14470cde,1778789493.5908768,12.0,625.0,38.0,6.271509647369385,0.0,0.5554481148719788,-34.586769104003906,-52.26258087158203,-3.4452662467956543,21.121078491210938,39.331833257047265,6.271509647369385,27.284839630126953
run_1778788589_14470cde,1778789495.3942113,12.0,625.0,38.0,6.18317174911499,0.0,0.45606836676597595,-34.694419860839844,-51.526432037353516,-3.611328363418579,20.443336486816406,38.23161287905373,6.18317174911499,27.284839630126953
run_1778788589_14470cde,1778789497.6234145,12.0,625.0,38.0,6.006490707397461,0.0,0.257302463054657,-32.685638427734375,-50.05409240722656,-3.7733845710754395,21.14183807373047,36.07793061805205,6.006490707397461,27.284839630126953
run_1778788589_14470cde,1778789499.2408688,12.0,625.0,38.0,5.918161392211914,0.0,0.15793158113956451,-32.78840255737305,-49.31801223754883,-3.932379961013794,20.46198844909668,35.02463426426766,5.918161392211914,27.284839630126953
run_1778788589_14470cde,1778789501.2497346,12.0,625.0,38.0,5.785650253295898,0.0,0.00885683298110962,-31.824806213378906,-48.21375274658203,-4.08772611618042,20.47667121887207,33.473748853462894,5.785650253295898,27.284839630126953
run_1778788589_14470cde,1778789503.2436705,12.0,625.0,38.0,5.697328090667725,0.0,-0.09050619602203369,-31.858402252197266,-47.47773361206055,-4.240835666656494,19.860164642333984,32.45954737271154,5.697328090667725,27.284839630126953
run_1778788589_14470cde,1778789505.2416987,12.0,625.0,38.0,5.520689487457275,0.0,-0.2892242670059204,-29.782026290893555,-46.00574493408203,-4.389935493469238,20.613651275634766,30.478012416921274,5.520689487457275,27.284839630126953
run_1778788589_14470cde,1778789507.2338638,12.0,625.0,38.0,5.432346343994141,0.0,-0.3886098265647888,-29.82114028930664,-45.269554138183594,-4.535974502563477,19.98438835144043,29.510386801106506,5.432346343994141,27.284839630126953
run_1778788589_14470cde,1778789509.2463596,12.0,625.0,38.0,5.299887657165527,0.0,-0.5376265048980713,-28.786691665649414,-44.16572952270508,-4.6785993576049805,20.057640075683594,28.088809178575502,5.299887657165527,27.284839630126953
run_1778788589_14470cde,1778789511.2524276,12.0,625.0,38.0,5.211578845977783,0.0,-0.6369737386703491,-28.767681121826172,-43.42982482910156,-4.818752288818359,19.48089599609375,27.160554067843123,5.211578845977783,27.284839630126953
run_1778788589_14470cde,1778789513.2446198,12.0,625.0,38.0,5.03494119644165,0.0,-0.8356907963752747,-26.61505126953125,-41.95784378051758,-4.955373764038086,20.298168182373047,25.350632851625278,5.03494119644165,27.284839630126953
run_1778788589_14470cde,1778789515.2424026,12.0,625.0,38.0,4.990784645080566,0.0,-0.8853675723075867,-27.648681640625,-41.589874267578125,-5.089052200317383,19.030241012573242,24.907931373571955,4.990784645080566,27.284839630126953
run_1778788589_14470cde,1778789517.236663,12.0,625.0,38.0,4.8141889572143555,0.0,-1.08403742313385,-25.448163986206055,-40.11824035644531,-5.21978759765625,19.889863967895508,23.176415315764643,4.8141889572143555,27.284839630126953
run_1778788589_14470cde,1778789519.2449393,12.0,625.0,38.0,4.770035266876221,0.0,-1.133710265159607,-26.43703269958496,-39.75029754638672,-5.3475799560546875,18.660842895507812,22.753236447242898,4.770035266876221,27.284839630126953
run_1778788589_14470cde,1778789521.2402482,12.0,625.0,38.0,4.593454360961914,0.0,-1.3323642015457153,-24.195714950561523,-38.27878952026367,-5.472429275512695,19.55550193786621,21.099822966240026,4.593454360961914,27.284839630126953
run_1778788589_14470cde,1778789523.255446,12.0,625.0,38.0,4.54927396774292,0.0,-1.3820666074752808,-25.14616584777832,-37.91061782836914,-5.594331741333008,18.358781814575195,20.69589363358341,4.54927396774292,27.284839630126953
run_1778788589_14470cde,1778789525.248354,12.0,625.0,38.0,4.372720718383789,0.0,-1.580689549446106,-22.87081527709961,-36.4393424987793,-5.713294506072998,19.281822204589844,19.12068648098284,4.372720718383789,27.284839630126953
run_1778788589_14470cde,1778789527.2532804,12.0,625.0,38.0,4.328573226928711,0.0,-1.6303555965423584,-23.79005241394043,-36.071441650390625,-5.829314708709717,18.110708236694336,18.736546180884034,4.328573226928711,27.284839630126953
run_1778788589_14470cde,1778789529.237643,12.0,625.0,38.0,4.152003765106201,0.0,-1.828996181488037,-21.484769821166992,-34.600032806396484,-5.942392349243164,19.057653427124023,17.23913526545607,4.152003765106201,27.284839630126953
run_1778788589_14470cde,1778789531.247227,12.0,625.0,38.0,4.063732147216797,0.0,-1.9283020496368408,-21.340633392333984,-33.864437103271484,-6.051938056945801,18.57573890686035,16.51391896432324,4.063732147216797,27.284839630126953
run_1778788589_14470cde,1778789533.2504995,12.0,625.0,38.0,3.931304693222046,0.0,-2.077282190322876,-20.0833740234375,-32.76087188720703,-6.1590118408203125,18.836509704589844,15.455156590949684,3.931304693222046,27.284839630126953
run_1778788589_14470cde,1778789535.239281,12.0,625.0,38.0,3.843038320541382,0.0,-2.176582098007202,-19.912382125854492,-32.02531814575195,-6.262670993804932,18.375608444213867,14.768943533149525,3.843038320541382,27.284839630126953
run_1778788589_14470cde,1778789537.2403471,12.0,625.0,38.0,3.7106361389160156,0.0,-2.3255343437194824,-18.657867431640625,-30.921968460083008,-6.3633809089660645,18.62748146057129,13.768820555429556,3.7106361389160156,27.284839630126953
run_1778788589_14470cde,1778789539.2470748,12.0,625.0,38.0,3.622361421585083,0.0,-2.4248435497283936,-18.460847854614258,-30.18634605407715,-6.461147308349609,18.1866455078125,13.121502268587903,3.622361421585083,27.284839630126953
run_1778788589_14470cde,1778789541.2408586,12.0,625.0,38.0,3.4899845123291016,0.0,-2.57376766204834,-17.14315414428711,-29.08320426940918,-6.556678771972656,18.496726989746094,12.179991896296997,3.4899845123291016,27.284839630126953
run_1778788589_14470cde,1778789543.2541158,12.0,625.0,38.0,3.401700973510742,0.0,-2.673086166381836,-16.92758560180664,-28.347509384155273,-6.648573875427246,18.068496704101562,11.571569513183931,3.401700973510742,27.284839630126953
run_1778788589_14470cde,1778789545.24773,12.0,625.0,38.0,3.2693350315093994,0.0,-2.821998357772827,-15.593001365661621,-27.244461059570312,-6.738232612609863,18.389692306518555,10.688551548254566,3.2693350315093994,27.284839630126953
run_1778788589_14470cde,1778789547.235605,12.0,625.0,38.0,3.181072950363159,0.0,-2.921293020248413,-15.361839294433594,-26.508941650390625,-6.824242115020752,17.971345901489258,10.119225115532174,3.181072950363159,27.284839630126953
run_1778788589_14470cde,1778789549.267813,12.0,625.0,38.0,3.048701286315918,0.0,-3.070211410522461,-14.01197338104248,-25.405845642089844,-6.908015251159668,18.3018856048584,9.294579533184333,3.048701286315918,27.284839630126953
run_1778788589_14470cde,1778789551.2474532,12.0,625.0,38.0,2.960460662841797,0.0,-3.1694817543029785,-13.767048835754395,-24.67050552368164,-6.988138675689697,17.89159393310547,8.764327336233691,2.960460662841797,27.284839630126953
run_1778788589_14470cde,1778789553.2622664,12.0,625.0,38.0,2.8722095489501953,0.0,-3.2687644958496094,-13.466544151306152,-23.93507957458496,-7.06614351272583,17.534677505493164,8.249587693080684,2.8722095489501953,27.284839630126953
run_1778788589_14470cde,1778789555.2815633,12.0,625.0,38.0,2.7839462757110596,0.0,-3.368060350418091,-13.143198013305664,-23.199552536010742,-7.1415581703186035,17.197912216186523,7.750356866045479,2.7839462757110596,27.284839630126953
run_1778788589_14470cde,1778789557.2416737,12.0,625.0,38.0,2.651620626449585,0.0,-3.5169270038604736,-11.710047721862793,-22.096839904785156,-7.214735984802246,17.60152816772461,7.031091946612889,2.651620626449585,27.284839630126953
run_1778788589_14470cde,1778789559.2436037,12.0,625.0,38.0,2.607499599456787,0.0,-3.566563129425049,-12.423724174499512,-21.729164123535156,-7.284853458404541,16.590293884277344,6.799054161167305,2.607499599456787,27.284839630126953
run_1778788589_14470cde,1778789561.2685966,12.0,625.0,38.0,2.519273042678833,0.0,-3.665817975997925,-11.99026870727539,-20.993942260742188,-7.353440761566162,16.357112884521484,6.346736663568265,2.519273042678833,27.284839630126953
run_1778788589_14470cde,1778789563.2422898,12.0,625.0,38.0,2.431035280227661,0.0,-3.765084981918335,-11.519205093383789,-20.25862693786621,-7.419913291931152,16.159334182739258,5.909932533711583,2.431035280227661,27.284839630126953
run_1778788589_14470cde,1778789565.2455761,12.0,625.0,38.0,2.3428285121917725,0.0,-3.8643181324005127,-11.040411949157715,-19.523571014404297,-7.483806610107422,15.966965675354004,5.488845437538714,2.3428285121917725,27.284839630126953
run_1778788589_14470cde,1778789567.2526126,12.0,625.0,38.0,2.254566192626953,0.0,-3.9636125564575195,-10.526845932006836,-18.78805160522461,-7.545580863952637,15.80678653717041,5.0830687169363955,2.254566192626953,27.284839630126953
run_1778788589_14470cde,1778789569.239734,12.0,625.0,38.0,2.166349411010742,0.0,-4.062856674194336,-10.009481430053711,-18.05291175842285,-7.604764938354492,15.64819622039795,4.69306977058659,2.166349411010742,27.284839630126953
run_1778788589_14470cde,1778789571.2405329,12.0,625.0,38.0,2.0781373977661133,0.0,-4.162095546722412,-9.46199893951416,-17.317811965942383,-7.661830425262451,15.517642974853516,4.318655043994113,2.0781373977661133,27.284839630126953
run_1778788589_14470cde,1778789573.2463398,12.0,625.0,38.0,1.9458293914794922,0.0,-4.310941696166992,-7.850170135498047,-16.215246200561523,-7.716188430786133,16.08126449584961,3.786252020745451,1.9458293914794922,27.284839630126953
run_1778788589_14470cde,1778789575.7670505,16.0,105.0,56.0,1.9458293914794922,0.0,-4.310941696166992,-4.0037336349487305,-12.161434173583984,-7.920876979827881,16.078577041625977,3.786252020745451,1.9458293914794922,27.284839630126953
run_1778788589_14470cde,1778789577.2477422,16.0,105.0,56.0,1.8134989738464355,0.0,-4.459813594818115,-2.719654083251953,-11.334368705749512,-8.14465045928955,16.75936508178711,3.2887785281420747,1.8134989738464355,27.284839630126953
run_1778788589_14470cde,1778789579.2379327,16.0,105.0,56.0,1.7252821922302246,0.0,-4.559057712554932,-2.474123239517212,-10.783013343811035,-8.357391357421875,16.66628074645996,2.9765986428267297,1.7252821922302246,27.284839630126953
run_1778788589_14470cde,1778789581.2491722,16.0,105.0,56.0,1.637068271636963,0.0,-4.658298015594482,-2.2225751876831055,-10.231677055358887,-8.558582305908203,16.567684173583984,2.679992526000433,1.637068271636963,27.284839630126953
run_1778788589_14470cde,1778789583.242737,16.0,105.0,56.0,1.5929765701293945,0.0,-4.707901477813721,-2.9681966304779053,-9.956103324890137,-8.751901626586914,15.739809036254883,2.53757435298121,1.5929765701293945,27.284839630126953
run_1778788589_14470cde,1778789585.2614517,16.0,105.0,56.0,1.460690975189209,0.0,-4.856722354888916,-1.6108185052871704,-9.129318237304688,-8.933670043945312,16.45216941833496,2.1336181249992023,1.460690975189209,27.284839630126953
run_1778788589_14470cde,1778789587.2497065,16.0,105.0,56.0,1.4165730476379395,0.0,-4.906355381011963,-2.3238091468811035,-8.853581428527832,-9.105988502502441,15.635761260986328,2.00667919929424,1.4165730476379395,27.284839630126953
run_1778788589_14470cde,1778789589.243862,16.0,105.0,56.0,1.3283824920654297,0.0,-5.0055694580078125,-1.9794285297393799,-8.302391052246094,-9.267281532287598,15.59024429321289,1.7646000452259614,1.3283824920654297,27.284839630126953
run_1778788589_14470cde,1778789591.2617092,16.0,105.0,56.0,1.240194320678711,0.0,-5.104781150817871,-1.6060799360275269,-7.751214504241943,-9.419119834899902,15.564253807067871,1.5380819530437293,1.240194320678711,27.284839630126953
run_1778788589_14470cde,1778789593.2409682,16.0,105.0,56.0,1.1960945129394531,0.0,-5.154393672943115,-2.236032485961914,-7.475590705871582,-9.563089370727539,14.80264663696289,1.4306420838838676,1.1960945129394531,27.284839630126953
run_1778788589_14470cde,1778789595.2437837,16.0,105.0,56.0,1.0637993812561035,0.0,-5.303225994110107,-0.7825866341590881,-6.648746013641357,-9.694456100463867,15.560616493225098,1.1316691235608687,1.0637993812561035,27.284839630126953
run_1778788589_14470cde,1778789597.2479196,16.0,105.0,56.0,1.0197148323059082,0.0,-5.352820873260498,-1.39154052734375,-6.373217582702637,-9.817429542541504,14.799107551574707,1.0398183392246665,1.0197148323059082,27.284839630126953
run_1778788589_14470cde,1778789599.2364016,16.0,105.0,56.0,0.8874416351318359,0.0,-5.501628398895264,0.08273869752883911,-5.546510219573975,-9.927801132202148,15.557048797607422,0.7875526557654666,0.8874416351318359,27.284839630126953
run_1778788589_14470cde,1778789601.243912,16.0,105.0,56.0,0.8433465957641602,0.0,-5.551235198974609,-0.5046412348747253,-5.270915985107422,-10.029778480529785,14.796052932739258,0.7112334805869978,0.8433465957641602,27.284839630126953
run_1778788589_14470cde,1778789603.23872,16.0,105.0,56.0,0.7551732063293457,0.0,-5.650430202484131,0.0018790364265441895,-4.719832420349121,-10.12387466430664,14.845587730407715,0.5702865715577445,0.7551732063293457,27.284839630126953
run_1778788589_14470cde,1778789605.248424,16.0,105.0,56.0,0.7110810279846191,0.0,-5.700033664703369,-0.5019500851631165,-4.44425630569458,-10.210102081298828,14.152409553527832,0.5056362283596627,0.7110810279846191,27.284839630126953
run_1778788589_14470cde,1778789607.260774,16.0,105.0,56.0,0.6670031547546387,0.0,-5.749621391296387,-0.9072631597518921,-4.168769836425781,-10.293182373046875,13.554689407348633,0.44489320845264047,0.6670031547546387,27.284839630126953
run_1778788589_14470cde,1778789609.278015,16.0,105.0,56.0,0.6670031547546387,0.0,-5.749621391296387,-2.27964448928833,-4.168769836425781,-10.372590065002441,12.26171588897705,0.44489320845264047,0.6670031547546387,27.284839630126953
run_1778788589_14470cde,1778789611.2514186,16.0,105.0,56.0,0.6229124069213867,0.0,-5.79922342300415,-2.499061107635498,-3.893202543258667,-10.450425148010254,11.84456729888916,0.3880198666965953,0.6229124069213867,27.284839630126953
run_1778788589_14470cde,1778789613.2489312,16.0,105.0,56.0,0.6229124069213867,0.0,-5.79922342300415,-3.7030704021453857,-3.893202543258667,-10.524587631225586,10.714720726013184,0.3880198666965953,0.6229124069213867,27.284839630126953
run_1778788589_14470cde,1778789615.243209,16.0,105.0,56.0,0.578819751739502,0.0,-5.848827838897705,-3.769624948501587,-3.6176233291625977,-10.597172737121582,10.445170402526855,0.3350323050037787,0.578819751739502,27.284839630126953
run_1778788589_14470cde,1778789617.247958,16.0,105.0,56.0,0.578819751739502,0.0,-5.848827838897705,-4.834887981414795,-3.6176233291625977,-10.666075706481934,9.448810577392578,0.3350323050037787,0.578819751739502,27.284839630126953
run_1778788589_14470cde,1778789619.242578,16.0,105.0,56.0,0.49062681198120117,0.0,-5.948044776916504,-3.7863612174987793,-3.066417694091797,-10.728684425354004,10.008740425109863,0.24071466863483693,0.49062681198120117,27.284839630126953
run_1778788589_14470cde,1778789621.259127,16.0,105.0,56.0,0.49062681198120117,0.0,-5.948044776916504,-4.799499988555908,-3.066417694091797,-10.787096977233887,9.054014205932617,0.24071466863483693,0.49062681198120117,27.284839630126953
run_1778788589_14470cde,1778789623.2530289,16.0,105.0,56.0,0.4024643898010254,0.0,-6.047227382659912,-3.7035152912139893,-2.515402317047119,-10.839211463928223,9.65109920501709,0.1619775850579117,0.4024643898010254,27.284839630126953
run_1778788589_14470cde,1778789625.2590933,16.0,105.0,56.0,0.35839080810546875,0.0,-6.096810340881348,-3.656686782836914,-2.2399425506591797,-10.884495735168457,9.467752456665039,0.12844397133449093,0.35839080810546875,27.284839630126953
run_1778788589_14470cde,1778789627.238003,16.0,105.0,56.0,0.3143186569213867,0.0,-6.14639139175415,-3.61403751373291,-1.964491605758667,-10.922436714172363,9.272891998291016,0.09879621808886441,0.3143186569213867,27.284839630126953
run_1778788589_14470cde,1778789629.3031023,16.0,105.0,56.0,0.22616147994995117,0.0,-6.24556827545166,-2.50506329536438,-1.4135092496871948,-10.954608917236328,9.863054275512695,0.051149015013152166,0.22616147994995117,27.284839630126953
run_1778788589_14470cde,1778789631.2443347,16.0,105.0,56.0,0.13799333572387695,0.0,-6.344757556915283,-1.4546416997909546,-0.862458348274231,-10.975236892700195,10.383052825927734,0.019042160704202615,0.13799333572387695,27.284839630126953
run_1778788589_14470cde,1778789633.2436845,16.0,105.0,56.0,0.13799333572387695,0.0,-6.344757556915283,-2.461495876312256,-0.862458348274231,-10.991657257080078,9.392620086669922,0.019042160704202615,0.13799333572387695,27.284839630126953
run_1778788589_14470cde,1778789635.2525537,16.0,105.0,56.0,0.005744457244873047,0.0,-6.493537425994873,-0.36707520484924316,-0.03590285778045654,-10.997063636779785,10.665891647338867,3.2998789038174436e-05,0.005744457244873047,27.284839630126953
run_1778788589_14470cde,1778789637.242599,16.0,105.0,56.0,0.005744457244873047,0.0,-6.493537425994873,-1.3851747512817383,-0.03590285778045654,-10.997749328613281,9.648477554321289,3.2998789038174436e-05,0.005744457244873047,27.284839630126953
run_1778788589_14470cde,1778789639.2461796,16.0,105.0,56.0,-0.12648344039916992,0.0,-6.642293930053711,0.7209375500679016,0.790521502494812,-10.966574668884277,10.896990776062012,0.01599806069521037,0.12648344039916992,27.284839630126953
run_1778788589_14470cde,1778789641.2511547,16.0,105.0,56.0,-0.170562744140625,0.0,-6.691883087158203,0.7474392652511597,1.0660171508789062,-10.913474082946777,10.59489631652832,0.029091649688780308,0.170562744140625,27.284839630126953
run_1778788589_14470cde,1778789643.2417934,16.0,105.0,56.0,-0.25869035720825195,0.0,-6.791026592254639,1.8397040367126465,1.6168147325515747,-10.836735725402832,11.059625625610352,0.066920700912533,0.25869035720825195,27.284839630126953
run_1778788589_14470cde,1778789645.253454,16.0,105.0,56.0,-0.25869035720825195,0.0,-6.791026592254639,0.8772097826004028,1.6168147325515747,-10.74425983428955,10.004654884338379,0.066920700912533,0.25869035720825195,27.284839630126953
run_1778788589_14470cde,1778789647.2811666,16.0,105.0,56.0,-0.3027677536010742,0.0,-6.84061336517334,1.0133676528930664,1.8922984600067139,-10.637594223022461,9.758663177490234,0.09166831262064079,0.3027677536010742,27.284839630126953
run_1778788589_14470cde,1778789649.2459424,16.0,105.0,56.0,-0.3468303680419922,0.0,-6.89018440246582,1.2110843658447266,2.167689800262451,-10.521476745605469,9.564871788024902,0.12029130419614376,0.3468303680419922,27.284839630126953
run_1778788589_14470cde,1778789651.248917,16.0,105.0,56.0,-0.4349956512451172,0.0,-6.989370346069336,2.4654955863952637,2.7187228202819824,-10.381720542907715,10.128493309020996,0.18922121660216362,0.4349956512451172,27.284839630126953
run_1778788589_14470cde,1778789653.256289,16.0,105.0,56.0,-0.47905588150024414,0.0,-7.038938045501709,2.6751480102539062,2.9940991401672363,-10.21833610534668,9.899385452270508,0.22949453759997596,0.47905588150024414,27.284839630126953
run_1778788589_14470cde,1778789655.66808,16.0,105.0,56.0,-0.5231304168701172,0.0,-7.088521957397461,2.5647780895233154,3.2695651054382324,-9.951988220214844,9.247201919555664,0.2736654330547026,0.5231304168701172,27.284839630126953
run_1778788589_14470cde,1778789658.50785,16.0,105.0,56.0,-0.567204475402832,0.0,-7.1381049156188965,2.8621582984924316,3.5450279712677,-9.749213218688965,9.066344261169434,0.3217209169170019,0.567204475402832,27.284839630126953
run_1778788589_14470cde,1778789660.2498071,16.0,105.0,56.0,-0.6112766265869141,0.0,-7.187685966491699,3.214888334274292,3.820478916168213,-9.536988258361816,8.931397438049316,0.37365911421147757,0.6112766265869141,27.284839630126953
run_1778788589_14470cde,1778789662.254028,16.0,105.0,56.0,-0.6994061470031738,0.0,-7.286831855773926,4.599945068359375,4.371288299560547,-9.29639720916748,9.525053977966309,0.4891689584658252,0.6994061470031738,27.284839630126953
run_1778788589_14470cde,1778789664.2520685,16.0,105.0,56.0,-0.7434768676757812,0.0,-7.336411476135254,4.956153869628906,4.646730422973633,-9.036905288696289,9.346328735351562,0.5527578527689911,0.7434768676757812,27.284839630126953
run_1778788589_14470cde,1778789666.2405567,16.0,105.0,56.0,-0.8316159248352051,0.0,-7.435567855834961,6.349112033843994,5.197599411010742,-8.749056816101074,9.900568962097168,0.6915850464395135,0.8316159248352051,27.284839630126953
run_1778788589_14470cde,1778789668.2529747,16.0,105.0,56.0,-0.8756842613220215,0.0,-7.485145092010498,6.716710090637207,5.473026752471924,-8.44229793548584,9.685981750488281,0.7668229255270944,0.8756842613220215,27.284839630126953
run_1778788589_14470cde,1778789670.2674854,16.0,105.0,56.0,-0.9637908935546875,0.0,-7.584264755249023,8.135719299316406,6.023693084716797,-8.110339164733887,10.222365379333496,0.928892886498943,0.9637908935546875,27.284839630126953
run_1778788589_14470cde,1778789672.277053,16.0,105.0,56.0,-1.0078577995300293,0.0,-7.633840084075928,8.519841194152832,6.299111366271973,-7.756329536437988,9.977059364318848,1.0157773440735127,1.0078577995300293,27.284839630126953
run_1778788589_14470cde,1778789674.2614706,16.0,105.0,56.0,-1.0519099235534668,0.0,-7.683398723602295,8.966324806213379,6.574437141418457,-7.392868995666504,9.784757614135742,1.1065144872702604,1.0519099235534668,27.284839630126953
run_1778788589_14470cde,1778789676.2559254,16.0,105.0,56.0,-1.0519099235534668,0.0,-7.683398723602295,8.409024238586426,6.574437141418457,-7.01680850982666,8.851395606994629,1.1065144872702604,1.0519099235534668,27.284839630126953
run_1778788589_14470cde,1778789678.2788281,16.0,105.0,56.0,-1.1400408744812012,0.0,-7.782545566558838,9.971182823181152,7.125255584716797,-6.621847152709961,9.467774391174316,1.2996931954878619,1.1400408744812012,27.284839630126953
run_1778788589_14470cde,1778789680.2550786,16.0,105.0,56.0,-1.1400408744812012,0.0,-7.782545566558838,9.475619316101074,7.125255584716797,-6.214285850524902,8.56464958190918,1.2996931954878619,1.1400408744812012,27.284839630126953
run_1778788589_14470cde,1778789682.2455297,16.0,105.0,56.0,-1.1841039657592773,0.0,-7.832117080688477,10.058409690856934,7.4006500244140625,-5.790966033935547,8.448725700378418,1.4021022017268479,1.1841039657592773,27.284839630126953
run_1778788589_14470cde,1778789684.2534182,16.0,105.0,56.0,-1.22816801071167,0.0,-7.881689071655273,10.690412521362305,7.676050186157227,-5.358196258544922,8.37255859375,1.5083966625354606,1.22816801071167,27.284839630126953
run_1778788589_14470cde,1778789686.2439923,16.0,105.0,56.0,-1.2722172737121582,0.0,-7.931244373321533,11.368644714355469,7.951357841491699,-4.915975570678711,8.33326244354248,1.6185367915315965,1.2722172737121582,27.284839630126953
run_1778788589_14470cde,1778789688.250578,16.0,105.0,56.0,-1.2722172737121582,0.0,-7.931244373321533,11.028560638427734,7.951357841491699,-4.461154937744141,7.538357257843018,1.6185367915315965,1.2722172737121582,27.284839630126953
run_1778788589_14470cde,1778789690.28561,16.0,105.0,56.0,-1.316293716430664,0.0,-7.980830192565918,11.756805419921875,8.226835250854492,-3.9905765056610107,7.520545959472656,1.7326291479148495,1.316293716430664,27.284839630126953
run_1778788589_14470cde,1778789692.245555,16.0,105.0,56.0,-1.316293716430664,0.0,-7.980830192565918,11.510004043579102,8.226835250854492,-3.5199978351593018,6.803165912628174,1.7326291479148495,1.316293716430664,27.284839630126953
run_1778788589_14470cde,1778789694.2469702,16.0,105.0,56.0,-1.3603544235229492,0.0,-8.03039836883545,12.369715690612793,8.502215385437012,-3.046269655227661,6.9137701988220215,1.8505641575984555,1.3603544235229492,27.284839630126953
run_1778788589_14470cde,1778789696.2419858,16.0,105.0,56.0,-1.3603544235229492,0.0,-8.03039836883545,12.196540832519531,8.502215385437012,-2.5599441528320312,6.254270076751709,1.8505641575984555,1.3603544235229492,27.284839630126953
run_1778788589_14470cde,1778789698.245872,16.0,105.0,56.0,-1.3603544235229492,0.0,-8.03039836883545,12.086275100708008,8.502215385437012,-2.0736188888549805,5.657678604125977,1.8505641575984555,1.3603544235229492,27.284839630126953
run_1778788589_14470cde,1778789700.2550123,16.0,105.0,56.0,-1.3603544235229492,0.0,-8.03039836883545,12.032917976379395,8.502215385437012,-1.587293267250061,5.1179962158203125,1.8505641575984555,1.3603544235229492,27.284839630126953
run_1778788589_14470cde,1778789702.292473,16.0,105.0,56.0,-1.40440034866333,0.0,-8.079950332641602,13.03389835357666,8.777502059936523,-1.0883686542510986,5.3447651863098145,1.972340339325683,1.40440034866333,27.284839630126953
run_1778788589_14470cde,1778789704.247879,16.0,105.0,56.0,-1.40440034866333,0.0,-8.079950332641602,13.026137351989746,8.777502059936523,-0.5862948298454285,4.834930896759033,1.972340339325683,1.40440034866333,27.284839630126953
run_1778788589_14470cde,1778789706.247356,16.0,105.0,56.0,-1.40440034866333,0.0,-8.079950332641602,13.067011833190918,8.777502059936523,-0.08422134071588516,4.3737311363220215,1.972340339325683,1.40440034866333,27.284839630126953
run_1778788589_14470cde,1778789708.251301,16.0,105.0,56.0,-1.40440034866333,0.0,-8.079950332641602,12.883973121643066,8.777502059936523,0.14994582533836365,3.95652437210083,1.972340339325683,1.40440034866333,27.284839630126953
run_1778788589_14470cde,1778789710.251935,16.0,105.0,56.0,-1.40440034866333,0.0,-8.079950332641602,12.67375373840332,8.777502059936523,0.31713637709617615,3.5791146755218506,1.972340339325683,1.40440034866333,27.284839630126953
run_1778788589_14470cde,1778789712.2529106,16.0,105.0,56.0,-1.40440034866333,0.0,-8.079950332641602,12.499533653259277,8.777502059936523,0.48432666063308716,3.2377052307128906,1.972340339325683,1.40440034866333,27.284839630126953
run_1778788589_14470cde,1778789714.2521763,16.0,105.0,56.0,-1.40440034866333,0.0,-8.079950332641602,12.357881546020508,8.777502059936523,0.6515167951583862,2.9288628101348877,1.972340339325683,1.40440034866333,27.284839630126953
run_1778788589_14470cde,1778789716.3148677,16.0,105.0,56.0,-1.40440034866333,0.0,-8.079950332641602,12.245689392089844,8.777502059936523,0.8187070488929749,2.649480104446411,1.972340339325683,1.40440034866333,27.284839630126953
run_1778788589_14470cde,1778789718.2893076,16.0,105.0,56.0,-1.40440034866333,0.0,-8.079950332641602,12.160147666931152,8.777502059936523,0.9858980774879456,2.3967478275299072,1.972340339325683,1.40440034866333,27.284839630126953
run_1778788589_14470cde,1778789720.2913184,16.0,105.0,56.0,-1.40440034866333,0.0,-8.079950332641602,12.098713874816895,8.777502059936523,1.1530890464782715,2.1681227684020996,1.972340339325683,1.40440034866333,27.284839630126953
run_1778788589_14470cde,1778789722.328176,16.0,105.0,56.0,-1.40440034866333,0.0,-8.079950332641602,12.059089660644531,8.777502059936523,1.3202800750732422,1.9613070487976074,1.972340339325683,1.40440034866333,27.284839630126953
run_1778788589_14470cde,1778789726.6763663,16.0,105.0,56.0,-1.40440034866333,0.0,-8.079950332641602,12.037141799926758,8.777502059936523,1.6546621322631836,1.604977011680603,1.972340339325683,1.40440034866333,27.284839630126953
run_1778788589_14470cde,1778789728.2830913,16.0,105.0,56.0,-1.40440034866333,0.0,-8.079950332641602,12.051234245300293,8.777502059936523,1.8218531608581543,1.4518790245056152,1.972340339325683,1.40440034866333,27.284839630126953
run_1778788589_14470cde,1778789730.3435771,16.0,105.0,56.0,-1.40440034866333,0.0,-8.079950332641602,12.980445861816406,8.777502059936523,3.7445499897003174,0.4583945572376251,1.972340339325683,1.40440034866333,27.284839630126953
run_1778788589_14470cde,1778789753.3154476,16.0,105.0,56.0,-1.40440034866333,0.0,-8.079950332641602,13.103911399841309,8.777502059936523,3.911741018295288,0.4146685004234314,1.972340339325683,1.40440034866333,27.284839630126953
run_1778788589_14470cde,1778789755.3386517,16.0,105.0,56.0,-1.40440034866333,0.0,-8.079950332641602,13.231547355651855,8.777502059936523,4.078932285308838,0.3751135766506195,1.972340339325683,1.40440034866333,27.284839630126953
run_1778788589_14470cde,1778789757.2522578,16.0,105.0,56.0,-1.40440034866333,0.0,-8.079950332641602,13.362957954406738,8.777502059936523,4.246123313903809,0.3393317461013794,1.972340339325683,1.40440034866333,27.284839630126953
run_1778788589_14470cde,1778789759.2576885,16.0,105.0,56.0,-1.3603544235229492,0.0,-8.03039836883545,12.483067512512207,8.502215385437012,4.410691738128662,-0.42983946204185486,1.8505641575984555,1.3603544235229492,27.284839630126953
run_1778788589_14470cde,1778789761.2517128,16.0,105.0,56.0,-1.3603544235229492,0.0,-8.03039836883545,12.686016082763672,8.502215385437012,4.572637557983398,-0.3888373374938965,1.8505641575984555,1.3603544235229492,27.284839630126953
run_1778788589_14470cde,1778789763.2755914,16.0,105.0,56.0,-1.3603544235229492,0.0,-8.03039836883545,12.885051727294922,8.502215385437012,4.734583377838135,-0.35174641013145447,1.8505641575984555,1.3603544235229492,27.284839630126953
run_1778788589_14470cde,1778789765.2865534,16.0,105.0,56.0,-1.3603544235229492,0.0,-8.03039836883545,13.080551147460938,8.502215385437012,4.896529197692871,-0.3181935250759125,1.8505641575984555,1.3603544235229492,27.284839630126953
run_1778788589_14470cde,1778789767.3632002,16.0,105.0,56.0,-1.3603544235229492,0.0,-8.03039836883545,13.272849082946777,8.502215385437012,5.058475017547607,-0.287841260433197,1.8505641575984555,1.3603544235229492,27.284839630126953
run_1778788589_14470cde,1778789769.3448908,16.0,105.0,56.0,-1.3603544235229492,0.0,-8.03039836883545,13.462251663208008,8.502215385437012,5.220420837402344,-0.2603842318058014,1.8505641575984555,1.3603544235229492,27.284839630126953
run_1778788589_14470cde,1778789771.2753894,16.0,105.0,56.0,-1.3603544235229492,0.0,-8.03039836883545,13.649036407470703,8.502215385437012,5.38236665725708,-0.23554633557796478,1.8505641575984555,1.3603544235229492,27.284839630126953
run_1778788589_14470cde,1778789773.2870817,16.0,105.0,56.0,-1.3603544235229492,0.0,-8.03039836883545,13.833449363708496,8.502215385437012,5.544312477111816,-0.21307778358459473,1.8505641575984555,1.3603544235229492,27.284839630126953
run_1778788589_14470cde,1778789775.3026788,16.0,105.0,56.0,-1.316293716430664,0.0,-7.980830192565918,13.0006685256958,8.226835250854492,5.7036356925964355,-0.9298022985458374,1.7326291479148495,1.316293716430664,27.284839630126953
run_1778788589_14470cde,1778789777.3752582,16.0,105.0,56.0,-1.316293716430664,0.0,-7.980830192565918,13.246062278747559,8.226835250854492,5.8603363037109375,-0.8411090970039368,1.7326291479148495,1.316293716430664,27.284839630126953
run_1778788589_14470cde,1778789779.6272657,16.0,105.0,56.0,-1.316293716430664,0.0,-7.980830192565918,13.482996940612793,8.226835250854492,6.0170369148254395,-0.7608762979507446,1.7326291479148495,1.316293716430664,27.284839630126953
run_1778788589_14470cde,1778789781.61729,16.0,105.0,56.0,-1.316293716430664,0.0,-7.980830192565918,13.712276458740234,8.226835250854492,6.173737525939941,-0.6882966756820679,1.7326291479148495,1.316293716430664,27.284839630126953
run_1778788589_14470cde,1778789783.4288757,16.0,105.0,56.0,-1.316293716430664,0.0,-7.980830192565918,13.934633255004883,8.226835250854492,6.330438137054443,-0.6226404309272766,1.7326291479148495,1.316293716430664,27.284839630126953
run_1778788589_14470cde,1778789785.3857584,16.0,105.0,56.0,-1.316293716430664,0.0,-7.980830192565918,14.150726318359375,8.226835250854492,6.487138748168945,-0.5632471442222595,1.7326291479148495,1.316293716430664,27.284839630126953
run_1778788589_14470cde,1778789787.638292,16.0,105.0,56.0,-1.316293716430664,0.0,-7.980830192565918,14.361154556274414,8.226835250854492,6.643839359283447,-0.5095192193984985,1.7326291479148495,1.316293716430664,27.284839630126953
run_1778788589_14470cde,1778789789.6569378,16.0,105.0,56.0,-1.2722172737121582,0.0,-7.931244373321533,13.577929496765137,7.951357841491699,6.795819282531738,-1.169248342514038,1.6185367915315965,1.2722172737121582,27.284839630126953
run_1778788589_14470cde,1778789791.259068,16.0,105.0,56.0,-1.2722172737121582,0.0,-7.931244373321533,13.84091854095459,7.951357841491699,6.947274684906006,-1.0577147006988525,1.6185367915315965,1.2722172737121582,27.284839630126953
run_1778788589_14470cde,1778789793.2736511,16.0,105.0,56.0,-1.22816801071167,0.0,-7.881689071655273,13.05042839050293,7.676050186157227,7.09820556640625,-1.7238270044326782,1.5083966625354606,1.22816801071167,27.284839630126953
run_1778788589_14470cde,1778789795.3410294,16.0,105.0,56.0,-1.2722172737121582,0.0,-7.931244373321533,14.375862121582031,7.951357841491699,7.2470383644104,-0.8225338459014893,1.6185367915315965,1.2722172737121582,27.284839630126953
run_1778788589_14470cde,1778789797.291111,16.0,105.0,56.0,-1.22816801071167,0.0,-7.881689071655273,13.617855072021484,7.676050186157227,7.393773078918457,-1.451967716217041,1.5083966625354606,1.22816801071167,27.284839630126953
run_1778788589_14470cde,1778789799.2900143,16.0,105.0,56.0,-1.22816801071167,0.0,-7.881689071655273,13.902566909790039,7.676050186157227,7.53998327255249,-1.3134652376174927,1.5083966625354606,1.22816801071167,27.284839630126953
run_1778788589_14470cde,1778789801.2978227,16.0,105.0,56.0,-1.22816801071167,0.0,-7.881689071655273,14.17406940460205,7.676050186157227,7.686193466186523,-1.1881742477416992,1.5083966625354606,1.22816801071167,27.284839630126953
run_1778788589_14470cde,1778789803.2934506,16.0,105.0,56.0,-1.22816801071167,0.0,-7.881689071655273,14.43361759185791,7.676050186157227,7.832403659820557,-1.0748350620269775,1.5083966625354606,1.22816801071167,27.284839630126953
run_1778788589_14470cde,1778789805.259987,16.0,105.0,56.0,-1.1841039657592773,0.0,-7.832117080688477,13.680810928344727,7.4006500244140625,7.974942207336426,-1.6947811841964722,1.4021022017268479,1.1841039657592773,27.284839630126953
run_1778788589_14470cde,1778789807.269353,16.0,105.0,56.0,-1.1841039657592773,0.0,-7.832117080688477,13.983440399169922,7.4006500244140625,8.115906715393066,-1.5331168174743652,1.4021022017268479,1.1841039657592773,27.284839630126953
run_1778788589_14470cde,1778789809.2807841,16.0,105.0,56.0,-1.1841039657592773,0.0,-7.832117080688477,14.270648002624512,7.4006500244140625,8.256872177124023,-1.386873722076416,1.4021022017268479,1.1841039657592773,27.284839630126953
run_1778788589_14470cde,1778789811.2806835,16.0,105.0,56.0,-1.1841039657592773,0.0,-7.832117080688477,14.543906211853027,7.4006500244140625,8.397836685180664,-1.2545806169509888,1.4021022017268479,1.1841039657592773,27.284839630126953
run_1778788589_14470cde,1778789813.3400419,16.0,105.0,56.0,-1.1400408744812012,0.0,-7.782545566558838,13.76137924194336,7.125255584716797,8.538277626037598,-1.9021546840667725,1.2996931954878619,1.1400408744812012,27.284839630126953
run_1778788589_14470cde,1778789815.2800093,16.0,105.0,56.0,-1.1400408744812012,0.0,-7.782545566558838,14.078543663024902,7.125255584716797,8.673996925354004,-1.720709204673767,1.2996931954878619,1.1400408744812012,27.284839630126953
run_1778788589_14470cde,1778789817.2980485,16.0,105.0,56.0,-1.1400408744812012,0.0,-7.782545566558838,14.378401756286621,7.125255584716797,8.809717178344727,-1.5565714836120605,1.2996931954878619,1.1400408744812012,27.284839630126953
run_1778788589_14470cde,1778789819.3350623,16.0,105.0,56.0,-1.1400408744812012,0.0,-7.782545566558838,14.662601470947266,7.125255584716797,8.945436477661133,-1.4080909490585327,1.2996931954878619,1.1400408744812012,27.284839630126953
run_1778788589_14470cde,1778789821.2688718,16.0,105.0,56.0,-1.09598970413208,0.0,-7.732988357543945,13.931385040283203,6.849935531616211,9.077485084533691,-1.996036410331726,1.2011934315635244,1.09598970413208,27.284839630126953
run_1778788589_14470cde,1778789823.2757852,16.0,105.0,56.0,-1.09598970413208,0.0,-7.732988357543945,14.252260208129883,6.849935531616211,9.207959175109863,-1.8056353330612183,1.2011934315635244,1.09598970413208,27.284839630126953
run_1778788589_14470cde,1778789825.2862122,16.0,105.0,56.0,-1.09598970413208,0.0,-7.732988357543945,14.554972648620605,6.849935531616211,9.338434219360352,-1.6333967447280884,1.2011934315635244,1.09598970413208,27.284839630126953
run_1778788589_14470cde,1778789827.2824795,16.0,105.0,56.0,-1.09598970413208,0.0,-7.732988357543945,14.841255187988281,6.849935531616211,9.468908309936523,-1.4775880575180054,1.2011934315635244,1.09598970413208,27.284839630126953
run_1778788589_14470cde,1778789829.2959018,16.0,105.0,56.0,-1.0519099235534668,0.0,-7.683398723602295,14.069116592407227,6.574437141418457,9.598858833312988,-2.104180097579956,1.1065144872702604,1.0519099235534668,27.284839630126953
run_1778788589_14470cde,1778789831.286648,16.0,105.0,56.0,-1.0519099235534668,0.0,-7.683398723602295,14.395061492919922,6.574437141418457,9.724087715148926,-1.9034637212753296,1.1065144872702604,1.0519099235534668,27.284839630126953
run_1778788589_14470cde,1778789833.3127902,16.0,105.0,56.0,-1.0519099235534668,0.0,-7.683398723602295,14.701861381530762,6.574437141418457,9.84931755065918,-1.7218934297561646,1.1065144872702604,1.0519099235534668,27.284839630126953
run_1778788589_14470cde,1778789835.3226304,16.0,105.0,56.0,-1.0519099235534668,0.0,-7.683398723602295,14.991341590881348,6.574437141418457,9.974546432495117,-1.5576428174972534,1.1065144872702604,1.0519099235534668,27.284839630126953
run_1778788589_14470cde,1778789837.3019319,16.0,105.0,56.0,-1.0519099235534668,0.0,-7.683398723602295,15.306784629821777,6.574437141418457,10.09662914276123,-1.364281177520752,1.1065144872702604,1.0519099235534668,27.284839630126953
run_1778788589_14470cde,1778789839.3243153,16.0,105.0,56.0,-1.0078577995300293,0.0,-7.633840084075928,14.533422470092773,6.299111366271973,10.220284461975098,-1.9859733581542969,1.0157773440735127,1.0078577995300293,27.284839630126953
run_1778788589_14470cde,1778789841.2731347,16.0,105.0,56.0,-0.9637908935546875,0.0,-7.584264755249023,13.799591064453125,6.023693084716797,10.339744567871094,-2.5638465881347656,0.928892886498943,0.9637908935546875,27.284839630126953
run_1778788589_14470cde,1778789843.281921,16.0,105.0,56.0,-1.0078577995300293,0.0,-7.633840084075928,15.187968254089355,6.299111366271973,10.456056594848633,-1.5672001838684082,1.0157773440735127,1.0078577995300293,27.284839630126953
run_1778788589_14470cde,1778789845.3047497,16.0,105.0,56.0,-0.9637908935546875,0.0,-7.584264755249023,14.45583724975586,6.023693084716797,10.572369575500488,-2.140226125717163,0.928892886498943,0.9637908935546875,27.284839630126953
run_1778788589_14470cde,1778789847.326594,16.0,105.0,56.0,-0.9637908935546875,0.0,-7.584264755249023,14.774730682373047,6.023693084716797,10.687108039855957,-1.9360711574554443,0.928892886498943,0.9637908935546875,27.284839630126953
run_1778788589_14470cde,1778789849.2882078,16.0,105.0,56.0,-0.9197392463684082,0.0,-7.5347065925598145,14.031253814697266,5.748370170593262,10.801322937011719,-2.5184390544891357,0.8459202813103275,0.9197392463684082,27.284839630126953
run_1778788589_14470cde,1778789851.292768,16.0,105.0,56.0,-0.9197392463684082,0.0,-7.5347065925598145,14.380979537963867,5.748370170593262,10.910816192626953,-2.2782065868377686,0.8459202813103275,0.9197392463684082,27.284839630126953
run_1778788589_14470cde,1778789853.3171206,16.0,105.0,56.0,-0.9197392463684082,0.0,-7.5347065925598145,14.70779037475586,5.748370170593262,11.020310401916504,-2.060889959335327,0.8459202813103275,0.9197392463684082,27.284839630126953
run_1778788589_14470cde,1778789855.2799118,16.0,105.0,56.0,-0.9197392463684082,0.0,-7.5347065925598145,15.013872146606445,5.748370170593262,11.129803657531738,-1.8643025159835815,0.8459202813103275,0.9197392463684082,27.284839630126953
run_1778788589_14470cde,1778789857.302132,16.0,105.0,56.0,-0.8756842613220215,0.0,-7.485145092010498,14.299859046936035,5.473026752471924,11.235626220703125,-2.4087932109832764,0.7668229255270944,0.8756842613220215,27.284839630126953
run_1778788589_14470cde,1778789859.3224142,16.0,105.0,56.0,-0.8756842613220215,0.0,-7.485145092010498,14.633882522583008,5.473026752471924,11.339874267578125,-2.1790194511413574,0.7668229255270944,0.8756842613220215,27.284839630126953
run_1778788589_14470cde,1778789861.3581798,16.0,105.0,56.0,-0.8756842613220215,0.0,-7.485145092010498,14.945985794067383,5.473026752471924,11.444123268127441,-1.9711641073226929,0.7668229255270944,0.8756842613220215,27.284839630126953
run_1778788589_14470cde,1778789863.2762303,16.0,105.0,56.0,-0.8756842613220215,0.0,-7.485145092010498,15.238263130187988,5.473026752471924,11.548371315002441,-1.7831357717514038,0.7668229255270944,0.8756842613220215,27.284839630126953
run_1778788589_14470cde,1778789865.2876754,16.0,105.0,56.0,-0.8316159248352051,0.0,-7.435567855834961,14.510960578918457,5.197599411010742,11.648948669433594,-2.335587501525879,0.6915850464395135,0.8316159248352051,27.284839630126953
run_1778788589_14470cde,1778789867.2680726,16.0,105.0,56.0,-0.8316159248352051,0.0,-7.435567855834961,14.832754135131836,5.197599411010742,11.74795150756836,-2.1127970218658447,0.6915850464395135,0.8316159248352051,27.284839630126953
run_1778788589_14470cde,1778789869.2663465,16.0,105.0,56.0,-0.7875461578369141,0.0,-7.385989189147949,14.131620407104492,4.922163486480713,11.843283653259277,-2.63382625579834,0.6202289507236856,0.7875461578369141,27.284839630126953
run_1778788589_14470cde,1778789871.2894876,16.0,105.0,56.0,-0.7875461578369141,0.0,-7.385989189147949,14.476617813110352,4.922163486480713,11.937041282653809,-2.382587194442749,0.6202289507236856,0.7875461578369141,27.284839630126953
run_1778788589_14470cde,1778789873.3033762,16.0,105.0,56.0,-0.7875461578369141,0.0,-7.385989189147949,14.797650337219238,4.922163486480713,12.030799865722656,-2.15531325340271,0.6202289507236856,0.7875461578369141,27.284839630126953
run_1778788589_14470cde,1778789875.3151343,16.0,105.0,56.0,-0.7875461578369141,0.0,-7.385989189147949,15.097001075744629,4.922163486480713,12.124557495117188,-1.9497193098068237,0.6202289507236856,0.7875461578369141,27.284839630126953
run_1778788589_14470cde,1778789877.3029673,16.0,105.0,56.0,-0.7875461578369141,0.0,-7.385989189147949,15.376742362976074,4.922163486480713,12.218316078186035,-1.7637369632720947,0.6202289507236856,0.7875461578369141,27.284839630126953
run_1778788589_14470cde,1778789879.3120635,16.0,105.0,56.0,-0.7434768676757812,0.0,-7.336411476135254,14.609612464904785,4.646730422973633,12.310500144958496,-2.3476181030273438,0.5527578527689911,0.7434768676757812,27.284839630126953
run_1778788589_14470cde,1778789881.310334,16.0,105.0,56.0,-0.7434768676757812,0.0,-7.336411476135254,14.922062873840332,4.646730422973633,12.39901351928711,-2.1236801147460938,0.5527578527689911,0.7434768676757812,27.284839630126953
run_1778788589_14470cde,1778789883.2876523,16.0,105.0,56.0,-0.7434768676757812,0.0,-7.336411476135254,15.213153839111328,4.646730422973633,12.487525939941406,-1.92110276222229,0.5527578527689911,0.7434768676757812,27.284839630126953
run_1778788589_14470cde,1778789885.302173,16.0,105.0,56.0,-0.7434768676757812,0.0,-7.336411476135254,15.484920501708984,4.646730422973633,12.57603931427002,-1.737849473953247,0.5527578527689911,0.7434768676757812,27.284839630126953
run_1778788589_14470cde,1778789887.3056083,16.0,105.0,56.0,-0.6994061470031738,0.0,-7.286831855773926,14.750802993774414,4.371288299560547,12.659831047058105,-2.2803165912628174,0.4891689584658252,0.6994061470031738,27.284839630126953
run_1778788589_14470cde,1778789889.2917411,16.0,105.0,56.0,-0.6994061470031738,0.0,-7.286831855773926,15.05158805847168,4.371288299560547,12.743099212646484,-2.062798500061035,0.4891689584658252,0.6994061470031738,27.284839630126953
run_1778788589_14470cde,1778789891.2934952,16.0,105.0,56.0,-0.6994061470031738,0.0,-7.286831855773926,15.331625938415527,4.371288299560547,12.826366424560547,-1.8660290241241455,0.4891689584658252,0.6994061470031738,27.284839630126953
run_1778788589_14470cde,1778789893.2870917,16.0,105.0,56.0,-0.6553487777709961,0.0,-7.23726749420166,14.57791805267334,4.095930099487305,12.907011985778809,-2.4250240325927734,0.4294820205259384,0.6553487777709961,27.284839630126953
run_1778788589_14470cde,1778789895.2916229,16.0,105.0,56.0,-0.6553487777709961,0.0,-7.23726749420166,14.846513748168945,4.095930099487305,12.988181114196777,-2.2375969886779785,0.4294820205259384,0.6553487777709961,27.284839630126953
run_1778788589_14470cde,1778789897.2814384,16.0,105.0,56.0,-0.6553487777709961,0.0,-7.23726749420166,15.137980461120605,4.095930099487305,13.066204071044922,-2.024153232574463,0.4294820205259384,0.6553487777709961,27.284839630126953
run_1778788589_14470cde,1778789899.3027363,16.0,105.0,56.0,-0.6553487777709961,0.0,-7.23726749420166,15.409085273742676,4.095930099487305,13.14422607421875,-1.831070899963379,0.4294820205259384,0.6553487777709961,27.284839630126953
run_1778788589_14470cde,1778789901.2923594,16.0,105.0,56.0,-0.6112766265869141,0.0,-7.187685966491699,14.646456718444824,3.820478916168213,13.219626426696777,-2.3936474323272705,0.37365911421147757,0.6112766265869141,27.284839630126953
run_1778788589_14470cde,1778789903.2808213,16.0,105.0,56.0,-0.6112766265869141,0.0,-7.187685966491699,14.947563171386719,3.820478916168213,13.292403221130371,-2.1653192043304443,0.37365911421147757,0.6112766265869141,27.284839630126953
run_1778788589_14470cde,1778789905.303534,16.0,105.0,56.0,-0.6112766265869141,0.0,-7.187685966491699,15.226888656616211,3.820478916168213,13.365180969238281,-1.9587702751159668,0.37365911421147757,0.6112766265869141,27.284839630126953
run_1778788589_14470cde,1778789907.2977188,16.0,105.0,56.0,-0.6112766265869141,0.0,-7.187685966491699,15.48651123046875,3.820478916168213,13.437957763671875,-1.771924614906311,0.37365911421147757,0.6112766265869141,27.284839630126953
run_1778788589_14470cde,1778789909.2903597,16.0,105.0,56.0,-0.6112766265869141,0.0,-7.187685966491699,15.728312492370605,3.820478916168213,13.510735511779785,-1.6029016971588135,0.37365911421147757,0.6112766265869141,27.284839630126953
run_1778788589_14470cde,1778789911.2905014,16.0,105.0,56.0,-0.567204475402832,0.0,-7.1381049156188965,14.965555191040039,3.5450279712677,13.578791618347168,-2.15826416015625,0.3217209169170019,0.567204475402832,27.284839630126953
run_1778788589_14470cde,1778789913.2983446,16.0,105.0,56.0,-0.567204475402832,0.0,-7.1381049156188965,15.23896312713623,3.5450279712677,13.646324157714844,-1.9523886442184448,0.3217209169170019,0.567204475402832,27.284839630126953
run_1778788589_14470cde,1778789915.2803824,16.0,105.0,56.0,-0.5231304168701172,0.0,-7.088521957397461,14.504257202148438,3.2695651054382324,13.709135055541992,-2.4744443893432617,0.2736654330547026,0.5231304168701172,27.284839630126953
run_1778788589_14470cde,1778789917.320261,16.0,105.0,56.0,-0.5231304168701172,0.0,-7.088521957397461,14.802579879760742,3.2695651054382324,13.771422386169434,-2.238408327102661,0.2736654330547026,0.5231304168701172,27.284839630126953
run_1778788589_14470cde,1778789919.4016538,16.0,105.0,56.0,-0.5231304168701172,0.0,-7.088521957397461,15.078386306762695,3.2695651054382324,13.833708763122559,-2.024887800216675,0.2736654330547026,0.5231304168701172,27.284839630126953
run_1778788589_14470cde,1778789921.2840812,16.0,105.0,56.0,-0.5231304168701172,0.0,-7.088521957397461,15.333827018737793,3.2695651054382324,13.89599609375,-1.8317347764968872,0.2736654330547026,0.5231304168701172,27.284839630126953
run_1778788589_14470cde,1778789923.292898,16.0,105.0,56.0,-0.47905588150024414,0.0,-7.038938045501709,14.52740478515625,2.9940991401672363,13.957757949829102,-2.4244532585144043,0.22949453759997596,0.47905588150024414,27.284839630126953
run_1778788589_14470cde,1778789925.305376,16.0,105.0,56.0,-0.47905588150024414,0.0,-7.038938045501709,14.815713882446289,2.9940991401672363,14.014800071716309,-2.193186044692993,0.22949453759997596,0.47905588150024414,27.284839630126953
run_1778788589_14470cde,1778789927.297993,16.0,105.0,56.0,-0.47905588150024414,0.0,-7.038938045501709,15.081961631774902,2.9940991401672363,14.0718412399292,-1.9839789867401123,0.22949453759997596,0.47905588150024414,27.284839630126953
run_1778788589_14470cde,1778789929.288825,16.0,105.0,56.0,-0.47905588150024414,0.0,-7.038938045501709,15.328253746032715,2.9940991401672363,14.128883361816406,-1.7947288751602173,0.22949453759997596,0.47905588150024414,27.284839630126953
run_1778788589_14470cde,1778789931.292365,16.0,105.0,56.0,-0.4349956512451172,0.0,-6.989370346069336,14.513394355773926,2.7187228202819824,14.185400009155273,-2.39072847366333,0.18922121660216362,0.4349956512451172,27.284839630126953
run_1778788589_14470cde,1778789933.2984796,16.0,105.0,56.0,-0.4349956512451172,0.0,-6.989370346069336,14.793241500854492,2.7187228202819824,14.237196922302246,-2.1626782417297363,0.18922121660216362,0.4349956512451172,27.284839630126953
run_1778788589_14470cde,1778789935.2853467,16.0,105.0,56.0,-0.4349956512451172,0.0,-6.989370346069336,15.0513334274292,2.7187228202819824,14.288992881774902,-1.9563817977905273,0.18922121660216362,0.4349956512451172,27.284839630126953
run_1778788589_14470cde,1778789937.2854314,16.0,105.0,56.0,-0.4349956512451172,0.0,-6.989370346069336,15.289749145507812,2.7187228202819824,14.340789794921875,-1.7697638273239136,0.18922121660216362,0.4349956512451172,27.284839630126953
run_1778788589_14470cde,1778789939.3176548,16.0,105.0,56.0,-0.4349956512451172,0.0,-6.989370346069336,15.51036262512207,2.7187228202819824,14.392585754394531,-1.6009470224380493,0.18922121660216362,0.4349956512451172,27.284839630126953
run_1778788589_14470cde,1778789941.3110192,16.0,105.0,56.0,-0.39092063903808594,0.0,-6.939785957336426,14.699491500854492,2.443253993988037,14.441760063171387,-2.1855227947235107,0.15281894602594548,0.39092063903808594,27.284839630126953
run_1778788589_14470cde,1778789943.3309925,16.0,105.0,56.0,-0.39092063903808594,0.0,-6.939785957336426,14.912862777709961,2.443253993988037,14.49145793914795,-2.021848678588867,0.15281894602594548,0.39092063903808594,27.284839630126953
run_1778788589_14470cde,1778789945.293243,16.0,105.0,56.0,-0.39092063903808594,0.0,-6.939785957336426,15.152278900146484,2.443253993988037,14.538009643554688,-1.828985333442688,0.15281894602594548,0.39092063903808594,27.284839630126953
run_1778788589_14470cde,1778789947.302773,16.0,105.0,56.0,-0.39092063903808594,0.0,-6.939785957336426,15.373295783996582,2.443253993988037,14.58456039428711,-1.6545195579528809,0.15281894602594548,0.39092063903808594,27.284839630126953
run_1778788589_14470cde,1778789949.3154166,16.0,105.0,56.0,-0.39092063903808594,0.0,-6.939785957336426,15.577669143676758,2.443253993988037,14.631112098693848,-1.4966959953308105,0.15281894602594548,0.39092063903808594,27.284839630126953
run_1778788589_14470cde,1778789951.3450484,16.0,105.0,56.0,-0.3468303680419922,0.0,-6.89018440246582,14.723176956176758,2.167689800262451,14.677135467529297,-2.1216483116149902,0.12029130419614376,0.3468303680419922,27.284839630126953
run_1778788589_14470cde,1778789953.3382714,16.0,105.0,56.0,-0.3468303680419922,0.0,-6.89018440246582,14.966836929321289,2.167689800262451,14.718411445617676,-1.9192652702331543,0.12029130419614376,0.3468303680419922,27.284839630126953
run_1778788589_14470cde,1778789955.3134148,16.0,105.0,56.0,-0.3468303680419922,0.0,-6.89018440246582,15.191189765930176,2.167689800262451,14.759688377380371,-1.7361875772476196,0.12029130419614376,0.3468303680419922,27.284839630126953
run_1778788589_14470cde,1778789957.3291194,16.0,105.0,56.0,-0.3468303680419922,0.0,-6.89018440246582,15.398080825805664,2.167689800262451,14.80096435546875,-1.5705734491348267,0.12029130419614376,0.3468303680419922,27.284839630126953
run_1778788589_14470cde,1778789959.277393,16.0,105.0,56.0,-0.3027677536010742,0.0,-6.84061336517334,14.58765983581543,1.8922984600067139,14.838568687438965,-2.1432077884674072,0.09166831262064079,0.3027677536010742,27.284839630126953
run_1778788589_14470cde,1778789961.3676195,16.0,105.0,56.0,-0.3027677536010742,0.0,-6.84061336517334,14.828128814697266,1.8922984600067139,14.87459945678711,-1.9387686252593994,0.09166831262064079,0.3027677536010742,27.284839630126953
run_1778788589_14470cde,1778789963.29935,16.0,105.0,56.0,-0.3027677536010742,0.0,-6.84061336517334,15.049098014831543,1.8922984600067139,14.91063117980957,-1.7538303136825562,0.09166831262064079,0.3027677536010742,27.284839630126953
run_1778788589_14470cde,1778789965.2643094,16.0,105.0,56.0,-0.3027677536010742,0.0,-6.84061336517334,15.252426147460938,1.8922984600067139,14.946661949157715,-1.5865336656570435,0.09166831262064079,0.3027677536010742,27.284839630126953
run_1778788589_14470cde,1778789967.301842,16.0,105.0,56.0,-0.25869035720825195,0.0,-6.791026592254639,14.437948226928711,1.6168147325515747,14.979021072387695,-2.1578879356384277,0.066920700912533,0.25869035720825195,27.284839630126953
run_1778788589_14470cde,1778789969.275434,16.0,105.0,56.0,-0.25869035720825195,0.0,-6.791026592254639,14.674572944641113,1.6168147325515747,15.009806632995605,-1.9520485401153564,0.066920700912533,0.25869035720825195,27.284839630126953
run_1778788589_14470cde,1778789971.3179936,16.0,105.0,56.0,-0.25869035720825195,0.0,-6.791026592254639,14.891563415527344,1.6168147325515747,15.040593147277832,-1.7658439874649048,0.066920700912533,0.25869035720825195,27.284839630126953
run_1778788589_14470cde,1778789973.284678,16.0,105.0,56.0,-0.25869035720825195,0.0,-6.791026592254639,15.090791702270508,1.6168147325515747,15.071378707885742,-1.5974012613296509,0.066920700912533,0.25869035720825195,27.284839630126953
run_1778788589_14470cde,1778789975.3087025,16.0,105.0,56.0,-0.25869035720825195,0.0,-6.791026592254639,15.27395248413086,1.6168147325515747,15.102164268493652,-1.44502592086792,0.066920700912533,0.25869035720825195,27.284839630126953
run_1778788589_14470cde,1778789977.2998366,16.0,105.0,56.0,-0.21464109420776367,0.0,-6.741471290588379,14.413915634155273,1.341506838798523,15.131376266479492,-2.058967351913452,0.04607079932270608,0.21464109420776367,27.284839630126953
run_1778788589_14470cde,1778789979.296837,16.0,105.0,56.0,-0.21464109420776367,0.0,-6.741471290588379,14.594231605529785,1.341506838798523,15.160064697265625,-1.9073394536972046,0.04607079932270608,0.21464109420776367,27.284839630126953
run_1778788589_14470cde,1778789981.314305,16.0,105.0,56.0,-0.21464109420776367,0.0,-6.741471290588379,14.801712036132812,1.341506838798523,15.1856050491333,-1.7253994941711426,0.04607079932270608,0.21464109420776367,27.284839630126953
run_1778788589_14470cde,1778789983.3431628,16.0,105.0,56.0,-0.21464109420776367,0.0,-6.741471290588379,14.991837501525879,1.341506838798523,15.211145401000977,-1.5608142614364624,0.04607079932270608,0.21464109420776367,27.284839630126953
run_1778788589_14470cde,1778789985.2883801,16.0,105.0,56.0,-0.21464109420776367,0.0,-6.741471290588379,15.166263580322266,1.341506838798523,15.236685752868652,-1.4119291305541992,0.04607079932270608,0.21464109420776367,27.284839630126953
run_1778788589_14470cde,1778789987.3062925,16.0,105.0,56.0,-0.21464109420776367,0.0,-6.741471290588379,15.326488494873047,1.341506838798523,15.262227058410645,-1.2772457599639893,0.04607079932270608,0.21464109420776367,27.284839630126953
run_1778788589_14470cde,1778789989.2980921,16.0,105.0,56.0,-0.21464109420776367,0.0,-6.741471290588379,15.514633178710938,1.341506838798523,15.28462028503418,-1.1114939451217651,0.04607079932270608,0.21464109420776367,27.284839630126953
run_1778788589_14470cde,1778789991.283409,16.0,105.0,56.0,-0.170562744140625,0.0,-6.691883087158203,14.644329071044922,1.0660171508789062,15.306488990783691,-1.7281774282455444,0.029091649688780308,0.170562744140625,27.284839630126953
run_1778788589_14470cde,1778789993.3412406,16.0,105.0,56.0,-0.170562744140625,0.0,-6.691883087158203,14.829474449157715,1.0660171508789062,15.326784133911133,-1.5633275508880615,0.029091649688780308,0.170562744140625,27.284839630126953
run_1778788589_14470cde,1778789995.2608047,16.0,105.0,56.0,-0.170562744140625,0.0,-6.691883087158203,14.998894691467285,1.0660171508789062,15.34708023071289,-1.4142026901245117,0.029091649688780308,0.170562744140625,27.284839630126953
run_1778788589_14470cde,1778789997.3058012,16.0,105.0,56.0,-0.170562744140625,0.0,-6.691883087158203,15.154090881347656,1.0660171508789062,15.367375373840332,-1.2793025970458984,0.029091649688780308,0.170562744140625,27.284839630126953
run_1778788589_14470cde,1778789999.2845528,16.0,105.0,56.0,-0.170562744140625,0.0,-6.691883087158203,15.296417236328125,1.0660171508789062,15.387670516967773,-1.1572706699371338,0.029091649688780308,0.170562744140625,27.284839630126953
run_1778788589_14470cde,1778790001.2607517,16.0,105.0,56.0,-0.170562744140625,0.0,-6.691883087158203,15.467873573303223,1.0660171508789062,15.404818534851074,-1.0029624700546265,0.029091649688780308,0.170562744140625,27.284839630126953
run_1778788589_14470cde,1778790003.2693117,16.0,105.0,56.0,-0.12648344039916992,0.0,-6.642293930053711,14.581950187683105,0.790521502494812,15.421442985534668,-1.6300139427185059,0.01599806069521037,0.12648344039916992,27.284839630126953
run_1778788589_14470cde,1778790005.2725596,16.0,105.0,56.0,-0.12648344039916992,0.0,-6.642293930053711,14.711716651916504,0.790521502494812,15.439640045166016,-1.518444538116455,0.01599806069521037,0.12648344039916992,27.284839630126953
run_1778788589_14470cde,1778790007.26745,16.0,105.0,56.0,-0.12648344039916992,0.0,-6.642293930053711,14.871610641479492,0.790521502494812,15.454689979553223,-1.373600959777832,0.01599806069521037,0.12648344039916992,27.284839630126953
run_1778788589_14470cde,1778790009.2779644,16.0,105.0,56.0,-0.12648344039916992,0.0,-6.642293930053711,15.017688751220703,0.790521502494812,15.46973991394043,-1.2425739765167236,0.01599806069521037,0.12648344039916992,27.284839630126953
run_1778788589_14470cde,1778790011.2738025,16.0,105.0,56.0,-0.12648344039916992,0.0,-6.642293930053711,15.151267051696777,0.790521502494812,15.484790802001953,-1.1240456104278564,0.01599806069521037,0.12648344039916992,27.284839630126953
run_1778788589_14470cde,1778790013.2714262,16.0,105.0,56.0,-0.12648344039916992,0.0,-6.642293930053711,15.273538589477539,0.790521502494812,15.49984073638916,-1.016823649406433,0.01599806069521037,0.12648344039916992,27.284839630126953
run_1778788589_14470cde,1778790015.2661946,16.0,105.0,56.0,-0.12648344039916992,0.0,-6.642293930053711,15.38558292388916,0.790521502494812,15.514890670776367,-0.9198294878005981,0.01599806069521037,0.12648344039916992,27.284839630126953
run_1778788589_14470cde,1778790017.3048687,16.0,105.0,56.0,-0.12648344039916992,0.0,-6.642293930053711,15.488375663757324,0.790521502494812,15.529940605163574,-0.8320874571800232,0.01599806069521037,0.12648344039916992,27.284839630126953
run_1778788589_14470cde,1778790019.3014097,16.0,105.0,56.0,-0.12648344039916992,0.0,-6.642293930053711,15.582797050476074,0.790521502494812,15.544991493225098,-0.7527150511741638,0.01599806069521037,0.12648344039916992,27.284839630126953
run_1778788589_14470cde,1778790021.2970076,16.0,105.0,56.0,-0.08241701126098633,0.0,-6.592719078063965,14.681342124938965,0.5151063203811646,15.555320739746094,-1.3890845775604248,0.006792563745193547,0.08241701126098633,27.284839630126953
run_1778788589_14470cde,1778790023.3861194,16.0,105.0,56.0,-0.08241701126098633,0.0,-6.592719078063965,14.823651313781738,0.5151063203811646,15.565125465393066,-1.2565804719924927,0.006792563745193547,0.08241701126098633,27.284839630126953
run_1778788589_14470cde,1778790025.2748134,16.0,105.0,56.0,-0.08241701126098633,0.0,-6.592719078063965,14.91256332397461,0.5151063203811646,15.57807731628418,-1.1806198358535767,0.006792563745193547,0.08241701126098633,27.284839630126953
run_1778788589_14470cde,1778790027.348502,16.0,105.0,56.0,-0.08241701126098633,0.0,-6.592719078063965,15.034988403320312,0.5151063203811646,15.587882995605469,-1.0680012702941895,0.006792563745193547,0.08241701126098633,27.284839630126953
run_1778788589_14470cde,1778790029.2952018,16.0,105.0,56.0,-0.08241701126098633,0.0,-6.592719078063965,15.146668434143066,0.5151063203811646,15.597687721252441,-0.9661250710487366,0.006792563745193547,0.08241701126098633,27.284839630126953
run_1778788589_14470cde,1778790031.2926207,16.0,105.0,56.0,-0.08241701126098633,0.0,-6.592719078063965,15.248632431030273,0.5151063203811646,15.607492446899414,-0.8739668726921082,0.006792563745193547,0.08241701126098633,27.284839630126953
run_1778788589_14470cde,1778790033.2986147,16.0,105.0,56.0,-0.08241701126098633,0.0,-6.592719078063965,15.341804504394531,0.5151063203811646,15.617297172546387,-0.7905996441841125,0.006792563745193547,0.08241701126098633,27.284839630126953
run_1778788589_14470cde,1778790035.2994123,16.0,105.0,56.0,-0.08241701126098633,0.0,-6.592719078063965,15.427024841308594,0.5151063203811646,15.627102851867676,-0.7151846885681152,0.006792563745193547,0.08241701126098633,27.284839630126953
run_1778788589_14470cde,1778790037.3112943,16.0,105.0,56.0,-0.08241701126098633,0.0,-6.592719078063965,15.505049705505371,0.5151063203811646,15.636907577514648,-0.6469636559486389,0.006792563745193547,0.08241701126098633,27.284839630126953
run_1778788589_14470cde,1778790039.2882488,16.0,105.0,56.0,-0.08241701126098633,0.0,-6.592719078063965,15.576568603515625,0.5151063203811646,15.646712303161621,-0.5852501392364502,0.006792563745193547,0.08241701126098633,27.284839630126953
run_1778788589_14470cde,1778790041.3676114,16.0,105.0,56.0,-0.038336753845214844,0.0,-6.543128967285156,14.653585433959961,0.23960471153259277,15.651796340942383,-1.2378162145614624,0.001469706695388595,0.038336753845214844,27.284839630126953
run_1778788589_14470cde,1778790043.3592277,16.0,105.0,56.0,-0.038336753845214844,0.0,-6.543128967285156,14.776219367980957,0.23960471153259277,15.656356811523438,-1.119741439819336,0.001469706695388595,0.038336753845214844,27.284839630126953
run_1778788589_14470cde,1778790045.2894032,16.0,105.0,56.0,-0.038336753845214844,0.0,-6.543128967285156,14.887590408325195,0.23960471153259277,15.660916328430176,-1.0129300355911255,0.001469706695388595,0.038336753845214844,27.284839630126953
run_1778788589_14470cde,1778790047.2871256,16.0,105.0,56.0,-0.038336753845214844,0.0,-6.543128967285156,14.988774299621582,0.23960471153259277,15.665475845336914,-0.9163073301315308,0.001469706695388595,0.038336753845214844,27.284839630126953
run_1778788589_14470cde,1778790049.2958858,16.0,105.0,56.0,-0.038336753845214844,0.0,-6.543128967285156,15.080739974975586,0.23960471153259277,15.670035362243652,-0.8289012908935547,0.001469706695388595,0.038336753845214844,27.284839630126953
run_1778788589_14470cde,1778790051.3531573,16.0,105.0,56.0,-0.038336753845214844,0.0,-6.543128967285156,15.16436767578125,0.23960471153259277,15.674595832824707,-0.7498329877853394,0.001469706695388595,0.038336753845214844,27.284839630126953
run_1778788589_14470cde,1778790053.2805834,16.0,105.0,56.0,-0.038336753845214844,0.0,-6.543128967285156,15.240452766418457,0.23960471153259277,15.679155349731445,-0.6783068180084229,0.001469706695388595,0.038336753845214844,27.284839630126953
run_1778788589_14470cde,1778790055.3035567,16.0,105.0,56.0,-0.038336753845214844,0.0,-6.543128967285156,15.309717178344727,0.23960471153259277,15.683714866638184,-0.613603413105011,0.001469706695388595,0.038336753845214844,27.284839630126953
run_1778788589_14470cde,1778790057.2981567,16.0,105.0,56.0,0.005744457244873047,0.0,-6.493537425994873,14.329073905944824,-0.03590285778045654,15.687613487243652,-1.3226354122161865,3.2998789038174436e-05,0.005744457244873047,27.284839630126953
run_1778788589_14470cde,1778790059.2902615,16.0,105.0,56.0,-0.038336753845214844,0.0,-6.543128967285156,15.469391822814941,0.23960471153259277,15.688864707946777,-0.4590773582458496,0.001469706695388595,0.038336753845214844,27.284839630126953
run_1778788589_14470cde,1778790061.300477,16.0,105.0,56.0,0.005744457244873047,0.0,-6.493537425994873,14.527873992919922,-0.03590285778045654,15.687470436096191,-1.1236940622329712,3.2998789038174436e-05,0.005744457244873047,27.284839630126953
run_1778788589_14470cde,1778790063.2949955,16.0,105.0,56.0,0.005744457244873047,0.0,-6.493537425994873,14.63300609588623,-0.03590285778045654,15.685413360595703,-1.016505479812622,3.2998789038174436e-05,0.005744457244873047,27.284839630126953
run_1778788589_14470cde,1778790065.2995362,16.0,105.0,56.0,0.005744457244873047,0.0,-6.493537425994873,14.727912902832031,-0.03590285778045654,15.683357238769531,-0.9195415377616882,3.2998789038174436e-05,0.005744457244873047,27.284839630126953
run_1778788589_14470cde,1778790067.2984068,16.0,105.0,56.0,0.005744457244873047,0.0,-6.493537425994873,14.813570976257324,-0.03590285778045654,15.68130111694336,-0.8318269848823547,3.2998789038174436e-05,0.005744457244873047,27.284839630126953
run_1778788589_14470cde,1778790069.293481,16.0,105.0,56.0,0.005744457244873047,0.0,-6.493537425994873,14.890863418579102,-0.03590285778045654,15.679244995117188,-0.7524793148040771,3.2998789038174436e-05,0.005744457244873047,27.284839630126953
run_1778788589_14470cde,1778790071.3149598,16.0,105.0,56.0,0.005744457244873047,0.0,-6.493537425994873,14.960583686828613,-0.03590285778045654,15.6771879196167,-0.6807007789611816,3.2998789038174436e-05,0.005744457244873047,27.284839630126953
run_1778788589_14470cde,1778790073.2704816,16.0,105.0,56.0,0.005744457244873047,0.0,-6.493537425994873,15.023459434509277,-0.03590285778045654,15.675131797790527,-0.6157691478729248,3.2998789038174436e-05,0.005744457244873047,27.284839630126953
run_1778788589_14470cde,1778790075.2927504,16.0,105.0,56.0,0.005744457244873047,0.0,-6.493537425994873,15.0801420211792,-0.03590285778045654,15.673075675964355,-0.5570312738418579,3.2998789038174436e-05,0.005744457244873047,27.284839630126953
run_1778788589_14470cde,1778790077.2905173,16.0,105.0,56.0,0.005744457244873047,0.0,-6.493537425994873,15.131219863891602,-0.03590285778045654,15.671019554138184,-0.5038962960243225,3.2998789038174436e-05,0.005744457244873047,27.284839630126953
run_1778788589_14470cde,1778790079.3077867,16.0,105.0,56.0,0.005744457244873047,0.0,-6.493537425994873,15.177230834960938,-0.03590285778045654,15.668962478637695,-0.45583000779151917,3.2998789038174436e-05,0.005744457244873047,27.284839630126953
run_1778788589_14470cde,1778790081.2950277,16.0,105.0,56.0,0.005744457244873047,0.0,-6.493537425994873,15.21865463256836,-0.03590285778045654,15.666906356811523,-0.4123486578464508,3.2998789038174436e-05,0.005744457244873047,27.284839630126953
run_1778788589_14470cde,1778790083.3229792,16.0,105.0,56.0,0.005744457244873047,0.0,-6.493537425994873,15.255932807922363,-0.03590285778045654,15.664850234985352,-0.373014897108078,3.2998789038174436e-05,0.005744457244873047,27.284839630126953
run_1778788589_14470cde,1778790085.2806058,16.0,105.0,56.0,0.005744457244873047,0.0,-6.493537425994873,15.289457321166992,-0.03590285778045654,15.66279411315918,-0.33743324875831604,3.2998789038174436e-05,0.005744457244873047,27.284839630126953
run_1778788589_14470cde,1778790087.3059118,16.0,105.0,56.0,0.005744457244873047,0.0,-6.493537425994873,15.319588661193848,-0.03590285778045654,15.660737037658691,-0.3052457273006439,3.2998789038174436e-05,0.005744457244873047,27.284839630126953
run_1778788589_14470cde,1778790089.3178372,16.0,105.0,56.0,0.005744457244873047,0.0,-6.493537425994873,15.346649169921875,-0.03590285778045654,15.65868091583252,-0.27612847089767456,3.2998789038174436e-05,0.005744457244873047,27.284839630126953
run_1778788589_14470cde,1778790091.2950172,16.0,105.0,56.0,0.005744457244873047,0.0,-6.493537425994873,15.370933532714844,-0.03590285778045654,15.656624794006348,-0.2497887909412384,3.2998789038174436e-05,0.005744457244873047,27.284839630126953
run_1778788589_14470cde,1778790093.2957358,16.0,105.0,56.0,0.005744457244873047,0.0,-6.493537425994873,15.392704010009766,-0.03590285778045654,15.654568672180176,-0.22596153616905212,3.2998789038174436e-05,0.005744457244873047,27.284839630126953
run_1778788589_14470cde,1778790095.2862546,16.0,105.0,56.0,0.04982709884643555,0.0,-6.443944454193115,14.37960433959961,-0.31141936779022217,15.647782325744629,-0.9567583203315735,0.0024827397794524586,0.04982709884643555,27.284839630126953
run_1778788589_14470cde,1778790097.3340678,16.0,105.0,56.0,0.005744457244873047,0.0,-6.493537425994873,15.462379455566406,-0.03590285778045654,15.640995979309082,-0.14271508157253265,3.2998789038174436e-05,0.005744457244873047,27.284839630126953
run_1778788589_14470cde,1778790099.315219,16.0,105.0,56.0,0.005744457244873047,0.0,-6.493537425994873,15.4739351272583,-0.03590285778045654,15.63893985748291,-0.12910155951976776,3.2998789038174436e-05,0.005744457244873047,27.284839630126953
run_1778788589_14470cde,1778790101.286793,16.0,105.0,56.0,0.04982709884643555,0.0,-6.443944454193115,14.474863052368164,-0.31141936779022217,15.625847816467285,-0.8395653367042542,0.0024827397794524586,0.04982709884643555,27.284839630126953
run_1778788589_14470cde,1778790103.3370209,16.0,105.0,56.0,0.005744457244873047,0.0,-6.493537425994873,15.569724082946777,-0.03590285778045654,15.61275577545166,-0.007128396071493626,3.2998789038174436e-05,0.005744457244873047,27.284839630126953
run_1778788589_14470cde,1778790105.3040273,16.0,105.0,56.0,0.04982709884643555,0.0,-6.443944454193115,14.559017181396484,-0.31141936779022217,15.599663734436035,-0.7292270660400391,0.0024827397794524586,0.04982709884643555,27.284839630126953
run_1778788589_14470cde,1778790107.3138845,16.0,105.0,56.0,0.005744457244873047,0.0,-6.493537425994873,15.643353462219238,-0.03590285778045654,15.58657169342041,0.09268483519554138,3.2998789038174436e-05,0.005744457244873047,27.284839630126953
run_1778788589_14470cde,1778790109.307322,16.0,105.0,56.0,0.04982709884643555,0.0,-6.443944454193115,14.587775230407715,-0.31141936779022217,15.582938194274902,-0.6837445497512817,0.0024827397794524586,0.04982709884643555,27.284839630126953
run_1778788589_14470cde,1778790111.2996626,16.0,105.0,56.0,0.04982709884643555,0.0,-6.443944454193115,14.635175704956055,-0.31141936779022217,15.565116882324219,-0.6185225248336792,0.0024827397794524586,0.04982709884643555,27.284839630126953
run_1778788589_14470cde,1778790113.3115776,16.0,105.0,56.0,0.04982709884643555,0.0,-6.443944454193115,14.641003608703613,-0.31141936779022217,15.556754112243652,-0.6043315529823303,0.0024827397794524586,0.04982709884643555,27.284839630126953
run_1778788589_14470cde,1778790115.3195798,16.0,105.0,56.0,0.04982709884643555,0.0,-6.443944454193115,14.680828094482422,-0.31141936779022217,15.538932800292969,-0.5466846823692322,0.0024827397794524586,0.04982709884643555,27.284839630126953
run_1778788589_14470cde,1778790117.314263,16.0,105.0,56.0,0.04982709884643555,0.0,-6.443944454193115,14.715154647827148,-0.31141936779022217,15.521110534667969,-0.494536817073822,0.0024827397794524586,0.04982709884643555,27.284839630126953
run_1778788589_14470cde,1778790119.2733881,16.0,105.0,56.0,0.04982709884643555,0.0,-6.443944454193115,14.7445068359375,-0.31141936779022217,15.503289222717285,-0.4473632574081421,0.0024827397794524586,0.04982709884643555,27.284839630126953
run_1778788589_14470cde,1778790121.353701,16.0,105.0,56.0,0.04982709884643555,0.0,-6.443944454193115,14.769357681274414,-0.31141936779022217,15.485466957092285,-0.4046895205974579,0.0024827397794524586,0.04982709884643555,27.284839630126953
run_1778788589_14470cde,1778790123.2725866,16.0,105.0,56.0,0.04982709884643555,0.0,-6.443944454193115,14.790140151977539,-0.31141936779022217,15.467645645141602,-0.36608636379241943,0.0024827397794524586,0.04982709884643555,27.284839630126953
run_1778788589_14470cde,1778790125.3044322,16.0,105.0,56.0,0.04982709884643555,0.0,-6.443944454193115,14.807239532470703,-0.31141936779022217,15.449823379516602,-0.3311655521392822,0.0024827397794524586,0.04982709884643555,27.284839630126953
run_1778788589_14470cde,1778790127.290335,16.0,105.0,56.0,0.04982709884643555,0.0,-6.443944454193115,14.821006774902344,-0.31141936779022217,15.432002067565918,-0.2995758056640625,0.0024827397794524586,0.04982709884643555,27.284839630126953
run_1778788589_14470cde,1778790129.4024558,16.0,105.0,56.0,0.04982709884643555,0.0,-6.443944454193115,14.83176040649414,-0.31141936779022217,15.414179801940918,-0.2709994912147522,0.0024827397794524586,0.04982709884643555,27.284839630126953
run_1778788589_14470cde,1778790131.3029115,16.0,105.0,56.0,0.04982709884643555,0.0,-6.443944454193115,14.839789390563965,-0.31141936779022217,15.396358489990234,-0.24514903128147125,0.0024827397794524586,0.04982709884643555,27.284839630126953
run_1778788589_14470cde,1778790133.2979834,16.0,105.0,56.0,0.04982709884643555,0.0,-6.443944454193115,14.845352172851562,-0.31141936779022217,15.378536224365234,-0.22176438570022583,0.0024827397794524586,0.04982709884643555,27.284839630126953
run_1778788589_14470cde,1778790135.3216994,16.0,105.0,56.0,0.04982709884643555,0.0,-6.443944454193115,14.848685264587402,-0.31141936779022217,15.36071491241455,-0.2006104439496994,0.0024827397794524586,0.04982709884643555,27.284839630126953
run_1778788589_14470cde,1778790137.330147,16.0,105.0,56.0,0.04982709884643555,0.0,-6.443944454193115,14.84999942779541,-0.31141936779022217,15.34289264678955,-0.18147435784339905,0.0024827397794524586,0.04982709884643555,27.284839630126953
run_1778788589_14470cde,1778790139.3383546,16.0,105.0,56.0,0.04982709884643555,0.0,-6.443944454193115,14.849488258361816,-0.31141936779022217,15.325071334838867,-0.16416361927986145,0.0024827397794524586,0.04982709884643555,27.284839630126953
run_1778788589_14470cde,1778790141.3423407,16.0,105.0,56.0,0.04982709884643555,0.0,-6.443944454193115,14.847326278686523,-0.31141936779022217,15.307249069213867,-0.1485041379928589,0.0024827397794524586,0.04982709884643555,27.284839630126953
run_1778788589_14470cde,1778790143.3668466,16.0,105.0,56.0,0.04982709884643555,0.0,-6.443944454193115,14.843669891357422,-0.31141936779022217,15.289427757263184,-0.1343383938074112,0.0024827397794524586,0.04982709884643555,27.284839630126953
run_1778788589_14470cde,1778790145.4126263,16.0,105.0,56.0,0.04982709884643555,0.0,-6.443944454193115,14.838663101196289,-0.31141936779022217,15.271605491638184,-0.12152397632598877,0.0024827397794524586,0.04982709884643555,27.284839630126953
run_1778788589_14470cde,1778790147.3747237,16.0,105.0,56.0,0.005744457244873047,0.0,-6.493537425994873,15.83056926727295,-0.03590285778045654,15.267972946166992,0.5984993577003479,3.2998789038174436e-05,0.005744457244873047,27.284839630126953
run_1778788589_14470cde,1778790149.368858,16.0,105.0,56.0,0.04982709884643555,0.0,-6.443944454193115,14.750605583190918,-0.31141936779022217,15.258033752441406,-0.19600792229175568,0.0024827397794524586,0.04982709884643555,27.284839630126953
run_1778788589_14470cde,1778790151.3228533,16.0,105.0,56.0,0.04982709884643555,0.0,-6.443944454193115,14.751482009887695,-0.31141936779022217,15.240211486816406,-0.17731082439422607,0.0024827397794524586,0.04982709884643555,27.284839630126953
run_1778788589_14470cde,1778790153.29857,16.0,105.0,56.0,0.005744457244873047,0.0,-6.493537425994873,15.77138900756836,-0.03590285778045654,15.23027229309082,0.5770195126533508,3.2998789038174436e-05,0.005744457244873047,27.284839630126953
run_1778788589_14470cde,1778790155.3542495,16.0,105.0,56.0,0.005744457244873047,0.0,-6.493537425994873,15.74875259399414,-0.03590285778045654,15.218756675720215,0.5658981204032898,3.2998789038174436e-05,0.005744457244873047,27.284839630126953
run_1778788589_14470cde,1778790157.3097744,16.0,105.0,56.0,0.005744457244873047,0.0,-6.493537425994873,15.692715644836426,-0.03590285778045654,15.216700553894043,0.5119173526763916,3.2998789038174436e-05,0.005744457244873047,27.284839630126953
run_1778788589_14470cde,1778790159.2991688,16.0,105.0,56.0,0.04982709884643555,0.0,-6.443944454193115,14.609230041503906,-0.31141936779022217,15.209915161132812,-0.28926530480384827,0.0024827397794524586,0.04982709884643555,27.284839630126953
run_1778788589_14470cde,1778790161.2865818,16.0,105.0,56.0,0.005744457244873047,0.0,-6.493537425994873,15.63981819152832,-0.03590285778045654,15.199975967407227,0.47574424743652344,3.2998789038174436e-05,0.005744457244873047,27.284839630126953
run_1778788589_14470cde,1778790163.3318172,16.0,105.0,56.0,0.04982709884643555,0.0,-6.443944454193115,14.594243049621582,-0.31141936779022217,15.183730125427246,-0.278067946434021,0.0024827397794524586,0.04982709884643555,27.284839630126953
run_1778788589_14470cde,1778790165.3271518,16.0,105.0,56.0,0.04982709884643555,0.0,-6.443944454193115,14.602945327758789,-0.31141936779022217,15.165908813476562,-0.25154316425323486,0.0024827397794524586,0.04982709884643555,27.284839630126953
run_1778788589_14470cde,1778790167.3008854,16.0,105.0,56.0,0.04982709884643555,0.0,-6.443944454193115,14.609119415283203,-0.31141936779022217,15.148086547851562,-0.22754859924316406,0.0024827397794524586,0.04982709884643555,27.284839630126953
run_1778788589_14470cde,1778790169.3079796,16.0,105.0,56.0,0.04982709884643555,0.0,-6.443944454193115,14.61300277709961,-0.31141936779022217,15.130265235900879,-0.20584291219711304,0.0024827397794524586,0.04982709884643555,27.284839630126953
run_1778788589_14470cde,1778790171.2980359,16.0,105.0,56.0,0.04982709884643555,0.0,-6.443944454193115,14.614815711975098,-0.31141936779022217,15.112442970275879,-0.18620769679546356,0.0024827397794524586,0.04982709884643555,27.284839630126953
run_1778788589_14470cde,1778790173.327736,16.0,105.0,56.0,0.04982709884643555,0.0,-6.443944454193115,14.61475658416748,-0.31141936779022217,15.094621658325195,-0.16844545304775238,0.0024827397794524586,0.04982709884643555,27.284839630126953
run_1778788589_14470cde,1778790175.3285468,16.0,105.0,56.0,0.04982709884643555,0.0,-6.443944454193115,14.566457748413086,-0.31141936779022217,15.089411735534668,-0.21153467893600464,0.0024827397794524586,0.04982709884643555,27.284839630126953
run_1778788589_14470cde,1778790177.3007948,16.0,105.0,56.0,0.04982709884643555,0.0,-6.443944454193115,14.568814277648926,-0.31141936779022217,15.071590423583984,-0.19135648012161255,0.0024827397794524586,0.04982709884643555,27.284839630126953
run_1778788589_14470cde,1778790179.299099,16.0,105.0,56.0,0.04982709884643555,0.0,-6.443944454193115,14.569245338439941,-0.31141936779022217,15.053768157958984,-0.17310309410095215,0.0024827397794524586,0.04982709884643555,27.284839630126953
run_1778788589_14470cde,1778790181.316839,16.0,105.0,56.0,0.005744457244873047,0.0,-6.493537425994873,15.588752746582031,-0.03590285778045654,15.043828964233398,0.5808258652687073,3.2998789038174436e-05,0.005744457244873047,27.284839630126953
run_1778788589_14470cde,1778790183.2830722,16.0,105.0,56.0,0.005744457244873047,0.0,-6.493537425994873,15.577836036682129,-0.03590285778045654,15.029160499572754,0.5845783948898315,3.2998789038174436e-05,0.005744457244873047,27.284839630126953
run_1778788589_14470cde,1778790185.2921655,16.0,105.0,56.0,0.005744457244873047,0.0,-6.493537425994873,15.52001667022705,-0.03590285778045654,15.027104377746582,0.5288156867027283,3.2998789038174436e-05,0.005744457244873047,27.284839630126953
run_1778788589_14470cde,1778790187.3109639,16.0,105.0,56.0,0.005744457244873047,0.0,-6.493537425994873,15.467516899108887,-0.03590285778045654,15.02504825592041,0.4783723056316376,3.2998789038174436e-05,0.005744457244873047,27.284839630126953
run_1778788589_14470cde,1778790189.2974317,16.0,105.0,56.0,0.005744457244873047,0.0,-6.493537425994873,15.419828414916992,-0.03590285778045654,15.022991180419922,0.43274062871932983,3.2998789038174436e-05,0.005744457244873047,27.284839630126953
run_1778788589_14470cde,1778790191.3002255,16.0,105.0,56.0,0.005744457244873047,0.0,-6.493537425994873,15.423038482666016,-0.03590285778045654,15.008322715759277,0.45061883330345154,3.2998789038174436e-05,0.005744457244873047,27.284839630126953
run_1778788589_14470cde,1778790193.2971423,16.0,105.0,56.0,0.005744457244873047,0.0,-6.493537425994873,15.377998352050781,-0.03590285778045654,15.006266593933105,0.40763458609580994,3.2998789038174436e-05,0.005744457244873047,27.284839630126953
run_1778788589_14470cde,1778790195.3405492,16.0,105.0,56.0,0.005744457244873047,0.0,-6.493537425994873,15.3836030960083,-0.03590285778045654,14.991598129272461,0.42790770530700684,3.2998789038174436e-05,0.005744457244873047,27.284839630126953
run_1778788589_14470cde,1778790197.29825,16.0,105.0,56.0,0.04982709884643555,0.0,-6.443944454193115,14.319912910461426,-0.31141936779022217,14.981658935546875,-0.35032689571380615,0.0024827397794524586,0.04982709884643555,27.284839630126953
run_1778788589_14470cde,1778790199.3053977,16.0,105.0,56.0,0.005744457244873047,0.0,-6.493537425994873,15.33364486694336,-0.03590285778045654,14.978025436401367,0.39152172207832336,3.2998789038174436e-05,0.005744457244873047,27.284839630126953
run_1778788589_14470cde,1778790201.3470802,16.0,105.0,56.0,0.005744457244873047,0.0,-6.493537425994873,15.294241905212402,-0.03590285778045654,14.975969314575195,0.35417476296424866,3.2998789038174436e-05,0.005744457244873047,27.284839630126953
run_1778788589_14470cde,1778790203.3851004,16.0,105.0,56.0,0.005744457244873047,0.0,-6.493537425994873,15.258399963378906,-0.03590285778045654,14.973913192749023,0.3203901946544647,3.2998789038174436e-05,0.005744457244873047,27.284839630126953
run_1778788589_14470cde,1778790205.309452,16.0,105.0,56.0,0.005744457244873047,0.0,-6.493537425994873,15.225783348083496,-0.03590285778045654,14.971857070922852,0.2898283898830414,3.2998789038174436e-05,0.005744457244873047,27.284839630126953
run_1778788589_14470cde,1778790207.331278,16.0,105.0,56.0,0.04982709884643555,0.0,-6.443944454193115,14.151397705078125,-0.31141936779022217,14.968223571777344,-0.5054064989089966,0.0024827397794524586,0.04982709884643555,27.284839630126953
run_1778788589_14470cde,1778790209.3194852,16.0,105.0,56.0,0.005744457244873047,0.0,-6.493537425994873,15.20260238647461,-0.03590285778045654,14.958284378051758,0.2802206575870514,3.2998789038174436e-05,0.005744457244873047,27.284839630126953
run_1778788589_14470cde,1778790211.343751,16.0,105.0,56.0,0.005744457244873047,0.0,-6.493537425994873,15.173816680908203,-0.03590285778045654,14.956228256225586,0.25349050760269165,3.2998789038174436e-05,0.005744457244873047,27.284839630126953
run_1778788589_14470cde,1778790213.3895278,16.0,105.0,56.0,0.04982709884643555,0.0,-6.443944454193115,14.126762390136719,-0.31141936779022217,14.9462890625,-0.5081065893173218,0.0024827397794524586,0.04982709884643555,27.284839630126953
run_1778788589_14470cde,1778790215.4264472,16.0,105.0,56.0,0.005744457244873047,0.0,-6.493537425994873,15.166740417480469,-0.03590285778045654,14.93950366973877,0.26314008235931396,3.2998789038174436e-05,0.005744457244873047,27.284839630126953
run_1778788589_14470cde,1778790217.3507235,16.0,105.0,56.0,0.005744457244873047,0.0,-6.493537425994873,15.139582633972168,-0.03590285778045654,14.937446594238281,0.2380393147468567,3.2998789038174436e-05,0.005744457244873047,27.284839630126953
run_1778788589_14470cde,1778790219.4034836,16.0,105.0,56.0,0.005744457244873047,0.0,-6.493537425994873,15.11482048034668,-0.03590285778045654,14.93539047241211,0.21533288061618805,3.2998789038174436e-05,0.005744457244873047,27.284839630126953
run_1778788589_14470cde,1778790221.3481107,16.0,105.0,56.0,0.005744457244873047,0.0,-6.493537425994873,15.09222412109375,-0.03590285778045654,14.933334350585938,0.19479238986968994,3.2998789038174436e-05,0.005744457244873047,27.284839630126953
run_1778788589_14470cde,1778790223.5414913,16.0,105.0,56.0,0.005744457244873047,0.0,-6.493537425994873,15.071585655212402,-0.03590285778045654,14.931278228759766,0.17621126770973206,3.2998789038174436e-05,0.005744457244873047,27.284839630126953
run_1778788589_14470cde,1778790225.4245284,16.0,105.0,56.0,0.005744457244873047,0.0,-6.493537425994873,15.05272102355957,-0.03590285778045654,14.929221153259277,0.15940259397029877,3.2998789038174436e-05,0.005744457244873047,27.284839630126953
run_1778788589_14470cde,1778790227.335272,16.0,105.0,56.0,0.005744457244873047,0.0,-6.493537425994873,15.035459518432617,-0.03590285778045654,14.927165031433105,0.1441972702741623,3.2998789038174436e-05,0.005744457244873047,27.284839630126953
run_1778788589_14470cde,1778790229.2950058,16.0,105.0,56.0,0.005744457244873047,0.0,-6.493537425994873,15.019647598266602,-0.03590285778045654,14.925108909606934,0.13044235110282898,3.2998789038174436e-05,0.005744457244873047,27.284839630126953
run_1778788589_14470cde,1778790231.3310068,16.0,105.0,56.0,0.005744457244873047,0.0,-6.493537425994873,15.005148887634277,-0.03590285778045654,14.923052787780762,0.11799954622983932,3.2998789038174436e-05,0.005744457244873047,27.284839630126953
run_1778788589_14470cde,1778790233.3062136,16.0,105.0,56.0,0.005744457244873047,0.0,-6.493537425994873,14.991836547851562,-0.03590285778045654,14.920995712280273,0.10674364119768143,3.2998789038174436e-05,0.005744457244873047,27.284839630126953
run_1778788589_14470cde,1778790235.2969682,16.0,105.0,56.0,0.005744457244873047,0.0,-6.493537425994873,14.979598045349121,-0.03590285778045654,14.918939590454102,0.09656142443418503,3.2998789038174436e-05,0.005744457244873047,27.284839630126953
run_1778788589_14470cde,1778790237.3182335,16.0,105.0,56.0,0.005744457244873047,0.0,-6.493537425994873,14.968331336975098,-0.03590285778045654,14.91688346862793,0.08735048770904541,3.2998789038174436e-05,0.005744457244873047,27.284839630126953
run_1778788589_14470cde,1778790239.3128366,16.0,105.0,56.0,0.005744457244873047,0.0,-6.493537425994873,14.957942008972168,-0.03590285778045654,14.914827346801758,0.07901818305253983,3.2998789038174436e-05,0.005744457244873047,27.284839630126953
run_1778788589_14470cde,1778790241.2978737,16.0,105.0,56.0,0.005744457244873047,0.0,-6.493537425994873,14.948348999023438,-0.03590285778045654,14.91277027130127,0.07148069143295288,3.2998789038174436e-05,0.005744457244873047,27.284839630126953
run_1778788589_14470cde,1778790243.2812383,16.0,105.0,56.0,0.005744457244873047,0.0,-6.493537425994873,14.939473152160645,-0.03590285778045654,14.910714149475098,0.06466218084096909,3.2998789038174436e-05,0.005744457244873047,27.284839630126953
run_1778788589_14470cde,1778790245.2903209,16.0,105.0,56.0,0.005744457244873047,0.0,-6.493537425994873,14.931249618530273,-0.03590285778045654,14.908658027648926,0.05849410220980644,3.2998789038174436e-05,0.005744457244873047,27.284839630126953
run_1778788589_14470cde,1778790247.3053799,16.0,105.0,56.0,0.005744457244873047,0.0,-6.493537425994873,14.923612594604492,-0.03590285778045654,14.906601905822754,0.05291438475251198,3.2998789038174436e-05,0.005744457244873047,27.284839630126953
run_1778788589_14470cde,1778790249.367123,16.0,105.0,56.0,0.005744457244873047,0.0,-6.493537425994873,14.916509628295898,-0.03590285778045654,14.904544830322266,0.047866906970739365,3.2998789038174436e-05,0.005744457244873047,27.284839630126953
run_1778788589_14470cde,1778790251.3536458,16.0,105.0,56.0,0.005744457244873047,0.0,-6.493537425994873,14.909887313842773,-0.03590285778045654,14.902488708496094,0.04330091178417206,3.2998789038174436e-05,0.005744457244873047,27.284839630126953
run_1778788589_14470cde,1778790253.3603947,16.0,105.0,56.0,0.005744457244873047,0.0,-6.493537425994873,14.90369987487793,-0.03590285778045654,14.900432586669922,0.039170458912849426,3.2998789038174436e-05,0.005744457244873047,27.284839630126953
run_1778788589_14470cde,1778790255.2985606,16.0,105.0,56.0,0.005744457244873047,0.0,-6.493537425994873,14.897907257080078,-0.03590285778045654,14.89837646484375,0.03543401136994362,3.2998789038174436e-05,0.005744457244873047,27.284839630126953
run_1778788589_14470cde,1778790257.322528,16.0,105.0,56.0,-0.038336753845214844,0.0,-6.543128967285156,15.922289848327637,0.23960471153259277,14.89830493927002,0.7843808531761169,0.001469706695388595,0.038336753845214844,27.284839630126953
run_1778788589_14470cde,1778790259.3584847,16.0,105.0,56.0,0.005744457244873047,0.0,-6.493537425994873,14.849133491516113,-0.03590285778045654,14.898233413696289,-0.013196023181080818,3.2998789038174436e-05,0.005744457244873047,27.284839630126953
run_1778788589_14470cde,1778790261.3329473,16.0,105.0,56.0,-0.038336753845214844,0.0,-6.543128967285156,15.878155708312988,0.23960471153259277,14.898161888122559,0.7403895258903503,0.001469706695388595,0.038336753845214844,27.284839630126953
run_1778788589_14470cde,1778790263.302781,16.0,105.0,56.0,0.005744457244873047,0.0,-6.493537425994873,14.809195518493652,-0.03590285778045654,14.898090362548828,-0.05299096927046776,3.2998789038174436e-05,0.005744457244873047,27.284839630126953
run_1778788589_14470cde,1778790265.309278,16.0,105.0,56.0,0.005744457244873047,0.0,-6.493537425994873,14.772245407104492,-0.03590285778045654,14.900003433227539,-0.09185484051704407,3.2998789038174436e-05,0.005744457244873047,27.284839630126953
run_1778788589_14470cde,1778790267.3765264,16.0,105.0,56.0,-0.038336753845214844,0.0,-6.543128967285156,15.781845092773438,0.23960471153259277,14.902578353881836,0.6396622657775879,0.001469706695388595,0.038336753845214844,27.284839630126953
run_1778788589_14470cde,1778790269.32337,16.0,105.0,56.0,-0.038336753845214844,0.0,-6.543128967285156,15.725387573242188,0.23960471153259277,14.907137870788574,0.5786452293395996,0.001469706695388595,0.038336753845214844,27.284839630126953
